[2024-09-24T01:38:16.122+0000] {processor.py:154} INFO - Started process (PID=13864) to work on /home/airflow/.local/lib/python3.7/site-packages/airflow/example_dags/example_subdag_operator.py
[2024-09-24T01:38:16.124+0000] {processor.py:756} INFO - Processing file /home/airflow/.local/lib/python3.7/site-packages/airflow/example_dags/example_subdag_operator.py for tasks to queue
[2024-09-24T01:38:16.126+0000] {logging_mixin.py:120} INFO - [2024-09-24T01:38:16.126+0000] {dagbag.py:537} INFO - Filling up the DagBag from /home/airflow/.local/lib/python3.7/site-packages/airflow/example_dags/example_subdag_operator.py
[2024-09-24T01:38:16.187+0000] {processor.py:766} INFO - DAG(s) dict_keys(['example_subdag_operator.section-1', 'example_subdag_operator.section-2', 'example_subdag_operator']) retrieved from /home/airflow/.local/lib/python3.7/site-packages/airflow/example_dags/example_subdag_operator.py
[2024-09-24T01:38:18.470+0000] {logging_mixin.py:120} INFO - [2024-09-24T01:38:18.469+0000] {dag.py:2585} INFO - Sync 3 DAGs
[2024-09-24T01:38:18.533+0000] {logging_mixin.py:120} INFO - [2024-09-24T01:38:18.532+0000] {dag.py:3340} INFO - Setting next_dagrun for example_subdag_operator to 2022-01-01T00:00:00+00:00, run_after=2022-01-01T00:00:00+00:00
[2024-09-24T01:38:18.541+0000] {logging_mixin.py:120} INFO - [2024-09-24T01:38:18.541+0000] {dag.py:3340} INFO - Setting next_dagrun for example_subdag_operator.section-1 to None, run_after=None
[2024-09-24T01:38:18.544+0000] {logging_mixin.py:120} INFO - [2024-09-24T01:38:18.544+0000] {dag.py:3340} INFO - Setting next_dagrun for example_subdag_operator.section-2 to None, run_after=None
[2024-09-24T01:38:18.562+0000] {logging_mixin.py:120} INFO - [2024-09-24T01:38:18.562+0000] {dag.py:2585} INFO - Sync 2 DAGs
[2024-09-24T01:38:18.576+0000] {logging_mixin.py:120} INFO - [2024-09-24T01:38:18.576+0000] {dag.py:3340} INFO - Setting next_dagrun for example_subdag_operator.section-1 to None, run_after=None
[2024-09-24T01:38:18.578+0000] {logging_mixin.py:120} INFO - [2024-09-24T01:38:18.577+0000] {dag.py:3340} INFO - Setting next_dagrun for example_subdag_operator.section-2 to None, run_after=None
[2024-09-24T01:38:18.606+0000] {processor.py:176} INFO - Processing /home/airflow/.local/lib/python3.7/site-packages/airflow/example_dags/example_subdag_operator.py took 2.489 seconds
[2024-09-24T01:41:39.685+0000] {processor.py:154} INFO - Started process (PID=13918) to work on /home/airflow/.local/lib/python3.7/site-packages/airflow/example_dags/example_subdag_operator.py
[2024-09-24T01:41:39.686+0000] {processor.py:756} INFO - Processing file /home/airflow/.local/lib/python3.7/site-packages/airflow/example_dags/example_subdag_operator.py for tasks to queue
[2024-09-24T01:41:39.688+0000] {logging_mixin.py:120} INFO - [2024-09-24T01:41:39.687+0000] {dagbag.py:537} INFO - Filling up the DagBag from /home/airflow/.local/lib/python3.7/site-packages/airflow/example_dags/example_subdag_operator.py
[2024-09-24T01:41:39.745+0000] {processor.py:766} INFO - DAG(s) dict_keys(['example_subdag_operator.section-1', 'example_subdag_operator.section-2', 'example_subdag_operator']) retrieved from /home/airflow/.local/lib/python3.7/site-packages/airflow/example_dags/example_subdag_operator.py
[2024-09-24T01:41:40.075+0000] {logging_mixin.py:120} INFO - [2024-09-24T01:41:40.075+0000] {dag.py:2585} INFO - Sync 3 DAGs
[2024-09-24T01:41:40.129+0000] {logging_mixin.py:120} INFO - [2024-09-24T01:41:40.129+0000] {dag.py:3340} INFO - Setting next_dagrun for example_subdag_operator to 2022-01-01T00:00:00+00:00, run_after=2022-01-01T00:00:00+00:00
[2024-09-24T01:41:40.136+0000] {logging_mixin.py:120} INFO - [2024-09-24T01:41:40.136+0000] {dag.py:3340} INFO - Setting next_dagrun for example_subdag_operator.section-1 to None, run_after=None
[2024-09-24T01:41:40.139+0000] {logging_mixin.py:120} INFO - [2024-09-24T01:41:40.138+0000] {dag.py:3340} INFO - Setting next_dagrun for example_subdag_operator.section-2 to None, run_after=None
[2024-09-24T01:41:40.151+0000] {logging_mixin.py:120} INFO - [2024-09-24T01:41:40.151+0000] {dag.py:2585} INFO - Sync 2 DAGs
[2024-09-24T01:41:40.160+0000] {logging_mixin.py:120} INFO - [2024-09-24T01:41:40.160+0000] {dag.py:3340} INFO - Setting next_dagrun for example_subdag_operator.section-1 to None, run_after=None
[2024-09-24T01:41:40.161+0000] {logging_mixin.py:120} INFO - [2024-09-24T01:41:40.161+0000] {dag.py:3340} INFO - Setting next_dagrun for example_subdag_operator.section-2 to None, run_after=None
[2024-09-24T01:41:40.180+0000] {processor.py:176} INFO - Processing /home/airflow/.local/lib/python3.7/site-packages/airflow/example_dags/example_subdag_operator.py took 0.500 seconds
[2024-09-24T03:27:54.792+0000] {processor.py:154} INFO - Started process (PID=13981) to work on /home/airflow/.local/lib/python3.7/site-packages/airflow/example_dags/example_subdag_operator.py
[2024-09-24T03:27:54.794+0000] {processor.py:756} INFO - Processing file /home/airflow/.local/lib/python3.7/site-packages/airflow/example_dags/example_subdag_operator.py for tasks to queue
[2024-09-24T03:27:54.795+0000] {logging_mixin.py:120} INFO - [2024-09-24T03:27:54.795+0000] {dagbag.py:537} INFO - Filling up the DagBag from /home/airflow/.local/lib/python3.7/site-packages/airflow/example_dags/example_subdag_operator.py
[2024-09-24T03:27:54.856+0000] {processor.py:766} INFO - DAG(s) dict_keys(['example_subdag_operator.section-1', 'example_subdag_operator.section-2', 'example_subdag_operator']) retrieved from /home/airflow/.local/lib/python3.7/site-packages/airflow/example_dags/example_subdag_operator.py
[2024-09-24T03:27:55.142+0000] {logging_mixin.py:120} INFO - [2024-09-24T03:27:55.142+0000] {dag.py:2585} INFO - Sync 3 DAGs
[2024-09-24T03:27:55.179+0000] {logging_mixin.py:120} INFO - [2024-09-24T03:27:55.178+0000] {dag.py:3340} INFO - Setting next_dagrun for example_subdag_operator to 2022-01-01T00:00:00+00:00, run_after=2022-01-01T00:00:00+00:00
[2024-09-24T03:27:55.183+0000] {logging_mixin.py:120} INFO - [2024-09-24T03:27:55.183+0000] {dag.py:3340} INFO - Setting next_dagrun for example_subdag_operator.section-1 to None, run_after=None
[2024-09-24T03:27:55.185+0000] {logging_mixin.py:120} INFO - [2024-09-24T03:27:55.185+0000] {dag.py:3340} INFO - Setting next_dagrun for example_subdag_operator.section-2 to None, run_after=None
[2024-09-24T03:27:55.196+0000] {logging_mixin.py:120} INFO - [2024-09-24T03:27:55.196+0000] {dag.py:2585} INFO - Sync 2 DAGs
[2024-09-24T03:27:55.205+0000] {logging_mixin.py:120} INFO - [2024-09-24T03:27:55.205+0000] {dag.py:3340} INFO - Setting next_dagrun for example_subdag_operator.section-1 to None, run_after=None
[2024-09-24T03:27:55.208+0000] {logging_mixin.py:120} INFO - [2024-09-24T03:27:55.208+0000] {dag.py:3340} INFO - Setting next_dagrun for example_subdag_operator.section-2 to None, run_after=None
[2024-09-24T03:27:55.230+0000] {processor.py:176} INFO - Processing /home/airflow/.local/lib/python3.7/site-packages/airflow/example_dags/example_subdag_operator.py took 0.444 seconds
[2024-09-24T04:19:33.496+0000] {processor.py:154} INFO - Started process (PID=14035) to work on /home/airflow/.local/lib/python3.7/site-packages/airflow/example_dags/example_subdag_operator.py
[2024-09-24T04:19:33.499+0000] {processor.py:756} INFO - Processing file /home/airflow/.local/lib/python3.7/site-packages/airflow/example_dags/example_subdag_operator.py for tasks to queue
[2024-09-24T04:19:33.501+0000] {logging_mixin.py:120} INFO - [2024-09-24T04:19:33.500+0000] {dagbag.py:537} INFO - Filling up the DagBag from /home/airflow/.local/lib/python3.7/site-packages/airflow/example_dags/example_subdag_operator.py
[2024-09-24T04:19:33.662+0000] {processor.py:766} INFO - DAG(s) dict_keys(['example_subdag_operator.section-1', 'example_subdag_operator.section-2', 'example_subdag_operator']) retrieved from /home/airflow/.local/lib/python3.7/site-packages/airflow/example_dags/example_subdag_operator.py
[2024-09-24T04:19:34.785+0000] {logging_mixin.py:120} INFO - [2024-09-24T04:19:34.785+0000] {dag.py:2585} INFO - Sync 3 DAGs
[2024-09-24T04:19:34.889+0000] {logging_mixin.py:120} INFO - [2024-09-24T04:19:34.886+0000] {dag.py:3340} INFO - Setting next_dagrun for example_subdag_operator to 2022-01-01T00:00:00+00:00, run_after=2022-01-01T00:00:00+00:00
[2024-09-24T04:19:34.904+0000] {logging_mixin.py:120} INFO - [2024-09-24T04:19:34.903+0000] {dag.py:3340} INFO - Setting next_dagrun for example_subdag_operator.section-1 to None, run_after=None
[2024-09-24T04:19:34.915+0000] {logging_mixin.py:120} INFO - [2024-09-24T04:19:34.915+0000] {dag.py:3340} INFO - Setting next_dagrun for example_subdag_operator.section-2 to None, run_after=None
[2024-09-24T04:19:34.944+0000] {logging_mixin.py:120} INFO - [2024-09-24T04:19:34.944+0000] {dag.py:2585} INFO - Sync 2 DAGs
[2024-09-24T04:19:34.991+0000] {logging_mixin.py:120} INFO - [2024-09-24T04:19:34.986+0000] {dag.py:3340} INFO - Setting next_dagrun for example_subdag_operator.section-1 to None, run_after=None
[2024-09-24T04:19:35.010+0000] {logging_mixin.py:120} INFO - [2024-09-24T04:19:35.007+0000] {dag.py:3340} INFO - Setting next_dagrun for example_subdag_operator.section-2 to None, run_after=None
[2024-09-24T04:19:35.168+0000] {processor.py:176} INFO - Processing /home/airflow/.local/lib/python3.7/site-packages/airflow/example_dags/example_subdag_operator.py took 1.679 seconds
[2024-09-24T04:20:05.459+0000] {processor.py:154} INFO - Started process (PID=14098) to work on /home/airflow/.local/lib/python3.7/site-packages/airflow/example_dags/example_subdag_operator.py
[2024-09-24T04:20:05.460+0000] {processor.py:756} INFO - Processing file /home/airflow/.local/lib/python3.7/site-packages/airflow/example_dags/example_subdag_operator.py for tasks to queue
[2024-09-24T04:20:05.461+0000] {logging_mixin.py:120} INFO - [2024-09-24T04:20:05.461+0000] {dagbag.py:537} INFO - Filling up the DagBag from /home/airflow/.local/lib/python3.7/site-packages/airflow/example_dags/example_subdag_operator.py
[2024-09-24T04:20:05.503+0000] {processor.py:766} INFO - DAG(s) dict_keys(['example_subdag_operator.section-1', 'example_subdag_operator.section-2', 'example_subdag_operator']) retrieved from /home/airflow/.local/lib/python3.7/site-packages/airflow/example_dags/example_subdag_operator.py
[2024-09-24T04:20:05.732+0000] {logging_mixin.py:120} INFO - [2024-09-24T04:20:05.732+0000] {dag.py:2585} INFO - Sync 3 DAGs
[2024-09-24T04:20:05.761+0000] {logging_mixin.py:120} INFO - [2024-09-24T04:20:05.760+0000] {dag.py:3340} INFO - Setting next_dagrun for example_subdag_operator to 2022-01-01T00:00:00+00:00, run_after=2022-01-01T00:00:00+00:00
[2024-09-24T04:20:05.764+0000] {logging_mixin.py:120} INFO - [2024-09-24T04:20:05.764+0000] {dag.py:3340} INFO - Setting next_dagrun for example_subdag_operator.section-1 to None, run_after=None
[2024-09-24T04:20:05.766+0000] {logging_mixin.py:120} INFO - [2024-09-24T04:20:05.766+0000] {dag.py:3340} INFO - Setting next_dagrun for example_subdag_operator.section-2 to None, run_after=None
[2024-09-24T04:20:05.774+0000] {logging_mixin.py:120} INFO - [2024-09-24T04:20:05.774+0000] {dag.py:2585} INFO - Sync 2 DAGs
[2024-09-24T04:20:05.780+0000] {logging_mixin.py:120} INFO - [2024-09-24T04:20:05.780+0000] {dag.py:3340} INFO - Setting next_dagrun for example_subdag_operator.section-1 to None, run_after=None
[2024-09-24T04:20:05.781+0000] {logging_mixin.py:120} INFO - [2024-09-24T04:20:05.781+0000] {dag.py:3340} INFO - Setting next_dagrun for example_subdag_operator.section-2 to None, run_after=None
[2024-09-24T04:20:05.795+0000] {processor.py:176} INFO - Processing /home/airflow/.local/lib/python3.7/site-packages/airflow/example_dags/example_subdag_operator.py took 0.340 seconds
[2024-09-24T04:20:36.051+0000] {processor.py:154} INFO - Started process (PID=14160) to work on /home/airflow/.local/lib/python3.7/site-packages/airflow/example_dags/example_subdag_operator.py
[2024-09-24T04:20:36.053+0000] {processor.py:756} INFO - Processing file /home/airflow/.local/lib/python3.7/site-packages/airflow/example_dags/example_subdag_operator.py for tasks to queue
[2024-09-24T04:20:36.054+0000] {logging_mixin.py:120} INFO - [2024-09-24T04:20:36.053+0000] {dagbag.py:537} INFO - Filling up the DagBag from /home/airflow/.local/lib/python3.7/site-packages/airflow/example_dags/example_subdag_operator.py
[2024-09-24T04:20:36.108+0000] {processor.py:766} INFO - DAG(s) dict_keys(['example_subdag_operator.section-1', 'example_subdag_operator.section-2', 'example_subdag_operator']) retrieved from /home/airflow/.local/lib/python3.7/site-packages/airflow/example_dags/example_subdag_operator.py
[2024-09-24T04:20:36.360+0000] {logging_mixin.py:120} INFO - [2024-09-24T04:20:36.359+0000] {dag.py:2585} INFO - Sync 3 DAGs
[2024-09-24T04:20:36.392+0000] {logging_mixin.py:120} INFO - [2024-09-24T04:20:36.392+0000] {dag.py:3340} INFO - Setting next_dagrun for example_subdag_operator to 2022-01-01T00:00:00+00:00, run_after=2022-01-01T00:00:00+00:00
[2024-09-24T04:20:36.397+0000] {logging_mixin.py:120} INFO - [2024-09-24T04:20:36.397+0000] {dag.py:3340} INFO - Setting next_dagrun for example_subdag_operator.section-1 to None, run_after=None
[2024-09-24T04:20:36.399+0000] {logging_mixin.py:120} INFO - [2024-09-24T04:20:36.399+0000] {dag.py:3340} INFO - Setting next_dagrun for example_subdag_operator.section-2 to None, run_after=None
[2024-09-24T04:20:36.411+0000] {logging_mixin.py:120} INFO - [2024-09-24T04:20:36.410+0000] {dag.py:2585} INFO - Sync 2 DAGs
[2024-09-24T04:20:36.419+0000] {logging_mixin.py:120} INFO - [2024-09-24T04:20:36.418+0000] {dag.py:3340} INFO - Setting next_dagrun for example_subdag_operator.section-1 to None, run_after=None
[2024-09-24T04:20:36.419+0000] {logging_mixin.py:120} INFO - [2024-09-24T04:20:36.419+0000] {dag.py:3340} INFO - Setting next_dagrun for example_subdag_operator.section-2 to None, run_after=None
[2024-09-24T04:20:36.435+0000] {processor.py:176} INFO - Processing /home/airflow/.local/lib/python3.7/site-packages/airflow/example_dags/example_subdag_operator.py took 0.388 seconds
[2024-09-24T04:21:06.533+0000] {processor.py:154} INFO - Started process (PID=14215) to work on /home/airflow/.local/lib/python3.7/site-packages/airflow/example_dags/example_subdag_operator.py
[2024-09-24T04:21:06.534+0000] {processor.py:756} INFO - Processing file /home/airflow/.local/lib/python3.7/site-packages/airflow/example_dags/example_subdag_operator.py for tasks to queue
[2024-09-24T04:21:06.535+0000] {logging_mixin.py:120} INFO - [2024-09-24T04:21:06.535+0000] {dagbag.py:537} INFO - Filling up the DagBag from /home/airflow/.local/lib/python3.7/site-packages/airflow/example_dags/example_subdag_operator.py
[2024-09-24T04:21:06.579+0000] {processor.py:766} INFO - DAG(s) dict_keys(['example_subdag_operator.section-1', 'example_subdag_operator.section-2', 'example_subdag_operator']) retrieved from /home/airflow/.local/lib/python3.7/site-packages/airflow/example_dags/example_subdag_operator.py
[2024-09-24T04:21:06.890+0000] {logging_mixin.py:120} INFO - [2024-09-24T04:21:06.889+0000] {dag.py:2585} INFO - Sync 3 DAGs
[2024-09-24T04:21:06.943+0000] {logging_mixin.py:120} INFO - [2024-09-24T04:21:06.942+0000] {dag.py:3340} INFO - Setting next_dagrun for example_subdag_operator to 2022-01-01T00:00:00+00:00, run_after=2022-01-01T00:00:00+00:00
[2024-09-24T04:21:06.950+0000] {logging_mixin.py:120} INFO - [2024-09-24T04:21:06.949+0000] {dag.py:3340} INFO - Setting next_dagrun for example_subdag_operator.section-1 to None, run_after=None
[2024-09-24T04:21:06.955+0000] {logging_mixin.py:120} INFO - [2024-09-24T04:21:06.955+0000] {dag.py:3340} INFO - Setting next_dagrun for example_subdag_operator.section-2 to None, run_after=None
[2024-09-24T04:21:06.969+0000] {logging_mixin.py:120} INFO - [2024-09-24T04:21:06.969+0000] {dag.py:2585} INFO - Sync 2 DAGs
[2024-09-24T04:21:06.978+0000] {logging_mixin.py:120} INFO - [2024-09-24T04:21:06.978+0000] {dag.py:3340} INFO - Setting next_dagrun for example_subdag_operator.section-1 to None, run_after=None
[2024-09-24T04:21:06.979+0000] {logging_mixin.py:120} INFO - [2024-09-24T04:21:06.979+0000] {dag.py:3340} INFO - Setting next_dagrun for example_subdag_operator.section-2 to None, run_after=None
[2024-09-24T04:21:06.996+0000] {processor.py:176} INFO - Processing /home/airflow/.local/lib/python3.7/site-packages/airflow/example_dags/example_subdag_operator.py took 0.468 seconds
[2024-09-24T04:21:37.173+0000] {processor.py:154} INFO - Started process (PID=14278) to work on /home/airflow/.local/lib/python3.7/site-packages/airflow/example_dags/example_subdag_operator.py
[2024-09-24T04:21:37.174+0000] {processor.py:756} INFO - Processing file /home/airflow/.local/lib/python3.7/site-packages/airflow/example_dags/example_subdag_operator.py for tasks to queue
[2024-09-24T04:21:37.176+0000] {logging_mixin.py:120} INFO - [2024-09-24T04:21:37.176+0000] {dagbag.py:537} INFO - Filling up the DagBag from /home/airflow/.local/lib/python3.7/site-packages/airflow/example_dags/example_subdag_operator.py
[2024-09-24T04:21:37.235+0000] {processor.py:766} INFO - DAG(s) dict_keys(['example_subdag_operator.section-1', 'example_subdag_operator.section-2', 'example_subdag_operator']) retrieved from /home/airflow/.local/lib/python3.7/site-packages/airflow/example_dags/example_subdag_operator.py
[2024-09-24T04:21:37.515+0000] {logging_mixin.py:120} INFO - [2024-09-24T04:21:37.514+0000] {dag.py:2585} INFO - Sync 3 DAGs
[2024-09-24T04:21:37.544+0000] {logging_mixin.py:120} INFO - [2024-09-24T04:21:37.544+0000] {dag.py:3340} INFO - Setting next_dagrun for example_subdag_operator to 2022-01-01T00:00:00+00:00, run_after=2022-01-01T00:00:00+00:00
[2024-09-24T04:21:37.548+0000] {logging_mixin.py:120} INFO - [2024-09-24T04:21:37.548+0000] {dag.py:3340} INFO - Setting next_dagrun for example_subdag_operator.section-1 to None, run_after=None
[2024-09-24T04:21:37.549+0000] {logging_mixin.py:120} INFO - [2024-09-24T04:21:37.549+0000] {dag.py:3340} INFO - Setting next_dagrun for example_subdag_operator.section-2 to None, run_after=None
[2024-09-24T04:21:37.559+0000] {logging_mixin.py:120} INFO - [2024-09-24T04:21:37.559+0000] {dag.py:2585} INFO - Sync 2 DAGs
[2024-09-24T04:21:37.567+0000] {logging_mixin.py:120} INFO - [2024-09-24T04:21:37.566+0000] {dag.py:3340} INFO - Setting next_dagrun for example_subdag_operator.section-1 to None, run_after=None
[2024-09-24T04:21:37.567+0000] {logging_mixin.py:120} INFO - [2024-09-24T04:21:37.567+0000] {dag.py:3340} INFO - Setting next_dagrun for example_subdag_operator.section-2 to None, run_after=None
[2024-09-24T04:21:37.583+0000] {processor.py:176} INFO - Processing /home/airflow/.local/lib/python3.7/site-packages/airflow/example_dags/example_subdag_operator.py took 0.415 seconds
[2024-09-24T04:22:07.697+0000] {processor.py:154} INFO - Started process (PID=14341) to work on /home/airflow/.local/lib/python3.7/site-packages/airflow/example_dags/example_subdag_operator.py
[2024-09-24T04:22:07.699+0000] {processor.py:756} INFO - Processing file /home/airflow/.local/lib/python3.7/site-packages/airflow/example_dags/example_subdag_operator.py for tasks to queue
[2024-09-24T04:22:07.700+0000] {logging_mixin.py:120} INFO - [2024-09-24T04:22:07.700+0000] {dagbag.py:537} INFO - Filling up the DagBag from /home/airflow/.local/lib/python3.7/site-packages/airflow/example_dags/example_subdag_operator.py
[2024-09-24T04:22:07.762+0000] {processor.py:766} INFO - DAG(s) dict_keys(['example_subdag_operator.section-1', 'example_subdag_operator.section-2', 'example_subdag_operator']) retrieved from /home/airflow/.local/lib/python3.7/site-packages/airflow/example_dags/example_subdag_operator.py
[2024-09-24T04:22:08.008+0000] {logging_mixin.py:120} INFO - [2024-09-24T04:22:08.008+0000] {dag.py:2585} INFO - Sync 3 DAGs
[2024-09-24T04:22:08.036+0000] {logging_mixin.py:120} INFO - [2024-09-24T04:22:08.035+0000] {dag.py:3340} INFO - Setting next_dagrun for example_subdag_operator to 2022-01-01T00:00:00+00:00, run_after=2022-01-01T00:00:00+00:00
[2024-09-24T04:22:08.039+0000] {logging_mixin.py:120} INFO - [2024-09-24T04:22:08.039+0000] {dag.py:3340} INFO - Setting next_dagrun for example_subdag_operator.section-1 to None, run_after=None
[2024-09-24T04:22:08.040+0000] {logging_mixin.py:120} INFO - [2024-09-24T04:22:08.040+0000] {dag.py:3340} INFO - Setting next_dagrun for example_subdag_operator.section-2 to None, run_after=None
[2024-09-24T04:22:08.048+0000] {logging_mixin.py:120} INFO - [2024-09-24T04:22:08.048+0000] {dag.py:2585} INFO - Sync 2 DAGs
[2024-09-24T04:22:08.054+0000] {logging_mixin.py:120} INFO - [2024-09-24T04:22:08.054+0000] {dag.py:3340} INFO - Setting next_dagrun for example_subdag_operator.section-1 to None, run_after=None
[2024-09-24T04:22:08.054+0000] {logging_mixin.py:120} INFO - [2024-09-24T04:22:08.054+0000] {dag.py:3340} INFO - Setting next_dagrun for example_subdag_operator.section-2 to None, run_after=None
[2024-09-24T04:22:08.067+0000] {processor.py:176} INFO - Processing /home/airflow/.local/lib/python3.7/site-packages/airflow/example_dags/example_subdag_operator.py took 0.376 seconds
[2024-09-24T04:22:38.154+0000] {processor.py:154} INFO - Started process (PID=14397) to work on /home/airflow/.local/lib/python3.7/site-packages/airflow/example_dags/example_subdag_operator.py
[2024-09-24T04:22:38.155+0000] {processor.py:756} INFO - Processing file /home/airflow/.local/lib/python3.7/site-packages/airflow/example_dags/example_subdag_operator.py for tasks to queue
[2024-09-24T04:22:38.156+0000] {logging_mixin.py:120} INFO - [2024-09-24T04:22:38.156+0000] {dagbag.py:537} INFO - Filling up the DagBag from /home/airflow/.local/lib/python3.7/site-packages/airflow/example_dags/example_subdag_operator.py
[2024-09-24T04:22:38.196+0000] {processor.py:766} INFO - DAG(s) dict_keys(['example_subdag_operator.section-1', 'example_subdag_operator.section-2', 'example_subdag_operator']) retrieved from /home/airflow/.local/lib/python3.7/site-packages/airflow/example_dags/example_subdag_operator.py
[2024-09-24T04:22:38.403+0000] {logging_mixin.py:120} INFO - [2024-09-24T04:22:38.403+0000] {dag.py:2585} INFO - Sync 3 DAGs
[2024-09-24T04:22:38.426+0000] {logging_mixin.py:120} INFO - [2024-09-24T04:22:38.426+0000] {dag.py:3340} INFO - Setting next_dagrun for example_subdag_operator to 2022-01-01T00:00:00+00:00, run_after=2022-01-01T00:00:00+00:00
[2024-09-24T04:22:38.429+0000] {logging_mixin.py:120} INFO - [2024-09-24T04:22:38.429+0000] {dag.py:3340} INFO - Setting next_dagrun for example_subdag_operator.section-1 to None, run_after=None
[2024-09-24T04:22:38.430+0000] {logging_mixin.py:120} INFO - [2024-09-24T04:22:38.430+0000] {dag.py:3340} INFO - Setting next_dagrun for example_subdag_operator.section-2 to None, run_after=None
[2024-09-24T04:22:38.437+0000] {logging_mixin.py:120} INFO - [2024-09-24T04:22:38.437+0000] {dag.py:2585} INFO - Sync 2 DAGs
[2024-09-24T04:22:38.442+0000] {logging_mixin.py:120} INFO - [2024-09-24T04:22:38.442+0000] {dag.py:3340} INFO - Setting next_dagrun for example_subdag_operator.section-1 to None, run_after=None
[2024-09-24T04:22:38.443+0000] {logging_mixin.py:120} INFO - [2024-09-24T04:22:38.442+0000] {dag.py:3340} INFO - Setting next_dagrun for example_subdag_operator.section-2 to None, run_after=None
[2024-09-24T04:22:38.454+0000] {processor.py:176} INFO - Processing /home/airflow/.local/lib/python3.7/site-packages/airflow/example_dags/example_subdag_operator.py took 0.306 seconds
[2024-09-24T04:23:08.841+0000] {processor.py:154} INFO - Started process (PID=14458) to work on /home/airflow/.local/lib/python3.7/site-packages/airflow/example_dags/example_subdag_operator.py
[2024-09-24T04:23:08.842+0000] {processor.py:756} INFO - Processing file /home/airflow/.local/lib/python3.7/site-packages/airflow/example_dags/example_subdag_operator.py for tasks to queue
[2024-09-24T04:23:08.844+0000] {logging_mixin.py:120} INFO - [2024-09-24T04:23:08.844+0000] {dagbag.py:537} INFO - Filling up the DagBag from /home/airflow/.local/lib/python3.7/site-packages/airflow/example_dags/example_subdag_operator.py
[2024-09-24T04:23:08.888+0000] {processor.py:766} INFO - DAG(s) dict_keys(['example_subdag_operator.section-1', 'example_subdag_operator.section-2', 'example_subdag_operator']) retrieved from /home/airflow/.local/lib/python3.7/site-packages/airflow/example_dags/example_subdag_operator.py
[2024-09-24T04:23:09.124+0000] {logging_mixin.py:120} INFO - [2024-09-24T04:23:09.124+0000] {dag.py:2585} INFO - Sync 3 DAGs
[2024-09-24T04:23:09.161+0000] {logging_mixin.py:120} INFO - [2024-09-24T04:23:09.161+0000] {dag.py:3340} INFO - Setting next_dagrun for example_subdag_operator to 2022-01-01T00:00:00+00:00, run_after=2022-01-01T00:00:00+00:00
[2024-09-24T04:23:09.166+0000] {logging_mixin.py:120} INFO - [2024-09-24T04:23:09.166+0000] {dag.py:3340} INFO - Setting next_dagrun for example_subdag_operator.section-1 to None, run_after=None
[2024-09-24T04:23:09.168+0000] {logging_mixin.py:120} INFO - [2024-09-24T04:23:09.168+0000] {dag.py:3340} INFO - Setting next_dagrun for example_subdag_operator.section-2 to None, run_after=None
[2024-09-24T04:23:09.179+0000] {logging_mixin.py:120} INFO - [2024-09-24T04:23:09.179+0000] {dag.py:2585} INFO - Sync 2 DAGs
[2024-09-24T04:23:09.187+0000] {logging_mixin.py:120} INFO - [2024-09-24T04:23:09.187+0000] {dag.py:3340} INFO - Setting next_dagrun for example_subdag_operator.section-1 to None, run_after=None
[2024-09-24T04:23:09.187+0000] {logging_mixin.py:120} INFO - [2024-09-24T04:23:09.187+0000] {dag.py:3340} INFO - Setting next_dagrun for example_subdag_operator.section-2 to None, run_after=None
[2024-09-24T04:23:09.210+0000] {processor.py:176} INFO - Processing /home/airflow/.local/lib/python3.7/site-packages/airflow/example_dags/example_subdag_operator.py took 0.372 seconds
[2024-09-24T04:23:40.064+0000] {processor.py:154} INFO - Started process (PID=14521) to work on /home/airflow/.local/lib/python3.7/site-packages/airflow/example_dags/example_subdag_operator.py
[2024-09-24T04:23:40.066+0000] {processor.py:756} INFO - Processing file /home/airflow/.local/lib/python3.7/site-packages/airflow/example_dags/example_subdag_operator.py for tasks to queue
[2024-09-24T04:23:40.067+0000] {logging_mixin.py:120} INFO - [2024-09-24T04:23:40.066+0000] {dagbag.py:537} INFO - Filling up the DagBag from /home/airflow/.local/lib/python3.7/site-packages/airflow/example_dags/example_subdag_operator.py
[2024-09-24T04:23:40.112+0000] {processor.py:766} INFO - DAG(s) dict_keys(['example_subdag_operator.section-1', 'example_subdag_operator.section-2', 'example_subdag_operator']) retrieved from /home/airflow/.local/lib/python3.7/site-packages/airflow/example_dags/example_subdag_operator.py
[2024-09-24T04:23:40.316+0000] {logging_mixin.py:120} INFO - [2024-09-24T04:23:40.316+0000] {dag.py:2585} INFO - Sync 3 DAGs
[2024-09-24T04:23:40.343+0000] {logging_mixin.py:120} INFO - [2024-09-24T04:23:40.343+0000] {dag.py:3340} INFO - Setting next_dagrun for example_subdag_operator to 2022-01-01T00:00:00+00:00, run_after=2022-01-01T00:00:00+00:00
[2024-09-24T04:23:40.346+0000] {logging_mixin.py:120} INFO - [2024-09-24T04:23:40.346+0000] {dag.py:3340} INFO - Setting next_dagrun for example_subdag_operator.section-1 to None, run_after=None
[2024-09-24T04:23:40.348+0000] {logging_mixin.py:120} INFO - [2024-09-24T04:23:40.347+0000] {dag.py:3340} INFO - Setting next_dagrun for example_subdag_operator.section-2 to None, run_after=None
[2024-09-24T04:23:40.355+0000] {logging_mixin.py:120} INFO - [2024-09-24T04:23:40.355+0000] {dag.py:2585} INFO - Sync 2 DAGs
[2024-09-24T04:23:40.361+0000] {logging_mixin.py:120} INFO - [2024-09-24T04:23:40.361+0000] {dag.py:3340} INFO - Setting next_dagrun for example_subdag_operator.section-1 to None, run_after=None
[2024-09-24T04:23:40.361+0000] {logging_mixin.py:120} INFO - [2024-09-24T04:23:40.361+0000] {dag.py:3340} INFO - Setting next_dagrun for example_subdag_operator.section-2 to None, run_after=None
[2024-09-24T04:23:40.375+0000] {processor.py:176} INFO - Processing /home/airflow/.local/lib/python3.7/site-packages/airflow/example_dags/example_subdag_operator.py took 0.315 seconds
[2024-09-24T04:24:10.430+0000] {processor.py:154} INFO - Started process (PID=14574) to work on /home/airflow/.local/lib/python3.7/site-packages/airflow/example_dags/example_subdag_operator.py
[2024-09-24T04:24:10.431+0000] {processor.py:756} INFO - Processing file /home/airflow/.local/lib/python3.7/site-packages/airflow/example_dags/example_subdag_operator.py for tasks to queue
[2024-09-24T04:24:10.432+0000] {logging_mixin.py:120} INFO - [2024-09-24T04:24:10.432+0000] {dagbag.py:537} INFO - Filling up the DagBag from /home/airflow/.local/lib/python3.7/site-packages/airflow/example_dags/example_subdag_operator.py
[2024-09-24T04:24:10.477+0000] {processor.py:766} INFO - DAG(s) dict_keys(['example_subdag_operator.section-1', 'example_subdag_operator.section-2', 'example_subdag_operator']) retrieved from /home/airflow/.local/lib/python3.7/site-packages/airflow/example_dags/example_subdag_operator.py
[2024-09-24T04:24:10.686+0000] {logging_mixin.py:120} INFO - [2024-09-24T04:24:10.686+0000] {dag.py:2585} INFO - Sync 3 DAGs
[2024-09-24T04:24:10.712+0000] {logging_mixin.py:120} INFO - [2024-09-24T04:24:10.712+0000] {dag.py:3340} INFO - Setting next_dagrun for example_subdag_operator to 2022-01-01T00:00:00+00:00, run_after=2022-01-01T00:00:00+00:00
[2024-09-24T04:24:10.716+0000] {logging_mixin.py:120} INFO - [2024-09-24T04:24:10.715+0000] {dag.py:3340} INFO - Setting next_dagrun for example_subdag_operator.section-1 to None, run_after=None
[2024-09-24T04:24:10.717+0000] {logging_mixin.py:120} INFO - [2024-09-24T04:24:10.717+0000] {dag.py:3340} INFO - Setting next_dagrun for example_subdag_operator.section-2 to None, run_after=None
[2024-09-24T04:24:10.726+0000] {logging_mixin.py:120} INFO - [2024-09-24T04:24:10.726+0000] {dag.py:2585} INFO - Sync 2 DAGs
[2024-09-24T04:24:10.732+0000] {logging_mixin.py:120} INFO - [2024-09-24T04:24:10.732+0000] {dag.py:3340} INFO - Setting next_dagrun for example_subdag_operator.section-1 to None, run_after=None
[2024-09-24T04:24:10.733+0000] {logging_mixin.py:120} INFO - [2024-09-24T04:24:10.733+0000] {dag.py:3340} INFO - Setting next_dagrun for example_subdag_operator.section-2 to None, run_after=None
[2024-09-24T04:24:10.747+0000] {processor.py:176} INFO - Processing /home/airflow/.local/lib/python3.7/site-packages/airflow/example_dags/example_subdag_operator.py took 0.321 seconds
[2024-09-24T04:24:41.316+0000] {processor.py:154} INFO - Started process (PID=14637) to work on /home/airflow/.local/lib/python3.7/site-packages/airflow/example_dags/example_subdag_operator.py
[2024-09-24T04:24:41.319+0000] {processor.py:756} INFO - Processing file /home/airflow/.local/lib/python3.7/site-packages/airflow/example_dags/example_subdag_operator.py for tasks to queue
[2024-09-24T04:24:41.320+0000] {logging_mixin.py:120} INFO - [2024-09-24T04:24:41.320+0000] {dagbag.py:537} INFO - Filling up the DagBag from /home/airflow/.local/lib/python3.7/site-packages/airflow/example_dags/example_subdag_operator.py
[2024-09-24T04:24:41.366+0000] {processor.py:766} INFO - DAG(s) dict_keys(['example_subdag_operator.section-1', 'example_subdag_operator.section-2', 'example_subdag_operator']) retrieved from /home/airflow/.local/lib/python3.7/site-packages/airflow/example_dags/example_subdag_operator.py
[2024-09-24T04:24:41.601+0000] {logging_mixin.py:120} INFO - [2024-09-24T04:24:41.600+0000] {dag.py:2585} INFO - Sync 3 DAGs
[2024-09-24T04:24:41.629+0000] {logging_mixin.py:120} INFO - [2024-09-24T04:24:41.629+0000] {dag.py:3340} INFO - Setting next_dagrun for example_subdag_operator to 2022-01-01T00:00:00+00:00, run_after=2022-01-01T00:00:00+00:00
[2024-09-24T04:24:41.633+0000] {logging_mixin.py:120} INFO - [2024-09-24T04:24:41.633+0000] {dag.py:3340} INFO - Setting next_dagrun for example_subdag_operator.section-1 to None, run_after=None
[2024-09-24T04:24:41.635+0000] {logging_mixin.py:120} INFO - [2024-09-24T04:24:41.634+0000] {dag.py:3340} INFO - Setting next_dagrun for example_subdag_operator.section-2 to None, run_after=None
[2024-09-24T04:24:41.644+0000] {logging_mixin.py:120} INFO - [2024-09-24T04:24:41.644+0000] {dag.py:2585} INFO - Sync 2 DAGs
[2024-09-24T04:24:41.652+0000] {logging_mixin.py:120} INFO - [2024-09-24T04:24:41.651+0000] {dag.py:3340} INFO - Setting next_dagrun for example_subdag_operator.section-1 to None, run_after=None
[2024-09-24T04:24:41.652+0000] {logging_mixin.py:120} INFO - [2024-09-24T04:24:41.652+0000] {dag.py:3340} INFO - Setting next_dagrun for example_subdag_operator.section-2 to None, run_after=None
[2024-09-24T04:24:41.669+0000] {processor.py:176} INFO - Processing /home/airflow/.local/lib/python3.7/site-packages/airflow/example_dags/example_subdag_operator.py took 0.357 seconds
[2024-09-24T04:25:11.947+0000] {processor.py:154} INFO - Started process (PID=14700) to work on /home/airflow/.local/lib/python3.7/site-packages/airflow/example_dags/example_subdag_operator.py
[2024-09-24T04:25:11.948+0000] {processor.py:756} INFO - Processing file /home/airflow/.local/lib/python3.7/site-packages/airflow/example_dags/example_subdag_operator.py for tasks to queue
[2024-09-24T04:25:11.949+0000] {logging_mixin.py:120} INFO - [2024-09-24T04:25:11.949+0000] {dagbag.py:537} INFO - Filling up the DagBag from /home/airflow/.local/lib/python3.7/site-packages/airflow/example_dags/example_subdag_operator.py
[2024-09-24T04:25:11.989+0000] {processor.py:766} INFO - DAG(s) dict_keys(['example_subdag_operator.section-1', 'example_subdag_operator.section-2', 'example_subdag_operator']) retrieved from /home/airflow/.local/lib/python3.7/site-packages/airflow/example_dags/example_subdag_operator.py
[2024-09-24T04:25:12.207+0000] {logging_mixin.py:120} INFO - [2024-09-24T04:25:12.207+0000] {dag.py:2585} INFO - Sync 3 DAGs
[2024-09-24T04:25:12.240+0000] {logging_mixin.py:120} INFO - [2024-09-24T04:25:12.240+0000] {dag.py:3340} INFO - Setting next_dagrun for example_subdag_operator to 2022-01-01T00:00:00+00:00, run_after=2022-01-01T00:00:00+00:00
[2024-09-24T04:25:12.244+0000] {logging_mixin.py:120} INFO - [2024-09-24T04:25:12.244+0000] {dag.py:3340} INFO - Setting next_dagrun for example_subdag_operator.section-1 to None, run_after=None
[2024-09-24T04:25:12.245+0000] {logging_mixin.py:120} INFO - [2024-09-24T04:25:12.245+0000] {dag.py:3340} INFO - Setting next_dagrun for example_subdag_operator.section-2 to None, run_after=None
[2024-09-24T04:25:12.256+0000] {logging_mixin.py:120} INFO - [2024-09-24T04:25:12.256+0000] {dag.py:2585} INFO - Sync 2 DAGs
[2024-09-24T04:25:12.263+0000] {logging_mixin.py:120} INFO - [2024-09-24T04:25:12.263+0000] {dag.py:3340} INFO - Setting next_dagrun for example_subdag_operator.section-1 to None, run_after=None
[2024-09-24T04:25:12.263+0000] {logging_mixin.py:120} INFO - [2024-09-24T04:25:12.263+0000] {dag.py:3340} INFO - Setting next_dagrun for example_subdag_operator.section-2 to None, run_after=None
[2024-09-24T04:25:12.281+0000] {processor.py:176} INFO - Processing /home/airflow/.local/lib/python3.7/site-packages/airflow/example_dags/example_subdag_operator.py took 0.339 seconds
[2024-09-24T04:25:42.920+0000] {processor.py:154} INFO - Started process (PID=14753) to work on /home/airflow/.local/lib/python3.7/site-packages/airflow/example_dags/example_subdag_operator.py
[2024-09-24T04:25:42.922+0000] {processor.py:756} INFO - Processing file /home/airflow/.local/lib/python3.7/site-packages/airflow/example_dags/example_subdag_operator.py for tasks to queue
[2024-09-24T04:25:42.923+0000] {logging_mixin.py:120} INFO - [2024-09-24T04:25:42.922+0000] {dagbag.py:537} INFO - Filling up the DagBag from /home/airflow/.local/lib/python3.7/site-packages/airflow/example_dags/example_subdag_operator.py
[2024-09-24T04:25:42.974+0000] {processor.py:766} INFO - DAG(s) dict_keys(['example_subdag_operator.section-1', 'example_subdag_operator.section-2', 'example_subdag_operator']) retrieved from /home/airflow/.local/lib/python3.7/site-packages/airflow/example_dags/example_subdag_operator.py
[2024-09-24T04:25:43.202+0000] {logging_mixin.py:120} INFO - [2024-09-24T04:25:43.202+0000] {dag.py:2585} INFO - Sync 3 DAGs
[2024-09-24T04:25:43.240+0000] {logging_mixin.py:120} INFO - [2024-09-24T04:25:43.240+0000] {dag.py:3340} INFO - Setting next_dagrun for example_subdag_operator to 2022-01-01T00:00:00+00:00, run_after=2022-01-01T00:00:00+00:00
[2024-09-24T04:25:43.245+0000] {logging_mixin.py:120} INFO - [2024-09-24T04:25:43.244+0000] {dag.py:3340} INFO - Setting next_dagrun for example_subdag_operator.section-1 to None, run_after=None
[2024-09-24T04:25:43.246+0000] {logging_mixin.py:120} INFO - [2024-09-24T04:25:43.246+0000] {dag.py:3340} INFO - Setting next_dagrun for example_subdag_operator.section-2 to None, run_after=None
[2024-09-24T04:25:43.257+0000] {logging_mixin.py:120} INFO - [2024-09-24T04:25:43.257+0000] {dag.py:2585} INFO - Sync 2 DAGs
[2024-09-24T04:25:43.266+0000] {logging_mixin.py:120} INFO - [2024-09-24T04:25:43.266+0000] {dag.py:3340} INFO - Setting next_dagrun for example_subdag_operator.section-1 to None, run_after=None
[2024-09-24T04:25:43.267+0000] {logging_mixin.py:120} INFO - [2024-09-24T04:25:43.267+0000] {dag.py:3340} INFO - Setting next_dagrun for example_subdag_operator.section-2 to None, run_after=None
[2024-09-24T04:25:43.287+0000] {processor.py:176} INFO - Processing /home/airflow/.local/lib/python3.7/site-packages/airflow/example_dags/example_subdag_operator.py took 0.371 seconds
[2024-09-24T04:26:14.232+0000] {processor.py:154} INFO - Started process (PID=14816) to work on /home/airflow/.local/lib/python3.7/site-packages/airflow/example_dags/example_subdag_operator.py
[2024-09-24T04:26:14.234+0000] {processor.py:756} INFO - Processing file /home/airflow/.local/lib/python3.7/site-packages/airflow/example_dags/example_subdag_operator.py for tasks to queue
[2024-09-24T04:26:14.235+0000] {logging_mixin.py:120} INFO - [2024-09-24T04:26:14.235+0000] {dagbag.py:537} INFO - Filling up the DagBag from /home/airflow/.local/lib/python3.7/site-packages/airflow/example_dags/example_subdag_operator.py
[2024-09-24T04:26:14.280+0000] {processor.py:766} INFO - DAG(s) dict_keys(['example_subdag_operator.section-1', 'example_subdag_operator.section-2', 'example_subdag_operator']) retrieved from /home/airflow/.local/lib/python3.7/site-packages/airflow/example_dags/example_subdag_operator.py
[2024-09-24T04:26:14.485+0000] {logging_mixin.py:120} INFO - [2024-09-24T04:26:14.485+0000] {dag.py:2585} INFO - Sync 3 DAGs
[2024-09-24T04:26:14.514+0000] {logging_mixin.py:120} INFO - [2024-09-24T04:26:14.514+0000] {dag.py:3340} INFO - Setting next_dagrun for example_subdag_operator to 2022-01-01T00:00:00+00:00, run_after=2022-01-01T00:00:00+00:00
[2024-09-24T04:26:14.518+0000] {logging_mixin.py:120} INFO - [2024-09-24T04:26:14.518+0000] {dag.py:3340} INFO - Setting next_dagrun for example_subdag_operator.section-1 to None, run_after=None
[2024-09-24T04:26:14.520+0000] {logging_mixin.py:120} INFO - [2024-09-24T04:26:14.520+0000] {dag.py:3340} INFO - Setting next_dagrun for example_subdag_operator.section-2 to None, run_after=None
[2024-09-24T04:26:14.528+0000] {logging_mixin.py:120} INFO - [2024-09-24T04:26:14.528+0000] {dag.py:2585} INFO - Sync 2 DAGs
[2024-09-24T04:26:14.535+0000] {logging_mixin.py:120} INFO - [2024-09-24T04:26:14.535+0000] {dag.py:3340} INFO - Setting next_dagrun for example_subdag_operator.section-1 to None, run_after=None
[2024-09-24T04:26:14.535+0000] {logging_mixin.py:120} INFO - [2024-09-24T04:26:14.535+0000] {dag.py:3340} INFO - Setting next_dagrun for example_subdag_operator.section-2 to None, run_after=None
[2024-09-24T04:26:14.549+0000] {processor.py:176} INFO - Processing /home/airflow/.local/lib/python3.7/site-packages/airflow/example_dags/example_subdag_operator.py took 0.321 seconds
[2024-09-24T04:26:44.599+0000] {processor.py:154} INFO - Started process (PID=14878) to work on /home/airflow/.local/lib/python3.7/site-packages/airflow/example_dags/example_subdag_operator.py
[2024-09-24T04:26:44.601+0000] {processor.py:756} INFO - Processing file /home/airflow/.local/lib/python3.7/site-packages/airflow/example_dags/example_subdag_operator.py for tasks to queue
[2024-09-24T04:26:44.603+0000] {logging_mixin.py:120} INFO - [2024-09-24T04:26:44.602+0000] {dagbag.py:537} INFO - Filling up the DagBag from /home/airflow/.local/lib/python3.7/site-packages/airflow/example_dags/example_subdag_operator.py
[2024-09-24T04:26:44.655+0000] {processor.py:766} INFO - DAG(s) dict_keys(['example_subdag_operator.section-1', 'example_subdag_operator.section-2', 'example_subdag_operator']) retrieved from /home/airflow/.local/lib/python3.7/site-packages/airflow/example_dags/example_subdag_operator.py
[2024-09-24T04:26:44.982+0000] {logging_mixin.py:120} INFO - [2024-09-24T04:26:44.981+0000] {dag.py:2585} INFO - Sync 3 DAGs
[2024-09-24T04:26:45.022+0000] {logging_mixin.py:120} INFO - [2024-09-24T04:26:45.021+0000] {dag.py:3340} INFO - Setting next_dagrun for example_subdag_operator to 2022-01-01T00:00:00+00:00, run_after=2022-01-01T00:00:00+00:00
[2024-09-24T04:26:45.028+0000] {logging_mixin.py:120} INFO - [2024-09-24T04:26:45.028+0000] {dag.py:3340} INFO - Setting next_dagrun for example_subdag_operator.section-1 to None, run_after=None
[2024-09-24T04:26:45.030+0000] {logging_mixin.py:120} INFO - [2024-09-24T04:26:45.030+0000] {dag.py:3340} INFO - Setting next_dagrun for example_subdag_operator.section-2 to None, run_after=None
[2024-09-24T04:26:45.041+0000] {logging_mixin.py:120} INFO - [2024-09-24T04:26:45.041+0000] {dag.py:2585} INFO - Sync 2 DAGs
[2024-09-24T04:26:45.050+0000] {logging_mixin.py:120} INFO - [2024-09-24T04:26:45.050+0000] {dag.py:3340} INFO - Setting next_dagrun for example_subdag_operator.section-1 to None, run_after=None
[2024-09-24T04:26:45.051+0000] {logging_mixin.py:120} INFO - [2024-09-24T04:26:45.051+0000] {dag.py:3340} INFO - Setting next_dagrun for example_subdag_operator.section-2 to None, run_after=None
[2024-09-24T04:26:45.074+0000] {processor.py:176} INFO - Processing /home/airflow/.local/lib/python3.7/site-packages/airflow/example_dags/example_subdag_operator.py took 0.482 seconds
[2024-09-24T04:27:15.108+0000] {processor.py:154} INFO - Started process (PID=14938) to work on /home/airflow/.local/lib/python3.7/site-packages/airflow/example_dags/example_subdag_operator.py
[2024-09-24T04:27:15.110+0000] {processor.py:756} INFO - Processing file /home/airflow/.local/lib/python3.7/site-packages/airflow/example_dags/example_subdag_operator.py for tasks to queue
[2024-09-24T04:27:15.111+0000] {logging_mixin.py:120} INFO - [2024-09-24T04:27:15.111+0000] {dagbag.py:537} INFO - Filling up the DagBag from /home/airflow/.local/lib/python3.7/site-packages/airflow/example_dags/example_subdag_operator.py
[2024-09-24T04:27:15.161+0000] {processor.py:766} INFO - DAG(s) dict_keys(['example_subdag_operator.section-1', 'example_subdag_operator.section-2', 'example_subdag_operator']) retrieved from /home/airflow/.local/lib/python3.7/site-packages/airflow/example_dags/example_subdag_operator.py
[2024-09-24T04:27:15.475+0000] {logging_mixin.py:120} INFO - [2024-09-24T04:27:15.475+0000] {dag.py:2585} INFO - Sync 3 DAGs
[2024-09-24T04:27:15.540+0000] {logging_mixin.py:120} INFO - [2024-09-24T04:27:15.540+0000] {dag.py:3340} INFO - Setting next_dagrun for example_subdag_operator to 2022-01-01T00:00:00+00:00, run_after=2022-01-01T00:00:00+00:00
[2024-09-24T04:27:15.552+0000] {logging_mixin.py:120} INFO - [2024-09-24T04:27:15.551+0000] {dag.py:3340} INFO - Setting next_dagrun for example_subdag_operator.section-1 to None, run_after=None
[2024-09-24T04:27:15.557+0000] {logging_mixin.py:120} INFO - [2024-09-24T04:27:15.557+0000] {dag.py:3340} INFO - Setting next_dagrun for example_subdag_operator.section-2 to None, run_after=None
[2024-09-24T04:27:15.584+0000] {logging_mixin.py:120} INFO - [2024-09-24T04:27:15.584+0000] {dag.py:2585} INFO - Sync 2 DAGs
[2024-09-24T04:27:15.597+0000] {logging_mixin.py:120} INFO - [2024-09-24T04:27:15.597+0000] {dag.py:3340} INFO - Setting next_dagrun for example_subdag_operator.section-1 to None, run_after=None
[2024-09-24T04:27:15.599+0000] {logging_mixin.py:120} INFO - [2024-09-24T04:27:15.599+0000] {dag.py:3340} INFO - Setting next_dagrun for example_subdag_operator.section-2 to None, run_after=None
[2024-09-24T04:27:15.623+0000] {processor.py:176} INFO - Processing /home/airflow/.local/lib/python3.7/site-packages/airflow/example_dags/example_subdag_operator.py took 0.519 seconds
[2024-09-24T04:27:45.740+0000] {processor.py:154} INFO - Started process (PID=14994) to work on /home/airflow/.local/lib/python3.7/site-packages/airflow/example_dags/example_subdag_operator.py
[2024-09-24T04:27:45.742+0000] {processor.py:756} INFO - Processing file /home/airflow/.local/lib/python3.7/site-packages/airflow/example_dags/example_subdag_operator.py for tasks to queue
[2024-09-24T04:27:45.743+0000] {logging_mixin.py:120} INFO - [2024-09-24T04:27:45.743+0000] {dagbag.py:537} INFO - Filling up the DagBag from /home/airflow/.local/lib/python3.7/site-packages/airflow/example_dags/example_subdag_operator.py
[2024-09-24T04:27:45.786+0000] {processor.py:766} INFO - DAG(s) dict_keys(['example_subdag_operator.section-1', 'example_subdag_operator.section-2', 'example_subdag_operator']) retrieved from /home/airflow/.local/lib/python3.7/site-packages/airflow/example_dags/example_subdag_operator.py
[2024-09-24T04:27:45.997+0000] {logging_mixin.py:120} INFO - [2024-09-24T04:27:45.996+0000] {dag.py:2585} INFO - Sync 3 DAGs
[2024-09-24T04:27:46.023+0000] {logging_mixin.py:120} INFO - [2024-09-24T04:27:46.023+0000] {dag.py:3340} INFO - Setting next_dagrun for example_subdag_operator to 2022-01-01T00:00:00+00:00, run_after=2022-01-01T00:00:00+00:00
[2024-09-24T04:27:46.027+0000] {logging_mixin.py:120} INFO - [2024-09-24T04:27:46.027+0000] {dag.py:3340} INFO - Setting next_dagrun for example_subdag_operator.section-1 to None, run_after=None
[2024-09-24T04:27:46.028+0000] {logging_mixin.py:120} INFO - [2024-09-24T04:27:46.028+0000] {dag.py:3340} INFO - Setting next_dagrun for example_subdag_operator.section-2 to None, run_after=None
[2024-09-24T04:27:46.037+0000] {logging_mixin.py:120} INFO - [2024-09-24T04:27:46.037+0000] {dag.py:2585} INFO - Sync 2 DAGs
[2024-09-24T04:27:46.044+0000] {logging_mixin.py:120} INFO - [2024-09-24T04:27:46.043+0000] {dag.py:3340} INFO - Setting next_dagrun for example_subdag_operator.section-1 to None, run_after=None
[2024-09-24T04:27:46.044+0000] {logging_mixin.py:120} INFO - [2024-09-24T04:27:46.044+0000] {dag.py:3340} INFO - Setting next_dagrun for example_subdag_operator.section-2 to None, run_after=None
[2024-09-24T04:27:46.058+0000] {processor.py:176} INFO - Processing /home/airflow/.local/lib/python3.7/site-packages/airflow/example_dags/example_subdag_operator.py took 0.323 seconds
[2024-09-24T04:28:16.182+0000] {processor.py:154} INFO - Started process (PID=15057) to work on /home/airflow/.local/lib/python3.7/site-packages/airflow/example_dags/example_subdag_operator.py
[2024-09-24T04:28:16.183+0000] {processor.py:756} INFO - Processing file /home/airflow/.local/lib/python3.7/site-packages/airflow/example_dags/example_subdag_operator.py for tasks to queue
[2024-09-24T04:28:16.184+0000] {logging_mixin.py:120} INFO - [2024-09-24T04:28:16.184+0000] {dagbag.py:537} INFO - Filling up the DagBag from /home/airflow/.local/lib/python3.7/site-packages/airflow/example_dags/example_subdag_operator.py
[2024-09-24T04:28:16.228+0000] {processor.py:766} INFO - DAG(s) dict_keys(['example_subdag_operator.section-1', 'example_subdag_operator.section-2', 'example_subdag_operator']) retrieved from /home/airflow/.local/lib/python3.7/site-packages/airflow/example_dags/example_subdag_operator.py
[2024-09-24T04:28:16.445+0000] {logging_mixin.py:120} INFO - [2024-09-24T04:28:16.445+0000] {dag.py:2585} INFO - Sync 3 DAGs
[2024-09-24T04:28:16.473+0000] {logging_mixin.py:120} INFO - [2024-09-24T04:28:16.473+0000] {dag.py:3340} INFO - Setting next_dagrun for example_subdag_operator to 2022-01-01T00:00:00+00:00, run_after=2022-01-01T00:00:00+00:00
[2024-09-24T04:28:16.477+0000] {logging_mixin.py:120} INFO - [2024-09-24T04:28:16.477+0000] {dag.py:3340} INFO - Setting next_dagrun for example_subdag_operator.section-1 to None, run_after=None
[2024-09-24T04:28:16.480+0000] {logging_mixin.py:120} INFO - [2024-09-24T04:28:16.480+0000] {dag.py:3340} INFO - Setting next_dagrun for example_subdag_operator.section-2 to None, run_after=None
[2024-09-24T04:28:16.491+0000] {logging_mixin.py:120} INFO - [2024-09-24T04:28:16.491+0000] {dag.py:2585} INFO - Sync 2 DAGs
[2024-09-24T04:28:16.498+0000] {logging_mixin.py:120} INFO - [2024-09-24T04:28:16.498+0000] {dag.py:3340} INFO - Setting next_dagrun for example_subdag_operator.section-1 to None, run_after=None
[2024-09-24T04:28:16.499+0000] {logging_mixin.py:120} INFO - [2024-09-24T04:28:16.498+0000] {dag.py:3340} INFO - Setting next_dagrun for example_subdag_operator.section-2 to None, run_after=None
[2024-09-24T04:28:16.513+0000] {processor.py:176} INFO - Processing /home/airflow/.local/lib/python3.7/site-packages/airflow/example_dags/example_subdag_operator.py took 0.337 seconds
[2024-09-24T04:28:46.796+0000] {processor.py:154} INFO - Started process (PID=15120) to work on /home/airflow/.local/lib/python3.7/site-packages/airflow/example_dags/example_subdag_operator.py
[2024-09-24T04:28:46.798+0000] {processor.py:756} INFO - Processing file /home/airflow/.local/lib/python3.7/site-packages/airflow/example_dags/example_subdag_operator.py for tasks to queue
[2024-09-24T04:28:46.799+0000] {logging_mixin.py:120} INFO - [2024-09-24T04:28:46.799+0000] {dagbag.py:537} INFO - Filling up the DagBag from /home/airflow/.local/lib/python3.7/site-packages/airflow/example_dags/example_subdag_operator.py
[2024-09-24T04:28:46.844+0000] {processor.py:766} INFO - DAG(s) dict_keys(['example_subdag_operator.section-1', 'example_subdag_operator.section-2', 'example_subdag_operator']) retrieved from /home/airflow/.local/lib/python3.7/site-packages/airflow/example_dags/example_subdag_operator.py
[2024-09-24T04:28:47.112+0000] {logging_mixin.py:120} INFO - [2024-09-24T04:28:47.111+0000] {dag.py:2585} INFO - Sync 3 DAGs
[2024-09-24T04:28:47.144+0000] {logging_mixin.py:120} INFO - [2024-09-24T04:28:47.144+0000] {dag.py:3340} INFO - Setting next_dagrun for example_subdag_operator to 2022-01-01T00:00:00+00:00, run_after=2022-01-01T00:00:00+00:00
[2024-09-24T04:28:47.148+0000] {logging_mixin.py:120} INFO - [2024-09-24T04:28:47.148+0000] {dag.py:3340} INFO - Setting next_dagrun for example_subdag_operator.section-1 to None, run_after=None
[2024-09-24T04:28:47.150+0000] {logging_mixin.py:120} INFO - [2024-09-24T04:28:47.150+0000] {dag.py:3340} INFO - Setting next_dagrun for example_subdag_operator.section-2 to None, run_after=None
[2024-09-24T04:28:47.160+0000] {logging_mixin.py:120} INFO - [2024-09-24T04:28:47.160+0000] {dag.py:2585} INFO - Sync 2 DAGs
[2024-09-24T04:28:47.167+0000] {logging_mixin.py:120} INFO - [2024-09-24T04:28:47.167+0000] {dag.py:3340} INFO - Setting next_dagrun for example_subdag_operator.section-1 to None, run_after=None
[2024-09-24T04:28:47.167+0000] {logging_mixin.py:120} INFO - [2024-09-24T04:28:47.167+0000] {dag.py:3340} INFO - Setting next_dagrun for example_subdag_operator.section-2 to None, run_after=None
[2024-09-24T04:28:47.183+0000] {processor.py:176} INFO - Processing /home/airflow/.local/lib/python3.7/site-packages/airflow/example_dags/example_subdag_operator.py took 0.391 seconds
[2024-09-24T04:29:17.413+0000] {processor.py:154} INFO - Started process (PID=15175) to work on /home/airflow/.local/lib/python3.7/site-packages/airflow/example_dags/example_subdag_operator.py
[2024-09-24T04:29:17.415+0000] {processor.py:756} INFO - Processing file /home/airflow/.local/lib/python3.7/site-packages/airflow/example_dags/example_subdag_operator.py for tasks to queue
[2024-09-24T04:29:17.415+0000] {logging_mixin.py:120} INFO - [2024-09-24T04:29:17.415+0000] {dagbag.py:537} INFO - Filling up the DagBag from /home/airflow/.local/lib/python3.7/site-packages/airflow/example_dags/example_subdag_operator.py
[2024-09-24T04:29:17.467+0000] {processor.py:766} INFO - DAG(s) dict_keys(['example_subdag_operator.section-1', 'example_subdag_operator.section-2', 'example_subdag_operator']) retrieved from /home/airflow/.local/lib/python3.7/site-packages/airflow/example_dags/example_subdag_operator.py
[2024-09-24T04:29:17.817+0000] {logging_mixin.py:120} INFO - [2024-09-24T04:29:17.817+0000] {dag.py:2585} INFO - Sync 3 DAGs
[2024-09-24T04:29:17.865+0000] {logging_mixin.py:120} INFO - [2024-09-24T04:29:17.865+0000] {dag.py:3340} INFO - Setting next_dagrun for example_subdag_operator to 2022-01-01T00:00:00+00:00, run_after=2022-01-01T00:00:00+00:00
[2024-09-24T04:29:17.871+0000] {logging_mixin.py:120} INFO - [2024-09-24T04:29:17.871+0000] {dag.py:3340} INFO - Setting next_dagrun for example_subdag_operator.section-1 to None, run_after=None
[2024-09-24T04:29:17.874+0000] {logging_mixin.py:120} INFO - [2024-09-24T04:29:17.874+0000] {dag.py:3340} INFO - Setting next_dagrun for example_subdag_operator.section-2 to None, run_after=None
[2024-09-24T04:29:17.888+0000] {logging_mixin.py:120} INFO - [2024-09-24T04:29:17.888+0000] {dag.py:2585} INFO - Sync 2 DAGs
[2024-09-24T04:29:17.897+0000] {logging_mixin.py:120} INFO - [2024-09-24T04:29:17.897+0000] {dag.py:3340} INFO - Setting next_dagrun for example_subdag_operator.section-1 to None, run_after=None
[2024-09-24T04:29:17.898+0000] {logging_mixin.py:120} INFO - [2024-09-24T04:29:17.898+0000] {dag.py:3340} INFO - Setting next_dagrun for example_subdag_operator.section-2 to None, run_after=None
[2024-09-24T04:29:17.918+0000] {processor.py:176} INFO - Processing /home/airflow/.local/lib/python3.7/site-packages/airflow/example_dags/example_subdag_operator.py took 0.509 seconds
[2024-09-24T04:29:48.250+0000] {processor.py:154} INFO - Started process (PID=15238) to work on /home/airflow/.local/lib/python3.7/site-packages/airflow/example_dags/example_subdag_operator.py
[2024-09-24T04:29:48.254+0000] {processor.py:756} INFO - Processing file /home/airflow/.local/lib/python3.7/site-packages/airflow/example_dags/example_subdag_operator.py for tasks to queue
[2024-09-24T04:29:48.255+0000] {logging_mixin.py:120} INFO - [2024-09-24T04:29:48.255+0000] {dagbag.py:537} INFO - Filling up the DagBag from /home/airflow/.local/lib/python3.7/site-packages/airflow/example_dags/example_subdag_operator.py
[2024-09-24T04:29:48.329+0000] {processor.py:766} INFO - DAG(s) dict_keys(['example_subdag_operator.section-1', 'example_subdag_operator.section-2', 'example_subdag_operator']) retrieved from /home/airflow/.local/lib/python3.7/site-packages/airflow/example_dags/example_subdag_operator.py
[2024-09-24T04:29:48.749+0000] {logging_mixin.py:120} INFO - [2024-09-24T04:29:48.748+0000] {dag.py:2585} INFO - Sync 3 DAGs
[2024-09-24T04:29:48.795+0000] {logging_mixin.py:120} INFO - [2024-09-24T04:29:48.794+0000] {dag.py:3340} INFO - Setting next_dagrun for example_subdag_operator to 2022-01-01T00:00:00+00:00, run_after=2022-01-01T00:00:00+00:00
[2024-09-24T04:29:48.800+0000] {logging_mixin.py:120} INFO - [2024-09-24T04:29:48.800+0000] {dag.py:3340} INFO - Setting next_dagrun for example_subdag_operator.section-1 to None, run_after=None
[2024-09-24T04:29:48.803+0000] {logging_mixin.py:120} INFO - [2024-09-24T04:29:48.803+0000] {dag.py:3340} INFO - Setting next_dagrun for example_subdag_operator.section-2 to None, run_after=None
[2024-09-24T04:29:48.816+0000] {logging_mixin.py:120} INFO - [2024-09-24T04:29:48.815+0000] {dag.py:2585} INFO - Sync 2 DAGs
[2024-09-24T04:29:48.824+0000] {logging_mixin.py:120} INFO - [2024-09-24T04:29:48.824+0000] {dag.py:3340} INFO - Setting next_dagrun for example_subdag_operator.section-1 to None, run_after=None
[2024-09-24T04:29:48.825+0000] {logging_mixin.py:120} INFO - [2024-09-24T04:29:48.825+0000] {dag.py:3340} INFO - Setting next_dagrun for example_subdag_operator.section-2 to None, run_after=None
[2024-09-24T04:29:48.842+0000] {processor.py:176} INFO - Processing /home/airflow/.local/lib/python3.7/site-packages/airflow/example_dags/example_subdag_operator.py took 0.601 seconds
[2024-09-24T04:30:18.957+0000] {processor.py:154} INFO - Started process (PID=15301) to work on /home/airflow/.local/lib/python3.7/site-packages/airflow/example_dags/example_subdag_operator.py
[2024-09-24T04:30:18.959+0000] {processor.py:756} INFO - Processing file /home/airflow/.local/lib/python3.7/site-packages/airflow/example_dags/example_subdag_operator.py for tasks to queue
[2024-09-24T04:30:18.960+0000] {logging_mixin.py:120} INFO - [2024-09-24T04:30:18.960+0000] {dagbag.py:537} INFO - Filling up the DagBag from /home/airflow/.local/lib/python3.7/site-packages/airflow/example_dags/example_subdag_operator.py
[2024-09-24T04:30:19.005+0000] {processor.py:766} INFO - DAG(s) dict_keys(['example_subdag_operator.section-1', 'example_subdag_operator.section-2', 'example_subdag_operator']) retrieved from /home/airflow/.local/lib/python3.7/site-packages/airflow/example_dags/example_subdag_operator.py
[2024-09-24T04:30:19.223+0000] {logging_mixin.py:120} INFO - [2024-09-24T04:30:19.222+0000] {dag.py:2585} INFO - Sync 3 DAGs
[2024-09-24T04:30:19.252+0000] {logging_mixin.py:120} INFO - [2024-09-24T04:30:19.251+0000] {dag.py:3340} INFO - Setting next_dagrun for example_subdag_operator to 2022-01-01T00:00:00+00:00, run_after=2022-01-01T00:00:00+00:00
[2024-09-24T04:30:19.256+0000] {logging_mixin.py:120} INFO - [2024-09-24T04:30:19.255+0000] {dag.py:3340} INFO - Setting next_dagrun for example_subdag_operator.section-1 to None, run_after=None
[2024-09-24T04:30:19.257+0000] {logging_mixin.py:120} INFO - [2024-09-24T04:30:19.257+0000] {dag.py:3340} INFO - Setting next_dagrun for example_subdag_operator.section-2 to None, run_after=None
[2024-09-24T04:30:19.267+0000] {logging_mixin.py:120} INFO - [2024-09-24T04:30:19.266+0000] {dag.py:2585} INFO - Sync 2 DAGs
[2024-09-24T04:30:19.275+0000] {logging_mixin.py:120} INFO - [2024-09-24T04:30:19.275+0000] {dag.py:3340} INFO - Setting next_dagrun for example_subdag_operator.section-1 to None, run_after=None
[2024-09-24T04:30:19.275+0000] {logging_mixin.py:120} INFO - [2024-09-24T04:30:19.275+0000] {dag.py:3340} INFO - Setting next_dagrun for example_subdag_operator.section-2 to None, run_after=None
[2024-09-24T04:30:19.290+0000] {processor.py:176} INFO - Processing /home/airflow/.local/lib/python3.7/site-packages/airflow/example_dags/example_subdag_operator.py took 0.338 seconds
[2024-09-24T04:30:49.363+0000] {processor.py:154} INFO - Started process (PID=15355) to work on /home/airflow/.local/lib/python3.7/site-packages/airflow/example_dags/example_subdag_operator.py
[2024-09-24T04:30:49.366+0000] {processor.py:756} INFO - Processing file /home/airflow/.local/lib/python3.7/site-packages/airflow/example_dags/example_subdag_operator.py for tasks to queue
[2024-09-24T04:30:49.367+0000] {logging_mixin.py:120} INFO - [2024-09-24T04:30:49.366+0000] {dagbag.py:537} INFO - Filling up the DagBag from /home/airflow/.local/lib/python3.7/site-packages/airflow/example_dags/example_subdag_operator.py
[2024-09-24T04:30:49.410+0000] {processor.py:766} INFO - DAG(s) dict_keys(['example_subdag_operator.section-1', 'example_subdag_operator.section-2', 'example_subdag_operator']) retrieved from /home/airflow/.local/lib/python3.7/site-packages/airflow/example_dags/example_subdag_operator.py
[2024-09-24T04:30:49.619+0000] {logging_mixin.py:120} INFO - [2024-09-24T04:30:49.618+0000] {dag.py:2585} INFO - Sync 3 DAGs
[2024-09-24T04:30:49.644+0000] {logging_mixin.py:120} INFO - [2024-09-24T04:30:49.644+0000] {dag.py:3340} INFO - Setting next_dagrun for example_subdag_operator to 2022-01-01T00:00:00+00:00, run_after=2022-01-01T00:00:00+00:00
[2024-09-24T04:30:49.648+0000] {logging_mixin.py:120} INFO - [2024-09-24T04:30:49.648+0000] {dag.py:3340} INFO - Setting next_dagrun for example_subdag_operator.section-1 to None, run_after=None
[2024-09-24T04:30:49.649+0000] {logging_mixin.py:120} INFO - [2024-09-24T04:30:49.649+0000] {dag.py:3340} INFO - Setting next_dagrun for example_subdag_operator.section-2 to None, run_after=None
[2024-09-24T04:30:49.658+0000] {logging_mixin.py:120} INFO - [2024-09-24T04:30:49.658+0000] {dag.py:2585} INFO - Sync 2 DAGs
[2024-09-24T04:30:49.665+0000] {logging_mixin.py:120} INFO - [2024-09-24T04:30:49.665+0000] {dag.py:3340} INFO - Setting next_dagrun for example_subdag_operator.section-1 to None, run_after=None
[2024-09-24T04:30:49.666+0000] {logging_mixin.py:120} INFO - [2024-09-24T04:30:49.666+0000] {dag.py:3340} INFO - Setting next_dagrun for example_subdag_operator.section-2 to None, run_after=None
[2024-09-24T04:30:49.680+0000] {processor.py:176} INFO - Processing /home/airflow/.local/lib/python3.7/site-packages/airflow/example_dags/example_subdag_operator.py took 0.322 seconds
[2024-09-24T04:31:19.891+0000] {processor.py:154} INFO - Started process (PID=15418) to work on /home/airflow/.local/lib/python3.7/site-packages/airflow/example_dags/example_subdag_operator.py
[2024-09-24T04:31:19.893+0000] {processor.py:756} INFO - Processing file /home/airflow/.local/lib/python3.7/site-packages/airflow/example_dags/example_subdag_operator.py for tasks to queue
[2024-09-24T04:31:19.894+0000] {logging_mixin.py:120} INFO - [2024-09-24T04:31:19.894+0000] {dagbag.py:537} INFO - Filling up the DagBag from /home/airflow/.local/lib/python3.7/site-packages/airflow/example_dags/example_subdag_operator.py
[2024-09-24T04:31:19.940+0000] {processor.py:766} INFO - DAG(s) dict_keys(['example_subdag_operator.section-1', 'example_subdag_operator.section-2', 'example_subdag_operator']) retrieved from /home/airflow/.local/lib/python3.7/site-packages/airflow/example_dags/example_subdag_operator.py
[2024-09-24T04:31:20.153+0000] {logging_mixin.py:120} INFO - [2024-09-24T04:31:20.153+0000] {dag.py:2585} INFO - Sync 3 DAGs
[2024-09-24T04:31:20.180+0000] {logging_mixin.py:120} INFO - [2024-09-24T04:31:20.179+0000] {dag.py:3340} INFO - Setting next_dagrun for example_subdag_operator to 2022-01-01T00:00:00+00:00, run_after=2022-01-01T00:00:00+00:00
[2024-09-24T04:31:20.184+0000] {logging_mixin.py:120} INFO - [2024-09-24T04:31:20.183+0000] {dag.py:3340} INFO - Setting next_dagrun for example_subdag_operator.section-1 to None, run_after=None
[2024-09-24T04:31:20.185+0000] {logging_mixin.py:120} INFO - [2024-09-24T04:31:20.185+0000] {dag.py:3340} INFO - Setting next_dagrun for example_subdag_operator.section-2 to None, run_after=None
[2024-09-24T04:31:20.194+0000] {logging_mixin.py:120} INFO - [2024-09-24T04:31:20.194+0000] {dag.py:2585} INFO - Sync 2 DAGs
[2024-09-24T04:31:20.202+0000] {logging_mixin.py:120} INFO - [2024-09-24T04:31:20.201+0000] {dag.py:3340} INFO - Setting next_dagrun for example_subdag_operator.section-1 to None, run_after=None
[2024-09-24T04:31:20.202+0000] {logging_mixin.py:120} INFO - [2024-09-24T04:31:20.202+0000] {dag.py:3340} INFO - Setting next_dagrun for example_subdag_operator.section-2 to None, run_after=None
[2024-09-24T04:31:20.221+0000] {processor.py:176} INFO - Processing /home/airflow/.local/lib/python3.7/site-packages/airflow/example_dags/example_subdag_operator.py took 0.335 seconds
[2024-09-24T04:31:50.284+0000] {processor.py:154} INFO - Started process (PID=15472) to work on /home/airflow/.local/lib/python3.7/site-packages/airflow/example_dags/example_subdag_operator.py
[2024-09-24T04:31:50.286+0000] {processor.py:756} INFO - Processing file /home/airflow/.local/lib/python3.7/site-packages/airflow/example_dags/example_subdag_operator.py for tasks to queue
[2024-09-24T04:31:50.288+0000] {logging_mixin.py:120} INFO - [2024-09-24T04:31:50.287+0000] {dagbag.py:537} INFO - Filling up the DagBag from /home/airflow/.local/lib/python3.7/site-packages/airflow/example_dags/example_subdag_operator.py
[2024-09-24T04:31:50.342+0000] {processor.py:766} INFO - DAG(s) dict_keys(['example_subdag_operator.section-1', 'example_subdag_operator.section-2', 'example_subdag_operator']) retrieved from /home/airflow/.local/lib/python3.7/site-packages/airflow/example_dags/example_subdag_operator.py
[2024-09-24T04:31:50.645+0000] {logging_mixin.py:120} INFO - [2024-09-24T04:31:50.645+0000] {dag.py:2585} INFO - Sync 3 DAGs
[2024-09-24T04:31:50.685+0000] {logging_mixin.py:120} INFO - [2024-09-24T04:31:50.684+0000] {dag.py:3340} INFO - Setting next_dagrun for example_subdag_operator to 2022-01-01T00:00:00+00:00, run_after=2022-01-01T00:00:00+00:00
[2024-09-24T04:31:50.690+0000] {logging_mixin.py:120} INFO - [2024-09-24T04:31:50.690+0000] {dag.py:3340} INFO - Setting next_dagrun for example_subdag_operator.section-1 to None, run_after=None
[2024-09-24T04:31:50.692+0000] {logging_mixin.py:120} INFO - [2024-09-24T04:31:50.692+0000] {dag.py:3340} INFO - Setting next_dagrun for example_subdag_operator.section-2 to None, run_after=None
[2024-09-24T04:31:50.708+0000] {logging_mixin.py:120} INFO - [2024-09-24T04:31:50.707+0000] {dag.py:2585} INFO - Sync 2 DAGs
[2024-09-24T04:31:50.718+0000] {logging_mixin.py:120} INFO - [2024-09-24T04:31:50.718+0000] {dag.py:3340} INFO - Setting next_dagrun for example_subdag_operator.section-1 to None, run_after=None
[2024-09-24T04:31:50.719+0000] {logging_mixin.py:120} INFO - [2024-09-24T04:31:50.719+0000] {dag.py:3340} INFO - Setting next_dagrun for example_subdag_operator.section-2 to None, run_after=None
[2024-09-24T04:31:50.741+0000] {processor.py:176} INFO - Processing /home/airflow/.local/lib/python3.7/site-packages/airflow/example_dags/example_subdag_operator.py took 0.462 seconds
[2024-09-24T04:32:21.424+0000] {processor.py:154} INFO - Started process (PID=15535) to work on /home/airflow/.local/lib/python3.7/site-packages/airflow/example_dags/example_subdag_operator.py
[2024-09-24T04:32:21.426+0000] {processor.py:756} INFO - Processing file /home/airflow/.local/lib/python3.7/site-packages/airflow/example_dags/example_subdag_operator.py for tasks to queue
[2024-09-24T04:32:21.427+0000] {logging_mixin.py:120} INFO - [2024-09-24T04:32:21.426+0000] {dagbag.py:537} INFO - Filling up the DagBag from /home/airflow/.local/lib/python3.7/site-packages/airflow/example_dags/example_subdag_operator.py
[2024-09-24T04:32:21.477+0000] {processor.py:766} INFO - DAG(s) dict_keys(['example_subdag_operator.section-1', 'example_subdag_operator.section-2', 'example_subdag_operator']) retrieved from /home/airflow/.local/lib/python3.7/site-packages/airflow/example_dags/example_subdag_operator.py
[2024-09-24T04:32:21.725+0000] {logging_mixin.py:120} INFO - [2024-09-24T04:32:21.725+0000] {dag.py:2585} INFO - Sync 3 DAGs
[2024-09-24T04:32:21.762+0000] {logging_mixin.py:120} INFO - [2024-09-24T04:32:21.761+0000] {dag.py:3340} INFO - Setting next_dagrun for example_subdag_operator to 2022-01-01T00:00:00+00:00, run_after=2022-01-01T00:00:00+00:00
[2024-09-24T04:32:21.767+0000] {logging_mixin.py:120} INFO - [2024-09-24T04:32:21.767+0000] {dag.py:3340} INFO - Setting next_dagrun for example_subdag_operator.section-1 to None, run_after=None
[2024-09-24T04:32:21.769+0000] {logging_mixin.py:120} INFO - [2024-09-24T04:32:21.769+0000] {dag.py:3340} INFO - Setting next_dagrun for example_subdag_operator.section-2 to None, run_after=None
[2024-09-24T04:32:21.779+0000] {logging_mixin.py:120} INFO - [2024-09-24T04:32:21.779+0000] {dag.py:2585} INFO - Sync 2 DAGs
[2024-09-24T04:32:21.789+0000] {logging_mixin.py:120} INFO - [2024-09-24T04:32:21.789+0000] {dag.py:3340} INFO - Setting next_dagrun for example_subdag_operator.section-1 to None, run_after=None
[2024-09-24T04:32:21.790+0000] {logging_mixin.py:120} INFO - [2024-09-24T04:32:21.789+0000] {dag.py:3340} INFO - Setting next_dagrun for example_subdag_operator.section-2 to None, run_after=None
[2024-09-24T04:32:21.809+0000] {processor.py:176} INFO - Processing /home/airflow/.local/lib/python3.7/site-packages/airflow/example_dags/example_subdag_operator.py took 0.390 seconds
[2024-09-24T04:32:52.291+0000] {processor.py:154} INFO - Started process (PID=15598) to work on /home/airflow/.local/lib/python3.7/site-packages/airflow/example_dags/example_subdag_operator.py
[2024-09-24T04:32:52.292+0000] {processor.py:756} INFO - Processing file /home/airflow/.local/lib/python3.7/site-packages/airflow/example_dags/example_subdag_operator.py for tasks to queue
[2024-09-24T04:32:52.293+0000] {logging_mixin.py:120} INFO - [2024-09-24T04:32:52.293+0000] {dagbag.py:537} INFO - Filling up the DagBag from /home/airflow/.local/lib/python3.7/site-packages/airflow/example_dags/example_subdag_operator.py
[2024-09-24T04:32:52.350+0000] {processor.py:766} INFO - DAG(s) dict_keys(['example_subdag_operator.section-1', 'example_subdag_operator.section-2', 'example_subdag_operator']) retrieved from /home/airflow/.local/lib/python3.7/site-packages/airflow/example_dags/example_subdag_operator.py
[2024-09-24T04:32:52.628+0000] {logging_mixin.py:120} INFO - [2024-09-24T04:32:52.628+0000] {dag.py:2585} INFO - Sync 3 DAGs
[2024-09-24T04:32:52.672+0000] {logging_mixin.py:120} INFO - [2024-09-24T04:32:52.671+0000] {dag.py:3340} INFO - Setting next_dagrun for example_subdag_operator to 2022-01-01T00:00:00+00:00, run_after=2022-01-01T00:00:00+00:00
[2024-09-24T04:32:52.677+0000] {logging_mixin.py:120} INFO - [2024-09-24T04:32:52.677+0000] {dag.py:3340} INFO - Setting next_dagrun for example_subdag_operator.section-1 to None, run_after=None
[2024-09-24T04:32:52.679+0000] {logging_mixin.py:120} INFO - [2024-09-24T04:32:52.679+0000] {dag.py:3340} INFO - Setting next_dagrun for example_subdag_operator.section-2 to None, run_after=None
[2024-09-24T04:32:52.691+0000] {logging_mixin.py:120} INFO - [2024-09-24T04:32:52.690+0000] {dag.py:2585} INFO - Sync 2 DAGs
[2024-09-24T04:32:52.703+0000] {logging_mixin.py:120} INFO - [2024-09-24T04:32:52.703+0000] {dag.py:3340} INFO - Setting next_dagrun for example_subdag_operator.section-1 to None, run_after=None
[2024-09-24T04:32:52.704+0000] {logging_mixin.py:120} INFO - [2024-09-24T04:32:52.704+0000] {dag.py:3340} INFO - Setting next_dagrun for example_subdag_operator.section-2 to None, run_after=None
[2024-09-24T04:32:52.723+0000] {processor.py:176} INFO - Processing /home/airflow/.local/lib/python3.7/site-packages/airflow/example_dags/example_subdag_operator.py took 0.437 seconds
[2024-09-24T04:33:23.233+0000] {processor.py:154} INFO - Started process (PID=15652) to work on /home/airflow/.local/lib/python3.7/site-packages/airflow/example_dags/example_subdag_operator.py
[2024-09-24T04:33:23.234+0000] {processor.py:756} INFO - Processing file /home/airflow/.local/lib/python3.7/site-packages/airflow/example_dags/example_subdag_operator.py for tasks to queue
[2024-09-24T04:33:23.236+0000] {logging_mixin.py:120} INFO - [2024-09-24T04:33:23.235+0000] {dagbag.py:537} INFO - Filling up the DagBag from /home/airflow/.local/lib/python3.7/site-packages/airflow/example_dags/example_subdag_operator.py
[2024-09-24T04:33:23.285+0000] {processor.py:766} INFO - DAG(s) dict_keys(['example_subdag_operator.section-1', 'example_subdag_operator.section-2', 'example_subdag_operator']) retrieved from /home/airflow/.local/lib/python3.7/site-packages/airflow/example_dags/example_subdag_operator.py
[2024-09-24T04:33:23.531+0000] {logging_mixin.py:120} INFO - [2024-09-24T04:33:23.531+0000] {dag.py:2585} INFO - Sync 3 DAGs
[2024-09-24T04:33:23.567+0000] {logging_mixin.py:120} INFO - [2024-09-24T04:33:23.567+0000] {dag.py:3340} INFO - Setting next_dagrun for example_subdag_operator to 2022-01-01T00:00:00+00:00, run_after=2022-01-01T00:00:00+00:00
[2024-09-24T04:33:23.571+0000] {logging_mixin.py:120} INFO - [2024-09-24T04:33:23.571+0000] {dag.py:3340} INFO - Setting next_dagrun for example_subdag_operator.section-1 to None, run_after=None
[2024-09-24T04:33:23.573+0000] {logging_mixin.py:120} INFO - [2024-09-24T04:33:23.573+0000] {dag.py:3340} INFO - Setting next_dagrun for example_subdag_operator.section-2 to None, run_after=None
[2024-09-24T04:33:23.585+0000] {logging_mixin.py:120} INFO - [2024-09-24T04:33:23.585+0000] {dag.py:2585} INFO - Sync 2 DAGs
[2024-09-24T04:33:23.595+0000] {logging_mixin.py:120} INFO - [2024-09-24T04:33:23.595+0000] {dag.py:3340} INFO - Setting next_dagrun for example_subdag_operator.section-1 to None, run_after=None
[2024-09-24T04:33:23.596+0000] {logging_mixin.py:120} INFO - [2024-09-24T04:33:23.596+0000] {dag.py:3340} INFO - Setting next_dagrun for example_subdag_operator.section-2 to None, run_after=None
[2024-09-24T04:33:23.614+0000] {processor.py:176} INFO - Processing /home/airflow/.local/lib/python3.7/site-packages/airflow/example_dags/example_subdag_operator.py took 0.387 seconds
[2024-09-24T04:33:53.725+0000] {processor.py:154} INFO - Started process (PID=15715) to work on /home/airflow/.local/lib/python3.7/site-packages/airflow/example_dags/example_subdag_operator.py
[2024-09-24T04:33:53.726+0000] {processor.py:756} INFO - Processing file /home/airflow/.local/lib/python3.7/site-packages/airflow/example_dags/example_subdag_operator.py for tasks to queue
[2024-09-24T04:33:53.727+0000] {logging_mixin.py:120} INFO - [2024-09-24T04:33:53.727+0000] {dagbag.py:537} INFO - Filling up the DagBag from /home/airflow/.local/lib/python3.7/site-packages/airflow/example_dags/example_subdag_operator.py
[2024-09-24T04:33:53.765+0000] {processor.py:766} INFO - DAG(s) dict_keys(['example_subdag_operator.section-1', 'example_subdag_operator.section-2', 'example_subdag_operator']) retrieved from /home/airflow/.local/lib/python3.7/site-packages/airflow/example_dags/example_subdag_operator.py
[2024-09-24T04:33:53.966+0000] {logging_mixin.py:120} INFO - [2024-09-24T04:33:53.966+0000] {dag.py:2585} INFO - Sync 3 DAGs
[2024-09-24T04:33:53.993+0000] {logging_mixin.py:120} INFO - [2024-09-24T04:33:53.993+0000] {dag.py:3340} INFO - Setting next_dagrun for example_subdag_operator to 2022-01-01T00:00:00+00:00, run_after=2022-01-01T00:00:00+00:00
[2024-09-24T04:33:53.997+0000] {logging_mixin.py:120} INFO - [2024-09-24T04:33:53.997+0000] {dag.py:3340} INFO - Setting next_dagrun for example_subdag_operator.section-1 to None, run_after=None
[2024-09-24T04:33:53.998+0000] {logging_mixin.py:120} INFO - [2024-09-24T04:33:53.998+0000] {dag.py:3340} INFO - Setting next_dagrun for example_subdag_operator.section-2 to None, run_after=None
[2024-09-24T04:33:54.007+0000] {logging_mixin.py:120} INFO - [2024-09-24T04:33:54.007+0000] {dag.py:2585} INFO - Sync 2 DAGs
[2024-09-24T04:33:54.013+0000] {logging_mixin.py:120} INFO - [2024-09-24T04:33:54.013+0000] {dag.py:3340} INFO - Setting next_dagrun for example_subdag_operator.section-1 to None, run_after=None
[2024-09-24T04:33:54.013+0000] {logging_mixin.py:120} INFO - [2024-09-24T04:33:54.013+0000] {dag.py:3340} INFO - Setting next_dagrun for example_subdag_operator.section-2 to None, run_after=None
[2024-09-24T04:33:54.028+0000] {processor.py:176} INFO - Processing /home/airflow/.local/lib/python3.7/site-packages/airflow/example_dags/example_subdag_operator.py took 0.307 seconds
[2024-09-24T04:34:24.632+0000] {processor.py:154} INFO - Started process (PID=15770) to work on /home/airflow/.local/lib/python3.7/site-packages/airflow/example_dags/example_subdag_operator.py
[2024-09-24T04:34:24.634+0000] {processor.py:756} INFO - Processing file /home/airflow/.local/lib/python3.7/site-packages/airflow/example_dags/example_subdag_operator.py for tasks to queue
[2024-09-24T04:34:24.635+0000] {logging_mixin.py:120} INFO - [2024-09-24T04:34:24.635+0000] {dagbag.py:537} INFO - Filling up the DagBag from /home/airflow/.local/lib/python3.7/site-packages/airflow/example_dags/example_subdag_operator.py
[2024-09-24T04:34:24.694+0000] {processor.py:766} INFO - DAG(s) dict_keys(['example_subdag_operator.section-1', 'example_subdag_operator.section-2', 'example_subdag_operator']) retrieved from /home/airflow/.local/lib/python3.7/site-packages/airflow/example_dags/example_subdag_operator.py
[2024-09-24T04:34:25.042+0000] {logging_mixin.py:120} INFO - [2024-09-24T04:34:25.042+0000] {dag.py:2585} INFO - Sync 3 DAGs
[2024-09-24T04:34:25.090+0000] {logging_mixin.py:120} INFO - [2024-09-24T04:34:25.090+0000] {dag.py:3340} INFO - Setting next_dagrun for example_subdag_operator to 2022-01-01T00:00:00+00:00, run_after=2022-01-01T00:00:00+00:00
[2024-09-24T04:34:25.096+0000] {logging_mixin.py:120} INFO - [2024-09-24T04:34:25.096+0000] {dag.py:3340} INFO - Setting next_dagrun for example_subdag_operator.section-1 to None, run_after=None
[2024-09-24T04:34:25.100+0000] {logging_mixin.py:120} INFO - [2024-09-24T04:34:25.100+0000] {dag.py:3340} INFO - Setting next_dagrun for example_subdag_operator.section-2 to None, run_after=None
[2024-09-24T04:34:25.114+0000] {logging_mixin.py:120} INFO - [2024-09-24T04:34:25.113+0000] {dag.py:2585} INFO - Sync 2 DAGs
[2024-09-24T04:34:25.125+0000] {logging_mixin.py:120} INFO - [2024-09-24T04:34:25.124+0000] {dag.py:3340} INFO - Setting next_dagrun for example_subdag_operator.section-1 to None, run_after=None
[2024-09-24T04:34:25.126+0000] {logging_mixin.py:120} INFO - [2024-09-24T04:34:25.126+0000] {dag.py:3340} INFO - Setting next_dagrun for example_subdag_operator.section-2 to None, run_after=None
[2024-09-24T04:34:25.156+0000] {processor.py:176} INFO - Processing /home/airflow/.local/lib/python3.7/site-packages/airflow/example_dags/example_subdag_operator.py took 0.529 seconds
[2024-09-24T04:34:55.364+0000] {processor.py:154} INFO - Started process (PID=15833) to work on /home/airflow/.local/lib/python3.7/site-packages/airflow/example_dags/example_subdag_operator.py
[2024-09-24T04:34:55.366+0000] {processor.py:756} INFO - Processing file /home/airflow/.local/lib/python3.7/site-packages/airflow/example_dags/example_subdag_operator.py for tasks to queue
[2024-09-24T04:34:55.367+0000] {logging_mixin.py:120} INFO - [2024-09-24T04:34:55.367+0000] {dagbag.py:537} INFO - Filling up the DagBag from /home/airflow/.local/lib/python3.7/site-packages/airflow/example_dags/example_subdag_operator.py
[2024-09-24T04:34:55.421+0000] {processor.py:766} INFO - DAG(s) dict_keys(['example_subdag_operator.section-1', 'example_subdag_operator.section-2', 'example_subdag_operator']) retrieved from /home/airflow/.local/lib/python3.7/site-packages/airflow/example_dags/example_subdag_operator.py
[2024-09-24T04:34:55.707+0000] {logging_mixin.py:120} INFO - [2024-09-24T04:34:55.706+0000] {dag.py:2585} INFO - Sync 3 DAGs
[2024-09-24T04:34:55.746+0000] {logging_mixin.py:120} INFO - [2024-09-24T04:34:55.746+0000] {dag.py:3340} INFO - Setting next_dagrun for example_subdag_operator to 2022-01-01T00:00:00+00:00, run_after=2022-01-01T00:00:00+00:00
[2024-09-24T04:34:55.751+0000] {logging_mixin.py:120} INFO - [2024-09-24T04:34:55.751+0000] {dag.py:3340} INFO - Setting next_dagrun for example_subdag_operator.section-1 to None, run_after=None
[2024-09-24T04:34:55.753+0000] {logging_mixin.py:120} INFO - [2024-09-24T04:34:55.753+0000] {dag.py:3340} INFO - Setting next_dagrun for example_subdag_operator.section-2 to None, run_after=None
[2024-09-24T04:34:55.767+0000] {logging_mixin.py:120} INFO - [2024-09-24T04:34:55.767+0000] {dag.py:2585} INFO - Sync 2 DAGs
[2024-09-24T04:34:55.778+0000] {logging_mixin.py:120} INFO - [2024-09-24T04:34:55.777+0000] {dag.py:3340} INFO - Setting next_dagrun for example_subdag_operator.section-1 to None, run_after=None
[2024-09-24T04:34:55.778+0000] {logging_mixin.py:120} INFO - [2024-09-24T04:34:55.778+0000] {dag.py:3340} INFO - Setting next_dagrun for example_subdag_operator.section-2 to None, run_after=None
[2024-09-24T04:34:55.799+0000] {processor.py:176} INFO - Processing /home/airflow/.local/lib/python3.7/site-packages/airflow/example_dags/example_subdag_operator.py took 0.440 seconds
[2024-09-24T04:35:25.877+0000] {processor.py:154} INFO - Started process (PID=15896) to work on /home/airflow/.local/lib/python3.7/site-packages/airflow/example_dags/example_subdag_operator.py
[2024-09-24T04:35:25.879+0000] {processor.py:756} INFO - Processing file /home/airflow/.local/lib/python3.7/site-packages/airflow/example_dags/example_subdag_operator.py for tasks to queue
[2024-09-24T04:35:25.881+0000] {logging_mixin.py:120} INFO - [2024-09-24T04:35:25.881+0000] {dagbag.py:537} INFO - Filling up the DagBag from /home/airflow/.local/lib/python3.7/site-packages/airflow/example_dags/example_subdag_operator.py
[2024-09-24T04:35:25.959+0000] {processor.py:766} INFO - DAG(s) dict_keys(['example_subdag_operator.section-1', 'example_subdag_operator.section-2', 'example_subdag_operator']) retrieved from /home/airflow/.local/lib/python3.7/site-packages/airflow/example_dags/example_subdag_operator.py
[2024-09-24T04:35:26.326+0000] {logging_mixin.py:120} INFO - [2024-09-24T04:35:26.326+0000] {dag.py:2585} INFO - Sync 3 DAGs
[2024-09-24T04:35:26.366+0000] {logging_mixin.py:120} INFO - [2024-09-24T04:35:26.365+0000] {dag.py:3340} INFO - Setting next_dagrun for example_subdag_operator to 2022-01-01T00:00:00+00:00, run_after=2022-01-01T00:00:00+00:00
[2024-09-24T04:35:26.373+0000] {logging_mixin.py:120} INFO - [2024-09-24T04:35:26.373+0000] {dag.py:3340} INFO - Setting next_dagrun for example_subdag_operator.section-1 to None, run_after=None
[2024-09-24T04:35:26.376+0000] {logging_mixin.py:120} INFO - [2024-09-24T04:35:26.376+0000] {dag.py:3340} INFO - Setting next_dagrun for example_subdag_operator.section-2 to None, run_after=None
[2024-09-24T04:35:26.390+0000] {logging_mixin.py:120} INFO - [2024-09-24T04:35:26.389+0000] {dag.py:2585} INFO - Sync 2 DAGs
[2024-09-24T04:35:26.399+0000] {logging_mixin.py:120} INFO - [2024-09-24T04:35:26.399+0000] {dag.py:3340} INFO - Setting next_dagrun for example_subdag_operator.section-1 to None, run_after=None
[2024-09-24T04:35:26.400+0000] {logging_mixin.py:120} INFO - [2024-09-24T04:35:26.400+0000] {dag.py:3340} INFO - Setting next_dagrun for example_subdag_operator.section-2 to None, run_after=None
[2024-09-24T04:35:26.424+0000] {processor.py:176} INFO - Processing /home/airflow/.local/lib/python3.7/site-packages/airflow/example_dags/example_subdag_operator.py took 0.556 seconds
[2024-09-24T04:35:57.201+0000] {processor.py:154} INFO - Started process (PID=15950) to work on /home/airflow/.local/lib/python3.7/site-packages/airflow/example_dags/example_subdag_operator.py
[2024-09-24T04:35:57.205+0000] {processor.py:756} INFO - Processing file /home/airflow/.local/lib/python3.7/site-packages/airflow/example_dags/example_subdag_operator.py for tasks to queue
[2024-09-24T04:35:57.206+0000] {logging_mixin.py:120} INFO - [2024-09-24T04:35:57.206+0000] {dagbag.py:537} INFO - Filling up the DagBag from /home/airflow/.local/lib/python3.7/site-packages/airflow/example_dags/example_subdag_operator.py
[2024-09-24T04:35:57.265+0000] {processor.py:766} INFO - DAG(s) dict_keys(['example_subdag_operator.section-1', 'example_subdag_operator.section-2', 'example_subdag_operator']) retrieved from /home/airflow/.local/lib/python3.7/site-packages/airflow/example_dags/example_subdag_operator.py
[2024-09-24T04:35:57.574+0000] {logging_mixin.py:120} INFO - [2024-09-24T04:35:57.573+0000] {dag.py:2585} INFO - Sync 3 DAGs
[2024-09-24T04:35:57.616+0000] {logging_mixin.py:120} INFO - [2024-09-24T04:35:57.615+0000] {dag.py:3340} INFO - Setting next_dagrun for example_subdag_operator to 2022-01-01T00:00:00+00:00, run_after=2022-01-01T00:00:00+00:00
[2024-09-24T04:35:57.623+0000] {logging_mixin.py:120} INFO - [2024-09-24T04:35:57.623+0000] {dag.py:3340} INFO - Setting next_dagrun for example_subdag_operator.section-1 to None, run_after=None
[2024-09-24T04:35:57.626+0000] {logging_mixin.py:120} INFO - [2024-09-24T04:35:57.625+0000] {dag.py:3340} INFO - Setting next_dagrun for example_subdag_operator.section-2 to None, run_after=None
[2024-09-24T04:35:57.642+0000] {logging_mixin.py:120} INFO - [2024-09-24T04:35:57.642+0000] {dag.py:2585} INFO - Sync 2 DAGs
[2024-09-24T04:35:57.658+0000] {logging_mixin.py:120} INFO - [2024-09-24T04:35:57.658+0000] {dag.py:3340} INFO - Setting next_dagrun for example_subdag_operator.section-1 to None, run_after=None
[2024-09-24T04:35:57.661+0000] {logging_mixin.py:120} INFO - [2024-09-24T04:35:57.661+0000] {dag.py:3340} INFO - Setting next_dagrun for example_subdag_operator.section-2 to None, run_after=None
[2024-09-24T04:35:57.689+0000] {processor.py:176} INFO - Processing /home/airflow/.local/lib/python3.7/site-packages/airflow/example_dags/example_subdag_operator.py took 0.493 seconds
[2024-09-24T04:36:27.724+0000] {processor.py:154} INFO - Started process (PID=16013) to work on /home/airflow/.local/lib/python3.7/site-packages/airflow/example_dags/example_subdag_operator.py
[2024-09-24T04:36:27.726+0000] {processor.py:756} INFO - Processing file /home/airflow/.local/lib/python3.7/site-packages/airflow/example_dags/example_subdag_operator.py for tasks to queue
[2024-09-24T04:36:27.727+0000] {logging_mixin.py:120} INFO - [2024-09-24T04:36:27.727+0000] {dagbag.py:537} INFO - Filling up the DagBag from /home/airflow/.local/lib/python3.7/site-packages/airflow/example_dags/example_subdag_operator.py
[2024-09-24T04:36:27.783+0000] {processor.py:766} INFO - DAG(s) dict_keys(['example_subdag_operator.section-1', 'example_subdag_operator.section-2', 'example_subdag_operator']) retrieved from /home/airflow/.local/lib/python3.7/site-packages/airflow/example_dags/example_subdag_operator.py
[2024-09-24T04:36:28.090+0000] {logging_mixin.py:120} INFO - [2024-09-24T04:36:28.089+0000] {dag.py:2585} INFO - Sync 3 DAGs
[2024-09-24T04:36:28.128+0000] {logging_mixin.py:120} INFO - [2024-09-24T04:36:28.128+0000] {dag.py:3340} INFO - Setting next_dagrun for example_subdag_operator to 2022-01-01T00:00:00+00:00, run_after=2022-01-01T00:00:00+00:00
[2024-09-24T04:36:28.136+0000] {logging_mixin.py:120} INFO - [2024-09-24T04:36:28.136+0000] {dag.py:3340} INFO - Setting next_dagrun for example_subdag_operator.section-1 to None, run_after=None
[2024-09-24T04:36:28.141+0000] {logging_mixin.py:120} INFO - [2024-09-24T04:36:28.141+0000] {dag.py:3340} INFO - Setting next_dagrun for example_subdag_operator.section-2 to None, run_after=None
[2024-09-24T04:36:28.154+0000] {logging_mixin.py:120} INFO - [2024-09-24T04:36:28.154+0000] {dag.py:2585} INFO - Sync 2 DAGs
[2024-09-24T04:36:28.163+0000] {logging_mixin.py:120} INFO - [2024-09-24T04:36:28.163+0000] {dag.py:3340} INFO - Setting next_dagrun for example_subdag_operator.section-1 to None, run_after=None
[2024-09-24T04:36:28.164+0000] {logging_mixin.py:120} INFO - [2024-09-24T04:36:28.164+0000] {dag.py:3340} INFO - Setting next_dagrun for example_subdag_operator.section-2 to None, run_after=None
[2024-09-24T04:36:28.183+0000] {processor.py:176} INFO - Processing /home/airflow/.local/lib/python3.7/site-packages/airflow/example_dags/example_subdag_operator.py took 0.464 seconds
[2024-09-24T04:36:58.543+0000] {processor.py:154} INFO - Started process (PID=16067) to work on /home/airflow/.local/lib/python3.7/site-packages/airflow/example_dags/example_subdag_operator.py
[2024-09-24T04:36:58.546+0000] {processor.py:756} INFO - Processing file /home/airflow/.local/lib/python3.7/site-packages/airflow/example_dags/example_subdag_operator.py for tasks to queue
[2024-09-24T04:36:58.547+0000] {logging_mixin.py:120} INFO - [2024-09-24T04:36:58.547+0000] {dagbag.py:537} INFO - Filling up the DagBag from /home/airflow/.local/lib/python3.7/site-packages/airflow/example_dags/example_subdag_operator.py
[2024-09-24T04:36:58.595+0000] {processor.py:766} INFO - DAG(s) dict_keys(['example_subdag_operator.section-1', 'example_subdag_operator.section-2', 'example_subdag_operator']) retrieved from /home/airflow/.local/lib/python3.7/site-packages/airflow/example_dags/example_subdag_operator.py
[2024-09-24T04:36:58.877+0000] {logging_mixin.py:120} INFO - [2024-09-24T04:36:58.877+0000] {dag.py:2585} INFO - Sync 3 DAGs
[2024-09-24T04:36:58.913+0000] {logging_mixin.py:120} INFO - [2024-09-24T04:36:58.913+0000] {dag.py:3340} INFO - Setting next_dagrun for example_subdag_operator to 2022-01-01T00:00:00+00:00, run_after=2022-01-01T00:00:00+00:00
[2024-09-24T04:36:58.919+0000] {logging_mixin.py:120} INFO - [2024-09-24T04:36:58.919+0000] {dag.py:3340} INFO - Setting next_dagrun for example_subdag_operator.section-1 to None, run_after=None
[2024-09-24T04:36:58.923+0000] {logging_mixin.py:120} INFO - [2024-09-24T04:36:58.923+0000] {dag.py:3340} INFO - Setting next_dagrun for example_subdag_operator.section-2 to None, run_after=None
[2024-09-24T04:36:58.935+0000] {logging_mixin.py:120} INFO - [2024-09-24T04:36:58.935+0000] {dag.py:2585} INFO - Sync 2 DAGs
[2024-09-24T04:36:58.945+0000] {logging_mixin.py:120} INFO - [2024-09-24T04:36:58.944+0000] {dag.py:3340} INFO - Setting next_dagrun for example_subdag_operator.section-1 to None, run_after=None
[2024-09-24T04:36:58.945+0000] {logging_mixin.py:120} INFO - [2024-09-24T04:36:58.945+0000] {dag.py:3340} INFO - Setting next_dagrun for example_subdag_operator.section-2 to None, run_after=None
[2024-09-24T04:36:58.970+0000] {processor.py:176} INFO - Processing /home/airflow/.local/lib/python3.7/site-packages/airflow/example_dags/example_subdag_operator.py took 0.431 seconds
[2024-09-24T04:37:51.473+0000] {processor.py:154} INFO - Started process (PID=16134) to work on /home/airflow/.local/lib/python3.7/site-packages/airflow/example_dags/example_subdag_operator.py
[2024-09-24T04:37:51.480+0000] {processor.py:756} INFO - Processing file /home/airflow/.local/lib/python3.7/site-packages/airflow/example_dags/example_subdag_operator.py for tasks to queue
[2024-09-24T04:37:51.484+0000] {logging_mixin.py:120} INFO - [2024-09-24T04:37:51.484+0000] {dagbag.py:537} INFO - Filling up the DagBag from /home/airflow/.local/lib/python3.7/site-packages/airflow/example_dags/example_subdag_operator.py
[2024-09-24T04:37:51.719+0000] {processor.py:766} INFO - DAG(s) dict_keys(['example_subdag_operator.section-1', 'example_subdag_operator.section-2', 'example_subdag_operator']) retrieved from /home/airflow/.local/lib/python3.7/site-packages/airflow/example_dags/example_subdag_operator.py
[2024-09-24T04:37:53.119+0000] {logging_mixin.py:120} INFO - [2024-09-24T04:37:53.119+0000] {dag.py:2585} INFO - Sync 3 DAGs
[2024-09-24T04:37:53.271+0000] {logging_mixin.py:120} INFO - [2024-09-24T04:37:53.270+0000] {dag.py:3340} INFO - Setting next_dagrun for example_subdag_operator to 2022-01-01T00:00:00+00:00, run_after=2022-01-01T00:00:00+00:00
[2024-09-24T04:37:53.288+0000] {logging_mixin.py:120} INFO - [2024-09-24T04:37:53.288+0000] {dag.py:3340} INFO - Setting next_dagrun for example_subdag_operator.section-1 to None, run_after=None
[2024-09-24T04:37:53.295+0000] {logging_mixin.py:120} INFO - [2024-09-24T04:37:53.294+0000] {dag.py:3340} INFO - Setting next_dagrun for example_subdag_operator.section-2 to None, run_after=None
[2024-09-24T04:37:53.338+0000] {logging_mixin.py:120} INFO - [2024-09-24T04:37:53.338+0000] {dag.py:2585} INFO - Sync 2 DAGs
[2024-09-24T04:37:53.366+0000] {logging_mixin.py:120} INFO - [2024-09-24T04:37:53.366+0000] {dag.py:3340} INFO - Setting next_dagrun for example_subdag_operator.section-1 to None, run_after=None
[2024-09-24T04:37:53.372+0000] {logging_mixin.py:120} INFO - [2024-09-24T04:37:53.372+0000] {dag.py:3340} INFO - Setting next_dagrun for example_subdag_operator.section-2 to None, run_after=None
[2024-09-24T04:37:53.433+0000] {processor.py:176} INFO - Processing /home/airflow/.local/lib/python3.7/site-packages/airflow/example_dags/example_subdag_operator.py took 1.981 seconds
[2024-09-24T06:15:52.440+0000] {processor.py:154} INFO - Started process (PID=16206) to work on /home/airflow/.local/lib/python3.7/site-packages/airflow/example_dags/example_subdag_operator.py
[2024-09-24T06:15:52.444+0000] {processor.py:756} INFO - Processing file /home/airflow/.local/lib/python3.7/site-packages/airflow/example_dags/example_subdag_operator.py for tasks to queue
[2024-09-24T06:15:52.446+0000] {logging_mixin.py:120} INFO - [2024-09-24T06:15:52.446+0000] {dagbag.py:537} INFO - Filling up the DagBag from /home/airflow/.local/lib/python3.7/site-packages/airflow/example_dags/example_subdag_operator.py
[2024-09-24T06:15:52.506+0000] {processor.py:766} INFO - DAG(s) dict_keys(['example_subdag_operator.section-1', 'example_subdag_operator.section-2', 'example_subdag_operator']) retrieved from /home/airflow/.local/lib/python3.7/site-packages/airflow/example_dags/example_subdag_operator.py
[2024-09-24T06:15:52.891+0000] {logging_mixin.py:120} INFO - [2024-09-24T06:15:52.890+0000] {dag.py:2585} INFO - Sync 3 DAGs
[2024-09-24T06:15:52.944+0000] {logging_mixin.py:120} INFO - [2024-09-24T06:15:52.944+0000] {dag.py:3340} INFO - Setting next_dagrun for example_subdag_operator to 2022-01-01T00:00:00+00:00, run_after=2022-01-01T00:00:00+00:00
[2024-09-24T06:15:52.951+0000] {logging_mixin.py:120} INFO - [2024-09-24T06:15:52.950+0000] {dag.py:3340} INFO - Setting next_dagrun for example_subdag_operator.section-1 to None, run_after=None
[2024-09-24T06:15:52.953+0000] {logging_mixin.py:120} INFO - [2024-09-24T06:15:52.953+0000] {dag.py:3340} INFO - Setting next_dagrun for example_subdag_operator.section-2 to None, run_after=None
[2024-09-24T06:15:52.963+0000] {logging_mixin.py:120} INFO - [2024-09-24T06:15:52.963+0000] {dag.py:2585} INFO - Sync 2 DAGs
[2024-09-24T06:15:52.973+0000] {logging_mixin.py:120} INFO - [2024-09-24T06:15:52.973+0000] {dag.py:3340} INFO - Setting next_dagrun for example_subdag_operator.section-1 to None, run_after=None
[2024-09-24T06:15:52.974+0000] {logging_mixin.py:120} INFO - [2024-09-24T06:15:52.974+0000] {dag.py:3340} INFO - Setting next_dagrun for example_subdag_operator.section-2 to None, run_after=None
[2024-09-24T06:15:52.998+0000] {processor.py:176} INFO - Processing /home/airflow/.local/lib/python3.7/site-packages/airflow/example_dags/example_subdag_operator.py took 0.566 seconds
[2024-09-24T06:31:00.574+0000] {processor.py:154} INFO - Started process (PID=16260) to work on /home/airflow/.local/lib/python3.7/site-packages/airflow/example_dags/example_subdag_operator.py
[2024-09-24T06:31:00.577+0000] {processor.py:756} INFO - Processing file /home/airflow/.local/lib/python3.7/site-packages/airflow/example_dags/example_subdag_operator.py for tasks to queue
[2024-09-24T06:31:00.578+0000] {logging_mixin.py:120} INFO - [2024-09-24T06:31:00.578+0000] {dagbag.py:537} INFO - Filling up the DagBag from /home/airflow/.local/lib/python3.7/site-packages/airflow/example_dags/example_subdag_operator.py
[2024-09-24T06:31:00.643+0000] {processor.py:766} INFO - DAG(s) dict_keys(['example_subdag_operator.section-1', 'example_subdag_operator.section-2', 'example_subdag_operator']) retrieved from /home/airflow/.local/lib/python3.7/site-packages/airflow/example_dags/example_subdag_operator.py
[2024-09-24T06:31:01.000+0000] {logging_mixin.py:120} INFO - [2024-09-24T06:31:01.000+0000] {dag.py:2585} INFO - Sync 3 DAGs
[2024-09-24T06:31:01.042+0000] {logging_mixin.py:120} INFO - [2024-09-24T06:31:01.042+0000] {dag.py:3340} INFO - Setting next_dagrun for example_subdag_operator to 2022-01-01T00:00:00+00:00, run_after=2022-01-01T00:00:00+00:00
[2024-09-24T06:31:01.048+0000] {logging_mixin.py:120} INFO - [2024-09-24T06:31:01.048+0000] {dag.py:3340} INFO - Setting next_dagrun for example_subdag_operator.section-1 to None, run_after=None
[2024-09-24T06:31:01.051+0000] {logging_mixin.py:120} INFO - [2024-09-24T06:31:01.050+0000] {dag.py:3340} INFO - Setting next_dagrun for example_subdag_operator.section-2 to None, run_after=None
[2024-09-24T06:31:01.062+0000] {logging_mixin.py:120} INFO - [2024-09-24T06:31:01.062+0000] {dag.py:2585} INFO - Sync 2 DAGs
[2024-09-24T06:31:01.072+0000] {logging_mixin.py:120} INFO - [2024-09-24T06:31:01.072+0000] {dag.py:3340} INFO - Setting next_dagrun for example_subdag_operator.section-1 to None, run_after=None
[2024-09-24T06:31:01.073+0000] {logging_mixin.py:120} INFO - [2024-09-24T06:31:01.072+0000] {dag.py:3340} INFO - Setting next_dagrun for example_subdag_operator.section-2 to None, run_after=None
[2024-09-24T06:31:01.091+0000] {processor.py:176} INFO - Processing /home/airflow/.local/lib/python3.7/site-packages/airflow/example_dags/example_subdag_operator.py took 0.525 seconds
[2024-09-24T08:40:09.802+0000] {processor.py:154} INFO - Started process (PID=16323) to work on /home/airflow/.local/lib/python3.7/site-packages/airflow/example_dags/example_subdag_operator.py
[2024-09-24T08:40:09.811+0000] {processor.py:756} INFO - Processing file /home/airflow/.local/lib/python3.7/site-packages/airflow/example_dags/example_subdag_operator.py for tasks to queue
[2024-09-24T08:40:09.858+0000] {logging_mixin.py:120} INFO - [2024-09-24T08:40:09.857+0000] {dagbag.py:537} INFO - Filling up the DagBag from /home/airflow/.local/lib/python3.7/site-packages/airflow/example_dags/example_subdag_operator.py
[2024-09-24T08:40:09.928+0000] {processor.py:766} INFO - DAG(s) dict_keys(['example_subdag_operator.section-1', 'example_subdag_operator.section-2', 'example_subdag_operator']) retrieved from /home/airflow/.local/lib/python3.7/site-packages/airflow/example_dags/example_subdag_operator.py
[2024-09-24T08:40:10.220+0000] {logging_mixin.py:120} INFO - [2024-09-24T08:40:10.219+0000] {dag.py:2585} INFO - Sync 3 DAGs
[2024-09-24T08:40:10.282+0000] {logging_mixin.py:120} INFO - [2024-09-24T08:40:10.282+0000] {dag.py:3340} INFO - Setting next_dagrun for example_subdag_operator to 2022-01-01T00:00:00+00:00, run_after=2022-01-01T00:00:00+00:00
[2024-09-24T08:40:10.290+0000] {logging_mixin.py:120} INFO - [2024-09-24T08:40:10.290+0000] {dag.py:3340} INFO - Setting next_dagrun for example_subdag_operator.section-1 to None, run_after=None
[2024-09-24T08:40:10.293+0000] {logging_mixin.py:120} INFO - [2024-09-24T08:40:10.293+0000] {dag.py:3340} INFO - Setting next_dagrun for example_subdag_operator.section-2 to None, run_after=None
[2024-09-24T08:40:10.307+0000] {logging_mixin.py:120} INFO - [2024-09-24T08:40:10.307+0000] {dag.py:2585} INFO - Sync 2 DAGs
[2024-09-24T08:40:10.323+0000] {logging_mixin.py:120} INFO - [2024-09-24T08:40:10.323+0000] {dag.py:3340} INFO - Setting next_dagrun for example_subdag_operator.section-1 to None, run_after=None
[2024-09-24T08:40:10.326+0000] {logging_mixin.py:120} INFO - [2024-09-24T08:40:10.326+0000] {dag.py:3340} INFO - Setting next_dagrun for example_subdag_operator.section-2 to None, run_after=None
[2024-09-24T08:40:10.348+0000] {processor.py:176} INFO - Processing /home/airflow/.local/lib/python3.7/site-packages/airflow/example_dags/example_subdag_operator.py took 0.554 seconds
[2024-09-24T11:11:18.467+0000] {processor.py:154} INFO - Started process (PID=16377) to work on /home/airflow/.local/lib/python3.7/site-packages/airflow/example_dags/example_subdag_operator.py
[2024-09-24T11:11:18.472+0000] {processor.py:756} INFO - Processing file /home/airflow/.local/lib/python3.7/site-packages/airflow/example_dags/example_subdag_operator.py for tasks to queue
[2024-09-24T11:11:18.474+0000] {logging_mixin.py:120} INFO - [2024-09-24T11:11:18.474+0000] {dagbag.py:537} INFO - Filling up the DagBag from /home/airflow/.local/lib/python3.7/site-packages/airflow/example_dags/example_subdag_operator.py
[2024-09-24T11:11:18.560+0000] {processor.py:766} INFO - DAG(s) dict_keys(['example_subdag_operator.section-1', 'example_subdag_operator.section-2', 'example_subdag_operator']) retrieved from /home/airflow/.local/lib/python3.7/site-packages/airflow/example_dags/example_subdag_operator.py
[2024-09-24T11:11:19.080+0000] {logging_mixin.py:120} INFO - [2024-09-24T11:11:19.080+0000] {dag.py:2585} INFO - Sync 3 DAGs
[2024-09-24T11:11:19.150+0000] {logging_mixin.py:120} INFO - [2024-09-24T11:11:19.150+0000] {dag.py:3340} INFO - Setting next_dagrun for example_subdag_operator to 2022-01-01T00:00:00+00:00, run_after=2022-01-01T00:00:00+00:00
[2024-09-24T11:11:19.157+0000] {logging_mixin.py:120} INFO - [2024-09-24T11:11:19.157+0000] {dag.py:3340} INFO - Setting next_dagrun for example_subdag_operator.section-1 to None, run_after=None
[2024-09-24T11:11:19.161+0000] {logging_mixin.py:120} INFO - [2024-09-24T11:11:19.160+0000] {dag.py:3340} INFO - Setting next_dagrun for example_subdag_operator.section-2 to None, run_after=None
[2024-09-24T11:11:19.182+0000] {logging_mixin.py:120} INFO - [2024-09-24T11:11:19.181+0000] {dag.py:2585} INFO - Sync 2 DAGs
[2024-09-24T11:11:19.196+0000] {logging_mixin.py:120} INFO - [2024-09-24T11:11:19.196+0000] {dag.py:3340} INFO - Setting next_dagrun for example_subdag_operator.section-1 to None, run_after=None
[2024-09-24T11:11:19.197+0000] {logging_mixin.py:120} INFO - [2024-09-24T11:11:19.197+0000] {dag.py:3340} INFO - Setting next_dagrun for example_subdag_operator.section-2 to None, run_after=None
[2024-09-24T11:11:19.227+0000] {processor.py:176} INFO - Processing /home/airflow/.local/lib/python3.7/site-packages/airflow/example_dags/example_subdag_operator.py took 0.770 seconds
[2024-09-24T12:44:47.716+0000] {processor.py:154} INFO - Started process (PID=16440) to work on /home/airflow/.local/lib/python3.7/site-packages/airflow/example_dags/example_subdag_operator.py
[2024-09-24T12:44:47.718+0000] {processor.py:756} INFO - Processing file /home/airflow/.local/lib/python3.7/site-packages/airflow/example_dags/example_subdag_operator.py for tasks to queue
[2024-09-24T12:44:47.719+0000] {logging_mixin.py:120} INFO - [2024-09-24T12:44:47.719+0000] {dagbag.py:537} INFO - Filling up the DagBag from /home/airflow/.local/lib/python3.7/site-packages/airflow/example_dags/example_subdag_operator.py
[2024-09-24T12:44:47.764+0000] {processor.py:766} INFO - DAG(s) dict_keys(['example_subdag_operator.section-1', 'example_subdag_operator.section-2', 'example_subdag_operator']) retrieved from /home/airflow/.local/lib/python3.7/site-packages/airflow/example_dags/example_subdag_operator.py
[2024-09-24T12:44:47.975+0000] {logging_mixin.py:120} INFO - [2024-09-24T12:44:47.975+0000] {dag.py:2585} INFO - Sync 3 DAGs
[2024-09-24T12:44:48.012+0000] {logging_mixin.py:120} INFO - [2024-09-24T12:44:48.012+0000] {dag.py:3340} INFO - Setting next_dagrun for example_subdag_operator to 2022-01-01T00:00:00+00:00, run_after=2022-01-01T00:00:00+00:00
[2024-09-24T12:44:48.017+0000] {logging_mixin.py:120} INFO - [2024-09-24T12:44:48.017+0000] {dag.py:3340} INFO - Setting next_dagrun for example_subdag_operator.section-1 to None, run_after=None
[2024-09-24T12:44:48.020+0000] {logging_mixin.py:120} INFO - [2024-09-24T12:44:48.020+0000] {dag.py:3340} INFO - Setting next_dagrun for example_subdag_operator.section-2 to None, run_after=None
[2024-09-24T12:44:48.030+0000] {logging_mixin.py:120} INFO - [2024-09-24T12:44:48.030+0000] {dag.py:2585} INFO - Sync 2 DAGs
[2024-09-24T12:44:48.037+0000] {logging_mixin.py:120} INFO - [2024-09-24T12:44:48.037+0000] {dag.py:3340} INFO - Setting next_dagrun for example_subdag_operator.section-1 to None, run_after=None
[2024-09-24T12:44:48.037+0000] {logging_mixin.py:120} INFO - [2024-09-24T12:44:48.037+0000] {dag.py:3340} INFO - Setting next_dagrun for example_subdag_operator.section-2 to None, run_after=None
[2024-09-24T12:44:48.053+0000] {processor.py:176} INFO - Processing /home/airflow/.local/lib/python3.7/site-packages/airflow/example_dags/example_subdag_operator.py took 0.343 seconds
[2024-09-24T14:24:38.606+0000] {processor.py:154} INFO - Started process (PID=16494) to work on /home/airflow/.local/lib/python3.7/site-packages/airflow/example_dags/example_subdag_operator.py
[2024-09-24T14:24:38.608+0000] {processor.py:756} INFO - Processing file /home/airflow/.local/lib/python3.7/site-packages/airflow/example_dags/example_subdag_operator.py for tasks to queue
[2024-09-24T14:24:38.611+0000] {logging_mixin.py:120} INFO - [2024-09-24T14:24:38.611+0000] {dagbag.py:537} INFO - Filling up the DagBag from /home/airflow/.local/lib/python3.7/site-packages/airflow/example_dags/example_subdag_operator.py
[2024-09-24T14:24:38.671+0000] {processor.py:766} INFO - DAG(s) dict_keys(['example_subdag_operator.section-1', 'example_subdag_operator.section-2', 'example_subdag_operator']) retrieved from /home/airflow/.local/lib/python3.7/site-packages/airflow/example_dags/example_subdag_operator.py
[2024-09-24T14:24:38.935+0000] {logging_mixin.py:120} INFO - [2024-09-24T14:24:38.935+0000] {dag.py:2585} INFO - Sync 3 DAGs
[2024-09-24T14:24:38.975+0000] {logging_mixin.py:120} INFO - [2024-09-24T14:24:38.975+0000] {dag.py:3340} INFO - Setting next_dagrun for example_subdag_operator to 2022-01-01T00:00:00+00:00, run_after=2022-01-01T00:00:00+00:00
[2024-09-24T14:24:38.981+0000] {logging_mixin.py:120} INFO - [2024-09-24T14:24:38.980+0000] {dag.py:3340} INFO - Setting next_dagrun for example_subdag_operator.section-1 to None, run_after=None
[2024-09-24T14:24:38.986+0000] {logging_mixin.py:120} INFO - [2024-09-24T14:24:38.986+0000] {dag.py:3340} INFO - Setting next_dagrun for example_subdag_operator.section-2 to None, run_after=None
[2024-09-24T14:24:38.996+0000] {logging_mixin.py:120} INFO - [2024-09-24T14:24:38.996+0000] {dag.py:2585} INFO - Sync 2 DAGs
[2024-09-24T14:24:39.003+0000] {logging_mixin.py:120} INFO - [2024-09-24T14:24:39.003+0000] {dag.py:3340} INFO - Setting next_dagrun for example_subdag_operator.section-1 to None, run_after=None
[2024-09-24T14:24:39.004+0000] {logging_mixin.py:120} INFO - [2024-09-24T14:24:39.004+0000] {dag.py:3340} INFO - Setting next_dagrun for example_subdag_operator.section-2 to None, run_after=None
[2024-09-24T14:24:39.027+0000] {processor.py:176} INFO - Processing /home/airflow/.local/lib/python3.7/site-packages/airflow/example_dags/example_subdag_operator.py took 0.426 seconds
[2024-09-24T14:26:38.822+0000] {processor.py:154} INFO - Started process (PID=16557) to work on /home/airflow/.local/lib/python3.7/site-packages/airflow/example_dags/example_subdag_operator.py
[2024-09-24T14:26:38.824+0000] {processor.py:756} INFO - Processing file /home/airflow/.local/lib/python3.7/site-packages/airflow/example_dags/example_subdag_operator.py for tasks to queue
[2024-09-24T14:26:38.824+0000] {logging_mixin.py:120} INFO - [2024-09-24T14:26:38.824+0000] {dagbag.py:537} INFO - Filling up the DagBag from /home/airflow/.local/lib/python3.7/site-packages/airflow/example_dags/example_subdag_operator.py
[2024-09-24T14:26:38.864+0000] {processor.py:766} INFO - DAG(s) dict_keys(['example_subdag_operator.section-1', 'example_subdag_operator.section-2', 'example_subdag_operator']) retrieved from /home/airflow/.local/lib/python3.7/site-packages/airflow/example_dags/example_subdag_operator.py
[2024-09-24T14:26:39.082+0000] {logging_mixin.py:120} INFO - [2024-09-24T14:26:39.081+0000] {dag.py:2585} INFO - Sync 3 DAGs
[2024-09-24T14:26:39.107+0000] {logging_mixin.py:120} INFO - [2024-09-24T14:26:39.107+0000] {dag.py:3340} INFO - Setting next_dagrun for example_subdag_operator to 2022-01-01T00:00:00+00:00, run_after=2022-01-01T00:00:00+00:00
[2024-09-24T14:26:39.111+0000] {logging_mixin.py:120} INFO - [2024-09-24T14:26:39.111+0000] {dag.py:3340} INFO - Setting next_dagrun for example_subdag_operator.section-1 to None, run_after=None
[2024-09-24T14:26:39.116+0000] {logging_mixin.py:120} INFO - [2024-09-24T14:26:39.116+0000] {dag.py:3340} INFO - Setting next_dagrun for example_subdag_operator.section-2 to None, run_after=None
[2024-09-24T14:26:39.127+0000] {logging_mixin.py:120} INFO - [2024-09-24T14:26:39.127+0000] {dag.py:2585} INFO - Sync 2 DAGs
[2024-09-24T14:26:39.134+0000] {logging_mixin.py:120} INFO - [2024-09-24T14:26:39.134+0000] {dag.py:3340} INFO - Setting next_dagrun for example_subdag_operator.section-1 to None, run_after=None
[2024-09-24T14:26:39.135+0000] {logging_mixin.py:120} INFO - [2024-09-24T14:26:39.135+0000] {dag.py:3340} INFO - Setting next_dagrun for example_subdag_operator.section-2 to None, run_after=None
[2024-09-24T14:26:39.149+0000] {processor.py:176} INFO - Processing /home/airflow/.local/lib/python3.7/site-packages/airflow/example_dags/example_subdag_operator.py took 0.331 seconds
[2024-09-24T15:01:01.728+0000] {processor.py:154} INFO - Started process (PID=16611) to work on /home/airflow/.local/lib/python3.7/site-packages/airflow/example_dags/example_subdag_operator.py
[2024-09-24T15:01:01.730+0000] {processor.py:756} INFO - Processing file /home/airflow/.local/lib/python3.7/site-packages/airflow/example_dags/example_subdag_operator.py for tasks to queue
[2024-09-24T15:01:01.731+0000] {logging_mixin.py:120} INFO - [2024-09-24T15:01:01.731+0000] {dagbag.py:537} INFO - Filling up the DagBag from /home/airflow/.local/lib/python3.7/site-packages/airflow/example_dags/example_subdag_operator.py
[2024-09-24T15:01:01.784+0000] {processor.py:766} INFO - DAG(s) dict_keys(['example_subdag_operator.section-1', 'example_subdag_operator.section-2', 'example_subdag_operator']) retrieved from /home/airflow/.local/lib/python3.7/site-packages/airflow/example_dags/example_subdag_operator.py
[2024-09-24T15:01:02.089+0000] {logging_mixin.py:120} INFO - [2024-09-24T15:01:02.089+0000] {dag.py:2585} INFO - Sync 3 DAGs
[2024-09-24T15:01:02.133+0000] {logging_mixin.py:120} INFO - [2024-09-24T15:01:02.133+0000] {dag.py:3340} INFO - Setting next_dagrun for example_subdag_operator to 2022-01-01T00:00:00+00:00, run_after=2022-01-01T00:00:00+00:00
[2024-09-24T15:01:02.138+0000] {logging_mixin.py:120} INFO - [2024-09-24T15:01:02.138+0000] {dag.py:3340} INFO - Setting next_dagrun for example_subdag_operator.section-1 to None, run_after=None
[2024-09-24T15:01:02.140+0000] {logging_mixin.py:120} INFO - [2024-09-24T15:01:02.140+0000] {dag.py:3340} INFO - Setting next_dagrun for example_subdag_operator.section-2 to None, run_after=None
[2024-09-24T15:01:02.150+0000] {logging_mixin.py:120} INFO - [2024-09-24T15:01:02.150+0000] {dag.py:2585} INFO - Sync 2 DAGs
[2024-09-24T15:01:02.157+0000] {logging_mixin.py:120} INFO - [2024-09-24T15:01:02.157+0000] {dag.py:3340} INFO - Setting next_dagrun for example_subdag_operator.section-1 to None, run_after=None
[2024-09-24T15:01:02.158+0000] {logging_mixin.py:120} INFO - [2024-09-24T15:01:02.158+0000] {dag.py:3340} INFO - Setting next_dagrun for example_subdag_operator.section-2 to None, run_after=None
[2024-09-24T15:01:02.177+0000] {processor.py:176} INFO - Processing /home/airflow/.local/lib/python3.7/site-packages/airflow/example_dags/example_subdag_operator.py took 0.454 seconds
[2024-09-24T16:32:26.784+0000] {processor.py:154} INFO - Started process (PID=16674) to work on /home/airflow/.local/lib/python3.7/site-packages/airflow/example_dags/example_subdag_operator.py
[2024-09-24T16:32:26.786+0000] {processor.py:756} INFO - Processing file /home/airflow/.local/lib/python3.7/site-packages/airflow/example_dags/example_subdag_operator.py for tasks to queue
[2024-09-24T16:32:26.787+0000] {logging_mixin.py:120} INFO - [2024-09-24T16:32:26.787+0000] {dagbag.py:537} INFO - Filling up the DagBag from /home/airflow/.local/lib/python3.7/site-packages/airflow/example_dags/example_subdag_operator.py
[2024-09-24T16:32:26.827+0000] {processor.py:766} INFO - DAG(s) dict_keys(['example_subdag_operator.section-1', 'example_subdag_operator.section-2', 'example_subdag_operator']) retrieved from /home/airflow/.local/lib/python3.7/site-packages/airflow/example_dags/example_subdag_operator.py
[2024-09-24T16:32:27.063+0000] {logging_mixin.py:120} INFO - [2024-09-24T16:32:27.063+0000] {dag.py:2585} INFO - Sync 3 DAGs
[2024-09-24T16:32:27.094+0000] {logging_mixin.py:120} INFO - [2024-09-24T16:32:27.094+0000] {dag.py:3340} INFO - Setting next_dagrun for example_subdag_operator to 2022-01-01T00:00:00+00:00, run_after=2022-01-01T00:00:00+00:00
[2024-09-24T16:32:27.098+0000] {logging_mixin.py:120} INFO - [2024-09-24T16:32:27.098+0000] {dag.py:3340} INFO - Setting next_dagrun for example_subdag_operator.section-1 to None, run_after=None
[2024-09-24T16:32:27.100+0000] {logging_mixin.py:120} INFO - [2024-09-24T16:32:27.100+0000] {dag.py:3340} INFO - Setting next_dagrun for example_subdag_operator.section-2 to None, run_after=None
[2024-09-24T16:32:27.109+0000] {logging_mixin.py:120} INFO - [2024-09-24T16:32:27.109+0000] {dag.py:2585} INFO - Sync 2 DAGs
[2024-09-24T16:32:27.117+0000] {logging_mixin.py:120} INFO - [2024-09-24T16:32:27.117+0000] {dag.py:3340} INFO - Setting next_dagrun for example_subdag_operator.section-1 to None, run_after=None
[2024-09-24T16:32:27.118+0000] {logging_mixin.py:120} INFO - [2024-09-24T16:32:27.118+0000] {dag.py:3340} INFO - Setting next_dagrun for example_subdag_operator.section-2 to None, run_after=None
[2024-09-24T16:32:27.134+0000] {processor.py:176} INFO - Processing /home/airflow/.local/lib/python3.7/site-packages/airflow/example_dags/example_subdag_operator.py took 0.354 seconds
[2024-09-24T16:38:48.218+0000] {processor.py:154} INFO - Started process (PID=16735) to work on /home/airflow/.local/lib/python3.7/site-packages/airflow/example_dags/example_subdag_operator.py
[2024-09-24T16:38:48.220+0000] {processor.py:756} INFO - Processing file /home/airflow/.local/lib/python3.7/site-packages/airflow/example_dags/example_subdag_operator.py for tasks to queue
[2024-09-24T16:38:48.222+0000] {logging_mixin.py:120} INFO - [2024-09-24T16:38:48.222+0000] {dagbag.py:537} INFO - Filling up the DagBag from /home/airflow/.local/lib/python3.7/site-packages/airflow/example_dags/example_subdag_operator.py
[2024-09-24T16:38:48.305+0000] {processor.py:766} INFO - DAG(s) dict_keys(['example_subdag_operator.section-1', 'example_subdag_operator.section-2', 'example_subdag_operator']) retrieved from /home/airflow/.local/lib/python3.7/site-packages/airflow/example_dags/example_subdag_operator.py
[2024-09-24T16:38:48.870+0000] {logging_mixin.py:120} INFO - [2024-09-24T16:38:48.869+0000] {dag.py:2585} INFO - Sync 3 DAGs
[2024-09-24T16:38:48.945+0000] {logging_mixin.py:120} INFO - [2024-09-24T16:38:48.944+0000] {dag.py:3340} INFO - Setting next_dagrun for example_subdag_operator to 2022-01-01T00:00:00+00:00, run_after=2022-01-01T00:00:00+00:00
[2024-09-24T16:38:48.953+0000] {logging_mixin.py:120} INFO - [2024-09-24T16:38:48.952+0000] {dag.py:3340} INFO - Setting next_dagrun for example_subdag_operator.section-1 to None, run_after=None
[2024-09-24T16:38:48.957+0000] {logging_mixin.py:120} INFO - [2024-09-24T16:38:48.957+0000] {dag.py:3340} INFO - Setting next_dagrun for example_subdag_operator.section-2 to None, run_after=None
[2024-09-24T16:38:48.988+0000] {logging_mixin.py:120} INFO - [2024-09-24T16:38:48.987+0000] {dag.py:2585} INFO - Sync 2 DAGs
[2024-09-24T16:38:49.005+0000] {logging_mixin.py:120} INFO - [2024-09-24T16:38:49.004+0000] {dag.py:3340} INFO - Setting next_dagrun for example_subdag_operator.section-1 to None, run_after=None
[2024-09-24T16:38:49.007+0000] {logging_mixin.py:120} INFO - [2024-09-24T16:38:49.007+0000] {dag.py:3340} INFO - Setting next_dagrun for example_subdag_operator.section-2 to None, run_after=None
[2024-09-24T16:38:49.039+0000] {processor.py:176} INFO - Processing /home/airflow/.local/lib/python3.7/site-packages/airflow/example_dags/example_subdag_operator.py took 0.830 seconds
[2024-09-24T17:03:35.199+0000] {processor.py:154} INFO - Started process (PID=16782) to work on /home/airflow/.local/lib/python3.7/site-packages/airflow/example_dags/example_subdag_operator.py
[2024-09-24T17:03:35.215+0000] {processor.py:756} INFO - Processing file /home/airflow/.local/lib/python3.7/site-packages/airflow/example_dags/example_subdag_operator.py for tasks to queue
[2024-09-24T17:03:35.222+0000] {logging_mixin.py:120} INFO - [2024-09-24T17:03:35.220+0000] {dagbag.py:537} INFO - Filling up the DagBag from /home/airflow/.local/lib/python3.7/site-packages/airflow/example_dags/example_subdag_operator.py
[2024-09-24T17:03:35.487+0000] {processor.py:766} INFO - DAG(s) dict_keys(['example_subdag_operator.section-1', 'example_subdag_operator.section-2', 'example_subdag_operator']) retrieved from /home/airflow/.local/lib/python3.7/site-packages/airflow/example_dags/example_subdag_operator.py
[2024-09-24T17:03:37.499+0000] {logging_mixin.py:120} INFO - [2024-09-24T17:03:37.498+0000] {dag.py:2585} INFO - Sync 3 DAGs
[2024-09-24T17:03:39.239+0000] {logging_mixin.py:120} INFO - [2024-09-24T17:03:39.238+0000] {dag.py:3340} INFO - Setting next_dagrun for example_subdag_operator to 2022-01-01T00:00:00+00:00, run_after=2022-01-01T00:00:00+00:00
[2024-09-24T17:03:39.260+0000] {logging_mixin.py:120} INFO - [2024-09-24T17:03:39.260+0000] {dag.py:3340} INFO - Setting next_dagrun for example_subdag_operator.section-1 to None, run_after=None
[2024-09-24T17:03:39.268+0000] {logging_mixin.py:120} INFO - [2024-09-24T17:03:39.267+0000] {dag.py:3340} INFO - Setting next_dagrun for example_subdag_operator.section-2 to None, run_after=None
[2024-09-24T17:03:39.298+0000] {logging_mixin.py:120} INFO - [2024-09-24T17:03:39.297+0000] {dag.py:2585} INFO - Sync 2 DAGs
[2024-09-24T17:03:39.352+0000] {logging_mixin.py:120} INFO - [2024-09-24T17:03:39.351+0000] {dag.py:3340} INFO - Setting next_dagrun for example_subdag_operator.section-1 to None, run_after=None
[2024-09-24T17:03:39.356+0000] {logging_mixin.py:120} INFO - [2024-09-24T17:03:39.356+0000] {dag.py:3340} INFO - Setting next_dagrun for example_subdag_operator.section-2 to None, run_after=None
[2024-09-24T17:03:39.546+0000] {processor.py:176} INFO - Processing /home/airflow/.local/lib/python3.7/site-packages/airflow/example_dags/example_subdag_operator.py took 4.374 seconds
[2024-09-24T17:24:26.057+0000] {processor.py:154} INFO - Started process (PID=16836) to work on /home/airflow/.local/lib/python3.7/site-packages/airflow/example_dags/example_subdag_operator.py
[2024-09-24T17:24:26.071+0000] {processor.py:756} INFO - Processing file /home/airflow/.local/lib/python3.7/site-packages/airflow/example_dags/example_subdag_operator.py for tasks to queue
[2024-09-24T17:24:26.080+0000] {logging_mixin.py:120} INFO - [2024-09-24T17:24:26.078+0000] {dagbag.py:537} INFO - Filling up the DagBag from /home/airflow/.local/lib/python3.7/site-packages/airflow/example_dags/example_subdag_operator.py
[2024-09-24T17:24:26.348+0000] {processor.py:766} INFO - DAG(s) dict_keys(['example_subdag_operator.section-1', 'example_subdag_operator.section-2', 'example_subdag_operator']) retrieved from /home/airflow/.local/lib/python3.7/site-packages/airflow/example_dags/example_subdag_operator.py
[2024-09-24T17:24:27.825+0000] {logging_mixin.py:120} INFO - [2024-09-24T17:24:27.824+0000] {dag.py:2585} INFO - Sync 3 DAGs
[2024-09-24T17:24:28.034+0000] {logging_mixin.py:120} INFO - [2024-09-24T17:24:28.033+0000] {dag.py:3340} INFO - Setting next_dagrun for example_subdag_operator to 2022-01-01T00:00:00+00:00, run_after=2022-01-01T00:00:00+00:00
[2024-09-24T17:24:28.074+0000] {logging_mixin.py:120} INFO - [2024-09-24T17:24:28.073+0000] {dag.py:3340} INFO - Setting next_dagrun for example_subdag_operator.section-1 to None, run_after=None
[2024-09-24T17:24:28.085+0000] {logging_mixin.py:120} INFO - [2024-09-24T17:24:28.085+0000] {dag.py:3340} INFO - Setting next_dagrun for example_subdag_operator.section-2 to None, run_after=None
[2024-09-24T17:24:28.140+0000] {logging_mixin.py:120} INFO - [2024-09-24T17:24:28.139+0000] {dag.py:2585} INFO - Sync 2 DAGs
[2024-09-24T17:24:28.184+0000] {logging_mixin.py:120} INFO - [2024-09-24T17:24:28.184+0000] {dag.py:3340} INFO - Setting next_dagrun for example_subdag_operator.section-1 to None, run_after=None
[2024-09-24T17:24:28.187+0000] {logging_mixin.py:120} INFO - [2024-09-24T17:24:28.186+0000] {dag.py:3340} INFO - Setting next_dagrun for example_subdag_operator.section-2 to None, run_after=None
[2024-09-24T17:24:28.273+0000] {processor.py:176} INFO - Processing /home/airflow/.local/lib/python3.7/site-packages/airflow/example_dags/example_subdag_operator.py took 2.255 seconds
[2024-09-24T18:04:31.959+0000] {processor.py:154} INFO - Started process (PID=16890) to work on /home/airflow/.local/lib/python3.7/site-packages/airflow/example_dags/example_subdag_operator.py
[2024-09-24T18:04:31.974+0000] {processor.py:756} INFO - Processing file /home/airflow/.local/lib/python3.7/site-packages/airflow/example_dags/example_subdag_operator.py for tasks to queue
[2024-09-24T18:04:31.982+0000] {logging_mixin.py:120} INFO - [2024-09-24T18:04:31.979+0000] {dagbag.py:537} INFO - Filling up the DagBag from /home/airflow/.local/lib/python3.7/site-packages/airflow/example_dags/example_subdag_operator.py
[2024-09-24T18:04:32.301+0000] {processor.py:766} INFO - DAG(s) dict_keys(['example_subdag_operator.section-1', 'example_subdag_operator.section-2', 'example_subdag_operator']) retrieved from /home/airflow/.local/lib/python3.7/site-packages/airflow/example_dags/example_subdag_operator.py
[2024-09-24T18:04:34.211+0000] {logging_mixin.py:120} INFO - [2024-09-24T18:04:34.210+0000] {dag.py:2585} INFO - Sync 3 DAGs
[2024-09-24T18:04:34.423+0000] {logging_mixin.py:120} INFO - [2024-09-24T18:04:34.421+0000] {dag.py:3340} INFO - Setting next_dagrun for example_subdag_operator to 2022-01-01T00:00:00+00:00, run_after=2022-01-01T00:00:00+00:00
[2024-09-24T18:04:34.452+0000] {logging_mixin.py:120} INFO - [2024-09-24T18:04:34.451+0000] {dag.py:3340} INFO - Setting next_dagrun for example_subdag_operator.section-1 to None, run_after=None
[2024-09-24T18:04:34.461+0000] {logging_mixin.py:120} INFO - [2024-09-24T18:04:34.461+0000] {dag.py:3340} INFO - Setting next_dagrun for example_subdag_operator.section-2 to None, run_after=None
[2024-09-24T18:04:34.518+0000] {logging_mixin.py:120} INFO - [2024-09-24T18:04:34.517+0000] {dag.py:2585} INFO - Sync 2 DAGs
[2024-09-24T18:04:34.555+0000] {logging_mixin.py:120} INFO - [2024-09-24T18:04:34.554+0000] {dag.py:3340} INFO - Setting next_dagrun for example_subdag_operator.section-1 to None, run_after=None
[2024-09-24T18:04:34.558+0000] {logging_mixin.py:120} INFO - [2024-09-24T18:04:34.557+0000] {dag.py:3340} INFO - Setting next_dagrun for example_subdag_operator.section-2 to None, run_after=None
[2024-09-24T18:04:34.649+0000] {processor.py:176} INFO - Processing /home/airflow/.local/lib/python3.7/site-packages/airflow/example_dags/example_subdag_operator.py took 2.733 seconds
[2024-09-24T19:05:32.168+0000] {processor.py:154} INFO - Started process (PID=16944) to work on /home/airflow/.local/lib/python3.7/site-packages/airflow/example_dags/example_subdag_operator.py
[2024-09-24T19:05:32.183+0000] {processor.py:756} INFO - Processing file /home/airflow/.local/lib/python3.7/site-packages/airflow/example_dags/example_subdag_operator.py for tasks to queue
[2024-09-24T19:05:32.190+0000] {logging_mixin.py:120} INFO - [2024-09-24T19:05:32.189+0000] {dagbag.py:537} INFO - Filling up the DagBag from /home/airflow/.local/lib/python3.7/site-packages/airflow/example_dags/example_subdag_operator.py
[2024-09-24T19:05:33.851+0000] {processor.py:766} INFO - DAG(s) dict_keys(['example_subdag_operator.section-1', 'example_subdag_operator.section-2', 'example_subdag_operator']) retrieved from /home/airflow/.local/lib/python3.7/site-packages/airflow/example_dags/example_subdag_operator.py
[2024-09-24T19:05:34.403+0000] {logging_mixin.py:120} INFO - [2024-09-24T19:05:34.403+0000] {dag.py:2585} INFO - Sync 3 DAGs
[2024-09-24T19:05:34.467+0000] {logging_mixin.py:120} INFO - [2024-09-24T19:05:34.466+0000] {dag.py:3340} INFO - Setting next_dagrun for example_subdag_operator to 2022-01-01T00:00:00+00:00, run_after=2022-01-01T00:00:00+00:00
[2024-09-24T19:05:34.473+0000] {logging_mixin.py:120} INFO - [2024-09-24T19:05:34.473+0000] {dag.py:3340} INFO - Setting next_dagrun for example_subdag_operator.section-1 to None, run_after=None
[2024-09-24T19:05:34.476+0000] {logging_mixin.py:120} INFO - [2024-09-24T19:05:34.476+0000] {dag.py:3340} INFO - Setting next_dagrun for example_subdag_operator.section-2 to None, run_after=None
[2024-09-24T19:05:34.493+0000] {logging_mixin.py:120} INFO - [2024-09-24T19:05:34.493+0000] {dag.py:2585} INFO - Sync 2 DAGs
[2024-09-24T19:05:34.506+0000] {logging_mixin.py:120} INFO - [2024-09-24T19:05:34.506+0000] {dag.py:3340} INFO - Setting next_dagrun for example_subdag_operator.section-1 to None, run_after=None
[2024-09-24T19:05:34.507+0000] {logging_mixin.py:120} INFO - [2024-09-24T19:05:34.507+0000] {dag.py:3340} INFO - Setting next_dagrun for example_subdag_operator.section-2 to None, run_after=None
[2024-09-24T19:05:34.545+0000] {processor.py:176} INFO - Processing /home/airflow/.local/lib/python3.7/site-packages/airflow/example_dags/example_subdag_operator.py took 2.421 seconds
[2024-09-24T20:06:35.770+0000] {processor.py:154} INFO - Started process (PID=16989) to work on /home/airflow/.local/lib/python3.7/site-packages/airflow/example_dags/example_subdag_operator.py
[2024-09-24T20:06:35.781+0000] {processor.py:756} INFO - Processing file /home/airflow/.local/lib/python3.7/site-packages/airflow/example_dags/example_subdag_operator.py for tasks to queue
[2024-09-24T20:06:35.787+0000] {logging_mixin.py:120} INFO - [2024-09-24T20:06:35.786+0000] {dagbag.py:537} INFO - Filling up the DagBag from /home/airflow/.local/lib/python3.7/site-packages/airflow/example_dags/example_subdag_operator.py
[2024-09-24T20:06:36.045+0000] {processor.py:766} INFO - DAG(s) dict_keys(['example_subdag_operator.section-1', 'example_subdag_operator.section-2', 'example_subdag_operator']) retrieved from /home/airflow/.local/lib/python3.7/site-packages/airflow/example_dags/example_subdag_operator.py
[2024-09-24T20:06:38.016+0000] {logging_mixin.py:120} INFO - [2024-09-24T20:06:38.014+0000] {dag.py:2585} INFO - Sync 3 DAGs
[2024-09-24T20:06:38.261+0000] {logging_mixin.py:120} INFO - [2024-09-24T20:06:38.261+0000] {dag.py:3340} INFO - Setting next_dagrun for example_subdag_operator to 2022-01-01T00:00:00+00:00, run_after=2022-01-01T00:00:00+00:00
[2024-09-24T20:06:38.296+0000] {logging_mixin.py:120} INFO - [2024-09-24T20:06:38.295+0000] {dag.py:3340} INFO - Setting next_dagrun for example_subdag_operator.section-1 to None, run_after=None
[2024-09-24T20:06:38.305+0000] {logging_mixin.py:120} INFO - [2024-09-24T20:06:38.305+0000] {dag.py:3340} INFO - Setting next_dagrun for example_subdag_operator.section-2 to None, run_after=None
[2024-09-24T20:06:38.363+0000] {logging_mixin.py:120} INFO - [2024-09-24T20:06:38.362+0000] {dag.py:2585} INFO - Sync 2 DAGs
[2024-09-24T20:06:38.413+0000] {logging_mixin.py:120} INFO - [2024-09-24T20:06:38.413+0000] {dag.py:3340} INFO - Setting next_dagrun for example_subdag_operator.section-1 to None, run_after=None
[2024-09-24T20:06:38.416+0000] {logging_mixin.py:120} INFO - [2024-09-24T20:06:38.416+0000] {dag.py:3340} INFO - Setting next_dagrun for example_subdag_operator.section-2 to None, run_after=None
[2024-09-24T20:06:38.513+0000] {processor.py:176} INFO - Processing /home/airflow/.local/lib/python3.7/site-packages/airflow/example_dags/example_subdag_operator.py took 2.769 seconds
[2024-09-24T22:08:22.134+0000] {processor.py:154} INFO - Started process (PID=17043) to work on /home/airflow/.local/lib/python3.7/site-packages/airflow/example_dags/example_subdag_operator.py
[2024-09-24T22:08:22.139+0000] {processor.py:756} INFO - Processing file /home/airflow/.local/lib/python3.7/site-packages/airflow/example_dags/example_subdag_operator.py for tasks to queue
[2024-09-24T22:08:22.142+0000] {logging_mixin.py:120} INFO - [2024-09-24T22:08:22.141+0000] {dagbag.py:537} INFO - Filling up the DagBag from /home/airflow/.local/lib/python3.7/site-packages/airflow/example_dags/example_subdag_operator.py
[2024-09-24T22:08:22.207+0000] {processor.py:766} INFO - DAG(s) dict_keys(['example_subdag_operator.section-1', 'example_subdag_operator.section-2', 'example_subdag_operator']) retrieved from /home/airflow/.local/lib/python3.7/site-packages/airflow/example_dags/example_subdag_operator.py
[2024-09-24T22:08:22.477+0000] {logging_mixin.py:120} INFO - [2024-09-24T22:08:22.476+0000] {dag.py:2585} INFO - Sync 3 DAGs
[2024-09-24T22:08:22.678+0000] {logging_mixin.py:120} INFO - [2024-09-24T22:08:22.676+0000] {dag.py:3340} INFO - Setting next_dagrun for example_subdag_operator to 2022-01-01T00:00:00+00:00, run_after=2022-01-01T00:00:00+00:00
[2024-09-24T22:08:22.717+0000] {logging_mixin.py:120} INFO - [2024-09-24T22:08:22.717+0000] {dag.py:3340} INFO - Setting next_dagrun for example_subdag_operator.section-1 to None, run_after=None
[2024-09-24T22:08:22.725+0000] {logging_mixin.py:120} INFO - [2024-09-24T22:08:22.725+0000] {dag.py:3340} INFO - Setting next_dagrun for example_subdag_operator.section-2 to None, run_after=None
[2024-09-24T22:08:22.781+0000] {logging_mixin.py:120} INFO - [2024-09-24T22:08:22.780+0000] {dag.py:2585} INFO - Sync 2 DAGs
[2024-09-24T22:08:22.834+0000] {logging_mixin.py:120} INFO - [2024-09-24T22:08:22.833+0000] {dag.py:3340} INFO - Setting next_dagrun for example_subdag_operator.section-1 to None, run_after=None
[2024-09-24T22:08:22.840+0000] {logging_mixin.py:120} INFO - [2024-09-24T22:08:22.839+0000] {dag.py:3340} INFO - Setting next_dagrun for example_subdag_operator.section-2 to None, run_after=None
[2024-09-24T22:08:22.943+0000] {processor.py:176} INFO - Processing /home/airflow/.local/lib/python3.7/site-packages/airflow/example_dags/example_subdag_operator.py took 0.814 seconds
