[2024-09-27T01:16:56.139+0000] {processor.py:154} INFO - Started process (PID=48073) to work on /home/airflow/.local/lib/python3.7/site-packages/airflow/example_dags/example_latest_only_with_trigger.py
[2024-09-27T01:16:56.141+0000] {processor.py:756} INFO - Processing file /home/airflow/.local/lib/python3.7/site-packages/airflow/example_dags/example_latest_only_with_trigger.py for tasks to queue
[2024-09-27T01:16:56.142+0000] {logging_mixin.py:120} INFO - [2024-09-27T01:16:56.142+0000] {dagbag.py:537} INFO - Filling up the DagBag from /home/airflow/.local/lib/python3.7/site-packages/airflow/example_dags/example_latest_only_with_trigger.py
[2024-09-27T01:16:56.170+0000] {processor.py:766} INFO - DAG(s) dict_keys(['latest_only_with_trigger']) retrieved from /home/airflow/.local/lib/python3.7/site-packages/airflow/example_dags/example_latest_only_with_trigger.py
[2024-09-27T01:16:56.238+0000] {logging_mixin.py:120} INFO - [2024-09-27T01:16:56.238+0000] {dag.py:2585} INFO - Sync 1 DAGs
[2024-09-27T01:16:56.277+0000] {logging_mixin.py:120} INFO - [2024-09-27T01:16:56.277+0000] {dag.py:3340} INFO - Setting next_dagrun for latest_only_with_trigger to 2024-09-26T21:16:56.277275+00:00, run_after=2024-09-27T01:16:56.277275+00:00
[2024-09-27T01:16:56.308+0000] {processor.py:176} INFO - Processing /home/airflow/.local/lib/python3.7/site-packages/airflow/example_dags/example_latest_only_with_trigger.py took 0.174 seconds
[2024-09-27T01:39:15.242+0000] {processor.py:154} INFO - Started process (PID=48131) to work on /home/airflow/.local/lib/python3.7/site-packages/airflow/example_dags/example_latest_only_with_trigger.py
[2024-09-27T01:39:15.244+0000] {processor.py:756} INFO - Processing file /home/airflow/.local/lib/python3.7/site-packages/airflow/example_dags/example_latest_only_with_trigger.py for tasks to queue
[2024-09-27T01:39:15.245+0000] {logging_mixin.py:120} INFO - [2024-09-27T01:39:15.245+0000] {dagbag.py:537} INFO - Filling up the DagBag from /home/airflow/.local/lib/python3.7/site-packages/airflow/example_dags/example_latest_only_with_trigger.py
[2024-09-27T01:39:15.281+0000] {processor.py:766} INFO - DAG(s) dict_keys(['latest_only_with_trigger']) retrieved from /home/airflow/.local/lib/python3.7/site-packages/airflow/example_dags/example_latest_only_with_trigger.py
[2024-09-27T01:39:15.353+0000] {logging_mixin.py:120} INFO - [2024-09-27T01:39:15.353+0000] {dag.py:2585} INFO - Sync 1 DAGs
[2024-09-27T01:39:15.407+0000] {logging_mixin.py:120} INFO - [2024-09-27T01:39:15.407+0000] {dag.py:3340} INFO - Setting next_dagrun for latest_only_with_trigger to 2024-09-26T21:39:15.407110+00:00, run_after=2024-09-27T01:39:15.407110+00:00
[2024-09-27T01:39:15.462+0000] {processor.py:176} INFO - Processing /home/airflow/.local/lib/python3.7/site-packages/airflow/example_dags/example_latest_only_with_trigger.py took 0.226 seconds
[2024-09-27T02:05:34.892+0000] {processor.py:154} INFO - Started process (PID=48189) to work on /home/airflow/.local/lib/python3.7/site-packages/airflow/example_dags/example_latest_only_with_trigger.py
[2024-09-27T02:05:34.895+0000] {processor.py:756} INFO - Processing file /home/airflow/.local/lib/python3.7/site-packages/airflow/example_dags/example_latest_only_with_trigger.py for tasks to queue
[2024-09-27T02:05:34.898+0000] {logging_mixin.py:120} INFO - [2024-09-27T02:05:34.897+0000] {dagbag.py:537} INFO - Filling up the DagBag from /home/airflow/.local/lib/python3.7/site-packages/airflow/example_dags/example_latest_only_with_trigger.py
[2024-09-27T02:05:34.949+0000] {processor.py:766} INFO - DAG(s) dict_keys(['latest_only_with_trigger']) retrieved from /home/airflow/.local/lib/python3.7/site-packages/airflow/example_dags/example_latest_only_with_trigger.py
[2024-09-27T02:05:35.062+0000] {logging_mixin.py:120} INFO - [2024-09-27T02:05:35.061+0000] {dag.py:2585} INFO - Sync 1 DAGs
[2024-09-27T02:05:35.125+0000] {logging_mixin.py:120} INFO - [2024-09-27T02:05:35.125+0000] {dag.py:3340} INFO - Setting next_dagrun for latest_only_with_trigger to 2024-09-26T22:05:35.124580+00:00, run_after=2024-09-27T02:05:35.124580+00:00
[2024-09-27T02:05:35.168+0000] {processor.py:176} INFO - Processing /home/airflow/.local/lib/python3.7/site-packages/airflow/example_dags/example_latest_only_with_trigger.py took 0.285 seconds
[2024-09-27T02:06:29.380+0000] {processor.py:154} INFO - Started process (PID=48257) to work on /home/airflow/.local/lib/python3.7/site-packages/airflow/example_dags/example_latest_only_with_trigger.py
[2024-09-27T02:06:29.382+0000] {processor.py:756} INFO - Processing file /home/airflow/.local/lib/python3.7/site-packages/airflow/example_dags/example_latest_only_with_trigger.py for tasks to queue
[2024-09-27T02:06:29.383+0000] {logging_mixin.py:120} INFO - [2024-09-27T02:06:29.382+0000] {dagbag.py:537} INFO - Filling up the DagBag from /home/airflow/.local/lib/python3.7/site-packages/airflow/example_dags/example_latest_only_with_trigger.py
[2024-09-27T02:06:29.401+0000] {processor.py:766} INFO - DAG(s) dict_keys(['latest_only_with_trigger']) retrieved from /home/airflow/.local/lib/python3.7/site-packages/airflow/example_dags/example_latest_only_with_trigger.py
[2024-09-27T02:06:29.451+0000] {logging_mixin.py:120} INFO - [2024-09-27T02:06:29.451+0000] {dag.py:2585} INFO - Sync 1 DAGs
[2024-09-27T02:06:29.485+0000] {logging_mixin.py:120} INFO - [2024-09-27T02:06:29.485+0000] {dag.py:3340} INFO - Setting next_dagrun for latest_only_with_trigger to 2024-09-26T22:06:29.484811+00:00, run_after=2024-09-27T02:06:29.484811+00:00
[2024-09-27T02:06:29.511+0000] {processor.py:176} INFO - Processing /home/airflow/.local/lib/python3.7/site-packages/airflow/example_dags/example_latest_only_with_trigger.py took 0.136 seconds
[2024-09-27T02:08:06.772+0000] {processor.py:154} INFO - Started process (PID=48315) to work on /home/airflow/.local/lib/python3.7/site-packages/airflow/example_dags/example_latest_only_with_trigger.py
[2024-09-27T02:08:06.773+0000] {processor.py:756} INFO - Processing file /home/airflow/.local/lib/python3.7/site-packages/airflow/example_dags/example_latest_only_with_trigger.py for tasks to queue
[2024-09-27T02:08:06.774+0000] {logging_mixin.py:120} INFO - [2024-09-27T02:08:06.774+0000] {dagbag.py:537} INFO - Filling up the DagBag from /home/airflow/.local/lib/python3.7/site-packages/airflow/example_dags/example_latest_only_with_trigger.py
[2024-09-27T02:08:06.793+0000] {processor.py:766} INFO - DAG(s) dict_keys(['latest_only_with_trigger']) retrieved from /home/airflow/.local/lib/python3.7/site-packages/airflow/example_dags/example_latest_only_with_trigger.py
[2024-09-27T02:08:06.842+0000] {logging_mixin.py:120} INFO - [2024-09-27T02:08:06.842+0000] {dag.py:2585} INFO - Sync 1 DAGs
[2024-09-27T02:08:06.870+0000] {logging_mixin.py:120} INFO - [2024-09-27T02:08:06.869+0000] {dag.py:3340} INFO - Setting next_dagrun for latest_only_with_trigger to 2024-09-26T22:08:06.869652+00:00, run_after=2024-09-27T02:08:06.869652+00:00
[2024-09-27T02:08:06.890+0000] {processor.py:176} INFO - Processing /home/airflow/.local/lib/python3.7/site-packages/airflow/example_dags/example_latest_only_with_trigger.py took 0.122 seconds
[2024-09-27T02:09:45.743+0000] {processor.py:154} INFO - Started process (PID=48382) to work on /home/airflow/.local/lib/python3.7/site-packages/airflow/example_dags/example_latest_only_with_trigger.py
[2024-09-27T02:09:45.745+0000] {processor.py:756} INFO - Processing file /home/airflow/.local/lib/python3.7/site-packages/airflow/example_dags/example_latest_only_with_trigger.py for tasks to queue
[2024-09-27T02:09:45.745+0000] {logging_mixin.py:120} INFO - [2024-09-27T02:09:45.745+0000] {dagbag.py:537} INFO - Filling up the DagBag from /home/airflow/.local/lib/python3.7/site-packages/airflow/example_dags/example_latest_only_with_trigger.py
[2024-09-27T02:09:45.764+0000] {processor.py:766} INFO - DAG(s) dict_keys(['latest_only_with_trigger']) retrieved from /home/airflow/.local/lib/python3.7/site-packages/airflow/example_dags/example_latest_only_with_trigger.py
[2024-09-27T02:09:45.817+0000] {logging_mixin.py:120} INFO - [2024-09-27T02:09:45.817+0000] {dag.py:2585} INFO - Sync 1 DAGs
[2024-09-27T02:09:45.849+0000] {logging_mixin.py:120} INFO - [2024-09-27T02:09:45.849+0000] {dag.py:3340} INFO - Setting next_dagrun for latest_only_with_trigger to 2024-09-26T22:09:45.848864+00:00, run_after=2024-09-27T02:09:45.848864+00:00
[2024-09-27T02:09:45.877+0000] {processor.py:176} INFO - Processing /home/airflow/.local/lib/python3.7/site-packages/airflow/example_dags/example_latest_only_with_trigger.py took 0.138 seconds
[2024-09-27T02:11:03.997+0000] {processor.py:154} INFO - Started process (PID=48450) to work on /home/airflow/.local/lib/python3.7/site-packages/airflow/example_dags/example_latest_only_with_trigger.py
[2024-09-27T02:11:03.998+0000] {processor.py:756} INFO - Processing file /home/airflow/.local/lib/python3.7/site-packages/airflow/example_dags/example_latest_only_with_trigger.py for tasks to queue
[2024-09-27T02:11:03.999+0000] {logging_mixin.py:120} INFO - [2024-09-27T02:11:03.999+0000] {dagbag.py:537} INFO - Filling up the DagBag from /home/airflow/.local/lib/python3.7/site-packages/airflow/example_dags/example_latest_only_with_trigger.py
[2024-09-27T02:11:04.022+0000] {processor.py:766} INFO - DAG(s) dict_keys(['latest_only_with_trigger']) retrieved from /home/airflow/.local/lib/python3.7/site-packages/airflow/example_dags/example_latest_only_with_trigger.py
[2024-09-27T02:11:04.071+0000] {logging_mixin.py:120} INFO - [2024-09-27T02:11:04.071+0000] {dag.py:2585} INFO - Sync 1 DAGs
[2024-09-27T02:11:04.103+0000] {logging_mixin.py:120} INFO - [2024-09-27T02:11:04.103+0000] {dag.py:3340} INFO - Setting next_dagrun for latest_only_with_trigger to 2024-09-26T22:11:04.103073+00:00, run_after=2024-09-27T02:11:04.103073+00:00
[2024-09-27T02:11:04.137+0000] {processor.py:176} INFO - Processing /home/airflow/.local/lib/python3.7/site-packages/airflow/example_dags/example_latest_only_with_trigger.py took 0.145 seconds
[2024-09-27T02:55:24.740+0000] {processor.py:154} INFO - Started process (PID=48508) to work on /home/airflow/.local/lib/python3.7/site-packages/airflow/example_dags/example_latest_only_with_trigger.py
[2024-09-27T02:55:24.743+0000] {processor.py:756} INFO - Processing file /home/airflow/.local/lib/python3.7/site-packages/airflow/example_dags/example_latest_only_with_trigger.py for tasks to queue
[2024-09-27T02:55:24.745+0000] {logging_mixin.py:120} INFO - [2024-09-27T02:55:24.744+0000] {dagbag.py:537} INFO - Filling up the DagBag from /home/airflow/.local/lib/python3.7/site-packages/airflow/example_dags/example_latest_only_with_trigger.py
[2024-09-27T02:55:24.774+0000] {processor.py:766} INFO - DAG(s) dict_keys(['latest_only_with_trigger']) retrieved from /home/airflow/.local/lib/python3.7/site-packages/airflow/example_dags/example_latest_only_with_trigger.py
[2024-09-27T02:55:24.837+0000] {logging_mixin.py:120} INFO - [2024-09-27T02:55:24.837+0000] {dag.py:2585} INFO - Sync 1 DAGs
[2024-09-27T02:55:24.869+0000] {logging_mixin.py:120} INFO - [2024-09-27T02:55:24.869+0000] {dag.py:3340} INFO - Setting next_dagrun for latest_only_with_trigger to 2024-09-26T22:55:24.868817+00:00, run_after=2024-09-27T02:55:24.868817+00:00
[2024-09-27T02:55:24.903+0000] {processor.py:176} INFO - Processing /home/airflow/.local/lib/python3.7/site-packages/airflow/example_dags/example_latest_only_with_trigger.py took 0.173 seconds
[2024-09-27T04:06:43.613+0000] {processor.py:154} INFO - Started process (PID=48575) to work on /home/airflow/.local/lib/python3.7/site-packages/airflow/example_dags/example_latest_only_with_trigger.py
[2024-09-27T04:06:43.615+0000] {processor.py:756} INFO - Processing file /home/airflow/.local/lib/python3.7/site-packages/airflow/example_dags/example_latest_only_with_trigger.py for tasks to queue
[2024-09-27T04:06:43.616+0000] {logging_mixin.py:120} INFO - [2024-09-27T04:06:43.616+0000] {dagbag.py:537} INFO - Filling up the DagBag from /home/airflow/.local/lib/python3.7/site-packages/airflow/example_dags/example_latest_only_with_trigger.py
[2024-09-27T04:06:43.646+0000] {processor.py:766} INFO - DAG(s) dict_keys(['latest_only_with_trigger']) retrieved from /home/airflow/.local/lib/python3.7/site-packages/airflow/example_dags/example_latest_only_with_trigger.py
[2024-09-27T04:06:43.734+0000] {logging_mixin.py:120} INFO - [2024-09-27T04:06:43.734+0000] {dag.py:2585} INFO - Sync 1 DAGs
[2024-09-27T04:06:43.774+0000] {logging_mixin.py:120} INFO - [2024-09-27T04:06:43.774+0000] {dag.py:3340} INFO - Setting next_dagrun for latest_only_with_trigger to 2024-09-27T00:06:43.773939+00:00, run_after=2024-09-27T04:06:43.773939+00:00
[2024-09-27T04:06:43.806+0000] {processor.py:176} INFO - Processing /home/airflow/.local/lib/python3.7/site-packages/airflow/example_dags/example_latest_only_with_trigger.py took 0.199 seconds
[2024-09-27T06:08:44.621+0000] {processor.py:154} INFO - Started process (PID=48633) to work on /home/airflow/.local/lib/python3.7/site-packages/airflow/example_dags/example_latest_only_with_trigger.py
[2024-09-27T06:08:44.638+0000] {processor.py:756} INFO - Processing file /home/airflow/.local/lib/python3.7/site-packages/airflow/example_dags/example_latest_only_with_trigger.py for tasks to queue
[2024-09-27T06:08:44.643+0000] {logging_mixin.py:120} INFO - [2024-09-27T06:08:44.643+0000] {dagbag.py:537} INFO - Filling up the DagBag from /home/airflow/.local/lib/python3.7/site-packages/airflow/example_dags/example_latest_only_with_trigger.py
[2024-09-27T06:08:44.663+0000] {processor.py:766} INFO - DAG(s) dict_keys(['latest_only_with_trigger']) retrieved from /home/airflow/.local/lib/python3.7/site-packages/airflow/example_dags/example_latest_only_with_trigger.py
[2024-09-27T06:08:44.709+0000] {logging_mixin.py:120} INFO - [2024-09-27T06:08:44.709+0000] {dag.py:2585} INFO - Sync 1 DAGs
[2024-09-27T06:08:44.736+0000] {logging_mixin.py:120} INFO - [2024-09-27T06:08:44.736+0000] {dag.py:3340} INFO - Setting next_dagrun for latest_only_with_trigger to 2024-09-27T02:08:44.736401+00:00, run_after=2024-09-27T06:08:44.736401+00:00
[2024-09-27T06:08:44.760+0000] {processor.py:176} INFO - Processing /home/airflow/.local/lib/python3.7/site-packages/airflow/example_dags/example_latest_only_with_trigger.py took 0.145 seconds
[2024-09-27T06:15:58.106+0000] {processor.py:154} INFO - Started process (PID=48699) to work on /home/airflow/.local/lib/python3.7/site-packages/airflow/example_dags/example_latest_only_with_trigger.py
[2024-09-27T06:15:58.107+0000] {processor.py:756} INFO - Processing file /home/airflow/.local/lib/python3.7/site-packages/airflow/example_dags/example_latest_only_with_trigger.py for tasks to queue
[2024-09-27T06:15:58.109+0000] {logging_mixin.py:120} INFO - [2024-09-27T06:15:58.109+0000] {dagbag.py:537} INFO - Filling up the DagBag from /home/airflow/.local/lib/python3.7/site-packages/airflow/example_dags/example_latest_only_with_trigger.py
[2024-09-27T06:15:58.140+0000] {processor.py:766} INFO - DAG(s) dict_keys(['latest_only_with_trigger']) retrieved from /home/airflow/.local/lib/python3.7/site-packages/airflow/example_dags/example_latest_only_with_trigger.py
[2024-09-27T06:15:58.206+0000] {logging_mixin.py:120} INFO - [2024-09-27T06:15:58.206+0000] {dag.py:2585} INFO - Sync 1 DAGs
[2024-09-27T06:15:58.275+0000] {logging_mixin.py:120} INFO - [2024-09-27T06:15:58.275+0000] {dag.py:3340} INFO - Setting next_dagrun for latest_only_with_trigger to 2024-09-27T02:15:58.274474+00:00, run_after=2024-09-27T06:15:58.274474+00:00
[2024-09-27T06:15:58.328+0000] {processor.py:176} INFO - Processing /home/airflow/.local/lib/python3.7/site-packages/airflow/example_dags/example_latest_only_with_trigger.py took 0.227 seconds
[2024-09-27T06:33:37.003+0000] {processor.py:154} INFO - Started process (PID=48766) to work on /home/airflow/.local/lib/python3.7/site-packages/airflow/example_dags/example_latest_only_with_trigger.py
[2024-09-27T06:33:37.005+0000] {processor.py:756} INFO - Processing file /home/airflow/.local/lib/python3.7/site-packages/airflow/example_dags/example_latest_only_with_trigger.py for tasks to queue
[2024-09-27T06:33:37.006+0000] {logging_mixin.py:120} INFO - [2024-09-27T06:33:37.006+0000] {dagbag.py:537} INFO - Filling up the DagBag from /home/airflow/.local/lib/python3.7/site-packages/airflow/example_dags/example_latest_only_with_trigger.py
[2024-09-27T06:33:37.030+0000] {processor.py:766} INFO - DAG(s) dict_keys(['latest_only_with_trigger']) retrieved from /home/airflow/.local/lib/python3.7/site-packages/airflow/example_dags/example_latest_only_with_trigger.py
[2024-09-27T06:33:37.103+0000] {logging_mixin.py:120} INFO - [2024-09-27T06:33:37.103+0000] {dag.py:2585} INFO - Sync 1 DAGs
[2024-09-27T06:33:37.156+0000] {logging_mixin.py:120} INFO - [2024-09-27T06:33:37.156+0000] {dag.py:3340} INFO - Setting next_dagrun for latest_only_with_trigger to 2024-09-27T02:33:37.155886+00:00, run_after=2024-09-27T06:33:37.155886+00:00
[2024-09-27T06:33:37.191+0000] {processor.py:176} INFO - Processing /home/airflow/.local/lib/python3.7/site-packages/airflow/example_dags/example_latest_only_with_trigger.py took 0.194 seconds
[2024-09-27T10:11:03.601+0000] {processor.py:154} INFO - Started process (PID=48824) to work on /home/airflow/.local/lib/python3.7/site-packages/airflow/example_dags/example_latest_only_with_trigger.py
[2024-09-27T10:11:03.603+0000] {processor.py:756} INFO - Processing file /home/airflow/.local/lib/python3.7/site-packages/airflow/example_dags/example_latest_only_with_trigger.py for tasks to queue
[2024-09-27T10:11:03.605+0000] {logging_mixin.py:120} INFO - [2024-09-27T10:11:03.605+0000] {dagbag.py:537} INFO - Filling up the DagBag from /home/airflow/.local/lib/python3.7/site-packages/airflow/example_dags/example_latest_only_with_trigger.py
[2024-09-27T10:11:03.635+0000] {processor.py:766} INFO - DAG(s) dict_keys(['latest_only_with_trigger']) retrieved from /home/airflow/.local/lib/python3.7/site-packages/airflow/example_dags/example_latest_only_with_trigger.py
[2024-09-27T10:11:03.733+0000] {logging_mixin.py:120} INFO - [2024-09-27T10:11:03.732+0000] {dag.py:2585} INFO - Sync 1 DAGs
[2024-09-27T10:11:03.793+0000] {logging_mixin.py:120} INFO - [2024-09-27T10:11:03.792+0000] {dag.py:3340} INFO - Setting next_dagrun for latest_only_with_trigger to 2024-09-27T06:11:03.792286+00:00, run_after=2024-09-27T10:11:03.792286+00:00
[2024-09-27T10:11:03.839+0000] {processor.py:176} INFO - Processing /home/airflow/.local/lib/python3.7/site-packages/airflow/example_dags/example_latest_only_with_trigger.py took 0.245 seconds
[2024-09-27T12:01:35.268+0000] {processor.py:154} INFO - Started process (PID=48890) to work on /home/airflow/.local/lib/python3.7/site-packages/airflow/example_dags/example_latest_only_with_trigger.py
[2024-09-27T12:01:35.269+0000] {processor.py:756} INFO - Processing file /home/airflow/.local/lib/python3.7/site-packages/airflow/example_dags/example_latest_only_with_trigger.py for tasks to queue
[2024-09-27T12:01:35.270+0000] {logging_mixin.py:120} INFO - [2024-09-27T12:01:35.270+0000] {dagbag.py:537} INFO - Filling up the DagBag from /home/airflow/.local/lib/python3.7/site-packages/airflow/example_dags/example_latest_only_with_trigger.py
[2024-09-27T12:01:35.290+0000] {processor.py:766} INFO - DAG(s) dict_keys(['latest_only_with_trigger']) retrieved from /home/airflow/.local/lib/python3.7/site-packages/airflow/example_dags/example_latest_only_with_trigger.py
[2024-09-27T12:01:35.341+0000] {logging_mixin.py:120} INFO - [2024-09-27T12:01:35.341+0000] {dag.py:2585} INFO - Sync 1 DAGs
[2024-09-27T12:01:35.378+0000] {logging_mixin.py:120} INFO - [2024-09-27T12:01:35.378+0000] {dag.py:3340} INFO - Setting next_dagrun for latest_only_with_trigger to 2024-09-27T08:01:35.377707+00:00, run_after=2024-09-27T12:01:35.377707+00:00
[2024-09-27T12:01:35.411+0000] {processor.py:176} INFO - Processing /home/airflow/.local/lib/python3.7/site-packages/airflow/example_dags/example_latest_only_with_trigger.py took 0.147 seconds
[2024-09-27T12:43:00.437+0000] {processor.py:154} INFO - Started process (PID=48948) to work on /home/airflow/.local/lib/python3.7/site-packages/airflow/example_dags/example_latest_only_with_trigger.py
[2024-09-27T12:43:00.439+0000] {processor.py:756} INFO - Processing file /home/airflow/.local/lib/python3.7/site-packages/airflow/example_dags/example_latest_only_with_trigger.py for tasks to queue
[2024-09-27T12:43:00.440+0000] {logging_mixin.py:120} INFO - [2024-09-27T12:43:00.440+0000] {dagbag.py:537} INFO - Filling up the DagBag from /home/airflow/.local/lib/python3.7/site-packages/airflow/example_dags/example_latest_only_with_trigger.py
[2024-09-27T12:43:00.468+0000] {processor.py:766} INFO - DAG(s) dict_keys(['latest_only_with_trigger']) retrieved from /home/airflow/.local/lib/python3.7/site-packages/airflow/example_dags/example_latest_only_with_trigger.py
[2024-09-27T12:43:00.537+0000] {logging_mixin.py:120} INFO - [2024-09-27T12:43:00.537+0000] {dag.py:2585} INFO - Sync 1 DAGs
[2024-09-27T12:43:00.575+0000] {logging_mixin.py:120} INFO - [2024-09-27T12:43:00.575+0000] {dag.py:3340} INFO - Setting next_dagrun for latest_only_with_trigger to 2024-09-27T08:43:00.574823+00:00, run_after=2024-09-27T12:43:00.574823+00:00
[2024-09-27T12:43:00.611+0000] {processor.py:176} INFO - Processing /home/airflow/.local/lib/python3.7/site-packages/airflow/example_dags/example_latest_only_with_trigger.py took 0.180 seconds
[2024-09-27T14:06:56.465+0000] {processor.py:154} INFO - Started process (PID=49015) to work on /home/airflow/.local/lib/python3.7/site-packages/airflow/example_dags/example_latest_only_with_trigger.py
[2024-09-27T14:06:56.466+0000] {processor.py:756} INFO - Processing file /home/airflow/.local/lib/python3.7/site-packages/airflow/example_dags/example_latest_only_with_trigger.py for tasks to queue
[2024-09-27T14:06:56.467+0000] {logging_mixin.py:120} INFO - [2024-09-27T14:06:56.467+0000] {dagbag.py:537} INFO - Filling up the DagBag from /home/airflow/.local/lib/python3.7/site-packages/airflow/example_dags/example_latest_only_with_trigger.py
[2024-09-27T14:06:56.492+0000] {processor.py:766} INFO - DAG(s) dict_keys(['latest_only_with_trigger']) retrieved from /home/airflow/.local/lib/python3.7/site-packages/airflow/example_dags/example_latest_only_with_trigger.py
[2024-09-27T14:06:56.548+0000] {logging_mixin.py:120} INFO - [2024-09-27T14:06:56.548+0000] {dag.py:2585} INFO - Sync 1 DAGs
[2024-09-27T14:06:56.587+0000] {logging_mixin.py:120} INFO - [2024-09-27T14:06:56.586+0000] {dag.py:3340} INFO - Setting next_dagrun for latest_only_with_trigger to 2024-09-27T10:06:56.586638+00:00, run_after=2024-09-27T14:06:56.586638+00:00
[2024-09-27T14:06:56.627+0000] {processor.py:176} INFO - Processing /home/airflow/.local/lib/python3.7/site-packages/airflow/example_dags/example_latest_only_with_trigger.py took 0.167 seconds
[2024-09-27T15:02:12.592+0000] {processor.py:154} INFO - Started process (PID=49073) to work on /home/airflow/.local/lib/python3.7/site-packages/airflow/example_dags/example_latest_only_with_trigger.py
[2024-09-27T15:02:12.594+0000] {processor.py:756} INFO - Processing file /home/airflow/.local/lib/python3.7/site-packages/airflow/example_dags/example_latest_only_with_trigger.py for tasks to queue
[2024-09-27T15:02:12.597+0000] {logging_mixin.py:120} INFO - [2024-09-27T15:02:12.597+0000] {dagbag.py:537} INFO - Filling up the DagBag from /home/airflow/.local/lib/python3.7/site-packages/airflow/example_dags/example_latest_only_with_trigger.py
[2024-09-27T15:02:12.618+0000] {processor.py:766} INFO - DAG(s) dict_keys(['latest_only_with_trigger']) retrieved from /home/airflow/.local/lib/python3.7/site-packages/airflow/example_dags/example_latest_only_with_trigger.py
[2024-09-27T15:02:12.666+0000] {logging_mixin.py:120} INFO - [2024-09-27T15:02:12.666+0000] {dag.py:2585} INFO - Sync 1 DAGs
[2024-09-27T15:02:12.698+0000] {logging_mixin.py:120} INFO - [2024-09-27T15:02:12.697+0000] {dag.py:3340} INFO - Setting next_dagrun for latest_only_with_trigger to 2024-09-27T11:02:12.697614+00:00, run_after=2024-09-27T15:02:12.697614+00:00
[2024-09-27T15:02:12.733+0000] {processor.py:176} INFO - Processing /home/airflow/.local/lib/python3.7/site-packages/airflow/example_dags/example_latest_only_with_trigger.py took 0.146 seconds
[2024-09-27T16:03:11.737+0000] {processor.py:154} INFO - Started process (PID=49131) to work on /home/airflow/.local/lib/python3.7/site-packages/airflow/example_dags/example_latest_only_with_trigger.py
[2024-09-27T16:03:11.740+0000] {processor.py:756} INFO - Processing file /home/airflow/.local/lib/python3.7/site-packages/airflow/example_dags/example_latest_only_with_trigger.py for tasks to queue
[2024-09-27T16:03:11.742+0000] {logging_mixin.py:120} INFO - [2024-09-27T16:03:11.741+0000] {dagbag.py:537} INFO - Filling up the DagBag from /home/airflow/.local/lib/python3.7/site-packages/airflow/example_dags/example_latest_only_with_trigger.py
[2024-09-27T16:03:11.760+0000] {processor.py:766} INFO - DAG(s) dict_keys(['latest_only_with_trigger']) retrieved from /home/airflow/.local/lib/python3.7/site-packages/airflow/example_dags/example_latest_only_with_trigger.py
[2024-09-27T16:03:11.810+0000] {logging_mixin.py:120} INFO - [2024-09-27T16:03:11.810+0000] {dag.py:2585} INFO - Sync 1 DAGs
[2024-09-27T16:03:11.844+0000] {logging_mixin.py:120} INFO - [2024-09-27T16:03:11.844+0000] {dag.py:3340} INFO - Setting next_dagrun for latest_only_with_trigger to 2024-09-27T12:03:11.844171+00:00, run_after=2024-09-27T16:03:11.844171+00:00
[2024-09-27T16:03:11.871+0000] {processor.py:176} INFO - Processing /home/airflow/.local/lib/python3.7/site-packages/airflow/example_dags/example_latest_only_with_trigger.py took 0.139 seconds
[2024-09-27T16:03:48.137+0000] {processor.py:154} INFO - Started process (PID=49189) to work on /home/airflow/.local/lib/python3.7/site-packages/airflow/example_dags/example_latest_only_with_trigger.py
[2024-09-27T16:03:48.141+0000] {processor.py:756} INFO - Processing file /home/airflow/.local/lib/python3.7/site-packages/airflow/example_dags/example_latest_only_with_trigger.py for tasks to queue
[2024-09-27T16:03:48.147+0000] {logging_mixin.py:120} INFO - [2024-09-27T16:03:48.146+0000] {dagbag.py:537} INFO - Filling up the DagBag from /home/airflow/.local/lib/python3.7/site-packages/airflow/example_dags/example_latest_only_with_trigger.py
[2024-09-27T16:03:48.217+0000] {processor.py:766} INFO - DAG(s) dict_keys(['latest_only_with_trigger']) retrieved from /home/airflow/.local/lib/python3.7/site-packages/airflow/example_dags/example_latest_only_with_trigger.py
[2024-09-27T16:03:48.412+0000] {logging_mixin.py:120} INFO - [2024-09-27T16:03:48.411+0000] {dag.py:2585} INFO - Sync 1 DAGs
[2024-09-27T16:03:48.508+0000] {logging_mixin.py:120} INFO - [2024-09-27T16:03:48.507+0000] {dag.py:3340} INFO - Setting next_dagrun for latest_only_with_trigger to 2024-09-27T12:03:48.507016+00:00, run_after=2024-09-27T16:03:48.507016+00:00
[2024-09-27T16:03:48.579+0000] {processor.py:176} INFO - Processing /home/airflow/.local/lib/python3.7/site-packages/airflow/example_dags/example_latest_only_with_trigger.py took 0.456 seconds
[2024-09-27T16:38:40.518+0000] {processor.py:154} INFO - Started process (PID=49247) to work on /home/airflow/.local/lib/python3.7/site-packages/airflow/example_dags/example_latest_only_with_trigger.py
[2024-09-27T16:38:40.521+0000] {processor.py:756} INFO - Processing file /home/airflow/.local/lib/python3.7/site-packages/airflow/example_dags/example_latest_only_with_trigger.py for tasks to queue
[2024-09-27T16:38:40.525+0000] {logging_mixin.py:120} INFO - [2024-09-27T16:38:40.525+0000] {dagbag.py:537} INFO - Filling up the DagBag from /home/airflow/.local/lib/python3.7/site-packages/airflow/example_dags/example_latest_only_with_trigger.py
[2024-09-27T16:38:40.547+0000] {processor.py:766} INFO - DAG(s) dict_keys(['latest_only_with_trigger']) retrieved from /home/airflow/.local/lib/python3.7/site-packages/airflow/example_dags/example_latest_only_with_trigger.py
[2024-09-27T16:38:40.635+0000] {logging_mixin.py:120} INFO - [2024-09-27T16:38:40.634+0000] {dag.py:2585} INFO - Sync 1 DAGs
[2024-09-27T16:38:40.696+0000] {logging_mixin.py:120} INFO - [2024-09-27T16:38:40.696+0000] {dag.py:3340} INFO - Setting next_dagrun for latest_only_with_trigger to 2024-09-27T12:38:40.695595+00:00, run_after=2024-09-27T16:38:40.695595+00:00
[2024-09-27T16:38:40.739+0000] {processor.py:176} INFO - Processing /home/airflow/.local/lib/python3.7/site-packages/airflow/example_dags/example_latest_only_with_trigger.py took 0.226 seconds
[2024-09-27T16:41:47.777+0000] {processor.py:154} INFO - Started process (PID=49314) to work on /home/airflow/.local/lib/python3.7/site-packages/airflow/example_dags/example_latest_only_with_trigger.py
[2024-09-27T16:41:47.781+0000] {processor.py:756} INFO - Processing file /home/airflow/.local/lib/python3.7/site-packages/airflow/example_dags/example_latest_only_with_trigger.py for tasks to queue
[2024-09-27T16:41:47.784+0000] {logging_mixin.py:120} INFO - [2024-09-27T16:41:47.784+0000] {dagbag.py:537} INFO - Filling up the DagBag from /home/airflow/.local/lib/python3.7/site-packages/airflow/example_dags/example_latest_only_with_trigger.py
[2024-09-27T16:41:47.830+0000] {processor.py:766} INFO - DAG(s) dict_keys(['latest_only_with_trigger']) retrieved from /home/airflow/.local/lib/python3.7/site-packages/airflow/example_dags/example_latest_only_with_trigger.py
[2024-09-27T16:41:47.956+0000] {logging_mixin.py:120} INFO - [2024-09-27T16:41:47.956+0000] {dag.py:2585} INFO - Sync 1 DAGs
[2024-09-27T16:41:48.030+0000] {logging_mixin.py:120} INFO - [2024-09-27T16:41:48.030+0000] {dag.py:3340} INFO - Setting next_dagrun for latest_only_with_trigger to 2024-09-27T12:41:48.029725+00:00, run_after=2024-09-27T16:41:48.029725+00:00
[2024-09-27T16:41:48.117+0000] {processor.py:176} INFO - Processing /home/airflow/.local/lib/python3.7/site-packages/airflow/example_dags/example_latest_only_with_trigger.py took 0.350 seconds
[2024-09-27T16:43:18.096+0000] {processor.py:154} INFO - Started process (PID=49371) to work on /home/airflow/.local/lib/python3.7/site-packages/airflow/example_dags/example_latest_only_with_trigger.py
[2024-09-27T16:43:18.099+0000] {processor.py:756} INFO - Processing file /home/airflow/.local/lib/python3.7/site-packages/airflow/example_dags/example_latest_only_with_trigger.py for tasks to queue
[2024-09-27T16:43:18.100+0000] {logging_mixin.py:120} INFO - [2024-09-27T16:43:18.100+0000] {dagbag.py:537} INFO - Filling up the DagBag from /home/airflow/.local/lib/python3.7/site-packages/airflow/example_dags/example_latest_only_with_trigger.py
[2024-09-27T16:43:18.120+0000] {processor.py:766} INFO - DAG(s) dict_keys(['latest_only_with_trigger']) retrieved from /home/airflow/.local/lib/python3.7/site-packages/airflow/example_dags/example_latest_only_with_trigger.py
[2024-09-27T16:43:18.174+0000] {logging_mixin.py:120} INFO - [2024-09-27T16:43:18.174+0000] {dag.py:2585} INFO - Sync 1 DAGs
[2024-09-27T16:43:18.207+0000] {logging_mixin.py:120} INFO - [2024-09-27T16:43:18.207+0000] {dag.py:3340} INFO - Setting next_dagrun for latest_only_with_trigger to 2024-09-27T12:43:18.207027+00:00, run_after=2024-09-27T16:43:18.207027+00:00
[2024-09-27T16:43:18.235+0000] {processor.py:176} INFO - Processing /home/airflow/.local/lib/python3.7/site-packages/airflow/example_dags/example_latest_only_with_trigger.py took 0.143 seconds
[2024-09-27T16:44:54.210+0000] {processor.py:154} INFO - Started process (PID=49438) to work on /home/airflow/.local/lib/python3.7/site-packages/airflow/example_dags/example_latest_only_with_trigger.py
[2024-09-27T16:44:54.211+0000] {processor.py:756} INFO - Processing file /home/airflow/.local/lib/python3.7/site-packages/airflow/example_dags/example_latest_only_with_trigger.py for tasks to queue
[2024-09-27T16:44:54.213+0000] {logging_mixin.py:120} INFO - [2024-09-27T16:44:54.212+0000] {dagbag.py:537} INFO - Filling up the DagBag from /home/airflow/.local/lib/python3.7/site-packages/airflow/example_dags/example_latest_only_with_trigger.py
[2024-09-27T16:44:54.233+0000] {processor.py:766} INFO - DAG(s) dict_keys(['latest_only_with_trigger']) retrieved from /home/airflow/.local/lib/python3.7/site-packages/airflow/example_dags/example_latest_only_with_trigger.py
[2024-09-27T16:44:54.283+0000] {logging_mixin.py:120} INFO - [2024-09-27T16:44:54.283+0000] {dag.py:2585} INFO - Sync 1 DAGs
[2024-09-27T16:44:54.313+0000] {logging_mixin.py:120} INFO - [2024-09-27T16:44:54.313+0000] {dag.py:3340} INFO - Setting next_dagrun for latest_only_with_trigger to 2024-09-27T12:44:54.313173+00:00, run_after=2024-09-27T16:44:54.313173+00:00
[2024-09-27T16:44:54.335+0000] {processor.py:176} INFO - Processing /home/airflow/.local/lib/python3.7/site-packages/airflow/example_dags/example_latest_only_with_trigger.py took 0.130 seconds
[2024-09-27T17:14:10.279+0000] {processor.py:154} INFO - Started process (PID=49505) to work on /home/airflow/.local/lib/python3.7/site-packages/airflow/example_dags/example_latest_only_with_trigger.py
[2024-09-27T17:14:10.281+0000] {processor.py:756} INFO - Processing file /home/airflow/.local/lib/python3.7/site-packages/airflow/example_dags/example_latest_only_with_trigger.py for tasks to queue
[2024-09-27T17:14:10.282+0000] {logging_mixin.py:120} INFO - [2024-09-27T17:14:10.282+0000] {dagbag.py:537} INFO - Filling up the DagBag from /home/airflow/.local/lib/python3.7/site-packages/airflow/example_dags/example_latest_only_with_trigger.py
[2024-09-27T17:14:10.303+0000] {processor.py:766} INFO - DAG(s) dict_keys(['latest_only_with_trigger']) retrieved from /home/airflow/.local/lib/python3.7/site-packages/airflow/example_dags/example_latest_only_with_trigger.py
[2024-09-27T17:14:10.370+0000] {logging_mixin.py:120} INFO - [2024-09-27T17:14:10.370+0000] {dag.py:2585} INFO - Sync 1 DAGs
[2024-09-27T17:14:10.405+0000] {logging_mixin.py:120} INFO - [2024-09-27T17:14:10.405+0000] {dag.py:3340} INFO - Setting next_dagrun for latest_only_with_trigger to 2024-09-27T13:14:10.405462+00:00, run_after=2024-09-27T17:14:10.405462+00:00
[2024-09-27T17:14:10.452+0000] {processor.py:176} INFO - Processing /home/airflow/.local/lib/python3.7/site-packages/airflow/example_dags/example_latest_only_with_trigger.py took 0.177 seconds
[2024-09-27T17:17:10.323+0000] {processor.py:154} INFO - Started process (PID=49563) to work on /home/airflow/.local/lib/python3.7/site-packages/airflow/example_dags/example_latest_only_with_trigger.py
[2024-09-27T17:17:10.325+0000] {processor.py:756} INFO - Processing file /home/airflow/.local/lib/python3.7/site-packages/airflow/example_dags/example_latest_only_with_trigger.py for tasks to queue
[2024-09-27T17:17:10.327+0000] {logging_mixin.py:120} INFO - [2024-09-27T17:17:10.326+0000] {dagbag.py:537} INFO - Filling up the DagBag from /home/airflow/.local/lib/python3.7/site-packages/airflow/example_dags/example_latest_only_with_trigger.py
[2024-09-27T17:17:10.365+0000] {processor.py:766} INFO - DAG(s) dict_keys(['latest_only_with_trigger']) retrieved from /home/airflow/.local/lib/python3.7/site-packages/airflow/example_dags/example_latest_only_with_trigger.py
[2024-09-27T17:17:10.486+0000] {logging_mixin.py:120} INFO - [2024-09-27T17:17:10.485+0000] {dag.py:2585} INFO - Sync 1 DAGs
[2024-09-27T17:17:10.568+0000] {logging_mixin.py:120} INFO - [2024-09-27T17:17:10.568+0000] {dag.py:3340} INFO - Setting next_dagrun for latest_only_with_trigger to 2024-09-27T13:17:10.567895+00:00, run_after=2024-09-27T17:17:10.567895+00:00
[2024-09-27T17:17:10.638+0000] {processor.py:176} INFO - Processing /home/airflow/.local/lib/python3.7/site-packages/airflow/example_dags/example_latest_only_with_trigger.py took 0.322 seconds
[2024-09-27T17:17:41.325+0000] {processor.py:154} INFO - Started process (PID=49630) to work on /home/airflow/.local/lib/python3.7/site-packages/airflow/example_dags/example_latest_only_with_trigger.py
[2024-09-27T17:17:41.329+0000] {processor.py:756} INFO - Processing file /home/airflow/.local/lib/python3.7/site-packages/airflow/example_dags/example_latest_only_with_trigger.py for tasks to queue
[2024-09-27T17:17:41.334+0000] {logging_mixin.py:120} INFO - [2024-09-27T17:17:41.333+0000] {dagbag.py:537} INFO - Filling up the DagBag from /home/airflow/.local/lib/python3.7/site-packages/airflow/example_dags/example_latest_only_with_trigger.py
[2024-09-27T17:17:41.371+0000] {processor.py:766} INFO - DAG(s) dict_keys(['latest_only_with_trigger']) retrieved from /home/airflow/.local/lib/python3.7/site-packages/airflow/example_dags/example_latest_only_with_trigger.py
[2024-09-27T17:17:41.472+0000] {logging_mixin.py:120} INFO - [2024-09-27T17:17:41.471+0000] {dag.py:2585} INFO - Sync 1 DAGs
[2024-09-27T17:17:41.544+0000] {logging_mixin.py:120} INFO - [2024-09-27T17:17:41.543+0000] {dag.py:3340} INFO - Setting next_dagrun for latest_only_with_trigger to 2024-09-27T13:17:41.543517+00:00, run_after=2024-09-27T17:17:41.543517+00:00
[2024-09-27T17:17:41.595+0000] {processor.py:176} INFO - Processing /home/airflow/.local/lib/python3.7/site-packages/airflow/example_dags/example_latest_only_with_trigger.py took 0.276 seconds
[2024-09-27T17:21:56.419+0000] {processor.py:154} INFO - Started process (PID=49688) to work on /home/airflow/.local/lib/python3.7/site-packages/airflow/example_dags/example_latest_only_with_trigger.py
[2024-09-27T17:21:56.421+0000] {processor.py:756} INFO - Processing file /home/airflow/.local/lib/python3.7/site-packages/airflow/example_dags/example_latest_only_with_trigger.py for tasks to queue
[2024-09-27T17:21:56.424+0000] {logging_mixin.py:120} INFO - [2024-09-27T17:21:56.423+0000] {dagbag.py:537} INFO - Filling up the DagBag from /home/airflow/.local/lib/python3.7/site-packages/airflow/example_dags/example_latest_only_with_trigger.py
[2024-09-27T17:21:56.449+0000] {processor.py:766} INFO - DAG(s) dict_keys(['latest_only_with_trigger']) retrieved from /home/airflow/.local/lib/python3.7/site-packages/airflow/example_dags/example_latest_only_with_trigger.py
[2024-09-27T17:21:56.516+0000] {logging_mixin.py:120} INFO - [2024-09-27T17:21:56.515+0000] {dag.py:2585} INFO - Sync 1 DAGs
[2024-09-27T17:21:56.572+0000] {logging_mixin.py:120} INFO - [2024-09-27T17:21:56.572+0000] {dag.py:3340} INFO - Setting next_dagrun for latest_only_with_trigger to 2024-09-27T13:21:56.571729+00:00, run_after=2024-09-27T17:21:56.571729+00:00
[2024-09-27T17:21:56.617+0000] {processor.py:176} INFO - Processing /home/airflow/.local/lib/python3.7/site-packages/airflow/example_dags/example_latest_only_with_trigger.py took 0.202 seconds
[2024-09-27T17:31:22.439+0000] {processor.py:154} INFO - Started process (PID=49746) to work on /home/airflow/.local/lib/python3.7/site-packages/airflow/example_dags/example_latest_only_with_trigger.py
[2024-09-27T17:31:22.440+0000] {processor.py:756} INFO - Processing file /home/airflow/.local/lib/python3.7/site-packages/airflow/example_dags/example_latest_only_with_trigger.py for tasks to queue
[2024-09-27T17:31:22.442+0000] {logging_mixin.py:120} INFO - [2024-09-27T17:31:22.442+0000] {dagbag.py:537} INFO - Filling up the DagBag from /home/airflow/.local/lib/python3.7/site-packages/airflow/example_dags/example_latest_only_with_trigger.py
[2024-09-27T17:31:22.462+0000] {processor.py:766} INFO - DAG(s) dict_keys(['latest_only_with_trigger']) retrieved from /home/airflow/.local/lib/python3.7/site-packages/airflow/example_dags/example_latest_only_with_trigger.py
[2024-09-27T17:31:22.533+0000] {logging_mixin.py:120} INFO - [2024-09-27T17:31:22.533+0000] {dag.py:2585} INFO - Sync 1 DAGs
[2024-09-27T17:31:22.580+0000] {logging_mixin.py:120} INFO - [2024-09-27T17:31:22.579+0000] {dag.py:3340} INFO - Setting next_dagrun for latest_only_with_trigger to 2024-09-27T13:31:22.579102+00:00, run_after=2024-09-27T17:31:22.579102+00:00
[2024-09-27T17:31:22.626+0000] {processor.py:176} INFO - Processing /home/airflow/.local/lib/python3.7/site-packages/airflow/example_dags/example_latest_only_with_trigger.py took 0.191 seconds
[2024-09-27T17:47:20.912+0000] {processor.py:154} INFO - Started process (PID=49813) to work on /home/airflow/.local/lib/python3.7/site-packages/airflow/example_dags/example_latest_only_with_trigger.py
[2024-09-27T17:47:20.913+0000] {processor.py:756} INFO - Processing file /home/airflow/.local/lib/python3.7/site-packages/airflow/example_dags/example_latest_only_with_trigger.py for tasks to queue
[2024-09-27T17:47:20.914+0000] {logging_mixin.py:120} INFO - [2024-09-27T17:47:20.914+0000] {dagbag.py:537} INFO - Filling up the DagBag from /home/airflow/.local/lib/python3.7/site-packages/airflow/example_dags/example_latest_only_with_trigger.py
[2024-09-27T17:47:20.938+0000] {processor.py:766} INFO - DAG(s) dict_keys(['latest_only_with_trigger']) retrieved from /home/airflow/.local/lib/python3.7/site-packages/airflow/example_dags/example_latest_only_with_trigger.py
[2024-09-27T17:47:20.986+0000] {logging_mixin.py:120} INFO - [2024-09-27T17:47:20.986+0000] {dag.py:2585} INFO - Sync 1 DAGs
[2024-09-27T17:47:21.023+0000] {logging_mixin.py:120} INFO - [2024-09-27T17:47:21.023+0000] {dag.py:3340} INFO - Setting next_dagrun for latest_only_with_trigger to 2024-09-27T13:47:21.023326+00:00, run_after=2024-09-27T17:47:21.023326+00:00
[2024-09-27T17:47:21.049+0000] {processor.py:176} INFO - Processing /home/airflow/.local/lib/python3.7/site-packages/airflow/example_dags/example_latest_only_with_trigger.py took 0.141 seconds
[2024-09-27T17:51:21.693+0000] {processor.py:154} INFO - Started process (PID=49880) to work on /home/airflow/.local/lib/python3.7/site-packages/airflow/example_dags/example_latest_only_with_trigger.py
[2024-09-27T17:51:21.699+0000] {processor.py:756} INFO - Processing file /home/airflow/.local/lib/python3.7/site-packages/airflow/example_dags/example_latest_only_with_trigger.py for tasks to queue
[2024-09-27T17:51:21.704+0000] {logging_mixin.py:120} INFO - [2024-09-27T17:51:21.703+0000] {dagbag.py:537} INFO - Filling up the DagBag from /home/airflow/.local/lib/python3.7/site-packages/airflow/example_dags/example_latest_only_with_trigger.py
[2024-09-27T17:51:21.778+0000] {processor.py:766} INFO - DAG(s) dict_keys(['latest_only_with_trigger']) retrieved from /home/airflow/.local/lib/python3.7/site-packages/airflow/example_dags/example_latest_only_with_trigger.py
[2024-09-27T17:51:21.936+0000] {logging_mixin.py:120} INFO - [2024-09-27T17:51:21.936+0000] {dag.py:2585} INFO - Sync 1 DAGs
[2024-09-27T17:51:22.045+0000] {logging_mixin.py:120} INFO - [2024-09-27T17:51:22.044+0000] {dag.py:3340} INFO - Setting next_dagrun for latest_only_with_trigger to 2024-09-27T13:51:22.043851+00:00, run_after=2024-09-27T17:51:22.043851+00:00
[2024-09-27T17:51:22.119+0000] {processor.py:176} INFO - Processing /home/airflow/.local/lib/python3.7/site-packages/airflow/example_dags/example_latest_only_with_trigger.py took 0.435 seconds
[2024-09-27T17:53:19.816+0000] {processor.py:154} INFO - Started process (PID=49929) to work on /home/airflow/.local/lib/python3.7/site-packages/airflow/example_dags/example_latest_only_with_trigger.py
[2024-09-27T17:53:19.819+0000] {processor.py:756} INFO - Processing file /home/airflow/.local/lib/python3.7/site-packages/airflow/example_dags/example_latest_only_with_trigger.py for tasks to queue
[2024-09-27T17:53:19.819+0000] {logging_mixin.py:120} INFO - [2024-09-27T17:53:19.819+0000] {dagbag.py:537} INFO - Filling up the DagBag from /home/airflow/.local/lib/python3.7/site-packages/airflow/example_dags/example_latest_only_with_trigger.py
[2024-09-27T17:53:19.838+0000] {processor.py:766} INFO - DAG(s) dict_keys(['latest_only_with_trigger']) retrieved from /home/airflow/.local/lib/python3.7/site-packages/airflow/example_dags/example_latest_only_with_trigger.py
[2024-09-27T17:53:19.890+0000] {logging_mixin.py:120} INFO - [2024-09-27T17:53:19.889+0000] {dag.py:2585} INFO - Sync 1 DAGs
[2024-09-27T17:53:19.940+0000] {logging_mixin.py:120} INFO - [2024-09-27T17:53:19.940+0000] {dag.py:3340} INFO - Setting next_dagrun for latest_only_with_trigger to 2024-09-27T13:53:19.939667+00:00, run_after=2024-09-27T17:53:19.939667+00:00
[2024-09-27T17:53:19.984+0000] {processor.py:176} INFO - Processing /home/airflow/.local/lib/python3.7/site-packages/airflow/example_dags/example_latest_only_with_trigger.py took 0.172 seconds
[2024-09-27T17:53:50.625+0000] {processor.py:154} INFO - Started process (PID=49995) to work on /home/airflow/.local/lib/python3.7/site-packages/airflow/example_dags/example_latest_only_with_trigger.py
[2024-09-27T17:53:50.626+0000] {processor.py:756} INFO - Processing file /home/airflow/.local/lib/python3.7/site-packages/airflow/example_dags/example_latest_only_with_trigger.py for tasks to queue
[2024-09-27T17:53:50.627+0000] {logging_mixin.py:120} INFO - [2024-09-27T17:53:50.627+0000] {dagbag.py:537} INFO - Filling up the DagBag from /home/airflow/.local/lib/python3.7/site-packages/airflow/example_dags/example_latest_only_with_trigger.py
[2024-09-27T17:53:50.649+0000] {processor.py:766} INFO - DAG(s) dict_keys(['latest_only_with_trigger']) retrieved from /home/airflow/.local/lib/python3.7/site-packages/airflow/example_dags/example_latest_only_with_trigger.py
[2024-09-27T17:53:50.699+0000] {logging_mixin.py:120} INFO - [2024-09-27T17:53:50.699+0000] {dag.py:2585} INFO - Sync 1 DAGs
[2024-09-27T17:53:50.730+0000] {logging_mixin.py:120} INFO - [2024-09-27T17:53:50.730+0000] {dag.py:3340} INFO - Setting next_dagrun for latest_only_with_trigger to 2024-09-27T13:53:50.730097+00:00, run_after=2024-09-27T17:53:50.730097+00:00
[2024-09-27T17:53:50.754+0000] {processor.py:176} INFO - Processing /home/airflow/.local/lib/python3.7/site-packages/airflow/example_dags/example_latest_only_with_trigger.py took 0.133 seconds
[2024-09-27T18:07:57.721+0000] {processor.py:154} INFO - Started process (PID=50061) to work on /home/airflow/.local/lib/python3.7/site-packages/airflow/example_dags/example_latest_only_with_trigger.py
[2024-09-27T18:07:57.723+0000] {processor.py:756} INFO - Processing file /home/airflow/.local/lib/python3.7/site-packages/airflow/example_dags/example_latest_only_with_trigger.py for tasks to queue
[2024-09-27T18:07:57.726+0000] {logging_mixin.py:120} INFO - [2024-09-27T18:07:57.726+0000] {dagbag.py:537} INFO - Filling up the DagBag from /home/airflow/.local/lib/python3.7/site-packages/airflow/example_dags/example_latest_only_with_trigger.py
[2024-09-27T18:07:57.757+0000] {processor.py:766} INFO - DAG(s) dict_keys(['latest_only_with_trigger']) retrieved from /home/airflow/.local/lib/python3.7/site-packages/airflow/example_dags/example_latest_only_with_trigger.py
[2024-09-27T18:07:57.852+0000] {logging_mixin.py:120} INFO - [2024-09-27T18:07:57.852+0000] {dag.py:2585} INFO - Sync 1 DAGs
[2024-09-27T18:07:57.911+0000] {logging_mixin.py:120} INFO - [2024-09-27T18:07:57.910+0000] {dag.py:3340} INFO - Setting next_dagrun for latest_only_with_trigger to 2024-09-27T14:07:57.910071+00:00, run_after=2024-09-27T18:07:57.910071+00:00
[2024-09-27T18:07:57.961+0000] {processor.py:176} INFO - Processing /home/airflow/.local/lib/python3.7/site-packages/airflow/example_dags/example_latest_only_with_trigger.py took 0.250 seconds
[2024-09-27T18:08:29.022+0000] {processor.py:154} INFO - Started process (PID=50126) to work on /home/airflow/.local/lib/python3.7/site-packages/airflow/example_dags/example_latest_only_with_trigger.py
[2024-09-27T18:08:29.025+0000] {processor.py:756} INFO - Processing file /home/airflow/.local/lib/python3.7/site-packages/airflow/example_dags/example_latest_only_with_trigger.py for tasks to queue
[2024-09-27T18:08:29.028+0000] {logging_mixin.py:120} INFO - [2024-09-27T18:08:29.027+0000] {dagbag.py:537} INFO - Filling up the DagBag from /home/airflow/.local/lib/python3.7/site-packages/airflow/example_dags/example_latest_only_with_trigger.py
[2024-09-27T18:08:29.060+0000] {processor.py:766} INFO - DAG(s) dict_keys(['latest_only_with_trigger']) retrieved from /home/airflow/.local/lib/python3.7/site-packages/airflow/example_dags/example_latest_only_with_trigger.py
[2024-09-27T18:08:29.150+0000] {logging_mixin.py:120} INFO - [2024-09-27T18:08:29.149+0000] {dag.py:2585} INFO - Sync 1 DAGs
[2024-09-27T18:08:29.207+0000] {logging_mixin.py:120} INFO - [2024-09-27T18:08:29.206+0000] {dag.py:3340} INFO - Setting next_dagrun for latest_only_with_trigger to 2024-09-27T14:08:29.206069+00:00, run_after=2024-09-27T18:08:29.206069+00:00
[2024-09-27T18:08:29.252+0000] {processor.py:176} INFO - Processing /home/airflow/.local/lib/python3.7/site-packages/airflow/example_dags/example_latest_only_with_trigger.py took 0.236 seconds
[2024-09-27T18:14:04.318+0000] {processor.py:154} INFO - Started process (PID=50177) to work on /home/airflow/.local/lib/python3.7/site-packages/airflow/example_dags/example_latest_only_with_trigger.py
[2024-09-27T18:14:04.319+0000] {processor.py:756} INFO - Processing file /home/airflow/.local/lib/python3.7/site-packages/airflow/example_dags/example_latest_only_with_trigger.py for tasks to queue
[2024-09-27T18:14:04.320+0000] {logging_mixin.py:120} INFO - [2024-09-27T18:14:04.320+0000] {dagbag.py:537} INFO - Filling up the DagBag from /home/airflow/.local/lib/python3.7/site-packages/airflow/example_dags/example_latest_only_with_trigger.py
[2024-09-27T18:14:04.337+0000] {processor.py:766} INFO - DAG(s) dict_keys(['latest_only_with_trigger']) retrieved from /home/airflow/.local/lib/python3.7/site-packages/airflow/example_dags/example_latest_only_with_trigger.py
[2024-09-27T18:14:04.386+0000] {logging_mixin.py:120} INFO - [2024-09-27T18:14:04.386+0000] {dag.py:2585} INFO - Sync 1 DAGs
[2024-09-27T18:14:04.415+0000] {logging_mixin.py:120} INFO - [2024-09-27T18:14:04.415+0000] {dag.py:3340} INFO - Setting next_dagrun for latest_only_with_trigger to 2024-09-27T14:14:04.415274+00:00, run_after=2024-09-27T18:14:04.415274+00:00
[2024-09-27T18:14:04.439+0000] {processor.py:176} INFO - Processing /home/airflow/.local/lib/python3.7/site-packages/airflow/example_dags/example_latest_only_with_trigger.py took 0.125 seconds
[2024-09-27T18:20:49.209+0000] {processor.py:154} INFO - Started process (PID=50245) to work on /home/airflow/.local/lib/python3.7/site-packages/airflow/example_dags/example_latest_only_with_trigger.py
[2024-09-27T18:20:49.210+0000] {processor.py:756} INFO - Processing file /home/airflow/.local/lib/python3.7/site-packages/airflow/example_dags/example_latest_only_with_trigger.py for tasks to queue
[2024-09-27T18:20:49.213+0000] {logging_mixin.py:120} INFO - [2024-09-27T18:20:49.213+0000] {dagbag.py:537} INFO - Filling up the DagBag from /home/airflow/.local/lib/python3.7/site-packages/airflow/example_dags/example_latest_only_with_trigger.py
[2024-09-27T18:20:49.233+0000] {processor.py:766} INFO - DAG(s) dict_keys(['latest_only_with_trigger']) retrieved from /home/airflow/.local/lib/python3.7/site-packages/airflow/example_dags/example_latest_only_with_trigger.py
[2024-09-27T18:20:49.289+0000] {logging_mixin.py:120} INFO - [2024-09-27T18:20:49.289+0000] {dag.py:2585} INFO - Sync 1 DAGs
[2024-09-27T18:20:49.332+0000] {logging_mixin.py:120} INFO - [2024-09-27T18:20:49.332+0000] {dag.py:3340} INFO - Setting next_dagrun for latest_only_with_trigger to 2024-09-27T14:20:49.332016+00:00, run_after=2024-09-27T18:20:49.332016+00:00
[2024-09-27T18:20:49.365+0000] {processor.py:176} INFO - Processing /home/airflow/.local/lib/python3.7/site-packages/airflow/example_dags/example_latest_only_with_trigger.py took 0.160 seconds
[2024-09-27T18:21:40.031+0000] {processor.py:154} INFO - Started process (PID=50310) to work on /home/airflow/.local/lib/python3.7/site-packages/airflow/example_dags/example_latest_only_with_trigger.py
[2024-09-27T18:21:40.035+0000] {processor.py:756} INFO - Processing file /home/airflow/.local/lib/python3.7/site-packages/airflow/example_dags/example_latest_only_with_trigger.py for tasks to queue
[2024-09-27T18:21:40.038+0000] {logging_mixin.py:120} INFO - [2024-09-27T18:21:40.037+0000] {dagbag.py:537} INFO - Filling up the DagBag from /home/airflow/.local/lib/python3.7/site-packages/airflow/example_dags/example_latest_only_with_trigger.py
[2024-09-27T18:21:40.071+0000] {processor.py:766} INFO - DAG(s) dict_keys(['latest_only_with_trigger']) retrieved from /home/airflow/.local/lib/python3.7/site-packages/airflow/example_dags/example_latest_only_with_trigger.py
[2024-09-27T18:21:40.142+0000] {logging_mixin.py:120} INFO - [2024-09-27T18:21:40.141+0000] {dag.py:2585} INFO - Sync 1 DAGs
[2024-09-27T18:21:40.183+0000] {logging_mixin.py:120} INFO - [2024-09-27T18:21:40.183+0000] {dag.py:3340} INFO - Setting next_dagrun for latest_only_with_trigger to 2024-09-27T14:21:40.183248+00:00, run_after=2024-09-27T18:21:40.183248+00:00
[2024-09-27T18:21:40.216+0000] {processor.py:176} INFO - Processing /home/airflow/.local/lib/python3.7/site-packages/airflow/example_dags/example_latest_only_with_trigger.py took 0.192 seconds
[2024-09-27T18:32:03.818+0000] {processor.py:154} INFO - Started process (PID=50370) to work on /home/airflow/.local/lib/python3.7/site-packages/airflow/example_dags/example_latest_only_with_trigger.py
[2024-09-27T18:32:03.837+0000] {processor.py:756} INFO - Processing file /home/airflow/.local/lib/python3.7/site-packages/airflow/example_dags/example_latest_only_with_trigger.py for tasks to queue
[2024-09-27T18:32:03.841+0000] {logging_mixin.py:120} INFO - [2024-09-27T18:32:03.841+0000] {dagbag.py:537} INFO - Filling up the DagBag from /home/airflow/.local/lib/python3.7/site-packages/airflow/example_dags/example_latest_only_with_trigger.py
[2024-09-27T18:32:03.883+0000] {processor.py:766} INFO - DAG(s) dict_keys(['latest_only_with_trigger']) retrieved from /home/airflow/.local/lib/python3.7/site-packages/airflow/example_dags/example_latest_only_with_trigger.py
[2024-09-27T18:32:03.986+0000] {logging_mixin.py:120} INFO - [2024-09-27T18:32:03.985+0000] {dag.py:2585} INFO - Sync 1 DAGs
[2024-09-27T18:32:04.073+0000] {logging_mixin.py:120} INFO - [2024-09-27T18:32:04.071+0000] {dag.py:3340} INFO - Setting next_dagrun for latest_only_with_trigger to 2024-09-27T14:32:04.070813+00:00, run_after=2024-09-27T18:32:04.070813+00:00
[2024-09-27T18:32:04.124+0000] {processor.py:176} INFO - Processing /home/airflow/.local/lib/python3.7/site-packages/airflow/example_dags/example_latest_only_with_trigger.py took 0.314 seconds
[2024-09-27T18:32:37.969+0000] {processor.py:154} INFO - Started process (PID=50437) to work on /home/airflow/.local/lib/python3.7/site-packages/airflow/example_dags/example_latest_only_with_trigger.py
[2024-09-27T18:32:37.971+0000] {processor.py:756} INFO - Processing file /home/airflow/.local/lib/python3.7/site-packages/airflow/example_dags/example_latest_only_with_trigger.py for tasks to queue
[2024-09-27T18:32:37.974+0000] {logging_mixin.py:120} INFO - [2024-09-27T18:32:37.973+0000] {dagbag.py:537} INFO - Filling up the DagBag from /home/airflow/.local/lib/python3.7/site-packages/airflow/example_dags/example_latest_only_with_trigger.py
[2024-09-27T18:32:38.022+0000] {processor.py:766} INFO - DAG(s) dict_keys(['latest_only_with_trigger']) retrieved from /home/airflow/.local/lib/python3.7/site-packages/airflow/example_dags/example_latest_only_with_trigger.py
[2024-09-27T18:32:38.147+0000] {logging_mixin.py:120} INFO - [2024-09-27T18:32:38.147+0000] {dag.py:2585} INFO - Sync 1 DAGs
[2024-09-27T18:32:38.231+0000] {logging_mixin.py:120} INFO - [2024-09-27T18:32:38.230+0000] {dag.py:3340} INFO - Setting next_dagrun for latest_only_with_trigger to 2024-09-27T14:32:38.229874+00:00, run_after=2024-09-27T18:32:38.229874+00:00
[2024-09-27T18:32:38.301+0000] {processor.py:176} INFO - Processing /home/airflow/.local/lib/python3.7/site-packages/airflow/example_dags/example_latest_only_with_trigger.py took 0.341 seconds
[2024-09-27T19:06:40.889+0000] {processor.py:154} INFO - Started process (PID=50486) to work on /home/airflow/.local/lib/python3.7/site-packages/airflow/example_dags/example_latest_only_with_trigger.py
[2024-09-27T19:06:40.891+0000] {processor.py:756} INFO - Processing file /home/airflow/.local/lib/python3.7/site-packages/airflow/example_dags/example_latest_only_with_trigger.py for tasks to queue
[2024-09-27T19:06:40.892+0000] {logging_mixin.py:120} INFO - [2024-09-27T19:06:40.892+0000] {dagbag.py:537} INFO - Filling up the DagBag from /home/airflow/.local/lib/python3.7/site-packages/airflow/example_dags/example_latest_only_with_trigger.py
[2024-09-27T19:06:40.913+0000] {processor.py:766} INFO - DAG(s) dict_keys(['latest_only_with_trigger']) retrieved from /home/airflow/.local/lib/python3.7/site-packages/airflow/example_dags/example_latest_only_with_trigger.py
[2024-09-27T19:06:40.973+0000] {logging_mixin.py:120} INFO - [2024-09-27T19:06:40.972+0000] {dag.py:2585} INFO - Sync 1 DAGs
[2024-09-27T19:06:41.015+0000] {logging_mixin.py:120} INFO - [2024-09-27T19:06:41.015+0000] {dag.py:3340} INFO - Setting next_dagrun for latest_only_with_trigger to 2024-09-27T15:06:41.015295+00:00, run_after=2024-09-27T19:06:41.015295+00:00
[2024-09-27T19:06:41.048+0000] {processor.py:176} INFO - Processing /home/airflow/.local/lib/python3.7/site-packages/airflow/example_dags/example_latest_only_with_trigger.py took 0.163 seconds
[2024-09-27T19:07:11.165+0000] {processor.py:154} INFO - Started process (PID=50553) to work on /home/airflow/.local/lib/python3.7/site-packages/airflow/example_dags/example_latest_only_with_trigger.py
[2024-09-27T19:07:11.166+0000] {processor.py:756} INFO - Processing file /home/airflow/.local/lib/python3.7/site-packages/airflow/example_dags/example_latest_only_with_trigger.py for tasks to queue
[2024-09-27T19:07:11.167+0000] {logging_mixin.py:120} INFO - [2024-09-27T19:07:11.167+0000] {dagbag.py:537} INFO - Filling up the DagBag from /home/airflow/.local/lib/python3.7/site-packages/airflow/example_dags/example_latest_only_with_trigger.py
[2024-09-27T19:07:11.188+0000] {processor.py:766} INFO - DAG(s) dict_keys(['latest_only_with_trigger']) retrieved from /home/airflow/.local/lib/python3.7/site-packages/airflow/example_dags/example_latest_only_with_trigger.py
[2024-09-27T19:07:11.242+0000] {logging_mixin.py:120} INFO - [2024-09-27T19:07:11.242+0000] {dag.py:2585} INFO - Sync 1 DAGs
[2024-09-27T19:07:11.276+0000] {logging_mixin.py:120} INFO - [2024-09-27T19:07:11.276+0000] {dag.py:3340} INFO - Setting next_dagrun for latest_only_with_trigger to 2024-09-27T15:07:11.275718+00:00, run_after=2024-09-27T19:07:11.275718+00:00
[2024-09-27T19:07:11.302+0000] {processor.py:176} INFO - Processing /home/airflow/.local/lib/python3.7/site-packages/airflow/example_dags/example_latest_only_with_trigger.py took 0.142 seconds
[2024-09-27T19:07:42.092+0000] {processor.py:154} INFO - Started process (PID=50620) to work on /home/airflow/.local/lib/python3.7/site-packages/airflow/example_dags/example_latest_only_with_trigger.py
[2024-09-27T19:07:42.093+0000] {processor.py:756} INFO - Processing file /home/airflow/.local/lib/python3.7/site-packages/airflow/example_dags/example_latest_only_with_trigger.py for tasks to queue
[2024-09-27T19:07:42.094+0000] {logging_mixin.py:120} INFO - [2024-09-27T19:07:42.094+0000] {dagbag.py:537} INFO - Filling up the DagBag from /home/airflow/.local/lib/python3.7/site-packages/airflow/example_dags/example_latest_only_with_trigger.py
[2024-09-27T19:07:42.116+0000] {processor.py:766} INFO - DAG(s) dict_keys(['latest_only_with_trigger']) retrieved from /home/airflow/.local/lib/python3.7/site-packages/airflow/example_dags/example_latest_only_with_trigger.py
[2024-09-27T19:07:42.169+0000] {logging_mixin.py:120} INFO - [2024-09-27T19:07:42.168+0000] {dag.py:2585} INFO - Sync 1 DAGs
[2024-09-27T19:07:42.201+0000] {logging_mixin.py:120} INFO - [2024-09-27T19:07:42.201+0000] {dag.py:3340} INFO - Setting next_dagrun for latest_only_with_trigger to 2024-09-27T15:07:42.201006+00:00, run_after=2024-09-27T19:07:42.201006+00:00
[2024-09-27T19:07:42.225+0000] {processor.py:176} INFO - Processing /home/airflow/.local/lib/python3.7/site-packages/airflow/example_dags/example_latest_only_with_trigger.py took 0.139 seconds
[2024-09-27T19:08:13.356+0000] {processor.py:154} INFO - Started process (PID=50687) to work on /home/airflow/.local/lib/python3.7/site-packages/airflow/example_dags/example_latest_only_with_trigger.py
[2024-09-27T19:08:13.358+0000] {processor.py:756} INFO - Processing file /home/airflow/.local/lib/python3.7/site-packages/airflow/example_dags/example_latest_only_with_trigger.py for tasks to queue
[2024-09-27T19:08:13.359+0000] {logging_mixin.py:120} INFO - [2024-09-27T19:08:13.359+0000] {dagbag.py:537} INFO - Filling up the DagBag from /home/airflow/.local/lib/python3.7/site-packages/airflow/example_dags/example_latest_only_with_trigger.py
[2024-09-27T19:08:13.380+0000] {processor.py:766} INFO - DAG(s) dict_keys(['latest_only_with_trigger']) retrieved from /home/airflow/.local/lib/python3.7/site-packages/airflow/example_dags/example_latest_only_with_trigger.py
[2024-09-27T19:08:13.439+0000] {logging_mixin.py:120} INFO - [2024-09-27T19:08:13.439+0000] {dag.py:2585} INFO - Sync 1 DAGs
[2024-09-27T19:08:13.472+0000] {logging_mixin.py:120} INFO - [2024-09-27T19:08:13.471+0000] {dag.py:3340} INFO - Setting next_dagrun for latest_only_with_trigger to 2024-09-27T15:08:13.471711+00:00, run_after=2024-09-27T19:08:13.471711+00:00
[2024-09-27T19:08:13.497+0000] {processor.py:176} INFO - Processing /home/airflow/.local/lib/python3.7/site-packages/airflow/example_dags/example_latest_only_with_trigger.py took 0.145 seconds
[2024-09-27T19:08:44.513+0000] {processor.py:154} INFO - Started process (PID=50745) to work on /home/airflow/.local/lib/python3.7/site-packages/airflow/example_dags/example_latest_only_with_trigger.py
[2024-09-27T19:08:44.515+0000] {processor.py:756} INFO - Processing file /home/airflow/.local/lib/python3.7/site-packages/airflow/example_dags/example_latest_only_with_trigger.py for tasks to queue
[2024-09-27T19:08:44.518+0000] {logging_mixin.py:120} INFO - [2024-09-27T19:08:44.517+0000] {dagbag.py:537} INFO - Filling up the DagBag from /home/airflow/.local/lib/python3.7/site-packages/airflow/example_dags/example_latest_only_with_trigger.py
[2024-09-27T19:08:44.539+0000] {processor.py:766} INFO - DAG(s) dict_keys(['latest_only_with_trigger']) retrieved from /home/airflow/.local/lib/python3.7/site-packages/airflow/example_dags/example_latest_only_with_trigger.py
[2024-09-27T19:08:44.600+0000] {logging_mixin.py:120} INFO - [2024-09-27T19:08:44.600+0000] {dag.py:2585} INFO - Sync 1 DAGs
[2024-09-27T19:08:44.641+0000] {logging_mixin.py:120} INFO - [2024-09-27T19:08:44.641+0000] {dag.py:3340} INFO - Setting next_dagrun for latest_only_with_trigger to 2024-09-27T15:08:44.641093+00:00, run_after=2024-09-27T19:08:44.641093+00:00
[2024-09-27T19:08:44.674+0000] {processor.py:176} INFO - Processing /home/airflow/.local/lib/python3.7/site-packages/airflow/example_dags/example_latest_only_with_trigger.py took 0.166 seconds
[2024-09-27T19:09:15.359+0000] {processor.py:154} INFO - Started process (PID=50812) to work on /home/airflow/.local/lib/python3.7/site-packages/airflow/example_dags/example_latest_only_with_trigger.py
[2024-09-27T19:09:15.361+0000] {processor.py:756} INFO - Processing file /home/airflow/.local/lib/python3.7/site-packages/airflow/example_dags/example_latest_only_with_trigger.py for tasks to queue
[2024-09-27T19:09:15.363+0000] {logging_mixin.py:120} INFO - [2024-09-27T19:09:15.362+0000] {dagbag.py:537} INFO - Filling up the DagBag from /home/airflow/.local/lib/python3.7/site-packages/airflow/example_dags/example_latest_only_with_trigger.py
[2024-09-27T19:09:15.385+0000] {processor.py:766} INFO - DAG(s) dict_keys(['latest_only_with_trigger']) retrieved from /home/airflow/.local/lib/python3.7/site-packages/airflow/example_dags/example_latest_only_with_trigger.py
[2024-09-27T19:09:15.438+0000] {logging_mixin.py:120} INFO - [2024-09-27T19:09:15.438+0000] {dag.py:2585} INFO - Sync 1 DAGs
[2024-09-27T19:09:15.472+0000] {logging_mixin.py:120} INFO - [2024-09-27T19:09:15.472+0000] {dag.py:3340} INFO - Setting next_dagrun for latest_only_with_trigger to 2024-09-27T15:09:15.471967+00:00, run_after=2024-09-27T19:09:15.471967+00:00
[2024-09-27T19:09:15.499+0000] {processor.py:176} INFO - Processing /home/airflow/.local/lib/python3.7/site-packages/airflow/example_dags/example_latest_only_with_trigger.py took 0.144 seconds
[2024-09-27T19:09:46.141+0000] {processor.py:154} INFO - Started process (PID=50879) to work on /home/airflow/.local/lib/python3.7/site-packages/airflow/example_dags/example_latest_only_with_trigger.py
[2024-09-27T19:09:46.144+0000] {processor.py:756} INFO - Processing file /home/airflow/.local/lib/python3.7/site-packages/airflow/example_dags/example_latest_only_with_trigger.py for tasks to queue
[2024-09-27T19:09:46.146+0000] {logging_mixin.py:120} INFO - [2024-09-27T19:09:46.145+0000] {dagbag.py:537} INFO - Filling up the DagBag from /home/airflow/.local/lib/python3.7/site-packages/airflow/example_dags/example_latest_only_with_trigger.py
[2024-09-27T19:09:46.175+0000] {processor.py:766} INFO - DAG(s) dict_keys(['latest_only_with_trigger']) retrieved from /home/airflow/.local/lib/python3.7/site-packages/airflow/example_dags/example_latest_only_with_trigger.py
[2024-09-27T19:09:46.246+0000] {logging_mixin.py:120} INFO - [2024-09-27T19:09:46.246+0000] {dag.py:2585} INFO - Sync 1 DAGs
[2024-09-27T19:09:46.285+0000] {logging_mixin.py:120} INFO - [2024-09-27T19:09:46.285+0000] {dag.py:3340} INFO - Setting next_dagrun for latest_only_with_trigger to 2024-09-27T15:09:46.284703+00:00, run_after=2024-09-27T19:09:46.284703+00:00
[2024-09-27T19:09:46.313+0000] {processor.py:176} INFO - Processing /home/airflow/.local/lib/python3.7/site-packages/airflow/example_dags/example_latest_only_with_trigger.py took 0.179 seconds
[2024-09-27T19:10:16.884+0000] {processor.py:154} INFO - Started process (PID=50937) to work on /home/airflow/.local/lib/python3.7/site-packages/airflow/example_dags/example_latest_only_with_trigger.py
[2024-09-27T19:10:16.886+0000] {processor.py:756} INFO - Processing file /home/airflow/.local/lib/python3.7/site-packages/airflow/example_dags/example_latest_only_with_trigger.py for tasks to queue
[2024-09-27T19:10:16.887+0000] {logging_mixin.py:120} INFO - [2024-09-27T19:10:16.887+0000] {dagbag.py:537} INFO - Filling up the DagBag from /home/airflow/.local/lib/python3.7/site-packages/airflow/example_dags/example_latest_only_with_trigger.py
[2024-09-27T19:10:16.918+0000] {processor.py:766} INFO - DAG(s) dict_keys(['latest_only_with_trigger']) retrieved from /home/airflow/.local/lib/python3.7/site-packages/airflow/example_dags/example_latest_only_with_trigger.py
[2024-09-27T19:10:16.985+0000] {logging_mixin.py:120} INFO - [2024-09-27T19:10:16.985+0000] {dag.py:2585} INFO - Sync 1 DAGs
[2024-09-27T19:10:17.032+0000] {logging_mixin.py:120} INFO - [2024-09-27T19:10:17.031+0000] {dag.py:3340} INFO - Setting next_dagrun for latest_only_with_trigger to 2024-09-27T15:10:17.031402+00:00, run_after=2024-09-27T19:10:17.031402+00:00
[2024-09-27T19:10:17.070+0000] {processor.py:176} INFO - Processing /home/airflow/.local/lib/python3.7/site-packages/airflow/example_dags/example_latest_only_with_trigger.py took 0.194 seconds
[2024-09-27T19:10:47.257+0000] {processor.py:154} INFO - Started process (PID=51006) to work on /home/airflow/.local/lib/python3.7/site-packages/airflow/example_dags/example_latest_only_with_trigger.py
[2024-09-27T19:10:47.258+0000] {processor.py:756} INFO - Processing file /home/airflow/.local/lib/python3.7/site-packages/airflow/example_dags/example_latest_only_with_trigger.py for tasks to queue
[2024-09-27T19:10:47.259+0000] {logging_mixin.py:120} INFO - [2024-09-27T19:10:47.259+0000] {dagbag.py:537} INFO - Filling up the DagBag from /home/airflow/.local/lib/python3.7/site-packages/airflow/example_dags/example_latest_only_with_trigger.py
[2024-09-27T19:10:47.279+0000] {processor.py:766} INFO - DAG(s) dict_keys(['latest_only_with_trigger']) retrieved from /home/airflow/.local/lib/python3.7/site-packages/airflow/example_dags/example_latest_only_with_trigger.py
[2024-09-27T19:10:47.329+0000] {logging_mixin.py:120} INFO - [2024-09-27T19:10:47.329+0000] {dag.py:2585} INFO - Sync 1 DAGs
[2024-09-27T19:10:47.363+0000] {logging_mixin.py:120} INFO - [2024-09-27T19:10:47.363+0000] {dag.py:3340} INFO - Setting next_dagrun for latest_only_with_trigger to 2024-09-27T15:10:47.362988+00:00, run_after=2024-09-27T19:10:47.362988+00:00
[2024-09-27T19:10:47.385+0000] {processor.py:176} INFO - Processing /home/airflow/.local/lib/python3.7/site-packages/airflow/example_dags/example_latest_only_with_trigger.py took 0.132 seconds
[2024-09-27T19:11:18.170+0000] {processor.py:154} INFO - Started process (PID=51073) to work on /home/airflow/.local/lib/python3.7/site-packages/airflow/example_dags/example_latest_only_with_trigger.py
[2024-09-27T19:11:18.171+0000] {processor.py:756} INFO - Processing file /home/airflow/.local/lib/python3.7/site-packages/airflow/example_dags/example_latest_only_with_trigger.py for tasks to queue
[2024-09-27T19:11:18.172+0000] {logging_mixin.py:120} INFO - [2024-09-27T19:11:18.172+0000] {dagbag.py:537} INFO - Filling up the DagBag from /home/airflow/.local/lib/python3.7/site-packages/airflow/example_dags/example_latest_only_with_trigger.py
[2024-09-27T19:11:18.194+0000] {processor.py:766} INFO - DAG(s) dict_keys(['latest_only_with_trigger']) retrieved from /home/airflow/.local/lib/python3.7/site-packages/airflow/example_dags/example_latest_only_with_trigger.py
[2024-09-27T19:11:18.253+0000] {logging_mixin.py:120} INFO - [2024-09-27T19:11:18.253+0000] {dag.py:2585} INFO - Sync 1 DAGs
[2024-09-27T19:11:18.289+0000] {logging_mixin.py:120} INFO - [2024-09-27T19:11:18.289+0000] {dag.py:3340} INFO - Setting next_dagrun for latest_only_with_trigger to 2024-09-27T15:11:18.289137+00:00, run_after=2024-09-27T19:11:18.289137+00:00
[2024-09-27T19:11:18.314+0000] {processor.py:176} INFO - Processing /home/airflow/.local/lib/python3.7/site-packages/airflow/example_dags/example_latest_only_with_trigger.py took 0.149 seconds
[2024-09-27T19:11:48.682+0000] {processor.py:154} INFO - Started process (PID=51131) to work on /home/airflow/.local/lib/python3.7/site-packages/airflow/example_dags/example_latest_only_with_trigger.py
[2024-09-27T19:11:48.684+0000] {processor.py:756} INFO - Processing file /home/airflow/.local/lib/python3.7/site-packages/airflow/example_dags/example_latest_only_with_trigger.py for tasks to queue
[2024-09-27T19:11:48.685+0000] {logging_mixin.py:120} INFO - [2024-09-27T19:11:48.685+0000] {dagbag.py:537} INFO - Filling up the DagBag from /home/airflow/.local/lib/python3.7/site-packages/airflow/example_dags/example_latest_only_with_trigger.py
[2024-09-27T19:11:48.710+0000] {processor.py:766} INFO - DAG(s) dict_keys(['latest_only_with_trigger']) retrieved from /home/airflow/.local/lib/python3.7/site-packages/airflow/example_dags/example_latest_only_with_trigger.py
[2024-09-27T19:11:48.784+0000] {logging_mixin.py:120} INFO - [2024-09-27T19:11:48.783+0000] {dag.py:2585} INFO - Sync 1 DAGs
[2024-09-27T19:11:48.819+0000] {logging_mixin.py:120} INFO - [2024-09-27T19:11:48.818+0000] {dag.py:3340} INFO - Setting next_dagrun for latest_only_with_trigger to 2024-09-27T15:11:48.818594+00:00, run_after=2024-09-27T19:11:48.818594+00:00
[2024-09-27T19:11:48.843+0000] {processor.py:176} INFO - Processing /home/airflow/.local/lib/python3.7/site-packages/airflow/example_dags/example_latest_only_with_trigger.py took 0.166 seconds
[2024-09-27T19:12:19.881+0000] {processor.py:154} INFO - Started process (PID=51198) to work on /home/airflow/.local/lib/python3.7/site-packages/airflow/example_dags/example_latest_only_with_trigger.py
[2024-09-27T19:12:19.882+0000] {processor.py:756} INFO - Processing file /home/airflow/.local/lib/python3.7/site-packages/airflow/example_dags/example_latest_only_with_trigger.py for tasks to queue
[2024-09-27T19:12:19.883+0000] {logging_mixin.py:120} INFO - [2024-09-27T19:12:19.883+0000] {dagbag.py:537} INFO - Filling up the DagBag from /home/airflow/.local/lib/python3.7/site-packages/airflow/example_dags/example_latest_only_with_trigger.py
[2024-09-27T19:12:19.906+0000] {processor.py:766} INFO - DAG(s) dict_keys(['latest_only_with_trigger']) retrieved from /home/airflow/.local/lib/python3.7/site-packages/airflow/example_dags/example_latest_only_with_trigger.py
[2024-09-27T19:12:19.973+0000] {logging_mixin.py:120} INFO - [2024-09-27T19:12:19.973+0000] {dag.py:2585} INFO - Sync 1 DAGs
[2024-09-27T19:12:20.012+0000] {logging_mixin.py:120} INFO - [2024-09-27T19:12:20.011+0000] {dag.py:3340} INFO - Setting next_dagrun for latest_only_with_trigger to 2024-09-27T15:12:20.011388+00:00, run_after=2024-09-27T19:12:20.011388+00:00
[2024-09-27T19:12:20.048+0000] {processor.py:176} INFO - Processing /home/airflow/.local/lib/python3.7/site-packages/airflow/example_dags/example_latest_only_with_trigger.py took 0.173 seconds
[2024-09-27T19:12:50.768+0000] {processor.py:154} INFO - Started process (PID=51265) to work on /home/airflow/.local/lib/python3.7/site-packages/airflow/example_dags/example_latest_only_with_trigger.py
[2024-09-27T19:12:50.772+0000] {processor.py:756} INFO - Processing file /home/airflow/.local/lib/python3.7/site-packages/airflow/example_dags/example_latest_only_with_trigger.py for tasks to queue
[2024-09-27T19:12:50.773+0000] {logging_mixin.py:120} INFO - [2024-09-27T19:12:50.773+0000] {dagbag.py:537} INFO - Filling up the DagBag from /home/airflow/.local/lib/python3.7/site-packages/airflow/example_dags/example_latest_only_with_trigger.py
[2024-09-27T19:12:50.794+0000] {processor.py:766} INFO - DAG(s) dict_keys(['latest_only_with_trigger']) retrieved from /home/airflow/.local/lib/python3.7/site-packages/airflow/example_dags/example_latest_only_with_trigger.py
[2024-09-27T19:12:50.845+0000] {logging_mixin.py:120} INFO - [2024-09-27T19:12:50.845+0000] {dag.py:2585} INFO - Sync 1 DAGs
[2024-09-27T19:12:50.876+0000] {logging_mixin.py:120} INFO - [2024-09-27T19:12:50.876+0000] {dag.py:3340} INFO - Setting next_dagrun for latest_only_with_trigger to 2024-09-27T15:12:50.876226+00:00, run_after=2024-09-27T19:12:50.876226+00:00
[2024-09-27T19:12:50.900+0000] {processor.py:176} INFO - Processing /home/airflow/.local/lib/python3.7/site-packages/airflow/example_dags/example_latest_only_with_trigger.py took 0.136 seconds
[2024-09-27T19:13:21.666+0000] {processor.py:154} INFO - Started process (PID=51332) to work on /home/airflow/.local/lib/python3.7/site-packages/airflow/example_dags/example_latest_only_with_trigger.py
[2024-09-27T19:13:21.668+0000] {processor.py:756} INFO - Processing file /home/airflow/.local/lib/python3.7/site-packages/airflow/example_dags/example_latest_only_with_trigger.py for tasks to queue
[2024-09-27T19:13:21.669+0000] {logging_mixin.py:120} INFO - [2024-09-27T19:13:21.668+0000] {dagbag.py:537} INFO - Filling up the DagBag from /home/airflow/.local/lib/python3.7/site-packages/airflow/example_dags/example_latest_only_with_trigger.py
[2024-09-27T19:13:21.687+0000] {processor.py:766} INFO - DAG(s) dict_keys(['latest_only_with_trigger']) retrieved from /home/airflow/.local/lib/python3.7/site-packages/airflow/example_dags/example_latest_only_with_trigger.py
[2024-09-27T19:13:21.737+0000] {logging_mixin.py:120} INFO - [2024-09-27T19:13:21.737+0000] {dag.py:2585} INFO - Sync 1 DAGs
[2024-09-27T19:13:21.768+0000] {logging_mixin.py:120} INFO - [2024-09-27T19:13:21.768+0000] {dag.py:3340} INFO - Setting next_dagrun for latest_only_with_trigger to 2024-09-27T15:13:21.767683+00:00, run_after=2024-09-27T19:13:21.767683+00:00
[2024-09-27T19:13:21.793+0000] {processor.py:176} INFO - Processing /home/airflow/.local/lib/python3.7/site-packages/airflow/example_dags/example_latest_only_with_trigger.py took 0.131 seconds
[2024-09-27T19:13:52.426+0000] {processor.py:154} INFO - Started process (PID=51389) to work on /home/airflow/.local/lib/python3.7/site-packages/airflow/example_dags/example_latest_only_with_trigger.py
[2024-09-27T19:13:52.427+0000] {processor.py:756} INFO - Processing file /home/airflow/.local/lib/python3.7/site-packages/airflow/example_dags/example_latest_only_with_trigger.py for tasks to queue
[2024-09-27T19:13:52.430+0000] {logging_mixin.py:120} INFO - [2024-09-27T19:13:52.430+0000] {dagbag.py:537} INFO - Filling up the DagBag from /home/airflow/.local/lib/python3.7/site-packages/airflow/example_dags/example_latest_only_with_trigger.py
[2024-09-27T19:13:52.448+0000] {processor.py:766} INFO - DAG(s) dict_keys(['latest_only_with_trigger']) retrieved from /home/airflow/.local/lib/python3.7/site-packages/airflow/example_dags/example_latest_only_with_trigger.py
[2024-09-27T19:13:52.497+0000] {logging_mixin.py:120} INFO - [2024-09-27T19:13:52.497+0000] {dag.py:2585} INFO - Sync 1 DAGs
[2024-09-27T19:13:52.528+0000] {logging_mixin.py:120} INFO - [2024-09-27T19:13:52.528+0000] {dag.py:3340} INFO - Setting next_dagrun for latest_only_with_trigger to 2024-09-27T15:13:52.527919+00:00, run_after=2024-09-27T19:13:52.527919+00:00
[2024-09-27T19:13:52.556+0000] {processor.py:176} INFO - Processing /home/airflow/.local/lib/python3.7/site-packages/airflow/example_dags/example_latest_only_with_trigger.py took 0.135 seconds
[2024-09-27T19:14:24.014+0000] {processor.py:154} INFO - Started process (PID=51455) to work on /home/airflow/.local/lib/python3.7/site-packages/airflow/example_dags/example_latest_only_with_trigger.py
[2024-09-27T19:14:24.015+0000] {processor.py:756} INFO - Processing file /home/airflow/.local/lib/python3.7/site-packages/airflow/example_dags/example_latest_only_with_trigger.py for tasks to queue
[2024-09-27T19:14:24.016+0000] {logging_mixin.py:120} INFO - [2024-09-27T19:14:24.016+0000] {dagbag.py:537} INFO - Filling up the DagBag from /home/airflow/.local/lib/python3.7/site-packages/airflow/example_dags/example_latest_only_with_trigger.py
[2024-09-27T19:14:24.037+0000] {processor.py:766} INFO - DAG(s) dict_keys(['latest_only_with_trigger']) retrieved from /home/airflow/.local/lib/python3.7/site-packages/airflow/example_dags/example_latest_only_with_trigger.py
[2024-09-27T19:14:24.092+0000] {logging_mixin.py:120} INFO - [2024-09-27T19:14:24.091+0000] {dag.py:2585} INFO - Sync 1 DAGs
[2024-09-27T19:14:24.128+0000] {logging_mixin.py:120} INFO - [2024-09-27T19:14:24.128+0000] {dag.py:3340} INFO - Setting next_dagrun for latest_only_with_trigger to 2024-09-27T15:14:24.127994+00:00, run_after=2024-09-27T19:14:24.127994+00:00
[2024-09-27T19:14:24.163+0000] {processor.py:176} INFO - Processing /home/airflow/.local/lib/python3.7/site-packages/airflow/example_dags/example_latest_only_with_trigger.py took 0.154 seconds
[2024-09-27T19:14:54.760+0000] {processor.py:154} INFO - Started process (PID=51522) to work on /home/airflow/.local/lib/python3.7/site-packages/airflow/example_dags/example_latest_only_with_trigger.py
[2024-09-27T19:14:54.762+0000] {processor.py:756} INFO - Processing file /home/airflow/.local/lib/python3.7/site-packages/airflow/example_dags/example_latest_only_with_trigger.py for tasks to queue
[2024-09-27T19:14:54.763+0000] {logging_mixin.py:120} INFO - [2024-09-27T19:14:54.763+0000] {dagbag.py:537} INFO - Filling up the DagBag from /home/airflow/.local/lib/python3.7/site-packages/airflow/example_dags/example_latest_only_with_trigger.py
[2024-09-27T19:14:54.786+0000] {processor.py:766} INFO - DAG(s) dict_keys(['latest_only_with_trigger']) retrieved from /home/airflow/.local/lib/python3.7/site-packages/airflow/example_dags/example_latest_only_with_trigger.py
[2024-09-27T19:14:54.850+0000] {logging_mixin.py:120} INFO - [2024-09-27T19:14:54.850+0000] {dag.py:2585} INFO - Sync 1 DAGs
[2024-09-27T19:14:54.890+0000] {logging_mixin.py:120} INFO - [2024-09-27T19:14:54.889+0000] {dag.py:3340} INFO - Setting next_dagrun for latest_only_with_trigger to 2024-09-27T15:14:54.889427+00:00, run_after=2024-09-27T19:14:54.889427+00:00
[2024-09-27T19:14:54.919+0000] {processor.py:176} INFO - Processing /home/airflow/.local/lib/python3.7/site-packages/airflow/example_dags/example_latest_only_with_trigger.py took 0.164 seconds
[2024-09-27T19:15:25.029+0000] {processor.py:154} INFO - Started process (PID=51581) to work on /home/airflow/.local/lib/python3.7/site-packages/airflow/example_dags/example_latest_only_with_trigger.py
[2024-09-27T19:15:25.030+0000] {processor.py:756} INFO - Processing file /home/airflow/.local/lib/python3.7/site-packages/airflow/example_dags/example_latest_only_with_trigger.py for tasks to queue
[2024-09-27T19:15:25.032+0000] {logging_mixin.py:120} INFO - [2024-09-27T19:15:25.032+0000] {dagbag.py:537} INFO - Filling up the DagBag from /home/airflow/.local/lib/python3.7/site-packages/airflow/example_dags/example_latest_only_with_trigger.py
[2024-09-27T19:15:25.064+0000] {processor.py:766} INFO - DAG(s) dict_keys(['latest_only_with_trigger']) retrieved from /home/airflow/.local/lib/python3.7/site-packages/airflow/example_dags/example_latest_only_with_trigger.py
[2024-09-27T19:15:25.151+0000] {logging_mixin.py:120} INFO - [2024-09-27T19:15:25.151+0000] {dag.py:2585} INFO - Sync 1 DAGs
[2024-09-27T19:15:25.212+0000] {logging_mixin.py:120} INFO - [2024-09-27T19:15:25.211+0000] {dag.py:3340} INFO - Setting next_dagrun for latest_only_with_trigger to 2024-09-27T15:15:25.211467+00:00, run_after=2024-09-27T19:15:25.211467+00:00
[2024-09-27T19:15:25.245+0000] {processor.py:176} INFO - Processing /home/airflow/.local/lib/python3.7/site-packages/airflow/example_dags/example_latest_only_with_trigger.py took 0.223 seconds
[2024-09-27T19:15:55.467+0000] {processor.py:154} INFO - Started process (PID=51646) to work on /home/airflow/.local/lib/python3.7/site-packages/airflow/example_dags/example_latest_only_with_trigger.py
[2024-09-27T19:15:55.468+0000] {processor.py:756} INFO - Processing file /home/airflow/.local/lib/python3.7/site-packages/airflow/example_dags/example_latest_only_with_trigger.py for tasks to queue
[2024-09-27T19:15:55.470+0000] {logging_mixin.py:120} INFO - [2024-09-27T19:15:55.470+0000] {dagbag.py:537} INFO - Filling up the DagBag from /home/airflow/.local/lib/python3.7/site-packages/airflow/example_dags/example_latest_only_with_trigger.py
[2024-09-27T19:15:55.495+0000] {processor.py:766} INFO - DAG(s) dict_keys(['latest_only_with_trigger']) retrieved from /home/airflow/.local/lib/python3.7/site-packages/airflow/example_dags/example_latest_only_with_trigger.py
[2024-09-27T19:15:55.559+0000] {logging_mixin.py:120} INFO - [2024-09-27T19:15:55.558+0000] {dag.py:2585} INFO - Sync 1 DAGs
[2024-09-27T19:15:55.600+0000] {logging_mixin.py:120} INFO - [2024-09-27T19:15:55.599+0000] {dag.py:3340} INFO - Setting next_dagrun for latest_only_with_trigger to 2024-09-27T15:15:55.599575+00:00, run_after=2024-09-27T19:15:55.599575+00:00
[2024-09-27T19:15:55.630+0000] {processor.py:176} INFO - Processing /home/airflow/.local/lib/python3.7/site-packages/airflow/example_dags/example_latest_only_with_trigger.py took 0.169 seconds
[2024-09-27T19:16:26.066+0000] {processor.py:154} INFO - Started process (PID=51713) to work on /home/airflow/.local/lib/python3.7/site-packages/airflow/example_dags/example_latest_only_with_trigger.py
[2024-09-27T19:16:26.068+0000] {processor.py:756} INFO - Processing file /home/airflow/.local/lib/python3.7/site-packages/airflow/example_dags/example_latest_only_with_trigger.py for tasks to queue
[2024-09-27T19:16:26.069+0000] {logging_mixin.py:120} INFO - [2024-09-27T19:16:26.069+0000] {dagbag.py:537} INFO - Filling up the DagBag from /home/airflow/.local/lib/python3.7/site-packages/airflow/example_dags/example_latest_only_with_trigger.py
[2024-09-27T19:16:26.094+0000] {processor.py:766} INFO - DAG(s) dict_keys(['latest_only_with_trigger']) retrieved from /home/airflow/.local/lib/python3.7/site-packages/airflow/example_dags/example_latest_only_with_trigger.py
[2024-09-27T19:16:26.167+0000] {logging_mixin.py:120} INFO - [2024-09-27T19:16:26.167+0000] {dag.py:2585} INFO - Sync 1 DAGs
[2024-09-27T19:16:26.211+0000] {logging_mixin.py:120} INFO - [2024-09-27T19:16:26.210+0000] {dag.py:3340} INFO - Setting next_dagrun for latest_only_with_trigger to 2024-09-27T15:16:26.210462+00:00, run_after=2024-09-27T19:16:26.210462+00:00
[2024-09-27T19:16:26.249+0000] {processor.py:176} INFO - Processing /home/airflow/.local/lib/python3.7/site-packages/airflow/example_dags/example_latest_only_with_trigger.py took 0.189 seconds
[2024-09-27T19:16:57.208+0000] {processor.py:154} INFO - Started process (PID=51771) to work on /home/airflow/.local/lib/python3.7/site-packages/airflow/example_dags/example_latest_only_with_trigger.py
[2024-09-27T19:16:57.210+0000] {processor.py:756} INFO - Processing file /home/airflow/.local/lib/python3.7/site-packages/airflow/example_dags/example_latest_only_with_trigger.py for tasks to queue
[2024-09-27T19:16:57.212+0000] {logging_mixin.py:120} INFO - [2024-09-27T19:16:57.211+0000] {dagbag.py:537} INFO - Filling up the DagBag from /home/airflow/.local/lib/python3.7/site-packages/airflow/example_dags/example_latest_only_with_trigger.py
[2024-09-27T19:16:57.240+0000] {processor.py:766} INFO - DAG(s) dict_keys(['latest_only_with_trigger']) retrieved from /home/airflow/.local/lib/python3.7/site-packages/airflow/example_dags/example_latest_only_with_trigger.py
[2024-09-27T19:16:57.322+0000] {logging_mixin.py:120} INFO - [2024-09-27T19:16:57.321+0000] {dag.py:2585} INFO - Sync 1 DAGs
[2024-09-27T19:16:57.365+0000] {logging_mixin.py:120} INFO - [2024-09-27T19:16:57.364+0000] {dag.py:3340} INFO - Setting next_dagrun for latest_only_with_trigger to 2024-09-27T15:16:57.364522+00:00, run_after=2024-09-27T19:16:57.364522+00:00
[2024-09-27T19:16:57.395+0000] {processor.py:176} INFO - Processing /home/airflow/.local/lib/python3.7/site-packages/airflow/example_dags/example_latest_only_with_trigger.py took 0.193 seconds
[2024-09-27T19:17:27.478+0000] {processor.py:154} INFO - Started process (PID=51838) to work on /home/airflow/.local/lib/python3.7/site-packages/airflow/example_dags/example_latest_only_with_trigger.py
[2024-09-27T19:17:27.481+0000] {processor.py:756} INFO - Processing file /home/airflow/.local/lib/python3.7/site-packages/airflow/example_dags/example_latest_only_with_trigger.py for tasks to queue
[2024-09-27T19:17:27.482+0000] {logging_mixin.py:120} INFO - [2024-09-27T19:17:27.482+0000] {dagbag.py:537} INFO - Filling up the DagBag from /home/airflow/.local/lib/python3.7/site-packages/airflow/example_dags/example_latest_only_with_trigger.py
[2024-09-27T19:17:27.506+0000] {processor.py:766} INFO - DAG(s) dict_keys(['latest_only_with_trigger']) retrieved from /home/airflow/.local/lib/python3.7/site-packages/airflow/example_dags/example_latest_only_with_trigger.py
[2024-09-27T19:17:27.565+0000] {logging_mixin.py:120} INFO - [2024-09-27T19:17:27.565+0000] {dag.py:2585} INFO - Sync 1 DAGs
[2024-09-27T19:17:27.598+0000] {logging_mixin.py:120} INFO - [2024-09-27T19:17:27.598+0000] {dag.py:3340} INFO - Setting next_dagrun for latest_only_with_trigger to 2024-09-27T15:17:27.598310+00:00, run_after=2024-09-27T19:17:27.598310+00:00
[2024-09-27T19:17:27.623+0000] {processor.py:176} INFO - Processing /home/airflow/.local/lib/python3.7/site-packages/airflow/example_dags/example_latest_only_with_trigger.py took 0.153 seconds
[2024-09-27T19:17:58.063+0000] {processor.py:154} INFO - Started process (PID=51904) to work on /home/airflow/.local/lib/python3.7/site-packages/airflow/example_dags/example_latest_only_with_trigger.py
[2024-09-27T19:17:58.068+0000] {processor.py:756} INFO - Processing file /home/airflow/.local/lib/python3.7/site-packages/airflow/example_dags/example_latest_only_with_trigger.py for tasks to queue
[2024-09-27T19:17:58.071+0000] {logging_mixin.py:120} INFO - [2024-09-27T19:17:58.071+0000] {dagbag.py:537} INFO - Filling up the DagBag from /home/airflow/.local/lib/python3.7/site-packages/airflow/example_dags/example_latest_only_with_trigger.py
[2024-09-27T19:17:58.104+0000] {processor.py:766} INFO - DAG(s) dict_keys(['latest_only_with_trigger']) retrieved from /home/airflow/.local/lib/python3.7/site-packages/airflow/example_dags/example_latest_only_with_trigger.py
[2024-09-27T19:17:58.199+0000] {logging_mixin.py:120} INFO - [2024-09-27T19:17:58.198+0000] {dag.py:2585} INFO - Sync 1 DAGs
[2024-09-27T19:17:58.245+0000] {logging_mixin.py:120} INFO - [2024-09-27T19:17:58.245+0000] {dag.py:3340} INFO - Setting next_dagrun for latest_only_with_trigger to 2024-09-27T15:17:58.245492+00:00, run_after=2024-09-27T19:17:58.245492+00:00
[2024-09-27T19:17:58.277+0000] {processor.py:176} INFO - Processing /home/airflow/.local/lib/python3.7/site-packages/airflow/example_dags/example_latest_only_with_trigger.py took 0.222 seconds
[2024-09-27T19:18:28.704+0000] {processor.py:154} INFO - Started process (PID=51962) to work on /home/airflow/.local/lib/python3.7/site-packages/airflow/example_dags/example_latest_only_with_trigger.py
[2024-09-27T19:18:28.705+0000] {processor.py:756} INFO - Processing file /home/airflow/.local/lib/python3.7/site-packages/airflow/example_dags/example_latest_only_with_trigger.py for tasks to queue
[2024-09-27T19:18:28.706+0000] {logging_mixin.py:120} INFO - [2024-09-27T19:18:28.706+0000] {dagbag.py:537} INFO - Filling up the DagBag from /home/airflow/.local/lib/python3.7/site-packages/airflow/example_dags/example_latest_only_with_trigger.py
[2024-09-27T19:18:28.725+0000] {processor.py:766} INFO - DAG(s) dict_keys(['latest_only_with_trigger']) retrieved from /home/airflow/.local/lib/python3.7/site-packages/airflow/example_dags/example_latest_only_with_trigger.py
[2024-09-27T19:18:28.776+0000] {logging_mixin.py:120} INFO - [2024-09-27T19:18:28.776+0000] {dag.py:2585} INFO - Sync 1 DAGs
[2024-09-27T19:18:28.809+0000] {logging_mixin.py:120} INFO - [2024-09-27T19:18:28.808+0000] {dag.py:3340} INFO - Setting next_dagrun for latest_only_with_trigger to 2024-09-27T15:18:28.808507+00:00, run_after=2024-09-27T19:18:28.808507+00:00
[2024-09-27T19:18:28.832+0000] {processor.py:176} INFO - Processing /home/airflow/.local/lib/python3.7/site-packages/airflow/example_dags/example_latest_only_with_trigger.py took 0.132 seconds
[2024-09-27T19:18:59.304+0000] {processor.py:154} INFO - Started process (PID=52029) to work on /home/airflow/.local/lib/python3.7/site-packages/airflow/example_dags/example_latest_only_with_trigger.py
[2024-09-27T19:18:59.305+0000] {processor.py:756} INFO - Processing file /home/airflow/.local/lib/python3.7/site-packages/airflow/example_dags/example_latest_only_with_trigger.py for tasks to queue
[2024-09-27T19:18:59.306+0000] {logging_mixin.py:120} INFO - [2024-09-27T19:18:59.306+0000] {dagbag.py:537} INFO - Filling up the DagBag from /home/airflow/.local/lib/python3.7/site-packages/airflow/example_dags/example_latest_only_with_trigger.py
[2024-09-27T19:18:59.325+0000] {processor.py:766} INFO - DAG(s) dict_keys(['latest_only_with_trigger']) retrieved from /home/airflow/.local/lib/python3.7/site-packages/airflow/example_dags/example_latest_only_with_trigger.py
[2024-09-27T19:18:59.376+0000] {logging_mixin.py:120} INFO - [2024-09-27T19:18:59.376+0000] {dag.py:2585} INFO - Sync 1 DAGs
[2024-09-27T19:18:59.408+0000] {logging_mixin.py:120} INFO - [2024-09-27T19:18:59.408+0000] {dag.py:3340} INFO - Setting next_dagrun for latest_only_with_trigger to 2024-09-27T15:18:59.407827+00:00, run_after=2024-09-27T19:18:59.407827+00:00
[2024-09-27T19:18:59.431+0000] {processor.py:176} INFO - Processing /home/airflow/.local/lib/python3.7/site-packages/airflow/example_dags/example_latest_only_with_trigger.py took 0.131 seconds
[2024-09-27T19:19:29.942+0000] {processor.py:154} INFO - Started process (PID=52096) to work on /home/airflow/.local/lib/python3.7/site-packages/airflow/example_dags/example_latest_only_with_trigger.py
[2024-09-27T19:19:29.943+0000] {processor.py:756} INFO - Processing file /home/airflow/.local/lib/python3.7/site-packages/airflow/example_dags/example_latest_only_with_trigger.py for tasks to queue
[2024-09-27T19:19:29.944+0000] {logging_mixin.py:120} INFO - [2024-09-27T19:19:29.944+0000] {dagbag.py:537} INFO - Filling up the DagBag from /home/airflow/.local/lib/python3.7/site-packages/airflow/example_dags/example_latest_only_with_trigger.py
[2024-09-27T19:19:29.963+0000] {processor.py:766} INFO - DAG(s) dict_keys(['latest_only_with_trigger']) retrieved from /home/airflow/.local/lib/python3.7/site-packages/airflow/example_dags/example_latest_only_with_trigger.py
[2024-09-27T19:19:30.014+0000] {logging_mixin.py:120} INFO - [2024-09-27T19:19:30.014+0000] {dag.py:2585} INFO - Sync 1 DAGs
[2024-09-27T19:19:30.043+0000] {logging_mixin.py:120} INFO - [2024-09-27T19:19:30.043+0000] {dag.py:3340} INFO - Setting next_dagrun for latest_only_with_trigger to 2024-09-27T15:19:30.043330+00:00, run_after=2024-09-27T19:19:30.043330+00:00
[2024-09-27T19:19:30.066+0000] {processor.py:176} INFO - Processing /home/airflow/.local/lib/python3.7/site-packages/airflow/example_dags/example_latest_only_with_trigger.py took 0.129 seconds
[2024-09-27T19:20:00.317+0000] {processor.py:154} INFO - Started process (PID=52154) to work on /home/airflow/.local/lib/python3.7/site-packages/airflow/example_dags/example_latest_only_with_trigger.py
[2024-09-27T19:20:00.319+0000] {processor.py:756} INFO - Processing file /home/airflow/.local/lib/python3.7/site-packages/airflow/example_dags/example_latest_only_with_trigger.py for tasks to queue
[2024-09-27T19:20:00.320+0000] {logging_mixin.py:120} INFO - [2024-09-27T19:20:00.319+0000] {dagbag.py:537} INFO - Filling up the DagBag from /home/airflow/.local/lib/python3.7/site-packages/airflow/example_dags/example_latest_only_with_trigger.py
[2024-09-27T19:20:00.337+0000] {processor.py:766} INFO - DAG(s) dict_keys(['latest_only_with_trigger']) retrieved from /home/airflow/.local/lib/python3.7/site-packages/airflow/example_dags/example_latest_only_with_trigger.py
[2024-09-27T19:20:00.387+0000] {logging_mixin.py:120} INFO - [2024-09-27T19:20:00.387+0000] {dag.py:2585} INFO - Sync 1 DAGs
[2024-09-27T19:20:00.417+0000] {logging_mixin.py:120} INFO - [2024-09-27T19:20:00.417+0000] {dag.py:3340} INFO - Setting next_dagrun for latest_only_with_trigger to 2024-09-27T15:20:00.416966+00:00, run_after=2024-09-27T19:20:00.416966+00:00
[2024-09-27T19:20:00.442+0000] {processor.py:176} INFO - Processing /home/airflow/.local/lib/python3.7/site-packages/airflow/example_dags/example_latest_only_with_trigger.py took 0.129 seconds
[2024-09-27T19:20:30.992+0000] {processor.py:154} INFO - Started process (PID=52221) to work on /home/airflow/.local/lib/python3.7/site-packages/airflow/example_dags/example_latest_only_with_trigger.py
[2024-09-27T19:20:30.993+0000] {processor.py:756} INFO - Processing file /home/airflow/.local/lib/python3.7/site-packages/airflow/example_dags/example_latest_only_with_trigger.py for tasks to queue
[2024-09-27T19:20:30.994+0000] {logging_mixin.py:120} INFO - [2024-09-27T19:20:30.994+0000] {dagbag.py:537} INFO - Filling up the DagBag from /home/airflow/.local/lib/python3.7/site-packages/airflow/example_dags/example_latest_only_with_trigger.py
[2024-09-27T19:20:31.014+0000] {processor.py:766} INFO - DAG(s) dict_keys(['latest_only_with_trigger']) retrieved from /home/airflow/.local/lib/python3.7/site-packages/airflow/example_dags/example_latest_only_with_trigger.py
[2024-09-27T19:20:31.063+0000] {logging_mixin.py:120} INFO - [2024-09-27T19:20:31.063+0000] {dag.py:2585} INFO - Sync 1 DAGs
[2024-09-27T19:20:31.095+0000] {logging_mixin.py:120} INFO - [2024-09-27T19:20:31.094+0000] {dag.py:3340} INFO - Setting next_dagrun for latest_only_with_trigger to 2024-09-27T15:20:31.094668+00:00, run_after=2024-09-27T19:20:31.094668+00:00
[2024-09-27T19:20:31.118+0000] {processor.py:176} INFO - Processing /home/airflow/.local/lib/python3.7/site-packages/airflow/example_dags/example_latest_only_with_trigger.py took 0.131 seconds
[2024-09-27T19:21:01.640+0000] {processor.py:154} INFO - Started process (PID=52288) to work on /home/airflow/.local/lib/python3.7/site-packages/airflow/example_dags/example_latest_only_with_trigger.py
[2024-09-27T19:21:01.642+0000] {processor.py:756} INFO - Processing file /home/airflow/.local/lib/python3.7/site-packages/airflow/example_dags/example_latest_only_with_trigger.py for tasks to queue
[2024-09-27T19:21:01.642+0000] {logging_mixin.py:120} INFO - [2024-09-27T19:21:01.642+0000] {dagbag.py:537} INFO - Filling up the DagBag from /home/airflow/.local/lib/python3.7/site-packages/airflow/example_dags/example_latest_only_with_trigger.py
[2024-09-27T19:21:01.661+0000] {processor.py:766} INFO - DAG(s) dict_keys(['latest_only_with_trigger']) retrieved from /home/airflow/.local/lib/python3.7/site-packages/airflow/example_dags/example_latest_only_with_trigger.py
[2024-09-27T19:21:01.710+0000] {logging_mixin.py:120} INFO - [2024-09-27T19:21:01.709+0000] {dag.py:2585} INFO - Sync 1 DAGs
[2024-09-27T19:21:01.740+0000] {logging_mixin.py:120} INFO - [2024-09-27T19:21:01.740+0000] {dag.py:3340} INFO - Setting next_dagrun for latest_only_with_trigger to 2024-09-27T15:21:01.740479+00:00, run_after=2024-09-27T19:21:01.740479+00:00
[2024-09-27T19:21:01.764+0000] {processor.py:176} INFO - Processing /home/airflow/.local/lib/python3.7/site-packages/airflow/example_dags/example_latest_only_with_trigger.py took 0.128 seconds
[2024-09-27T19:21:32.475+0000] {processor.py:154} INFO - Started process (PID=52346) to work on /home/airflow/.local/lib/python3.7/site-packages/airflow/example_dags/example_latest_only_with_trigger.py
[2024-09-27T19:21:32.477+0000] {processor.py:756} INFO - Processing file /home/airflow/.local/lib/python3.7/site-packages/airflow/example_dags/example_latest_only_with_trigger.py for tasks to queue
[2024-09-27T19:21:32.478+0000] {logging_mixin.py:120} INFO - [2024-09-27T19:21:32.478+0000] {dagbag.py:537} INFO - Filling up the DagBag from /home/airflow/.local/lib/python3.7/site-packages/airflow/example_dags/example_latest_only_with_trigger.py
[2024-09-27T19:21:32.504+0000] {processor.py:766} INFO - DAG(s) dict_keys(['latest_only_with_trigger']) retrieved from /home/airflow/.local/lib/python3.7/site-packages/airflow/example_dags/example_latest_only_with_trigger.py
[2024-09-27T19:21:32.568+0000] {logging_mixin.py:120} INFO - [2024-09-27T19:21:32.568+0000] {dag.py:2585} INFO - Sync 1 DAGs
[2024-09-27T19:21:32.607+0000] {logging_mixin.py:120} INFO - [2024-09-27T19:21:32.606+0000] {dag.py:3340} INFO - Setting next_dagrun for latest_only_with_trigger to 2024-09-27T15:21:32.606470+00:00, run_after=2024-09-27T19:21:32.606470+00:00
[2024-09-27T19:21:32.644+0000] {processor.py:176} INFO - Processing /home/airflow/.local/lib/python3.7/site-packages/airflow/example_dags/example_latest_only_with_trigger.py took 0.174 seconds
[2024-09-27T19:22:03.463+0000] {processor.py:154} INFO - Started process (PID=52413) to work on /home/airflow/.local/lib/python3.7/site-packages/airflow/example_dags/example_latest_only_with_trigger.py
[2024-09-27T19:22:03.464+0000] {processor.py:756} INFO - Processing file /home/airflow/.local/lib/python3.7/site-packages/airflow/example_dags/example_latest_only_with_trigger.py for tasks to queue
[2024-09-27T19:22:03.465+0000] {logging_mixin.py:120} INFO - [2024-09-27T19:22:03.465+0000] {dagbag.py:537} INFO - Filling up the DagBag from /home/airflow/.local/lib/python3.7/site-packages/airflow/example_dags/example_latest_only_with_trigger.py
[2024-09-27T19:22:03.488+0000] {processor.py:766} INFO - DAG(s) dict_keys(['latest_only_with_trigger']) retrieved from /home/airflow/.local/lib/python3.7/site-packages/airflow/example_dags/example_latest_only_with_trigger.py
[2024-09-27T19:22:03.559+0000] {logging_mixin.py:120} INFO - [2024-09-27T19:22:03.558+0000] {dag.py:2585} INFO - Sync 1 DAGs
[2024-09-27T19:22:03.602+0000] {logging_mixin.py:120} INFO - [2024-09-27T19:22:03.602+0000] {dag.py:3340} INFO - Setting next_dagrun for latest_only_with_trigger to 2024-09-27T15:22:03.602173+00:00, run_after=2024-09-27T19:22:03.602173+00:00
[2024-09-27T19:22:03.637+0000] {processor.py:176} INFO - Processing /home/airflow/.local/lib/python3.7/site-packages/airflow/example_dags/example_latest_only_with_trigger.py took 0.180 seconds
[2024-09-27T19:22:34.218+0000] {processor.py:154} INFO - Started process (PID=52471) to work on /home/airflow/.local/lib/python3.7/site-packages/airflow/example_dags/example_latest_only_with_trigger.py
[2024-09-27T19:22:34.221+0000] {processor.py:756} INFO - Processing file /home/airflow/.local/lib/python3.7/site-packages/airflow/example_dags/example_latest_only_with_trigger.py for tasks to queue
[2024-09-27T19:22:34.223+0000] {logging_mixin.py:120} INFO - [2024-09-27T19:22:34.223+0000] {dagbag.py:537} INFO - Filling up the DagBag from /home/airflow/.local/lib/python3.7/site-packages/airflow/example_dags/example_latest_only_with_trigger.py
[2024-09-27T19:22:34.257+0000] {processor.py:766} INFO - DAG(s) dict_keys(['latest_only_with_trigger']) retrieved from /home/airflow/.local/lib/python3.7/site-packages/airflow/example_dags/example_latest_only_with_trigger.py
[2024-09-27T19:22:34.318+0000] {logging_mixin.py:120} INFO - [2024-09-27T19:22:34.318+0000] {dag.py:2585} INFO - Sync 1 DAGs
[2024-09-27T19:22:34.365+0000] {logging_mixin.py:120} INFO - [2024-09-27T19:22:34.365+0000] {dag.py:3340} INFO - Setting next_dagrun for latest_only_with_trigger to 2024-09-27T15:22:34.365127+00:00, run_after=2024-09-27T19:22:34.365127+00:00
[2024-09-27T19:22:34.404+0000] {processor.py:176} INFO - Processing /home/airflow/.local/lib/python3.7/site-packages/airflow/example_dags/example_latest_only_with_trigger.py took 0.194 seconds
[2024-09-27T19:23:04.468+0000] {processor.py:154} INFO - Started process (PID=52538) to work on /home/airflow/.local/lib/python3.7/site-packages/airflow/example_dags/example_latest_only_with_trigger.py
[2024-09-27T19:23:04.469+0000] {processor.py:756} INFO - Processing file /home/airflow/.local/lib/python3.7/site-packages/airflow/example_dags/example_latest_only_with_trigger.py for tasks to queue
[2024-09-27T19:23:04.470+0000] {logging_mixin.py:120} INFO - [2024-09-27T19:23:04.470+0000] {dagbag.py:537} INFO - Filling up the DagBag from /home/airflow/.local/lib/python3.7/site-packages/airflow/example_dags/example_latest_only_with_trigger.py
[2024-09-27T19:23:04.492+0000] {processor.py:766} INFO - DAG(s) dict_keys(['latest_only_with_trigger']) retrieved from /home/airflow/.local/lib/python3.7/site-packages/airflow/example_dags/example_latest_only_with_trigger.py
[2024-09-27T19:23:04.550+0000] {logging_mixin.py:120} INFO - [2024-09-27T19:23:04.550+0000] {dag.py:2585} INFO - Sync 1 DAGs
[2024-09-27T19:23:04.586+0000] {logging_mixin.py:120} INFO - [2024-09-27T19:23:04.586+0000] {dag.py:3340} INFO - Setting next_dagrun for latest_only_with_trigger to 2024-09-27T15:23:04.586334+00:00, run_after=2024-09-27T19:23:04.586334+00:00
[2024-09-27T19:23:04.614+0000] {processor.py:176} INFO - Processing /home/airflow/.local/lib/python3.7/site-packages/airflow/example_dags/example_latest_only_with_trigger.py took 0.151 seconds
[2024-09-27T19:23:35.118+0000] {processor.py:154} INFO - Started process (PID=52605) to work on /home/airflow/.local/lib/python3.7/site-packages/airflow/example_dags/example_latest_only_with_trigger.py
[2024-09-27T19:23:35.120+0000] {processor.py:756} INFO - Processing file /home/airflow/.local/lib/python3.7/site-packages/airflow/example_dags/example_latest_only_with_trigger.py for tasks to queue
[2024-09-27T19:23:35.121+0000] {logging_mixin.py:120} INFO - [2024-09-27T19:23:35.121+0000] {dagbag.py:537} INFO - Filling up the DagBag from /home/airflow/.local/lib/python3.7/site-packages/airflow/example_dags/example_latest_only_with_trigger.py
[2024-09-27T19:23:35.148+0000] {processor.py:766} INFO - DAG(s) dict_keys(['latest_only_with_trigger']) retrieved from /home/airflow/.local/lib/python3.7/site-packages/airflow/example_dags/example_latest_only_with_trigger.py
[2024-09-27T19:23:35.220+0000] {logging_mixin.py:120} INFO - [2024-09-27T19:23:35.219+0000] {dag.py:2585} INFO - Sync 1 DAGs
[2024-09-27T19:23:35.269+0000] {logging_mixin.py:120} INFO - [2024-09-27T19:23:35.269+0000] {dag.py:3340} INFO - Setting next_dagrun for latest_only_with_trigger to 2024-09-27T15:23:35.268834+00:00, run_after=2024-09-27T19:23:35.268834+00:00
[2024-09-27T19:23:35.306+0000] {processor.py:176} INFO - Processing /home/airflow/.local/lib/python3.7/site-packages/airflow/example_dags/example_latest_only_with_trigger.py took 0.193 seconds
[2024-09-27T19:24:05.541+0000] {processor.py:154} INFO - Started process (PID=52663) to work on /home/airflow/.local/lib/python3.7/site-packages/airflow/example_dags/example_latest_only_with_trigger.py
[2024-09-27T19:24:05.542+0000] {processor.py:756} INFO - Processing file /home/airflow/.local/lib/python3.7/site-packages/airflow/example_dags/example_latest_only_with_trigger.py for tasks to queue
[2024-09-27T19:24:05.543+0000] {logging_mixin.py:120} INFO - [2024-09-27T19:24:05.543+0000] {dagbag.py:537} INFO - Filling up the DagBag from /home/airflow/.local/lib/python3.7/site-packages/airflow/example_dags/example_latest_only_with_trigger.py
[2024-09-27T19:24:05.562+0000] {processor.py:766} INFO - DAG(s) dict_keys(['latest_only_with_trigger']) retrieved from /home/airflow/.local/lib/python3.7/site-packages/airflow/example_dags/example_latest_only_with_trigger.py
[2024-09-27T19:24:05.648+0000] {logging_mixin.py:120} INFO - [2024-09-27T19:24:05.648+0000] {dag.py:2585} INFO - Sync 1 DAGs
[2024-09-27T19:24:05.685+0000] {logging_mixin.py:120} INFO - [2024-09-27T19:24:05.685+0000] {dag.py:3340} INFO - Setting next_dagrun for latest_only_with_trigger to 2024-09-27T15:24:05.684787+00:00, run_after=2024-09-27T19:24:05.684787+00:00
[2024-09-27T19:24:05.710+0000] {processor.py:176} INFO - Processing /home/airflow/.local/lib/python3.7/site-packages/airflow/example_dags/example_latest_only_with_trigger.py took 0.173 seconds
[2024-09-27T19:24:36.188+0000] {processor.py:154} INFO - Started process (PID=52730) to work on /home/airflow/.local/lib/python3.7/site-packages/airflow/example_dags/example_latest_only_with_trigger.py
[2024-09-27T19:24:36.190+0000] {processor.py:756} INFO - Processing file /home/airflow/.local/lib/python3.7/site-packages/airflow/example_dags/example_latest_only_with_trigger.py for tasks to queue
[2024-09-27T19:24:36.192+0000] {logging_mixin.py:120} INFO - [2024-09-27T19:24:36.192+0000] {dagbag.py:537} INFO - Filling up the DagBag from /home/airflow/.local/lib/python3.7/site-packages/airflow/example_dags/example_latest_only_with_trigger.py
[2024-09-27T19:24:36.222+0000] {processor.py:766} INFO - DAG(s) dict_keys(['latest_only_with_trigger']) retrieved from /home/airflow/.local/lib/python3.7/site-packages/airflow/example_dags/example_latest_only_with_trigger.py
[2024-09-27T19:24:36.285+0000] {logging_mixin.py:120} INFO - [2024-09-27T19:24:36.285+0000] {dag.py:2585} INFO - Sync 1 DAGs
[2024-09-27T19:24:36.325+0000] {logging_mixin.py:120} INFO - [2024-09-27T19:24:36.325+0000] {dag.py:3340} INFO - Setting next_dagrun for latest_only_with_trigger to 2024-09-27T15:24:36.325197+00:00, run_after=2024-09-27T19:24:36.325197+00:00
[2024-09-27T19:24:36.358+0000] {processor.py:176} INFO - Processing /home/airflow/.local/lib/python3.7/site-packages/airflow/example_dags/example_latest_only_with_trigger.py took 0.175 seconds
[2024-09-27T19:25:06.542+0000] {processor.py:154} INFO - Started process (PID=52788) to work on /home/airflow/.local/lib/python3.7/site-packages/airflow/example_dags/example_latest_only_with_trigger.py
[2024-09-27T19:25:06.544+0000] {processor.py:756} INFO - Processing file /home/airflow/.local/lib/python3.7/site-packages/airflow/example_dags/example_latest_only_with_trigger.py for tasks to queue
[2024-09-27T19:25:06.546+0000] {logging_mixin.py:120} INFO - [2024-09-27T19:25:06.546+0000] {dagbag.py:537} INFO - Filling up the DagBag from /home/airflow/.local/lib/python3.7/site-packages/airflow/example_dags/example_latest_only_with_trigger.py
[2024-09-27T19:25:06.569+0000] {processor.py:766} INFO - DAG(s) dict_keys(['latest_only_with_trigger']) retrieved from /home/airflow/.local/lib/python3.7/site-packages/airflow/example_dags/example_latest_only_with_trigger.py
[2024-09-27T19:25:06.631+0000] {logging_mixin.py:120} INFO - [2024-09-27T19:25:06.630+0000] {dag.py:2585} INFO - Sync 1 DAGs
[2024-09-27T19:25:06.671+0000] {logging_mixin.py:120} INFO - [2024-09-27T19:25:06.671+0000] {dag.py:3340} INFO - Setting next_dagrun for latest_only_with_trigger to 2024-09-27T15:25:06.670833+00:00, run_after=2024-09-27T19:25:06.670833+00:00
[2024-09-27T19:25:06.700+0000] {processor.py:176} INFO - Processing /home/airflow/.local/lib/python3.7/site-packages/airflow/example_dags/example_latest_only_with_trigger.py took 0.162 seconds
[2024-09-27T19:25:37.452+0000] {processor.py:154} INFO - Started process (PID=52855) to work on /home/airflow/.local/lib/python3.7/site-packages/airflow/example_dags/example_latest_only_with_trigger.py
[2024-09-27T19:25:37.454+0000] {processor.py:756} INFO - Processing file /home/airflow/.local/lib/python3.7/site-packages/airflow/example_dags/example_latest_only_with_trigger.py for tasks to queue
[2024-09-27T19:25:37.455+0000] {logging_mixin.py:120} INFO - [2024-09-27T19:25:37.455+0000] {dagbag.py:537} INFO - Filling up the DagBag from /home/airflow/.local/lib/python3.7/site-packages/airflow/example_dags/example_latest_only_with_trigger.py
[2024-09-27T19:25:37.475+0000] {processor.py:766} INFO - DAG(s) dict_keys(['latest_only_with_trigger']) retrieved from /home/airflow/.local/lib/python3.7/site-packages/airflow/example_dags/example_latest_only_with_trigger.py
[2024-09-27T19:25:37.543+0000] {logging_mixin.py:120} INFO - [2024-09-27T19:25:37.543+0000] {dag.py:2585} INFO - Sync 1 DAGs
[2024-09-27T19:25:37.580+0000] {logging_mixin.py:120} INFO - [2024-09-27T19:25:37.580+0000] {dag.py:3340} INFO - Setting next_dagrun for latest_only_with_trigger to 2024-09-27T15:25:37.580033+00:00, run_after=2024-09-27T19:25:37.580033+00:00
[2024-09-27T19:25:37.606+0000] {processor.py:176} INFO - Processing /home/airflow/.local/lib/python3.7/site-packages/airflow/example_dags/example_latest_only_with_trigger.py took 0.158 seconds
[2024-09-27T19:26:08.500+0000] {processor.py:154} INFO - Started process (PID=52922) to work on /home/airflow/.local/lib/python3.7/site-packages/airflow/example_dags/example_latest_only_with_trigger.py
[2024-09-27T19:26:08.502+0000] {processor.py:756} INFO - Processing file /home/airflow/.local/lib/python3.7/site-packages/airflow/example_dags/example_latest_only_with_trigger.py for tasks to queue
[2024-09-27T19:26:08.503+0000] {logging_mixin.py:120} INFO - [2024-09-27T19:26:08.503+0000] {dagbag.py:537} INFO - Filling up the DagBag from /home/airflow/.local/lib/python3.7/site-packages/airflow/example_dags/example_latest_only_with_trigger.py
[2024-09-27T19:26:08.522+0000] {processor.py:766} INFO - DAG(s) dict_keys(['latest_only_with_trigger']) retrieved from /home/airflow/.local/lib/python3.7/site-packages/airflow/example_dags/example_latest_only_with_trigger.py
[2024-09-27T19:26:08.574+0000] {logging_mixin.py:120} INFO - [2024-09-27T19:26:08.574+0000] {dag.py:2585} INFO - Sync 1 DAGs
[2024-09-27T19:26:08.607+0000] {logging_mixin.py:120} INFO - [2024-09-27T19:26:08.607+0000] {dag.py:3340} INFO - Setting next_dagrun for latest_only_with_trigger to 2024-09-27T15:26:08.607368+00:00, run_after=2024-09-27T19:26:08.607368+00:00
[2024-09-27T19:26:08.633+0000] {processor.py:176} INFO - Processing /home/airflow/.local/lib/python3.7/site-packages/airflow/example_dags/example_latest_only_with_trigger.py took 0.137 seconds
[2024-09-27T19:26:39.005+0000] {processor.py:154} INFO - Started process (PID=52989) to work on /home/airflow/.local/lib/python3.7/site-packages/airflow/example_dags/example_latest_only_with_trigger.py
[2024-09-27T19:26:39.007+0000] {processor.py:756} INFO - Processing file /home/airflow/.local/lib/python3.7/site-packages/airflow/example_dags/example_latest_only_with_trigger.py for tasks to queue
[2024-09-27T19:26:39.008+0000] {logging_mixin.py:120} INFO - [2024-09-27T19:26:39.008+0000] {dagbag.py:537} INFO - Filling up the DagBag from /home/airflow/.local/lib/python3.7/site-packages/airflow/example_dags/example_latest_only_with_trigger.py
[2024-09-27T19:26:39.028+0000] {processor.py:766} INFO - DAG(s) dict_keys(['latest_only_with_trigger']) retrieved from /home/airflow/.local/lib/python3.7/site-packages/airflow/example_dags/example_latest_only_with_trigger.py
[2024-09-27T19:26:39.079+0000] {logging_mixin.py:120} INFO - [2024-09-27T19:26:39.079+0000] {dag.py:2585} INFO - Sync 1 DAGs
[2024-09-27T19:26:39.114+0000] {logging_mixin.py:120} INFO - [2024-09-27T19:26:39.114+0000] {dag.py:3340} INFO - Setting next_dagrun for latest_only_with_trigger to 2024-09-27T15:26:39.114105+00:00, run_after=2024-09-27T19:26:39.114105+00:00
[2024-09-27T19:26:39.138+0000] {processor.py:176} INFO - Processing /home/airflow/.local/lib/python3.7/site-packages/airflow/example_dags/example_latest_only_with_trigger.py took 0.137 seconds
[2024-09-27T19:27:09.700+0000] {processor.py:154} INFO - Started process (PID=53046) to work on /home/airflow/.local/lib/python3.7/site-packages/airflow/example_dags/example_latest_only_with_trigger.py
[2024-09-27T19:27:09.703+0000] {processor.py:756} INFO - Processing file /home/airflow/.local/lib/python3.7/site-packages/airflow/example_dags/example_latest_only_with_trigger.py for tasks to queue
[2024-09-27T19:27:09.705+0000] {logging_mixin.py:120} INFO - [2024-09-27T19:27:09.704+0000] {dagbag.py:537} INFO - Filling up the DagBag from /home/airflow/.local/lib/python3.7/site-packages/airflow/example_dags/example_latest_only_with_trigger.py
[2024-09-27T19:27:09.741+0000] {processor.py:766} INFO - DAG(s) dict_keys(['latest_only_with_trigger']) retrieved from /home/airflow/.local/lib/python3.7/site-packages/airflow/example_dags/example_latest_only_with_trigger.py
[2024-09-27T19:27:09.796+0000] {logging_mixin.py:120} INFO - [2024-09-27T19:27:09.796+0000] {dag.py:2585} INFO - Sync 1 DAGs
[2024-09-27T19:27:09.832+0000] {logging_mixin.py:120} INFO - [2024-09-27T19:27:09.832+0000] {dag.py:3340} INFO - Setting next_dagrun for latest_only_with_trigger to 2024-09-27T15:27:09.832239+00:00, run_after=2024-09-27T19:27:09.832239+00:00
[2024-09-27T19:27:09.861+0000] {processor.py:176} INFO - Processing /home/airflow/.local/lib/python3.7/site-packages/airflow/example_dags/example_latest_only_with_trigger.py took 0.170 seconds
[2024-09-27T19:27:40.057+0000] {processor.py:154} INFO - Started process (PID=53113) to work on /home/airflow/.local/lib/python3.7/site-packages/airflow/example_dags/example_latest_only_with_trigger.py
[2024-09-27T19:27:40.059+0000] {processor.py:756} INFO - Processing file /home/airflow/.local/lib/python3.7/site-packages/airflow/example_dags/example_latest_only_with_trigger.py for tasks to queue
[2024-09-27T19:27:40.060+0000] {logging_mixin.py:120} INFO - [2024-09-27T19:27:40.059+0000] {dagbag.py:537} INFO - Filling up the DagBag from /home/airflow/.local/lib/python3.7/site-packages/airflow/example_dags/example_latest_only_with_trigger.py
[2024-09-27T19:27:40.082+0000] {processor.py:766} INFO - DAG(s) dict_keys(['latest_only_with_trigger']) retrieved from /home/airflow/.local/lib/python3.7/site-packages/airflow/example_dags/example_latest_only_with_trigger.py
[2024-09-27T19:27:40.141+0000] {logging_mixin.py:120} INFO - [2024-09-27T19:27:40.141+0000] {dag.py:2585} INFO - Sync 1 DAGs
[2024-09-27T19:27:40.182+0000] {logging_mixin.py:120} INFO - [2024-09-27T19:27:40.182+0000] {dag.py:3340} INFO - Setting next_dagrun for latest_only_with_trigger to 2024-09-27T15:27:40.182198+00:00, run_after=2024-09-27T19:27:40.182198+00:00
[2024-09-27T19:27:40.207+0000] {processor.py:176} INFO - Processing /home/airflow/.local/lib/python3.7/site-packages/airflow/example_dags/example_latest_only_with_trigger.py took 0.155 seconds
[2024-09-27T19:28:10.607+0000] {processor.py:154} INFO - Started process (PID=53180) to work on /home/airflow/.local/lib/python3.7/site-packages/airflow/example_dags/example_latest_only_with_trigger.py
[2024-09-27T19:28:10.609+0000] {processor.py:756} INFO - Processing file /home/airflow/.local/lib/python3.7/site-packages/airflow/example_dags/example_latest_only_with_trigger.py for tasks to queue
[2024-09-27T19:28:10.610+0000] {logging_mixin.py:120} INFO - [2024-09-27T19:28:10.610+0000] {dagbag.py:537} INFO - Filling up the DagBag from /home/airflow/.local/lib/python3.7/site-packages/airflow/example_dags/example_latest_only_with_trigger.py
[2024-09-27T19:28:10.637+0000] {processor.py:766} INFO - DAG(s) dict_keys(['latest_only_with_trigger']) retrieved from /home/airflow/.local/lib/python3.7/site-packages/airflow/example_dags/example_latest_only_with_trigger.py
[2024-09-27T19:28:10.697+0000] {logging_mixin.py:120} INFO - [2024-09-27T19:28:10.697+0000] {dag.py:2585} INFO - Sync 1 DAGs
[2024-09-27T19:28:10.733+0000] {logging_mixin.py:120} INFO - [2024-09-27T19:28:10.732+0000] {dag.py:3340} INFO - Setting next_dagrun for latest_only_with_trigger to 2024-09-27T15:28:10.732703+00:00, run_after=2024-09-27T19:28:10.732703+00:00
[2024-09-27T19:28:10.760+0000] {processor.py:176} INFO - Processing /home/airflow/.local/lib/python3.7/site-packages/airflow/example_dags/example_latest_only_with_trigger.py took 0.158 seconds
[2024-09-27T19:28:41.000+0000] {processor.py:154} INFO - Started process (PID=53238) to work on /home/airflow/.local/lib/python3.7/site-packages/airflow/example_dags/example_latest_only_with_trigger.py
[2024-09-27T19:28:41.001+0000] {processor.py:756} INFO - Processing file /home/airflow/.local/lib/python3.7/site-packages/airflow/example_dags/example_latest_only_with_trigger.py for tasks to queue
[2024-09-27T19:28:41.002+0000] {logging_mixin.py:120} INFO - [2024-09-27T19:28:41.002+0000] {dagbag.py:537} INFO - Filling up the DagBag from /home/airflow/.local/lib/python3.7/site-packages/airflow/example_dags/example_latest_only_with_trigger.py
[2024-09-27T19:28:41.021+0000] {processor.py:766} INFO - DAG(s) dict_keys(['latest_only_with_trigger']) retrieved from /home/airflow/.local/lib/python3.7/site-packages/airflow/example_dags/example_latest_only_with_trigger.py
[2024-09-27T19:28:41.072+0000] {logging_mixin.py:120} INFO - [2024-09-27T19:28:41.072+0000] {dag.py:2585} INFO - Sync 1 DAGs
[2024-09-27T19:28:41.104+0000] {logging_mixin.py:120} INFO - [2024-09-27T19:28:41.104+0000] {dag.py:3340} INFO - Setting next_dagrun for latest_only_with_trigger to 2024-09-27T15:28:41.104185+00:00, run_after=2024-09-27T19:28:41.104185+00:00
[2024-09-27T19:28:41.128+0000] {processor.py:176} INFO - Processing /home/airflow/.local/lib/python3.7/site-packages/airflow/example_dags/example_latest_only_with_trigger.py took 0.132 seconds
[2024-09-27T19:29:11.866+0000] {processor.py:154} INFO - Started process (PID=53305) to work on /home/airflow/.local/lib/python3.7/site-packages/airflow/example_dags/example_latest_only_with_trigger.py
[2024-09-27T19:29:11.867+0000] {processor.py:756} INFO - Processing file /home/airflow/.local/lib/python3.7/site-packages/airflow/example_dags/example_latest_only_with_trigger.py for tasks to queue
[2024-09-27T19:29:11.869+0000] {logging_mixin.py:120} INFO - [2024-09-27T19:29:11.868+0000] {dagbag.py:537} INFO - Filling up the DagBag from /home/airflow/.local/lib/python3.7/site-packages/airflow/example_dags/example_latest_only_with_trigger.py
[2024-09-27T19:29:11.888+0000] {processor.py:766} INFO - DAG(s) dict_keys(['latest_only_with_trigger']) retrieved from /home/airflow/.local/lib/python3.7/site-packages/airflow/example_dags/example_latest_only_with_trigger.py
[2024-09-27T19:29:11.945+0000] {logging_mixin.py:120} INFO - [2024-09-27T19:29:11.945+0000] {dag.py:2585} INFO - Sync 1 DAGs
[2024-09-27T19:29:11.981+0000] {logging_mixin.py:120} INFO - [2024-09-27T19:29:11.981+0000] {dag.py:3340} INFO - Setting next_dagrun for latest_only_with_trigger to 2024-09-27T15:29:11.981004+00:00, run_after=2024-09-27T19:29:11.981004+00:00
[2024-09-27T19:29:12.006+0000] {processor.py:176} INFO - Processing /home/airflow/.local/lib/python3.7/site-packages/airflow/example_dags/example_latest_only_with_trigger.py took 0.144 seconds
[2024-09-27T19:29:42.459+0000] {processor.py:154} INFO - Started process (PID=53372) to work on /home/airflow/.local/lib/python3.7/site-packages/airflow/example_dags/example_latest_only_with_trigger.py
[2024-09-27T19:29:42.461+0000] {processor.py:756} INFO - Processing file /home/airflow/.local/lib/python3.7/site-packages/airflow/example_dags/example_latest_only_with_trigger.py for tasks to queue
[2024-09-27T19:29:42.462+0000] {logging_mixin.py:120} INFO - [2024-09-27T19:29:42.461+0000] {dagbag.py:537} INFO - Filling up the DagBag from /home/airflow/.local/lib/python3.7/site-packages/airflow/example_dags/example_latest_only_with_trigger.py
[2024-09-27T19:29:42.484+0000] {processor.py:766} INFO - DAG(s) dict_keys(['latest_only_with_trigger']) retrieved from /home/airflow/.local/lib/python3.7/site-packages/airflow/example_dags/example_latest_only_with_trigger.py
[2024-09-27T19:29:42.539+0000] {logging_mixin.py:120} INFO - [2024-09-27T19:29:42.538+0000] {dag.py:2585} INFO - Sync 1 DAGs
[2024-09-27T19:29:42.570+0000] {logging_mixin.py:120} INFO - [2024-09-27T19:29:42.570+0000] {dag.py:3340} INFO - Setting next_dagrun for latest_only_with_trigger to 2024-09-27T15:29:42.570008+00:00, run_after=2024-09-27T19:29:42.570008+00:00
[2024-09-27T19:29:42.593+0000] {processor.py:176} INFO - Processing /home/airflow/.local/lib/python3.7/site-packages/airflow/example_dags/example_latest_only_with_trigger.py took 0.138 seconds
[2024-09-27T19:30:13.077+0000] {processor.py:154} INFO - Started process (PID=53430) to work on /home/airflow/.local/lib/python3.7/site-packages/airflow/example_dags/example_latest_only_with_trigger.py
[2024-09-27T19:30:13.080+0000] {processor.py:756} INFO - Processing file /home/airflow/.local/lib/python3.7/site-packages/airflow/example_dags/example_latest_only_with_trigger.py for tasks to queue
[2024-09-27T19:30:13.081+0000] {logging_mixin.py:120} INFO - [2024-09-27T19:30:13.081+0000] {dagbag.py:537} INFO - Filling up the DagBag from /home/airflow/.local/lib/python3.7/site-packages/airflow/example_dags/example_latest_only_with_trigger.py
[2024-09-27T19:30:13.102+0000] {processor.py:766} INFO - DAG(s) dict_keys(['latest_only_with_trigger']) retrieved from /home/airflow/.local/lib/python3.7/site-packages/airflow/example_dags/example_latest_only_with_trigger.py
[2024-09-27T19:30:13.173+0000] {logging_mixin.py:120} INFO - [2024-09-27T19:30:13.172+0000] {dag.py:2585} INFO - Sync 1 DAGs
[2024-09-27T19:30:13.208+0000] {logging_mixin.py:120} INFO - [2024-09-27T19:30:13.208+0000] {dag.py:3340} INFO - Setting next_dagrun for latest_only_with_trigger to 2024-09-27T15:30:13.208275+00:00, run_after=2024-09-27T19:30:13.208275+00:00
[2024-09-27T19:30:13.237+0000] {processor.py:176} INFO - Processing /home/airflow/.local/lib/python3.7/site-packages/airflow/example_dags/example_latest_only_with_trigger.py took 0.164 seconds
[2024-09-27T19:30:43.476+0000] {processor.py:154} INFO - Started process (PID=53497) to work on /home/airflow/.local/lib/python3.7/site-packages/airflow/example_dags/example_latest_only_with_trigger.py
[2024-09-27T19:30:43.478+0000] {processor.py:756} INFO - Processing file /home/airflow/.local/lib/python3.7/site-packages/airflow/example_dags/example_latest_only_with_trigger.py for tasks to queue
[2024-09-27T19:30:43.479+0000] {logging_mixin.py:120} INFO - [2024-09-27T19:30:43.479+0000] {dagbag.py:537} INFO - Filling up the DagBag from /home/airflow/.local/lib/python3.7/site-packages/airflow/example_dags/example_latest_only_with_trigger.py
[2024-09-27T19:30:43.500+0000] {processor.py:766} INFO - DAG(s) dict_keys(['latest_only_with_trigger']) retrieved from /home/airflow/.local/lib/python3.7/site-packages/airflow/example_dags/example_latest_only_with_trigger.py
[2024-09-27T19:30:43.557+0000] {logging_mixin.py:120} INFO - [2024-09-27T19:30:43.557+0000] {dag.py:2585} INFO - Sync 1 DAGs
[2024-09-27T19:30:43.590+0000] {logging_mixin.py:120} INFO - [2024-09-27T19:30:43.590+0000] {dag.py:3340} INFO - Setting next_dagrun for latest_only_with_trigger to 2024-09-27T15:30:43.590112+00:00, run_after=2024-09-27T19:30:43.590112+00:00
[2024-09-27T19:30:43.617+0000] {processor.py:176} INFO - Processing /home/airflow/.local/lib/python3.7/site-packages/airflow/example_dags/example_latest_only_with_trigger.py took 0.147 seconds
[2024-09-27T19:31:14.051+0000] {processor.py:154} INFO - Started process (PID=53564) to work on /home/airflow/.local/lib/python3.7/site-packages/airflow/example_dags/example_latest_only_with_trigger.py
[2024-09-27T19:31:14.053+0000] {processor.py:756} INFO - Processing file /home/airflow/.local/lib/python3.7/site-packages/airflow/example_dags/example_latest_only_with_trigger.py for tasks to queue
[2024-09-27T19:31:14.054+0000] {logging_mixin.py:120} INFO - [2024-09-27T19:31:14.053+0000] {dagbag.py:537} INFO - Filling up the DagBag from /home/airflow/.local/lib/python3.7/site-packages/airflow/example_dags/example_latest_only_with_trigger.py
[2024-09-27T19:31:14.073+0000] {processor.py:766} INFO - DAG(s) dict_keys(['latest_only_with_trigger']) retrieved from /home/airflow/.local/lib/python3.7/site-packages/airflow/example_dags/example_latest_only_with_trigger.py
[2024-09-27T19:31:14.124+0000] {logging_mixin.py:120} INFO - [2024-09-27T19:31:14.124+0000] {dag.py:2585} INFO - Sync 1 DAGs
[2024-09-27T19:31:14.157+0000] {logging_mixin.py:120} INFO - [2024-09-27T19:31:14.157+0000] {dag.py:3340} INFO - Setting next_dagrun for latest_only_with_trigger to 2024-09-27T15:31:14.157038+00:00, run_after=2024-09-27T19:31:14.157038+00:00
[2024-09-27T19:31:14.182+0000] {processor.py:176} INFO - Processing /home/airflow/.local/lib/python3.7/site-packages/airflow/example_dags/example_latest_only_with_trigger.py took 0.137 seconds
[2024-09-27T19:31:44.725+0000] {processor.py:154} INFO - Started process (PID=53631) to work on /home/airflow/.local/lib/python3.7/site-packages/airflow/example_dags/example_latest_only_with_trigger.py
[2024-09-27T19:31:44.726+0000] {processor.py:756} INFO - Processing file /home/airflow/.local/lib/python3.7/site-packages/airflow/example_dags/example_latest_only_with_trigger.py for tasks to queue
[2024-09-27T19:31:44.727+0000] {logging_mixin.py:120} INFO - [2024-09-27T19:31:44.727+0000] {dagbag.py:537} INFO - Filling up the DagBag from /home/airflow/.local/lib/python3.7/site-packages/airflow/example_dags/example_latest_only_with_trigger.py
[2024-09-27T19:31:44.746+0000] {processor.py:766} INFO - DAG(s) dict_keys(['latest_only_with_trigger']) retrieved from /home/airflow/.local/lib/python3.7/site-packages/airflow/example_dags/example_latest_only_with_trigger.py
[2024-09-27T19:31:44.800+0000] {logging_mixin.py:120} INFO - [2024-09-27T19:31:44.800+0000] {dag.py:2585} INFO - Sync 1 DAGs
[2024-09-27T19:31:44.833+0000] {logging_mixin.py:120} INFO - [2024-09-27T19:31:44.833+0000] {dag.py:3340} INFO - Setting next_dagrun for latest_only_with_trigger to 2024-09-27T15:31:44.833370+00:00, run_after=2024-09-27T19:31:44.833370+00:00
[2024-09-27T19:31:44.857+0000] {processor.py:176} INFO - Processing /home/airflow/.local/lib/python3.7/site-packages/airflow/example_dags/example_latest_only_with_trigger.py took 0.138 seconds
[2024-09-27T19:32:15.151+0000] {processor.py:154} INFO - Started process (PID=53689) to work on /home/airflow/.local/lib/python3.7/site-packages/airflow/example_dags/example_latest_only_with_trigger.py
[2024-09-27T19:32:15.153+0000] {processor.py:756} INFO - Processing file /home/airflow/.local/lib/python3.7/site-packages/airflow/example_dags/example_latest_only_with_trigger.py for tasks to queue
[2024-09-27T19:32:15.154+0000] {logging_mixin.py:120} INFO - [2024-09-27T19:32:15.154+0000] {dagbag.py:537} INFO - Filling up the DagBag from /home/airflow/.local/lib/python3.7/site-packages/airflow/example_dags/example_latest_only_with_trigger.py
[2024-09-27T19:32:15.172+0000] {processor.py:766} INFO - DAG(s) dict_keys(['latest_only_with_trigger']) retrieved from /home/airflow/.local/lib/python3.7/site-packages/airflow/example_dags/example_latest_only_with_trigger.py
[2024-09-27T19:32:15.223+0000] {logging_mixin.py:120} INFO - [2024-09-27T19:32:15.223+0000] {dag.py:2585} INFO - Sync 1 DAGs
[2024-09-27T19:32:15.255+0000] {logging_mixin.py:120} INFO - [2024-09-27T19:32:15.255+0000] {dag.py:3340} INFO - Setting next_dagrun for latest_only_with_trigger to 2024-09-27T15:32:15.255381+00:00, run_after=2024-09-27T19:32:15.255381+00:00
[2024-09-27T19:32:15.282+0000] {processor.py:176} INFO - Processing /home/airflow/.local/lib/python3.7/site-packages/airflow/example_dags/example_latest_only_with_trigger.py took 0.136 seconds
[2024-09-27T19:32:45.586+0000] {processor.py:154} INFO - Started process (PID=53756) to work on /home/airflow/.local/lib/python3.7/site-packages/airflow/example_dags/example_latest_only_with_trigger.py
[2024-09-27T19:32:45.588+0000] {processor.py:756} INFO - Processing file /home/airflow/.local/lib/python3.7/site-packages/airflow/example_dags/example_latest_only_with_trigger.py for tasks to queue
[2024-09-27T19:32:45.589+0000] {logging_mixin.py:120} INFO - [2024-09-27T19:32:45.589+0000] {dagbag.py:537} INFO - Filling up the DagBag from /home/airflow/.local/lib/python3.7/site-packages/airflow/example_dags/example_latest_only_with_trigger.py
[2024-09-27T19:32:45.608+0000] {processor.py:766} INFO - DAG(s) dict_keys(['latest_only_with_trigger']) retrieved from /home/airflow/.local/lib/python3.7/site-packages/airflow/example_dags/example_latest_only_with_trigger.py
[2024-09-27T19:32:45.662+0000] {logging_mixin.py:120} INFO - [2024-09-27T19:32:45.662+0000] {dag.py:2585} INFO - Sync 1 DAGs
[2024-09-27T19:32:45.695+0000] {logging_mixin.py:120} INFO - [2024-09-27T19:32:45.695+0000] {dag.py:3340} INFO - Setting next_dagrun for latest_only_with_trigger to 2024-09-27T15:32:45.694943+00:00, run_after=2024-09-27T19:32:45.694943+00:00
[2024-09-27T19:32:45.718+0000] {processor.py:176} INFO - Processing /home/airflow/.local/lib/python3.7/site-packages/airflow/example_dags/example_latest_only_with_trigger.py took 0.137 seconds
[2024-09-27T19:34:14.796+0000] {processor.py:154} INFO - Started process (PID=81) to work on /home/airflow/.local/lib/python3.7/site-packages/airflow/example_dags/example_latest_only_with_trigger.py
[2024-09-27T19:34:14.798+0000] {processor.py:756} INFO - Processing file /home/airflow/.local/lib/python3.7/site-packages/airflow/example_dags/example_latest_only_with_trigger.py for tasks to queue
[2024-09-27T19:34:14.799+0000] {logging_mixin.py:120} INFO - [2024-09-27T19:34:14.799+0000] {dagbag.py:537} INFO - Filling up the DagBag from /home/airflow/.local/lib/python3.7/site-packages/airflow/example_dags/example_latest_only_with_trigger.py
[2024-09-27T19:34:14.846+0000] {processor.py:766} INFO - DAG(s) dict_keys(['latest_only_with_trigger']) retrieved from /home/airflow/.local/lib/python3.7/site-packages/airflow/example_dags/example_latest_only_with_trigger.py
[2024-09-27T19:34:14.954+0000] {logging_mixin.py:120} INFO - [2024-09-27T19:34:14.954+0000] {dag.py:2585} INFO - Sync 1 DAGs
[2024-09-27T19:34:15.014+0000] {logging_mixin.py:120} INFO - [2024-09-27T19:34:15.014+0000] {dag.py:3340} INFO - Setting next_dagrun for latest_only_with_trigger to 2024-09-27T15:34:15.013690+00:00, run_after=2024-09-27T19:34:15.013690+00:00
[2024-09-27T19:34:15.050+0000] {processor.py:176} INFO - Processing /home/airflow/.local/lib/python3.7/site-packages/airflow/example_dags/example_latest_only_with_trigger.py took 0.260 seconds
[2024-09-27T19:34:45.144+0000] {processor.py:154} INFO - Started process (PID=148) to work on /home/airflow/.local/lib/python3.7/site-packages/airflow/example_dags/example_latest_only_with_trigger.py
[2024-09-27T19:34:45.145+0000] {processor.py:756} INFO - Processing file /home/airflow/.local/lib/python3.7/site-packages/airflow/example_dags/example_latest_only_with_trigger.py for tasks to queue
[2024-09-27T19:34:45.146+0000] {logging_mixin.py:120} INFO - [2024-09-27T19:34:45.146+0000] {dagbag.py:537} INFO - Filling up the DagBag from /home/airflow/.local/lib/python3.7/site-packages/airflow/example_dags/example_latest_only_with_trigger.py
[2024-09-27T19:34:45.164+0000] {processor.py:766} INFO - DAG(s) dict_keys(['latest_only_with_trigger']) retrieved from /home/airflow/.local/lib/python3.7/site-packages/airflow/example_dags/example_latest_only_with_trigger.py
[2024-09-27T19:34:45.210+0000] {logging_mixin.py:120} INFO - [2024-09-27T19:34:45.210+0000] {dag.py:2585} INFO - Sync 1 DAGs
[2024-09-27T19:34:45.237+0000] {logging_mixin.py:120} INFO - [2024-09-27T19:34:45.237+0000] {dag.py:3340} INFO - Setting next_dagrun for latest_only_with_trigger to 2024-09-27T15:34:45.236899+00:00, run_after=2024-09-27T19:34:45.236899+00:00
[2024-09-27T19:34:45.257+0000] {processor.py:176} INFO - Processing /home/airflow/.local/lib/python3.7/site-packages/airflow/example_dags/example_latest_only_with_trigger.py took 0.118 seconds
[2024-09-27T19:35:15.385+0000] {processor.py:154} INFO - Started process (PID=214) to work on /home/airflow/.local/lib/python3.7/site-packages/airflow/example_dags/example_latest_only_with_trigger.py
[2024-09-27T19:35:15.386+0000] {processor.py:756} INFO - Processing file /home/airflow/.local/lib/python3.7/site-packages/airflow/example_dags/example_latest_only_with_trigger.py for tasks to queue
[2024-09-27T19:35:15.387+0000] {logging_mixin.py:120} INFO - [2024-09-27T19:35:15.387+0000] {dagbag.py:537} INFO - Filling up the DagBag from /home/airflow/.local/lib/python3.7/site-packages/airflow/example_dags/example_latest_only_with_trigger.py
[2024-09-27T19:35:15.403+0000] {processor.py:766} INFO - DAG(s) dict_keys(['latest_only_with_trigger']) retrieved from /home/airflow/.local/lib/python3.7/site-packages/airflow/example_dags/example_latest_only_with_trigger.py
[2024-09-27T19:35:15.466+0000] {logging_mixin.py:120} INFO - [2024-09-27T19:35:15.466+0000] {dag.py:2585} INFO - Sync 1 DAGs
[2024-09-27T19:35:15.502+0000] {logging_mixin.py:120} INFO - [2024-09-27T19:35:15.502+0000] {dag.py:3340} INFO - Setting next_dagrun for latest_only_with_trigger to 2024-09-27T15:35:15.501706+00:00, run_after=2024-09-27T19:35:15.501706+00:00
[2024-09-27T19:35:15.534+0000] {processor.py:176} INFO - Processing /home/airflow/.local/lib/python3.7/site-packages/airflow/example_dags/example_latest_only_with_trigger.py took 0.153 seconds
[2024-09-27T19:35:46.988+0000] {processor.py:154} INFO - Started process (PID=274) to work on /home/airflow/.local/lib/python3.7/site-packages/airflow/example_dags/example_latest_only_with_trigger.py
[2024-09-27T19:35:46.991+0000] {processor.py:756} INFO - Processing file /home/airflow/.local/lib/python3.7/site-packages/airflow/example_dags/example_latest_only_with_trigger.py for tasks to queue
[2024-09-27T19:35:46.992+0000] {logging_mixin.py:120} INFO - [2024-09-27T19:35:46.992+0000] {dagbag.py:537} INFO - Filling up the DagBag from /home/airflow/.local/lib/python3.7/site-packages/airflow/example_dags/example_latest_only_with_trigger.py
[2024-09-27T19:35:47.010+0000] {processor.py:766} INFO - DAG(s) dict_keys(['latest_only_with_trigger']) retrieved from /home/airflow/.local/lib/python3.7/site-packages/airflow/example_dags/example_latest_only_with_trigger.py
[2024-09-27T19:35:47.061+0000] {logging_mixin.py:120} INFO - [2024-09-27T19:35:47.061+0000] {dag.py:2585} INFO - Sync 1 DAGs
[2024-09-27T19:35:47.094+0000] {logging_mixin.py:120} INFO - [2024-09-27T19:35:47.094+0000] {dag.py:3340} INFO - Setting next_dagrun for latest_only_with_trigger to 2024-09-27T15:35:47.094149+00:00, run_after=2024-09-27T19:35:47.094149+00:00
[2024-09-27T19:35:47.118+0000] {processor.py:176} INFO - Processing /home/airflow/.local/lib/python3.7/site-packages/airflow/example_dags/example_latest_only_with_trigger.py took 0.133 seconds
[2024-09-27T19:36:17.452+0000] {processor.py:154} INFO - Started process (PID=341) to work on /home/airflow/.local/lib/python3.7/site-packages/airflow/example_dags/example_latest_only_with_trigger.py
[2024-09-27T19:36:17.454+0000] {processor.py:756} INFO - Processing file /home/airflow/.local/lib/python3.7/site-packages/airflow/example_dags/example_latest_only_with_trigger.py for tasks to queue
[2024-09-27T19:36:17.455+0000] {logging_mixin.py:120} INFO - [2024-09-27T19:36:17.455+0000] {dagbag.py:537} INFO - Filling up the DagBag from /home/airflow/.local/lib/python3.7/site-packages/airflow/example_dags/example_latest_only_with_trigger.py
[2024-09-27T19:36:17.474+0000] {processor.py:766} INFO - DAG(s) dict_keys(['latest_only_with_trigger']) retrieved from /home/airflow/.local/lib/python3.7/site-packages/airflow/example_dags/example_latest_only_with_trigger.py
[2024-09-27T19:36:17.523+0000] {logging_mixin.py:120} INFO - [2024-09-27T19:36:17.523+0000] {dag.py:2585} INFO - Sync 1 DAGs
[2024-09-27T19:36:17.555+0000] {logging_mixin.py:120} INFO - [2024-09-27T19:36:17.555+0000] {dag.py:3340} INFO - Setting next_dagrun for latest_only_with_trigger to 2024-09-27T15:36:17.555436+00:00, run_after=2024-09-27T19:36:17.555436+00:00
[2024-09-27T19:36:17.579+0000] {processor.py:176} INFO - Processing /home/airflow/.local/lib/python3.7/site-packages/airflow/example_dags/example_latest_only_with_trigger.py took 0.131 seconds
[2024-09-27T19:36:48.928+0000] {processor.py:154} INFO - Started process (PID=407) to work on /home/airflow/.local/lib/python3.7/site-packages/airflow/example_dags/example_latest_only_with_trigger.py
[2024-09-27T19:36:48.932+0000] {processor.py:756} INFO - Processing file /home/airflow/.local/lib/python3.7/site-packages/airflow/example_dags/example_latest_only_with_trigger.py for tasks to queue
[2024-09-27T19:36:48.934+0000] {logging_mixin.py:120} INFO - [2024-09-27T19:36:48.934+0000] {dagbag.py:537} INFO - Filling up the DagBag from /home/airflow/.local/lib/python3.7/site-packages/airflow/example_dags/example_latest_only_with_trigger.py
[2024-09-27T19:36:48.960+0000] {processor.py:766} INFO - DAG(s) dict_keys(['latest_only_with_trigger']) retrieved from /home/airflow/.local/lib/python3.7/site-packages/airflow/example_dags/example_latest_only_with_trigger.py
[2024-09-27T19:36:49.020+0000] {logging_mixin.py:120} INFO - [2024-09-27T19:36:49.020+0000] {dag.py:2585} INFO - Sync 1 DAGs
[2024-09-27T19:36:49.060+0000] {logging_mixin.py:120} INFO - [2024-09-27T19:36:49.060+0000] {dag.py:3340} INFO - Setting next_dagrun for latest_only_with_trigger to 2024-09-27T15:36:49.060411+00:00, run_after=2024-09-27T19:36:49.060411+00:00
[2024-09-27T19:36:49.087+0000] {processor.py:176} INFO - Processing /home/airflow/.local/lib/python3.7/site-packages/airflow/example_dags/example_latest_only_with_trigger.py took 0.168 seconds
[2024-09-27T19:37:19.426+0000] {processor.py:154} INFO - Started process (PID=465) to work on /home/airflow/.local/lib/python3.7/site-packages/airflow/example_dags/example_latest_only_with_trigger.py
[2024-09-27T19:37:19.427+0000] {processor.py:756} INFO - Processing file /home/airflow/.local/lib/python3.7/site-packages/airflow/example_dags/example_latest_only_with_trigger.py for tasks to queue
[2024-09-27T19:37:19.429+0000] {logging_mixin.py:120} INFO - [2024-09-27T19:37:19.429+0000] {dagbag.py:537} INFO - Filling up the DagBag from /home/airflow/.local/lib/python3.7/site-packages/airflow/example_dags/example_latest_only_with_trigger.py
[2024-09-27T19:37:19.449+0000] {processor.py:766} INFO - DAG(s) dict_keys(['latest_only_with_trigger']) retrieved from /home/airflow/.local/lib/python3.7/site-packages/airflow/example_dags/example_latest_only_with_trigger.py
[2024-09-27T19:37:19.499+0000] {logging_mixin.py:120} INFO - [2024-09-27T19:37:19.498+0000] {dag.py:2585} INFO - Sync 1 DAGs
[2024-09-27T19:37:19.531+0000] {logging_mixin.py:120} INFO - [2024-09-27T19:37:19.531+0000] {dag.py:3340} INFO - Setting next_dagrun for latest_only_with_trigger to 2024-09-27T15:37:19.531428+00:00, run_after=2024-09-27T19:37:19.531428+00:00
[2024-09-27T19:37:19.554+0000] {processor.py:176} INFO - Processing /home/airflow/.local/lib/python3.7/site-packages/airflow/example_dags/example_latest_only_with_trigger.py took 0.132 seconds
[2024-09-27T19:37:50.755+0000] {processor.py:154} INFO - Started process (PID=532) to work on /home/airflow/.local/lib/python3.7/site-packages/airflow/example_dags/example_latest_only_with_trigger.py
[2024-09-27T19:37:50.756+0000] {processor.py:756} INFO - Processing file /home/airflow/.local/lib/python3.7/site-packages/airflow/example_dags/example_latest_only_with_trigger.py for tasks to queue
[2024-09-27T19:37:50.758+0000] {logging_mixin.py:120} INFO - [2024-09-27T19:37:50.758+0000] {dagbag.py:537} INFO - Filling up the DagBag from /home/airflow/.local/lib/python3.7/site-packages/airflow/example_dags/example_latest_only_with_trigger.py
[2024-09-27T19:37:50.780+0000] {processor.py:766} INFO - DAG(s) dict_keys(['latest_only_with_trigger']) retrieved from /home/airflow/.local/lib/python3.7/site-packages/airflow/example_dags/example_latest_only_with_trigger.py
[2024-09-27T19:37:50.845+0000] {logging_mixin.py:120} INFO - [2024-09-27T19:37:50.845+0000] {dag.py:2585} INFO - Sync 1 DAGs
[2024-09-27T19:37:50.886+0000] {logging_mixin.py:120} INFO - [2024-09-27T19:37:50.886+0000] {dag.py:3340} INFO - Setting next_dagrun for latest_only_with_trigger to 2024-09-27T15:37:50.885630+00:00, run_after=2024-09-27T19:37:50.885630+00:00
[2024-09-27T19:37:50.919+0000] {processor.py:176} INFO - Processing /home/airflow/.local/lib/python3.7/site-packages/airflow/example_dags/example_latest_only_with_trigger.py took 0.170 seconds
[2024-09-27T19:38:21.806+0000] {processor.py:154} INFO - Started process (PID=599) to work on /home/airflow/.local/lib/python3.7/site-packages/airflow/example_dags/example_latest_only_with_trigger.py
[2024-09-27T19:38:21.808+0000] {processor.py:756} INFO - Processing file /home/airflow/.local/lib/python3.7/site-packages/airflow/example_dags/example_latest_only_with_trigger.py for tasks to queue
[2024-09-27T19:38:21.809+0000] {logging_mixin.py:120} INFO - [2024-09-27T19:38:21.809+0000] {dagbag.py:537} INFO - Filling up the DagBag from /home/airflow/.local/lib/python3.7/site-packages/airflow/example_dags/example_latest_only_with_trigger.py
[2024-09-27T19:38:21.840+0000] {processor.py:766} INFO - DAG(s) dict_keys(['latest_only_with_trigger']) retrieved from /home/airflow/.local/lib/python3.7/site-packages/airflow/example_dags/example_latest_only_with_trigger.py
[2024-09-27T19:38:21.909+0000] {logging_mixin.py:120} INFO - [2024-09-27T19:38:21.908+0000] {dag.py:2585} INFO - Sync 1 DAGs
[2024-09-27T19:38:21.956+0000] {logging_mixin.py:120} INFO - [2024-09-27T19:38:21.956+0000] {dag.py:3340} INFO - Setting next_dagrun for latest_only_with_trigger to 2024-09-27T15:38:21.956034+00:00, run_after=2024-09-27T19:38:21.956034+00:00
[2024-09-27T19:38:21.996+0000] {processor.py:176} INFO - Processing /home/airflow/.local/lib/python3.7/site-packages/airflow/example_dags/example_latest_only_with_trigger.py took 0.196 seconds
[2024-09-27T19:38:52.239+0000] {processor.py:154} INFO - Started process (PID=657) to work on /home/airflow/.local/lib/python3.7/site-packages/airflow/example_dags/example_latest_only_with_trigger.py
[2024-09-27T19:38:52.242+0000] {processor.py:756} INFO - Processing file /home/airflow/.local/lib/python3.7/site-packages/airflow/example_dags/example_latest_only_with_trigger.py for tasks to queue
[2024-09-27T19:38:52.244+0000] {logging_mixin.py:120} INFO - [2024-09-27T19:38:52.243+0000] {dagbag.py:537} INFO - Filling up the DagBag from /home/airflow/.local/lib/python3.7/site-packages/airflow/example_dags/example_latest_only_with_trigger.py
[2024-09-27T19:38:52.265+0000] {processor.py:766} INFO - DAG(s) dict_keys(['latest_only_with_trigger']) retrieved from /home/airflow/.local/lib/python3.7/site-packages/airflow/example_dags/example_latest_only_with_trigger.py
[2024-09-27T19:38:52.329+0000] {logging_mixin.py:120} INFO - [2024-09-27T19:38:52.329+0000] {dag.py:2585} INFO - Sync 1 DAGs
[2024-09-27T19:38:52.363+0000] {logging_mixin.py:120} INFO - [2024-09-27T19:38:52.362+0000] {dag.py:3340} INFO - Setting next_dagrun for latest_only_with_trigger to 2024-09-27T15:38:52.362712+00:00, run_after=2024-09-27T19:38:52.362712+00:00
[2024-09-27T19:38:52.393+0000] {processor.py:176} INFO - Processing /home/airflow/.local/lib/python3.7/site-packages/airflow/example_dags/example_latest_only_with_trigger.py took 0.159 seconds
[2024-09-27T19:39:22.472+0000] {processor.py:154} INFO - Started process (PID=721) to work on /home/airflow/.local/lib/python3.7/site-packages/airflow/example_dags/example_latest_only_with_trigger.py
[2024-09-27T19:39:22.474+0000] {processor.py:756} INFO - Processing file /home/airflow/.local/lib/python3.7/site-packages/airflow/example_dags/example_latest_only_with_trigger.py for tasks to queue
[2024-09-27T19:39:22.476+0000] {logging_mixin.py:120} INFO - [2024-09-27T19:39:22.476+0000] {dagbag.py:537} INFO - Filling up the DagBag from /home/airflow/.local/lib/python3.7/site-packages/airflow/example_dags/example_latest_only_with_trigger.py
[2024-09-27T19:39:22.497+0000] {processor.py:766} INFO - DAG(s) dict_keys(['latest_only_with_trigger']) retrieved from /home/airflow/.local/lib/python3.7/site-packages/airflow/example_dags/example_latest_only_with_trigger.py
[2024-09-27T19:39:22.549+0000] {logging_mixin.py:120} INFO - [2024-09-27T19:39:22.548+0000] {dag.py:2585} INFO - Sync 1 DAGs
[2024-09-27T19:39:22.580+0000] {logging_mixin.py:120} INFO - [2024-09-27T19:39:22.580+0000] {dag.py:3340} INFO - Setting next_dagrun for latest_only_with_trigger to 2024-09-27T15:39:22.579749+00:00, run_after=2024-09-27T19:39:22.579749+00:00
[2024-09-27T19:39:22.603+0000] {processor.py:176} INFO - Processing /home/airflow/.local/lib/python3.7/site-packages/airflow/example_dags/example_latest_only_with_trigger.py took 0.136 seconds
[2024-09-27T19:39:53.270+0000] {processor.py:154} INFO - Started process (PID=787) to work on /home/airflow/.local/lib/python3.7/site-packages/airflow/example_dags/example_latest_only_with_trigger.py
[2024-09-27T19:39:53.273+0000] {processor.py:756} INFO - Processing file /home/airflow/.local/lib/python3.7/site-packages/airflow/example_dags/example_latest_only_with_trigger.py for tasks to queue
[2024-09-27T19:39:53.274+0000] {logging_mixin.py:120} INFO - [2024-09-27T19:39:53.274+0000] {dagbag.py:537} INFO - Filling up the DagBag from /home/airflow/.local/lib/python3.7/site-packages/airflow/example_dags/example_latest_only_with_trigger.py
[2024-09-27T19:39:53.305+0000] {processor.py:766} INFO - DAG(s) dict_keys(['latest_only_with_trigger']) retrieved from /home/airflow/.local/lib/python3.7/site-packages/airflow/example_dags/example_latest_only_with_trigger.py
[2024-09-27T19:39:53.395+0000] {logging_mixin.py:120} INFO - [2024-09-27T19:39:53.395+0000] {dag.py:2585} INFO - Sync 1 DAGs
[2024-09-27T19:39:53.449+0000] {logging_mixin.py:120} INFO - [2024-09-27T19:39:53.449+0000] {dag.py:3340} INFO - Setting next_dagrun for latest_only_with_trigger to 2024-09-27T15:39:53.448554+00:00, run_after=2024-09-27T19:39:53.448554+00:00
[2024-09-27T19:39:53.497+0000] {processor.py:176} INFO - Processing /home/airflow/.local/lib/python3.7/site-packages/airflow/example_dags/example_latest_only_with_trigger.py took 0.233 seconds
[2024-09-27T19:40:23.917+0000] {processor.py:154} INFO - Started process (PID=847) to work on /home/airflow/.local/lib/python3.7/site-packages/airflow/example_dags/example_latest_only_with_trigger.py
[2024-09-27T19:40:23.919+0000] {processor.py:756} INFO - Processing file /home/airflow/.local/lib/python3.7/site-packages/airflow/example_dags/example_latest_only_with_trigger.py for tasks to queue
[2024-09-27T19:40:23.922+0000] {logging_mixin.py:120} INFO - [2024-09-27T19:40:23.922+0000] {dagbag.py:537} INFO - Filling up the DagBag from /home/airflow/.local/lib/python3.7/site-packages/airflow/example_dags/example_latest_only_with_trigger.py
[2024-09-27T19:40:23.948+0000] {processor.py:766} INFO - DAG(s) dict_keys(['latest_only_with_trigger']) retrieved from /home/airflow/.local/lib/python3.7/site-packages/airflow/example_dags/example_latest_only_with_trigger.py
[2024-09-27T19:40:24.025+0000] {logging_mixin.py:120} INFO - [2024-09-27T19:40:24.025+0000] {dag.py:2585} INFO - Sync 1 DAGs
[2024-09-27T19:40:24.071+0000] {logging_mixin.py:120} INFO - [2024-09-27T19:40:24.071+0000] {dag.py:3340} INFO - Setting next_dagrun for latest_only_with_trigger to 2024-09-27T15:40:24.071044+00:00, run_after=2024-09-27T19:40:24.071044+00:00
[2024-09-27T19:40:24.113+0000] {processor.py:176} INFO - Processing /home/airflow/.local/lib/python3.7/site-packages/airflow/example_dags/example_latest_only_with_trigger.py took 0.202 seconds
[2024-09-27T19:40:54.871+0000] {processor.py:154} INFO - Started process (PID=914) to work on /home/airflow/.local/lib/python3.7/site-packages/airflow/example_dags/example_latest_only_with_trigger.py
[2024-09-27T19:40:54.873+0000] {processor.py:756} INFO - Processing file /home/airflow/.local/lib/python3.7/site-packages/airflow/example_dags/example_latest_only_with_trigger.py for tasks to queue
[2024-09-27T19:40:54.874+0000] {logging_mixin.py:120} INFO - [2024-09-27T19:40:54.874+0000] {dagbag.py:537} INFO - Filling up the DagBag from /home/airflow/.local/lib/python3.7/site-packages/airflow/example_dags/example_latest_only_with_trigger.py
[2024-09-27T19:40:54.895+0000] {processor.py:766} INFO - DAG(s) dict_keys(['latest_only_with_trigger']) retrieved from /home/airflow/.local/lib/python3.7/site-packages/airflow/example_dags/example_latest_only_with_trigger.py
[2024-09-27T19:40:54.966+0000] {logging_mixin.py:120} INFO - [2024-09-27T19:40:54.965+0000] {dag.py:2585} INFO - Sync 1 DAGs
[2024-09-27T19:40:55.002+0000] {logging_mixin.py:120} INFO - [2024-09-27T19:40:55.002+0000] {dag.py:3340} INFO - Setting next_dagrun for latest_only_with_trigger to 2024-09-27T15:40:55.002000+00:00, run_after=2024-09-27T19:40:55.002000+00:00
[2024-09-27T19:40:55.032+0000] {processor.py:176} INFO - Processing /home/airflow/.local/lib/python3.7/site-packages/airflow/example_dags/example_latest_only_with_trigger.py took 0.165 seconds
[2024-09-27T19:41:25.574+0000] {processor.py:154} INFO - Started process (PID=972) to work on /home/airflow/.local/lib/python3.7/site-packages/airflow/example_dags/example_latest_only_with_trigger.py
[2024-09-27T19:41:25.576+0000] {processor.py:756} INFO - Processing file /home/airflow/.local/lib/python3.7/site-packages/airflow/example_dags/example_latest_only_with_trigger.py for tasks to queue
[2024-09-27T19:41:25.577+0000] {logging_mixin.py:120} INFO - [2024-09-27T19:41:25.576+0000] {dagbag.py:537} INFO - Filling up the DagBag from /home/airflow/.local/lib/python3.7/site-packages/airflow/example_dags/example_latest_only_with_trigger.py
[2024-09-27T19:41:25.600+0000] {processor.py:766} INFO - DAG(s) dict_keys(['latest_only_with_trigger']) retrieved from /home/airflow/.local/lib/python3.7/site-packages/airflow/example_dags/example_latest_only_with_trigger.py
[2024-09-27T19:41:25.657+0000] {logging_mixin.py:120} INFO - [2024-09-27T19:41:25.657+0000] {dag.py:2585} INFO - Sync 1 DAGs
[2024-09-27T19:41:25.697+0000] {logging_mixin.py:120} INFO - [2024-09-27T19:41:25.697+0000] {dag.py:3340} INFO - Setting next_dagrun for latest_only_with_trigger to 2024-09-27T15:41:25.697266+00:00, run_after=2024-09-27T19:41:25.697266+00:00
[2024-09-27T19:41:25.730+0000] {processor.py:176} INFO - Processing /home/airflow/.local/lib/python3.7/site-packages/airflow/example_dags/example_latest_only_with_trigger.py took 0.160 seconds
[2024-09-27T19:41:56.458+0000] {processor.py:154} INFO - Started process (PID=1039) to work on /home/airflow/.local/lib/python3.7/site-packages/airflow/example_dags/example_latest_only_with_trigger.py
[2024-09-27T19:41:56.460+0000] {processor.py:756} INFO - Processing file /home/airflow/.local/lib/python3.7/site-packages/airflow/example_dags/example_latest_only_with_trigger.py for tasks to queue
[2024-09-27T19:41:56.461+0000] {logging_mixin.py:120} INFO - [2024-09-27T19:41:56.461+0000] {dagbag.py:537} INFO - Filling up the DagBag from /home/airflow/.local/lib/python3.7/site-packages/airflow/example_dags/example_latest_only_with_trigger.py
[2024-09-27T19:41:56.488+0000] {processor.py:766} INFO - DAG(s) dict_keys(['latest_only_with_trigger']) retrieved from /home/airflow/.local/lib/python3.7/site-packages/airflow/example_dags/example_latest_only_with_trigger.py
[2024-09-27T19:41:56.548+0000] {logging_mixin.py:120} INFO - [2024-09-27T19:41:56.547+0000] {dag.py:2585} INFO - Sync 1 DAGs
[2024-09-27T19:41:56.583+0000] {logging_mixin.py:120} INFO - [2024-09-27T19:41:56.583+0000] {dag.py:3340} INFO - Setting next_dagrun for latest_only_with_trigger to 2024-09-27T15:41:56.583123+00:00, run_after=2024-09-27T19:41:56.583123+00:00
[2024-09-27T19:41:56.610+0000] {processor.py:176} INFO - Processing /home/airflow/.local/lib/python3.7/site-packages/airflow/example_dags/example_latest_only_with_trigger.py took 0.157 seconds
[2024-09-27T19:42:27.390+0000] {processor.py:154} INFO - Started process (PID=1106) to work on /home/airflow/.local/lib/python3.7/site-packages/airflow/example_dags/example_latest_only_with_trigger.py
[2024-09-27T19:42:27.394+0000] {processor.py:756} INFO - Processing file /home/airflow/.local/lib/python3.7/site-packages/airflow/example_dags/example_latest_only_with_trigger.py for tasks to queue
[2024-09-27T19:42:27.396+0000] {logging_mixin.py:120} INFO - [2024-09-27T19:42:27.395+0000] {dagbag.py:537} INFO - Filling up the DagBag from /home/airflow/.local/lib/python3.7/site-packages/airflow/example_dags/example_latest_only_with_trigger.py
[2024-09-27T19:42:27.419+0000] {processor.py:766} INFO - DAG(s) dict_keys(['latest_only_with_trigger']) retrieved from /home/airflow/.local/lib/python3.7/site-packages/airflow/example_dags/example_latest_only_with_trigger.py
[2024-09-27T19:42:27.475+0000] {logging_mixin.py:120} INFO - [2024-09-27T19:42:27.475+0000] {dag.py:2585} INFO - Sync 1 DAGs
[2024-09-27T19:42:27.514+0000] {logging_mixin.py:120} INFO - [2024-09-27T19:42:27.514+0000] {dag.py:3340} INFO - Setting next_dagrun for latest_only_with_trigger to 2024-09-27T15:42:27.513789+00:00, run_after=2024-09-27T19:42:27.513789+00:00
[2024-09-27T19:42:27.545+0000] {processor.py:176} INFO - Processing /home/airflow/.local/lib/python3.7/site-packages/airflow/example_dags/example_latest_only_with_trigger.py took 0.159 seconds
[2024-09-27T19:42:58.249+0000] {processor.py:154} INFO - Started process (PID=1164) to work on /home/airflow/.local/lib/python3.7/site-packages/airflow/example_dags/example_latest_only_with_trigger.py
[2024-09-27T19:42:58.251+0000] {processor.py:756} INFO - Processing file /home/airflow/.local/lib/python3.7/site-packages/airflow/example_dags/example_latest_only_with_trigger.py for tasks to queue
[2024-09-27T19:42:58.252+0000] {logging_mixin.py:120} INFO - [2024-09-27T19:42:58.252+0000] {dagbag.py:537} INFO - Filling up the DagBag from /home/airflow/.local/lib/python3.7/site-packages/airflow/example_dags/example_latest_only_with_trigger.py
[2024-09-27T19:42:58.272+0000] {processor.py:766} INFO - DAG(s) dict_keys(['latest_only_with_trigger']) retrieved from /home/airflow/.local/lib/python3.7/site-packages/airflow/example_dags/example_latest_only_with_trigger.py
[2024-09-27T19:42:58.326+0000] {logging_mixin.py:120} INFO - [2024-09-27T19:42:58.326+0000] {dag.py:2585} INFO - Sync 1 DAGs
[2024-09-27T19:42:58.357+0000] {logging_mixin.py:120} INFO - [2024-09-27T19:42:58.357+0000] {dag.py:3340} INFO - Setting next_dagrun for latest_only_with_trigger to 2024-09-27T15:42:58.357286+00:00, run_after=2024-09-27T19:42:58.357286+00:00
[2024-09-27T19:42:58.383+0000] {processor.py:176} INFO - Processing /home/airflow/.local/lib/python3.7/site-packages/airflow/example_dags/example_latest_only_with_trigger.py took 0.137 seconds
[2024-09-27T19:43:28.935+0000] {processor.py:154} INFO - Started process (PID=1231) to work on /home/airflow/.local/lib/python3.7/site-packages/airflow/example_dags/example_latest_only_with_trigger.py
[2024-09-27T19:43:28.936+0000] {processor.py:756} INFO - Processing file /home/airflow/.local/lib/python3.7/site-packages/airflow/example_dags/example_latest_only_with_trigger.py for tasks to queue
[2024-09-27T19:43:28.937+0000] {logging_mixin.py:120} INFO - [2024-09-27T19:43:28.937+0000] {dagbag.py:537} INFO - Filling up the DagBag from /home/airflow/.local/lib/python3.7/site-packages/airflow/example_dags/example_latest_only_with_trigger.py
[2024-09-27T19:43:28.956+0000] {processor.py:766} INFO - DAG(s) dict_keys(['latest_only_with_trigger']) retrieved from /home/airflow/.local/lib/python3.7/site-packages/airflow/example_dags/example_latest_only_with_trigger.py
[2024-09-27T19:43:29.017+0000] {logging_mixin.py:120} INFO - [2024-09-27T19:43:29.016+0000] {dag.py:2585} INFO - Sync 1 DAGs
[2024-09-27T19:43:29.053+0000] {logging_mixin.py:120} INFO - [2024-09-27T19:43:29.053+0000] {dag.py:3340} INFO - Setting next_dagrun for latest_only_with_trigger to 2024-09-27T15:43:29.053227+00:00, run_after=2024-09-27T19:43:29.053227+00:00
[2024-09-27T19:43:29.082+0000] {processor.py:176} INFO - Processing /home/airflow/.local/lib/python3.7/site-packages/airflow/example_dags/example_latest_only_with_trigger.py took 0.151 seconds
[2024-09-27T19:43:59.286+0000] {processor.py:154} INFO - Started process (PID=1298) to work on /home/airflow/.local/lib/python3.7/site-packages/airflow/example_dags/example_latest_only_with_trigger.py
[2024-09-27T19:43:59.287+0000] {processor.py:756} INFO - Processing file /home/airflow/.local/lib/python3.7/site-packages/airflow/example_dags/example_latest_only_with_trigger.py for tasks to queue
[2024-09-27T19:43:59.289+0000] {logging_mixin.py:120} INFO - [2024-09-27T19:43:59.288+0000] {dagbag.py:537} INFO - Filling up the DagBag from /home/airflow/.local/lib/python3.7/site-packages/airflow/example_dags/example_latest_only_with_trigger.py
[2024-09-27T19:43:59.309+0000] {processor.py:766} INFO - DAG(s) dict_keys(['latest_only_with_trigger']) retrieved from /home/airflow/.local/lib/python3.7/site-packages/airflow/example_dags/example_latest_only_with_trigger.py
[2024-09-27T19:43:59.371+0000] {logging_mixin.py:120} INFO - [2024-09-27T19:43:59.370+0000] {dag.py:2585} INFO - Sync 1 DAGs
[2024-09-27T19:43:59.407+0000] {logging_mixin.py:120} INFO - [2024-09-27T19:43:59.407+0000] {dag.py:3340} INFO - Setting next_dagrun for latest_only_with_trigger to 2024-09-27T15:43:59.406959+00:00, run_after=2024-09-27T19:43:59.406959+00:00
[2024-09-27T19:43:59.433+0000] {processor.py:176} INFO - Processing /home/airflow/.local/lib/python3.7/site-packages/airflow/example_dags/example_latest_only_with_trigger.py took 0.152 seconds
[2024-09-27T19:44:29.525+0000] {processor.py:154} INFO - Started process (PID=1362) to work on /home/airflow/.local/lib/python3.7/site-packages/airflow/example_dags/example_latest_only_with_trigger.py
[2024-09-27T19:44:29.527+0000] {processor.py:756} INFO - Processing file /home/airflow/.local/lib/python3.7/site-packages/airflow/example_dags/example_latest_only_with_trigger.py for tasks to queue
[2024-09-27T19:44:29.528+0000] {logging_mixin.py:120} INFO - [2024-09-27T19:44:29.528+0000] {dagbag.py:537} INFO - Filling up the DagBag from /home/airflow/.local/lib/python3.7/site-packages/airflow/example_dags/example_latest_only_with_trigger.py
[2024-09-27T19:44:29.546+0000] {processor.py:766} INFO - DAG(s) dict_keys(['latest_only_with_trigger']) retrieved from /home/airflow/.local/lib/python3.7/site-packages/airflow/example_dags/example_latest_only_with_trigger.py
[2024-09-27T19:44:29.596+0000] {logging_mixin.py:120} INFO - [2024-09-27T19:44:29.595+0000] {dag.py:2585} INFO - Sync 1 DAGs
[2024-09-27T19:44:29.628+0000] {logging_mixin.py:120} INFO - [2024-09-27T19:44:29.627+0000] {dag.py:3340} INFO - Setting next_dagrun for latest_only_with_trigger to 2024-09-27T15:44:29.627570+00:00, run_after=2024-09-27T19:44:29.627570+00:00
[2024-09-27T19:44:29.652+0000] {processor.py:176} INFO - Processing /home/airflow/.local/lib/python3.7/site-packages/airflow/example_dags/example_latest_only_with_trigger.py took 0.131 seconds
[2024-09-27T19:44:59.673+0000] {processor.py:154} INFO - Started process (PID=1423) to work on /home/airflow/.local/lib/python3.7/site-packages/airflow/example_dags/example_latest_only_with_trigger.py
[2024-09-27T19:44:59.676+0000] {processor.py:756} INFO - Processing file /home/airflow/.local/lib/python3.7/site-packages/airflow/example_dags/example_latest_only_with_trigger.py for tasks to queue
[2024-09-27T19:44:59.677+0000] {logging_mixin.py:120} INFO - [2024-09-27T19:44:59.677+0000] {dagbag.py:537} INFO - Filling up the DagBag from /home/airflow/.local/lib/python3.7/site-packages/airflow/example_dags/example_latest_only_with_trigger.py
[2024-09-27T19:44:59.696+0000] {processor.py:766} INFO - DAG(s) dict_keys(['latest_only_with_trigger']) retrieved from /home/airflow/.local/lib/python3.7/site-packages/airflow/example_dags/example_latest_only_with_trigger.py
[2024-09-27T19:44:59.745+0000] {logging_mixin.py:120} INFO - [2024-09-27T19:44:59.745+0000] {dag.py:2585} INFO - Sync 1 DAGs
[2024-09-27T19:44:59.776+0000] {logging_mixin.py:120} INFO - [2024-09-27T19:44:59.776+0000] {dag.py:3340} INFO - Setting next_dagrun for latest_only_with_trigger to 2024-09-27T15:44:59.775890+00:00, run_after=2024-09-27T19:44:59.775890+00:00
[2024-09-27T19:44:59.800+0000] {processor.py:176} INFO - Processing /home/airflow/.local/lib/python3.7/site-packages/airflow/example_dags/example_latest_only_with_trigger.py took 0.131 seconds
[2024-09-27T19:45:29.983+0000] {processor.py:154} INFO - Started process (PID=1491) to work on /home/airflow/.local/lib/python3.7/site-packages/airflow/example_dags/example_latest_only_with_trigger.py
[2024-09-27T19:45:29.984+0000] {processor.py:756} INFO - Processing file /home/airflow/.local/lib/python3.7/site-packages/airflow/example_dags/example_latest_only_with_trigger.py for tasks to queue
[2024-09-27T19:45:29.985+0000] {logging_mixin.py:120} INFO - [2024-09-27T19:45:29.985+0000] {dagbag.py:537} INFO - Filling up the DagBag from /home/airflow/.local/lib/python3.7/site-packages/airflow/example_dags/example_latest_only_with_trigger.py
[2024-09-27T19:45:30.003+0000] {processor.py:766} INFO - DAG(s) dict_keys(['latest_only_with_trigger']) retrieved from /home/airflow/.local/lib/python3.7/site-packages/airflow/example_dags/example_latest_only_with_trigger.py
[2024-09-27T19:45:30.053+0000] {logging_mixin.py:120} INFO - [2024-09-27T19:45:30.053+0000] {dag.py:2585} INFO - Sync 1 DAGs
[2024-09-27T19:45:30.087+0000] {logging_mixin.py:120} INFO - [2024-09-27T19:45:30.087+0000] {dag.py:3340} INFO - Setting next_dagrun for latest_only_with_trigger to 2024-09-27T15:45:30.087188+00:00, run_after=2024-09-27T19:45:30.087188+00:00
[2024-09-27T19:45:30.118+0000] {processor.py:176} INFO - Processing /home/airflow/.local/lib/python3.7/site-packages/airflow/example_dags/example_latest_only_with_trigger.py took 0.139 seconds
[2024-09-27T19:46:00.501+0000] {processor.py:154} INFO - Started process (PID=1559) to work on /home/airflow/.local/lib/python3.7/site-packages/airflow/example_dags/example_latest_only_with_trigger.py
[2024-09-27T19:46:00.503+0000] {processor.py:756} INFO - Processing file /home/airflow/.local/lib/python3.7/site-packages/airflow/example_dags/example_latest_only_with_trigger.py for tasks to queue
[2024-09-27T19:46:00.503+0000] {logging_mixin.py:120} INFO - [2024-09-27T19:46:00.503+0000] {dagbag.py:537} INFO - Filling up the DagBag from /home/airflow/.local/lib/python3.7/site-packages/airflow/example_dags/example_latest_only_with_trigger.py
[2024-09-27T19:46:00.521+0000] {processor.py:766} INFO - DAG(s) dict_keys(['latest_only_with_trigger']) retrieved from /home/airflow/.local/lib/python3.7/site-packages/airflow/example_dags/example_latest_only_with_trigger.py
[2024-09-27T19:46:00.575+0000] {logging_mixin.py:120} INFO - [2024-09-27T19:46:00.575+0000] {dag.py:2585} INFO - Sync 1 DAGs
[2024-09-27T19:46:00.607+0000] {logging_mixin.py:120} INFO - [2024-09-27T19:46:00.606+0000] {dag.py:3340} INFO - Setting next_dagrun for latest_only_with_trigger to 2024-09-27T15:46:00.606664+00:00, run_after=2024-09-27T19:46:00.606664+00:00
[2024-09-27T19:46:00.632+0000] {processor.py:176} INFO - Processing /home/airflow/.local/lib/python3.7/site-packages/airflow/example_dags/example_latest_only_with_trigger.py took 0.136 seconds
[2024-09-27T19:46:30.901+0000] {processor.py:154} INFO - Started process (PID=1618) to work on /home/airflow/.local/lib/python3.7/site-packages/airflow/example_dags/example_latest_only_with_trigger.py
[2024-09-27T19:46:30.903+0000] {processor.py:756} INFO - Processing file /home/airflow/.local/lib/python3.7/site-packages/airflow/example_dags/example_latest_only_with_trigger.py for tasks to queue
[2024-09-27T19:46:30.904+0000] {logging_mixin.py:120} INFO - [2024-09-27T19:46:30.903+0000] {dagbag.py:537} INFO - Filling up the DagBag from /home/airflow/.local/lib/python3.7/site-packages/airflow/example_dags/example_latest_only_with_trigger.py
[2024-09-27T19:46:30.921+0000] {processor.py:766} INFO - DAG(s) dict_keys(['latest_only_with_trigger']) retrieved from /home/airflow/.local/lib/python3.7/site-packages/airflow/example_dags/example_latest_only_with_trigger.py
[2024-09-27T19:46:30.970+0000] {logging_mixin.py:120} INFO - [2024-09-27T19:46:30.970+0000] {dag.py:2585} INFO - Sync 1 DAGs
[2024-09-27T19:46:31.001+0000] {logging_mixin.py:120} INFO - [2024-09-27T19:46:31.001+0000] {dag.py:3340} INFO - Setting next_dagrun for latest_only_with_trigger to 2024-09-27T15:46:31.001412+00:00, run_after=2024-09-27T19:46:31.001412+00:00
[2024-09-27T19:46:31.024+0000] {processor.py:176} INFO - Processing /home/airflow/.local/lib/python3.7/site-packages/airflow/example_dags/example_latest_only_with_trigger.py took 0.127 seconds
[2024-09-27T19:47:01.291+0000] {processor.py:154} INFO - Started process (PID=1686) to work on /home/airflow/.local/lib/python3.7/site-packages/airflow/example_dags/example_latest_only_with_trigger.py
[2024-09-27T19:47:01.292+0000] {processor.py:756} INFO - Processing file /home/airflow/.local/lib/python3.7/site-packages/airflow/example_dags/example_latest_only_with_trigger.py for tasks to queue
[2024-09-27T19:47:01.294+0000] {logging_mixin.py:120} INFO - [2024-09-27T19:47:01.293+0000] {dagbag.py:537} INFO - Filling up the DagBag from /home/airflow/.local/lib/python3.7/site-packages/airflow/example_dags/example_latest_only_with_trigger.py
[2024-09-27T19:47:01.313+0000] {processor.py:766} INFO - DAG(s) dict_keys(['latest_only_with_trigger']) retrieved from /home/airflow/.local/lib/python3.7/site-packages/airflow/example_dags/example_latest_only_with_trigger.py
[2024-09-27T19:47:01.361+0000] {logging_mixin.py:120} INFO - [2024-09-27T19:47:01.361+0000] {dag.py:2585} INFO - Sync 1 DAGs
[2024-09-27T19:47:01.390+0000] {logging_mixin.py:120} INFO - [2024-09-27T19:47:01.390+0000] {dag.py:3340} INFO - Setting next_dagrun for latest_only_with_trigger to 2024-09-27T15:47:01.389774+00:00, run_after=2024-09-27T19:47:01.389774+00:00
[2024-09-27T19:47:01.412+0000] {processor.py:176} INFO - Processing /home/airflow/.local/lib/python3.7/site-packages/airflow/example_dags/example_latest_only_with_trigger.py took 0.126 seconds
[2024-09-27T19:47:31.716+0000] {processor.py:154} INFO - Started process (PID=1753) to work on /home/airflow/.local/lib/python3.7/site-packages/airflow/example_dags/example_latest_only_with_trigger.py
[2024-09-27T19:47:31.718+0000] {processor.py:756} INFO - Processing file /home/airflow/.local/lib/python3.7/site-packages/airflow/example_dags/example_latest_only_with_trigger.py for tasks to queue
[2024-09-27T19:47:31.720+0000] {logging_mixin.py:120} INFO - [2024-09-27T19:47:31.719+0000] {dagbag.py:537} INFO - Filling up the DagBag from /home/airflow/.local/lib/python3.7/site-packages/airflow/example_dags/example_latest_only_with_trigger.py
[2024-09-27T19:47:31.738+0000] {processor.py:766} INFO - DAG(s) dict_keys(['latest_only_with_trigger']) retrieved from /home/airflow/.local/lib/python3.7/site-packages/airflow/example_dags/example_latest_only_with_trigger.py
[2024-09-27T19:47:31.786+0000] {logging_mixin.py:120} INFO - [2024-09-27T19:47:31.786+0000] {dag.py:2585} INFO - Sync 1 DAGs
[2024-09-27T19:47:31.817+0000] {logging_mixin.py:120} INFO - [2024-09-27T19:47:31.816+0000] {dag.py:3340} INFO - Setting next_dagrun for latest_only_with_trigger to 2024-09-27T15:47:31.816576+00:00, run_after=2024-09-27T19:47:31.816576+00:00
[2024-09-27T19:47:31.839+0000] {processor.py:176} INFO - Processing /home/airflow/.local/lib/python3.7/site-packages/airflow/example_dags/example_latest_only_with_trigger.py took 0.127 seconds
[2024-09-27T19:48:02.897+0000] {processor.py:154} INFO - Started process (PID=1813) to work on /home/airflow/.local/lib/python3.7/site-packages/airflow/example_dags/example_latest_only_with_trigger.py
[2024-09-27T19:48:02.898+0000] {processor.py:756} INFO - Processing file /home/airflow/.local/lib/python3.7/site-packages/airflow/example_dags/example_latest_only_with_trigger.py for tasks to queue
[2024-09-27T19:48:02.899+0000] {logging_mixin.py:120} INFO - [2024-09-27T19:48:02.899+0000] {dagbag.py:537} INFO - Filling up the DagBag from /home/airflow/.local/lib/python3.7/site-packages/airflow/example_dags/example_latest_only_with_trigger.py
[2024-09-27T19:48:02.917+0000] {processor.py:766} INFO - DAG(s) dict_keys(['latest_only_with_trigger']) retrieved from /home/airflow/.local/lib/python3.7/site-packages/airflow/example_dags/example_latest_only_with_trigger.py
[2024-09-27T19:48:02.971+0000] {logging_mixin.py:120} INFO - [2024-09-27T19:48:02.971+0000] {dag.py:2585} INFO - Sync 1 DAGs
[2024-09-27T19:48:03.006+0000] {logging_mixin.py:120} INFO - [2024-09-27T19:48:03.006+0000] {dag.py:3340} INFO - Setting next_dagrun for latest_only_with_trigger to 2024-09-27T15:48:03.006317+00:00, run_after=2024-09-27T19:48:03.006317+00:00
[2024-09-27T19:48:03.032+0000] {processor.py:176} INFO - Processing /home/airflow/.local/lib/python3.7/site-packages/airflow/example_dags/example_latest_only_with_trigger.py took 0.140 seconds
[2024-09-27T19:48:34.162+0000] {processor.py:154} INFO - Started process (PID=1882) to work on /home/airflow/.local/lib/python3.7/site-packages/airflow/example_dags/example_latest_only_with_trigger.py
[2024-09-27T19:48:34.164+0000] {processor.py:756} INFO - Processing file /home/airflow/.local/lib/python3.7/site-packages/airflow/example_dags/example_latest_only_with_trigger.py for tasks to queue
[2024-09-27T19:48:34.165+0000] {logging_mixin.py:120} INFO - [2024-09-27T19:48:34.165+0000] {dagbag.py:537} INFO - Filling up the DagBag from /home/airflow/.local/lib/python3.7/site-packages/airflow/example_dags/example_latest_only_with_trigger.py
[2024-09-27T19:48:34.182+0000] {processor.py:766} INFO - DAG(s) dict_keys(['latest_only_with_trigger']) retrieved from /home/airflow/.local/lib/python3.7/site-packages/airflow/example_dags/example_latest_only_with_trigger.py
[2024-09-27T19:48:34.233+0000] {logging_mixin.py:120} INFO - [2024-09-27T19:48:34.233+0000] {dag.py:2585} INFO - Sync 1 DAGs
[2024-09-27T19:48:34.262+0000] {logging_mixin.py:120} INFO - [2024-09-27T19:48:34.262+0000] {dag.py:3340} INFO - Setting next_dagrun for latest_only_with_trigger to 2024-09-27T15:48:34.261984+00:00, run_after=2024-09-27T19:48:34.261984+00:00
[2024-09-27T19:48:34.284+0000] {processor.py:176} INFO - Processing /home/airflow/.local/lib/python3.7/site-packages/airflow/example_dags/example_latest_only_with_trigger.py took 0.126 seconds
[2024-09-27T19:49:04.508+0000] {processor.py:154} INFO - Started process (PID=1950) to work on /home/airflow/.local/lib/python3.7/site-packages/airflow/example_dags/example_latest_only_with_trigger.py
[2024-09-27T19:49:04.510+0000] {processor.py:756} INFO - Processing file /home/airflow/.local/lib/python3.7/site-packages/airflow/example_dags/example_latest_only_with_trigger.py for tasks to queue
[2024-09-27T19:49:04.511+0000] {logging_mixin.py:120} INFO - [2024-09-27T19:49:04.511+0000] {dagbag.py:537} INFO - Filling up the DagBag from /home/airflow/.local/lib/python3.7/site-packages/airflow/example_dags/example_latest_only_with_trigger.py
[2024-09-27T19:49:04.531+0000] {processor.py:766} INFO - DAG(s) dict_keys(['latest_only_with_trigger']) retrieved from /home/airflow/.local/lib/python3.7/site-packages/airflow/example_dags/example_latest_only_with_trigger.py
[2024-09-27T19:49:04.579+0000] {logging_mixin.py:120} INFO - [2024-09-27T19:49:04.579+0000] {dag.py:2585} INFO - Sync 1 DAGs
[2024-09-27T19:49:04.610+0000] {logging_mixin.py:120} INFO - [2024-09-27T19:49:04.610+0000] {dag.py:3340} INFO - Setting next_dagrun for latest_only_with_trigger to 2024-09-27T15:49:04.609927+00:00, run_after=2024-09-27T19:49:04.609927+00:00
[2024-09-27T19:49:04.634+0000] {processor.py:176} INFO - Processing /home/airflow/.local/lib/python3.7/site-packages/airflow/example_dags/example_latest_only_with_trigger.py took 0.131 seconds
[2024-09-27T19:49:35.631+0000] {processor.py:154} INFO - Started process (PID=2018) to work on /home/airflow/.local/lib/python3.7/site-packages/airflow/example_dags/example_latest_only_with_trigger.py
[2024-09-27T19:49:35.633+0000] {processor.py:756} INFO - Processing file /home/airflow/.local/lib/python3.7/site-packages/airflow/example_dags/example_latest_only_with_trigger.py for tasks to queue
[2024-09-27T19:49:35.634+0000] {logging_mixin.py:120} INFO - [2024-09-27T19:49:35.634+0000] {dagbag.py:537} INFO - Filling up the DagBag from /home/airflow/.local/lib/python3.7/site-packages/airflow/example_dags/example_latest_only_with_trigger.py
[2024-09-27T19:49:35.652+0000] {processor.py:766} INFO - DAG(s) dict_keys(['latest_only_with_trigger']) retrieved from /home/airflow/.local/lib/python3.7/site-packages/airflow/example_dags/example_latest_only_with_trigger.py
[2024-09-27T19:49:35.700+0000] {logging_mixin.py:120} INFO - [2024-09-27T19:49:35.700+0000] {dag.py:2585} INFO - Sync 1 DAGs
[2024-09-27T19:49:35.730+0000] {logging_mixin.py:120} INFO - [2024-09-27T19:49:35.730+0000] {dag.py:3340} INFO - Setting next_dagrun for latest_only_with_trigger to 2024-09-27T15:49:35.729973+00:00, run_after=2024-09-27T19:49:35.729973+00:00
[2024-09-27T19:49:35.751+0000] {processor.py:176} INFO - Processing /home/airflow/.local/lib/python3.7/site-packages/airflow/example_dags/example_latest_only_with_trigger.py took 0.124 seconds
[2024-09-27T19:50:05.914+0000] {processor.py:154} INFO - Started process (PID=2075) to work on /home/airflow/.local/lib/python3.7/site-packages/airflow/example_dags/example_latest_only_with_trigger.py
[2024-09-27T19:50:05.915+0000] {processor.py:756} INFO - Processing file /home/airflow/.local/lib/python3.7/site-packages/airflow/example_dags/example_latest_only_with_trigger.py for tasks to queue
[2024-09-27T19:50:05.916+0000] {logging_mixin.py:120} INFO - [2024-09-27T19:50:05.916+0000] {dagbag.py:537} INFO - Filling up the DagBag from /home/airflow/.local/lib/python3.7/site-packages/airflow/example_dags/example_latest_only_with_trigger.py
[2024-09-27T19:50:05.930+0000] {processor.py:766} INFO - DAG(s) dict_keys(['latest_only_with_trigger']) retrieved from /home/airflow/.local/lib/python3.7/site-packages/airflow/example_dags/example_latest_only_with_trigger.py
[2024-09-27T19:50:05.974+0000] {logging_mixin.py:120} INFO - [2024-09-27T19:50:05.974+0000] {dag.py:2585} INFO - Sync 1 DAGs
[2024-09-27T19:50:06.008+0000] {logging_mixin.py:120} INFO - [2024-09-27T19:50:06.008+0000] {dag.py:3340} INFO - Setting next_dagrun for latest_only_with_trigger to 2024-09-27T15:50:06.007967+00:00, run_after=2024-09-27T19:50:06.007967+00:00
[2024-09-27T19:50:06.037+0000] {processor.py:176} INFO - Processing /home/airflow/.local/lib/python3.7/site-packages/airflow/example_dags/example_latest_only_with_trigger.py took 0.128 seconds
[2024-09-27T20:42:52.381+0000] {processor.py:154} INFO - Started process (PID=2141) to work on /home/airflow/.local/lib/python3.7/site-packages/airflow/example_dags/example_latest_only_with_trigger.py
[2024-09-27T20:42:52.390+0000] {processor.py:756} INFO - Processing file /home/airflow/.local/lib/python3.7/site-packages/airflow/example_dags/example_latest_only_with_trigger.py for tasks to queue
[2024-09-27T20:42:52.394+0000] {logging_mixin.py:120} INFO - [2024-09-27T20:42:52.394+0000] {dagbag.py:537} INFO - Filling up the DagBag from /home/airflow/.local/lib/python3.7/site-packages/airflow/example_dags/example_latest_only_with_trigger.py
[2024-09-27T20:42:52.489+0000] {processor.py:766} INFO - DAG(s) dict_keys(['latest_only_with_trigger']) retrieved from /home/airflow/.local/lib/python3.7/site-packages/airflow/example_dags/example_latest_only_with_trigger.py
[2024-09-27T20:42:52.755+0000] {logging_mixin.py:120} INFO - [2024-09-27T20:42:52.752+0000] {dag.py:2585} INFO - Sync 1 DAGs
[2024-09-27T20:42:52.868+0000] {logging_mixin.py:120} INFO - [2024-09-27T20:42:52.867+0000] {dag.py:3340} INFO - Setting next_dagrun for latest_only_with_trigger to 2024-09-27T16:42:52.866974+00:00, run_after=2024-09-27T20:42:52.866974+00:00
[2024-09-27T20:42:52.989+0000] {processor.py:176} INFO - Processing /home/airflow/.local/lib/python3.7/site-packages/airflow/example_dags/example_latest_only_with_trigger.py took 0.621 seconds
[2024-09-27T20:43:23.534+0000] {processor.py:154} INFO - Started process (PID=2202) to work on /home/airflow/.local/lib/python3.7/site-packages/airflow/example_dags/example_latest_only_with_trigger.py
[2024-09-27T20:43:23.538+0000] {processor.py:756} INFO - Processing file /home/airflow/.local/lib/python3.7/site-packages/airflow/example_dags/example_latest_only_with_trigger.py for tasks to queue
[2024-09-27T20:43:23.541+0000] {logging_mixin.py:120} INFO - [2024-09-27T20:43:23.541+0000] {dagbag.py:537} INFO - Filling up the DagBag from /home/airflow/.local/lib/python3.7/site-packages/airflow/example_dags/example_latest_only_with_trigger.py
[2024-09-27T20:43:23.595+0000] {processor.py:766} INFO - DAG(s) dict_keys(['latest_only_with_trigger']) retrieved from /home/airflow/.local/lib/python3.7/site-packages/airflow/example_dags/example_latest_only_with_trigger.py
[2024-09-27T20:43:23.701+0000] {logging_mixin.py:120} INFO - [2024-09-27T20:43:23.701+0000] {dag.py:2585} INFO - Sync 1 DAGs
[2024-09-27T20:43:23.758+0000] {logging_mixin.py:120} INFO - [2024-09-27T20:43:23.758+0000] {dag.py:3340} INFO - Setting next_dagrun for latest_only_with_trigger to 2024-09-27T16:43:23.758145+00:00, run_after=2024-09-27T20:43:23.758145+00:00
[2024-09-27T20:43:23.804+0000] {processor.py:176} INFO - Processing /home/airflow/.local/lib/python3.7/site-packages/airflow/example_dags/example_latest_only_with_trigger.py took 0.279 seconds
[2024-09-27T20:43:53.844+0000] {processor.py:154} INFO - Started process (PID=2261) to work on /home/airflow/.local/lib/python3.7/site-packages/airflow/example_dags/example_latest_only_with_trigger.py
[2024-09-27T20:43:53.845+0000] {processor.py:756} INFO - Processing file /home/airflow/.local/lib/python3.7/site-packages/airflow/example_dags/example_latest_only_with_trigger.py for tasks to queue
[2024-09-27T20:43:53.846+0000] {logging_mixin.py:120} INFO - [2024-09-27T20:43:53.846+0000] {dagbag.py:537} INFO - Filling up the DagBag from /home/airflow/.local/lib/python3.7/site-packages/airflow/example_dags/example_latest_only_with_trigger.py
[2024-09-27T20:43:53.868+0000] {processor.py:766} INFO - DAG(s) dict_keys(['latest_only_with_trigger']) retrieved from /home/airflow/.local/lib/python3.7/site-packages/airflow/example_dags/example_latest_only_with_trigger.py
[2024-09-27T20:43:53.919+0000] {logging_mixin.py:120} INFO - [2024-09-27T20:43:53.919+0000] {dag.py:2585} INFO - Sync 1 DAGs
[2024-09-27T20:43:53.949+0000] {logging_mixin.py:120} INFO - [2024-09-27T20:43:53.949+0000] {dag.py:3340} INFO - Setting next_dagrun for latest_only_with_trigger to 2024-09-27T16:43:53.948810+00:00, run_after=2024-09-27T20:43:53.948810+00:00
[2024-09-27T20:43:53.972+0000] {processor.py:176} INFO - Processing /home/airflow/.local/lib/python3.7/site-packages/airflow/example_dags/example_latest_only_with_trigger.py took 0.133 seconds
[2024-09-27T20:44:25.253+0000] {processor.py:154} INFO - Started process (PID=2330) to work on /home/airflow/.local/lib/python3.7/site-packages/airflow/example_dags/example_latest_only_with_trigger.py
[2024-09-27T20:44:25.256+0000] {processor.py:756} INFO - Processing file /home/airflow/.local/lib/python3.7/site-packages/airflow/example_dags/example_latest_only_with_trigger.py for tasks to queue
[2024-09-27T20:44:25.258+0000] {logging_mixin.py:120} INFO - [2024-09-27T20:44:25.257+0000] {dagbag.py:537} INFO - Filling up the DagBag from /home/airflow/.local/lib/python3.7/site-packages/airflow/example_dags/example_latest_only_with_trigger.py
[2024-09-27T20:44:25.280+0000] {processor.py:766} INFO - DAG(s) dict_keys(['latest_only_with_trigger']) retrieved from /home/airflow/.local/lib/python3.7/site-packages/airflow/example_dags/example_latest_only_with_trigger.py
[2024-09-27T20:44:25.331+0000] {logging_mixin.py:120} INFO - [2024-09-27T20:44:25.330+0000] {dag.py:2585} INFO - Sync 1 DAGs
[2024-09-27T20:44:25.361+0000] {logging_mixin.py:120} INFO - [2024-09-27T20:44:25.361+0000] {dag.py:3340} INFO - Setting next_dagrun for latest_only_with_trigger to 2024-09-27T16:44:25.360701+00:00, run_after=2024-09-27T20:44:25.360701+00:00
[2024-09-27T20:44:25.383+0000] {processor.py:176} INFO - Processing /home/airflow/.local/lib/python3.7/site-packages/airflow/example_dags/example_latest_only_with_trigger.py took 0.136 seconds
[2024-09-27T20:45:37.159+0000] {processor.py:154} INFO - Started process (PID=2408) to work on /home/airflow/.local/lib/python3.7/site-packages/airflow/example_dags/example_latest_only_with_trigger.py
[2024-09-27T20:45:37.161+0000] {processor.py:756} INFO - Processing file /home/airflow/.local/lib/python3.7/site-packages/airflow/example_dags/example_latest_only_with_trigger.py for tasks to queue
[2024-09-27T20:45:37.162+0000] {logging_mixin.py:120} INFO - [2024-09-27T20:45:37.162+0000] {dagbag.py:537} INFO - Filling up the DagBag from /home/airflow/.local/lib/python3.7/site-packages/airflow/example_dags/example_latest_only_with_trigger.py
[2024-09-27T20:45:37.189+0000] {processor.py:766} INFO - DAG(s) dict_keys(['latest_only_with_trigger']) retrieved from /home/airflow/.local/lib/python3.7/site-packages/airflow/example_dags/example_latest_only_with_trigger.py
[2024-09-27T20:45:37.263+0000] {logging_mixin.py:120} INFO - [2024-09-27T20:45:37.263+0000] {dag.py:2585} INFO - Sync 1 DAGs
[2024-09-27T20:45:37.325+0000] {logging_mixin.py:120} INFO - [2024-09-27T20:45:37.325+0000] {dag.py:3340} INFO - Setting next_dagrun for latest_only_with_trigger to 2024-09-27T16:45:37.324963+00:00, run_after=2024-09-27T20:45:37.324963+00:00
[2024-09-27T20:45:37.363+0000] {processor.py:176} INFO - Processing /home/airflow/.local/lib/python3.7/site-packages/airflow/example_dags/example_latest_only_with_trigger.py took 0.210 seconds
[2024-09-27T20:46:08.447+0000] {processor.py:154} INFO - Started process (PID=2476) to work on /home/airflow/.local/lib/python3.7/site-packages/airflow/example_dags/example_latest_only_with_trigger.py
[2024-09-27T20:46:08.449+0000] {processor.py:756} INFO - Processing file /home/airflow/.local/lib/python3.7/site-packages/airflow/example_dags/example_latest_only_with_trigger.py for tasks to queue
[2024-09-27T20:46:08.451+0000] {logging_mixin.py:120} INFO - [2024-09-27T20:46:08.451+0000] {dagbag.py:537} INFO - Filling up the DagBag from /home/airflow/.local/lib/python3.7/site-packages/airflow/example_dags/example_latest_only_with_trigger.py
[2024-09-27T20:46:08.474+0000] {processor.py:766} INFO - DAG(s) dict_keys(['latest_only_with_trigger']) retrieved from /home/airflow/.local/lib/python3.7/site-packages/airflow/example_dags/example_latest_only_with_trigger.py
[2024-09-27T20:46:08.551+0000] {logging_mixin.py:120} INFO - [2024-09-27T20:46:08.550+0000] {dag.py:2585} INFO - Sync 1 DAGs
[2024-09-27T20:46:08.594+0000] {logging_mixin.py:120} INFO - [2024-09-27T20:46:08.594+0000] {dag.py:3340} INFO - Setting next_dagrun for latest_only_with_trigger to 2024-09-27T16:46:08.594148+00:00, run_after=2024-09-27T20:46:08.594148+00:00
[2024-09-27T20:46:08.632+0000] {processor.py:176} INFO - Processing /home/airflow/.local/lib/python3.7/site-packages/airflow/example_dags/example_latest_only_with_trigger.py took 0.191 seconds
[2024-09-27T20:46:39.609+0000] {processor.py:154} INFO - Started process (PID=2543) to work on /home/airflow/.local/lib/python3.7/site-packages/airflow/example_dags/example_latest_only_with_trigger.py
[2024-09-27T20:46:39.613+0000] {processor.py:756} INFO - Processing file /home/airflow/.local/lib/python3.7/site-packages/airflow/example_dags/example_latest_only_with_trigger.py for tasks to queue
[2024-09-27T20:46:39.616+0000] {logging_mixin.py:120} INFO - [2024-09-27T20:46:39.615+0000] {dagbag.py:537} INFO - Filling up the DagBag from /home/airflow/.local/lib/python3.7/site-packages/airflow/example_dags/example_latest_only_with_trigger.py
[2024-09-27T20:46:39.658+0000] {processor.py:766} INFO - DAG(s) dict_keys(['latest_only_with_trigger']) retrieved from /home/airflow/.local/lib/python3.7/site-packages/airflow/example_dags/example_latest_only_with_trigger.py
[2024-09-27T20:46:39.727+0000] {logging_mixin.py:120} INFO - [2024-09-27T20:46:39.727+0000] {dag.py:2585} INFO - Sync 1 DAGs
[2024-09-27T20:46:39.776+0000] {logging_mixin.py:120} INFO - [2024-09-27T20:46:39.776+0000] {dag.py:3340} INFO - Setting next_dagrun for latest_only_with_trigger to 2024-09-27T16:46:39.776431+00:00, run_after=2024-09-27T20:46:39.776431+00:00
[2024-09-27T20:46:39.884+0000] {processor.py:176} INFO - Processing /home/airflow/.local/lib/python3.7/site-packages/airflow/example_dags/example_latest_only_with_trigger.py took 0.287 seconds
[2024-09-27T20:47:10.615+0000] {processor.py:154} INFO - Started process (PID=2604) to work on /home/airflow/.local/lib/python3.7/site-packages/airflow/example_dags/example_latest_only_with_trigger.py
[2024-09-27T20:47:10.617+0000] {processor.py:756} INFO - Processing file /home/airflow/.local/lib/python3.7/site-packages/airflow/example_dags/example_latest_only_with_trigger.py for tasks to queue
[2024-09-27T20:47:10.618+0000] {logging_mixin.py:120} INFO - [2024-09-27T20:47:10.618+0000] {dagbag.py:537} INFO - Filling up the DagBag from /home/airflow/.local/lib/python3.7/site-packages/airflow/example_dags/example_latest_only_with_trigger.py
[2024-09-27T20:47:10.638+0000] {processor.py:766} INFO - DAG(s) dict_keys(['latest_only_with_trigger']) retrieved from /home/airflow/.local/lib/python3.7/site-packages/airflow/example_dags/example_latest_only_with_trigger.py
[2024-09-27T20:47:10.698+0000] {logging_mixin.py:120} INFO - [2024-09-27T20:47:10.698+0000] {dag.py:2585} INFO - Sync 1 DAGs
[2024-09-27T20:47:10.732+0000] {logging_mixin.py:120} INFO - [2024-09-27T20:47:10.732+0000] {dag.py:3340} INFO - Setting next_dagrun for latest_only_with_trigger to 2024-09-27T16:47:10.732214+00:00, run_after=2024-09-27T20:47:10.732214+00:00
[2024-09-27T20:47:10.760+0000] {processor.py:176} INFO - Processing /home/airflow/.local/lib/python3.7/site-packages/airflow/example_dags/example_latest_only_with_trigger.py took 0.149 seconds
[2024-09-27T20:47:41.114+0000] {processor.py:154} INFO - Started process (PID=2672) to work on /home/airflow/.local/lib/python3.7/site-packages/airflow/example_dags/example_latest_only_with_trigger.py
[2024-09-27T20:47:41.117+0000] {processor.py:756} INFO - Processing file /home/airflow/.local/lib/python3.7/site-packages/airflow/example_dags/example_latest_only_with_trigger.py for tasks to queue
[2024-09-27T20:47:41.119+0000] {logging_mixin.py:120} INFO - [2024-09-27T20:47:41.118+0000] {dagbag.py:537} INFO - Filling up the DagBag from /home/airflow/.local/lib/python3.7/site-packages/airflow/example_dags/example_latest_only_with_trigger.py
[2024-09-27T20:47:41.149+0000] {processor.py:766} INFO - DAG(s) dict_keys(['latest_only_with_trigger']) retrieved from /home/airflow/.local/lib/python3.7/site-packages/airflow/example_dags/example_latest_only_with_trigger.py
[2024-09-27T20:47:41.233+0000] {logging_mixin.py:120} INFO - [2024-09-27T20:47:41.232+0000] {dag.py:2585} INFO - Sync 1 DAGs
[2024-09-27T20:47:41.282+0000] {logging_mixin.py:120} INFO - [2024-09-27T20:47:41.282+0000] {dag.py:3340} INFO - Setting next_dagrun for latest_only_with_trigger to 2024-09-27T16:47:41.282129+00:00, run_after=2024-09-27T20:47:41.282129+00:00
[2024-09-27T20:47:41.315+0000] {processor.py:176} INFO - Processing /home/airflow/.local/lib/python3.7/site-packages/airflow/example_dags/example_latest_only_with_trigger.py took 0.208 seconds
[2024-09-27T20:48:11.498+0000] {processor.py:154} INFO - Started process (PID=2732) to work on /home/airflow/.local/lib/python3.7/site-packages/airflow/example_dags/example_latest_only_with_trigger.py
[2024-09-27T20:48:11.500+0000] {processor.py:756} INFO - Processing file /home/airflow/.local/lib/python3.7/site-packages/airflow/example_dags/example_latest_only_with_trigger.py for tasks to queue
[2024-09-27T20:48:11.501+0000] {logging_mixin.py:120} INFO - [2024-09-27T20:48:11.501+0000] {dagbag.py:537} INFO - Filling up the DagBag from /home/airflow/.local/lib/python3.7/site-packages/airflow/example_dags/example_latest_only_with_trigger.py
[2024-09-27T20:48:11.522+0000] {processor.py:766} INFO - DAG(s) dict_keys(['latest_only_with_trigger']) retrieved from /home/airflow/.local/lib/python3.7/site-packages/airflow/example_dags/example_latest_only_with_trigger.py
[2024-09-27T20:48:11.608+0000] {logging_mixin.py:120} INFO - [2024-09-27T20:48:11.607+0000] {dag.py:2585} INFO - Sync 1 DAGs
[2024-09-27T20:48:11.682+0000] {logging_mixin.py:120} INFO - [2024-09-27T20:48:11.681+0000] {dag.py:3340} INFO - Setting next_dagrun for latest_only_with_trigger to 2024-09-27T16:48:11.681277+00:00, run_after=2024-09-27T20:48:11.681277+00:00
[2024-09-27T20:48:11.726+0000] {processor.py:176} INFO - Processing /home/airflow/.local/lib/python3.7/site-packages/airflow/example_dags/example_latest_only_with_trigger.py took 0.232 seconds
[2024-09-27T20:48:41.842+0000] {processor.py:154} INFO - Started process (PID=2800) to work on /home/airflow/.local/lib/python3.7/site-packages/airflow/example_dags/example_latest_only_with_trigger.py
[2024-09-27T20:48:41.845+0000] {processor.py:756} INFO - Processing file /home/airflow/.local/lib/python3.7/site-packages/airflow/example_dags/example_latest_only_with_trigger.py for tasks to queue
[2024-09-27T20:48:41.846+0000] {logging_mixin.py:120} INFO - [2024-09-27T20:48:41.845+0000] {dagbag.py:537} INFO - Filling up the DagBag from /home/airflow/.local/lib/python3.7/site-packages/airflow/example_dags/example_latest_only_with_trigger.py
[2024-09-27T20:48:41.866+0000] {processor.py:766} INFO - DAG(s) dict_keys(['latest_only_with_trigger']) retrieved from /home/airflow/.local/lib/python3.7/site-packages/airflow/example_dags/example_latest_only_with_trigger.py
[2024-09-27T20:48:41.917+0000] {logging_mixin.py:120} INFO - [2024-09-27T20:48:41.917+0000] {dag.py:2585} INFO - Sync 1 DAGs
[2024-09-27T20:48:41.949+0000] {logging_mixin.py:120} INFO - [2024-09-27T20:48:41.949+0000] {dag.py:3340} INFO - Setting next_dagrun for latest_only_with_trigger to 2024-09-27T16:48:41.948954+00:00, run_after=2024-09-27T20:48:41.948954+00:00
[2024-09-27T20:48:41.972+0000] {processor.py:176} INFO - Processing /home/airflow/.local/lib/python3.7/site-packages/airflow/example_dags/example_latest_only_with_trigger.py took 0.135 seconds
[2024-09-27T20:49:12.446+0000] {processor.py:154} INFO - Started process (PID=2868) to work on /home/airflow/.local/lib/python3.7/site-packages/airflow/example_dags/example_latest_only_with_trigger.py
[2024-09-27T20:49:12.449+0000] {processor.py:756} INFO - Processing file /home/airflow/.local/lib/python3.7/site-packages/airflow/example_dags/example_latest_only_with_trigger.py for tasks to queue
[2024-09-27T20:49:12.450+0000] {logging_mixin.py:120} INFO - [2024-09-27T20:49:12.450+0000] {dagbag.py:537} INFO - Filling up the DagBag from /home/airflow/.local/lib/python3.7/site-packages/airflow/example_dags/example_latest_only_with_trigger.py
[2024-09-27T20:49:12.472+0000] {processor.py:766} INFO - DAG(s) dict_keys(['latest_only_with_trigger']) retrieved from /home/airflow/.local/lib/python3.7/site-packages/airflow/example_dags/example_latest_only_with_trigger.py
[2024-09-27T20:49:12.528+0000] {logging_mixin.py:120} INFO - [2024-09-27T20:49:12.528+0000] {dag.py:2585} INFO - Sync 1 DAGs
[2024-09-27T20:49:12.565+0000] {logging_mixin.py:120} INFO - [2024-09-27T20:49:12.565+0000] {dag.py:3340} INFO - Setting next_dagrun for latest_only_with_trigger to 2024-09-27T16:49:12.565080+00:00, run_after=2024-09-27T20:49:12.565080+00:00
[2024-09-27T20:49:12.592+0000] {processor.py:176} INFO - Processing /home/airflow/.local/lib/python3.7/site-packages/airflow/example_dags/example_latest_only_with_trigger.py took 0.151 seconds
[2024-09-27T20:49:42.981+0000] {processor.py:154} INFO - Started process (PID=2927) to work on /home/airflow/.local/lib/python3.7/site-packages/airflow/example_dags/example_latest_only_with_trigger.py
[2024-09-27T20:49:42.982+0000] {processor.py:756} INFO - Processing file /home/airflow/.local/lib/python3.7/site-packages/airflow/example_dags/example_latest_only_with_trigger.py for tasks to queue
[2024-09-27T20:49:42.983+0000] {logging_mixin.py:120} INFO - [2024-09-27T20:49:42.983+0000] {dagbag.py:537} INFO - Filling up the DagBag from /home/airflow/.local/lib/python3.7/site-packages/airflow/example_dags/example_latest_only_with_trigger.py
[2024-09-27T20:49:43.002+0000] {processor.py:766} INFO - DAG(s) dict_keys(['latest_only_with_trigger']) retrieved from /home/airflow/.local/lib/python3.7/site-packages/airflow/example_dags/example_latest_only_with_trigger.py
[2024-09-27T20:49:43.054+0000] {logging_mixin.py:120} INFO - [2024-09-27T20:49:43.054+0000] {dag.py:2585} INFO - Sync 1 DAGs
[2024-09-27T20:49:43.088+0000] {logging_mixin.py:120} INFO - [2024-09-27T20:49:43.088+0000] {dag.py:3340} INFO - Setting next_dagrun for latest_only_with_trigger to 2024-09-27T16:49:43.088407+00:00, run_after=2024-09-27T20:49:43.088407+00:00
[2024-09-27T20:49:43.114+0000] {processor.py:176} INFO - Processing /home/airflow/.local/lib/python3.7/site-packages/airflow/example_dags/example_latest_only_with_trigger.py took 0.138 seconds
[2024-09-27T20:50:13.929+0000] {processor.py:154} INFO - Started process (PID=2995) to work on /home/airflow/.local/lib/python3.7/site-packages/airflow/example_dags/example_latest_only_with_trigger.py
[2024-09-27T20:50:13.930+0000] {processor.py:756} INFO - Processing file /home/airflow/.local/lib/python3.7/site-packages/airflow/example_dags/example_latest_only_with_trigger.py for tasks to queue
[2024-09-27T20:50:13.932+0000] {logging_mixin.py:120} INFO - [2024-09-27T20:50:13.931+0000] {dagbag.py:537} INFO - Filling up the DagBag from /home/airflow/.local/lib/python3.7/site-packages/airflow/example_dags/example_latest_only_with_trigger.py
[2024-09-27T20:50:13.954+0000] {processor.py:766} INFO - DAG(s) dict_keys(['latest_only_with_trigger']) retrieved from /home/airflow/.local/lib/python3.7/site-packages/airflow/example_dags/example_latest_only_with_trigger.py
[2024-09-27T20:50:14.009+0000] {logging_mixin.py:120} INFO - [2024-09-27T20:50:14.008+0000] {dag.py:2585} INFO - Sync 1 DAGs
[2024-09-27T20:50:14.043+0000] {logging_mixin.py:120} INFO - [2024-09-27T20:50:14.042+0000] {dag.py:3340} INFO - Setting next_dagrun for latest_only_with_trigger to 2024-09-27T16:50:14.042645+00:00, run_after=2024-09-27T20:50:14.042645+00:00
[2024-09-27T20:50:14.070+0000] {processor.py:176} INFO - Processing /home/airflow/.local/lib/python3.7/site-packages/airflow/example_dags/example_latest_only_with_trigger.py took 0.145 seconds
[2024-09-27T20:50:44.757+0000] {processor.py:154} INFO - Started process (PID=3063) to work on /home/airflow/.local/lib/python3.7/site-packages/airflow/example_dags/example_latest_only_with_trigger.py
[2024-09-27T20:50:44.759+0000] {processor.py:756} INFO - Processing file /home/airflow/.local/lib/python3.7/site-packages/airflow/example_dags/example_latest_only_with_trigger.py for tasks to queue
[2024-09-27T20:50:44.760+0000] {logging_mixin.py:120} INFO - [2024-09-27T20:50:44.760+0000] {dagbag.py:537} INFO - Filling up the DagBag from /home/airflow/.local/lib/python3.7/site-packages/airflow/example_dags/example_latest_only_with_trigger.py
[2024-09-27T20:50:44.779+0000] {processor.py:766} INFO - DAG(s) dict_keys(['latest_only_with_trigger']) retrieved from /home/airflow/.local/lib/python3.7/site-packages/airflow/example_dags/example_latest_only_with_trigger.py
[2024-09-27T20:50:44.828+0000] {logging_mixin.py:120} INFO - [2024-09-27T20:50:44.828+0000] {dag.py:2585} INFO - Sync 1 DAGs
[2024-09-27T20:50:44.861+0000] {logging_mixin.py:120} INFO - [2024-09-27T20:50:44.860+0000] {dag.py:3340} INFO - Setting next_dagrun for latest_only_with_trigger to 2024-09-27T16:50:44.860498+00:00, run_after=2024-09-27T20:50:44.860498+00:00
[2024-09-27T20:50:44.888+0000] {processor.py:176} INFO - Processing /home/airflow/.local/lib/python3.7/site-packages/airflow/example_dags/example_latest_only_with_trigger.py took 0.135 seconds
[2024-09-27T20:51:16.193+0000] {processor.py:154} INFO - Started process (PID=3131) to work on /home/airflow/.local/lib/python3.7/site-packages/airflow/example_dags/example_latest_only_with_trigger.py
[2024-09-27T20:51:16.195+0000] {processor.py:756} INFO - Processing file /home/airflow/.local/lib/python3.7/site-packages/airflow/example_dags/example_latest_only_with_trigger.py for tasks to queue
[2024-09-27T20:51:16.196+0000] {logging_mixin.py:120} INFO - [2024-09-27T20:51:16.196+0000] {dagbag.py:537} INFO - Filling up the DagBag from /home/airflow/.local/lib/python3.7/site-packages/airflow/example_dags/example_latest_only_with_trigger.py
[2024-09-27T20:51:16.217+0000] {processor.py:766} INFO - DAG(s) dict_keys(['latest_only_with_trigger']) retrieved from /home/airflow/.local/lib/python3.7/site-packages/airflow/example_dags/example_latest_only_with_trigger.py
[2024-09-27T20:51:16.283+0000] {logging_mixin.py:120} INFO - [2024-09-27T20:51:16.282+0000] {dag.py:2585} INFO - Sync 1 DAGs
[2024-09-27T20:51:16.321+0000] {logging_mixin.py:120} INFO - [2024-09-27T20:51:16.321+0000] {dag.py:3340} INFO - Setting next_dagrun for latest_only_with_trigger to 2024-09-27T16:51:16.321215+00:00, run_after=2024-09-27T20:51:16.321215+00:00
[2024-09-27T20:51:16.351+0000] {processor.py:176} INFO - Processing /home/airflow/.local/lib/python3.7/site-packages/airflow/example_dags/example_latest_only_with_trigger.py took 0.165 seconds
[2024-09-27T20:51:49.547+0000] {processor.py:154} INFO - Started process (PID=3198) to work on /home/airflow/.local/lib/python3.7/site-packages/airflow/example_dags/example_latest_only_with_trigger.py
[2024-09-27T20:51:49.552+0000] {processor.py:756} INFO - Processing file /home/airflow/.local/lib/python3.7/site-packages/airflow/example_dags/example_latest_only_with_trigger.py for tasks to queue
[2024-09-27T20:51:49.554+0000] {logging_mixin.py:120} INFO - [2024-09-27T20:51:49.554+0000] {dagbag.py:537} INFO - Filling up the DagBag from /home/airflow/.local/lib/python3.7/site-packages/airflow/example_dags/example_latest_only_with_trigger.py
[2024-09-27T20:51:49.624+0000] {processor.py:766} INFO - DAG(s) dict_keys(['latest_only_with_trigger']) retrieved from /home/airflow/.local/lib/python3.7/site-packages/airflow/example_dags/example_latest_only_with_trigger.py
[2024-09-27T20:51:49.987+0000] {logging_mixin.py:120} INFO - [2024-09-27T20:51:49.983+0000] {dag.py:2585} INFO - Sync 1 DAGs
[2024-09-27T20:51:50.127+0000] {logging_mixin.py:120} INFO - [2024-09-27T20:51:50.127+0000] {dag.py:3340} INFO - Setting next_dagrun for latest_only_with_trigger to 2024-09-27T16:51:50.126695+00:00, run_after=2024-09-27T20:51:50.126695+00:00
[2024-09-27T20:51:50.268+0000] {processor.py:176} INFO - Processing /home/airflow/.local/lib/python3.7/site-packages/airflow/example_dags/example_latest_only_with_trigger.py took 0.731 seconds
[2024-09-27T20:52:29.643+0000] {processor.py:154} INFO - Started process (PID=3241) to work on /home/airflow/.local/lib/python3.7/site-packages/airflow/example_dags/example_latest_only_with_trigger.py
[2024-09-27T20:52:29.652+0000] {processor.py:756} INFO - Processing file /home/airflow/.local/lib/python3.7/site-packages/airflow/example_dags/example_latest_only_with_trigger.py for tasks to queue
[2024-09-27T20:52:29.654+0000] {logging_mixin.py:120} INFO - [2024-09-27T20:52:29.653+0000] {dagbag.py:537} INFO - Filling up the DagBag from /home/airflow/.local/lib/python3.7/site-packages/airflow/example_dags/example_latest_only_with_trigger.py
[2024-09-27T20:52:29.682+0000] {processor.py:766} INFO - DAG(s) dict_keys(['latest_only_with_trigger']) retrieved from /home/airflow/.local/lib/python3.7/site-packages/airflow/example_dags/example_latest_only_with_trigger.py
[2024-09-27T20:52:29.752+0000] {logging_mixin.py:120} INFO - [2024-09-27T20:52:29.751+0000] {dag.py:2585} INFO - Sync 1 DAGs
[2024-09-27T20:52:29.788+0000] {logging_mixin.py:120} INFO - [2024-09-27T20:52:29.788+0000] {dag.py:3340} INFO - Setting next_dagrun for latest_only_with_trigger to 2024-09-27T16:52:29.788480+00:00, run_after=2024-09-27T20:52:29.788480+00:00
[2024-09-27T20:52:29.830+0000] {processor.py:176} INFO - Processing /home/airflow/.local/lib/python3.7/site-packages/airflow/example_dags/example_latest_only_with_trigger.py took 0.193 seconds
[2024-09-27T20:52:59.906+0000] {processor.py:154} INFO - Started process (PID=3308) to work on /home/airflow/.local/lib/python3.7/site-packages/airflow/example_dags/example_latest_only_with_trigger.py
[2024-09-27T20:52:59.908+0000] {processor.py:756} INFO - Processing file /home/airflow/.local/lib/python3.7/site-packages/airflow/example_dags/example_latest_only_with_trigger.py for tasks to queue
[2024-09-27T20:52:59.909+0000] {logging_mixin.py:120} INFO - [2024-09-27T20:52:59.908+0000] {dagbag.py:537} INFO - Filling up the DagBag from /home/airflow/.local/lib/python3.7/site-packages/airflow/example_dags/example_latest_only_with_trigger.py
[2024-09-27T20:52:59.927+0000] {processor.py:766} INFO - DAG(s) dict_keys(['latest_only_with_trigger']) retrieved from /home/airflow/.local/lib/python3.7/site-packages/airflow/example_dags/example_latest_only_with_trigger.py
[2024-09-27T20:52:59.979+0000] {logging_mixin.py:120} INFO - [2024-09-27T20:52:59.979+0000] {dag.py:2585} INFO - Sync 1 DAGs
[2024-09-27T20:53:00.013+0000] {logging_mixin.py:120} INFO - [2024-09-27T20:53:00.013+0000] {dag.py:3340} INFO - Setting next_dagrun for latest_only_with_trigger to 2024-09-27T16:53:00.013283+00:00, run_after=2024-09-27T20:53:00.013283+00:00
[2024-09-27T20:53:00.036+0000] {processor.py:176} INFO - Processing /home/airflow/.local/lib/python3.7/site-packages/airflow/example_dags/example_latest_only_with_trigger.py took 0.134 seconds
[2024-09-27T21:00:00.700+0000] {processor.py:154} INFO - Started process (PID=3367) to work on /home/airflow/.local/lib/python3.7/site-packages/airflow/example_dags/example_latest_only_with_trigger.py
[2024-09-27T21:00:00.705+0000] {processor.py:756} INFO - Processing file /home/airflow/.local/lib/python3.7/site-packages/airflow/example_dags/example_latest_only_with_trigger.py for tasks to queue
[2024-09-27T21:00:00.707+0000] {logging_mixin.py:120} INFO - [2024-09-27T21:00:00.707+0000] {dagbag.py:537} INFO - Filling up the DagBag from /home/airflow/.local/lib/python3.7/site-packages/airflow/example_dags/example_latest_only_with_trigger.py
[2024-09-27T21:00:00.749+0000] {processor.py:766} INFO - DAG(s) dict_keys(['latest_only_with_trigger']) retrieved from /home/airflow/.local/lib/python3.7/site-packages/airflow/example_dags/example_latest_only_with_trigger.py
[2024-09-27T21:00:00.854+0000] {logging_mixin.py:120} INFO - [2024-09-27T21:00:00.854+0000] {dag.py:2585} INFO - Sync 1 DAGs
[2024-09-27T21:00:00.925+0000] {logging_mixin.py:120} INFO - [2024-09-27T21:00:00.924+0000] {dag.py:3340} INFO - Setting next_dagrun for latest_only_with_trigger to 2024-09-27T17:00:00.924368+00:00, run_after=2024-09-27T21:00:00.924368+00:00
[2024-09-27T21:00:00.968+0000] {processor.py:176} INFO - Processing /home/airflow/.local/lib/python3.7/site-packages/airflow/example_dags/example_latest_only_with_trigger.py took 0.278 seconds
[2024-09-27T21:00:31.313+0000] {processor.py:154} INFO - Started process (PID=3435) to work on /home/airflow/.local/lib/python3.7/site-packages/airflow/example_dags/example_latest_only_with_trigger.py
[2024-09-27T21:00:31.320+0000] {processor.py:756} INFO - Processing file /home/airflow/.local/lib/python3.7/site-packages/airflow/example_dags/example_latest_only_with_trigger.py for tasks to queue
[2024-09-27T21:00:31.326+0000] {logging_mixin.py:120} INFO - [2024-09-27T21:00:31.326+0000] {dagbag.py:537} INFO - Filling up the DagBag from /home/airflow/.local/lib/python3.7/site-packages/airflow/example_dags/example_latest_only_with_trigger.py
[2024-09-27T21:00:31.368+0000] {processor.py:766} INFO - DAG(s) dict_keys(['latest_only_with_trigger']) retrieved from /home/airflow/.local/lib/python3.7/site-packages/airflow/example_dags/example_latest_only_with_trigger.py
[2024-09-27T21:00:31.503+0000] {logging_mixin.py:120} INFO - [2024-09-27T21:00:31.503+0000] {dag.py:2585} INFO - Sync 1 DAGs
[2024-09-27T21:00:31.547+0000] {logging_mixin.py:120} INFO - [2024-09-27T21:00:31.547+0000] {dag.py:3340} INFO - Setting next_dagrun for latest_only_with_trigger to 2024-09-27T17:00:31.547433+00:00, run_after=2024-09-27T21:00:31.547433+00:00
[2024-09-27T21:00:31.578+0000] {processor.py:176} INFO - Processing /home/airflow/.local/lib/python3.7/site-packages/airflow/example_dags/example_latest_only_with_trigger.py took 0.270 seconds
[2024-09-27T21:01:01.701+0000] {processor.py:154} INFO - Started process (PID=3494) to work on /home/airflow/.local/lib/python3.7/site-packages/airflow/example_dags/example_latest_only_with_trigger.py
[2024-09-27T21:01:01.703+0000] {processor.py:756} INFO - Processing file /home/airflow/.local/lib/python3.7/site-packages/airflow/example_dags/example_latest_only_with_trigger.py for tasks to queue
[2024-09-27T21:01:01.704+0000] {logging_mixin.py:120} INFO - [2024-09-27T21:01:01.704+0000] {dagbag.py:537} INFO - Filling up the DagBag from /home/airflow/.local/lib/python3.7/site-packages/airflow/example_dags/example_latest_only_with_trigger.py
[2024-09-27T21:01:01.725+0000] {processor.py:766} INFO - DAG(s) dict_keys(['latest_only_with_trigger']) retrieved from /home/airflow/.local/lib/python3.7/site-packages/airflow/example_dags/example_latest_only_with_trigger.py
[2024-09-27T21:01:01.781+0000] {logging_mixin.py:120} INFO - [2024-09-27T21:01:01.781+0000] {dag.py:2585} INFO - Sync 1 DAGs
[2024-09-27T21:01:01.818+0000] {logging_mixin.py:120} INFO - [2024-09-27T21:01:01.818+0000] {dag.py:3340} INFO - Setting next_dagrun for latest_only_with_trigger to 2024-09-27T17:01:01.818236+00:00, run_after=2024-09-27T21:01:01.818236+00:00
[2024-09-27T21:01:01.844+0000] {processor.py:176} INFO - Processing /home/airflow/.local/lib/python3.7/site-packages/airflow/example_dags/example_latest_only_with_trigger.py took 0.148 seconds
[2024-09-27T21:01:32.166+0000] {processor.py:154} INFO - Started process (PID=3562) to work on /home/airflow/.local/lib/python3.7/site-packages/airflow/example_dags/example_latest_only_with_trigger.py
[2024-09-27T21:01:32.167+0000] {processor.py:756} INFO - Processing file /home/airflow/.local/lib/python3.7/site-packages/airflow/example_dags/example_latest_only_with_trigger.py for tasks to queue
[2024-09-27T21:01:32.168+0000] {logging_mixin.py:120} INFO - [2024-09-27T21:01:32.168+0000] {dagbag.py:537} INFO - Filling up the DagBag from /home/airflow/.local/lib/python3.7/site-packages/airflow/example_dags/example_latest_only_with_trigger.py
[2024-09-27T21:01:32.187+0000] {processor.py:766} INFO - DAG(s) dict_keys(['latest_only_with_trigger']) retrieved from /home/airflow/.local/lib/python3.7/site-packages/airflow/example_dags/example_latest_only_with_trigger.py
[2024-09-27T21:01:32.248+0000] {logging_mixin.py:120} INFO - [2024-09-27T21:01:32.248+0000] {dag.py:2585} INFO - Sync 1 DAGs
[2024-09-27T21:01:32.282+0000] {logging_mixin.py:120} INFO - [2024-09-27T21:01:32.282+0000] {dag.py:3340} INFO - Setting next_dagrun for latest_only_with_trigger to 2024-09-27T17:01:32.281766+00:00, run_after=2024-09-27T21:01:32.281766+00:00
[2024-09-27T21:01:32.307+0000] {processor.py:176} INFO - Processing /home/airflow/.local/lib/python3.7/site-packages/airflow/example_dags/example_latest_only_with_trigger.py took 0.145 seconds
[2024-09-27T21:02:03.267+0000] {processor.py:154} INFO - Started process (PID=3630) to work on /home/airflow/.local/lib/python3.7/site-packages/airflow/example_dags/example_latest_only_with_trigger.py
[2024-09-27T21:02:03.269+0000] {processor.py:756} INFO - Processing file /home/airflow/.local/lib/python3.7/site-packages/airflow/example_dags/example_latest_only_with_trigger.py for tasks to queue
[2024-09-27T21:02:03.270+0000] {logging_mixin.py:120} INFO - [2024-09-27T21:02:03.269+0000] {dagbag.py:537} INFO - Filling up the DagBag from /home/airflow/.local/lib/python3.7/site-packages/airflow/example_dags/example_latest_only_with_trigger.py
[2024-09-27T21:02:03.289+0000] {processor.py:766} INFO - DAG(s) dict_keys(['latest_only_with_trigger']) retrieved from /home/airflow/.local/lib/python3.7/site-packages/airflow/example_dags/example_latest_only_with_trigger.py
[2024-09-27T21:02:03.343+0000] {logging_mixin.py:120} INFO - [2024-09-27T21:02:03.343+0000] {dag.py:2585} INFO - Sync 1 DAGs
[2024-09-27T21:02:03.375+0000] {logging_mixin.py:120} INFO - [2024-09-27T21:02:03.374+0000] {dag.py:3340} INFO - Setting next_dagrun for latest_only_with_trigger to 2024-09-27T17:02:03.374589+00:00, run_after=2024-09-27T21:02:03.374589+00:00
[2024-09-27T21:02:03.400+0000] {processor.py:176} INFO - Processing /home/airflow/.local/lib/python3.7/site-packages/airflow/example_dags/example_latest_only_with_trigger.py took 0.137 seconds
[2024-09-27T21:02:33.744+0000] {processor.py:154} INFO - Started process (PID=3689) to work on /home/airflow/.local/lib/python3.7/site-packages/airflow/example_dags/example_latest_only_with_trigger.py
[2024-09-27T21:02:33.745+0000] {processor.py:756} INFO - Processing file /home/airflow/.local/lib/python3.7/site-packages/airflow/example_dags/example_latest_only_with_trigger.py for tasks to queue
[2024-09-27T21:02:33.746+0000] {logging_mixin.py:120} INFO - [2024-09-27T21:02:33.746+0000] {dagbag.py:537} INFO - Filling up the DagBag from /home/airflow/.local/lib/python3.7/site-packages/airflow/example_dags/example_latest_only_with_trigger.py
[2024-09-27T21:02:33.764+0000] {processor.py:766} INFO - DAG(s) dict_keys(['latest_only_with_trigger']) retrieved from /home/airflow/.local/lib/python3.7/site-packages/airflow/example_dags/example_latest_only_with_trigger.py
[2024-09-27T21:02:33.813+0000] {logging_mixin.py:120} INFO - [2024-09-27T21:02:33.812+0000] {dag.py:2585} INFO - Sync 1 DAGs
[2024-09-27T21:02:33.843+0000] {logging_mixin.py:120} INFO - [2024-09-27T21:02:33.843+0000] {dag.py:3340} INFO - Setting next_dagrun for latest_only_with_trigger to 2024-09-27T17:02:33.842984+00:00, run_after=2024-09-27T21:02:33.842984+00:00
[2024-09-27T21:02:33.869+0000] {processor.py:176} INFO - Processing /home/airflow/.local/lib/python3.7/site-packages/airflow/example_dags/example_latest_only_with_trigger.py took 0.130 seconds
[2024-09-27T21:03:04.502+0000] {processor.py:154} INFO - Started process (PID=3757) to work on /home/airflow/.local/lib/python3.7/site-packages/airflow/example_dags/example_latest_only_with_trigger.py
[2024-09-27T21:03:04.504+0000] {processor.py:756} INFO - Processing file /home/airflow/.local/lib/python3.7/site-packages/airflow/example_dags/example_latest_only_with_trigger.py for tasks to queue
[2024-09-27T21:03:04.505+0000] {logging_mixin.py:120} INFO - [2024-09-27T21:03:04.504+0000] {dagbag.py:537} INFO - Filling up the DagBag from /home/airflow/.local/lib/python3.7/site-packages/airflow/example_dags/example_latest_only_with_trigger.py
[2024-09-27T21:03:04.523+0000] {processor.py:766} INFO - DAG(s) dict_keys(['latest_only_with_trigger']) retrieved from /home/airflow/.local/lib/python3.7/site-packages/airflow/example_dags/example_latest_only_with_trigger.py
[2024-09-27T21:03:04.571+0000] {logging_mixin.py:120} INFO - [2024-09-27T21:03:04.570+0000] {dag.py:2585} INFO - Sync 1 DAGs
[2024-09-27T21:03:04.602+0000] {logging_mixin.py:120} INFO - [2024-09-27T21:03:04.602+0000] {dag.py:3340} INFO - Setting next_dagrun for latest_only_with_trigger to 2024-09-27T17:03:04.601790+00:00, run_after=2024-09-27T21:03:04.601790+00:00
[2024-09-27T21:03:04.626+0000] {processor.py:176} INFO - Processing /home/airflow/.local/lib/python3.7/site-packages/airflow/example_dags/example_latest_only_with_trigger.py took 0.128 seconds
[2024-09-27T21:03:35.009+0000] {processor.py:154} INFO - Started process (PID=3825) to work on /home/airflow/.local/lib/python3.7/site-packages/airflow/example_dags/example_latest_only_with_trigger.py
[2024-09-27T21:03:35.011+0000] {processor.py:756} INFO - Processing file /home/airflow/.local/lib/python3.7/site-packages/airflow/example_dags/example_latest_only_with_trigger.py for tasks to queue
[2024-09-27T21:03:35.012+0000] {logging_mixin.py:120} INFO - [2024-09-27T21:03:35.012+0000] {dagbag.py:537} INFO - Filling up the DagBag from /home/airflow/.local/lib/python3.7/site-packages/airflow/example_dags/example_latest_only_with_trigger.py
[2024-09-27T21:03:35.032+0000] {processor.py:766} INFO - DAG(s) dict_keys(['latest_only_with_trigger']) retrieved from /home/airflow/.local/lib/python3.7/site-packages/airflow/example_dags/example_latest_only_with_trigger.py
[2024-09-27T21:03:35.086+0000] {logging_mixin.py:120} INFO - [2024-09-27T21:03:35.086+0000] {dag.py:2585} INFO - Sync 1 DAGs
[2024-09-27T21:03:35.121+0000] {logging_mixin.py:120} INFO - [2024-09-27T21:03:35.121+0000] {dag.py:3340} INFO - Setting next_dagrun for latest_only_with_trigger to 2024-09-27T17:03:35.121097+00:00, run_after=2024-09-27T21:03:35.121097+00:00
[2024-09-27T21:03:35.149+0000] {processor.py:176} INFO - Processing /home/airflow/.local/lib/python3.7/site-packages/airflow/example_dags/example_latest_only_with_trigger.py took 0.145 seconds
[2024-09-27T21:04:05.738+0000] {processor.py:154} INFO - Started process (PID=3893) to work on /home/airflow/.local/lib/python3.7/site-packages/airflow/example_dags/example_latest_only_with_trigger.py
[2024-09-27T21:04:05.740+0000] {processor.py:756} INFO - Processing file /home/airflow/.local/lib/python3.7/site-packages/airflow/example_dags/example_latest_only_with_trigger.py for tasks to queue
[2024-09-27T21:04:05.741+0000] {logging_mixin.py:120} INFO - [2024-09-27T21:04:05.741+0000] {dagbag.py:537} INFO - Filling up the DagBag from /home/airflow/.local/lib/python3.7/site-packages/airflow/example_dags/example_latest_only_with_trigger.py
[2024-09-27T21:04:05.759+0000] {processor.py:766} INFO - DAG(s) dict_keys(['latest_only_with_trigger']) retrieved from /home/airflow/.local/lib/python3.7/site-packages/airflow/example_dags/example_latest_only_with_trigger.py
[2024-09-27T21:04:05.807+0000] {logging_mixin.py:120} INFO - [2024-09-27T21:04:05.806+0000] {dag.py:2585} INFO - Sync 1 DAGs
[2024-09-27T21:04:05.839+0000] {logging_mixin.py:120} INFO - [2024-09-27T21:04:05.839+0000] {dag.py:3340} INFO - Setting next_dagrun for latest_only_with_trigger to 2024-09-27T17:04:05.839340+00:00, run_after=2024-09-27T21:04:05.839340+00:00
[2024-09-27T21:04:05.864+0000] {processor.py:176} INFO - Processing /home/airflow/.local/lib/python3.7/site-packages/airflow/example_dags/example_latest_only_with_trigger.py took 0.130 seconds
[2024-09-27T21:04:36.317+0000] {processor.py:154} INFO - Started process (PID=3952) to work on /home/airflow/.local/lib/python3.7/site-packages/airflow/example_dags/example_latest_only_with_trigger.py
[2024-09-27T21:04:36.318+0000] {processor.py:756} INFO - Processing file /home/airflow/.local/lib/python3.7/site-packages/airflow/example_dags/example_latest_only_with_trigger.py for tasks to queue
[2024-09-27T21:04:36.319+0000] {logging_mixin.py:120} INFO - [2024-09-27T21:04:36.319+0000] {dagbag.py:537} INFO - Filling up the DagBag from /home/airflow/.local/lib/python3.7/site-packages/airflow/example_dags/example_latest_only_with_trigger.py
[2024-09-27T21:04:36.337+0000] {processor.py:766} INFO - DAG(s) dict_keys(['latest_only_with_trigger']) retrieved from /home/airflow/.local/lib/python3.7/site-packages/airflow/example_dags/example_latest_only_with_trigger.py
[2024-09-27T21:04:36.390+0000] {logging_mixin.py:120} INFO - [2024-09-27T21:04:36.390+0000] {dag.py:2585} INFO - Sync 1 DAGs
[2024-09-27T21:04:36.425+0000] {logging_mixin.py:120} INFO - [2024-09-27T21:04:36.424+0000] {dag.py:3340} INFO - Setting next_dagrun for latest_only_with_trigger to 2024-09-27T17:04:36.424417+00:00, run_after=2024-09-27T21:04:36.424417+00:00
[2024-09-27T21:04:36.456+0000] {processor.py:176} INFO - Processing /home/airflow/.local/lib/python3.7/site-packages/airflow/example_dags/example_latest_only_with_trigger.py took 0.144 seconds
[2024-09-27T21:05:07.110+0000] {processor.py:154} INFO - Started process (PID=4020) to work on /home/airflow/.local/lib/python3.7/site-packages/airflow/example_dags/example_latest_only_with_trigger.py
[2024-09-27T21:05:07.112+0000] {processor.py:756} INFO - Processing file /home/airflow/.local/lib/python3.7/site-packages/airflow/example_dags/example_latest_only_with_trigger.py for tasks to queue
[2024-09-27T21:05:07.113+0000] {logging_mixin.py:120} INFO - [2024-09-27T21:05:07.113+0000] {dagbag.py:537} INFO - Filling up the DagBag from /home/airflow/.local/lib/python3.7/site-packages/airflow/example_dags/example_latest_only_with_trigger.py
[2024-09-27T21:05:07.135+0000] {processor.py:766} INFO - DAG(s) dict_keys(['latest_only_with_trigger']) retrieved from /home/airflow/.local/lib/python3.7/site-packages/airflow/example_dags/example_latest_only_with_trigger.py
[2024-09-27T21:05:07.192+0000] {logging_mixin.py:120} INFO - [2024-09-27T21:05:07.192+0000] {dag.py:2585} INFO - Sync 1 DAGs
[2024-09-27T21:05:07.229+0000] {logging_mixin.py:120} INFO - [2024-09-27T21:05:07.229+0000] {dag.py:3340} INFO - Setting next_dagrun for latest_only_with_trigger to 2024-09-27T17:05:07.228789+00:00, run_after=2024-09-27T21:05:07.228789+00:00
[2024-09-27T21:05:07.257+0000] {processor.py:176} INFO - Processing /home/airflow/.local/lib/python3.7/site-packages/airflow/example_dags/example_latest_only_with_trigger.py took 0.152 seconds
[2024-09-27T21:05:38.195+0000] {processor.py:154} INFO - Started process (PID=4087) to work on /home/airflow/.local/lib/python3.7/site-packages/airflow/example_dags/example_latest_only_with_trigger.py
[2024-09-27T21:05:38.196+0000] {processor.py:756} INFO - Processing file /home/airflow/.local/lib/python3.7/site-packages/airflow/example_dags/example_latest_only_with_trigger.py for tasks to queue
[2024-09-27T21:05:38.197+0000] {logging_mixin.py:120} INFO - [2024-09-27T21:05:38.197+0000] {dagbag.py:537} INFO - Filling up the DagBag from /home/airflow/.local/lib/python3.7/site-packages/airflow/example_dags/example_latest_only_with_trigger.py
[2024-09-27T21:05:38.215+0000] {processor.py:766} INFO - DAG(s) dict_keys(['latest_only_with_trigger']) retrieved from /home/airflow/.local/lib/python3.7/site-packages/airflow/example_dags/example_latest_only_with_trigger.py
[2024-09-27T21:05:38.264+0000] {logging_mixin.py:120} INFO - [2024-09-27T21:05:38.264+0000] {dag.py:2585} INFO - Sync 1 DAGs
[2024-09-27T21:05:38.296+0000] {logging_mixin.py:120} INFO - [2024-09-27T21:05:38.296+0000] {dag.py:3340} INFO - Setting next_dagrun for latest_only_with_trigger to 2024-09-27T17:05:38.296344+00:00, run_after=2024-09-27T21:05:38.296344+00:00
[2024-09-27T21:05:38.323+0000] {processor.py:176} INFO - Processing /home/airflow/.local/lib/python3.7/site-packages/airflow/example_dags/example_latest_only_with_trigger.py took 0.133 seconds
[2024-09-27T21:06:09.522+0000] {processor.py:154} INFO - Started process (PID=4155) to work on /home/airflow/.local/lib/python3.7/site-packages/airflow/example_dags/example_latest_only_with_trigger.py
[2024-09-27T21:06:09.523+0000] {processor.py:756} INFO - Processing file /home/airflow/.local/lib/python3.7/site-packages/airflow/example_dags/example_latest_only_with_trigger.py for tasks to queue
[2024-09-27T21:06:09.526+0000] {logging_mixin.py:120} INFO - [2024-09-27T21:06:09.526+0000] {dagbag.py:537} INFO - Filling up the DagBag from /home/airflow/.local/lib/python3.7/site-packages/airflow/example_dags/example_latest_only_with_trigger.py
[2024-09-27T21:06:09.546+0000] {processor.py:766} INFO - DAG(s) dict_keys(['latest_only_with_trigger']) retrieved from /home/airflow/.local/lib/python3.7/site-packages/airflow/example_dags/example_latest_only_with_trigger.py
[2024-09-27T21:06:09.599+0000] {logging_mixin.py:120} INFO - [2024-09-27T21:06:09.599+0000] {dag.py:2585} INFO - Sync 1 DAGs
[2024-09-27T21:06:09.632+0000] {logging_mixin.py:120} INFO - [2024-09-27T21:06:09.632+0000] {dag.py:3340} INFO - Setting next_dagrun for latest_only_with_trigger to 2024-09-27T17:06:09.632089+00:00, run_after=2024-09-27T21:06:09.632089+00:00
[2024-09-27T21:06:09.663+0000] {processor.py:176} INFO - Processing /home/airflow/.local/lib/python3.7/site-packages/airflow/example_dags/example_latest_only_with_trigger.py took 0.145 seconds
[2024-09-27T21:06:39.941+0000] {processor.py:154} INFO - Started process (PID=4214) to work on /home/airflow/.local/lib/python3.7/site-packages/airflow/example_dags/example_latest_only_with_trigger.py
[2024-09-27T21:06:39.943+0000] {processor.py:756} INFO - Processing file /home/airflow/.local/lib/python3.7/site-packages/airflow/example_dags/example_latest_only_with_trigger.py for tasks to queue
[2024-09-27T21:06:39.944+0000] {logging_mixin.py:120} INFO - [2024-09-27T21:06:39.944+0000] {dagbag.py:537} INFO - Filling up the DagBag from /home/airflow/.local/lib/python3.7/site-packages/airflow/example_dags/example_latest_only_with_trigger.py
[2024-09-27T21:06:39.967+0000] {processor.py:766} INFO - DAG(s) dict_keys(['latest_only_with_trigger']) retrieved from /home/airflow/.local/lib/python3.7/site-packages/airflow/example_dags/example_latest_only_with_trigger.py
[2024-09-27T21:06:40.024+0000] {logging_mixin.py:120} INFO - [2024-09-27T21:06:40.024+0000] {dag.py:2585} INFO - Sync 1 DAGs
[2024-09-27T21:06:40.059+0000] {logging_mixin.py:120} INFO - [2024-09-27T21:06:40.059+0000] {dag.py:3340} INFO - Setting next_dagrun for latest_only_with_trigger to 2024-09-27T17:06:40.059046+00:00, run_after=2024-09-27T21:06:40.059046+00:00
[2024-09-27T21:06:40.087+0000] {processor.py:176} INFO - Processing /home/airflow/.local/lib/python3.7/site-packages/airflow/example_dags/example_latest_only_with_trigger.py took 0.151 seconds
[2024-09-27T21:07:10.225+0000] {processor.py:154} INFO - Started process (PID=4280) to work on /home/airflow/.local/lib/python3.7/site-packages/airflow/example_dags/example_latest_only_with_trigger.py
[2024-09-27T21:07:10.228+0000] {processor.py:756} INFO - Processing file /home/airflow/.local/lib/python3.7/site-packages/airflow/example_dags/example_latest_only_with_trigger.py for tasks to queue
[2024-09-27T21:07:10.229+0000] {logging_mixin.py:120} INFO - [2024-09-27T21:07:10.229+0000] {dagbag.py:537} INFO - Filling up the DagBag from /home/airflow/.local/lib/python3.7/site-packages/airflow/example_dags/example_latest_only_with_trigger.py
[2024-09-27T21:07:10.252+0000] {processor.py:766} INFO - DAG(s) dict_keys(['latest_only_with_trigger']) retrieved from /home/airflow/.local/lib/python3.7/site-packages/airflow/example_dags/example_latest_only_with_trigger.py
[2024-09-27T21:07:10.306+0000] {logging_mixin.py:120} INFO - [2024-09-27T21:07:10.306+0000] {dag.py:2585} INFO - Sync 1 DAGs
[2024-09-27T21:07:10.347+0000] {logging_mixin.py:120} INFO - [2024-09-27T21:07:10.347+0000] {dag.py:3340} INFO - Setting next_dagrun for latest_only_with_trigger to 2024-09-27T17:07:10.346862+00:00, run_after=2024-09-27T21:07:10.346862+00:00
[2024-09-27T21:07:10.384+0000] {processor.py:176} INFO - Processing /home/airflow/.local/lib/python3.7/site-packages/airflow/example_dags/example_latest_only_with_trigger.py took 0.163 seconds
[2024-09-27T21:07:40.551+0000] {processor.py:154} INFO - Started process (PID=4339) to work on /home/airflow/.local/lib/python3.7/site-packages/airflow/example_dags/example_latest_only_with_trigger.py
[2024-09-27T21:07:40.553+0000] {processor.py:756} INFO - Processing file /home/airflow/.local/lib/python3.7/site-packages/airflow/example_dags/example_latest_only_with_trigger.py for tasks to queue
[2024-09-27T21:07:40.554+0000] {logging_mixin.py:120} INFO - [2024-09-27T21:07:40.554+0000] {dagbag.py:537} INFO - Filling up the DagBag from /home/airflow/.local/lib/python3.7/site-packages/airflow/example_dags/example_latest_only_with_trigger.py
[2024-09-27T21:07:40.572+0000] {processor.py:766} INFO - DAG(s) dict_keys(['latest_only_with_trigger']) retrieved from /home/airflow/.local/lib/python3.7/site-packages/airflow/example_dags/example_latest_only_with_trigger.py
[2024-09-27T21:07:40.619+0000] {logging_mixin.py:120} INFO - [2024-09-27T21:07:40.619+0000] {dag.py:2585} INFO - Sync 1 DAGs
[2024-09-27T21:07:40.645+0000] {logging_mixin.py:120} INFO - [2024-09-27T21:07:40.645+0000] {dag.py:3340} INFO - Setting next_dagrun for latest_only_with_trigger to 2024-09-27T17:07:40.645411+00:00, run_after=2024-09-27T21:07:40.645411+00:00
[2024-09-27T21:07:40.665+0000] {processor.py:176} INFO - Processing /home/airflow/.local/lib/python3.7/site-packages/airflow/example_dags/example_latest_only_with_trigger.py took 0.117 seconds
[2024-09-27T21:08:11.464+0000] {processor.py:154} INFO - Started process (PID=4408) to work on /home/airflow/.local/lib/python3.7/site-packages/airflow/example_dags/example_latest_only_with_trigger.py
[2024-09-27T21:08:11.466+0000] {processor.py:756} INFO - Processing file /home/airflow/.local/lib/python3.7/site-packages/airflow/example_dags/example_latest_only_with_trigger.py for tasks to queue
[2024-09-27T21:08:11.468+0000] {logging_mixin.py:120} INFO - [2024-09-27T21:08:11.468+0000] {dagbag.py:537} INFO - Filling up the DagBag from /home/airflow/.local/lib/python3.7/site-packages/airflow/example_dags/example_latest_only_with_trigger.py
[2024-09-27T21:08:11.486+0000] {processor.py:766} INFO - DAG(s) dict_keys(['latest_only_with_trigger']) retrieved from /home/airflow/.local/lib/python3.7/site-packages/airflow/example_dags/example_latest_only_with_trigger.py
[2024-09-27T21:08:11.540+0000] {logging_mixin.py:120} INFO - [2024-09-27T21:08:11.540+0000] {dag.py:2585} INFO - Sync 1 DAGs
[2024-09-27T21:08:11.571+0000] {logging_mixin.py:120} INFO - [2024-09-27T21:08:11.571+0000] {dag.py:3340} INFO - Setting next_dagrun for latest_only_with_trigger to 2024-09-27T17:08:11.570998+00:00, run_after=2024-09-27T21:08:11.570998+00:00
[2024-09-27T21:08:11.593+0000] {processor.py:176} INFO - Processing /home/airflow/.local/lib/python3.7/site-packages/airflow/example_dags/example_latest_only_with_trigger.py took 0.133 seconds
[2024-09-27T21:08:41.721+0000] {processor.py:154} INFO - Started process (PID=4476) to work on /home/airflow/.local/lib/python3.7/site-packages/airflow/example_dags/example_latest_only_with_trigger.py
[2024-09-27T21:08:41.723+0000] {processor.py:756} INFO - Processing file /home/airflow/.local/lib/python3.7/site-packages/airflow/example_dags/example_latest_only_with_trigger.py for tasks to queue
[2024-09-27T21:08:41.725+0000] {logging_mixin.py:120} INFO - [2024-09-27T21:08:41.724+0000] {dagbag.py:537} INFO - Filling up the DagBag from /home/airflow/.local/lib/python3.7/site-packages/airflow/example_dags/example_latest_only_with_trigger.py
[2024-09-27T21:08:41.743+0000] {processor.py:766} INFO - DAG(s) dict_keys(['latest_only_with_trigger']) retrieved from /home/airflow/.local/lib/python3.7/site-packages/airflow/example_dags/example_latest_only_with_trigger.py
[2024-09-27T21:08:41.789+0000] {logging_mixin.py:120} INFO - [2024-09-27T21:08:41.789+0000] {dag.py:2585} INFO - Sync 1 DAGs
[2024-09-27T21:08:41.814+0000] {logging_mixin.py:120} INFO - [2024-09-27T21:08:41.814+0000] {dag.py:3340} INFO - Setting next_dagrun for latest_only_with_trigger to 2024-09-27T17:08:41.814290+00:00, run_after=2024-09-27T21:08:41.814290+00:00
[2024-09-27T21:08:41.839+0000] {processor.py:176} INFO - Processing /home/airflow/.local/lib/python3.7/site-packages/airflow/example_dags/example_latest_only_with_trigger.py took 0.122 seconds
[2024-09-27T21:09:12.328+0000] {processor.py:154} INFO - Started process (PID=4544) to work on /home/airflow/.local/lib/python3.7/site-packages/airflow/example_dags/example_latest_only_with_trigger.py
[2024-09-27T21:09:12.330+0000] {processor.py:756} INFO - Processing file /home/airflow/.local/lib/python3.7/site-packages/airflow/example_dags/example_latest_only_with_trigger.py for tasks to queue
[2024-09-27T21:09:12.332+0000] {logging_mixin.py:120} INFO - [2024-09-27T21:09:12.331+0000] {dagbag.py:537} INFO - Filling up the DagBag from /home/airflow/.local/lib/python3.7/site-packages/airflow/example_dags/example_latest_only_with_trigger.py
[2024-09-27T21:09:12.351+0000] {processor.py:766} INFO - DAG(s) dict_keys(['latest_only_with_trigger']) retrieved from /home/airflow/.local/lib/python3.7/site-packages/airflow/example_dags/example_latest_only_with_trigger.py
[2024-09-27T21:09:12.401+0000] {logging_mixin.py:120} INFO - [2024-09-27T21:09:12.401+0000] {dag.py:2585} INFO - Sync 1 DAGs
[2024-09-27T21:09:12.436+0000] {logging_mixin.py:120} INFO - [2024-09-27T21:09:12.436+0000] {dag.py:3340} INFO - Setting next_dagrun for latest_only_with_trigger to 2024-09-27T17:09:12.435886+00:00, run_after=2024-09-27T21:09:12.435886+00:00
[2024-09-27T21:09:12.467+0000] {processor.py:176} INFO - Processing /home/airflow/.local/lib/python3.7/site-packages/airflow/example_dags/example_latest_only_with_trigger.py took 0.143 seconds
[2024-09-27T21:09:43.261+0000] {processor.py:154} INFO - Started process (PID=4603) to work on /home/airflow/.local/lib/python3.7/site-packages/airflow/example_dags/example_latest_only_with_trigger.py
[2024-09-27T21:09:43.263+0000] {processor.py:756} INFO - Processing file /home/airflow/.local/lib/python3.7/site-packages/airflow/example_dags/example_latest_only_with_trigger.py for tasks to queue
[2024-09-27T21:09:43.264+0000] {logging_mixin.py:120} INFO - [2024-09-27T21:09:43.264+0000] {dagbag.py:537} INFO - Filling up the DagBag from /home/airflow/.local/lib/python3.7/site-packages/airflow/example_dags/example_latest_only_with_trigger.py
[2024-09-27T21:09:43.284+0000] {processor.py:766} INFO - DAG(s) dict_keys(['latest_only_with_trigger']) retrieved from /home/airflow/.local/lib/python3.7/site-packages/airflow/example_dags/example_latest_only_with_trigger.py
[2024-09-27T21:09:43.350+0000] {logging_mixin.py:120} INFO - [2024-09-27T21:09:43.349+0000] {dag.py:2585} INFO - Sync 1 DAGs
[2024-09-27T21:09:43.383+0000] {logging_mixin.py:120} INFO - [2024-09-27T21:09:43.383+0000] {dag.py:3340} INFO - Setting next_dagrun for latest_only_with_trigger to 2024-09-27T17:09:43.383442+00:00, run_after=2024-09-27T21:09:43.383442+00:00
[2024-09-27T21:09:43.410+0000] {processor.py:176} INFO - Processing /home/airflow/.local/lib/python3.7/site-packages/airflow/example_dags/example_latest_only_with_trigger.py took 0.154 seconds
[2024-09-27T21:10:13.460+0000] {processor.py:154} INFO - Started process (PID=4671) to work on /home/airflow/.local/lib/python3.7/site-packages/airflow/example_dags/example_latest_only_with_trigger.py
[2024-09-27T21:10:13.462+0000] {processor.py:756} INFO - Processing file /home/airflow/.local/lib/python3.7/site-packages/airflow/example_dags/example_latest_only_with_trigger.py for tasks to queue
[2024-09-27T21:10:13.463+0000] {logging_mixin.py:120} INFO - [2024-09-27T21:10:13.463+0000] {dagbag.py:537} INFO - Filling up the DagBag from /home/airflow/.local/lib/python3.7/site-packages/airflow/example_dags/example_latest_only_with_trigger.py
[2024-09-27T21:10:13.481+0000] {processor.py:766} INFO - DAG(s) dict_keys(['latest_only_with_trigger']) retrieved from /home/airflow/.local/lib/python3.7/site-packages/airflow/example_dags/example_latest_only_with_trigger.py
[2024-09-27T21:10:13.544+0000] {logging_mixin.py:120} INFO - [2024-09-27T21:10:13.544+0000] {dag.py:2585} INFO - Sync 1 DAGs
[2024-09-27T21:10:13.578+0000] {logging_mixin.py:120} INFO - [2024-09-27T21:10:13.578+0000] {dag.py:3340} INFO - Setting next_dagrun for latest_only_with_trigger to 2024-09-27T17:10:13.577998+00:00, run_after=2024-09-27T21:10:13.577998+00:00
[2024-09-27T21:10:13.601+0000] {processor.py:176} INFO - Processing /home/airflow/.local/lib/python3.7/site-packages/airflow/example_dags/example_latest_only_with_trigger.py took 0.145 seconds
[2024-09-27T21:10:44.371+0000] {processor.py:154} INFO - Started process (PID=4739) to work on /home/airflow/.local/lib/python3.7/site-packages/airflow/example_dags/example_latest_only_with_trigger.py
[2024-09-27T21:10:44.373+0000] {processor.py:756} INFO - Processing file /home/airflow/.local/lib/python3.7/site-packages/airflow/example_dags/example_latest_only_with_trigger.py for tasks to queue
[2024-09-27T21:10:44.374+0000] {logging_mixin.py:120} INFO - [2024-09-27T21:10:44.374+0000] {dagbag.py:537} INFO - Filling up the DagBag from /home/airflow/.local/lib/python3.7/site-packages/airflow/example_dags/example_latest_only_with_trigger.py
[2024-09-27T21:10:44.393+0000] {processor.py:766} INFO - DAG(s) dict_keys(['latest_only_with_trigger']) retrieved from /home/airflow/.local/lib/python3.7/site-packages/airflow/example_dags/example_latest_only_with_trigger.py
[2024-09-27T21:10:44.452+0000] {logging_mixin.py:120} INFO - [2024-09-27T21:10:44.452+0000] {dag.py:2585} INFO - Sync 1 DAGs
[2024-09-27T21:10:44.491+0000] {logging_mixin.py:120} INFO - [2024-09-27T21:10:44.491+0000] {dag.py:3340} INFO - Setting next_dagrun for latest_only_with_trigger to 2024-09-27T17:10:44.490973+00:00, run_after=2024-09-27T21:10:44.490973+00:00
[2024-09-27T21:10:44.519+0000] {processor.py:176} INFO - Processing /home/airflow/.local/lib/python3.7/site-packages/airflow/example_dags/example_latest_only_with_trigger.py took 0.152 seconds
[2024-09-27T21:11:15.038+0000] {processor.py:154} INFO - Started process (PID=4797) to work on /home/airflow/.local/lib/python3.7/site-packages/airflow/example_dags/example_latest_only_with_trigger.py
[2024-09-27T21:11:15.040+0000] {processor.py:756} INFO - Processing file /home/airflow/.local/lib/python3.7/site-packages/airflow/example_dags/example_latest_only_with_trigger.py for tasks to queue
[2024-09-27T21:11:15.041+0000] {logging_mixin.py:120} INFO - [2024-09-27T21:11:15.041+0000] {dagbag.py:537} INFO - Filling up the DagBag from /home/airflow/.local/lib/python3.7/site-packages/airflow/example_dags/example_latest_only_with_trigger.py
[2024-09-27T21:11:15.060+0000] {processor.py:766} INFO - DAG(s) dict_keys(['latest_only_with_trigger']) retrieved from /home/airflow/.local/lib/python3.7/site-packages/airflow/example_dags/example_latest_only_with_trigger.py
[2024-09-27T21:11:15.114+0000] {logging_mixin.py:120} INFO - [2024-09-27T21:11:15.114+0000] {dag.py:2585} INFO - Sync 1 DAGs
[2024-09-27T21:11:15.147+0000] {logging_mixin.py:120} INFO - [2024-09-27T21:11:15.147+0000] {dag.py:3340} INFO - Setting next_dagrun for latest_only_with_trigger to 2024-09-27T17:11:15.147522+00:00, run_after=2024-09-27T21:11:15.147522+00:00
[2024-09-27T21:11:15.173+0000] {processor.py:176} INFO - Processing /home/airflow/.local/lib/python3.7/site-packages/airflow/example_dags/example_latest_only_with_trigger.py took 0.139 seconds
[2024-09-27T21:11:45.979+0000] {processor.py:154} INFO - Started process (PID=4866) to work on /home/airflow/.local/lib/python3.7/site-packages/airflow/example_dags/example_latest_only_with_trigger.py
[2024-09-27T21:11:45.981+0000] {processor.py:756} INFO - Processing file /home/airflow/.local/lib/python3.7/site-packages/airflow/example_dags/example_latest_only_with_trigger.py for tasks to queue
[2024-09-27T21:11:45.982+0000] {logging_mixin.py:120} INFO - [2024-09-27T21:11:45.982+0000] {dagbag.py:537} INFO - Filling up the DagBag from /home/airflow/.local/lib/python3.7/site-packages/airflow/example_dags/example_latest_only_with_trigger.py
[2024-09-27T21:11:46.007+0000] {processor.py:766} INFO - DAG(s) dict_keys(['latest_only_with_trigger']) retrieved from /home/airflow/.local/lib/python3.7/site-packages/airflow/example_dags/example_latest_only_with_trigger.py
[2024-09-27T21:11:46.070+0000] {logging_mixin.py:120} INFO - [2024-09-27T21:11:46.070+0000] {dag.py:2585} INFO - Sync 1 DAGs
[2024-09-27T21:11:46.108+0000] {logging_mixin.py:120} INFO - [2024-09-27T21:11:46.108+0000] {dag.py:3340} INFO - Setting next_dagrun for latest_only_with_trigger to 2024-09-27T17:11:46.108179+00:00, run_after=2024-09-27T21:11:46.108179+00:00
[2024-09-27T21:11:46.137+0000] {processor.py:176} INFO - Processing /home/airflow/.local/lib/python3.7/site-packages/airflow/example_dags/example_latest_only_with_trigger.py took 0.163 seconds
[2024-09-27T21:12:16.546+0000] {processor.py:154} INFO - Started process (PID=4934) to work on /home/airflow/.local/lib/python3.7/site-packages/airflow/example_dags/example_latest_only_with_trigger.py
[2024-09-27T21:12:16.547+0000] {processor.py:756} INFO - Processing file /home/airflow/.local/lib/python3.7/site-packages/airflow/example_dags/example_latest_only_with_trigger.py for tasks to queue
[2024-09-27T21:12:16.548+0000] {logging_mixin.py:120} INFO - [2024-09-27T21:12:16.548+0000] {dagbag.py:537} INFO - Filling up the DagBag from /home/airflow/.local/lib/python3.7/site-packages/airflow/example_dags/example_latest_only_with_trigger.py
[2024-09-27T21:12:16.567+0000] {processor.py:766} INFO - DAG(s) dict_keys(['latest_only_with_trigger']) retrieved from /home/airflow/.local/lib/python3.7/site-packages/airflow/example_dags/example_latest_only_with_trigger.py
[2024-09-27T21:12:16.617+0000] {logging_mixin.py:120} INFO - [2024-09-27T21:12:16.617+0000] {dag.py:2585} INFO - Sync 1 DAGs
[2024-09-27T21:12:16.648+0000] {logging_mixin.py:120} INFO - [2024-09-27T21:12:16.648+0000] {dag.py:3340} INFO - Setting next_dagrun for latest_only_with_trigger to 2024-09-27T17:12:16.648129+00:00, run_after=2024-09-27T21:12:16.648129+00:00
[2024-09-27T21:12:16.673+0000] {processor.py:176} INFO - Processing /home/airflow/.local/lib/python3.7/site-packages/airflow/example_dags/example_latest_only_with_trigger.py took 0.132 seconds
[2024-09-27T21:12:47.388+0000] {processor.py:154} INFO - Started process (PID=5002) to work on /home/airflow/.local/lib/python3.7/site-packages/airflow/example_dags/example_latest_only_with_trigger.py
[2024-09-27T21:12:47.391+0000] {processor.py:756} INFO - Processing file /home/airflow/.local/lib/python3.7/site-packages/airflow/example_dags/example_latest_only_with_trigger.py for tasks to queue
[2024-09-27T21:12:47.393+0000] {logging_mixin.py:120} INFO - [2024-09-27T21:12:47.392+0000] {dagbag.py:537} INFO - Filling up the DagBag from /home/airflow/.local/lib/python3.7/site-packages/airflow/example_dags/example_latest_only_with_trigger.py
[2024-09-27T21:12:47.417+0000] {processor.py:766} INFO - DAG(s) dict_keys(['latest_only_with_trigger']) retrieved from /home/airflow/.local/lib/python3.7/site-packages/airflow/example_dags/example_latest_only_with_trigger.py
[2024-09-27T21:12:47.469+0000] {logging_mixin.py:120} INFO - [2024-09-27T21:12:47.469+0000] {dag.py:2585} INFO - Sync 1 DAGs
[2024-09-27T21:12:47.507+0000] {logging_mixin.py:120} INFO - [2024-09-27T21:12:47.507+0000] {dag.py:3340} INFO - Setting next_dagrun for latest_only_with_trigger to 2024-09-27T17:12:47.507341+00:00, run_after=2024-09-27T21:12:47.507341+00:00
[2024-09-27T21:12:47.537+0000] {processor.py:176} INFO - Processing /home/airflow/.local/lib/python3.7/site-packages/airflow/example_dags/example_latest_only_with_trigger.py took 0.154 seconds
[2024-09-27T21:13:17.887+0000] {processor.py:154} INFO - Started process (PID=5061) to work on /home/airflow/.local/lib/python3.7/site-packages/airflow/example_dags/example_latest_only_with_trigger.py
[2024-09-27T21:13:17.888+0000] {processor.py:756} INFO - Processing file /home/airflow/.local/lib/python3.7/site-packages/airflow/example_dags/example_latest_only_with_trigger.py for tasks to queue
[2024-09-27T21:13:17.889+0000] {logging_mixin.py:120} INFO - [2024-09-27T21:13:17.889+0000] {dagbag.py:537} INFO - Filling up the DagBag from /home/airflow/.local/lib/python3.7/site-packages/airflow/example_dags/example_latest_only_with_trigger.py
[2024-09-27T21:13:17.915+0000] {processor.py:766} INFO - DAG(s) dict_keys(['latest_only_with_trigger']) retrieved from /home/airflow/.local/lib/python3.7/site-packages/airflow/example_dags/example_latest_only_with_trigger.py
[2024-09-27T21:13:17.967+0000] {logging_mixin.py:120} INFO - [2024-09-27T21:13:17.967+0000] {dag.py:2585} INFO - Sync 1 DAGs
[2024-09-27T21:13:18.000+0000] {logging_mixin.py:120} INFO - [2024-09-27T21:13:18.000+0000] {dag.py:3340} INFO - Setting next_dagrun for latest_only_with_trigger to 2024-09-27T17:13:18.000170+00:00, run_after=2024-09-27T21:13:18.000170+00:00
[2024-09-27T21:13:18.025+0000] {processor.py:176} INFO - Processing /home/airflow/.local/lib/python3.7/site-packages/airflow/example_dags/example_latest_only_with_trigger.py took 0.142 seconds
[2024-09-27T21:13:48.938+0000] {processor.py:154} INFO - Started process (PID=5129) to work on /home/airflow/.local/lib/python3.7/site-packages/airflow/example_dags/example_latest_only_with_trigger.py
[2024-09-27T21:13:48.940+0000] {processor.py:756} INFO - Processing file /home/airflow/.local/lib/python3.7/site-packages/airflow/example_dags/example_latest_only_with_trigger.py for tasks to queue
[2024-09-27T21:13:48.941+0000] {logging_mixin.py:120} INFO - [2024-09-27T21:13:48.941+0000] {dagbag.py:537} INFO - Filling up the DagBag from /home/airflow/.local/lib/python3.7/site-packages/airflow/example_dags/example_latest_only_with_trigger.py
[2024-09-27T21:13:48.956+0000] {processor.py:766} INFO - DAG(s) dict_keys(['latest_only_with_trigger']) retrieved from /home/airflow/.local/lib/python3.7/site-packages/airflow/example_dags/example_latest_only_with_trigger.py
[2024-09-27T21:13:48.998+0000] {logging_mixin.py:120} INFO - [2024-09-27T21:13:48.997+0000] {dag.py:2585} INFO - Sync 1 DAGs
[2024-09-27T21:13:49.023+0000] {logging_mixin.py:120} INFO - [2024-09-27T21:13:49.023+0000] {dag.py:3340} INFO - Setting next_dagrun for latest_only_with_trigger to 2024-09-27T17:13:49.023269+00:00, run_after=2024-09-27T21:13:49.023269+00:00
[2024-09-27T21:13:49.043+0000] {processor.py:176} INFO - Processing /home/airflow/.local/lib/python3.7/site-packages/airflow/example_dags/example_latest_only_with_trigger.py took 0.108 seconds
[2024-09-27T21:14:19.863+0000] {processor.py:154} INFO - Started process (PID=5197) to work on /home/airflow/.local/lib/python3.7/site-packages/airflow/example_dags/example_latest_only_with_trigger.py
[2024-09-27T21:14:19.864+0000] {processor.py:756} INFO - Processing file /home/airflow/.local/lib/python3.7/site-packages/airflow/example_dags/example_latest_only_with_trigger.py for tasks to queue
[2024-09-27T21:14:19.865+0000] {logging_mixin.py:120} INFO - [2024-09-27T21:14:19.865+0000] {dagbag.py:537} INFO - Filling up the DagBag from /home/airflow/.local/lib/python3.7/site-packages/airflow/example_dags/example_latest_only_with_trigger.py
[2024-09-27T21:14:19.880+0000] {processor.py:766} INFO - DAG(s) dict_keys(['latest_only_with_trigger']) retrieved from /home/airflow/.local/lib/python3.7/site-packages/airflow/example_dags/example_latest_only_with_trigger.py
[2024-09-27T21:14:19.924+0000] {logging_mixin.py:120} INFO - [2024-09-27T21:14:19.924+0000] {dag.py:2585} INFO - Sync 1 DAGs
[2024-09-27T21:14:19.951+0000] {logging_mixin.py:120} INFO - [2024-09-27T21:14:19.951+0000] {dag.py:3340} INFO - Setting next_dagrun for latest_only_with_trigger to 2024-09-27T17:14:19.950803+00:00, run_after=2024-09-27T21:14:19.950803+00:00
[2024-09-27T21:14:19.970+0000] {processor.py:176} INFO - Processing /home/airflow/.local/lib/python3.7/site-packages/airflow/example_dags/example_latest_only_with_trigger.py took 0.111 seconds
[2024-09-27T21:14:49.992+0000] {processor.py:154} INFO - Started process (PID=5255) to work on /home/airflow/.local/lib/python3.7/site-packages/airflow/example_dags/example_latest_only_with_trigger.py
[2024-09-27T21:14:49.994+0000] {processor.py:756} INFO - Processing file /home/airflow/.local/lib/python3.7/site-packages/airflow/example_dags/example_latest_only_with_trigger.py for tasks to queue
[2024-09-27T21:14:49.995+0000] {logging_mixin.py:120} INFO - [2024-09-27T21:14:49.995+0000] {dagbag.py:537} INFO - Filling up the DagBag from /home/airflow/.local/lib/python3.7/site-packages/airflow/example_dags/example_latest_only_with_trigger.py
[2024-09-27T21:14:50.013+0000] {processor.py:766} INFO - DAG(s) dict_keys(['latest_only_with_trigger']) retrieved from /home/airflow/.local/lib/python3.7/site-packages/airflow/example_dags/example_latest_only_with_trigger.py
[2024-09-27T21:14:50.063+0000] {logging_mixin.py:120} INFO - [2024-09-27T21:14:50.062+0000] {dag.py:2585} INFO - Sync 1 DAGs
[2024-09-27T21:14:50.095+0000] {logging_mixin.py:120} INFO - [2024-09-27T21:14:50.094+0000] {dag.py:3340} INFO - Setting next_dagrun for latest_only_with_trigger to 2024-09-27T17:14:50.094605+00:00, run_after=2024-09-27T21:14:50.094605+00:00
[2024-09-27T21:14:50.123+0000] {processor.py:176} INFO - Processing /home/airflow/.local/lib/python3.7/site-packages/airflow/example_dags/example_latest_only_with_trigger.py took 0.135 seconds
[2024-09-27T21:15:20.258+0000] {processor.py:154} INFO - Started process (PID=5323) to work on /home/airflow/.local/lib/python3.7/site-packages/airflow/example_dags/example_latest_only_with_trigger.py
[2024-09-27T21:15:20.260+0000] {processor.py:756} INFO - Processing file /home/airflow/.local/lib/python3.7/site-packages/airflow/example_dags/example_latest_only_with_trigger.py for tasks to queue
[2024-09-27T21:15:20.260+0000] {logging_mixin.py:120} INFO - [2024-09-27T21:15:20.260+0000] {dagbag.py:537} INFO - Filling up the DagBag from /home/airflow/.local/lib/python3.7/site-packages/airflow/example_dags/example_latest_only_with_trigger.py
[2024-09-27T21:15:20.275+0000] {processor.py:766} INFO - DAG(s) dict_keys(['latest_only_with_trigger']) retrieved from /home/airflow/.local/lib/python3.7/site-packages/airflow/example_dags/example_latest_only_with_trigger.py
[2024-09-27T21:15:20.319+0000] {logging_mixin.py:120} INFO - [2024-09-27T21:15:20.318+0000] {dag.py:2585} INFO - Sync 1 DAGs
[2024-09-27T21:15:20.344+0000] {logging_mixin.py:120} INFO - [2024-09-27T21:15:20.344+0000] {dag.py:3340} INFO - Setting next_dagrun for latest_only_with_trigger to 2024-09-27T17:15:20.344110+00:00, run_after=2024-09-27T21:15:20.344110+00:00
[2024-09-27T21:15:20.364+0000] {processor.py:176} INFO - Processing /home/airflow/.local/lib/python3.7/site-packages/airflow/example_dags/example_latest_only_with_trigger.py took 0.109 seconds
[2024-09-27T21:15:51.332+0000] {processor.py:154} INFO - Started process (PID=5392) to work on /home/airflow/.local/lib/python3.7/site-packages/airflow/example_dags/example_latest_only_with_trigger.py
[2024-09-27T21:15:51.335+0000] {processor.py:756} INFO - Processing file /home/airflow/.local/lib/python3.7/site-packages/airflow/example_dags/example_latest_only_with_trigger.py for tasks to queue
[2024-09-27T21:15:51.337+0000] {logging_mixin.py:120} INFO - [2024-09-27T21:15:51.336+0000] {dagbag.py:537} INFO - Filling up the DagBag from /home/airflow/.local/lib/python3.7/site-packages/airflow/example_dags/example_latest_only_with_trigger.py
[2024-09-27T21:15:51.358+0000] {processor.py:766} INFO - DAG(s) dict_keys(['latest_only_with_trigger']) retrieved from /home/airflow/.local/lib/python3.7/site-packages/airflow/example_dags/example_latest_only_with_trigger.py
[2024-09-27T21:15:51.418+0000] {logging_mixin.py:120} INFO - [2024-09-27T21:15:51.418+0000] {dag.py:2585} INFO - Sync 1 DAGs
[2024-09-27T21:15:51.459+0000] {logging_mixin.py:120} INFO - [2024-09-27T21:15:51.459+0000] {dag.py:3340} INFO - Setting next_dagrun for latest_only_with_trigger to 2024-09-27T17:15:51.459436+00:00, run_after=2024-09-27T21:15:51.459436+00:00
[2024-09-27T21:15:51.485+0000] {processor.py:176} INFO - Processing /home/airflow/.local/lib/python3.7/site-packages/airflow/example_dags/example_latest_only_with_trigger.py took 0.158 seconds
[2024-09-27T21:16:22.411+0000] {processor.py:154} INFO - Started process (PID=5450) to work on /home/airflow/.local/lib/python3.7/site-packages/airflow/example_dags/example_latest_only_with_trigger.py
[2024-09-27T21:16:22.416+0000] {processor.py:756} INFO - Processing file /home/airflow/.local/lib/python3.7/site-packages/airflow/example_dags/example_latest_only_with_trigger.py for tasks to queue
[2024-09-27T21:16:22.417+0000] {logging_mixin.py:120} INFO - [2024-09-27T21:16:22.416+0000] {dagbag.py:537} INFO - Filling up the DagBag from /home/airflow/.local/lib/python3.7/site-packages/airflow/example_dags/example_latest_only_with_trigger.py
[2024-09-27T21:16:22.431+0000] {processor.py:766} INFO - DAG(s) dict_keys(['latest_only_with_trigger']) retrieved from /home/airflow/.local/lib/python3.7/site-packages/airflow/example_dags/example_latest_only_with_trigger.py
[2024-09-27T21:16:22.481+0000] {logging_mixin.py:120} INFO - [2024-09-27T21:16:22.481+0000] {dag.py:2585} INFO - Sync 1 DAGs
[2024-09-27T21:16:22.508+0000] {logging_mixin.py:120} INFO - [2024-09-27T21:16:22.508+0000] {dag.py:3340} INFO - Setting next_dagrun for latest_only_with_trigger to 2024-09-27T17:16:22.508360+00:00, run_after=2024-09-27T21:16:22.508360+00:00
[2024-09-27T21:16:22.528+0000] {processor.py:176} INFO - Processing /home/airflow/.local/lib/python3.7/site-packages/airflow/example_dags/example_latest_only_with_trigger.py took 0.120 seconds
[2024-09-27T21:16:53.149+0000] {processor.py:154} INFO - Started process (PID=5518) to work on /home/airflow/.local/lib/python3.7/site-packages/airflow/example_dags/example_latest_only_with_trigger.py
[2024-09-27T21:16:53.151+0000] {processor.py:756} INFO - Processing file /home/airflow/.local/lib/python3.7/site-packages/airflow/example_dags/example_latest_only_with_trigger.py for tasks to queue
[2024-09-27T21:16:53.152+0000] {logging_mixin.py:120} INFO - [2024-09-27T21:16:53.152+0000] {dagbag.py:537} INFO - Filling up the DagBag from /home/airflow/.local/lib/python3.7/site-packages/airflow/example_dags/example_latest_only_with_trigger.py
[2024-09-27T21:16:53.169+0000] {processor.py:766} INFO - DAG(s) dict_keys(['latest_only_with_trigger']) retrieved from /home/airflow/.local/lib/python3.7/site-packages/airflow/example_dags/example_latest_only_with_trigger.py
[2024-09-27T21:16:53.222+0000] {logging_mixin.py:120} INFO - [2024-09-27T21:16:53.222+0000] {dag.py:2585} INFO - Sync 1 DAGs
[2024-09-27T21:16:53.255+0000] {logging_mixin.py:120} INFO - [2024-09-27T21:16:53.255+0000] {dag.py:3340} INFO - Setting next_dagrun for latest_only_with_trigger to 2024-09-27T17:16:53.254781+00:00, run_after=2024-09-27T21:16:53.254781+00:00
[2024-09-27T21:16:53.278+0000] {processor.py:176} INFO - Processing /home/airflow/.local/lib/python3.7/site-packages/airflow/example_dags/example_latest_only_with_trigger.py took 0.133 seconds
[2024-09-27T21:17:24.205+0000] {processor.py:154} INFO - Started process (PID=5586) to work on /home/airflow/.local/lib/python3.7/site-packages/airflow/example_dags/example_latest_only_with_trigger.py
[2024-09-27T21:17:24.206+0000] {processor.py:756} INFO - Processing file /home/airflow/.local/lib/python3.7/site-packages/airflow/example_dags/example_latest_only_with_trigger.py for tasks to queue
[2024-09-27T21:17:24.207+0000] {logging_mixin.py:120} INFO - [2024-09-27T21:17:24.207+0000] {dagbag.py:537} INFO - Filling up the DagBag from /home/airflow/.local/lib/python3.7/site-packages/airflow/example_dags/example_latest_only_with_trigger.py
[2024-09-27T21:17:24.224+0000] {processor.py:766} INFO - DAG(s) dict_keys(['latest_only_with_trigger']) retrieved from /home/airflow/.local/lib/python3.7/site-packages/airflow/example_dags/example_latest_only_with_trigger.py
[2024-09-27T21:17:24.271+0000] {logging_mixin.py:120} INFO - [2024-09-27T21:17:24.271+0000] {dag.py:2585} INFO - Sync 1 DAGs
[2024-09-27T21:17:24.299+0000] {logging_mixin.py:120} INFO - [2024-09-27T21:17:24.299+0000] {dag.py:3340} INFO - Setting next_dagrun for latest_only_with_trigger to 2024-09-27T17:17:24.299339+00:00, run_after=2024-09-27T21:17:24.299339+00:00
[2024-09-27T21:17:24.321+0000] {processor.py:176} INFO - Processing /home/airflow/.local/lib/python3.7/site-packages/airflow/example_dags/example_latest_only_with_trigger.py took 0.119 seconds
[2024-09-27T21:17:55.222+0000] {processor.py:154} INFO - Started process (PID=5654) to work on /home/airflow/.local/lib/python3.7/site-packages/airflow/example_dags/example_latest_only_with_trigger.py
[2024-09-27T21:17:55.224+0000] {processor.py:756} INFO - Processing file /home/airflow/.local/lib/python3.7/site-packages/airflow/example_dags/example_latest_only_with_trigger.py for tasks to queue
[2024-09-27T21:17:55.225+0000] {logging_mixin.py:120} INFO - [2024-09-27T21:17:55.225+0000] {dagbag.py:537} INFO - Filling up the DagBag from /home/airflow/.local/lib/python3.7/site-packages/airflow/example_dags/example_latest_only_with_trigger.py
[2024-09-27T21:17:55.249+0000] {processor.py:766} INFO - DAG(s) dict_keys(['latest_only_with_trigger']) retrieved from /home/airflow/.local/lib/python3.7/site-packages/airflow/example_dags/example_latest_only_with_trigger.py
[2024-09-27T21:17:55.318+0000] {logging_mixin.py:120} INFO - [2024-09-27T21:17:55.318+0000] {dag.py:2585} INFO - Sync 1 DAGs
[2024-09-27T21:17:55.364+0000] {logging_mixin.py:120} INFO - [2024-09-27T21:17:55.364+0000] {dag.py:3340} INFO - Setting next_dagrun for latest_only_with_trigger to 2024-09-27T17:17:55.363909+00:00, run_after=2024-09-27T21:17:55.363909+00:00
[2024-09-27T21:17:55.393+0000] {processor.py:176} INFO - Processing /home/airflow/.local/lib/python3.7/site-packages/airflow/example_dags/example_latest_only_with_trigger.py took 0.176 seconds
[2024-09-27T21:18:25.751+0000] {processor.py:154} INFO - Started process (PID=5713) to work on /home/airflow/.local/lib/python3.7/site-packages/airflow/example_dags/example_latest_only_with_trigger.py
[2024-09-27T21:18:25.753+0000] {processor.py:756} INFO - Processing file /home/airflow/.local/lib/python3.7/site-packages/airflow/example_dags/example_latest_only_with_trigger.py for tasks to queue
[2024-09-27T21:18:25.754+0000] {logging_mixin.py:120} INFO - [2024-09-27T21:18:25.754+0000] {dagbag.py:537} INFO - Filling up the DagBag from /home/airflow/.local/lib/python3.7/site-packages/airflow/example_dags/example_latest_only_with_trigger.py
[2024-09-27T21:18:25.777+0000] {processor.py:766} INFO - DAG(s) dict_keys(['latest_only_with_trigger']) retrieved from /home/airflow/.local/lib/python3.7/site-packages/airflow/example_dags/example_latest_only_with_trigger.py
[2024-09-27T21:18:25.846+0000] {logging_mixin.py:120} INFO - [2024-09-27T21:18:25.846+0000] {dag.py:2585} INFO - Sync 1 DAGs
[2024-09-27T21:18:25.888+0000] {logging_mixin.py:120} INFO - [2024-09-27T21:18:25.888+0000] {dag.py:3340} INFO - Setting next_dagrun for latest_only_with_trigger to 2024-09-27T17:18:25.888067+00:00, run_after=2024-09-27T21:18:25.888067+00:00
[2024-09-27T21:18:25.919+0000] {processor.py:176} INFO - Processing /home/airflow/.local/lib/python3.7/site-packages/airflow/example_dags/example_latest_only_with_trigger.py took 0.173 seconds
[2024-09-27T21:18:56.040+0000] {processor.py:154} INFO - Started process (PID=5780) to work on /home/airflow/.local/lib/python3.7/site-packages/airflow/example_dags/example_latest_only_with_trigger.py
[2024-09-27T21:18:56.042+0000] {processor.py:756} INFO - Processing file /home/airflow/.local/lib/python3.7/site-packages/airflow/example_dags/example_latest_only_with_trigger.py for tasks to queue
[2024-09-27T21:18:56.043+0000] {logging_mixin.py:120} INFO - [2024-09-27T21:18:56.042+0000] {dagbag.py:537} INFO - Filling up the DagBag from /home/airflow/.local/lib/python3.7/site-packages/airflow/example_dags/example_latest_only_with_trigger.py
[2024-09-27T21:18:56.057+0000] {processor.py:766} INFO - DAG(s) dict_keys(['latest_only_with_trigger']) retrieved from /home/airflow/.local/lib/python3.7/site-packages/airflow/example_dags/example_latest_only_with_trigger.py
[2024-09-27T21:18:56.106+0000] {logging_mixin.py:120} INFO - [2024-09-27T21:18:56.106+0000] {dag.py:2585} INFO - Sync 1 DAGs
[2024-09-27T21:18:56.146+0000] {logging_mixin.py:120} INFO - [2024-09-27T21:18:56.146+0000] {dag.py:3340} INFO - Setting next_dagrun for latest_only_with_trigger to 2024-09-27T17:18:56.145731+00:00, run_after=2024-09-27T21:18:56.145731+00:00
[2024-09-27T21:18:56.169+0000] {processor.py:176} INFO - Processing /home/airflow/.local/lib/python3.7/site-packages/airflow/example_dags/example_latest_only_with_trigger.py took 0.132 seconds
[2024-09-27T21:19:26.509+0000] {processor.py:154} INFO - Started process (PID=5848) to work on /home/airflow/.local/lib/python3.7/site-packages/airflow/example_dags/example_latest_only_with_trigger.py
[2024-09-27T21:19:26.511+0000] {processor.py:756} INFO - Processing file /home/airflow/.local/lib/python3.7/site-packages/airflow/example_dags/example_latest_only_with_trigger.py for tasks to queue
[2024-09-27T21:19:26.512+0000] {logging_mixin.py:120} INFO - [2024-09-27T21:19:26.512+0000] {dagbag.py:537} INFO - Filling up the DagBag from /home/airflow/.local/lib/python3.7/site-packages/airflow/example_dags/example_latest_only_with_trigger.py
[2024-09-27T21:19:26.528+0000] {processor.py:766} INFO - DAG(s) dict_keys(['latest_only_with_trigger']) retrieved from /home/airflow/.local/lib/python3.7/site-packages/airflow/example_dags/example_latest_only_with_trigger.py
[2024-09-27T21:19:26.575+0000] {logging_mixin.py:120} INFO - [2024-09-27T21:19:26.574+0000] {dag.py:2585} INFO - Sync 1 DAGs
[2024-09-27T21:19:26.610+0000] {logging_mixin.py:120} INFO - [2024-09-27T21:19:26.610+0000] {dag.py:3340} INFO - Setting next_dagrun for latest_only_with_trigger to 2024-09-27T17:19:26.609600+00:00, run_after=2024-09-27T21:19:26.609600+00:00
[2024-09-27T21:19:26.635+0000] {processor.py:176} INFO - Processing /home/airflow/.local/lib/python3.7/site-packages/airflow/example_dags/example_latest_only_with_trigger.py took 0.129 seconds
[2024-09-27T21:19:56.781+0000] {processor.py:154} INFO - Started process (PID=5907) to work on /home/airflow/.local/lib/python3.7/site-packages/airflow/example_dags/example_latest_only_with_trigger.py
[2024-09-27T21:19:56.786+0000] {processor.py:756} INFO - Processing file /home/airflow/.local/lib/python3.7/site-packages/airflow/example_dags/example_latest_only_with_trigger.py for tasks to queue
[2024-09-27T21:19:56.788+0000] {logging_mixin.py:120} INFO - [2024-09-27T21:19:56.787+0000] {dagbag.py:537} INFO - Filling up the DagBag from /home/airflow/.local/lib/python3.7/site-packages/airflow/example_dags/example_latest_only_with_trigger.py
[2024-09-27T21:19:56.809+0000] {processor.py:766} INFO - DAG(s) dict_keys(['latest_only_with_trigger']) retrieved from /home/airflow/.local/lib/python3.7/site-packages/airflow/example_dags/example_latest_only_with_trigger.py
[2024-09-27T21:19:56.870+0000] {logging_mixin.py:120} INFO - [2024-09-27T21:19:56.869+0000] {dag.py:2585} INFO - Sync 1 DAGs
[2024-09-27T21:19:56.907+0000] {logging_mixin.py:120} INFO - [2024-09-27T21:19:56.907+0000] {dag.py:3340} INFO - Setting next_dagrun for latest_only_with_trigger to 2024-09-27T17:19:56.907384+00:00, run_after=2024-09-27T21:19:56.907384+00:00
[2024-09-27T21:19:56.933+0000] {processor.py:176} INFO - Processing /home/airflow/.local/lib/python3.7/site-packages/airflow/example_dags/example_latest_only_with_trigger.py took 0.157 seconds
[2024-09-27T21:20:27.154+0000] {processor.py:154} INFO - Started process (PID=5975) to work on /home/airflow/.local/lib/python3.7/site-packages/airflow/example_dags/example_latest_only_with_trigger.py
[2024-09-27T21:20:27.157+0000] {processor.py:756} INFO - Processing file /home/airflow/.local/lib/python3.7/site-packages/airflow/example_dags/example_latest_only_with_trigger.py for tasks to queue
[2024-09-27T21:20:27.159+0000] {logging_mixin.py:120} INFO - [2024-09-27T21:20:27.158+0000] {dagbag.py:537} INFO - Filling up the DagBag from /home/airflow/.local/lib/python3.7/site-packages/airflow/example_dags/example_latest_only_with_trigger.py
[2024-09-27T21:20:27.181+0000] {processor.py:766} INFO - DAG(s) dict_keys(['latest_only_with_trigger']) retrieved from /home/airflow/.local/lib/python3.7/site-packages/airflow/example_dags/example_latest_only_with_trigger.py
[2024-09-27T21:20:27.237+0000] {logging_mixin.py:120} INFO - [2024-09-27T21:20:27.237+0000] {dag.py:2585} INFO - Sync 1 DAGs
[2024-09-27T21:20:27.267+0000] {logging_mixin.py:120} INFO - [2024-09-27T21:20:27.266+0000] {dag.py:3340} INFO - Setting next_dagrun for latest_only_with_trigger to 2024-09-27T17:20:27.266643+00:00, run_after=2024-09-27T21:20:27.266643+00:00
[2024-09-27T21:20:27.292+0000] {processor.py:176} INFO - Processing /home/airflow/.local/lib/python3.7/site-packages/airflow/example_dags/example_latest_only_with_trigger.py took 0.143 seconds
[2024-09-27T21:20:57.682+0000] {processor.py:154} INFO - Started process (PID=6043) to work on /home/airflow/.local/lib/python3.7/site-packages/airflow/example_dags/example_latest_only_with_trigger.py
[2024-09-27T21:20:57.684+0000] {processor.py:756} INFO - Processing file /home/airflow/.local/lib/python3.7/site-packages/airflow/example_dags/example_latest_only_with_trigger.py for tasks to queue
[2024-09-27T21:20:57.685+0000] {logging_mixin.py:120} INFO - [2024-09-27T21:20:57.685+0000] {dagbag.py:537} INFO - Filling up the DagBag from /home/airflow/.local/lib/python3.7/site-packages/airflow/example_dags/example_latest_only_with_trigger.py
[2024-09-27T21:20:57.704+0000] {processor.py:766} INFO - DAG(s) dict_keys(['latest_only_with_trigger']) retrieved from /home/airflow/.local/lib/python3.7/site-packages/airflow/example_dags/example_latest_only_with_trigger.py
[2024-09-27T21:20:57.759+0000] {logging_mixin.py:120} INFO - [2024-09-27T21:20:57.759+0000] {dag.py:2585} INFO - Sync 1 DAGs
[2024-09-27T21:20:57.796+0000] {logging_mixin.py:120} INFO - [2024-09-27T21:20:57.796+0000] {dag.py:3340} INFO - Setting next_dagrun for latest_only_with_trigger to 2024-09-27T17:20:57.795923+00:00, run_after=2024-09-27T21:20:57.795923+00:00
[2024-09-27T21:20:57.821+0000] {processor.py:176} INFO - Processing /home/airflow/.local/lib/python3.7/site-packages/airflow/example_dags/example_latest_only_with_trigger.py took 0.143 seconds
[2024-09-27T21:21:28.627+0000] {processor.py:154} INFO - Started process (PID=6103) to work on /home/airflow/.local/lib/python3.7/site-packages/airflow/example_dags/example_latest_only_with_trigger.py
[2024-09-27T21:21:28.629+0000] {processor.py:756} INFO - Processing file /home/airflow/.local/lib/python3.7/site-packages/airflow/example_dags/example_latest_only_with_trigger.py for tasks to queue
[2024-09-27T21:21:28.630+0000] {logging_mixin.py:120} INFO - [2024-09-27T21:21:28.630+0000] {dagbag.py:537} INFO - Filling up the DagBag from /home/airflow/.local/lib/python3.7/site-packages/airflow/example_dags/example_latest_only_with_trigger.py
[2024-09-27T21:21:28.649+0000] {processor.py:766} INFO - DAG(s) dict_keys(['latest_only_with_trigger']) retrieved from /home/airflow/.local/lib/python3.7/site-packages/airflow/example_dags/example_latest_only_with_trigger.py
[2024-09-27T21:21:28.702+0000] {logging_mixin.py:120} INFO - [2024-09-27T21:21:28.702+0000] {dag.py:2585} INFO - Sync 1 DAGs
[2024-09-27T21:21:28.754+0000] {logging_mixin.py:120} INFO - [2024-09-27T21:21:28.753+0000] {dag.py:3340} INFO - Setting next_dagrun for latest_only_with_trigger to 2024-09-27T17:21:28.753099+00:00, run_after=2024-09-27T21:21:28.753099+00:00
[2024-09-27T21:21:28.781+0000] {processor.py:176} INFO - Processing /home/airflow/.local/lib/python3.7/site-packages/airflow/example_dags/example_latest_only_with_trigger.py took 0.159 seconds
[2024-09-27T21:21:59.325+0000] {processor.py:154} INFO - Started process (PID=6171) to work on /home/airflow/.local/lib/python3.7/site-packages/airflow/example_dags/example_latest_only_with_trigger.py
[2024-09-27T21:21:59.327+0000] {processor.py:756} INFO - Processing file /home/airflow/.local/lib/python3.7/site-packages/airflow/example_dags/example_latest_only_with_trigger.py for tasks to queue
[2024-09-27T21:21:59.329+0000] {logging_mixin.py:120} INFO - [2024-09-27T21:21:59.328+0000] {dagbag.py:537} INFO - Filling up the DagBag from /home/airflow/.local/lib/python3.7/site-packages/airflow/example_dags/example_latest_only_with_trigger.py
[2024-09-27T21:21:59.345+0000] {processor.py:766} INFO - DAG(s) dict_keys(['latest_only_with_trigger']) retrieved from /home/airflow/.local/lib/python3.7/site-packages/airflow/example_dags/example_latest_only_with_trigger.py
[2024-09-27T21:21:59.396+0000] {logging_mixin.py:120} INFO - [2024-09-27T21:21:59.396+0000] {dag.py:2585} INFO - Sync 1 DAGs
[2024-09-27T21:21:59.429+0000] {logging_mixin.py:120} INFO - [2024-09-27T21:21:59.429+0000] {dag.py:3340} INFO - Setting next_dagrun for latest_only_with_trigger to 2024-09-27T17:21:59.428681+00:00, run_after=2024-09-27T21:21:59.428681+00:00
[2024-09-27T21:21:59.452+0000] {processor.py:176} INFO - Processing /home/airflow/.local/lib/python3.7/site-packages/airflow/example_dags/example_latest_only_with_trigger.py took 0.131 seconds
[2024-09-27T21:22:29.797+0000] {processor.py:154} INFO - Started process (PID=6238) to work on /home/airflow/.local/lib/python3.7/site-packages/airflow/example_dags/example_latest_only_with_trigger.py
[2024-09-27T21:22:29.799+0000] {processor.py:756} INFO - Processing file /home/airflow/.local/lib/python3.7/site-packages/airflow/example_dags/example_latest_only_with_trigger.py for tasks to queue
[2024-09-27T21:22:29.800+0000] {logging_mixin.py:120} INFO - [2024-09-27T21:22:29.800+0000] {dagbag.py:537} INFO - Filling up the DagBag from /home/airflow/.local/lib/python3.7/site-packages/airflow/example_dags/example_latest_only_with_trigger.py
[2024-09-27T21:22:29.821+0000] {processor.py:766} INFO - DAG(s) dict_keys(['latest_only_with_trigger']) retrieved from /home/airflow/.local/lib/python3.7/site-packages/airflow/example_dags/example_latest_only_with_trigger.py
[2024-09-27T21:22:29.870+0000] {logging_mixin.py:120} INFO - [2024-09-27T21:22:29.870+0000] {dag.py:2585} INFO - Sync 1 DAGs
[2024-09-27T21:22:29.899+0000] {logging_mixin.py:120} INFO - [2024-09-27T21:22:29.899+0000] {dag.py:3340} INFO - Setting next_dagrun for latest_only_with_trigger to 2024-09-27T17:22:29.898881+00:00, run_after=2024-09-27T21:22:29.898881+00:00
[2024-09-27T21:22:29.920+0000] {processor.py:176} INFO - Processing /home/airflow/.local/lib/python3.7/site-packages/airflow/example_dags/example_latest_only_with_trigger.py took 0.127 seconds
[2024-09-27T21:23:00.307+0000] {processor.py:154} INFO - Started process (PID=6296) to work on /home/airflow/.local/lib/python3.7/site-packages/airflow/example_dags/example_latest_only_with_trigger.py
[2024-09-27T21:23:00.310+0000] {processor.py:756} INFO - Processing file /home/airflow/.local/lib/python3.7/site-packages/airflow/example_dags/example_latest_only_with_trigger.py for tasks to queue
[2024-09-27T21:23:00.313+0000] {logging_mixin.py:120} INFO - [2024-09-27T21:23:00.312+0000] {dagbag.py:537} INFO - Filling up the DagBag from /home/airflow/.local/lib/python3.7/site-packages/airflow/example_dags/example_latest_only_with_trigger.py
[2024-09-27T21:23:00.329+0000] {processor.py:766} INFO - DAG(s) dict_keys(['latest_only_with_trigger']) retrieved from /home/airflow/.local/lib/python3.7/site-packages/airflow/example_dags/example_latest_only_with_trigger.py
[2024-09-27T21:23:00.376+0000] {logging_mixin.py:120} INFO - [2024-09-27T21:23:00.376+0000] {dag.py:2585} INFO - Sync 1 DAGs
[2024-09-27T21:23:00.408+0000] {logging_mixin.py:120} INFO - [2024-09-27T21:23:00.408+0000] {dag.py:3340} INFO - Setting next_dagrun for latest_only_with_trigger to 2024-09-27T17:23:00.408229+00:00, run_after=2024-09-27T21:23:00.408229+00:00
[2024-09-27T21:23:00.431+0000] {processor.py:176} INFO - Processing /home/airflow/.local/lib/python3.7/site-packages/airflow/example_dags/example_latest_only_with_trigger.py took 0.128 seconds
[2024-09-27T21:23:30.884+0000] {processor.py:154} INFO - Started process (PID=6364) to work on /home/airflow/.local/lib/python3.7/site-packages/airflow/example_dags/example_latest_only_with_trigger.py
[2024-09-27T21:23:30.886+0000] {processor.py:756} INFO - Processing file /home/airflow/.local/lib/python3.7/site-packages/airflow/example_dags/example_latest_only_with_trigger.py for tasks to queue
[2024-09-27T21:23:30.887+0000] {logging_mixin.py:120} INFO - [2024-09-27T21:23:30.887+0000] {dagbag.py:537} INFO - Filling up the DagBag from /home/airflow/.local/lib/python3.7/site-packages/airflow/example_dags/example_latest_only_with_trigger.py
[2024-09-27T21:23:30.904+0000] {processor.py:766} INFO - DAG(s) dict_keys(['latest_only_with_trigger']) retrieved from /home/airflow/.local/lib/python3.7/site-packages/airflow/example_dags/example_latest_only_with_trigger.py
[2024-09-27T21:23:30.956+0000] {logging_mixin.py:120} INFO - [2024-09-27T21:23:30.956+0000] {dag.py:2585} INFO - Sync 1 DAGs
[2024-09-27T21:23:30.985+0000] {logging_mixin.py:120} INFO - [2024-09-27T21:23:30.985+0000] {dag.py:3340} INFO - Setting next_dagrun for latest_only_with_trigger to 2024-09-27T17:23:30.985176+00:00, run_after=2024-09-27T21:23:30.985176+00:00
[2024-09-27T21:23:31.007+0000] {processor.py:176} INFO - Processing /home/airflow/.local/lib/python3.7/site-packages/airflow/example_dags/example_latest_only_with_trigger.py took 0.127 seconds
[2024-09-27T21:24:01.635+0000] {processor.py:154} INFO - Started process (PID=6432) to work on /home/airflow/.local/lib/python3.7/site-packages/airflow/example_dags/example_latest_only_with_trigger.py
[2024-09-27T21:24:01.637+0000] {processor.py:756} INFO - Processing file /home/airflow/.local/lib/python3.7/site-packages/airflow/example_dags/example_latest_only_with_trigger.py for tasks to queue
[2024-09-27T21:24:01.638+0000] {logging_mixin.py:120} INFO - [2024-09-27T21:24:01.638+0000] {dagbag.py:537} INFO - Filling up the DagBag from /home/airflow/.local/lib/python3.7/site-packages/airflow/example_dags/example_latest_only_with_trigger.py
[2024-09-27T21:24:01.656+0000] {processor.py:766} INFO - DAG(s) dict_keys(['latest_only_with_trigger']) retrieved from /home/airflow/.local/lib/python3.7/site-packages/airflow/example_dags/example_latest_only_with_trigger.py
[2024-09-27T21:24:01.707+0000] {logging_mixin.py:120} INFO - [2024-09-27T21:24:01.707+0000] {dag.py:2585} INFO - Sync 1 DAGs
[2024-09-27T21:24:01.738+0000] {logging_mixin.py:120} INFO - [2024-09-27T21:24:01.738+0000] {dag.py:3340} INFO - Setting next_dagrun for latest_only_with_trigger to 2024-09-27T17:24:01.738367+00:00, run_after=2024-09-27T21:24:01.738367+00:00
[2024-09-27T21:24:01.760+0000] {processor.py:176} INFO - Processing /home/airflow/.local/lib/python3.7/site-packages/airflow/example_dags/example_latest_only_with_trigger.py took 0.129 seconds
[2024-09-27T21:24:32.224+0000] {processor.py:154} INFO - Started process (PID=6491) to work on /home/airflow/.local/lib/python3.7/site-packages/airflow/example_dags/example_latest_only_with_trigger.py
[2024-09-27T21:24:32.226+0000] {processor.py:756} INFO - Processing file /home/airflow/.local/lib/python3.7/site-packages/airflow/example_dags/example_latest_only_with_trigger.py for tasks to queue
[2024-09-27T21:24:32.231+0000] {logging_mixin.py:120} INFO - [2024-09-27T21:24:32.230+0000] {dagbag.py:537} INFO - Filling up the DagBag from /home/airflow/.local/lib/python3.7/site-packages/airflow/example_dags/example_latest_only_with_trigger.py
[2024-09-27T21:24:32.248+0000] {processor.py:766} INFO - DAG(s) dict_keys(['latest_only_with_trigger']) retrieved from /home/airflow/.local/lib/python3.7/site-packages/airflow/example_dags/example_latest_only_with_trigger.py
[2024-09-27T21:24:32.299+0000] {logging_mixin.py:120} INFO - [2024-09-27T21:24:32.299+0000] {dag.py:2585} INFO - Sync 1 DAGs
[2024-09-27T21:24:32.335+0000] {logging_mixin.py:120} INFO - [2024-09-27T21:24:32.335+0000] {dag.py:3340} INFO - Setting next_dagrun for latest_only_with_trigger to 2024-09-27T17:24:32.335314+00:00, run_after=2024-09-27T21:24:32.335314+00:00
[2024-09-27T21:24:32.363+0000] {processor.py:176} INFO - Processing /home/airflow/.local/lib/python3.7/site-packages/airflow/example_dags/example_latest_only_with_trigger.py took 0.143 seconds
[2024-09-27T21:25:03.122+0000] {processor.py:154} INFO - Started process (PID=6559) to work on /home/airflow/.local/lib/python3.7/site-packages/airflow/example_dags/example_latest_only_with_trigger.py
[2024-09-27T21:25:03.123+0000] {processor.py:756} INFO - Processing file /home/airflow/.local/lib/python3.7/site-packages/airflow/example_dags/example_latest_only_with_trigger.py for tasks to queue
[2024-09-27T21:25:03.124+0000] {logging_mixin.py:120} INFO - [2024-09-27T21:25:03.124+0000] {dagbag.py:537} INFO - Filling up the DagBag from /home/airflow/.local/lib/python3.7/site-packages/airflow/example_dags/example_latest_only_with_trigger.py
[2024-09-27T21:25:03.141+0000] {processor.py:766} INFO - DAG(s) dict_keys(['latest_only_with_trigger']) retrieved from /home/airflow/.local/lib/python3.7/site-packages/airflow/example_dags/example_latest_only_with_trigger.py
[2024-09-27T21:25:03.189+0000] {logging_mixin.py:120} INFO - [2024-09-27T21:25:03.189+0000] {dag.py:2585} INFO - Sync 1 DAGs
[2024-09-27T21:25:03.221+0000] {logging_mixin.py:120} INFO - [2024-09-27T21:25:03.221+0000] {dag.py:3340} INFO - Setting next_dagrun for latest_only_with_trigger to 2024-09-27T17:25:03.221500+00:00, run_after=2024-09-27T21:25:03.221500+00:00
[2024-09-27T21:25:03.244+0000] {processor.py:176} INFO - Processing /home/airflow/.local/lib/python3.7/site-packages/airflow/example_dags/example_latest_only_with_trigger.py took 0.126 seconds
[2024-09-27T21:25:33.974+0000] {processor.py:154} INFO - Started process (PID=6627) to work on /home/airflow/.local/lib/python3.7/site-packages/airflow/example_dags/example_latest_only_with_trigger.py
[2024-09-27T21:25:33.976+0000] {processor.py:756} INFO - Processing file /home/airflow/.local/lib/python3.7/site-packages/airflow/example_dags/example_latest_only_with_trigger.py for tasks to queue
[2024-09-27T21:25:33.978+0000] {logging_mixin.py:120} INFO - [2024-09-27T21:25:33.978+0000] {dagbag.py:537} INFO - Filling up the DagBag from /home/airflow/.local/lib/python3.7/site-packages/airflow/example_dags/example_latest_only_with_trigger.py
[2024-09-27T21:25:33.994+0000] {processor.py:766} INFO - DAG(s) dict_keys(['latest_only_with_trigger']) retrieved from /home/airflow/.local/lib/python3.7/site-packages/airflow/example_dags/example_latest_only_with_trigger.py
[2024-09-27T21:25:34.041+0000] {logging_mixin.py:120} INFO - [2024-09-27T21:25:34.041+0000] {dag.py:2585} INFO - Sync 1 DAGs
[2024-09-27T21:25:34.069+0000] {logging_mixin.py:120} INFO - [2024-09-27T21:25:34.069+0000] {dag.py:3340} INFO - Setting next_dagrun for latest_only_with_trigger to 2024-09-27T17:25:34.069037+00:00, run_after=2024-09-27T21:25:34.069037+00:00
[2024-09-27T21:25:34.091+0000] {processor.py:176} INFO - Processing /home/airflow/.local/lib/python3.7/site-packages/airflow/example_dags/example_latest_only_with_trigger.py took 0.121 seconds
[2024-09-27T21:26:04.830+0000] {processor.py:154} INFO - Started process (PID=6686) to work on /home/airflow/.local/lib/python3.7/site-packages/airflow/example_dags/example_latest_only_with_trigger.py
[2024-09-27T21:26:04.836+0000] {processor.py:756} INFO - Processing file /home/airflow/.local/lib/python3.7/site-packages/airflow/example_dags/example_latest_only_with_trigger.py for tasks to queue
[2024-09-27T21:26:04.838+0000] {logging_mixin.py:120} INFO - [2024-09-27T21:26:04.838+0000] {dagbag.py:537} INFO - Filling up the DagBag from /home/airflow/.local/lib/python3.7/site-packages/airflow/example_dags/example_latest_only_with_trigger.py
[2024-09-27T21:26:04.881+0000] {processor.py:766} INFO - DAG(s) dict_keys(['latest_only_with_trigger']) retrieved from /home/airflow/.local/lib/python3.7/site-packages/airflow/example_dags/example_latest_only_with_trigger.py
[2024-09-27T21:26:04.992+0000] {logging_mixin.py:120} INFO - [2024-09-27T21:26:04.991+0000] {dag.py:2585} INFO - Sync 1 DAGs
[2024-09-27T21:26:05.046+0000] {logging_mixin.py:120} INFO - [2024-09-27T21:26:05.045+0000] {dag.py:3340} INFO - Setting next_dagrun for latest_only_with_trigger to 2024-09-27T17:26:05.045393+00:00, run_after=2024-09-27T21:26:05.045393+00:00
[2024-09-27T21:26:05.087+0000] {processor.py:176} INFO - Processing /home/airflow/.local/lib/python3.7/site-packages/airflow/example_dags/example_latest_only_with_trigger.py took 0.267 seconds
[2024-09-27T21:26:37.206+0000] {processor.py:154} INFO - Started process (PID=6754) to work on /home/airflow/.local/lib/python3.7/site-packages/airflow/example_dags/example_latest_only_with_trigger.py
[2024-09-27T21:26:37.225+0000] {processor.py:756} INFO - Processing file /home/airflow/.local/lib/python3.7/site-packages/airflow/example_dags/example_latest_only_with_trigger.py for tasks to queue
[2024-09-27T21:26:37.228+0000] {logging_mixin.py:120} INFO - [2024-09-27T21:26:37.228+0000] {dagbag.py:537} INFO - Filling up the DagBag from /home/airflow/.local/lib/python3.7/site-packages/airflow/example_dags/example_latest_only_with_trigger.py
[2024-09-27T21:26:37.275+0000] {processor.py:766} INFO - DAG(s) dict_keys(['latest_only_with_trigger']) retrieved from /home/airflow/.local/lib/python3.7/site-packages/airflow/example_dags/example_latest_only_with_trigger.py
[2024-09-27T21:26:37.507+0000] {logging_mixin.py:120} INFO - [2024-09-27T21:26:37.507+0000] {dag.py:2585} INFO - Sync 1 DAGs
[2024-09-27T21:26:37.644+0000] {logging_mixin.py:120} INFO - [2024-09-27T21:26:37.644+0000] {dag.py:3340} INFO - Setting next_dagrun for latest_only_with_trigger to 2024-09-27T17:26:37.643376+00:00, run_after=2024-09-27T21:26:37.643376+00:00
[2024-09-27T21:26:37.720+0000] {processor.py:176} INFO - Processing /home/airflow/.local/lib/python3.7/site-packages/airflow/example_dags/example_latest_only_with_trigger.py took 0.553 seconds
[2024-09-27T21:27:07.978+0000] {processor.py:154} INFO - Started process (PID=6811) to work on /home/airflow/.local/lib/python3.7/site-packages/airflow/example_dags/example_latest_only_with_trigger.py
[2024-09-27T21:27:07.980+0000] {processor.py:756} INFO - Processing file /home/airflow/.local/lib/python3.7/site-packages/airflow/example_dags/example_latest_only_with_trigger.py for tasks to queue
[2024-09-27T21:27:07.981+0000] {logging_mixin.py:120} INFO - [2024-09-27T21:27:07.981+0000] {dagbag.py:537} INFO - Filling up the DagBag from /home/airflow/.local/lib/python3.7/site-packages/airflow/example_dags/example_latest_only_with_trigger.py
[2024-09-27T21:27:07.999+0000] {processor.py:766} INFO - DAG(s) dict_keys(['latest_only_with_trigger']) retrieved from /home/airflow/.local/lib/python3.7/site-packages/airflow/example_dags/example_latest_only_with_trigger.py
[2024-09-27T21:27:08.048+0000] {logging_mixin.py:120} INFO - [2024-09-27T21:27:08.048+0000] {dag.py:2585} INFO - Sync 1 DAGs
[2024-09-27T21:27:08.079+0000] {logging_mixin.py:120} INFO - [2024-09-27T21:27:08.078+0000] {dag.py:3340} INFO - Setting next_dagrun for latest_only_with_trigger to 2024-09-27T17:27:08.078623+00:00, run_after=2024-09-27T21:27:08.078623+00:00
[2024-09-27T21:27:08.100+0000] {processor.py:176} INFO - Processing /home/airflow/.local/lib/python3.7/site-packages/airflow/example_dags/example_latest_only_with_trigger.py took 0.128 seconds
[2024-09-27T21:27:42.517+0000] {processor.py:154} INFO - Started process (PID=6879) to work on /home/airflow/.local/lib/python3.7/site-packages/airflow/example_dags/example_latest_only_with_trigger.py
[2024-09-27T21:27:42.531+0000] {processor.py:756} INFO - Processing file /home/airflow/.local/lib/python3.7/site-packages/airflow/example_dags/example_latest_only_with_trigger.py for tasks to queue
[2024-09-27T21:27:42.537+0000] {logging_mixin.py:120} INFO - [2024-09-27T21:27:42.536+0000] {dagbag.py:537} INFO - Filling up the DagBag from /home/airflow/.local/lib/python3.7/site-packages/airflow/example_dags/example_latest_only_with_trigger.py
[2024-09-27T21:27:42.665+0000] {processor.py:766} INFO - DAG(s) dict_keys(['latest_only_with_trigger']) retrieved from /home/airflow/.local/lib/python3.7/site-packages/airflow/example_dags/example_latest_only_with_trigger.py
[2024-09-27T21:27:43.022+0000] {logging_mixin.py:120} INFO - [2024-09-27T21:27:43.021+0000] {dag.py:2585} INFO - Sync 1 DAGs
[2024-09-27T21:27:43.214+0000] {logging_mixin.py:120} INFO - [2024-09-27T21:27:43.213+0000] {dag.py:3340} INFO - Setting next_dagrun for latest_only_with_trigger to 2024-09-27T17:27:43.210935+00:00, run_after=2024-09-27T21:27:43.210935+00:00
[2024-09-27T21:27:43.343+0000] {processor.py:176} INFO - Processing /home/airflow/.local/lib/python3.7/site-packages/airflow/example_dags/example_latest_only_with_trigger.py took 0.849 seconds
[2024-09-27T21:48:32.120+0000] {processor.py:154} INFO - Started process (PID=6929) to work on /home/airflow/.local/lib/python3.7/site-packages/airflow/example_dags/example_latest_only_with_trigger.py
[2024-09-27T21:48:32.126+0000] {processor.py:756} INFO - Processing file /home/airflow/.local/lib/python3.7/site-packages/airflow/example_dags/example_latest_only_with_trigger.py for tasks to queue
[2024-09-27T21:48:32.128+0000] {logging_mixin.py:120} INFO - [2024-09-27T21:48:32.128+0000] {dagbag.py:537} INFO - Filling up the DagBag from /home/airflow/.local/lib/python3.7/site-packages/airflow/example_dags/example_latest_only_with_trigger.py
[2024-09-27T21:48:32.173+0000] {processor.py:766} INFO - DAG(s) dict_keys(['latest_only_with_trigger']) retrieved from /home/airflow/.local/lib/python3.7/site-packages/airflow/example_dags/example_latest_only_with_trigger.py
[2024-09-27T21:48:32.308+0000] {logging_mixin.py:120} INFO - [2024-09-27T21:48:32.308+0000] {dag.py:2585} INFO - Sync 1 DAGs
[2024-09-27T21:48:32.430+0000] {logging_mixin.py:120} INFO - [2024-09-27T21:48:32.429+0000] {dag.py:3340} INFO - Setting next_dagrun for latest_only_with_trigger to 2024-09-27T17:48:32.428920+00:00, run_after=2024-09-27T21:48:32.428920+00:00
[2024-09-27T21:48:32.507+0000] {processor.py:176} INFO - Processing /home/airflow/.local/lib/python3.7/site-packages/airflow/example_dags/example_latest_only_with_trigger.py took 0.395 seconds
[2024-09-27T21:49:04.332+0000] {processor.py:154} INFO - Started process (PID=6997) to work on /home/airflow/.local/lib/python3.7/site-packages/airflow/example_dags/example_latest_only_with_trigger.py
[2024-09-27T21:49:04.337+0000] {processor.py:756} INFO - Processing file /home/airflow/.local/lib/python3.7/site-packages/airflow/example_dags/example_latest_only_with_trigger.py for tasks to queue
[2024-09-27T21:49:04.339+0000] {logging_mixin.py:120} INFO - [2024-09-27T21:49:04.338+0000] {dagbag.py:537} INFO - Filling up the DagBag from /home/airflow/.local/lib/python3.7/site-packages/airflow/example_dags/example_latest_only_with_trigger.py
[2024-09-27T21:49:04.369+0000] {processor.py:766} INFO - DAG(s) dict_keys(['latest_only_with_trigger']) retrieved from /home/airflow/.local/lib/python3.7/site-packages/airflow/example_dags/example_latest_only_with_trigger.py
[2024-09-27T21:49:04.478+0000] {logging_mixin.py:120} INFO - [2024-09-27T21:49:04.477+0000] {dag.py:2585} INFO - Sync 1 DAGs
[2024-09-27T21:49:04.539+0000] {logging_mixin.py:120} INFO - [2024-09-27T21:49:04.539+0000] {dag.py:3340} INFO - Setting next_dagrun for latest_only_with_trigger to 2024-09-27T17:49:04.538804+00:00, run_after=2024-09-27T21:49:04.538804+00:00
[2024-09-27T21:49:04.581+0000] {processor.py:176} INFO - Processing /home/airflow/.local/lib/python3.7/site-packages/airflow/example_dags/example_latest_only_with_trigger.py took 0.255 seconds
[2024-09-27T22:19:52.427+0000] {processor.py:154} INFO - Started process (PID=7047) to work on /home/airflow/.local/lib/python3.7/site-packages/airflow/example_dags/example_latest_only_with_trigger.py
[2024-09-27T22:19:52.431+0000] {processor.py:756} INFO - Processing file /home/airflow/.local/lib/python3.7/site-packages/airflow/example_dags/example_latest_only_with_trigger.py for tasks to queue
[2024-09-27T22:19:52.432+0000] {logging_mixin.py:120} INFO - [2024-09-27T22:19:52.432+0000] {dagbag.py:537} INFO - Filling up the DagBag from /home/airflow/.local/lib/python3.7/site-packages/airflow/example_dags/example_latest_only_with_trigger.py
[2024-09-27T22:19:52.466+0000] {processor.py:766} INFO - DAG(s) dict_keys(['latest_only_with_trigger']) retrieved from /home/airflow/.local/lib/python3.7/site-packages/airflow/example_dags/example_latest_only_with_trigger.py
[2024-09-27T22:19:52.556+0000] {logging_mixin.py:120} INFO - [2024-09-27T22:19:52.556+0000] {dag.py:2585} INFO - Sync 1 DAGs
[2024-09-27T22:19:52.623+0000] {logging_mixin.py:120} INFO - [2024-09-27T22:19:52.623+0000] {dag.py:3340} INFO - Setting next_dagrun for latest_only_with_trigger to 2024-09-27T18:19:52.623032+00:00, run_after=2024-09-27T22:19:52.623032+00:00
[2024-09-27T22:19:52.739+0000] {processor.py:176} INFO - Processing /home/airflow/.local/lib/python3.7/site-packages/airflow/example_dags/example_latest_only_with_trigger.py took 0.318 seconds
[2024-09-27T22:20:37.506+0000] {processor.py:154} INFO - Started process (PID=7114) to work on /home/airflow/.local/lib/python3.7/site-packages/airflow/example_dags/example_latest_only_with_trigger.py
[2024-09-27T22:20:37.510+0000] {processor.py:756} INFO - Processing file /home/airflow/.local/lib/python3.7/site-packages/airflow/example_dags/example_latest_only_with_trigger.py for tasks to queue
[2024-09-27T22:20:37.512+0000] {logging_mixin.py:120} INFO - [2024-09-27T22:20:37.511+0000] {dagbag.py:537} INFO - Filling up the DagBag from /home/airflow/.local/lib/python3.7/site-packages/airflow/example_dags/example_latest_only_with_trigger.py
[2024-09-27T22:20:37.548+0000] {processor.py:766} INFO - DAG(s) dict_keys(['latest_only_with_trigger']) retrieved from /home/airflow/.local/lib/python3.7/site-packages/airflow/example_dags/example_latest_only_with_trigger.py
[2024-09-27T22:20:37.652+0000] {logging_mixin.py:120} INFO - [2024-09-27T22:20:37.652+0000] {dag.py:2585} INFO - Sync 1 DAGs
[2024-09-27T22:20:37.711+0000] {logging_mixin.py:120} INFO - [2024-09-27T22:20:37.711+0000] {dag.py:3340} INFO - Setting next_dagrun for latest_only_with_trigger to 2024-09-27T18:20:37.710885+00:00, run_after=2024-09-27T22:20:37.710885+00:00
[2024-09-27T22:20:37.767+0000] {processor.py:176} INFO - Processing /home/airflow/.local/lib/python3.7/site-packages/airflow/example_dags/example_latest_only_with_trigger.py took 0.270 seconds
[2024-09-27T22:36:45.135+0000] {processor.py:154} INFO - Started process (PID=7171) to work on /home/airflow/.local/lib/python3.7/site-packages/airflow/example_dags/example_latest_only_with_trigger.py
[2024-09-27T22:36:45.152+0000] {processor.py:756} INFO - Processing file /home/airflow/.local/lib/python3.7/site-packages/airflow/example_dags/example_latest_only_with_trigger.py for tasks to queue
[2024-09-27T22:36:45.161+0000] {logging_mixin.py:120} INFO - [2024-09-27T22:36:45.159+0000] {dagbag.py:537} INFO - Filling up the DagBag from /home/airflow/.local/lib/python3.7/site-packages/airflow/example_dags/example_latest_only_with_trigger.py
[2024-09-27T22:36:45.322+0000] {processor.py:766} INFO - DAG(s) dict_keys(['latest_only_with_trigger']) retrieved from /home/airflow/.local/lib/python3.7/site-packages/airflow/example_dags/example_latest_only_with_trigger.py
[2024-09-27T22:36:45.737+0000] {logging_mixin.py:120} INFO - [2024-09-27T22:36:45.736+0000] {dag.py:2585} INFO - Sync 1 DAGs
[2024-09-27T22:36:46.023+0000] {logging_mixin.py:120} INFO - [2024-09-27T22:36:46.023+0000] {dag.py:3340} INFO - Setting next_dagrun for latest_only_with_trigger to 2024-09-27T18:36:46.020322+00:00, run_after=2024-09-27T22:36:46.020322+00:00
[2024-09-27T22:36:46.188+0000] {processor.py:176} INFO - Processing /home/airflow/.local/lib/python3.7/site-packages/airflow/example_dags/example_latest_only_with_trigger.py took 1.081 seconds
[2024-09-27T22:37:16.656+0000] {processor.py:154} INFO - Started process (PID=7221) to work on /home/airflow/.local/lib/python3.7/site-packages/airflow/example_dags/example_latest_only_with_trigger.py
[2024-09-27T22:37:16.667+0000] {processor.py:756} INFO - Processing file /home/airflow/.local/lib/python3.7/site-packages/airflow/example_dags/example_latest_only_with_trigger.py for tasks to queue
[2024-09-27T22:37:16.671+0000] {logging_mixin.py:120} INFO - [2024-09-27T22:37:16.670+0000] {dagbag.py:537} INFO - Filling up the DagBag from /home/airflow/.local/lib/python3.7/site-packages/airflow/example_dags/example_latest_only_with_trigger.py
[2024-09-27T22:37:16.767+0000] {processor.py:766} INFO - DAG(s) dict_keys(['latest_only_with_trigger']) retrieved from /home/airflow/.local/lib/python3.7/site-packages/airflow/example_dags/example_latest_only_with_trigger.py
[2024-09-27T22:37:17.016+0000] {logging_mixin.py:120} INFO - [2024-09-27T22:37:17.015+0000] {dag.py:2585} INFO - Sync 1 DAGs
[2024-09-27T22:37:17.179+0000] {logging_mixin.py:120} INFO - [2024-09-27T22:37:17.178+0000] {dag.py:3340} INFO - Setting next_dagrun for latest_only_with_trigger to 2024-09-27T18:37:17.177687+00:00, run_after=2024-09-27T22:37:17.177687+00:00
[2024-09-27T22:37:17.289+0000] {processor.py:176} INFO - Processing /home/airflow/.local/lib/python3.7/site-packages/airflow/example_dags/example_latest_only_with_trigger.py took 0.663 seconds
[2024-09-27T22:37:48.799+0000] {processor.py:154} INFO - Started process (PID=7280) to work on /home/airflow/.local/lib/python3.7/site-packages/airflow/example_dags/example_latest_only_with_trigger.py
[2024-09-27T22:37:48.816+0000] {processor.py:756} INFO - Processing file /home/airflow/.local/lib/python3.7/site-packages/airflow/example_dags/example_latest_only_with_trigger.py for tasks to queue
[2024-09-27T22:37:48.826+0000] {logging_mixin.py:120} INFO - [2024-09-27T22:37:48.825+0000] {dagbag.py:537} INFO - Filling up the DagBag from /home/airflow/.local/lib/python3.7/site-packages/airflow/example_dags/example_latest_only_with_trigger.py
[2024-09-27T22:37:48.947+0000] {processor.py:766} INFO - DAG(s) dict_keys(['latest_only_with_trigger']) retrieved from /home/airflow/.local/lib/python3.7/site-packages/airflow/example_dags/example_latest_only_with_trigger.py
[2024-09-27T22:37:49.241+0000] {logging_mixin.py:120} INFO - [2024-09-27T22:37:49.239+0000] {dag.py:2585} INFO - Sync 1 DAGs
[2024-09-27T22:37:49.424+0000] {logging_mixin.py:120} INFO - [2024-09-27T22:37:49.423+0000] {dag.py:3340} INFO - Setting next_dagrun for latest_only_with_trigger to 2024-09-27T18:37:49.422372+00:00, run_after=2024-09-27T22:37:49.422372+00:00
[2024-09-27T22:37:49.548+0000] {processor.py:176} INFO - Processing /home/airflow/.local/lib/python3.7/site-packages/airflow/example_dags/example_latest_only_with_trigger.py took 0.777 seconds
[2024-09-27T22:38:21.603+0000] {processor.py:154} INFO - Started process (PID=7339) to work on /home/airflow/.local/lib/python3.7/site-packages/airflow/example_dags/example_latest_only_with_trigger.py
[2024-09-27T22:38:21.615+0000] {processor.py:756} INFO - Processing file /home/airflow/.local/lib/python3.7/site-packages/airflow/example_dags/example_latest_only_with_trigger.py for tasks to queue
[2024-09-27T22:38:21.623+0000] {logging_mixin.py:120} INFO - [2024-09-27T22:38:21.621+0000] {dagbag.py:537} INFO - Filling up the DagBag from /home/airflow/.local/lib/python3.7/site-packages/airflow/example_dags/example_latest_only_with_trigger.py
[2024-09-27T22:38:21.757+0000] {processor.py:766} INFO - DAG(s) dict_keys(['latest_only_with_trigger']) retrieved from /home/airflow/.local/lib/python3.7/site-packages/airflow/example_dags/example_latest_only_with_trigger.py
[2024-09-27T22:38:22.085+0000] {logging_mixin.py:120} INFO - [2024-09-27T22:38:22.083+0000] {dag.py:2585} INFO - Sync 1 DAGs
[2024-09-27T22:38:22.273+0000] {logging_mixin.py:120} INFO - [2024-09-27T22:38:22.272+0000] {dag.py:3340} INFO - Setting next_dagrun for latest_only_with_trigger to 2024-09-27T18:38:22.271217+00:00, run_after=2024-09-27T22:38:22.271217+00:00
[2024-09-27T22:38:22.432+0000] {processor.py:176} INFO - Processing /home/airflow/.local/lib/python3.7/site-packages/airflow/example_dags/example_latest_only_with_trigger.py took 0.866 seconds
[2024-09-27T22:38:54.039+0000] {processor.py:154} INFO - Started process (PID=7389) to work on /home/airflow/.local/lib/python3.7/site-packages/airflow/example_dags/example_latest_only_with_trigger.py
[2024-09-27T22:38:54.054+0000] {processor.py:756} INFO - Processing file /home/airflow/.local/lib/python3.7/site-packages/airflow/example_dags/example_latest_only_with_trigger.py for tasks to queue
[2024-09-27T22:38:54.063+0000] {logging_mixin.py:120} INFO - [2024-09-27T22:38:54.060+0000] {dagbag.py:537} INFO - Filling up the DagBag from /home/airflow/.local/lib/python3.7/site-packages/airflow/example_dags/example_latest_only_with_trigger.py
[2024-09-27T22:38:54.223+0000] {processor.py:766} INFO - DAG(s) dict_keys(['latest_only_with_trigger']) retrieved from /home/airflow/.local/lib/python3.7/site-packages/airflow/example_dags/example_latest_only_with_trigger.py
[2024-09-27T22:38:54.622+0000] {logging_mixin.py:120} INFO - [2024-09-27T22:38:54.621+0000] {dag.py:2585} INFO - Sync 1 DAGs
[2024-09-27T22:38:54.812+0000] {logging_mixin.py:120} INFO - [2024-09-27T22:38:54.812+0000] {dag.py:3340} INFO - Setting next_dagrun for latest_only_with_trigger to 2024-09-27T18:38:54.811068+00:00, run_after=2024-09-27T22:38:54.811068+00:00
[2024-09-27T22:38:54.928+0000] {processor.py:176} INFO - Processing /home/airflow/.local/lib/python3.7/site-packages/airflow/example_dags/example_latest_only_with_trigger.py took 0.919 seconds
[2024-09-27T22:39:26.390+0000] {processor.py:154} INFO - Started process (PID=7448) to work on /home/airflow/.local/lib/python3.7/site-packages/airflow/example_dags/example_latest_only_with_trigger.py
[2024-09-27T22:39:26.401+0000] {processor.py:756} INFO - Processing file /home/airflow/.local/lib/python3.7/site-packages/airflow/example_dags/example_latest_only_with_trigger.py for tasks to queue
[2024-09-27T22:39:26.406+0000] {logging_mixin.py:120} INFO - [2024-09-27T22:39:26.405+0000] {dagbag.py:537} INFO - Filling up the DagBag from /home/airflow/.local/lib/python3.7/site-packages/airflow/example_dags/example_latest_only_with_trigger.py
[2024-09-27T22:39:26.496+0000] {processor.py:766} INFO - DAG(s) dict_keys(['latest_only_with_trigger']) retrieved from /home/airflow/.local/lib/python3.7/site-packages/airflow/example_dags/example_latest_only_with_trigger.py
[2024-09-27T22:39:26.706+0000] {logging_mixin.py:120} INFO - [2024-09-27T22:39:26.705+0000] {dag.py:2585} INFO - Sync 1 DAGs
[2024-09-27T22:39:26.828+0000] {logging_mixin.py:120} INFO - [2024-09-27T22:39:26.827+0000] {dag.py:3340} INFO - Setting next_dagrun for latest_only_with_trigger to 2024-09-27T18:39:26.826978+00:00, run_after=2024-09-27T22:39:26.826978+00:00
[2024-09-27T22:39:26.921+0000] {processor.py:176} INFO - Processing /home/airflow/.local/lib/python3.7/site-packages/airflow/example_dags/example_latest_only_with_trigger.py took 0.549 seconds
[2024-09-27T22:39:59.560+0000] {processor.py:154} INFO - Started process (PID=7507) to work on /home/airflow/.local/lib/python3.7/site-packages/airflow/example_dags/example_latest_only_with_trigger.py
[2024-09-27T22:39:59.568+0000] {processor.py:756} INFO - Processing file /home/airflow/.local/lib/python3.7/site-packages/airflow/example_dags/example_latest_only_with_trigger.py for tasks to queue
[2024-09-27T22:39:59.571+0000] {logging_mixin.py:120} INFO - [2024-09-27T22:39:59.570+0000] {dagbag.py:537} INFO - Filling up the DagBag from /home/airflow/.local/lib/python3.7/site-packages/airflow/example_dags/example_latest_only_with_trigger.py
[2024-09-27T22:39:59.648+0000] {processor.py:766} INFO - DAG(s) dict_keys(['latest_only_with_trigger']) retrieved from /home/airflow/.local/lib/python3.7/site-packages/airflow/example_dags/example_latest_only_with_trigger.py
[2024-09-27T22:39:59.863+0000] {logging_mixin.py:120} INFO - [2024-09-27T22:39:59.863+0000] {dag.py:2585} INFO - Sync 1 DAGs
[2024-09-27T22:39:59.999+0000] {logging_mixin.py:120} INFO - [2024-09-27T22:39:59.998+0000] {dag.py:3340} INFO - Setting next_dagrun for latest_only_with_trigger to 2024-09-27T18:39:59.996887+00:00, run_after=2024-09-27T22:39:59.996887+00:00
[2024-09-27T22:40:00.098+0000] {processor.py:176} INFO - Processing /home/airflow/.local/lib/python3.7/site-packages/airflow/example_dags/example_latest_only_with_trigger.py took 0.558 seconds
[2024-09-27T22:40:33.116+0000] {processor.py:154} INFO - Started process (PID=7567) to work on /home/airflow/.local/lib/python3.7/site-packages/airflow/example_dags/example_latest_only_with_trigger.py
[2024-09-27T22:40:33.124+0000] {processor.py:756} INFO - Processing file /home/airflow/.local/lib/python3.7/site-packages/airflow/example_dags/example_latest_only_with_trigger.py for tasks to queue
[2024-09-27T22:40:33.128+0000] {logging_mixin.py:120} INFO - [2024-09-27T22:40:33.128+0000] {dagbag.py:537} INFO - Filling up the DagBag from /home/airflow/.local/lib/python3.7/site-packages/airflow/example_dags/example_latest_only_with_trigger.py
[2024-09-27T22:40:33.222+0000] {processor.py:766} INFO - DAG(s) dict_keys(['latest_only_with_trigger']) retrieved from /home/airflow/.local/lib/python3.7/site-packages/airflow/example_dags/example_latest_only_with_trigger.py
[2024-09-27T22:40:33.496+0000] {logging_mixin.py:120} INFO - [2024-09-27T22:40:33.494+0000] {dag.py:2585} INFO - Sync 1 DAGs
[2024-09-27T22:40:33.685+0000] {logging_mixin.py:120} INFO - [2024-09-27T22:40:33.684+0000] {dag.py:3340} INFO - Setting next_dagrun for latest_only_with_trigger to 2024-09-27T18:40:33.682529+00:00, run_after=2024-09-27T22:40:33.682529+00:00
[2024-09-27T22:40:33.831+0000] {processor.py:176} INFO - Processing /home/airflow/.local/lib/python3.7/site-packages/airflow/example_dags/example_latest_only_with_trigger.py took 0.730 seconds
[2024-09-27T22:41:04.877+0000] {processor.py:154} INFO - Started process (PID=7626) to work on /home/airflow/.local/lib/python3.7/site-packages/airflow/example_dags/example_latest_only_with_trigger.py
[2024-09-27T22:41:04.884+0000] {processor.py:756} INFO - Processing file /home/airflow/.local/lib/python3.7/site-packages/airflow/example_dags/example_latest_only_with_trigger.py for tasks to queue
[2024-09-27T22:41:04.887+0000] {logging_mixin.py:120} INFO - [2024-09-27T22:41:04.887+0000] {dagbag.py:537} INFO - Filling up the DagBag from /home/airflow/.local/lib/python3.7/site-packages/airflow/example_dags/example_latest_only_with_trigger.py
[2024-09-27T22:41:04.972+0000] {processor.py:766} INFO - DAG(s) dict_keys(['latest_only_with_trigger']) retrieved from /home/airflow/.local/lib/python3.7/site-packages/airflow/example_dags/example_latest_only_with_trigger.py
[2024-09-27T22:41:05.230+0000] {logging_mixin.py:120} INFO - [2024-09-27T22:41:05.229+0000] {dag.py:2585} INFO - Sync 1 DAGs
[2024-09-27T22:41:05.391+0000] {logging_mixin.py:120} INFO - [2024-09-27T22:41:05.390+0000] {dag.py:3340} INFO - Setting next_dagrun for latest_only_with_trigger to 2024-09-27T18:41:05.389247+00:00, run_after=2024-09-27T22:41:05.389247+00:00
[2024-09-27T22:41:05.527+0000] {processor.py:176} INFO - Processing /home/airflow/.local/lib/python3.7/site-packages/airflow/example_dags/example_latest_only_with_trigger.py took 0.664 seconds
[2024-09-27T22:41:36.638+0000] {processor.py:154} INFO - Started process (PID=7685) to work on /home/airflow/.local/lib/python3.7/site-packages/airflow/example_dags/example_latest_only_with_trigger.py
[2024-09-27T22:41:36.646+0000] {processor.py:756} INFO - Processing file /home/airflow/.local/lib/python3.7/site-packages/airflow/example_dags/example_latest_only_with_trigger.py for tasks to queue
[2024-09-27T22:41:36.650+0000] {logging_mixin.py:120} INFO - [2024-09-27T22:41:36.649+0000] {dagbag.py:537} INFO - Filling up the DagBag from /home/airflow/.local/lib/python3.7/site-packages/airflow/example_dags/example_latest_only_with_trigger.py
[2024-09-27T22:41:36.714+0000] {processor.py:766} INFO - DAG(s) dict_keys(['latest_only_with_trigger']) retrieved from /home/airflow/.local/lib/python3.7/site-packages/airflow/example_dags/example_latest_only_with_trigger.py
[2024-09-27T22:41:36.878+0000] {logging_mixin.py:120} INFO - [2024-09-27T22:41:36.878+0000] {dag.py:2585} INFO - Sync 1 DAGs
[2024-09-27T22:41:36.982+0000] {logging_mixin.py:120} INFO - [2024-09-27T22:41:36.982+0000] {dag.py:3340} INFO - Setting next_dagrun for latest_only_with_trigger to 2024-09-27T18:41:36.981593+00:00, run_after=2024-09-27T22:41:36.981593+00:00
[2024-09-27T22:41:37.062+0000] {processor.py:176} INFO - Processing /home/airflow/.local/lib/python3.7/site-packages/airflow/example_dags/example_latest_only_with_trigger.py took 0.439 seconds
[2024-09-27T22:51:30.074+0000] {processor.py:154} INFO - Started process (PID=7747) to work on /home/airflow/.local/lib/python3.7/site-packages/airflow/example_dags/example_latest_only_with_trigger.py
[2024-09-27T22:51:30.079+0000] {processor.py:756} INFO - Processing file /home/airflow/.local/lib/python3.7/site-packages/airflow/example_dags/example_latest_only_with_trigger.py for tasks to queue
[2024-09-27T22:51:30.089+0000] {logging_mixin.py:120} INFO - [2024-09-27T22:51:30.088+0000] {dagbag.py:537} INFO - Filling up the DagBag from /home/airflow/.local/lib/python3.7/site-packages/airflow/example_dags/example_latest_only_with_trigger.py
[2024-09-27T22:51:30.124+0000] {processor.py:766} INFO - DAG(s) dict_keys(['latest_only_with_trigger']) retrieved from /home/airflow/.local/lib/python3.7/site-packages/airflow/example_dags/example_latest_only_with_trigger.py
[2024-09-27T22:51:30.213+0000] {logging_mixin.py:120} INFO - [2024-09-27T22:51:30.213+0000] {dag.py:2585} INFO - Sync 1 DAGs
[2024-09-27T22:51:30.280+0000] {logging_mixin.py:120} INFO - [2024-09-27T22:51:30.279+0000] {dag.py:3340} INFO - Setting next_dagrun for latest_only_with_trigger to 2024-09-27T18:51:30.279477+00:00, run_after=2024-09-27T22:51:30.279477+00:00
[2024-09-27T22:51:30.337+0000] {processor.py:176} INFO - Processing /home/airflow/.local/lib/python3.7/site-packages/airflow/example_dags/example_latest_only_with_trigger.py took 0.269 seconds
[2024-09-27T22:52:01.087+0000] {processor.py:154} INFO - Started process (PID=7814) to work on /home/airflow/.local/lib/python3.7/site-packages/airflow/example_dags/example_latest_only_with_trigger.py
[2024-09-27T22:52:01.090+0000] {processor.py:756} INFO - Processing file /home/airflow/.local/lib/python3.7/site-packages/airflow/example_dags/example_latest_only_with_trigger.py for tasks to queue
[2024-09-27T22:52:01.092+0000] {logging_mixin.py:120} INFO - [2024-09-27T22:52:01.091+0000] {dagbag.py:537} INFO - Filling up the DagBag from /home/airflow/.local/lib/python3.7/site-packages/airflow/example_dags/example_latest_only_with_trigger.py
[2024-09-27T22:52:01.117+0000] {processor.py:766} INFO - DAG(s) dict_keys(['latest_only_with_trigger']) retrieved from /home/airflow/.local/lib/python3.7/site-packages/airflow/example_dags/example_latest_only_with_trigger.py
[2024-09-27T22:52:01.196+0000] {logging_mixin.py:120} INFO - [2024-09-27T22:52:01.196+0000] {dag.py:2585} INFO - Sync 1 DAGs
[2024-09-27T22:52:01.244+0000] {logging_mixin.py:120} INFO - [2024-09-27T22:52:01.244+0000] {dag.py:3340} INFO - Setting next_dagrun for latest_only_with_trigger to 2024-09-27T18:52:01.244263+00:00, run_after=2024-09-27T22:52:01.244263+00:00
[2024-09-27T22:52:01.282+0000] {processor.py:176} INFO - Processing /home/airflow/.local/lib/python3.7/site-packages/airflow/example_dags/example_latest_only_with_trigger.py took 0.201 seconds
[2024-09-27T22:52:32.032+0000] {processor.py:154} INFO - Started process (PID=7873) to work on /home/airflow/.local/lib/python3.7/site-packages/airflow/example_dags/example_latest_only_with_trigger.py
[2024-09-27T22:52:32.036+0000] {processor.py:756} INFO - Processing file /home/airflow/.local/lib/python3.7/site-packages/airflow/example_dags/example_latest_only_with_trigger.py for tasks to queue
[2024-09-27T22:52:32.037+0000] {logging_mixin.py:120} INFO - [2024-09-27T22:52:32.037+0000] {dagbag.py:537} INFO - Filling up the DagBag from /home/airflow/.local/lib/python3.7/site-packages/airflow/example_dags/example_latest_only_with_trigger.py
[2024-09-27T22:52:32.058+0000] {processor.py:766} INFO - DAG(s) dict_keys(['latest_only_with_trigger']) retrieved from /home/airflow/.local/lib/python3.7/site-packages/airflow/example_dags/example_latest_only_with_trigger.py
[2024-09-27T22:52:32.115+0000] {logging_mixin.py:120} INFO - [2024-09-27T22:52:32.115+0000] {dag.py:2585} INFO - Sync 1 DAGs
[2024-09-27T22:52:32.148+0000] {logging_mixin.py:120} INFO - [2024-09-27T22:52:32.148+0000] {dag.py:3340} INFO - Setting next_dagrun for latest_only_with_trigger to 2024-09-27T18:52:32.148270+00:00, run_after=2024-09-27T22:52:32.148270+00:00
[2024-09-27T22:52:32.174+0000] {processor.py:176} INFO - Processing /home/airflow/.local/lib/python3.7/site-packages/airflow/example_dags/example_latest_only_with_trigger.py took 0.146 seconds
[2024-09-27T22:53:02.690+0000] {processor.py:154} INFO - Started process (PID=7941) to work on /home/airflow/.local/lib/python3.7/site-packages/airflow/example_dags/example_latest_only_with_trigger.py
[2024-09-27T22:53:02.693+0000] {processor.py:756} INFO - Processing file /home/airflow/.local/lib/python3.7/site-packages/airflow/example_dags/example_latest_only_with_trigger.py for tasks to queue
[2024-09-27T22:53:02.694+0000] {logging_mixin.py:120} INFO - [2024-09-27T22:53:02.694+0000] {dagbag.py:537} INFO - Filling up the DagBag from /home/airflow/.local/lib/python3.7/site-packages/airflow/example_dags/example_latest_only_with_trigger.py
[2024-09-27T22:53:02.717+0000] {processor.py:766} INFO - DAG(s) dict_keys(['latest_only_with_trigger']) retrieved from /home/airflow/.local/lib/python3.7/site-packages/airflow/example_dags/example_latest_only_with_trigger.py
[2024-09-27T22:53:02.798+0000] {logging_mixin.py:120} INFO - [2024-09-27T22:53:02.797+0000] {dag.py:2585} INFO - Sync 1 DAGs
[2024-09-27T22:53:02.846+0000] {logging_mixin.py:120} INFO - [2024-09-27T22:53:02.846+0000] {dag.py:3340} INFO - Setting next_dagrun for latest_only_with_trigger to 2024-09-27T18:53:02.846111+00:00, run_after=2024-09-27T22:53:02.846111+00:00
[2024-09-27T22:53:02.878+0000] {processor.py:176} INFO - Processing /home/airflow/.local/lib/python3.7/site-packages/airflow/example_dags/example_latest_only_with_trigger.py took 0.194 seconds
[2024-09-27T22:53:33.503+0000] {processor.py:154} INFO - Started process (PID=8005) to work on /home/airflow/.local/lib/python3.7/site-packages/airflow/example_dags/example_latest_only_with_trigger.py
[2024-09-27T22:53:33.507+0000] {processor.py:756} INFO - Processing file /home/airflow/.local/lib/python3.7/site-packages/airflow/example_dags/example_latest_only_with_trigger.py for tasks to queue
[2024-09-27T22:53:33.509+0000] {logging_mixin.py:120} INFO - [2024-09-27T22:53:33.509+0000] {dagbag.py:537} INFO - Filling up the DagBag from /home/airflow/.local/lib/python3.7/site-packages/airflow/example_dags/example_latest_only_with_trigger.py
[2024-09-27T22:53:33.540+0000] {processor.py:766} INFO - DAG(s) dict_keys(['latest_only_with_trigger']) retrieved from /home/airflow/.local/lib/python3.7/site-packages/airflow/example_dags/example_latest_only_with_trigger.py
[2024-09-27T22:53:33.614+0000] {logging_mixin.py:120} INFO - [2024-09-27T22:53:33.613+0000] {dag.py:2585} INFO - Sync 1 DAGs
[2024-09-27T22:53:33.655+0000] {logging_mixin.py:120} INFO - [2024-09-27T22:53:33.655+0000] {dag.py:3340} INFO - Setting next_dagrun for latest_only_with_trigger to 2024-09-27T18:53:33.655129+00:00, run_after=2024-09-27T22:53:33.655129+00:00
[2024-09-27T22:53:33.701+0000] {processor.py:176} INFO - Processing /home/airflow/.local/lib/python3.7/site-packages/airflow/example_dags/example_latest_only_with_trigger.py took 0.205 seconds
[2024-09-27T22:54:04.010+0000] {processor.py:154} INFO - Started process (PID=8067) to work on /home/airflow/.local/lib/python3.7/site-packages/airflow/example_dags/example_latest_only_with_trigger.py
[2024-09-27T22:54:04.012+0000] {processor.py:756} INFO - Processing file /home/airflow/.local/lib/python3.7/site-packages/airflow/example_dags/example_latest_only_with_trigger.py for tasks to queue
[2024-09-27T22:54:04.014+0000] {logging_mixin.py:120} INFO - [2024-09-27T22:54:04.014+0000] {dagbag.py:537} INFO - Filling up the DagBag from /home/airflow/.local/lib/python3.7/site-packages/airflow/example_dags/example_latest_only_with_trigger.py
[2024-09-27T22:54:04.035+0000] {processor.py:766} INFO - DAG(s) dict_keys(['latest_only_with_trigger']) retrieved from /home/airflow/.local/lib/python3.7/site-packages/airflow/example_dags/example_latest_only_with_trigger.py
[2024-09-27T22:54:04.095+0000] {logging_mixin.py:120} INFO - [2024-09-27T22:54:04.095+0000] {dag.py:2585} INFO - Sync 1 DAGs
[2024-09-27T22:54:04.133+0000] {logging_mixin.py:120} INFO - [2024-09-27T22:54:04.133+0000] {dag.py:3340} INFO - Setting next_dagrun for latest_only_with_trigger to 2024-09-27T18:54:04.132782+00:00, run_after=2024-09-27T22:54:04.132782+00:00
[2024-09-27T22:54:04.161+0000] {processor.py:176} INFO - Processing /home/airflow/.local/lib/python3.7/site-packages/airflow/example_dags/example_latest_only_with_trigger.py took 0.156 seconds
[2024-09-27T22:54:34.438+0000] {processor.py:154} INFO - Started process (PID=8134) to work on /home/airflow/.local/lib/python3.7/site-packages/airflow/example_dags/example_latest_only_with_trigger.py
[2024-09-27T22:54:34.441+0000] {processor.py:756} INFO - Processing file /home/airflow/.local/lib/python3.7/site-packages/airflow/example_dags/example_latest_only_with_trigger.py for tasks to queue
[2024-09-27T22:54:34.442+0000] {logging_mixin.py:120} INFO - [2024-09-27T22:54:34.442+0000] {dagbag.py:537} INFO - Filling up the DagBag from /home/airflow/.local/lib/python3.7/site-packages/airflow/example_dags/example_latest_only_with_trigger.py
[2024-09-27T22:54:34.465+0000] {processor.py:766} INFO - DAG(s) dict_keys(['latest_only_with_trigger']) retrieved from /home/airflow/.local/lib/python3.7/site-packages/airflow/example_dags/example_latest_only_with_trigger.py
[2024-09-27T22:54:34.521+0000] {logging_mixin.py:120} INFO - [2024-09-27T22:54:34.520+0000] {dag.py:2585} INFO - Sync 1 DAGs
[2024-09-27T22:54:34.553+0000] {logging_mixin.py:120} INFO - [2024-09-27T22:54:34.553+0000] {dag.py:3340} INFO - Setting next_dagrun for latest_only_with_trigger to 2024-09-27T18:54:34.552785+00:00, run_after=2024-09-27T22:54:34.552785+00:00
[2024-09-27T22:54:34.588+0000] {processor.py:176} INFO - Processing /home/airflow/.local/lib/python3.7/site-packages/airflow/example_dags/example_latest_only_with_trigger.py took 0.155 seconds
[2024-09-27T22:55:06.286+0000] {processor.py:154} INFO - Started process (PID=8192) to work on /home/airflow/.local/lib/python3.7/site-packages/airflow/example_dags/example_latest_only_with_trigger.py
[2024-09-27T22:55:06.291+0000] {processor.py:756} INFO - Processing file /home/airflow/.local/lib/python3.7/site-packages/airflow/example_dags/example_latest_only_with_trigger.py for tasks to queue
[2024-09-27T22:55:06.293+0000] {logging_mixin.py:120} INFO - [2024-09-27T22:55:06.293+0000] {dagbag.py:537} INFO - Filling up the DagBag from /home/airflow/.local/lib/python3.7/site-packages/airflow/example_dags/example_latest_only_with_trigger.py
[2024-09-27T22:55:06.346+0000] {processor.py:766} INFO - DAG(s) dict_keys(['latest_only_with_trigger']) retrieved from /home/airflow/.local/lib/python3.7/site-packages/airflow/example_dags/example_latest_only_with_trigger.py
[2024-09-27T22:55:06.469+0000] {logging_mixin.py:120} INFO - [2024-09-27T22:55:06.469+0000] {dag.py:2585} INFO - Sync 1 DAGs
[2024-09-27T22:55:06.545+0000] {logging_mixin.py:120} INFO - [2024-09-27T22:55:06.544+0000] {dag.py:3340} INFO - Setting next_dagrun for latest_only_with_trigger to 2024-09-27T18:55:06.543971+00:00, run_after=2024-09-27T22:55:06.543971+00:00
[2024-09-27T22:55:06.584+0000] {processor.py:176} INFO - Processing /home/airflow/.local/lib/python3.7/site-packages/airflow/example_dags/example_latest_only_with_trigger.py took 0.312 seconds
[2024-09-27T22:55:37.461+0000] {processor.py:154} INFO - Started process (PID=8260) to work on /home/airflow/.local/lib/python3.7/site-packages/airflow/example_dags/example_latest_only_with_trigger.py
[2024-09-27T22:55:37.464+0000] {processor.py:756} INFO - Processing file /home/airflow/.local/lib/python3.7/site-packages/airflow/example_dags/example_latest_only_with_trigger.py for tasks to queue
[2024-09-27T22:55:37.465+0000] {logging_mixin.py:120} INFO - [2024-09-27T22:55:37.465+0000] {dagbag.py:537} INFO - Filling up the DagBag from /home/airflow/.local/lib/python3.7/site-packages/airflow/example_dags/example_latest_only_with_trigger.py
[2024-09-27T22:55:37.482+0000] {processor.py:766} INFO - DAG(s) dict_keys(['latest_only_with_trigger']) retrieved from /home/airflow/.local/lib/python3.7/site-packages/airflow/example_dags/example_latest_only_with_trigger.py
[2024-09-27T22:55:37.533+0000] {logging_mixin.py:120} INFO - [2024-09-27T22:55:37.533+0000] {dag.py:2585} INFO - Sync 1 DAGs
[2024-09-27T22:55:37.564+0000] {logging_mixin.py:120} INFO - [2024-09-27T22:55:37.563+0000] {dag.py:3340} INFO - Setting next_dagrun for latest_only_with_trigger to 2024-09-27T18:55:37.563521+00:00, run_after=2024-09-27T22:55:37.563521+00:00
[2024-09-27T22:55:37.591+0000] {processor.py:176} INFO - Processing /home/airflow/.local/lib/python3.7/site-packages/airflow/example_dags/example_latest_only_with_trigger.py took 0.133 seconds
[2024-09-27T22:56:07.783+0000] {processor.py:154} INFO - Started process (PID=8328) to work on /home/airflow/.local/lib/python3.7/site-packages/airflow/example_dags/example_latest_only_with_trigger.py
[2024-09-27T22:56:07.785+0000] {processor.py:756} INFO - Processing file /home/airflow/.local/lib/python3.7/site-packages/airflow/example_dags/example_latest_only_with_trigger.py for tasks to queue
[2024-09-27T22:56:07.787+0000] {logging_mixin.py:120} INFO - [2024-09-27T22:56:07.787+0000] {dagbag.py:537} INFO - Filling up the DagBag from /home/airflow/.local/lib/python3.7/site-packages/airflow/example_dags/example_latest_only_with_trigger.py
[2024-09-27T22:56:07.809+0000] {processor.py:766} INFO - DAG(s) dict_keys(['latest_only_with_trigger']) retrieved from /home/airflow/.local/lib/python3.7/site-packages/airflow/example_dags/example_latest_only_with_trigger.py
[2024-09-27T22:56:07.863+0000] {logging_mixin.py:120} INFO - [2024-09-27T22:56:07.863+0000] {dag.py:2585} INFO - Sync 1 DAGs
[2024-09-27T22:56:07.895+0000] {logging_mixin.py:120} INFO - [2024-09-27T22:56:07.895+0000] {dag.py:3340} INFO - Setting next_dagrun for latest_only_with_trigger to 2024-09-27T18:56:07.894848+00:00, run_after=2024-09-27T22:56:07.894848+00:00
[2024-09-27T22:56:07.918+0000] {processor.py:176} INFO - Processing /home/airflow/.local/lib/python3.7/site-packages/airflow/example_dags/example_latest_only_with_trigger.py took 0.139 seconds
[2024-09-27T22:56:38.641+0000] {processor.py:154} INFO - Started process (PID=8389) to work on /home/airflow/.local/lib/python3.7/site-packages/airflow/example_dags/example_latest_only_with_trigger.py
[2024-09-27T22:56:38.643+0000] {processor.py:756} INFO - Processing file /home/airflow/.local/lib/python3.7/site-packages/airflow/example_dags/example_latest_only_with_trigger.py for tasks to queue
[2024-09-27T22:56:38.643+0000] {logging_mixin.py:120} INFO - [2024-09-27T22:56:38.643+0000] {dagbag.py:537} INFO - Filling up the DagBag from /home/airflow/.local/lib/python3.7/site-packages/airflow/example_dags/example_latest_only_with_trigger.py
[2024-09-27T22:56:38.661+0000] {processor.py:766} INFO - DAG(s) dict_keys(['latest_only_with_trigger']) retrieved from /home/airflow/.local/lib/python3.7/site-packages/airflow/example_dags/example_latest_only_with_trigger.py
[2024-09-27T22:56:38.710+0000] {logging_mixin.py:120} INFO - [2024-09-27T22:56:38.710+0000] {dag.py:2585} INFO - Sync 1 DAGs
[2024-09-27T22:56:38.736+0000] {logging_mixin.py:120} INFO - [2024-09-27T22:56:38.736+0000] {dag.py:3340} INFO - Setting next_dagrun for latest_only_with_trigger to 2024-09-27T18:56:38.735997+00:00, run_after=2024-09-27T22:56:38.735997+00:00
[2024-09-27T22:56:38.762+0000] {processor.py:176} INFO - Processing /home/airflow/.local/lib/python3.7/site-packages/airflow/example_dags/example_latest_only_with_trigger.py took 0.126 seconds
[2024-09-27T22:57:09.706+0000] {processor.py:154} INFO - Started process (PID=8459) to work on /home/airflow/.local/lib/python3.7/site-packages/airflow/example_dags/example_latest_only_with_trigger.py
[2024-09-27T22:57:09.708+0000] {processor.py:756} INFO - Processing file /home/airflow/.local/lib/python3.7/site-packages/airflow/example_dags/example_latest_only_with_trigger.py for tasks to queue
[2024-09-27T22:57:09.709+0000] {logging_mixin.py:120} INFO - [2024-09-27T22:57:09.708+0000] {dagbag.py:537} INFO - Filling up the DagBag from /home/airflow/.local/lib/python3.7/site-packages/airflow/example_dags/example_latest_only_with_trigger.py
[2024-09-27T22:57:09.727+0000] {processor.py:766} INFO - DAG(s) dict_keys(['latest_only_with_trigger']) retrieved from /home/airflow/.local/lib/python3.7/site-packages/airflow/example_dags/example_latest_only_with_trigger.py
[2024-09-27T22:57:09.778+0000] {logging_mixin.py:120} INFO - [2024-09-27T22:57:09.778+0000] {dag.py:2585} INFO - Sync 1 DAGs
[2024-09-27T22:57:09.809+0000] {logging_mixin.py:120} INFO - [2024-09-27T22:57:09.809+0000] {dag.py:3340} INFO - Setting next_dagrun for latest_only_with_trigger to 2024-09-27T18:57:09.809479+00:00, run_after=2024-09-27T22:57:09.809479+00:00
[2024-09-27T22:57:09.836+0000] {processor.py:176} INFO - Processing /home/airflow/.local/lib/python3.7/site-packages/airflow/example_dags/example_latest_only_with_trigger.py took 0.134 seconds
[2024-09-27T22:57:40.121+0000] {processor.py:154} INFO - Started process (PID=8529) to work on /home/airflow/.local/lib/python3.7/site-packages/airflow/example_dags/example_latest_only_with_trigger.py
[2024-09-27T22:57:40.123+0000] {processor.py:756} INFO - Processing file /home/airflow/.local/lib/python3.7/site-packages/airflow/example_dags/example_latest_only_with_trigger.py for tasks to queue
[2024-09-27T22:57:40.124+0000] {logging_mixin.py:120} INFO - [2024-09-27T22:57:40.124+0000] {dagbag.py:537} INFO - Filling up the DagBag from /home/airflow/.local/lib/python3.7/site-packages/airflow/example_dags/example_latest_only_with_trigger.py
[2024-09-27T22:57:40.145+0000] {processor.py:766} INFO - DAG(s) dict_keys(['latest_only_with_trigger']) retrieved from /home/airflow/.local/lib/python3.7/site-packages/airflow/example_dags/example_latest_only_with_trigger.py
[2024-09-27T22:57:40.197+0000] {logging_mixin.py:120} INFO - [2024-09-27T22:57:40.197+0000] {dag.py:2585} INFO - Sync 1 DAGs
[2024-09-27T22:57:40.230+0000] {logging_mixin.py:120} INFO - [2024-09-27T22:57:40.230+0000] {dag.py:3340} INFO - Setting next_dagrun for latest_only_with_trigger to 2024-09-27T18:57:40.229988+00:00, run_after=2024-09-27T22:57:40.229988+00:00
[2024-09-27T22:57:40.252+0000] {processor.py:176} INFO - Processing /home/airflow/.local/lib/python3.7/site-packages/airflow/example_dags/example_latest_only_with_trigger.py took 0.136 seconds
[2024-09-27T22:58:10.275+0000] {processor.py:154} INFO - Started process (PID=8588) to work on /home/airflow/.local/lib/python3.7/site-packages/airflow/example_dags/example_latest_only_with_trigger.py
[2024-09-27T22:58:10.278+0000] {processor.py:756} INFO - Processing file /home/airflow/.local/lib/python3.7/site-packages/airflow/example_dags/example_latest_only_with_trigger.py for tasks to queue
[2024-09-27T22:58:10.279+0000] {logging_mixin.py:120} INFO - [2024-09-27T22:58:10.279+0000] {dagbag.py:537} INFO - Filling up the DagBag from /home/airflow/.local/lib/python3.7/site-packages/airflow/example_dags/example_latest_only_with_trigger.py
[2024-09-27T22:58:10.300+0000] {processor.py:766} INFO - DAG(s) dict_keys(['latest_only_with_trigger']) retrieved from /home/airflow/.local/lib/python3.7/site-packages/airflow/example_dags/example_latest_only_with_trigger.py
[2024-09-27T22:58:10.353+0000] {logging_mixin.py:120} INFO - [2024-09-27T22:58:10.352+0000] {dag.py:2585} INFO - Sync 1 DAGs
[2024-09-27T22:58:10.386+0000] {logging_mixin.py:120} INFO - [2024-09-27T22:58:10.386+0000] {dag.py:3340} INFO - Setting next_dagrun for latest_only_with_trigger to 2024-09-27T18:58:10.385830+00:00, run_after=2024-09-27T22:58:10.385830+00:00
[2024-09-27T22:58:10.412+0000] {processor.py:176} INFO - Processing /home/airflow/.local/lib/python3.7/site-packages/airflow/example_dags/example_latest_only_with_trigger.py took 0.142 seconds
[2024-09-27T22:58:40.714+0000] {processor.py:154} INFO - Started process (PID=8657) to work on /home/airflow/.local/lib/python3.7/site-packages/airflow/example_dags/example_latest_only_with_trigger.py
[2024-09-27T22:58:40.716+0000] {processor.py:756} INFO - Processing file /home/airflow/.local/lib/python3.7/site-packages/airflow/example_dags/example_latest_only_with_trigger.py for tasks to queue
[2024-09-27T22:58:40.717+0000] {logging_mixin.py:120} INFO - [2024-09-27T22:58:40.717+0000] {dagbag.py:537} INFO - Filling up the DagBag from /home/airflow/.local/lib/python3.7/site-packages/airflow/example_dags/example_latest_only_with_trigger.py
[2024-09-27T22:58:40.736+0000] {processor.py:766} INFO - DAG(s) dict_keys(['latest_only_with_trigger']) retrieved from /home/airflow/.local/lib/python3.7/site-packages/airflow/example_dags/example_latest_only_with_trigger.py
[2024-09-27T22:58:40.805+0000] {logging_mixin.py:120} INFO - [2024-09-27T22:58:40.805+0000] {dag.py:2585} INFO - Sync 1 DAGs
[2024-09-27T22:58:40.847+0000] {logging_mixin.py:120} INFO - [2024-09-27T22:58:40.847+0000] {dag.py:3340} INFO - Setting next_dagrun for latest_only_with_trigger to 2024-09-27T18:58:40.846717+00:00, run_after=2024-09-27T22:58:40.846717+00:00
[2024-09-27T22:58:40.885+0000] {processor.py:176} INFO - Processing /home/airflow/.local/lib/python3.7/site-packages/airflow/example_dags/example_latest_only_with_trigger.py took 0.174 seconds
[2024-09-27T22:59:11.679+0000] {processor.py:154} INFO - Started process (PID=8727) to work on /home/airflow/.local/lib/python3.7/site-packages/airflow/example_dags/example_latest_only_with_trigger.py
[2024-09-27T22:59:11.681+0000] {processor.py:756} INFO - Processing file /home/airflow/.local/lib/python3.7/site-packages/airflow/example_dags/example_latest_only_with_trigger.py for tasks to queue
[2024-09-27T22:59:11.682+0000] {logging_mixin.py:120} INFO - [2024-09-27T22:59:11.682+0000] {dagbag.py:537} INFO - Filling up the DagBag from /home/airflow/.local/lib/python3.7/site-packages/airflow/example_dags/example_latest_only_with_trigger.py
[2024-09-27T22:59:11.713+0000] {processor.py:766} INFO - DAG(s) dict_keys(['latest_only_with_trigger']) retrieved from /home/airflow/.local/lib/python3.7/site-packages/airflow/example_dags/example_latest_only_with_trigger.py
[2024-09-27T22:59:11.792+0000] {logging_mixin.py:120} INFO - [2024-09-27T22:59:11.792+0000] {dag.py:2585} INFO - Sync 1 DAGs
[2024-09-27T22:59:11.845+0000] {logging_mixin.py:120} INFO - [2024-09-27T22:59:11.845+0000] {dag.py:3340} INFO - Setting next_dagrun for latest_only_with_trigger to 2024-09-27T18:59:11.844780+00:00, run_after=2024-09-27T22:59:11.844780+00:00
[2024-09-27T22:59:11.875+0000] {processor.py:176} INFO - Processing /home/airflow/.local/lib/python3.7/site-packages/airflow/example_dags/example_latest_only_with_trigger.py took 0.201 seconds
[2024-09-27T22:59:42.087+0000] {processor.py:154} INFO - Started process (PID=8787) to work on /home/airflow/.local/lib/python3.7/site-packages/airflow/example_dags/example_latest_only_with_trigger.py
[2024-09-27T22:59:42.090+0000] {processor.py:756} INFO - Processing file /home/airflow/.local/lib/python3.7/site-packages/airflow/example_dags/example_latest_only_with_trigger.py for tasks to queue
[2024-09-27T22:59:42.094+0000] {logging_mixin.py:120} INFO - [2024-09-27T22:59:42.094+0000] {dagbag.py:537} INFO - Filling up the DagBag from /home/airflow/.local/lib/python3.7/site-packages/airflow/example_dags/example_latest_only_with_trigger.py
[2024-09-27T22:59:42.114+0000] {processor.py:766} INFO - DAG(s) dict_keys(['latest_only_with_trigger']) retrieved from /home/airflow/.local/lib/python3.7/site-packages/airflow/example_dags/example_latest_only_with_trigger.py
[2024-09-27T22:59:42.173+0000] {logging_mixin.py:120} INFO - [2024-09-27T22:59:42.173+0000] {dag.py:2585} INFO - Sync 1 DAGs
[2024-09-27T22:59:42.207+0000] {logging_mixin.py:120} INFO - [2024-09-27T22:59:42.207+0000] {dag.py:3340} INFO - Setting next_dagrun for latest_only_with_trigger to 2024-09-27T18:59:42.206814+00:00, run_after=2024-09-27T22:59:42.206814+00:00
[2024-09-27T22:59:42.236+0000] {processor.py:176} INFO - Processing /home/airflow/.local/lib/python3.7/site-packages/airflow/example_dags/example_latest_only_with_trigger.py took 0.153 seconds
[2024-09-27T23:00:12.371+0000] {processor.py:154} INFO - Started process (PID=8857) to work on /home/airflow/.local/lib/python3.7/site-packages/airflow/example_dags/example_latest_only_with_trigger.py
[2024-09-27T23:00:12.372+0000] {processor.py:756} INFO - Processing file /home/airflow/.local/lib/python3.7/site-packages/airflow/example_dags/example_latest_only_with_trigger.py for tasks to queue
[2024-09-27T23:00:12.373+0000] {logging_mixin.py:120} INFO - [2024-09-27T23:00:12.373+0000] {dagbag.py:537} INFO - Filling up the DagBag from /home/airflow/.local/lib/python3.7/site-packages/airflow/example_dags/example_latest_only_with_trigger.py
[2024-09-27T23:00:12.388+0000] {processor.py:766} INFO - DAG(s) dict_keys(['latest_only_with_trigger']) retrieved from /home/airflow/.local/lib/python3.7/site-packages/airflow/example_dags/example_latest_only_with_trigger.py
[2024-09-27T23:00:12.431+0000] {logging_mixin.py:120} INFO - [2024-09-27T23:00:12.431+0000] {dag.py:2585} INFO - Sync 1 DAGs
[2024-09-27T23:00:12.458+0000] {logging_mixin.py:120} INFO - [2024-09-27T23:00:12.458+0000] {dag.py:3340} INFO - Setting next_dagrun for latest_only_with_trigger to 2024-09-27T19:00:12.458223+00:00, run_after=2024-09-27T23:00:12.458223+00:00
[2024-09-27T23:00:12.482+0000] {processor.py:176} INFO - Processing /home/airflow/.local/lib/python3.7/site-packages/airflow/example_dags/example_latest_only_with_trigger.py took 0.115 seconds
[2024-09-27T23:00:42.828+0000] {processor.py:154} INFO - Started process (PID=8927) to work on /home/airflow/.local/lib/python3.7/site-packages/airflow/example_dags/example_latest_only_with_trigger.py
[2024-09-27T23:00:42.831+0000] {processor.py:756} INFO - Processing file /home/airflow/.local/lib/python3.7/site-packages/airflow/example_dags/example_latest_only_with_trigger.py for tasks to queue
[2024-09-27T23:00:42.833+0000] {logging_mixin.py:120} INFO - [2024-09-27T23:00:42.832+0000] {dagbag.py:537} INFO - Filling up the DagBag from /home/airflow/.local/lib/python3.7/site-packages/airflow/example_dags/example_latest_only_with_trigger.py
[2024-09-27T23:00:42.855+0000] {processor.py:766} INFO - DAG(s) dict_keys(['latest_only_with_trigger']) retrieved from /home/airflow/.local/lib/python3.7/site-packages/airflow/example_dags/example_latest_only_with_trigger.py
[2024-09-27T23:00:42.913+0000] {logging_mixin.py:120} INFO - [2024-09-27T23:00:42.912+0000] {dag.py:2585} INFO - Sync 1 DAGs
[2024-09-27T23:00:42.944+0000] {logging_mixin.py:120} INFO - [2024-09-27T23:00:42.944+0000] {dag.py:3340} INFO - Setting next_dagrun for latest_only_with_trigger to 2024-09-27T19:00:42.944042+00:00, run_after=2024-09-27T23:00:42.944042+00:00
[2024-09-27T23:00:42.968+0000] {processor.py:176} INFO - Processing /home/airflow/.local/lib/python3.7/site-packages/airflow/example_dags/example_latest_only_with_trigger.py took 0.144 seconds
[2024-09-27T23:01:13.268+0000] {processor.py:154} INFO - Started process (PID=8988) to work on /home/airflow/.local/lib/python3.7/site-packages/airflow/example_dags/example_latest_only_with_trigger.py
[2024-09-27T23:01:13.270+0000] {processor.py:756} INFO - Processing file /home/airflow/.local/lib/python3.7/site-packages/airflow/example_dags/example_latest_only_with_trigger.py for tasks to queue
[2024-09-27T23:01:13.272+0000] {logging_mixin.py:120} INFO - [2024-09-27T23:01:13.272+0000] {dagbag.py:537} INFO - Filling up the DagBag from /home/airflow/.local/lib/python3.7/site-packages/airflow/example_dags/example_latest_only_with_trigger.py
[2024-09-27T23:01:13.293+0000] {processor.py:766} INFO - DAG(s) dict_keys(['latest_only_with_trigger']) retrieved from /home/airflow/.local/lib/python3.7/site-packages/airflow/example_dags/example_latest_only_with_trigger.py
[2024-09-27T23:01:13.345+0000] {logging_mixin.py:120} INFO - [2024-09-27T23:01:13.345+0000] {dag.py:2585} INFO - Sync 1 DAGs
[2024-09-27T23:01:13.379+0000] {logging_mixin.py:120} INFO - [2024-09-27T23:01:13.379+0000] {dag.py:3340} INFO - Setting next_dagrun for latest_only_with_trigger to 2024-09-27T19:01:13.378751+00:00, run_after=2024-09-27T23:01:13.378751+00:00
[2024-09-27T23:01:13.408+0000] {processor.py:176} INFO - Processing /home/airflow/.local/lib/python3.7/site-packages/airflow/example_dags/example_latest_only_with_trigger.py took 0.145 seconds
[2024-09-27T23:01:43.647+0000] {processor.py:154} INFO - Started process (PID=9058) to work on /home/airflow/.local/lib/python3.7/site-packages/airflow/example_dags/example_latest_only_with_trigger.py
[2024-09-27T23:01:43.649+0000] {processor.py:756} INFO - Processing file /home/airflow/.local/lib/python3.7/site-packages/airflow/example_dags/example_latest_only_with_trigger.py for tasks to queue
[2024-09-27T23:01:43.650+0000] {logging_mixin.py:120} INFO - [2024-09-27T23:01:43.650+0000] {dagbag.py:537} INFO - Filling up the DagBag from /home/airflow/.local/lib/python3.7/site-packages/airflow/example_dags/example_latest_only_with_trigger.py
[2024-09-27T23:01:43.665+0000] {processor.py:766} INFO - DAG(s) dict_keys(['latest_only_with_trigger']) retrieved from /home/airflow/.local/lib/python3.7/site-packages/airflow/example_dags/example_latest_only_with_trigger.py
[2024-09-27T23:01:43.705+0000] {logging_mixin.py:120} INFO - [2024-09-27T23:01:43.705+0000] {dag.py:2585} INFO - Sync 1 DAGs
[2024-09-27T23:01:43.734+0000] {logging_mixin.py:120} INFO - [2024-09-27T23:01:43.734+0000] {dag.py:3340} INFO - Setting next_dagrun for latest_only_with_trigger to 2024-09-27T19:01:43.734034+00:00, run_after=2024-09-27T23:01:43.734034+00:00
[2024-09-27T23:01:43.754+0000] {processor.py:176} INFO - Processing /home/airflow/.local/lib/python3.7/site-packages/airflow/example_dags/example_latest_only_with_trigger.py took 0.110 seconds
[2024-09-27T23:02:14.408+0000] {processor.py:154} INFO - Started process (PID=9128) to work on /home/airflow/.local/lib/python3.7/site-packages/airflow/example_dags/example_latest_only_with_trigger.py
[2024-09-27T23:02:14.411+0000] {processor.py:756} INFO - Processing file /home/airflow/.local/lib/python3.7/site-packages/airflow/example_dags/example_latest_only_with_trigger.py for tasks to queue
[2024-09-27T23:02:14.414+0000] {logging_mixin.py:120} INFO - [2024-09-27T23:02:14.414+0000] {dagbag.py:537} INFO - Filling up the DagBag from /home/airflow/.local/lib/python3.7/site-packages/airflow/example_dags/example_latest_only_with_trigger.py
[2024-09-27T23:02:14.444+0000] {processor.py:766} INFO - DAG(s) dict_keys(['latest_only_with_trigger']) retrieved from /home/airflow/.local/lib/python3.7/site-packages/airflow/example_dags/example_latest_only_with_trigger.py
[2024-09-27T23:02:14.499+0000] {logging_mixin.py:120} INFO - [2024-09-27T23:02:14.499+0000] {dag.py:2585} INFO - Sync 1 DAGs
[2024-09-27T23:02:14.538+0000] {logging_mixin.py:120} INFO - [2024-09-27T23:02:14.538+0000] {dag.py:3340} INFO - Setting next_dagrun for latest_only_with_trigger to 2024-09-27T19:02:14.538059+00:00, run_after=2024-09-27T23:02:14.538059+00:00
[2024-09-27T23:02:14.564+0000] {processor.py:176} INFO - Processing /home/airflow/.local/lib/python3.7/site-packages/airflow/example_dags/example_latest_only_with_trigger.py took 0.161 seconds
[2024-09-27T23:02:45.553+0000] {processor.py:154} INFO - Started process (PID=9197) to work on /home/airflow/.local/lib/python3.7/site-packages/airflow/example_dags/example_latest_only_with_trigger.py
[2024-09-27T23:02:45.556+0000] {processor.py:756} INFO - Processing file /home/airflow/.local/lib/python3.7/site-packages/airflow/example_dags/example_latest_only_with_trigger.py for tasks to queue
[2024-09-27T23:02:45.557+0000] {logging_mixin.py:120} INFO - [2024-09-27T23:02:45.557+0000] {dagbag.py:537} INFO - Filling up the DagBag from /home/airflow/.local/lib/python3.7/site-packages/airflow/example_dags/example_latest_only_with_trigger.py
[2024-09-27T23:02:45.582+0000] {processor.py:766} INFO - DAG(s) dict_keys(['latest_only_with_trigger']) retrieved from /home/airflow/.local/lib/python3.7/site-packages/airflow/example_dags/example_latest_only_with_trigger.py
[2024-09-27T23:02:45.637+0000] {logging_mixin.py:120} INFO - [2024-09-27T23:02:45.637+0000] {dag.py:2585} INFO - Sync 1 DAGs
[2024-09-27T23:02:45.676+0000] {logging_mixin.py:120} INFO - [2024-09-27T23:02:45.676+0000] {dag.py:3340} INFO - Setting next_dagrun for latest_only_with_trigger to 2024-09-27T19:02:45.676240+00:00, run_after=2024-09-27T23:02:45.676240+00:00
[2024-09-27T23:02:45.709+0000] {processor.py:176} INFO - Processing /home/airflow/.local/lib/python3.7/site-packages/airflow/example_dags/example_latest_only_with_trigger.py took 0.161 seconds
[2024-09-27T23:03:16.027+0000] {processor.py:154} INFO - Started process (PID=9258) to work on /home/airflow/.local/lib/python3.7/site-packages/airflow/example_dags/example_latest_only_with_trigger.py
[2024-09-27T23:03:16.030+0000] {processor.py:756} INFO - Processing file /home/airflow/.local/lib/python3.7/site-packages/airflow/example_dags/example_latest_only_with_trigger.py for tasks to queue
[2024-09-27T23:03:16.031+0000] {logging_mixin.py:120} INFO - [2024-09-27T23:03:16.031+0000] {dagbag.py:537} INFO - Filling up the DagBag from /home/airflow/.local/lib/python3.7/site-packages/airflow/example_dags/example_latest_only_with_trigger.py
[2024-09-27T23:03:16.049+0000] {processor.py:766} INFO - DAG(s) dict_keys(['latest_only_with_trigger']) retrieved from /home/airflow/.local/lib/python3.7/site-packages/airflow/example_dags/example_latest_only_with_trigger.py
[2024-09-27T23:03:16.098+0000] {logging_mixin.py:120} INFO - [2024-09-27T23:03:16.098+0000] {dag.py:2585} INFO - Sync 1 DAGs
[2024-09-27T23:03:16.128+0000] {logging_mixin.py:120} INFO - [2024-09-27T23:03:16.128+0000] {dag.py:3340} INFO - Setting next_dagrun for latest_only_with_trigger to 2024-09-27T19:03:16.127987+00:00, run_after=2024-09-27T23:03:16.127987+00:00
[2024-09-27T23:03:16.152+0000] {processor.py:176} INFO - Processing /home/airflow/.local/lib/python3.7/site-packages/airflow/example_dags/example_latest_only_with_trigger.py took 0.129 seconds
[2024-09-27T23:03:47.013+0000] {processor.py:154} INFO - Started process (PID=9330) to work on /home/airflow/.local/lib/python3.7/site-packages/airflow/example_dags/example_latest_only_with_trigger.py
[2024-09-27T23:03:47.016+0000] {processor.py:756} INFO - Processing file /home/airflow/.local/lib/python3.7/site-packages/airflow/example_dags/example_latest_only_with_trigger.py for tasks to queue
[2024-09-27T23:03:47.017+0000] {logging_mixin.py:120} INFO - [2024-09-27T23:03:47.017+0000] {dagbag.py:537} INFO - Filling up the DagBag from /home/airflow/.local/lib/python3.7/site-packages/airflow/example_dags/example_latest_only_with_trigger.py
[2024-09-27T23:03:47.038+0000] {processor.py:766} INFO - DAG(s) dict_keys(['latest_only_with_trigger']) retrieved from /home/airflow/.local/lib/python3.7/site-packages/airflow/example_dags/example_latest_only_with_trigger.py
[2024-09-27T23:03:47.089+0000] {logging_mixin.py:120} INFO - [2024-09-27T23:03:47.089+0000] {dag.py:2585} INFO - Sync 1 DAGs
[2024-09-27T23:03:47.122+0000] {logging_mixin.py:120} INFO - [2024-09-27T23:03:47.122+0000] {dag.py:3340} INFO - Setting next_dagrun for latest_only_with_trigger to 2024-09-27T19:03:47.121809+00:00, run_after=2024-09-27T23:03:47.121809+00:00
[2024-09-27T23:03:47.145+0000] {processor.py:176} INFO - Processing /home/airflow/.local/lib/python3.7/site-packages/airflow/example_dags/example_latest_only_with_trigger.py took 0.137 seconds
[2024-09-27T23:04:17.761+0000] {processor.py:154} INFO - Started process (PID=9402) to work on /home/airflow/.local/lib/python3.7/site-packages/airflow/example_dags/example_latest_only_with_trigger.py
[2024-09-27T23:04:17.765+0000] {processor.py:756} INFO - Processing file /home/airflow/.local/lib/python3.7/site-packages/airflow/example_dags/example_latest_only_with_trigger.py for tasks to queue
[2024-09-27T23:04:17.766+0000] {logging_mixin.py:120} INFO - [2024-09-27T23:04:17.766+0000] {dagbag.py:537} INFO - Filling up the DagBag from /home/airflow/.local/lib/python3.7/site-packages/airflow/example_dags/example_latest_only_with_trigger.py
[2024-09-27T23:04:17.797+0000] {processor.py:766} INFO - DAG(s) dict_keys(['latest_only_with_trigger']) retrieved from /home/airflow/.local/lib/python3.7/site-packages/airflow/example_dags/example_latest_only_with_trigger.py
[2024-09-27T23:04:17.878+0000] {logging_mixin.py:120} INFO - [2024-09-27T23:04:17.878+0000] {dag.py:2585} INFO - Sync 1 DAGs
[2024-09-27T23:04:17.929+0000] {logging_mixin.py:120} INFO - [2024-09-27T23:04:17.929+0000] {dag.py:3340} INFO - Setting next_dagrun for latest_only_with_trigger to 2024-09-27T19:04:17.928929+00:00, run_after=2024-09-27T23:04:17.928929+00:00
[2024-09-27T23:04:17.971+0000] {processor.py:176} INFO - Processing /home/airflow/.local/lib/python3.7/site-packages/airflow/example_dags/example_latest_only_with_trigger.py took 0.217 seconds
[2024-09-27T23:04:48.606+0000] {processor.py:154} INFO - Started process (PID=9463) to work on /home/airflow/.local/lib/python3.7/site-packages/airflow/example_dags/example_latest_only_with_trigger.py
[2024-09-27T23:04:48.609+0000] {processor.py:756} INFO - Processing file /home/airflow/.local/lib/python3.7/site-packages/airflow/example_dags/example_latest_only_with_trigger.py for tasks to queue
[2024-09-27T23:04:48.610+0000] {logging_mixin.py:120} INFO - [2024-09-27T23:04:48.610+0000] {dagbag.py:537} INFO - Filling up the DagBag from /home/airflow/.local/lib/python3.7/site-packages/airflow/example_dags/example_latest_only_with_trigger.py
[2024-09-27T23:04:48.633+0000] {processor.py:766} INFO - DAG(s) dict_keys(['latest_only_with_trigger']) retrieved from /home/airflow/.local/lib/python3.7/site-packages/airflow/example_dags/example_latest_only_with_trigger.py
[2024-09-27T23:04:48.685+0000] {logging_mixin.py:120} INFO - [2024-09-27T23:04:48.685+0000] {dag.py:2585} INFO - Sync 1 DAGs
[2024-09-27T23:04:48.717+0000] {logging_mixin.py:120} INFO - [2024-09-27T23:04:48.717+0000] {dag.py:3340} INFO - Setting next_dagrun for latest_only_with_trigger to 2024-09-27T19:04:48.716953+00:00, run_after=2024-09-27T23:04:48.716953+00:00
[2024-09-27T23:04:48.741+0000] {processor.py:176} INFO - Processing /home/airflow/.local/lib/python3.7/site-packages/airflow/example_dags/example_latest_only_with_trigger.py took 0.139 seconds
[2024-09-27T23:05:19.427+0000] {processor.py:154} INFO - Started process (PID=9533) to work on /home/airflow/.local/lib/python3.7/site-packages/airflow/example_dags/example_latest_only_with_trigger.py
[2024-09-27T23:05:19.431+0000] {processor.py:756} INFO - Processing file /home/airflow/.local/lib/python3.7/site-packages/airflow/example_dags/example_latest_only_with_trigger.py for tasks to queue
[2024-09-27T23:05:19.434+0000] {logging_mixin.py:120} INFO - [2024-09-27T23:05:19.433+0000] {dagbag.py:537} INFO - Filling up the DagBag from /home/airflow/.local/lib/python3.7/site-packages/airflow/example_dags/example_latest_only_with_trigger.py
[2024-09-27T23:05:19.465+0000] {processor.py:766} INFO - DAG(s) dict_keys(['latest_only_with_trigger']) retrieved from /home/airflow/.local/lib/python3.7/site-packages/airflow/example_dags/example_latest_only_with_trigger.py
[2024-09-27T23:05:19.546+0000] {logging_mixin.py:120} INFO - [2024-09-27T23:05:19.546+0000] {dag.py:2585} INFO - Sync 1 DAGs
[2024-09-27T23:05:19.604+0000] {logging_mixin.py:120} INFO - [2024-09-27T23:05:19.604+0000] {dag.py:3340} INFO - Setting next_dagrun for latest_only_with_trigger to 2024-09-27T19:05:19.603629+00:00, run_after=2024-09-27T23:05:19.603629+00:00
[2024-09-27T23:05:19.659+0000] {processor.py:176} INFO - Processing /home/airflow/.local/lib/python3.7/site-packages/airflow/example_dags/example_latest_only_with_trigger.py took 0.239 seconds
[2024-09-27T23:05:49.964+0000] {processor.py:154} INFO - Started process (PID=9603) to work on /home/airflow/.local/lib/python3.7/site-packages/airflow/example_dags/example_latest_only_with_trigger.py
[2024-09-27T23:05:49.968+0000] {processor.py:756} INFO - Processing file /home/airflow/.local/lib/python3.7/site-packages/airflow/example_dags/example_latest_only_with_trigger.py for tasks to queue
[2024-09-27T23:05:49.970+0000] {logging_mixin.py:120} INFO - [2024-09-27T23:05:49.970+0000] {dagbag.py:537} INFO - Filling up the DagBag from /home/airflow/.local/lib/python3.7/site-packages/airflow/example_dags/example_latest_only_with_trigger.py
[2024-09-27T23:05:50.001+0000] {processor.py:766} INFO - DAG(s) dict_keys(['latest_only_with_trigger']) retrieved from /home/airflow/.local/lib/python3.7/site-packages/airflow/example_dags/example_latest_only_with_trigger.py
[2024-09-27T23:05:50.063+0000] {logging_mixin.py:120} INFO - [2024-09-27T23:05:50.063+0000] {dag.py:2585} INFO - Sync 1 DAGs
[2024-09-27T23:05:50.103+0000] {logging_mixin.py:120} INFO - [2024-09-27T23:05:50.103+0000] {dag.py:3340} INFO - Setting next_dagrun for latest_only_with_trigger to 2024-09-27T19:05:50.102929+00:00, run_after=2024-09-27T23:05:50.102929+00:00
[2024-09-27T23:05:50.132+0000] {processor.py:176} INFO - Processing /home/airflow/.local/lib/python3.7/site-packages/airflow/example_dags/example_latest_only_with_trigger.py took 0.173 seconds
[2024-09-27T23:06:21.009+0000] {processor.py:154} INFO - Started process (PID=9665) to work on /home/airflow/.local/lib/python3.7/site-packages/airflow/example_dags/example_latest_only_with_trigger.py
[2024-09-27T23:06:21.014+0000] {processor.py:756} INFO - Processing file /home/airflow/.local/lib/python3.7/site-packages/airflow/example_dags/example_latest_only_with_trigger.py for tasks to queue
[2024-09-27T23:06:21.019+0000] {logging_mixin.py:120} INFO - [2024-09-27T23:06:21.018+0000] {dagbag.py:537} INFO - Filling up the DagBag from /home/airflow/.local/lib/python3.7/site-packages/airflow/example_dags/example_latest_only_with_trigger.py
[2024-09-27T23:06:21.058+0000] {processor.py:766} INFO - DAG(s) dict_keys(['latest_only_with_trigger']) retrieved from /home/airflow/.local/lib/python3.7/site-packages/airflow/example_dags/example_latest_only_with_trigger.py
[2024-09-27T23:06:21.187+0000] {logging_mixin.py:120} INFO - [2024-09-27T23:06:21.187+0000] {dag.py:2585} INFO - Sync 1 DAGs
[2024-09-27T23:06:21.263+0000] {logging_mixin.py:120} INFO - [2024-09-27T23:06:21.262+0000] {dag.py:3340} INFO - Setting next_dagrun for latest_only_with_trigger to 2024-09-27T19:06:21.262155+00:00, run_after=2024-09-27T23:06:21.262155+00:00
[2024-09-27T23:06:21.308+0000] {processor.py:176} INFO - Processing /home/airflow/.local/lib/python3.7/site-packages/airflow/example_dags/example_latest_only_with_trigger.py took 0.306 seconds
[2024-09-27T23:06:51.531+0000] {processor.py:154} INFO - Started process (PID=9740) to work on /home/airflow/.local/lib/python3.7/site-packages/airflow/example_dags/example_latest_only_with_trigger.py
[2024-09-27T23:06:51.534+0000] {processor.py:756} INFO - Processing file /home/airflow/.local/lib/python3.7/site-packages/airflow/example_dags/example_latest_only_with_trigger.py for tasks to queue
[2024-09-27T23:06:51.536+0000] {logging_mixin.py:120} INFO - [2024-09-27T23:06:51.535+0000] {dagbag.py:537} INFO - Filling up the DagBag from /home/airflow/.local/lib/python3.7/site-packages/airflow/example_dags/example_latest_only_with_trigger.py
[2024-09-27T23:06:51.563+0000] {processor.py:766} INFO - DAG(s) dict_keys(['latest_only_with_trigger']) retrieved from /home/airflow/.local/lib/python3.7/site-packages/airflow/example_dags/example_latest_only_with_trigger.py
[2024-09-27T23:06:51.624+0000] {logging_mixin.py:120} INFO - [2024-09-27T23:06:51.624+0000] {dag.py:2585} INFO - Sync 1 DAGs
[2024-09-27T23:06:51.662+0000] {logging_mixin.py:120} INFO - [2024-09-27T23:06:51.662+0000] {dag.py:3340} INFO - Setting next_dagrun for latest_only_with_trigger to 2024-09-27T19:06:51.661765+00:00, run_after=2024-09-27T23:06:51.661765+00:00
[2024-09-27T23:06:51.690+0000] {processor.py:176} INFO - Processing /home/airflow/.local/lib/python3.7/site-packages/airflow/example_dags/example_latest_only_with_trigger.py took 0.164 seconds
[2024-09-27T23:07:22.652+0000] {processor.py:154} INFO - Started process (PID=9801) to work on /home/airflow/.local/lib/python3.7/site-packages/airflow/example_dags/example_latest_only_with_trigger.py
[2024-09-27T23:07:22.654+0000] {processor.py:756} INFO - Processing file /home/airflow/.local/lib/python3.7/site-packages/airflow/example_dags/example_latest_only_with_trigger.py for tasks to queue
[2024-09-27T23:07:22.655+0000] {logging_mixin.py:120} INFO - [2024-09-27T23:07:22.655+0000] {dagbag.py:537} INFO - Filling up the DagBag from /home/airflow/.local/lib/python3.7/site-packages/airflow/example_dags/example_latest_only_with_trigger.py
[2024-09-27T23:07:22.675+0000] {processor.py:766} INFO - DAG(s) dict_keys(['latest_only_with_trigger']) retrieved from /home/airflow/.local/lib/python3.7/site-packages/airflow/example_dags/example_latest_only_with_trigger.py
[2024-09-27T23:07:22.723+0000] {logging_mixin.py:120} INFO - [2024-09-27T23:07:22.723+0000] {dag.py:2585} INFO - Sync 1 DAGs
[2024-09-27T23:07:22.754+0000] {logging_mixin.py:120} INFO - [2024-09-27T23:07:22.754+0000] {dag.py:3340} INFO - Setting next_dagrun for latest_only_with_trigger to 2024-09-27T19:07:22.754486+00:00, run_after=2024-09-27T23:07:22.754486+00:00
[2024-09-27T23:07:22.780+0000] {processor.py:176} INFO - Processing /home/airflow/.local/lib/python3.7/site-packages/airflow/example_dags/example_latest_only_with_trigger.py took 0.132 seconds
[2024-09-27T23:07:53.703+0000] {processor.py:154} INFO - Started process (PID=9875) to work on /home/airflow/.local/lib/python3.7/site-packages/airflow/example_dags/example_latest_only_with_trigger.py
[2024-09-27T23:07:53.707+0000] {processor.py:756} INFO - Processing file /home/airflow/.local/lib/python3.7/site-packages/airflow/example_dags/example_latest_only_with_trigger.py for tasks to queue
[2024-09-27T23:07:53.709+0000] {logging_mixin.py:120} INFO - [2024-09-27T23:07:53.709+0000] {dagbag.py:537} INFO - Filling up the DagBag from /home/airflow/.local/lib/python3.7/site-packages/airflow/example_dags/example_latest_only_with_trigger.py
[2024-09-27T23:07:53.727+0000] {processor.py:766} INFO - DAG(s) dict_keys(['latest_only_with_trigger']) retrieved from /home/airflow/.local/lib/python3.7/site-packages/airflow/example_dags/example_latest_only_with_trigger.py
[2024-09-27T23:07:53.776+0000] {logging_mixin.py:120} INFO - [2024-09-27T23:07:53.775+0000] {dag.py:2585} INFO - Sync 1 DAGs
[2024-09-27T23:07:53.818+0000] {logging_mixin.py:120} INFO - [2024-09-27T23:07:53.818+0000] {dag.py:3340} INFO - Setting next_dagrun for latest_only_with_trigger to 2024-09-27T19:07:53.818001+00:00, run_after=2024-09-27T23:07:53.818001+00:00
[2024-09-27T23:07:53.845+0000] {processor.py:176} INFO - Processing /home/airflow/.local/lib/python3.7/site-packages/airflow/example_dags/example_latest_only_with_trigger.py took 0.146 seconds
[2024-09-27T23:08:24.342+0000] {processor.py:154} INFO - Started process (PID=9945) to work on /home/airflow/.local/lib/python3.7/site-packages/airflow/example_dags/example_latest_only_with_trigger.py
[2024-09-27T23:08:24.344+0000] {processor.py:756} INFO - Processing file /home/airflow/.local/lib/python3.7/site-packages/airflow/example_dags/example_latest_only_with_trigger.py for tasks to queue
[2024-09-27T23:08:24.346+0000] {logging_mixin.py:120} INFO - [2024-09-27T23:08:24.346+0000] {dagbag.py:537} INFO - Filling up the DagBag from /home/airflow/.local/lib/python3.7/site-packages/airflow/example_dags/example_latest_only_with_trigger.py
[2024-09-27T23:08:24.366+0000] {processor.py:766} INFO - DAG(s) dict_keys(['latest_only_with_trigger']) retrieved from /home/airflow/.local/lib/python3.7/site-packages/airflow/example_dags/example_latest_only_with_trigger.py
[2024-09-27T23:08:24.415+0000] {logging_mixin.py:120} INFO - [2024-09-27T23:08:24.415+0000] {dag.py:2585} INFO - Sync 1 DAGs
[2024-09-27T23:08:24.445+0000] {logging_mixin.py:120} INFO - [2024-09-27T23:08:24.445+0000] {dag.py:3340} INFO - Setting next_dagrun for latest_only_with_trigger to 2024-09-27T19:08:24.445021+00:00, run_after=2024-09-27T23:08:24.445021+00:00
[2024-09-27T23:08:24.466+0000] {processor.py:176} INFO - Processing /home/airflow/.local/lib/python3.7/site-packages/airflow/example_dags/example_latest_only_with_trigger.py took 0.129 seconds
[2024-09-27T23:08:54.863+0000] {processor.py:154} INFO - Started process (PID=10014) to work on /home/airflow/.local/lib/python3.7/site-packages/airflow/example_dags/example_latest_only_with_trigger.py
[2024-09-27T23:08:54.865+0000] {processor.py:756} INFO - Processing file /home/airflow/.local/lib/python3.7/site-packages/airflow/example_dags/example_latest_only_with_trigger.py for tasks to queue
[2024-09-27T23:08:54.867+0000] {logging_mixin.py:120} INFO - [2024-09-27T23:08:54.866+0000] {dagbag.py:537} INFO - Filling up the DagBag from /home/airflow/.local/lib/python3.7/site-packages/airflow/example_dags/example_latest_only_with_trigger.py
[2024-09-27T23:08:54.889+0000] {processor.py:766} INFO - DAG(s) dict_keys(['latest_only_with_trigger']) retrieved from /home/airflow/.local/lib/python3.7/site-packages/airflow/example_dags/example_latest_only_with_trigger.py
[2024-09-27T23:08:54.946+0000] {logging_mixin.py:120} INFO - [2024-09-27T23:08:54.946+0000] {dag.py:2585} INFO - Sync 1 DAGs
[2024-09-27T23:08:54.984+0000] {logging_mixin.py:120} INFO - [2024-09-27T23:08:54.984+0000] {dag.py:3340} INFO - Setting next_dagrun for latest_only_with_trigger to 2024-09-27T19:08:54.984367+00:00, run_after=2024-09-27T23:08:54.984367+00:00
[2024-09-27T23:08:55.015+0000] {processor.py:176} INFO - Processing /home/airflow/.local/lib/python3.7/site-packages/airflow/example_dags/example_latest_only_with_trigger.py took 0.158 seconds
[2024-09-27T23:09:25.237+0000] {processor.py:154} INFO - Started process (PID=10075) to work on /home/airflow/.local/lib/python3.7/site-packages/airflow/example_dags/example_latest_only_with_trigger.py
[2024-09-27T23:09:25.239+0000] {processor.py:756} INFO - Processing file /home/airflow/.local/lib/python3.7/site-packages/airflow/example_dags/example_latest_only_with_trigger.py for tasks to queue
[2024-09-27T23:09:25.240+0000] {logging_mixin.py:120} INFO - [2024-09-27T23:09:25.240+0000] {dagbag.py:537} INFO - Filling up the DagBag from /home/airflow/.local/lib/python3.7/site-packages/airflow/example_dags/example_latest_only_with_trigger.py
[2024-09-27T23:09:25.263+0000] {processor.py:766} INFO - DAG(s) dict_keys(['latest_only_with_trigger']) retrieved from /home/airflow/.local/lib/python3.7/site-packages/airflow/example_dags/example_latest_only_with_trigger.py
[2024-09-27T23:09:25.319+0000] {logging_mixin.py:120} INFO - [2024-09-27T23:09:25.319+0000] {dag.py:2585} INFO - Sync 1 DAGs
[2024-09-27T23:09:25.353+0000] {logging_mixin.py:120} INFO - [2024-09-27T23:09:25.353+0000] {dag.py:3340} INFO - Setting next_dagrun for latest_only_with_trigger to 2024-09-27T19:09:25.352951+00:00, run_after=2024-09-27T23:09:25.352951+00:00
[2024-09-27T23:09:25.377+0000] {processor.py:176} INFO - Processing /home/airflow/.local/lib/python3.7/site-packages/airflow/example_dags/example_latest_only_with_trigger.py took 0.146 seconds
[2024-09-27T23:09:55.765+0000] {processor.py:154} INFO - Started process (PID=10144) to work on /home/airflow/.local/lib/python3.7/site-packages/airflow/example_dags/example_latest_only_with_trigger.py
[2024-09-27T23:09:55.769+0000] {processor.py:756} INFO - Processing file /home/airflow/.local/lib/python3.7/site-packages/airflow/example_dags/example_latest_only_with_trigger.py for tasks to queue
[2024-09-27T23:09:55.771+0000] {logging_mixin.py:120} INFO - [2024-09-27T23:09:55.771+0000] {dagbag.py:537} INFO - Filling up the DagBag from /home/airflow/.local/lib/python3.7/site-packages/airflow/example_dags/example_latest_only_with_trigger.py
[2024-09-27T23:09:55.806+0000] {processor.py:766} INFO - DAG(s) dict_keys(['latest_only_with_trigger']) retrieved from /home/airflow/.local/lib/python3.7/site-packages/airflow/example_dags/example_latest_only_with_trigger.py
[2024-09-27T23:09:55.871+0000] {logging_mixin.py:120} INFO - [2024-09-27T23:09:55.871+0000] {dag.py:2585} INFO - Sync 1 DAGs
[2024-09-27T23:09:55.920+0000] {logging_mixin.py:120} INFO - [2024-09-27T23:09:55.920+0000] {dag.py:3340} INFO - Setting next_dagrun for latest_only_with_trigger to 2024-09-27T19:09:55.919959+00:00, run_after=2024-09-27T23:09:55.919959+00:00
[2024-09-27T23:09:55.947+0000] {processor.py:176} INFO - Processing /home/airflow/.local/lib/python3.7/site-packages/airflow/example_dags/example_latest_only_with_trigger.py took 0.191 seconds
[2024-09-27T23:10:26.436+0000] {processor.py:154} INFO - Started process (PID=10213) to work on /home/airflow/.local/lib/python3.7/site-packages/airflow/example_dags/example_latest_only_with_trigger.py
[2024-09-27T23:10:26.438+0000] {processor.py:756} INFO - Processing file /home/airflow/.local/lib/python3.7/site-packages/airflow/example_dags/example_latest_only_with_trigger.py for tasks to queue
[2024-09-27T23:10:26.439+0000] {logging_mixin.py:120} INFO - [2024-09-27T23:10:26.439+0000] {dagbag.py:537} INFO - Filling up the DagBag from /home/airflow/.local/lib/python3.7/site-packages/airflow/example_dags/example_latest_only_with_trigger.py
[2024-09-27T23:10:26.460+0000] {processor.py:766} INFO - DAG(s) dict_keys(['latest_only_with_trigger']) retrieved from /home/airflow/.local/lib/python3.7/site-packages/airflow/example_dags/example_latest_only_with_trigger.py
[2024-09-27T23:10:26.511+0000] {logging_mixin.py:120} INFO - [2024-09-27T23:10:26.511+0000] {dag.py:2585} INFO - Sync 1 DAGs
[2024-09-27T23:10:26.543+0000] {logging_mixin.py:120} INFO - [2024-09-27T23:10:26.543+0000] {dag.py:3340} INFO - Setting next_dagrun for latest_only_with_trigger to 2024-09-27T19:10:26.543445+00:00, run_after=2024-09-27T23:10:26.543445+00:00
[2024-09-27T23:10:26.566+0000] {processor.py:176} INFO - Processing /home/airflow/.local/lib/python3.7/site-packages/airflow/example_dags/example_latest_only_with_trigger.py took 0.134 seconds
[2024-09-27T23:10:57.444+0000] {processor.py:154} INFO - Started process (PID=10274) to work on /home/airflow/.local/lib/python3.7/site-packages/airflow/example_dags/example_latest_only_with_trigger.py
[2024-09-27T23:10:57.446+0000] {processor.py:756} INFO - Processing file /home/airflow/.local/lib/python3.7/site-packages/airflow/example_dags/example_latest_only_with_trigger.py for tasks to queue
[2024-09-27T23:10:57.447+0000] {logging_mixin.py:120} INFO - [2024-09-27T23:10:57.447+0000] {dagbag.py:537} INFO - Filling up the DagBag from /home/airflow/.local/lib/python3.7/site-packages/airflow/example_dags/example_latest_only_with_trigger.py
[2024-09-27T23:10:57.465+0000] {processor.py:766} INFO - DAG(s) dict_keys(['latest_only_with_trigger']) retrieved from /home/airflow/.local/lib/python3.7/site-packages/airflow/example_dags/example_latest_only_with_trigger.py
[2024-09-27T23:10:57.512+0000] {logging_mixin.py:120} INFO - [2024-09-27T23:10:57.512+0000] {dag.py:2585} INFO - Sync 1 DAGs
[2024-09-27T23:10:57.539+0000] {logging_mixin.py:120} INFO - [2024-09-27T23:10:57.539+0000] {dag.py:3340} INFO - Setting next_dagrun for latest_only_with_trigger to 2024-09-27T19:10:57.539588+00:00, run_after=2024-09-27T23:10:57.539588+00:00
[2024-09-27T23:10:57.563+0000] {processor.py:176} INFO - Processing /home/airflow/.local/lib/python3.7/site-packages/airflow/example_dags/example_latest_only_with_trigger.py took 0.123 seconds
[2024-09-27T23:11:28.591+0000] {processor.py:154} INFO - Started process (PID=10343) to work on /home/airflow/.local/lib/python3.7/site-packages/airflow/example_dags/example_latest_only_with_trigger.py
[2024-09-27T23:11:28.593+0000] {processor.py:756} INFO - Processing file /home/airflow/.local/lib/python3.7/site-packages/airflow/example_dags/example_latest_only_with_trigger.py for tasks to queue
[2024-09-27T23:11:28.594+0000] {logging_mixin.py:120} INFO - [2024-09-27T23:11:28.594+0000] {dagbag.py:537} INFO - Filling up the DagBag from /home/airflow/.local/lib/python3.7/site-packages/airflow/example_dags/example_latest_only_with_trigger.py
[2024-09-27T23:11:28.612+0000] {processor.py:766} INFO - DAG(s) dict_keys(['latest_only_with_trigger']) retrieved from /home/airflow/.local/lib/python3.7/site-packages/airflow/example_dags/example_latest_only_with_trigger.py
[2024-09-27T23:11:28.660+0000] {logging_mixin.py:120} INFO - [2024-09-27T23:11:28.659+0000] {dag.py:2585} INFO - Sync 1 DAGs
[2024-09-27T23:11:28.691+0000] {logging_mixin.py:120} INFO - [2024-09-27T23:11:28.691+0000] {dag.py:3340} INFO - Setting next_dagrun for latest_only_with_trigger to 2024-09-27T19:11:28.691217+00:00, run_after=2024-09-27T23:11:28.691217+00:00
[2024-09-27T23:11:28.723+0000] {processor.py:176} INFO - Processing /home/airflow/.local/lib/python3.7/site-packages/airflow/example_dags/example_latest_only_with_trigger.py took 0.136 seconds
[2024-09-27T23:11:59.223+0000] {processor.py:154} INFO - Started process (PID=10412) to work on /home/airflow/.local/lib/python3.7/site-packages/airflow/example_dags/example_latest_only_with_trigger.py
[2024-09-27T23:11:59.226+0000] {processor.py:756} INFO - Processing file /home/airflow/.local/lib/python3.7/site-packages/airflow/example_dags/example_latest_only_with_trigger.py for tasks to queue
[2024-09-27T23:11:59.228+0000] {logging_mixin.py:120} INFO - [2024-09-27T23:11:59.228+0000] {dagbag.py:537} INFO - Filling up the DagBag from /home/airflow/.local/lib/python3.7/site-packages/airflow/example_dags/example_latest_only_with_trigger.py
[2024-09-27T23:11:59.257+0000] {processor.py:766} INFO - DAG(s) dict_keys(['latest_only_with_trigger']) retrieved from /home/airflow/.local/lib/python3.7/site-packages/airflow/example_dags/example_latest_only_with_trigger.py
[2024-09-27T23:11:59.318+0000] {logging_mixin.py:120} INFO - [2024-09-27T23:11:59.317+0000] {dag.py:2585} INFO - Sync 1 DAGs
[2024-09-27T23:11:59.351+0000] {logging_mixin.py:120} INFO - [2024-09-27T23:11:59.351+0000] {dag.py:3340} INFO - Setting next_dagrun for latest_only_with_trigger to 2024-09-27T19:11:59.351442+00:00, run_after=2024-09-27T23:11:59.351442+00:00
[2024-09-27T23:11:59.377+0000] {processor.py:176} INFO - Processing /home/airflow/.local/lib/python3.7/site-packages/airflow/example_dags/example_latest_only_with_trigger.py took 0.159 seconds
[2024-09-27T23:12:30.127+0000] {processor.py:154} INFO - Started process (PID=10482) to work on /home/airflow/.local/lib/python3.7/site-packages/airflow/example_dags/example_latest_only_with_trigger.py
[2024-09-27T23:12:30.130+0000] {processor.py:756} INFO - Processing file /home/airflow/.local/lib/python3.7/site-packages/airflow/example_dags/example_latest_only_with_trigger.py for tasks to queue
[2024-09-27T23:12:30.131+0000] {logging_mixin.py:120} INFO - [2024-09-27T23:12:30.131+0000] {dagbag.py:537} INFO - Filling up the DagBag from /home/airflow/.local/lib/python3.7/site-packages/airflow/example_dags/example_latest_only_with_trigger.py
[2024-09-27T23:12:30.154+0000] {processor.py:766} INFO - DAG(s) dict_keys(['latest_only_with_trigger']) retrieved from /home/airflow/.local/lib/python3.7/site-packages/airflow/example_dags/example_latest_only_with_trigger.py
[2024-09-27T23:12:30.242+0000] {logging_mixin.py:120} INFO - [2024-09-27T23:12:30.242+0000] {dag.py:2585} INFO - Sync 1 DAGs
[2024-09-27T23:12:30.279+0000] {logging_mixin.py:120} INFO - [2024-09-27T23:12:30.279+0000] {dag.py:3340} INFO - Setting next_dagrun for latest_only_with_trigger to 2024-09-27T19:12:30.278984+00:00, run_after=2024-09-27T23:12:30.278984+00:00
[2024-09-27T23:12:30.303+0000] {processor.py:176} INFO - Processing /home/airflow/.local/lib/python3.7/site-packages/airflow/example_dags/example_latest_only_with_trigger.py took 0.182 seconds
[2024-09-27T23:13:01.261+0000] {processor.py:154} INFO - Started process (PID=10543) to work on /home/airflow/.local/lib/python3.7/site-packages/airflow/example_dags/example_latest_only_with_trigger.py
[2024-09-27T23:13:01.263+0000] {processor.py:756} INFO - Processing file /home/airflow/.local/lib/python3.7/site-packages/airflow/example_dags/example_latest_only_with_trigger.py for tasks to queue
[2024-09-27T23:13:01.265+0000] {logging_mixin.py:120} INFO - [2024-09-27T23:13:01.265+0000] {dagbag.py:537} INFO - Filling up the DagBag from /home/airflow/.local/lib/python3.7/site-packages/airflow/example_dags/example_latest_only_with_trigger.py
[2024-09-27T23:13:01.286+0000] {processor.py:766} INFO - DAG(s) dict_keys(['latest_only_with_trigger']) retrieved from /home/airflow/.local/lib/python3.7/site-packages/airflow/example_dags/example_latest_only_with_trigger.py
[2024-09-27T23:13:01.335+0000] {logging_mixin.py:120} INFO - [2024-09-27T23:13:01.334+0000] {dag.py:2585} INFO - Sync 1 DAGs
[2024-09-27T23:13:01.365+0000] {logging_mixin.py:120} INFO - [2024-09-27T23:13:01.365+0000] {dag.py:3340} INFO - Setting next_dagrun for latest_only_with_trigger to 2024-09-27T19:13:01.365271+00:00, run_after=2024-09-27T23:13:01.365271+00:00
[2024-09-27T23:13:01.389+0000] {processor.py:176} INFO - Processing /home/airflow/.local/lib/python3.7/site-packages/airflow/example_dags/example_latest_only_with_trigger.py took 0.132 seconds
[2024-09-27T23:13:31.770+0000] {processor.py:154} INFO - Started process (PID=10614) to work on /home/airflow/.local/lib/python3.7/site-packages/airflow/example_dags/example_latest_only_with_trigger.py
[2024-09-27T23:13:31.773+0000] {processor.py:756} INFO - Processing file /home/airflow/.local/lib/python3.7/site-packages/airflow/example_dags/example_latest_only_with_trigger.py for tasks to queue
[2024-09-27T23:13:31.774+0000] {logging_mixin.py:120} INFO - [2024-09-27T23:13:31.774+0000] {dagbag.py:537} INFO - Filling up the DagBag from /home/airflow/.local/lib/python3.7/site-packages/airflow/example_dags/example_latest_only_with_trigger.py
[2024-09-27T23:13:31.796+0000] {processor.py:766} INFO - DAG(s) dict_keys(['latest_only_with_trigger']) retrieved from /home/airflow/.local/lib/python3.7/site-packages/airflow/example_dags/example_latest_only_with_trigger.py
[2024-09-27T23:13:31.864+0000] {logging_mixin.py:120} INFO - [2024-09-27T23:13:31.864+0000] {dag.py:2585} INFO - Sync 1 DAGs
[2024-09-27T23:13:31.922+0000] {logging_mixin.py:120} INFO - [2024-09-27T23:13:31.921+0000] {dag.py:3340} INFO - Setting next_dagrun for latest_only_with_trigger to 2024-09-27T19:13:31.920497+00:00, run_after=2024-09-27T23:13:31.920497+00:00
[2024-09-27T23:13:31.995+0000] {processor.py:176} INFO - Processing /home/airflow/.local/lib/python3.7/site-packages/airflow/example_dags/example_latest_only_with_trigger.py took 0.229 seconds
[2024-09-27T23:14:02.874+0000] {processor.py:154} INFO - Started process (PID=10684) to work on /home/airflow/.local/lib/python3.7/site-packages/airflow/example_dags/example_latest_only_with_trigger.py
[2024-09-27T23:14:02.876+0000] {processor.py:756} INFO - Processing file /home/airflow/.local/lib/python3.7/site-packages/airflow/example_dags/example_latest_only_with_trigger.py for tasks to queue
[2024-09-27T23:14:02.877+0000] {logging_mixin.py:120} INFO - [2024-09-27T23:14:02.877+0000] {dagbag.py:537} INFO - Filling up the DagBag from /home/airflow/.local/lib/python3.7/site-packages/airflow/example_dags/example_latest_only_with_trigger.py
[2024-09-27T23:14:02.899+0000] {processor.py:766} INFO - DAG(s) dict_keys(['latest_only_with_trigger']) retrieved from /home/airflow/.local/lib/python3.7/site-packages/airflow/example_dags/example_latest_only_with_trigger.py
[2024-09-27T23:14:02.951+0000] {logging_mixin.py:120} INFO - [2024-09-27T23:14:02.951+0000] {dag.py:2585} INFO - Sync 1 DAGs
[2024-09-27T23:14:02.982+0000] {logging_mixin.py:120} INFO - [2024-09-27T23:14:02.982+0000] {dag.py:3340} INFO - Setting next_dagrun for latest_only_with_trigger to 2024-09-27T19:14:02.981792+00:00, run_after=2024-09-27T23:14:02.981792+00:00
[2024-09-27T23:14:03.007+0000] {processor.py:176} INFO - Processing /home/airflow/.local/lib/python3.7/site-packages/airflow/example_dags/example_latest_only_with_trigger.py took 0.138 seconds
[2024-09-27T23:14:34.003+0000] {processor.py:154} INFO - Started process (PID=10746) to work on /home/airflow/.local/lib/python3.7/site-packages/airflow/example_dags/example_latest_only_with_trigger.py
[2024-09-27T23:14:34.007+0000] {processor.py:756} INFO - Processing file /home/airflow/.local/lib/python3.7/site-packages/airflow/example_dags/example_latest_only_with_trigger.py for tasks to queue
[2024-09-27T23:14:34.008+0000] {logging_mixin.py:120} INFO - [2024-09-27T23:14:34.008+0000] {dagbag.py:537} INFO - Filling up the DagBag from /home/airflow/.local/lib/python3.7/site-packages/airflow/example_dags/example_latest_only_with_trigger.py
[2024-09-27T23:14:34.026+0000] {processor.py:766} INFO - DAG(s) dict_keys(['latest_only_with_trigger']) retrieved from /home/airflow/.local/lib/python3.7/site-packages/airflow/example_dags/example_latest_only_with_trigger.py
[2024-09-27T23:14:34.074+0000] {logging_mixin.py:120} INFO - [2024-09-27T23:14:34.074+0000] {dag.py:2585} INFO - Sync 1 DAGs
[2024-09-27T23:14:34.104+0000] {logging_mixin.py:120} INFO - [2024-09-27T23:14:34.104+0000] {dag.py:3340} INFO - Setting next_dagrun for latest_only_with_trigger to 2024-09-27T19:14:34.104199+00:00, run_after=2024-09-27T23:14:34.104199+00:00
[2024-09-27T23:14:34.128+0000] {processor.py:176} INFO - Processing /home/airflow/.local/lib/python3.7/site-packages/airflow/example_dags/example_latest_only_with_trigger.py took 0.129 seconds
[2024-09-27T23:15:04.325+0000] {processor.py:154} INFO - Started process (PID=10816) to work on /home/airflow/.local/lib/python3.7/site-packages/airflow/example_dags/example_latest_only_with_trigger.py
[2024-09-27T23:15:04.326+0000] {processor.py:756} INFO - Processing file /home/airflow/.local/lib/python3.7/site-packages/airflow/example_dags/example_latest_only_with_trigger.py for tasks to queue
[2024-09-27T23:15:04.327+0000] {logging_mixin.py:120} INFO - [2024-09-27T23:15:04.327+0000] {dagbag.py:537} INFO - Filling up the DagBag from /home/airflow/.local/lib/python3.7/site-packages/airflow/example_dags/example_latest_only_with_trigger.py
[2024-09-27T23:15:04.346+0000] {processor.py:766} INFO - DAG(s) dict_keys(['latest_only_with_trigger']) retrieved from /home/airflow/.local/lib/python3.7/site-packages/airflow/example_dags/example_latest_only_with_trigger.py
[2024-09-27T23:15:04.388+0000] {logging_mixin.py:120} INFO - [2024-09-27T23:15:04.387+0000] {dag.py:2585} INFO - Sync 1 DAGs
[2024-09-27T23:15:04.418+0000] {logging_mixin.py:120} INFO - [2024-09-27T23:15:04.418+0000] {dag.py:3340} INFO - Setting next_dagrun for latest_only_with_trigger to 2024-09-27T19:15:04.417991+00:00, run_after=2024-09-27T23:15:04.417991+00:00
[2024-09-27T23:15:04.442+0000] {processor.py:176} INFO - Processing /home/airflow/.local/lib/python3.7/site-packages/airflow/example_dags/example_latest_only_with_trigger.py took 0.121 seconds
[2024-09-27T23:15:35.515+0000] {processor.py:154} INFO - Started process (PID=10886) to work on /home/airflow/.local/lib/python3.7/site-packages/airflow/example_dags/example_latest_only_with_trigger.py
[2024-09-27T23:15:35.517+0000] {processor.py:756} INFO - Processing file /home/airflow/.local/lib/python3.7/site-packages/airflow/example_dags/example_latest_only_with_trigger.py for tasks to queue
[2024-09-27T23:15:35.520+0000] {logging_mixin.py:120} INFO - [2024-09-27T23:15:35.520+0000] {dagbag.py:537} INFO - Filling up the DagBag from /home/airflow/.local/lib/python3.7/site-packages/airflow/example_dags/example_latest_only_with_trigger.py
[2024-09-27T23:15:35.541+0000] {processor.py:766} INFO - DAG(s) dict_keys(['latest_only_with_trigger']) retrieved from /home/airflow/.local/lib/python3.7/site-packages/airflow/example_dags/example_latest_only_with_trigger.py
[2024-09-27T23:15:35.590+0000] {logging_mixin.py:120} INFO - [2024-09-27T23:15:35.590+0000] {dag.py:2585} INFO - Sync 1 DAGs
[2024-09-27T23:15:35.622+0000] {logging_mixin.py:120} INFO - [2024-09-27T23:15:35.622+0000] {dag.py:3340} INFO - Setting next_dagrun for latest_only_with_trigger to 2024-09-27T19:15:35.622377+00:00, run_after=2024-09-27T23:15:35.622377+00:00
[2024-09-27T23:15:35.645+0000] {processor.py:176} INFO - Processing /home/airflow/.local/lib/python3.7/site-packages/airflow/example_dags/example_latest_only_with_trigger.py took 0.135 seconds
[2024-09-27T23:16:05.937+0000] {processor.py:154} INFO - Started process (PID=10947) to work on /home/airflow/.local/lib/python3.7/site-packages/airflow/example_dags/example_latest_only_with_trigger.py
[2024-09-27T23:16:05.939+0000] {processor.py:756} INFO - Processing file /home/airflow/.local/lib/python3.7/site-packages/airflow/example_dags/example_latest_only_with_trigger.py for tasks to queue
[2024-09-27T23:16:05.940+0000] {logging_mixin.py:120} INFO - [2024-09-27T23:16:05.939+0000] {dagbag.py:537} INFO - Filling up the DagBag from /home/airflow/.local/lib/python3.7/site-packages/airflow/example_dags/example_latest_only_with_trigger.py
[2024-09-27T23:16:05.958+0000] {processor.py:766} INFO - DAG(s) dict_keys(['latest_only_with_trigger']) retrieved from /home/airflow/.local/lib/python3.7/site-packages/airflow/example_dags/example_latest_only_with_trigger.py
[2024-09-27T23:16:06.005+0000] {logging_mixin.py:120} INFO - [2024-09-27T23:16:06.005+0000] {dag.py:2585} INFO - Sync 1 DAGs
[2024-09-27T23:16:06.036+0000] {logging_mixin.py:120} INFO - [2024-09-27T23:16:06.036+0000] {dag.py:3340} INFO - Setting next_dagrun for latest_only_with_trigger to 2024-09-27T19:16:06.035883+00:00, run_after=2024-09-27T23:16:06.035883+00:00
[2024-09-27T23:16:06.058+0000] {processor.py:176} INFO - Processing /home/airflow/.local/lib/python3.7/site-packages/airflow/example_dags/example_latest_only_with_trigger.py took 0.127 seconds
[2024-09-27T23:16:36.493+0000] {processor.py:154} INFO - Started process (PID=11018) to work on /home/airflow/.local/lib/python3.7/site-packages/airflow/example_dags/example_latest_only_with_trigger.py
[2024-09-27T23:16:36.495+0000] {processor.py:756} INFO - Processing file /home/airflow/.local/lib/python3.7/site-packages/airflow/example_dags/example_latest_only_with_trigger.py for tasks to queue
[2024-09-27T23:16:36.496+0000] {logging_mixin.py:120} INFO - [2024-09-27T23:16:36.496+0000] {dagbag.py:537} INFO - Filling up the DagBag from /home/airflow/.local/lib/python3.7/site-packages/airflow/example_dags/example_latest_only_with_trigger.py
[2024-09-27T23:16:36.515+0000] {processor.py:766} INFO - DAG(s) dict_keys(['latest_only_with_trigger']) retrieved from /home/airflow/.local/lib/python3.7/site-packages/airflow/example_dags/example_latest_only_with_trigger.py
[2024-09-27T23:16:36.567+0000] {logging_mixin.py:120} INFO - [2024-09-27T23:16:36.567+0000] {dag.py:2585} INFO - Sync 1 DAGs
[2024-09-27T23:16:36.599+0000] {logging_mixin.py:120} INFO - [2024-09-27T23:16:36.599+0000] {dag.py:3340} INFO - Setting next_dagrun for latest_only_with_trigger to 2024-09-27T19:16:36.598803+00:00, run_after=2024-09-27T23:16:36.598803+00:00
[2024-09-27T23:16:36.622+0000] {processor.py:176} INFO - Processing /home/airflow/.local/lib/python3.7/site-packages/airflow/example_dags/example_latest_only_with_trigger.py took 0.134 seconds
[2024-09-27T23:17:06.869+0000] {processor.py:154} INFO - Started process (PID=11089) to work on /home/airflow/.local/lib/python3.7/site-packages/airflow/example_dags/example_latest_only_with_trigger.py
[2024-09-27T23:17:06.871+0000] {processor.py:756} INFO - Processing file /home/airflow/.local/lib/python3.7/site-packages/airflow/example_dags/example_latest_only_with_trigger.py for tasks to queue
[2024-09-27T23:17:06.872+0000] {logging_mixin.py:120} INFO - [2024-09-27T23:17:06.872+0000] {dagbag.py:537} INFO - Filling up the DagBag from /home/airflow/.local/lib/python3.7/site-packages/airflow/example_dags/example_latest_only_with_trigger.py
[2024-09-27T23:17:06.893+0000] {processor.py:766} INFO - DAG(s) dict_keys(['latest_only_with_trigger']) retrieved from /home/airflow/.local/lib/python3.7/site-packages/airflow/example_dags/example_latest_only_with_trigger.py
[2024-09-27T23:17:06.946+0000] {logging_mixin.py:120} INFO - [2024-09-27T23:17:06.946+0000] {dag.py:2585} INFO - Sync 1 DAGs
[2024-09-27T23:17:06.978+0000] {logging_mixin.py:120} INFO - [2024-09-27T23:17:06.978+0000] {dag.py:3340} INFO - Setting next_dagrun for latest_only_with_trigger to 2024-09-27T19:17:06.978017+00:00, run_after=2024-09-27T23:17:06.978017+00:00
[2024-09-27T23:17:07.001+0000] {processor.py:176} INFO - Processing /home/airflow/.local/lib/python3.7/site-packages/airflow/example_dags/example_latest_only_with_trigger.py took 0.137 seconds
[2024-09-27T23:17:38.027+0000] {processor.py:154} INFO - Started process (PID=11160) to work on /home/airflow/.local/lib/python3.7/site-packages/airflow/example_dags/example_latest_only_with_trigger.py
[2024-09-27T23:17:38.029+0000] {processor.py:756} INFO - Processing file /home/airflow/.local/lib/python3.7/site-packages/airflow/example_dags/example_latest_only_with_trigger.py for tasks to queue
[2024-09-27T23:17:38.031+0000] {logging_mixin.py:120} INFO - [2024-09-27T23:17:38.030+0000] {dagbag.py:537} INFO - Filling up the DagBag from /home/airflow/.local/lib/python3.7/site-packages/airflow/example_dags/example_latest_only_with_trigger.py
[2024-09-27T23:17:38.050+0000] {processor.py:766} INFO - DAG(s) dict_keys(['latest_only_with_trigger']) retrieved from /home/airflow/.local/lib/python3.7/site-packages/airflow/example_dags/example_latest_only_with_trigger.py
[2024-09-27T23:17:38.097+0000] {logging_mixin.py:120} INFO - [2024-09-27T23:17:38.096+0000] {dag.py:2585} INFO - Sync 1 DAGs
[2024-09-27T23:17:38.129+0000] {logging_mixin.py:120} INFO - [2024-09-27T23:17:38.128+0000] {dag.py:3340} INFO - Setting next_dagrun for latest_only_with_trigger to 2024-09-27T19:17:38.128565+00:00, run_after=2024-09-27T23:17:38.128565+00:00
[2024-09-27T23:17:38.150+0000] {processor.py:176} INFO - Processing /home/airflow/.local/lib/python3.7/site-packages/airflow/example_dags/example_latest_only_with_trigger.py took 0.126 seconds
[2024-09-27T23:18:08.489+0000] {processor.py:154} INFO - Started process (PID=11221) to work on /home/airflow/.local/lib/python3.7/site-packages/airflow/example_dags/example_latest_only_with_trigger.py
[2024-09-27T23:18:08.492+0000] {processor.py:756} INFO - Processing file /home/airflow/.local/lib/python3.7/site-packages/airflow/example_dags/example_latest_only_with_trigger.py for tasks to queue
[2024-09-27T23:18:08.493+0000] {logging_mixin.py:120} INFO - [2024-09-27T23:18:08.493+0000] {dagbag.py:537} INFO - Filling up the DagBag from /home/airflow/.local/lib/python3.7/site-packages/airflow/example_dags/example_latest_only_with_trigger.py
[2024-09-27T23:18:08.514+0000] {processor.py:766} INFO - DAG(s) dict_keys(['latest_only_with_trigger']) retrieved from /home/airflow/.local/lib/python3.7/site-packages/airflow/example_dags/example_latest_only_with_trigger.py
[2024-09-27T23:18:08.566+0000] {logging_mixin.py:120} INFO - [2024-09-27T23:18:08.566+0000] {dag.py:2585} INFO - Sync 1 DAGs
[2024-09-27T23:18:08.597+0000] {logging_mixin.py:120} INFO - [2024-09-27T23:18:08.597+0000] {dag.py:3340} INFO - Setting next_dagrun for latest_only_with_trigger to 2024-09-27T19:18:08.597174+00:00, run_after=2024-09-27T23:18:08.597174+00:00
[2024-09-27T23:18:08.617+0000] {processor.py:176} INFO - Processing /home/airflow/.local/lib/python3.7/site-packages/airflow/example_dags/example_latest_only_with_trigger.py took 0.133 seconds
[2024-09-27T23:18:39.387+0000] {processor.py:154} INFO - Started process (PID=11292) to work on /home/airflow/.local/lib/python3.7/site-packages/airflow/example_dags/example_latest_only_with_trigger.py
[2024-09-27T23:18:39.389+0000] {processor.py:756} INFO - Processing file /home/airflow/.local/lib/python3.7/site-packages/airflow/example_dags/example_latest_only_with_trigger.py for tasks to queue
[2024-09-27T23:18:39.390+0000] {logging_mixin.py:120} INFO - [2024-09-27T23:18:39.390+0000] {dagbag.py:537} INFO - Filling up the DagBag from /home/airflow/.local/lib/python3.7/site-packages/airflow/example_dags/example_latest_only_with_trigger.py
[2024-09-27T23:18:39.409+0000] {processor.py:766} INFO - DAG(s) dict_keys(['latest_only_with_trigger']) retrieved from /home/airflow/.local/lib/python3.7/site-packages/airflow/example_dags/example_latest_only_with_trigger.py
[2024-09-27T23:18:39.462+0000] {logging_mixin.py:120} INFO - [2024-09-27T23:18:39.462+0000] {dag.py:2585} INFO - Sync 1 DAGs
[2024-09-27T23:18:39.498+0000] {logging_mixin.py:120} INFO - [2024-09-27T23:18:39.498+0000] {dag.py:3340} INFO - Setting next_dagrun for latest_only_with_trigger to 2024-09-27T19:18:39.498333+00:00, run_after=2024-09-27T23:18:39.498333+00:00
[2024-09-27T23:18:39.526+0000] {processor.py:176} INFO - Processing /home/airflow/.local/lib/python3.7/site-packages/airflow/example_dags/example_latest_only_with_trigger.py took 0.144 seconds
[2024-09-27T23:19:09.832+0000] {processor.py:154} INFO - Started process (PID=11363) to work on /home/airflow/.local/lib/python3.7/site-packages/airflow/example_dags/example_latest_only_with_trigger.py
[2024-09-27T23:19:09.834+0000] {processor.py:756} INFO - Processing file /home/airflow/.local/lib/python3.7/site-packages/airflow/example_dags/example_latest_only_with_trigger.py for tasks to queue
[2024-09-27T23:19:09.835+0000] {logging_mixin.py:120} INFO - [2024-09-27T23:19:09.835+0000] {dagbag.py:537} INFO - Filling up the DagBag from /home/airflow/.local/lib/python3.7/site-packages/airflow/example_dags/example_latest_only_with_trigger.py
[2024-09-27T23:19:09.853+0000] {processor.py:766} INFO - DAG(s) dict_keys(['latest_only_with_trigger']) retrieved from /home/airflow/.local/lib/python3.7/site-packages/airflow/example_dags/example_latest_only_with_trigger.py
[2024-09-27T23:19:09.900+0000] {logging_mixin.py:120} INFO - [2024-09-27T23:19:09.900+0000] {dag.py:2585} INFO - Sync 1 DAGs
[2024-09-27T23:19:09.928+0000] {logging_mixin.py:120} INFO - [2024-09-27T23:19:09.928+0000] {dag.py:3340} INFO - Setting next_dagrun for latest_only_with_trigger to 2024-09-27T19:19:09.928338+00:00, run_after=2024-09-27T23:19:09.928338+00:00
[2024-09-27T23:19:09.950+0000] {processor.py:176} INFO - Processing /home/airflow/.local/lib/python3.7/site-packages/airflow/example_dags/example_latest_only_with_trigger.py took 0.122 seconds
[2024-09-27T23:19:40.647+0000] {processor.py:154} INFO - Started process (PID=11425) to work on /home/airflow/.local/lib/python3.7/site-packages/airflow/example_dags/example_latest_only_with_trigger.py
[2024-09-27T23:19:40.649+0000] {processor.py:756} INFO - Processing file /home/airflow/.local/lib/python3.7/site-packages/airflow/example_dags/example_latest_only_with_trigger.py for tasks to queue
[2024-09-27T23:19:40.650+0000] {logging_mixin.py:120} INFO - [2024-09-27T23:19:40.650+0000] {dagbag.py:537} INFO - Filling up the DagBag from /home/airflow/.local/lib/python3.7/site-packages/airflow/example_dags/example_latest_only_with_trigger.py
[2024-09-27T23:19:40.668+0000] {processor.py:766} INFO - DAG(s) dict_keys(['latest_only_with_trigger']) retrieved from /home/airflow/.local/lib/python3.7/site-packages/airflow/example_dags/example_latest_only_with_trigger.py
[2024-09-27T23:19:40.718+0000] {logging_mixin.py:120} INFO - [2024-09-27T23:19:40.718+0000] {dag.py:2585} INFO - Sync 1 DAGs
[2024-09-27T23:19:40.749+0000] {logging_mixin.py:120} INFO - [2024-09-27T23:19:40.749+0000] {dag.py:3340} INFO - Setting next_dagrun for latest_only_with_trigger to 2024-09-27T19:19:40.748809+00:00, run_after=2024-09-27T23:19:40.748809+00:00
[2024-09-27T23:19:40.772+0000] {processor.py:176} INFO - Processing /home/airflow/.local/lib/python3.7/site-packages/airflow/example_dags/example_latest_only_with_trigger.py took 0.130 seconds
[2024-09-27T23:20:11.051+0000] {processor.py:154} INFO - Started process (PID=11496) to work on /home/airflow/.local/lib/python3.7/site-packages/airflow/example_dags/example_latest_only_with_trigger.py
[2024-09-27T23:20:11.053+0000] {processor.py:756} INFO - Processing file /home/airflow/.local/lib/python3.7/site-packages/airflow/example_dags/example_latest_only_with_trigger.py for tasks to queue
[2024-09-27T23:20:11.054+0000] {logging_mixin.py:120} INFO - [2024-09-27T23:20:11.054+0000] {dagbag.py:537} INFO - Filling up the DagBag from /home/airflow/.local/lib/python3.7/site-packages/airflow/example_dags/example_latest_only_with_trigger.py
[2024-09-27T23:20:11.078+0000] {processor.py:766} INFO - DAG(s) dict_keys(['latest_only_with_trigger']) retrieved from /home/airflow/.local/lib/python3.7/site-packages/airflow/example_dags/example_latest_only_with_trigger.py
[2024-09-27T23:20:11.136+0000] {logging_mixin.py:120} INFO - [2024-09-27T23:20:11.136+0000] {dag.py:2585} INFO - Sync 1 DAGs
[2024-09-27T23:20:11.173+0000] {logging_mixin.py:120} INFO - [2024-09-27T23:20:11.172+0000] {dag.py:3340} INFO - Setting next_dagrun for latest_only_with_trigger to 2024-09-27T19:20:11.172494+00:00, run_after=2024-09-27T23:20:11.172494+00:00
[2024-09-27T23:20:11.196+0000] {processor.py:176} INFO - Processing /home/airflow/.local/lib/python3.7/site-packages/airflow/example_dags/example_latest_only_with_trigger.py took 0.149 seconds
[2024-09-27T23:20:41.943+0000] {processor.py:154} INFO - Started process (PID=11567) to work on /home/airflow/.local/lib/python3.7/site-packages/airflow/example_dags/example_latest_only_with_trigger.py
[2024-09-27T23:20:41.945+0000] {processor.py:756} INFO - Processing file /home/airflow/.local/lib/python3.7/site-packages/airflow/example_dags/example_latest_only_with_trigger.py for tasks to queue
[2024-09-27T23:20:41.946+0000] {logging_mixin.py:120} INFO - [2024-09-27T23:20:41.946+0000] {dagbag.py:537} INFO - Filling up the DagBag from /home/airflow/.local/lib/python3.7/site-packages/airflow/example_dags/example_latest_only_with_trigger.py
[2024-09-27T23:20:41.967+0000] {processor.py:766} INFO - DAG(s) dict_keys(['latest_only_with_trigger']) retrieved from /home/airflow/.local/lib/python3.7/site-packages/airflow/example_dags/example_latest_only_with_trigger.py
[2024-09-27T23:20:42.017+0000] {logging_mixin.py:120} INFO - [2024-09-27T23:20:42.017+0000] {dag.py:2585} INFO - Sync 1 DAGs
[2024-09-27T23:20:42.048+0000] {logging_mixin.py:120} INFO - [2024-09-27T23:20:42.048+0000] {dag.py:3340} INFO - Setting next_dagrun for latest_only_with_trigger to 2024-09-27T19:20:42.047845+00:00, run_after=2024-09-27T23:20:42.047845+00:00
[2024-09-27T23:20:42.072+0000] {processor.py:176} INFO - Processing /home/airflow/.local/lib/python3.7/site-packages/airflow/example_dags/example_latest_only_with_trigger.py took 0.133 seconds
[2024-09-27T23:21:12.900+0000] {processor.py:154} INFO - Started process (PID=11639) to work on /home/airflow/.local/lib/python3.7/site-packages/airflow/example_dags/example_latest_only_with_trigger.py
[2024-09-27T23:21:12.905+0000] {processor.py:756} INFO - Processing file /home/airflow/.local/lib/python3.7/site-packages/airflow/example_dags/example_latest_only_with_trigger.py for tasks to queue
[2024-09-27T23:21:12.906+0000] {logging_mixin.py:120} INFO - [2024-09-27T23:21:12.905+0000] {dagbag.py:537} INFO - Filling up the DagBag from /home/airflow/.local/lib/python3.7/site-packages/airflow/example_dags/example_latest_only_with_trigger.py
[2024-09-27T23:21:12.932+0000] {processor.py:766} INFO - DAG(s) dict_keys(['latest_only_with_trigger']) retrieved from /home/airflow/.local/lib/python3.7/site-packages/airflow/example_dags/example_latest_only_with_trigger.py
[2024-09-27T23:21:12.992+0000] {logging_mixin.py:120} INFO - [2024-09-27T23:21:12.991+0000] {dag.py:2585} INFO - Sync 1 DAGs
[2024-09-27T23:21:13.031+0000] {logging_mixin.py:120} INFO - [2024-09-27T23:21:13.030+0000] {dag.py:3340} INFO - Setting next_dagrun for latest_only_with_trigger to 2024-09-27T19:21:13.030599+00:00, run_after=2024-09-27T23:21:13.030599+00:00
[2024-09-27T23:21:13.061+0000] {processor.py:176} INFO - Processing /home/airflow/.local/lib/python3.7/site-packages/airflow/example_dags/example_latest_only_with_trigger.py took 0.166 seconds
[2024-09-27T23:21:43.526+0000] {processor.py:154} INFO - Started process (PID=11701) to work on /home/airflow/.local/lib/python3.7/site-packages/airflow/example_dags/example_latest_only_with_trigger.py
[2024-09-27T23:21:43.528+0000] {processor.py:756} INFO - Processing file /home/airflow/.local/lib/python3.7/site-packages/airflow/example_dags/example_latest_only_with_trigger.py for tasks to queue
[2024-09-27T23:21:43.529+0000] {logging_mixin.py:120} INFO - [2024-09-27T23:21:43.529+0000] {dagbag.py:537} INFO - Filling up the DagBag from /home/airflow/.local/lib/python3.7/site-packages/airflow/example_dags/example_latest_only_with_trigger.py
[2024-09-27T23:21:43.558+0000] {processor.py:766} INFO - DAG(s) dict_keys(['latest_only_with_trigger']) retrieved from /home/airflow/.local/lib/python3.7/site-packages/airflow/example_dags/example_latest_only_with_trigger.py
[2024-09-27T23:21:43.622+0000] {logging_mixin.py:120} INFO - [2024-09-27T23:21:43.622+0000] {dag.py:2585} INFO - Sync 1 DAGs
[2024-09-27T23:21:43.667+0000] {logging_mixin.py:120} INFO - [2024-09-27T23:21:43.666+0000] {dag.py:3340} INFO - Setting next_dagrun for latest_only_with_trigger to 2024-09-27T19:21:43.666524+00:00, run_after=2024-09-27T23:21:43.666524+00:00
[2024-09-27T23:21:43.702+0000] {processor.py:176} INFO - Processing /home/airflow/.local/lib/python3.7/site-packages/airflow/example_dags/example_latest_only_with_trigger.py took 0.182 seconds
[2024-09-27T23:22:14.443+0000] {processor.py:154} INFO - Started process (PID=11772) to work on /home/airflow/.local/lib/python3.7/site-packages/airflow/example_dags/example_latest_only_with_trigger.py
[2024-09-27T23:22:14.449+0000] {processor.py:756} INFO - Processing file /home/airflow/.local/lib/python3.7/site-packages/airflow/example_dags/example_latest_only_with_trigger.py for tasks to queue
[2024-09-27T23:22:14.451+0000] {logging_mixin.py:120} INFO - [2024-09-27T23:22:14.451+0000] {dagbag.py:537} INFO - Filling up the DagBag from /home/airflow/.local/lib/python3.7/site-packages/airflow/example_dags/example_latest_only_with_trigger.py
[2024-09-27T23:22:14.490+0000] {processor.py:766} INFO - DAG(s) dict_keys(['latest_only_with_trigger']) retrieved from /home/airflow/.local/lib/python3.7/site-packages/airflow/example_dags/example_latest_only_with_trigger.py
[2024-09-27T23:22:14.571+0000] {logging_mixin.py:120} INFO - [2024-09-27T23:22:14.570+0000] {dag.py:2585} INFO - Sync 1 DAGs
[2024-09-27T23:22:14.623+0000] {logging_mixin.py:120} INFO - [2024-09-27T23:22:14.623+0000] {dag.py:3340} INFO - Setting next_dagrun for latest_only_with_trigger to 2024-09-27T19:22:14.623043+00:00, run_after=2024-09-27T23:22:14.623043+00:00
[2024-09-27T23:22:14.677+0000] {processor.py:176} INFO - Processing /home/airflow/.local/lib/python3.7/site-packages/airflow/example_dags/example_latest_only_with_trigger.py took 0.240 seconds
[2024-09-27T23:22:45.286+0000] {processor.py:154} INFO - Started process (PID=11842) to work on /home/airflow/.local/lib/python3.7/site-packages/airflow/example_dags/example_latest_only_with_trigger.py
[2024-09-27T23:22:45.290+0000] {processor.py:756} INFO - Processing file /home/airflow/.local/lib/python3.7/site-packages/airflow/example_dags/example_latest_only_with_trigger.py for tasks to queue
[2024-09-27T23:22:45.292+0000] {logging_mixin.py:120} INFO - [2024-09-27T23:22:45.291+0000] {dagbag.py:537} INFO - Filling up the DagBag from /home/airflow/.local/lib/python3.7/site-packages/airflow/example_dags/example_latest_only_with_trigger.py
[2024-09-27T23:22:45.316+0000] {processor.py:766} INFO - DAG(s) dict_keys(['latest_only_with_trigger']) retrieved from /home/airflow/.local/lib/python3.7/site-packages/airflow/example_dags/example_latest_only_with_trigger.py
[2024-09-27T23:22:45.384+0000] {logging_mixin.py:120} INFO - [2024-09-27T23:22:45.383+0000] {dag.py:2585} INFO - Sync 1 DAGs
[2024-09-27T23:22:45.423+0000] {logging_mixin.py:120} INFO - [2024-09-27T23:22:45.423+0000] {dag.py:3340} INFO - Setting next_dagrun for latest_only_with_trigger to 2024-09-27T19:22:45.422829+00:00, run_after=2024-09-27T23:22:45.422829+00:00
[2024-09-27T23:22:45.448+0000] {processor.py:176} INFO - Processing /home/airflow/.local/lib/python3.7/site-packages/airflow/example_dags/example_latest_only_with_trigger.py took 0.167 seconds
[2024-09-27T23:23:16.611+0000] {processor.py:154} INFO - Started process (PID=11903) to work on /home/airflow/.local/lib/python3.7/site-packages/airflow/example_dags/example_latest_only_with_trigger.py
[2024-09-27T23:23:16.614+0000] {processor.py:756} INFO - Processing file /home/airflow/.local/lib/python3.7/site-packages/airflow/example_dags/example_latest_only_with_trigger.py for tasks to queue
[2024-09-27T23:23:16.617+0000] {logging_mixin.py:120} INFO - [2024-09-27T23:23:16.617+0000] {dagbag.py:537} INFO - Filling up the DagBag from /home/airflow/.local/lib/python3.7/site-packages/airflow/example_dags/example_latest_only_with_trigger.py
[2024-09-27T23:23:16.654+0000] {processor.py:766} INFO - DAG(s) dict_keys(['latest_only_with_trigger']) retrieved from /home/airflow/.local/lib/python3.7/site-packages/airflow/example_dags/example_latest_only_with_trigger.py
[2024-09-27T23:23:16.736+0000] {logging_mixin.py:120} INFO - [2024-09-27T23:23:16.736+0000] {dag.py:2585} INFO - Sync 1 DAGs
[2024-09-27T23:23:16.796+0000] {logging_mixin.py:120} INFO - [2024-09-27T23:23:16.796+0000] {dag.py:3340} INFO - Setting next_dagrun for latest_only_with_trigger to 2024-09-27T19:23:16.796139+00:00, run_after=2024-09-27T23:23:16.796139+00:00
[2024-09-27T23:23:16.847+0000] {processor.py:176} INFO - Processing /home/airflow/.local/lib/python3.7/site-packages/airflow/example_dags/example_latest_only_with_trigger.py took 0.242 seconds
[2024-09-27T23:23:47.469+0000] {processor.py:154} INFO - Started process (PID=11974) to work on /home/airflow/.local/lib/python3.7/site-packages/airflow/example_dags/example_latest_only_with_trigger.py
[2024-09-27T23:23:47.471+0000] {processor.py:756} INFO - Processing file /home/airflow/.local/lib/python3.7/site-packages/airflow/example_dags/example_latest_only_with_trigger.py for tasks to queue
[2024-09-27T23:23:47.472+0000] {logging_mixin.py:120} INFO - [2024-09-27T23:23:47.472+0000] {dagbag.py:537} INFO - Filling up the DagBag from /home/airflow/.local/lib/python3.7/site-packages/airflow/example_dags/example_latest_only_with_trigger.py
[2024-09-27T23:23:47.493+0000] {processor.py:766} INFO - DAG(s) dict_keys(['latest_only_with_trigger']) retrieved from /home/airflow/.local/lib/python3.7/site-packages/airflow/example_dags/example_latest_only_with_trigger.py
[2024-09-27T23:23:47.543+0000] {logging_mixin.py:120} INFO - [2024-09-27T23:23:47.543+0000] {dag.py:2585} INFO - Sync 1 DAGs
[2024-09-27T23:23:47.574+0000] {logging_mixin.py:120} INFO - [2024-09-27T23:23:47.573+0000] {dag.py:3340} INFO - Setting next_dagrun for latest_only_with_trigger to 2024-09-27T19:23:47.573579+00:00, run_after=2024-09-27T23:23:47.573579+00:00
[2024-09-27T23:23:47.596+0000] {processor.py:176} INFO - Processing /home/airflow/.local/lib/python3.7/site-packages/airflow/example_dags/example_latest_only_with_trigger.py took 0.132 seconds
[2024-09-27T23:24:18.349+0000] {processor.py:154} INFO - Started process (PID=12045) to work on /home/airflow/.local/lib/python3.7/site-packages/airflow/example_dags/example_latest_only_with_trigger.py
[2024-09-27T23:24:18.353+0000] {processor.py:756} INFO - Processing file /home/airflow/.local/lib/python3.7/site-packages/airflow/example_dags/example_latest_only_with_trigger.py for tasks to queue
[2024-09-27T23:24:18.356+0000] {logging_mixin.py:120} INFO - [2024-09-27T23:24:18.356+0000] {dagbag.py:537} INFO - Filling up the DagBag from /home/airflow/.local/lib/python3.7/site-packages/airflow/example_dags/example_latest_only_with_trigger.py
[2024-09-27T23:24:18.378+0000] {processor.py:766} INFO - DAG(s) dict_keys(['latest_only_with_trigger']) retrieved from /home/airflow/.local/lib/python3.7/site-packages/airflow/example_dags/example_latest_only_with_trigger.py
[2024-09-27T23:24:18.427+0000] {logging_mixin.py:120} INFO - [2024-09-27T23:24:18.427+0000] {dag.py:2585} INFO - Sync 1 DAGs
[2024-09-27T23:24:18.457+0000] {logging_mixin.py:120} INFO - [2024-09-27T23:24:18.457+0000] {dag.py:3340} INFO - Setting next_dagrun for latest_only_with_trigger to 2024-09-27T19:24:18.457003+00:00, run_after=2024-09-27T23:24:18.457003+00:00
[2024-09-27T23:24:18.480+0000] {processor.py:176} INFO - Processing /home/airflow/.local/lib/python3.7/site-packages/airflow/example_dags/example_latest_only_with_trigger.py took 0.136 seconds
[2024-09-27T23:24:48.999+0000] {processor.py:154} INFO - Started process (PID=12106) to work on /home/airflow/.local/lib/python3.7/site-packages/airflow/example_dags/example_latest_only_with_trigger.py
[2024-09-27T23:24:49.001+0000] {processor.py:756} INFO - Processing file /home/airflow/.local/lib/python3.7/site-packages/airflow/example_dags/example_latest_only_with_trigger.py for tasks to queue
[2024-09-27T23:24:49.002+0000] {logging_mixin.py:120} INFO - [2024-09-27T23:24:49.001+0000] {dagbag.py:537} INFO - Filling up the DagBag from /home/airflow/.local/lib/python3.7/site-packages/airflow/example_dags/example_latest_only_with_trigger.py
[2024-09-27T23:24:49.019+0000] {processor.py:766} INFO - DAG(s) dict_keys(['latest_only_with_trigger']) retrieved from /home/airflow/.local/lib/python3.7/site-packages/airflow/example_dags/example_latest_only_with_trigger.py
[2024-09-27T23:24:49.065+0000] {logging_mixin.py:120} INFO - [2024-09-27T23:24:49.065+0000] {dag.py:2585} INFO - Sync 1 DAGs
[2024-09-27T23:24:49.099+0000] {logging_mixin.py:120} INFO - [2024-09-27T23:24:49.099+0000] {dag.py:3340} INFO - Setting next_dagrun for latest_only_with_trigger to 2024-09-27T19:24:49.098828+00:00, run_after=2024-09-27T23:24:49.098828+00:00
[2024-09-27T23:24:49.126+0000] {processor.py:176} INFO - Processing /home/airflow/.local/lib/python3.7/site-packages/airflow/example_dags/example_latest_only_with_trigger.py took 0.132 seconds
[2024-09-27T23:25:19.624+0000] {processor.py:154} INFO - Started process (PID=12177) to work on /home/airflow/.local/lib/python3.7/site-packages/airflow/example_dags/example_latest_only_with_trigger.py
[2024-09-27T23:25:19.626+0000] {processor.py:756} INFO - Processing file /home/airflow/.local/lib/python3.7/site-packages/airflow/example_dags/example_latest_only_with_trigger.py for tasks to queue
[2024-09-27T23:25:19.627+0000] {logging_mixin.py:120} INFO - [2024-09-27T23:25:19.627+0000] {dagbag.py:537} INFO - Filling up the DagBag from /home/airflow/.local/lib/python3.7/site-packages/airflow/example_dags/example_latest_only_with_trigger.py
[2024-09-27T23:25:19.645+0000] {processor.py:766} INFO - DAG(s) dict_keys(['latest_only_with_trigger']) retrieved from /home/airflow/.local/lib/python3.7/site-packages/airflow/example_dags/example_latest_only_with_trigger.py
[2024-09-27T23:25:19.692+0000] {logging_mixin.py:120} INFO - [2024-09-27T23:25:19.692+0000] {dag.py:2585} INFO - Sync 1 DAGs
[2024-09-27T23:25:19.723+0000] {logging_mixin.py:120} INFO - [2024-09-27T23:25:19.723+0000] {dag.py:3340} INFO - Setting next_dagrun for latest_only_with_trigger to 2024-09-27T19:25:19.723296+00:00, run_after=2024-09-27T23:25:19.723296+00:00
[2024-09-27T23:25:19.744+0000] {processor.py:176} INFO - Processing /home/airflow/.local/lib/python3.7/site-packages/airflow/example_dags/example_latest_only_with_trigger.py took 0.124 seconds
[2024-09-27T23:25:50.081+0000] {processor.py:154} INFO - Started process (PID=12248) to work on /home/airflow/.local/lib/python3.7/site-packages/airflow/example_dags/example_latest_only_with_trigger.py
[2024-09-27T23:25:50.084+0000] {processor.py:756} INFO - Processing file /home/airflow/.local/lib/python3.7/site-packages/airflow/example_dags/example_latest_only_with_trigger.py for tasks to queue
[2024-09-27T23:25:50.085+0000] {logging_mixin.py:120} INFO - [2024-09-27T23:25:50.085+0000] {dagbag.py:537} INFO - Filling up the DagBag from /home/airflow/.local/lib/python3.7/site-packages/airflow/example_dags/example_latest_only_with_trigger.py
[2024-09-27T23:25:50.103+0000] {processor.py:766} INFO - DAG(s) dict_keys(['latest_only_with_trigger']) retrieved from /home/airflow/.local/lib/python3.7/site-packages/airflow/example_dags/example_latest_only_with_trigger.py
[2024-09-27T23:25:50.150+0000] {logging_mixin.py:120} INFO - [2024-09-27T23:25:50.150+0000] {dag.py:2585} INFO - Sync 1 DAGs
[2024-09-27T23:25:50.182+0000] {logging_mixin.py:120} INFO - [2024-09-27T23:25:50.181+0000] {dag.py:3340} INFO - Setting next_dagrun for latest_only_with_trigger to 2024-09-27T19:25:50.181736+00:00, run_after=2024-09-27T23:25:50.181736+00:00
[2024-09-27T23:25:50.204+0000] {processor.py:176} INFO - Processing /home/airflow/.local/lib/python3.7/site-packages/airflow/example_dags/example_latest_only_with_trigger.py took 0.126 seconds
[2024-09-27T23:26:20.624+0000] {processor.py:154} INFO - Started process (PID=12319) to work on /home/airflow/.local/lib/python3.7/site-packages/airflow/example_dags/example_latest_only_with_trigger.py
[2024-09-27T23:26:20.626+0000] {processor.py:756} INFO - Processing file /home/airflow/.local/lib/python3.7/site-packages/airflow/example_dags/example_latest_only_with_trigger.py for tasks to queue
[2024-09-27T23:26:20.627+0000] {logging_mixin.py:120} INFO - [2024-09-27T23:26:20.627+0000] {dagbag.py:537} INFO - Filling up the DagBag from /home/airflow/.local/lib/python3.7/site-packages/airflow/example_dags/example_latest_only_with_trigger.py
[2024-09-27T23:26:20.646+0000] {processor.py:766} INFO - DAG(s) dict_keys(['latest_only_with_trigger']) retrieved from /home/airflow/.local/lib/python3.7/site-packages/airflow/example_dags/example_latest_only_with_trigger.py
[2024-09-27T23:26:20.693+0000] {logging_mixin.py:120} INFO - [2024-09-27T23:26:20.693+0000] {dag.py:2585} INFO - Sync 1 DAGs
[2024-09-27T23:26:20.722+0000] {logging_mixin.py:120} INFO - [2024-09-27T23:26:20.722+0000] {dag.py:3340} INFO - Setting next_dagrun for latest_only_with_trigger to 2024-09-27T19:26:20.722268+00:00, run_after=2024-09-27T23:26:20.722268+00:00
[2024-09-27T23:26:20.745+0000] {processor.py:176} INFO - Processing /home/airflow/.local/lib/python3.7/site-packages/airflow/example_dags/example_latest_only_with_trigger.py took 0.125 seconds
[2024-09-27T23:26:51.296+0000] {processor.py:154} INFO - Started process (PID=12382) to work on /home/airflow/.local/lib/python3.7/site-packages/airflow/example_dags/example_latest_only_with_trigger.py
[2024-09-27T23:26:51.298+0000] {processor.py:756} INFO - Processing file /home/airflow/.local/lib/python3.7/site-packages/airflow/example_dags/example_latest_only_with_trigger.py for tasks to queue
[2024-09-27T23:26:51.299+0000] {logging_mixin.py:120} INFO - [2024-09-27T23:26:51.299+0000] {dagbag.py:537} INFO - Filling up the DagBag from /home/airflow/.local/lib/python3.7/site-packages/airflow/example_dags/example_latest_only_with_trigger.py
[2024-09-27T23:26:51.318+0000] {processor.py:766} INFO - DAG(s) dict_keys(['latest_only_with_trigger']) retrieved from /home/airflow/.local/lib/python3.7/site-packages/airflow/example_dags/example_latest_only_with_trigger.py
[2024-09-27T23:26:51.365+0000] {logging_mixin.py:120} INFO - [2024-09-27T23:26:51.364+0000] {dag.py:2585} INFO - Sync 1 DAGs
[2024-09-27T23:26:51.395+0000] {logging_mixin.py:120} INFO - [2024-09-27T23:26:51.395+0000] {dag.py:3340} INFO - Setting next_dagrun for latest_only_with_trigger to 2024-09-27T19:26:51.395072+00:00, run_after=2024-09-27T23:26:51.395072+00:00
[2024-09-27T23:26:51.417+0000] {processor.py:176} INFO - Processing /home/airflow/.local/lib/python3.7/site-packages/airflow/example_dags/example_latest_only_with_trigger.py took 0.125 seconds
[2024-09-27T23:27:21.829+0000] {processor.py:154} INFO - Started process (PID=12454) to work on /home/airflow/.local/lib/python3.7/site-packages/airflow/example_dags/example_latest_only_with_trigger.py
[2024-09-27T23:27:21.831+0000] {processor.py:756} INFO - Processing file /home/airflow/.local/lib/python3.7/site-packages/airflow/example_dags/example_latest_only_with_trigger.py for tasks to queue
[2024-09-27T23:27:21.832+0000] {logging_mixin.py:120} INFO - [2024-09-27T23:27:21.832+0000] {dagbag.py:537} INFO - Filling up the DagBag from /home/airflow/.local/lib/python3.7/site-packages/airflow/example_dags/example_latest_only_with_trigger.py
[2024-09-27T23:27:21.851+0000] {processor.py:766} INFO - DAG(s) dict_keys(['latest_only_with_trigger']) retrieved from /home/airflow/.local/lib/python3.7/site-packages/airflow/example_dags/example_latest_only_with_trigger.py
[2024-09-27T23:27:21.907+0000] {logging_mixin.py:120} INFO - [2024-09-27T23:27:21.907+0000] {dag.py:2585} INFO - Sync 1 DAGs
[2024-09-27T23:27:21.948+0000] {logging_mixin.py:120} INFO - [2024-09-27T23:27:21.948+0000] {dag.py:3340} INFO - Setting next_dagrun for latest_only_with_trigger to 2024-09-27T19:27:21.947800+00:00, run_after=2024-09-27T23:27:21.947800+00:00
[2024-09-27T23:27:21.974+0000] {processor.py:176} INFO - Processing /home/airflow/.local/lib/python3.7/site-packages/airflow/example_dags/example_latest_only_with_trigger.py took 0.149 seconds
[2024-09-27T23:27:52.690+0000] {processor.py:154} INFO - Started process (PID=12526) to work on /home/airflow/.local/lib/python3.7/site-packages/airflow/example_dags/example_latest_only_with_trigger.py
[2024-09-27T23:27:52.693+0000] {processor.py:756} INFO - Processing file /home/airflow/.local/lib/python3.7/site-packages/airflow/example_dags/example_latest_only_with_trigger.py for tasks to queue
[2024-09-27T23:27:52.694+0000] {logging_mixin.py:120} INFO - [2024-09-27T23:27:52.694+0000] {dagbag.py:537} INFO - Filling up the DagBag from /home/airflow/.local/lib/python3.7/site-packages/airflow/example_dags/example_latest_only_with_trigger.py
[2024-09-27T23:27:52.712+0000] {processor.py:766} INFO - DAG(s) dict_keys(['latest_only_with_trigger']) retrieved from /home/airflow/.local/lib/python3.7/site-packages/airflow/example_dags/example_latest_only_with_trigger.py
[2024-09-27T23:27:52.762+0000] {logging_mixin.py:120} INFO - [2024-09-27T23:27:52.761+0000] {dag.py:2585} INFO - Sync 1 DAGs
[2024-09-27T23:27:52.793+0000] {logging_mixin.py:120} INFO - [2024-09-27T23:27:52.793+0000] {dag.py:3340} INFO - Setting next_dagrun for latest_only_with_trigger to 2024-09-27T19:27:52.793209+00:00, run_after=2024-09-27T23:27:52.793209+00:00
[2024-09-27T23:27:52.817+0000] {processor.py:176} INFO - Processing /home/airflow/.local/lib/python3.7/site-packages/airflow/example_dags/example_latest_only_with_trigger.py took 0.131 seconds
[2024-09-27T23:28:23.116+0000] {processor.py:154} INFO - Started process (PID=12589) to work on /home/airflow/.local/lib/python3.7/site-packages/airflow/example_dags/example_latest_only_with_trigger.py
[2024-09-27T23:28:23.119+0000] {processor.py:756} INFO - Processing file /home/airflow/.local/lib/python3.7/site-packages/airflow/example_dags/example_latest_only_with_trigger.py for tasks to queue
[2024-09-27T23:28:23.121+0000] {logging_mixin.py:120} INFO - [2024-09-27T23:28:23.121+0000] {dagbag.py:537} INFO - Filling up the DagBag from /home/airflow/.local/lib/python3.7/site-packages/airflow/example_dags/example_latest_only_with_trigger.py
[2024-09-27T23:28:23.145+0000] {processor.py:766} INFO - DAG(s) dict_keys(['latest_only_with_trigger']) retrieved from /home/airflow/.local/lib/python3.7/site-packages/airflow/example_dags/example_latest_only_with_trigger.py
[2024-09-27T23:28:23.205+0000] {logging_mixin.py:120} INFO - [2024-09-27T23:28:23.205+0000] {dag.py:2585} INFO - Sync 1 DAGs
[2024-09-27T23:28:23.243+0000] {logging_mixin.py:120} INFO - [2024-09-27T23:28:23.243+0000] {dag.py:3340} INFO - Setting next_dagrun for latest_only_with_trigger to 2024-09-27T19:28:23.243207+00:00, run_after=2024-09-27T23:28:23.243207+00:00
[2024-09-27T23:28:23.276+0000] {processor.py:176} INFO - Processing /home/airflow/.local/lib/python3.7/site-packages/airflow/example_dags/example_latest_only_with_trigger.py took 0.166 seconds
[2024-09-27T23:28:53.500+0000] {processor.py:154} INFO - Started process (PID=12660) to work on /home/airflow/.local/lib/python3.7/site-packages/airflow/example_dags/example_latest_only_with_trigger.py
[2024-09-27T23:28:53.502+0000] {processor.py:756} INFO - Processing file /home/airflow/.local/lib/python3.7/site-packages/airflow/example_dags/example_latest_only_with_trigger.py for tasks to queue
[2024-09-27T23:28:53.503+0000] {logging_mixin.py:120} INFO - [2024-09-27T23:28:53.503+0000] {dagbag.py:537} INFO - Filling up the DagBag from /home/airflow/.local/lib/python3.7/site-packages/airflow/example_dags/example_latest_only_with_trigger.py
[2024-09-27T23:28:53.520+0000] {processor.py:766} INFO - DAG(s) dict_keys(['latest_only_with_trigger']) retrieved from /home/airflow/.local/lib/python3.7/site-packages/airflow/example_dags/example_latest_only_with_trigger.py
[2024-09-27T23:28:53.572+0000] {logging_mixin.py:120} INFO - [2024-09-27T23:28:53.572+0000] {dag.py:2585} INFO - Sync 1 DAGs
[2024-09-27T23:28:53.608+0000] {logging_mixin.py:120} INFO - [2024-09-27T23:28:53.608+0000] {dag.py:3340} INFO - Setting next_dagrun for latest_only_with_trigger to 2024-09-27T19:28:53.608245+00:00, run_after=2024-09-27T23:28:53.608245+00:00
[2024-09-27T23:28:53.634+0000] {processor.py:176} INFO - Processing /home/airflow/.local/lib/python3.7/site-packages/airflow/example_dags/example_latest_only_with_trigger.py took 0.139 seconds
[2024-09-27T23:29:24.665+0000] {processor.py:154} INFO - Started process (PID=12733) to work on /home/airflow/.local/lib/python3.7/site-packages/airflow/example_dags/example_latest_only_with_trigger.py
[2024-09-27T23:29:24.667+0000] {processor.py:756} INFO - Processing file /home/airflow/.local/lib/python3.7/site-packages/airflow/example_dags/example_latest_only_with_trigger.py for tasks to queue
[2024-09-27T23:29:24.668+0000] {logging_mixin.py:120} INFO - [2024-09-27T23:29:24.668+0000] {dagbag.py:537} INFO - Filling up the DagBag from /home/airflow/.local/lib/python3.7/site-packages/airflow/example_dags/example_latest_only_with_trigger.py
[2024-09-27T23:29:24.685+0000] {processor.py:766} INFO - DAG(s) dict_keys(['latest_only_with_trigger']) retrieved from /home/airflow/.local/lib/python3.7/site-packages/airflow/example_dags/example_latest_only_with_trigger.py
[2024-09-27T23:29:24.734+0000] {logging_mixin.py:120} INFO - [2024-09-27T23:29:24.733+0000] {dag.py:2585} INFO - Sync 1 DAGs
[2024-09-27T23:29:24.762+0000] {logging_mixin.py:120} INFO - [2024-09-27T23:29:24.762+0000] {dag.py:3340} INFO - Setting next_dagrun for latest_only_with_trigger to 2024-09-27T19:29:24.762300+00:00, run_after=2024-09-27T23:29:24.762300+00:00
[2024-09-27T23:29:24.784+0000] {processor.py:176} INFO - Processing /home/airflow/.local/lib/python3.7/site-packages/airflow/example_dags/example_latest_only_with_trigger.py took 0.122 seconds
[2024-09-27T23:29:55.146+0000] {processor.py:154} INFO - Started process (PID=12803) to work on /home/airflow/.local/lib/python3.7/site-packages/airflow/example_dags/example_latest_only_with_trigger.py
[2024-09-27T23:29:55.150+0000] {processor.py:756} INFO - Processing file /home/airflow/.local/lib/python3.7/site-packages/airflow/example_dags/example_latest_only_with_trigger.py for tasks to queue
[2024-09-27T23:29:55.151+0000] {logging_mixin.py:120} INFO - [2024-09-27T23:29:55.151+0000] {dagbag.py:537} INFO - Filling up the DagBag from /home/airflow/.local/lib/python3.7/site-packages/airflow/example_dags/example_latest_only_with_trigger.py
[2024-09-27T23:29:55.170+0000] {processor.py:766} INFO - DAG(s) dict_keys(['latest_only_with_trigger']) retrieved from /home/airflow/.local/lib/python3.7/site-packages/airflow/example_dags/example_latest_only_with_trigger.py
[2024-09-27T23:29:55.229+0000] {logging_mixin.py:120} INFO - [2024-09-27T23:29:55.229+0000] {dag.py:2585} INFO - Sync 1 DAGs
[2024-09-27T23:29:55.269+0000] {logging_mixin.py:120} INFO - [2024-09-27T23:29:55.269+0000] {dag.py:3340} INFO - Setting next_dagrun for latest_only_with_trigger to 2024-09-27T19:29:55.268763+00:00, run_after=2024-09-27T23:29:55.268763+00:00
[2024-09-27T23:29:55.298+0000] {processor.py:176} INFO - Processing /home/airflow/.local/lib/python3.7/site-packages/airflow/example_dags/example_latest_only_with_trigger.py took 0.156 seconds
[2024-09-27T23:30:25.540+0000] {processor.py:154} INFO - Started process (PID=12864) to work on /home/airflow/.local/lib/python3.7/site-packages/airflow/example_dags/example_latest_only_with_trigger.py
[2024-09-27T23:30:25.542+0000] {processor.py:756} INFO - Processing file /home/airflow/.local/lib/python3.7/site-packages/airflow/example_dags/example_latest_only_with_trigger.py for tasks to queue
[2024-09-27T23:30:25.543+0000] {logging_mixin.py:120} INFO - [2024-09-27T23:30:25.543+0000] {dagbag.py:537} INFO - Filling up the DagBag from /home/airflow/.local/lib/python3.7/site-packages/airflow/example_dags/example_latest_only_with_trigger.py
[2024-09-27T23:30:25.564+0000] {processor.py:766} INFO - DAG(s) dict_keys(['latest_only_with_trigger']) retrieved from /home/airflow/.local/lib/python3.7/site-packages/airflow/example_dags/example_latest_only_with_trigger.py
[2024-09-27T23:30:25.615+0000] {logging_mixin.py:120} INFO - [2024-09-27T23:30:25.615+0000] {dag.py:2585} INFO - Sync 1 DAGs
[2024-09-27T23:30:25.647+0000] {logging_mixin.py:120} INFO - [2024-09-27T23:30:25.647+0000] {dag.py:3340} INFO - Setting next_dagrun for latest_only_with_trigger to 2024-09-27T19:30:25.647162+00:00, run_after=2024-09-27T23:30:25.647162+00:00
[2024-09-27T23:30:25.674+0000] {processor.py:176} INFO - Processing /home/airflow/.local/lib/python3.7/site-packages/airflow/example_dags/example_latest_only_with_trigger.py took 0.139 seconds
[2024-09-27T23:30:55.929+0000] {processor.py:154} INFO - Started process (PID=12936) to work on /home/airflow/.local/lib/python3.7/site-packages/airflow/example_dags/example_latest_only_with_trigger.py
[2024-09-27T23:30:55.932+0000] {processor.py:756} INFO - Processing file /home/airflow/.local/lib/python3.7/site-packages/airflow/example_dags/example_latest_only_with_trigger.py for tasks to queue
[2024-09-27T23:30:55.933+0000] {logging_mixin.py:120} INFO - [2024-09-27T23:30:55.932+0000] {dagbag.py:537} INFO - Filling up the DagBag from /home/airflow/.local/lib/python3.7/site-packages/airflow/example_dags/example_latest_only_with_trigger.py
[2024-09-27T23:30:55.951+0000] {processor.py:766} INFO - DAG(s) dict_keys(['latest_only_with_trigger']) retrieved from /home/airflow/.local/lib/python3.7/site-packages/airflow/example_dags/example_latest_only_with_trigger.py
[2024-09-27T23:30:55.998+0000] {logging_mixin.py:120} INFO - [2024-09-27T23:30:55.998+0000] {dag.py:2585} INFO - Sync 1 DAGs
[2024-09-27T23:30:56.030+0000] {logging_mixin.py:120} INFO - [2024-09-27T23:30:56.030+0000] {dag.py:3340} INFO - Setting next_dagrun for latest_only_with_trigger to 2024-09-27T19:30:56.029993+00:00, run_after=2024-09-27T23:30:56.029993+00:00
[2024-09-27T23:30:56.053+0000] {processor.py:176} INFO - Processing /home/airflow/.local/lib/python3.7/site-packages/airflow/example_dags/example_latest_only_with_trigger.py took 0.128 seconds
[2024-09-27T23:31:26.426+0000] {processor.py:154} INFO - Started process (PID=13007) to work on /home/airflow/.local/lib/python3.7/site-packages/airflow/example_dags/example_latest_only_with_trigger.py
[2024-09-27T23:31:26.428+0000] {processor.py:756} INFO - Processing file /home/airflow/.local/lib/python3.7/site-packages/airflow/example_dags/example_latest_only_with_trigger.py for tasks to queue
[2024-09-27T23:31:26.430+0000] {logging_mixin.py:120} INFO - [2024-09-27T23:31:26.429+0000] {dagbag.py:537} INFO - Filling up the DagBag from /home/airflow/.local/lib/python3.7/site-packages/airflow/example_dags/example_latest_only_with_trigger.py
[2024-09-27T23:31:26.449+0000] {processor.py:766} INFO - DAG(s) dict_keys(['latest_only_with_trigger']) retrieved from /home/airflow/.local/lib/python3.7/site-packages/airflow/example_dags/example_latest_only_with_trigger.py
[2024-09-27T23:31:26.497+0000] {logging_mixin.py:120} INFO - [2024-09-27T23:31:26.497+0000] {dag.py:2585} INFO - Sync 1 DAGs
[2024-09-27T23:31:26.527+0000] {logging_mixin.py:120} INFO - [2024-09-27T23:31:26.527+0000] {dag.py:3340} INFO - Setting next_dagrun for latest_only_with_trigger to 2024-09-27T19:31:26.527111+00:00, run_after=2024-09-27T23:31:26.527111+00:00
[2024-09-27T23:31:26.547+0000] {processor.py:176} INFO - Processing /home/airflow/.local/lib/python3.7/site-packages/airflow/example_dags/example_latest_only_with_trigger.py took 0.126 seconds
[2024-09-27T23:31:56.965+0000] {processor.py:154} INFO - Started process (PID=13070) to work on /home/airflow/.local/lib/python3.7/site-packages/airflow/example_dags/example_latest_only_with_trigger.py
[2024-09-27T23:31:56.967+0000] {processor.py:756} INFO - Processing file /home/airflow/.local/lib/python3.7/site-packages/airflow/example_dags/example_latest_only_with_trigger.py for tasks to queue
[2024-09-27T23:31:56.969+0000] {logging_mixin.py:120} INFO - [2024-09-27T23:31:56.969+0000] {dagbag.py:537} INFO - Filling up the DagBag from /home/airflow/.local/lib/python3.7/site-packages/airflow/example_dags/example_latest_only_with_trigger.py
[2024-09-27T23:31:56.988+0000] {processor.py:766} INFO - DAG(s) dict_keys(['latest_only_with_trigger']) retrieved from /home/airflow/.local/lib/python3.7/site-packages/airflow/example_dags/example_latest_only_with_trigger.py
[2024-09-27T23:31:57.040+0000] {logging_mixin.py:120} INFO - [2024-09-27T23:31:57.040+0000] {dag.py:2585} INFO - Sync 1 DAGs
[2024-09-27T23:31:57.070+0000] {logging_mixin.py:120} INFO - [2024-09-27T23:31:57.070+0000] {dag.py:3340} INFO - Setting next_dagrun for latest_only_with_trigger to 2024-09-27T19:31:57.070031+00:00, run_after=2024-09-27T23:31:57.070031+00:00
[2024-09-27T23:31:57.091+0000] {processor.py:176} INFO - Processing /home/airflow/.local/lib/python3.7/site-packages/airflow/example_dags/example_latest_only_with_trigger.py took 0.130 seconds
[2024-09-27T23:32:27.751+0000] {processor.py:154} INFO - Started process (PID=13141) to work on /home/airflow/.local/lib/python3.7/site-packages/airflow/example_dags/example_latest_only_with_trigger.py
[2024-09-27T23:32:27.754+0000] {processor.py:756} INFO - Processing file /home/airflow/.local/lib/python3.7/site-packages/airflow/example_dags/example_latest_only_with_trigger.py for tasks to queue
[2024-09-27T23:32:27.755+0000] {logging_mixin.py:120} INFO - [2024-09-27T23:32:27.755+0000] {dagbag.py:537} INFO - Filling up the DagBag from /home/airflow/.local/lib/python3.7/site-packages/airflow/example_dags/example_latest_only_with_trigger.py
[2024-09-27T23:32:27.776+0000] {processor.py:766} INFO - DAG(s) dict_keys(['latest_only_with_trigger']) retrieved from /home/airflow/.local/lib/python3.7/site-packages/airflow/example_dags/example_latest_only_with_trigger.py
[2024-09-27T23:32:27.824+0000] {logging_mixin.py:120} INFO - [2024-09-27T23:32:27.824+0000] {dag.py:2585} INFO - Sync 1 DAGs
[2024-09-27T23:32:27.856+0000] {logging_mixin.py:120} INFO - [2024-09-27T23:32:27.856+0000] {dag.py:3340} INFO - Setting next_dagrun for latest_only_with_trigger to 2024-09-27T19:32:27.856406+00:00, run_after=2024-09-27T23:32:27.856406+00:00
[2024-09-27T23:32:27.880+0000] {processor.py:176} INFO - Processing /home/airflow/.local/lib/python3.7/site-packages/airflow/example_dags/example_latest_only_with_trigger.py took 0.133 seconds
[2024-09-27T23:32:58.289+0000] {processor.py:154} INFO - Started process (PID=13213) to work on /home/airflow/.local/lib/python3.7/site-packages/airflow/example_dags/example_latest_only_with_trigger.py
[2024-09-27T23:32:58.291+0000] {processor.py:756} INFO - Processing file /home/airflow/.local/lib/python3.7/site-packages/airflow/example_dags/example_latest_only_with_trigger.py for tasks to queue
[2024-09-27T23:32:58.292+0000] {logging_mixin.py:120} INFO - [2024-09-27T23:32:58.292+0000] {dagbag.py:537} INFO - Filling up the DagBag from /home/airflow/.local/lib/python3.7/site-packages/airflow/example_dags/example_latest_only_with_trigger.py
[2024-09-27T23:32:58.312+0000] {processor.py:766} INFO - DAG(s) dict_keys(['latest_only_with_trigger']) retrieved from /home/airflow/.local/lib/python3.7/site-packages/airflow/example_dags/example_latest_only_with_trigger.py
[2024-09-27T23:32:58.361+0000] {logging_mixin.py:120} INFO - [2024-09-27T23:32:58.361+0000] {dag.py:2585} INFO - Sync 1 DAGs
[2024-09-27T23:32:58.393+0000] {logging_mixin.py:120} INFO - [2024-09-27T23:32:58.392+0000] {dag.py:3340} INFO - Setting next_dagrun for latest_only_with_trigger to 2024-09-27T19:32:58.392415+00:00, run_after=2024-09-27T23:32:58.392415+00:00
[2024-09-27T23:32:58.419+0000] {processor.py:176} INFO - Processing /home/airflow/.local/lib/python3.7/site-packages/airflow/example_dags/example_latest_only_with_trigger.py took 0.135 seconds
[2024-09-27T23:33:28.712+0000] {processor.py:154} INFO - Started process (PID=13285) to work on /home/airflow/.local/lib/python3.7/site-packages/airflow/example_dags/example_latest_only_with_trigger.py
[2024-09-27T23:33:28.714+0000] {processor.py:756} INFO - Processing file /home/airflow/.local/lib/python3.7/site-packages/airflow/example_dags/example_latest_only_with_trigger.py for tasks to queue
[2024-09-27T23:33:28.715+0000] {logging_mixin.py:120} INFO - [2024-09-27T23:33:28.715+0000] {dagbag.py:537} INFO - Filling up the DagBag from /home/airflow/.local/lib/python3.7/site-packages/airflow/example_dags/example_latest_only_with_trigger.py
[2024-09-27T23:33:28.734+0000] {processor.py:766} INFO - DAG(s) dict_keys(['latest_only_with_trigger']) retrieved from /home/airflow/.local/lib/python3.7/site-packages/airflow/example_dags/example_latest_only_with_trigger.py
[2024-09-27T23:33:28.783+0000] {logging_mixin.py:120} INFO - [2024-09-27T23:33:28.783+0000] {dag.py:2585} INFO - Sync 1 DAGs
[2024-09-27T23:33:28.816+0000] {logging_mixin.py:120} INFO - [2024-09-27T23:33:28.816+0000] {dag.py:3340} INFO - Setting next_dagrun for latest_only_with_trigger to 2024-09-27T19:33:28.816086+00:00, run_after=2024-09-27T23:33:28.816086+00:00
[2024-09-27T23:33:28.841+0000] {processor.py:176} INFO - Processing /home/airflow/.local/lib/python3.7/site-packages/airflow/example_dags/example_latest_only_with_trigger.py took 0.133 seconds
[2024-09-27T23:33:59.036+0000] {processor.py:154} INFO - Started process (PID=13349) to work on /home/airflow/.local/lib/python3.7/site-packages/airflow/example_dags/example_latest_only_with_trigger.py
[2024-09-27T23:33:59.038+0000] {processor.py:756} INFO - Processing file /home/airflow/.local/lib/python3.7/site-packages/airflow/example_dags/example_latest_only_with_trigger.py for tasks to queue
[2024-09-27T23:33:59.039+0000] {logging_mixin.py:120} INFO - [2024-09-27T23:33:59.038+0000] {dagbag.py:537} INFO - Filling up the DagBag from /home/airflow/.local/lib/python3.7/site-packages/airflow/example_dags/example_latest_only_with_trigger.py
[2024-09-27T23:33:59.056+0000] {processor.py:766} INFO - DAG(s) dict_keys(['latest_only_with_trigger']) retrieved from /home/airflow/.local/lib/python3.7/site-packages/airflow/example_dags/example_latest_only_with_trigger.py
[2024-09-27T23:33:59.103+0000] {logging_mixin.py:120} INFO - [2024-09-27T23:33:59.103+0000] {dag.py:2585} INFO - Sync 1 DAGs
[2024-09-27T23:33:59.133+0000] {logging_mixin.py:120} INFO - [2024-09-27T23:33:59.133+0000] {dag.py:3340} INFO - Setting next_dagrun for latest_only_with_trigger to 2024-09-27T19:33:59.132776+00:00, run_after=2024-09-27T23:33:59.132776+00:00
[2024-09-27T23:33:59.156+0000] {processor.py:176} INFO - Processing /home/airflow/.local/lib/python3.7/site-packages/airflow/example_dags/example_latest_only_with_trigger.py took 0.125 seconds
[2024-09-27T23:34:30.094+0000] {processor.py:154} INFO - Started process (PID=13421) to work on /home/airflow/.local/lib/python3.7/site-packages/airflow/example_dags/example_latest_only_with_trigger.py
[2024-09-27T23:34:30.096+0000] {processor.py:756} INFO - Processing file /home/airflow/.local/lib/python3.7/site-packages/airflow/example_dags/example_latest_only_with_trigger.py for tasks to queue
[2024-09-27T23:34:30.097+0000] {logging_mixin.py:120} INFO - [2024-09-27T23:34:30.097+0000] {dagbag.py:537} INFO - Filling up the DagBag from /home/airflow/.local/lib/python3.7/site-packages/airflow/example_dags/example_latest_only_with_trigger.py
[2024-09-27T23:34:30.116+0000] {processor.py:766} INFO - DAG(s) dict_keys(['latest_only_with_trigger']) retrieved from /home/airflow/.local/lib/python3.7/site-packages/airflow/example_dags/example_latest_only_with_trigger.py
[2024-09-27T23:34:30.164+0000] {logging_mixin.py:120} INFO - [2024-09-27T23:34:30.163+0000] {dag.py:2585} INFO - Sync 1 DAGs
[2024-09-27T23:34:30.195+0000] {logging_mixin.py:120} INFO - [2024-09-27T23:34:30.194+0000] {dag.py:3340} INFO - Setting next_dagrun for latest_only_with_trigger to 2024-09-27T19:34:30.194603+00:00, run_after=2024-09-27T23:34:30.194603+00:00
[2024-09-27T23:34:30.224+0000] {processor.py:176} INFO - Processing /home/airflow/.local/lib/python3.7/site-packages/airflow/example_dags/example_latest_only_with_trigger.py took 0.134 seconds
[2024-09-27T23:35:00.448+0000] {processor.py:154} INFO - Started process (PID=13493) to work on /home/airflow/.local/lib/python3.7/site-packages/airflow/example_dags/example_latest_only_with_trigger.py
[2024-09-27T23:35:00.450+0000] {processor.py:756} INFO - Processing file /home/airflow/.local/lib/python3.7/site-packages/airflow/example_dags/example_latest_only_with_trigger.py for tasks to queue
[2024-09-27T23:35:00.451+0000] {logging_mixin.py:120} INFO - [2024-09-27T23:35:00.450+0000] {dagbag.py:537} INFO - Filling up the DagBag from /home/airflow/.local/lib/python3.7/site-packages/airflow/example_dags/example_latest_only_with_trigger.py
[2024-09-27T23:35:00.469+0000] {processor.py:766} INFO - DAG(s) dict_keys(['latest_only_with_trigger']) retrieved from /home/airflow/.local/lib/python3.7/site-packages/airflow/example_dags/example_latest_only_with_trigger.py
[2024-09-27T23:35:00.517+0000] {logging_mixin.py:120} INFO - [2024-09-27T23:35:00.516+0000] {dag.py:2585} INFO - Sync 1 DAGs
[2024-09-27T23:35:00.547+0000] {logging_mixin.py:120} INFO - [2024-09-27T23:35:00.547+0000] {dag.py:3340} INFO - Setting next_dagrun for latest_only_with_trigger to 2024-09-27T19:35:00.546989+00:00, run_after=2024-09-27T23:35:00.546989+00:00
[2024-09-27T23:35:00.566+0000] {processor.py:176} INFO - Processing /home/airflow/.local/lib/python3.7/site-packages/airflow/example_dags/example_latest_only_with_trigger.py took 0.123 seconds
[2024-09-27T23:35:30.942+0000] {processor.py:154} INFO - Started process (PID=13556) to work on /home/airflow/.local/lib/python3.7/site-packages/airflow/example_dags/example_latest_only_with_trigger.py
[2024-09-27T23:35:30.945+0000] {processor.py:756} INFO - Processing file /home/airflow/.local/lib/python3.7/site-packages/airflow/example_dags/example_latest_only_with_trigger.py for tasks to queue
[2024-09-27T23:35:30.946+0000] {logging_mixin.py:120} INFO - [2024-09-27T23:35:30.946+0000] {dagbag.py:537} INFO - Filling up the DagBag from /home/airflow/.local/lib/python3.7/site-packages/airflow/example_dags/example_latest_only_with_trigger.py
[2024-09-27T23:35:30.968+0000] {processor.py:766} INFO - DAG(s) dict_keys(['latest_only_with_trigger']) retrieved from /home/airflow/.local/lib/python3.7/site-packages/airflow/example_dags/example_latest_only_with_trigger.py
[2024-09-27T23:35:31.023+0000] {logging_mixin.py:120} INFO - [2024-09-27T23:35:31.023+0000] {dag.py:2585} INFO - Sync 1 DAGs
[2024-09-27T23:35:31.059+0000] {logging_mixin.py:120} INFO - [2024-09-27T23:35:31.059+0000] {dag.py:3340} INFO - Setting next_dagrun for latest_only_with_trigger to 2024-09-27T19:35:31.059000+00:00, run_after=2024-09-27T23:35:31.059000+00:00
[2024-09-27T23:35:31.090+0000] {processor.py:176} INFO - Processing /home/airflow/.local/lib/python3.7/site-packages/airflow/example_dags/example_latest_only_with_trigger.py took 0.152 seconds
[2024-09-27T23:36:02.039+0000] {processor.py:154} INFO - Started process (PID=13628) to work on /home/airflow/.local/lib/python3.7/site-packages/airflow/example_dags/example_latest_only_with_trigger.py
[2024-09-27T23:36:02.041+0000] {processor.py:756} INFO - Processing file /home/airflow/.local/lib/python3.7/site-packages/airflow/example_dags/example_latest_only_with_trigger.py for tasks to queue
[2024-09-27T23:36:02.042+0000] {logging_mixin.py:120} INFO - [2024-09-27T23:36:02.042+0000] {dagbag.py:537} INFO - Filling up the DagBag from /home/airflow/.local/lib/python3.7/site-packages/airflow/example_dags/example_latest_only_with_trigger.py
[2024-09-27T23:36:02.060+0000] {processor.py:766} INFO - DAG(s) dict_keys(['latest_only_with_trigger']) retrieved from /home/airflow/.local/lib/python3.7/site-packages/airflow/example_dags/example_latest_only_with_trigger.py
[2024-09-27T23:36:02.107+0000] {logging_mixin.py:120} INFO - [2024-09-27T23:36:02.107+0000] {dag.py:2585} INFO - Sync 1 DAGs
[2024-09-27T23:36:02.138+0000] {logging_mixin.py:120} INFO - [2024-09-27T23:36:02.138+0000] {dag.py:3340} INFO - Setting next_dagrun for latest_only_with_trigger to 2024-09-27T19:36:02.138240+00:00, run_after=2024-09-27T23:36:02.138240+00:00
[2024-09-27T23:36:02.161+0000] {processor.py:176} INFO - Processing /home/airflow/.local/lib/python3.7/site-packages/airflow/example_dags/example_latest_only_with_trigger.py took 0.126 seconds
[2024-09-27T23:36:32.520+0000] {processor.py:154} INFO - Started process (PID=13699) to work on /home/airflow/.local/lib/python3.7/site-packages/airflow/example_dags/example_latest_only_with_trigger.py
[2024-09-27T23:36:32.522+0000] {processor.py:756} INFO - Processing file /home/airflow/.local/lib/python3.7/site-packages/airflow/example_dags/example_latest_only_with_trigger.py for tasks to queue
[2024-09-27T23:36:32.523+0000] {logging_mixin.py:120} INFO - [2024-09-27T23:36:32.523+0000] {dagbag.py:537} INFO - Filling up the DagBag from /home/airflow/.local/lib/python3.7/site-packages/airflow/example_dags/example_latest_only_with_trigger.py
[2024-09-27T23:36:32.542+0000] {processor.py:766} INFO - DAG(s) dict_keys(['latest_only_with_trigger']) retrieved from /home/airflow/.local/lib/python3.7/site-packages/airflow/example_dags/example_latest_only_with_trigger.py
[2024-09-27T23:36:32.591+0000] {logging_mixin.py:120} INFO - [2024-09-27T23:36:32.591+0000] {dag.py:2585} INFO - Sync 1 DAGs
[2024-09-27T23:36:32.623+0000] {logging_mixin.py:120} INFO - [2024-09-27T23:36:32.623+0000] {dag.py:3340} INFO - Setting next_dagrun for latest_only_with_trigger to 2024-09-27T19:36:32.623470+00:00, run_after=2024-09-27T23:36:32.623470+00:00
[2024-09-27T23:36:32.649+0000] {processor.py:176} INFO - Processing /home/airflow/.local/lib/python3.7/site-packages/airflow/example_dags/example_latest_only_with_trigger.py took 0.133 seconds
[2024-09-27T23:37:03.059+0000] {processor.py:154} INFO - Started process (PID=13769) to work on /home/airflow/.local/lib/python3.7/site-packages/airflow/example_dags/example_latest_only_with_trigger.py
[2024-09-27T23:37:03.061+0000] {processor.py:756} INFO - Processing file /home/airflow/.local/lib/python3.7/site-packages/airflow/example_dags/example_latest_only_with_trigger.py for tasks to queue
[2024-09-27T23:37:03.063+0000] {logging_mixin.py:120} INFO - [2024-09-27T23:37:03.063+0000] {dagbag.py:537} INFO - Filling up the DagBag from /home/airflow/.local/lib/python3.7/site-packages/airflow/example_dags/example_latest_only_with_trigger.py
[2024-09-27T23:37:03.085+0000] {processor.py:766} INFO - DAG(s) dict_keys(['latest_only_with_trigger']) retrieved from /home/airflow/.local/lib/python3.7/site-packages/airflow/example_dags/example_latest_only_with_trigger.py
[2024-09-27T23:37:03.143+0000] {logging_mixin.py:120} INFO - [2024-09-27T23:37:03.142+0000] {dag.py:2585} INFO - Sync 1 DAGs
[2024-09-27T23:37:03.177+0000] {logging_mixin.py:120} INFO - [2024-09-27T23:37:03.177+0000] {dag.py:3340} INFO - Setting next_dagrun for latest_only_with_trigger to 2024-09-27T19:37:03.177080+00:00, run_after=2024-09-27T23:37:03.177080+00:00
[2024-09-27T23:37:03.205+0000] {processor.py:176} INFO - Processing /home/airflow/.local/lib/python3.7/site-packages/airflow/example_dags/example_latest_only_with_trigger.py took 0.153 seconds
[2024-09-27T23:37:33.443+0000] {processor.py:154} INFO - Started process (PID=13834) to work on /home/airflow/.local/lib/python3.7/site-packages/airflow/example_dags/example_latest_only_with_trigger.py
[2024-09-27T23:37:33.445+0000] {processor.py:756} INFO - Processing file /home/airflow/.local/lib/python3.7/site-packages/airflow/example_dags/example_latest_only_with_trigger.py for tasks to queue
[2024-09-27T23:37:33.446+0000] {logging_mixin.py:120} INFO - [2024-09-27T23:37:33.446+0000] {dagbag.py:537} INFO - Filling up the DagBag from /home/airflow/.local/lib/python3.7/site-packages/airflow/example_dags/example_latest_only_with_trigger.py
[2024-09-27T23:37:33.464+0000] {processor.py:766} INFO - DAG(s) dict_keys(['latest_only_with_trigger']) retrieved from /home/airflow/.local/lib/python3.7/site-packages/airflow/example_dags/example_latest_only_with_trigger.py
[2024-09-27T23:37:33.511+0000] {logging_mixin.py:120} INFO - [2024-09-27T23:37:33.511+0000] {dag.py:2585} INFO - Sync 1 DAGs
[2024-09-27T23:37:33.540+0000] {logging_mixin.py:120} INFO - [2024-09-27T23:37:33.540+0000] {dag.py:3340} INFO - Setting next_dagrun for latest_only_with_trigger to 2024-09-27T19:37:33.540314+00:00, run_after=2024-09-27T23:37:33.540314+00:00
[2024-09-27T23:37:33.559+0000] {processor.py:176} INFO - Processing /home/airflow/.local/lib/python3.7/site-packages/airflow/example_dags/example_latest_only_with_trigger.py took 0.120 seconds
[2024-09-27T23:38:04.002+0000] {processor.py:154} INFO - Started process (PID=13906) to work on /home/airflow/.local/lib/python3.7/site-packages/airflow/example_dags/example_latest_only_with_trigger.py
[2024-09-27T23:38:04.004+0000] {processor.py:756} INFO - Processing file /home/airflow/.local/lib/python3.7/site-packages/airflow/example_dags/example_latest_only_with_trigger.py for tasks to queue
[2024-09-27T23:38:04.005+0000] {logging_mixin.py:120} INFO - [2024-09-27T23:38:04.005+0000] {dagbag.py:537} INFO - Filling up the DagBag from /home/airflow/.local/lib/python3.7/site-packages/airflow/example_dags/example_latest_only_with_trigger.py
[2024-09-27T23:38:04.022+0000] {processor.py:766} INFO - DAG(s) dict_keys(['latest_only_with_trigger']) retrieved from /home/airflow/.local/lib/python3.7/site-packages/airflow/example_dags/example_latest_only_with_trigger.py
[2024-09-27T23:38:04.068+0000] {logging_mixin.py:120} INFO - [2024-09-27T23:38:04.068+0000] {dag.py:2585} INFO - Sync 1 DAGs
[2024-09-27T23:38:04.099+0000] {logging_mixin.py:120} INFO - [2024-09-27T23:38:04.099+0000] {dag.py:3340} INFO - Setting next_dagrun for latest_only_with_trigger to 2024-09-27T19:38:04.099292+00:00, run_after=2024-09-27T23:38:04.099292+00:00
[2024-09-27T23:38:04.121+0000] {processor.py:176} INFO - Processing /home/airflow/.local/lib/python3.7/site-packages/airflow/example_dags/example_latest_only_with_trigger.py took 0.124 seconds
[2024-09-27T23:38:34.940+0000] {processor.py:154} INFO - Started process (PID=13978) to work on /home/airflow/.local/lib/python3.7/site-packages/airflow/example_dags/example_latest_only_with_trigger.py
[2024-09-27T23:38:34.943+0000] {processor.py:756} INFO - Processing file /home/airflow/.local/lib/python3.7/site-packages/airflow/example_dags/example_latest_only_with_trigger.py for tasks to queue
[2024-09-27T23:38:34.946+0000] {logging_mixin.py:120} INFO - [2024-09-27T23:38:34.945+0000] {dagbag.py:537} INFO - Filling up the DagBag from /home/airflow/.local/lib/python3.7/site-packages/airflow/example_dags/example_latest_only_with_trigger.py
[2024-09-27T23:38:34.964+0000] {processor.py:766} INFO - DAG(s) dict_keys(['latest_only_with_trigger']) retrieved from /home/airflow/.local/lib/python3.7/site-packages/airflow/example_dags/example_latest_only_with_trigger.py
[2024-09-27T23:38:35.012+0000] {logging_mixin.py:120} INFO - [2024-09-27T23:38:35.011+0000] {dag.py:2585} INFO - Sync 1 DAGs
[2024-09-27T23:38:35.043+0000] {logging_mixin.py:120} INFO - [2024-09-27T23:38:35.043+0000] {dag.py:3340} INFO - Setting next_dagrun for latest_only_with_trigger to 2024-09-27T19:38:35.043082+00:00, run_after=2024-09-27T23:38:35.043082+00:00
[2024-09-27T23:38:35.071+0000] {processor.py:176} INFO - Processing /home/airflow/.local/lib/python3.7/site-packages/airflow/example_dags/example_latest_only_with_trigger.py took 0.135 seconds
[2024-09-27T23:39:05.408+0000] {processor.py:154} INFO - Started process (PID=14041) to work on /home/airflow/.local/lib/python3.7/site-packages/airflow/example_dags/example_latest_only_with_trigger.py
[2024-09-27T23:39:05.410+0000] {processor.py:756} INFO - Processing file /home/airflow/.local/lib/python3.7/site-packages/airflow/example_dags/example_latest_only_with_trigger.py for tasks to queue
[2024-09-27T23:39:05.411+0000] {logging_mixin.py:120} INFO - [2024-09-27T23:39:05.411+0000] {dagbag.py:537} INFO - Filling up the DagBag from /home/airflow/.local/lib/python3.7/site-packages/airflow/example_dags/example_latest_only_with_trigger.py
[2024-09-27T23:39:05.432+0000] {processor.py:766} INFO - DAG(s) dict_keys(['latest_only_with_trigger']) retrieved from /home/airflow/.local/lib/python3.7/site-packages/airflow/example_dags/example_latest_only_with_trigger.py
[2024-09-27T23:39:05.481+0000] {logging_mixin.py:120} INFO - [2024-09-27T23:39:05.481+0000] {dag.py:2585} INFO - Sync 1 DAGs
[2024-09-27T23:39:05.511+0000] {logging_mixin.py:120} INFO - [2024-09-27T23:39:05.511+0000] {dag.py:3340} INFO - Setting next_dagrun for latest_only_with_trigger to 2024-09-27T19:39:05.510863+00:00, run_after=2024-09-27T23:39:05.510863+00:00
[2024-09-27T23:39:05.535+0000] {processor.py:176} INFO - Processing /home/airflow/.local/lib/python3.7/site-packages/airflow/example_dags/example_latest_only_with_trigger.py took 0.132 seconds
[2024-09-27T23:39:35.926+0000] {processor.py:154} INFO - Started process (PID=14113) to work on /home/airflow/.local/lib/python3.7/site-packages/airflow/example_dags/example_latest_only_with_trigger.py
[2024-09-27T23:39:35.928+0000] {processor.py:756} INFO - Processing file /home/airflow/.local/lib/python3.7/site-packages/airflow/example_dags/example_latest_only_with_trigger.py for tasks to queue
[2024-09-27T23:39:35.929+0000] {logging_mixin.py:120} INFO - [2024-09-27T23:39:35.929+0000] {dagbag.py:537} INFO - Filling up the DagBag from /home/airflow/.local/lib/python3.7/site-packages/airflow/example_dags/example_latest_only_with_trigger.py
[2024-09-27T23:39:35.947+0000] {processor.py:766} INFO - DAG(s) dict_keys(['latest_only_with_trigger']) retrieved from /home/airflow/.local/lib/python3.7/site-packages/airflow/example_dags/example_latest_only_with_trigger.py
[2024-09-27T23:39:35.996+0000] {logging_mixin.py:120} INFO - [2024-09-27T23:39:35.996+0000] {dag.py:2585} INFO - Sync 1 DAGs
[2024-09-27T23:39:36.026+0000] {logging_mixin.py:120} INFO - [2024-09-27T23:39:36.026+0000] {dag.py:3340} INFO - Setting next_dagrun for latest_only_with_trigger to 2024-09-27T19:39:36.025913+00:00, run_after=2024-09-27T23:39:36.025913+00:00
[2024-09-27T23:39:36.052+0000] {processor.py:176} INFO - Processing /home/airflow/.local/lib/python3.7/site-packages/airflow/example_dags/example_latest_only_with_trigger.py took 0.131 seconds
[2024-09-27T23:40:06.256+0000] {processor.py:154} INFO - Started process (PID=14185) to work on /home/airflow/.local/lib/python3.7/site-packages/airflow/example_dags/example_latest_only_with_trigger.py
[2024-09-27T23:40:06.258+0000] {processor.py:756} INFO - Processing file /home/airflow/.local/lib/python3.7/site-packages/airflow/example_dags/example_latest_only_with_trigger.py for tasks to queue
[2024-09-27T23:40:06.259+0000] {logging_mixin.py:120} INFO - [2024-09-27T23:40:06.259+0000] {dagbag.py:537} INFO - Filling up the DagBag from /home/airflow/.local/lib/python3.7/site-packages/airflow/example_dags/example_latest_only_with_trigger.py
[2024-09-27T23:40:06.276+0000] {processor.py:766} INFO - DAG(s) dict_keys(['latest_only_with_trigger']) retrieved from /home/airflow/.local/lib/python3.7/site-packages/airflow/example_dags/example_latest_only_with_trigger.py
[2024-09-27T23:40:06.325+0000] {logging_mixin.py:120} INFO - [2024-09-27T23:40:06.325+0000] {dag.py:2585} INFO - Sync 1 DAGs
[2024-09-27T23:40:06.356+0000] {logging_mixin.py:120} INFO - [2024-09-27T23:40:06.356+0000] {dag.py:3340} INFO - Setting next_dagrun for latest_only_with_trigger to 2024-09-27T19:40:06.355832+00:00, run_after=2024-09-27T23:40:06.355832+00:00
[2024-09-27T23:40:06.374+0000] {processor.py:176} INFO - Processing /home/airflow/.local/lib/python3.7/site-packages/airflow/example_dags/example_latest_only_with_trigger.py took 0.123 seconds
[2024-09-27T23:40:36.564+0000] {processor.py:154} INFO - Started process (PID=14247) to work on /home/airflow/.local/lib/python3.7/site-packages/airflow/example_dags/example_latest_only_with_trigger.py
[2024-09-27T23:40:36.566+0000] {processor.py:756} INFO - Processing file /home/airflow/.local/lib/python3.7/site-packages/airflow/example_dags/example_latest_only_with_trigger.py for tasks to queue
[2024-09-27T23:40:36.567+0000] {logging_mixin.py:120} INFO - [2024-09-27T23:40:36.567+0000] {dagbag.py:537} INFO - Filling up the DagBag from /home/airflow/.local/lib/python3.7/site-packages/airflow/example_dags/example_latest_only_with_trigger.py
[2024-09-27T23:40:36.583+0000] {processor.py:766} INFO - DAG(s) dict_keys(['latest_only_with_trigger']) retrieved from /home/airflow/.local/lib/python3.7/site-packages/airflow/example_dags/example_latest_only_with_trigger.py
[2024-09-27T23:40:36.629+0000] {logging_mixin.py:120} INFO - [2024-09-27T23:40:36.629+0000] {dag.py:2585} INFO - Sync 1 DAGs
[2024-09-27T23:40:36.659+0000] {logging_mixin.py:120} INFO - [2024-09-27T23:40:36.659+0000] {dag.py:3340} INFO - Setting next_dagrun for latest_only_with_trigger to 2024-09-27T19:40:36.659269+00:00, run_after=2024-09-27T23:40:36.659269+00:00
[2024-09-27T23:40:36.680+0000] {processor.py:176} INFO - Processing /home/airflow/.local/lib/python3.7/site-packages/airflow/example_dags/example_latest_only_with_trigger.py took 0.120 seconds
[2024-09-27T23:41:06.769+0000] {processor.py:154} INFO - Started process (PID=14318) to work on /home/airflow/.local/lib/python3.7/site-packages/airflow/example_dags/example_latest_only_with_trigger.py
[2024-09-27T23:41:06.771+0000] {processor.py:756} INFO - Processing file /home/airflow/.local/lib/python3.7/site-packages/airflow/example_dags/example_latest_only_with_trigger.py for tasks to queue
[2024-09-27T23:41:06.772+0000] {logging_mixin.py:120} INFO - [2024-09-27T23:41:06.772+0000] {dagbag.py:537} INFO - Filling up the DagBag from /home/airflow/.local/lib/python3.7/site-packages/airflow/example_dags/example_latest_only_with_trigger.py
[2024-09-27T23:41:06.787+0000] {processor.py:766} INFO - DAG(s) dict_keys(['latest_only_with_trigger']) retrieved from /home/airflow/.local/lib/python3.7/site-packages/airflow/example_dags/example_latest_only_with_trigger.py
[2024-09-27T23:41:06.835+0000] {logging_mixin.py:120} INFO - [2024-09-27T23:41:06.835+0000] {dag.py:2585} INFO - Sync 1 DAGs
[2024-09-27T23:41:06.864+0000] {logging_mixin.py:120} INFO - [2024-09-27T23:41:06.864+0000] {dag.py:3340} INFO - Setting next_dagrun for latest_only_with_trigger to 2024-09-27T19:41:06.863719+00:00, run_after=2024-09-27T23:41:06.863719+00:00
[2024-09-27T23:41:06.882+0000] {processor.py:176} INFO - Processing /home/airflow/.local/lib/python3.7/site-packages/airflow/example_dags/example_latest_only_with_trigger.py took 0.117 seconds
[2024-09-27T23:41:37.520+0000] {processor.py:154} INFO - Started process (PID=14390) to work on /home/airflow/.local/lib/python3.7/site-packages/airflow/example_dags/example_latest_only_with_trigger.py
[2024-09-27T23:41:37.523+0000] {processor.py:756} INFO - Processing file /home/airflow/.local/lib/python3.7/site-packages/airflow/example_dags/example_latest_only_with_trigger.py for tasks to queue
[2024-09-27T23:41:37.524+0000] {logging_mixin.py:120} INFO - [2024-09-27T23:41:37.524+0000] {dagbag.py:537} INFO - Filling up the DagBag from /home/airflow/.local/lib/python3.7/site-packages/airflow/example_dags/example_latest_only_with_trigger.py
[2024-09-27T23:41:37.541+0000] {processor.py:766} INFO - DAG(s) dict_keys(['latest_only_with_trigger']) retrieved from /home/airflow/.local/lib/python3.7/site-packages/airflow/example_dags/example_latest_only_with_trigger.py
[2024-09-27T23:41:37.590+0000] {logging_mixin.py:120} INFO - [2024-09-27T23:41:37.590+0000] {dag.py:2585} INFO - Sync 1 DAGs
[2024-09-27T23:41:37.619+0000] {logging_mixin.py:120} INFO - [2024-09-27T23:41:37.618+0000] {dag.py:3340} INFO - Setting next_dagrun for latest_only_with_trigger to 2024-09-27T19:41:37.618683+00:00, run_after=2024-09-27T23:41:37.618683+00:00
[2024-09-27T23:41:37.639+0000] {processor.py:176} INFO - Processing /home/airflow/.local/lib/python3.7/site-packages/airflow/example_dags/example_latest_only_with_trigger.py took 0.123 seconds
[2024-09-27T23:42:08.024+0000] {processor.py:154} INFO - Started process (PID=14452) to work on /home/airflow/.local/lib/python3.7/site-packages/airflow/example_dags/example_latest_only_with_trigger.py
[2024-09-27T23:42:08.026+0000] {processor.py:756} INFO - Processing file /home/airflow/.local/lib/python3.7/site-packages/airflow/example_dags/example_latest_only_with_trigger.py for tasks to queue
[2024-09-27T23:42:08.027+0000] {logging_mixin.py:120} INFO - [2024-09-27T23:42:08.027+0000] {dagbag.py:537} INFO - Filling up the DagBag from /home/airflow/.local/lib/python3.7/site-packages/airflow/example_dags/example_latest_only_with_trigger.py
[2024-09-27T23:42:08.044+0000] {processor.py:766} INFO - DAG(s) dict_keys(['latest_only_with_trigger']) retrieved from /home/airflow/.local/lib/python3.7/site-packages/airflow/example_dags/example_latest_only_with_trigger.py
[2024-09-27T23:42:08.093+0000] {logging_mixin.py:120} INFO - [2024-09-27T23:42:08.093+0000] {dag.py:2585} INFO - Sync 1 DAGs
[2024-09-27T23:42:08.125+0000] {logging_mixin.py:120} INFO - [2024-09-27T23:42:08.125+0000] {dag.py:3340} INFO - Setting next_dagrun for latest_only_with_trigger to 2024-09-27T19:42:08.124937+00:00, run_after=2024-09-27T23:42:08.124937+00:00
[2024-09-27T23:42:08.149+0000] {processor.py:176} INFO - Processing /home/airflow/.local/lib/python3.7/site-packages/airflow/example_dags/example_latest_only_with_trigger.py took 0.129 seconds
[2024-09-27T23:42:38.276+0000] {processor.py:154} INFO - Started process (PID=14523) to work on /home/airflow/.local/lib/python3.7/site-packages/airflow/example_dags/example_latest_only_with_trigger.py
[2024-09-27T23:42:38.279+0000] {processor.py:756} INFO - Processing file /home/airflow/.local/lib/python3.7/site-packages/airflow/example_dags/example_latest_only_with_trigger.py for tasks to queue
[2024-09-27T23:42:38.280+0000] {logging_mixin.py:120} INFO - [2024-09-27T23:42:38.280+0000] {dagbag.py:537} INFO - Filling up the DagBag from /home/airflow/.local/lib/python3.7/site-packages/airflow/example_dags/example_latest_only_with_trigger.py
[2024-09-27T23:42:38.296+0000] {processor.py:766} INFO - DAG(s) dict_keys(['latest_only_with_trigger']) retrieved from /home/airflow/.local/lib/python3.7/site-packages/airflow/example_dags/example_latest_only_with_trigger.py
[2024-09-27T23:42:38.338+0000] {logging_mixin.py:120} INFO - [2024-09-27T23:42:38.337+0000] {dag.py:2585} INFO - Sync 1 DAGs
[2024-09-27T23:42:38.364+0000] {logging_mixin.py:120} INFO - [2024-09-27T23:42:38.364+0000] {dag.py:3340} INFO - Setting next_dagrun for latest_only_with_trigger to 2024-09-27T19:42:38.364216+00:00, run_after=2024-09-27T23:42:38.364216+00:00
[2024-09-27T23:42:38.387+0000] {processor.py:176} INFO - Processing /home/airflow/.local/lib/python3.7/site-packages/airflow/example_dags/example_latest_only_with_trigger.py took 0.115 seconds
[2024-09-27T23:43:08.921+0000] {processor.py:154} INFO - Started process (PID=14596) to work on /home/airflow/.local/lib/python3.7/site-packages/airflow/example_dags/example_latest_only_with_trigger.py
[2024-09-27T23:43:08.924+0000] {processor.py:756} INFO - Processing file /home/airflow/.local/lib/python3.7/site-packages/airflow/example_dags/example_latest_only_with_trigger.py for tasks to queue
[2024-09-27T23:43:08.925+0000] {logging_mixin.py:120} INFO - [2024-09-27T23:43:08.925+0000] {dagbag.py:537} INFO - Filling up the DagBag from /home/airflow/.local/lib/python3.7/site-packages/airflow/example_dags/example_latest_only_with_trigger.py
[2024-09-27T23:43:08.942+0000] {processor.py:766} INFO - DAG(s) dict_keys(['latest_only_with_trigger']) retrieved from /home/airflow/.local/lib/python3.7/site-packages/airflow/example_dags/example_latest_only_with_trigger.py
[2024-09-27T23:43:08.984+0000] {logging_mixin.py:120} INFO - [2024-09-27T23:43:08.984+0000] {dag.py:2585} INFO - Sync 1 DAGs
[2024-09-27T23:43:09.010+0000] {logging_mixin.py:120} INFO - [2024-09-27T23:43:09.010+0000] {dag.py:3340} INFO - Setting next_dagrun for latest_only_with_trigger to 2024-09-27T19:43:09.010343+00:00, run_after=2024-09-27T23:43:09.010343+00:00
[2024-09-27T23:43:09.029+0000] {processor.py:176} INFO - Processing /home/airflow/.local/lib/python3.7/site-packages/airflow/example_dags/example_latest_only_with_trigger.py took 0.112 seconds
[2024-09-27T23:43:39.240+0000] {processor.py:154} INFO - Started process (PID=14668) to work on /home/airflow/.local/lib/python3.7/site-packages/airflow/example_dags/example_latest_only_with_trigger.py
[2024-09-27T23:43:39.242+0000] {processor.py:756} INFO - Processing file /home/airflow/.local/lib/python3.7/site-packages/airflow/example_dags/example_latest_only_with_trigger.py for tasks to queue
[2024-09-27T23:43:39.243+0000] {logging_mixin.py:120} INFO - [2024-09-27T23:43:39.243+0000] {dagbag.py:537} INFO - Filling up the DagBag from /home/airflow/.local/lib/python3.7/site-packages/airflow/example_dags/example_latest_only_with_trigger.py
[2024-09-27T23:43:39.260+0000] {processor.py:766} INFO - DAG(s) dict_keys(['latest_only_with_trigger']) retrieved from /home/airflow/.local/lib/python3.7/site-packages/airflow/example_dags/example_latest_only_with_trigger.py
[2024-09-27T23:43:39.304+0000] {logging_mixin.py:120} INFO - [2024-09-27T23:43:39.304+0000] {dag.py:2585} INFO - Sync 1 DAGs
[2024-09-27T23:43:39.334+0000] {logging_mixin.py:120} INFO - [2024-09-27T23:43:39.333+0000] {dag.py:3340} INFO - Setting next_dagrun for latest_only_with_trigger to 2024-09-27T19:43:39.333677+00:00, run_after=2024-09-27T23:43:39.333677+00:00
[2024-09-27T23:43:39.358+0000] {processor.py:176} INFO - Processing /home/airflow/.local/lib/python3.7/site-packages/airflow/example_dags/example_latest_only_with_trigger.py took 0.121 seconds
[2024-09-27T23:44:09.488+0000] {processor.py:154} INFO - Started process (PID=14731) to work on /home/airflow/.local/lib/python3.7/site-packages/airflow/example_dags/example_latest_only_with_trigger.py
[2024-09-27T23:44:09.491+0000] {processor.py:756} INFO - Processing file /home/airflow/.local/lib/python3.7/site-packages/airflow/example_dags/example_latest_only_with_trigger.py for tasks to queue
[2024-09-27T23:44:09.492+0000] {logging_mixin.py:120} INFO - [2024-09-27T23:44:09.491+0000] {dagbag.py:537} INFO - Filling up the DagBag from /home/airflow/.local/lib/python3.7/site-packages/airflow/example_dags/example_latest_only_with_trigger.py
[2024-09-27T23:44:09.507+0000] {processor.py:766} INFO - DAG(s) dict_keys(['latest_only_with_trigger']) retrieved from /home/airflow/.local/lib/python3.7/site-packages/airflow/example_dags/example_latest_only_with_trigger.py
[2024-09-27T23:44:09.552+0000] {logging_mixin.py:120} INFO - [2024-09-27T23:44:09.552+0000] {dag.py:2585} INFO - Sync 1 DAGs
[2024-09-27T23:44:09.580+0000] {logging_mixin.py:120} INFO - [2024-09-27T23:44:09.579+0000] {dag.py:3340} INFO - Setting next_dagrun for latest_only_with_trigger to 2024-09-27T19:44:09.579647+00:00, run_after=2024-09-27T23:44:09.579647+00:00
[2024-09-27T23:44:09.604+0000] {processor.py:176} INFO - Processing /home/airflow/.local/lib/python3.7/site-packages/airflow/example_dags/example_latest_only_with_trigger.py took 0.119 seconds
[2024-09-27T23:44:39.715+0000] {processor.py:154} INFO - Started process (PID=14803) to work on /home/airflow/.local/lib/python3.7/site-packages/airflow/example_dags/example_latest_only_with_trigger.py
[2024-09-27T23:44:39.718+0000] {processor.py:756} INFO - Processing file /home/airflow/.local/lib/python3.7/site-packages/airflow/example_dags/example_latest_only_with_trigger.py for tasks to queue
[2024-09-27T23:44:39.718+0000] {logging_mixin.py:120} INFO - [2024-09-27T23:44:39.718+0000] {dagbag.py:537} INFO - Filling up the DagBag from /home/airflow/.local/lib/python3.7/site-packages/airflow/example_dags/example_latest_only_with_trigger.py
[2024-09-27T23:44:39.734+0000] {processor.py:766} INFO - DAG(s) dict_keys(['latest_only_with_trigger']) retrieved from /home/airflow/.local/lib/python3.7/site-packages/airflow/example_dags/example_latest_only_with_trigger.py
[2024-09-27T23:44:39.779+0000] {logging_mixin.py:120} INFO - [2024-09-27T23:44:39.779+0000] {dag.py:2585} INFO - Sync 1 DAGs
[2024-09-27T23:44:39.804+0000] {logging_mixin.py:120} INFO - [2024-09-27T23:44:39.804+0000] {dag.py:3340} INFO - Setting next_dagrun for latest_only_with_trigger to 2024-09-27T19:44:39.804156+00:00, run_after=2024-09-27T23:44:39.804156+00:00
[2024-09-27T23:44:39.822+0000] {processor.py:176} INFO - Processing /home/airflow/.local/lib/python3.7/site-packages/airflow/example_dags/example_latest_only_with_trigger.py took 0.110 seconds
[2024-09-27T23:45:10.024+0000] {processor.py:154} INFO - Started process (PID=14875) to work on /home/airflow/.local/lib/python3.7/site-packages/airflow/example_dags/example_latest_only_with_trigger.py
[2024-09-27T23:45:10.026+0000] {processor.py:756} INFO - Processing file /home/airflow/.local/lib/python3.7/site-packages/airflow/example_dags/example_latest_only_with_trigger.py for tasks to queue
[2024-09-27T23:45:10.027+0000] {logging_mixin.py:120} INFO - [2024-09-27T23:45:10.027+0000] {dagbag.py:537} INFO - Filling up the DagBag from /home/airflow/.local/lib/python3.7/site-packages/airflow/example_dags/example_latest_only_with_trigger.py
[2024-09-27T23:45:10.043+0000] {processor.py:766} INFO - DAG(s) dict_keys(['latest_only_with_trigger']) retrieved from /home/airflow/.local/lib/python3.7/site-packages/airflow/example_dags/example_latest_only_with_trigger.py
[2024-09-27T23:45:10.098+0000] {logging_mixin.py:120} INFO - [2024-09-27T23:45:10.098+0000] {dag.py:2585} INFO - Sync 1 DAGs
[2024-09-27T23:45:10.123+0000] {logging_mixin.py:120} INFO - [2024-09-27T23:45:10.123+0000] {dag.py:3340} INFO - Setting next_dagrun for latest_only_with_trigger to 2024-09-27T19:45:10.123064+00:00, run_after=2024-09-27T23:45:10.123064+00:00
[2024-09-27T23:45:10.142+0000] {processor.py:176} INFO - Processing /home/airflow/.local/lib/python3.7/site-packages/airflow/example_dags/example_latest_only_with_trigger.py took 0.121 seconds
[2024-09-27T23:45:40.519+0000] {processor.py:154} INFO - Started process (PID=14938) to work on /home/airflow/.local/lib/python3.7/site-packages/airflow/example_dags/example_latest_only_with_trigger.py
[2024-09-27T23:45:40.521+0000] {processor.py:756} INFO - Processing file /home/airflow/.local/lib/python3.7/site-packages/airflow/example_dags/example_latest_only_with_trigger.py for tasks to queue
[2024-09-27T23:45:40.523+0000] {logging_mixin.py:120} INFO - [2024-09-27T23:45:40.523+0000] {dagbag.py:537} INFO - Filling up the DagBag from /home/airflow/.local/lib/python3.7/site-packages/airflow/example_dags/example_latest_only_with_trigger.py
[2024-09-27T23:45:40.539+0000] {processor.py:766} INFO - DAG(s) dict_keys(['latest_only_with_trigger']) retrieved from /home/airflow/.local/lib/python3.7/site-packages/airflow/example_dags/example_latest_only_with_trigger.py
[2024-09-27T23:45:40.586+0000] {logging_mixin.py:120} INFO - [2024-09-27T23:45:40.586+0000] {dag.py:2585} INFO - Sync 1 DAGs
[2024-09-27T23:45:40.616+0000] {logging_mixin.py:120} INFO - [2024-09-27T23:45:40.616+0000] {dag.py:3340} INFO - Setting next_dagrun for latest_only_with_trigger to 2024-09-27T19:45:40.616112+00:00, run_after=2024-09-27T23:45:40.616112+00:00
[2024-09-27T23:45:40.637+0000] {processor.py:176} INFO - Processing /home/airflow/.local/lib/python3.7/site-packages/airflow/example_dags/example_latest_only_with_trigger.py took 0.121 seconds
[2024-09-27T23:46:10.758+0000] {processor.py:154} INFO - Started process (PID=15009) to work on /home/airflow/.local/lib/python3.7/site-packages/airflow/example_dags/example_latest_only_with_trigger.py
[2024-09-27T23:46:10.760+0000] {processor.py:756} INFO - Processing file /home/airflow/.local/lib/python3.7/site-packages/airflow/example_dags/example_latest_only_with_trigger.py for tasks to queue
[2024-09-27T23:46:10.761+0000] {logging_mixin.py:120} INFO - [2024-09-27T23:46:10.761+0000] {dagbag.py:537} INFO - Filling up the DagBag from /home/airflow/.local/lib/python3.7/site-packages/airflow/example_dags/example_latest_only_with_trigger.py
[2024-09-27T23:46:10.775+0000] {processor.py:766} INFO - DAG(s) dict_keys(['latest_only_with_trigger']) retrieved from /home/airflow/.local/lib/python3.7/site-packages/airflow/example_dags/example_latest_only_with_trigger.py
[2024-09-27T23:46:10.814+0000] {logging_mixin.py:120} INFO - [2024-09-27T23:46:10.813+0000] {dag.py:2585} INFO - Sync 1 DAGs
[2024-09-27T23:46:10.839+0000] {logging_mixin.py:120} INFO - [2024-09-27T23:46:10.838+0000] {dag.py:3340} INFO - Setting next_dagrun for latest_only_with_trigger to 2024-09-27T19:46:10.838666+00:00, run_after=2024-09-27T23:46:10.838666+00:00
[2024-09-27T23:46:10.858+0000] {processor.py:176} INFO - Processing /home/airflow/.local/lib/python3.7/site-packages/airflow/example_dags/example_latest_only_with_trigger.py took 0.104 seconds
[2024-09-27T23:46:41.099+0000] {processor.py:154} INFO - Started process (PID=15081) to work on /home/airflow/.local/lib/python3.7/site-packages/airflow/example_dags/example_latest_only_with_trigger.py
[2024-09-27T23:46:41.101+0000] {processor.py:756} INFO - Processing file /home/airflow/.local/lib/python3.7/site-packages/airflow/example_dags/example_latest_only_with_trigger.py for tasks to queue
[2024-09-27T23:46:41.102+0000] {logging_mixin.py:120} INFO - [2024-09-27T23:46:41.102+0000] {dagbag.py:537} INFO - Filling up the DagBag from /home/airflow/.local/lib/python3.7/site-packages/airflow/example_dags/example_latest_only_with_trigger.py
[2024-09-27T23:46:41.117+0000] {processor.py:766} INFO - DAG(s) dict_keys(['latest_only_with_trigger']) retrieved from /home/airflow/.local/lib/python3.7/site-packages/airflow/example_dags/example_latest_only_with_trigger.py
[2024-09-27T23:46:41.164+0000] {logging_mixin.py:120} INFO - [2024-09-27T23:46:41.164+0000] {dag.py:2585} INFO - Sync 1 DAGs
[2024-09-27T23:46:41.190+0000] {logging_mixin.py:120} INFO - [2024-09-27T23:46:41.190+0000] {dag.py:3340} INFO - Setting next_dagrun for latest_only_with_trigger to 2024-09-27T19:46:41.190341+00:00, run_after=2024-09-27T23:46:41.190341+00:00
[2024-09-27T23:46:41.212+0000] {processor.py:176} INFO - Processing /home/airflow/.local/lib/python3.7/site-packages/airflow/example_dags/example_latest_only_with_trigger.py took 0.117 seconds
[2024-09-27T23:47:11.324+0000] {processor.py:154} INFO - Started process (PID=15144) to work on /home/airflow/.local/lib/python3.7/site-packages/airflow/example_dags/example_latest_only_with_trigger.py
[2024-09-27T23:47:11.326+0000] {processor.py:756} INFO - Processing file /home/airflow/.local/lib/python3.7/site-packages/airflow/example_dags/example_latest_only_with_trigger.py for tasks to queue
[2024-09-27T23:47:11.328+0000] {logging_mixin.py:120} INFO - [2024-09-27T23:47:11.328+0000] {dagbag.py:537} INFO - Filling up the DagBag from /home/airflow/.local/lib/python3.7/site-packages/airflow/example_dags/example_latest_only_with_trigger.py
[2024-09-27T23:47:11.346+0000] {processor.py:766} INFO - DAG(s) dict_keys(['latest_only_with_trigger']) retrieved from /home/airflow/.local/lib/python3.7/site-packages/airflow/example_dags/example_latest_only_with_trigger.py
[2024-09-27T23:47:11.402+0000] {logging_mixin.py:120} INFO - [2024-09-27T23:47:11.402+0000] {dag.py:2585} INFO - Sync 1 DAGs
[2024-09-27T23:47:11.439+0000] {logging_mixin.py:120} INFO - [2024-09-27T23:47:11.438+0000] {dag.py:3340} INFO - Setting next_dagrun for latest_only_with_trigger to 2024-09-27T19:47:11.438500+00:00, run_after=2024-09-27T23:47:11.438500+00:00
[2024-09-27T23:47:11.471+0000] {processor.py:176} INFO - Processing /home/airflow/.local/lib/python3.7/site-packages/airflow/example_dags/example_latest_only_with_trigger.py took 0.151 seconds
[2024-09-27T23:47:42.173+0000] {processor.py:154} INFO - Started process (PID=15217) to work on /home/airflow/.local/lib/python3.7/site-packages/airflow/example_dags/example_latest_only_with_trigger.py
[2024-09-27T23:47:42.177+0000] {processor.py:756} INFO - Processing file /home/airflow/.local/lib/python3.7/site-packages/airflow/example_dags/example_latest_only_with_trigger.py for tasks to queue
[2024-09-27T23:47:42.178+0000] {logging_mixin.py:120} INFO - [2024-09-27T23:47:42.178+0000] {dagbag.py:537} INFO - Filling up the DagBag from /home/airflow/.local/lib/python3.7/site-packages/airflow/example_dags/example_latest_only_with_trigger.py
[2024-09-27T23:47:42.225+0000] {processor.py:766} INFO - DAG(s) dict_keys(['latest_only_with_trigger']) retrieved from /home/airflow/.local/lib/python3.7/site-packages/airflow/example_dags/example_latest_only_with_trigger.py
[2024-09-27T23:47:42.332+0000] {logging_mixin.py:120} INFO - [2024-09-27T23:47:42.332+0000] {dag.py:2585} INFO - Sync 1 DAGs
[2024-09-27T23:47:42.409+0000] {logging_mixin.py:120} INFO - [2024-09-27T23:47:42.408+0000] {dag.py:3340} INFO - Setting next_dagrun for latest_only_with_trigger to 2024-09-27T19:47:42.408189+00:00, run_after=2024-09-27T23:47:42.408189+00:00
[2024-09-27T23:47:42.442+0000] {processor.py:176} INFO - Processing /home/airflow/.local/lib/python3.7/site-packages/airflow/example_dags/example_latest_only_with_trigger.py took 0.278 seconds
[2024-09-27T23:48:12.812+0000] {processor.py:154} INFO - Started process (PID=15271) to work on /home/airflow/.local/lib/python3.7/site-packages/airflow/example_dags/example_latest_only_with_trigger.py
[2024-09-27T23:48:12.815+0000] {processor.py:756} INFO - Processing file /home/airflow/.local/lib/python3.7/site-packages/airflow/example_dags/example_latest_only_with_trigger.py for tasks to queue
[2024-09-27T23:48:12.816+0000] {logging_mixin.py:120} INFO - [2024-09-27T23:48:12.816+0000] {dagbag.py:537} INFO - Filling up the DagBag from /home/airflow/.local/lib/python3.7/site-packages/airflow/example_dags/example_latest_only_with_trigger.py
[2024-09-27T23:48:12.836+0000] {processor.py:766} INFO - DAG(s) dict_keys(['latest_only_with_trigger']) retrieved from /home/airflow/.local/lib/python3.7/site-packages/airflow/example_dags/example_latest_only_with_trigger.py
[2024-09-27T23:48:12.886+0000] {logging_mixin.py:120} INFO - [2024-09-27T23:48:12.886+0000] {dag.py:2585} INFO - Sync 1 DAGs
[2024-09-27T23:48:12.918+0000] {logging_mixin.py:120} INFO - [2024-09-27T23:48:12.917+0000] {dag.py:3340} INFO - Setting next_dagrun for latest_only_with_trigger to 2024-09-27T19:48:12.917702+00:00, run_after=2024-09-27T23:48:12.917702+00:00
[2024-09-27T23:48:12.944+0000] {processor.py:176} INFO - Processing /home/airflow/.local/lib/python3.7/site-packages/airflow/example_dags/example_latest_only_with_trigger.py took 0.136 seconds
[2024-09-27T23:49:54.110+0000] {processor.py:154} INFO - Started process (PID=15337) to work on /home/airflow/.local/lib/python3.7/site-packages/airflow/example_dags/example_latest_only_with_trigger.py
[2024-09-27T23:49:54.114+0000] {processor.py:756} INFO - Processing file /home/airflow/.local/lib/python3.7/site-packages/airflow/example_dags/example_latest_only_with_trigger.py for tasks to queue
[2024-09-27T23:49:54.115+0000] {logging_mixin.py:120} INFO - [2024-09-27T23:49:54.115+0000] {dagbag.py:537} INFO - Filling up the DagBag from /home/airflow/.local/lib/python3.7/site-packages/airflow/example_dags/example_latest_only_with_trigger.py
[2024-09-27T23:49:54.134+0000] {processor.py:766} INFO - DAG(s) dict_keys(['latest_only_with_trigger']) retrieved from /home/airflow/.local/lib/python3.7/site-packages/airflow/example_dags/example_latest_only_with_trigger.py
[2024-09-27T23:49:54.188+0000] {logging_mixin.py:120} INFO - [2024-09-27T23:49:54.187+0000] {dag.py:2585} INFO - Sync 1 DAGs
[2024-09-27T23:49:54.219+0000] {logging_mixin.py:120} INFO - [2024-09-27T23:49:54.219+0000] {dag.py:3340} INFO - Setting next_dagrun for latest_only_with_trigger to 2024-09-27T19:49:54.218761+00:00, run_after=2024-09-27T23:49:54.218761+00:00
[2024-09-27T23:49:54.241+0000] {processor.py:176} INFO - Processing /home/airflow/.local/lib/python3.7/site-packages/airflow/example_dags/example_latest_only_with_trigger.py took 0.137 seconds
[2024-09-27T23:51:00.075+0000] {processor.py:154} INFO - Started process (PID=15410) to work on /home/airflow/.local/lib/python3.7/site-packages/airflow/example_dags/example_latest_only_with_trigger.py
[2024-09-27T23:51:00.126+0000] {processor.py:756} INFO - Processing file /home/airflow/.local/lib/python3.7/site-packages/airflow/example_dags/example_latest_only_with_trigger.py for tasks to queue
[2024-09-27T23:51:00.148+0000] {logging_mixin.py:120} INFO - [2024-09-27T23:51:00.144+0000] {dagbag.py:537} INFO - Filling up the DagBag from /home/airflow/.local/lib/python3.7/site-packages/airflow/example_dags/example_latest_only_with_trigger.py
[2024-09-27T23:51:00.467+0000] {processor.py:766} INFO - DAG(s) dict_keys(['latest_only_with_trigger']) retrieved from /home/airflow/.local/lib/python3.7/site-packages/airflow/example_dags/example_latest_only_with_trigger.py
[2024-09-27T23:51:01.110+0000] {logging_mixin.py:120} INFO - [2024-09-27T23:51:01.107+0000] {dag.py:2585} INFO - Sync 1 DAGs
[2024-09-27T23:51:02.048+0000] {logging_mixin.py:120} INFO - [2024-09-27T23:51:02.044+0000] {dag.py:3340} INFO - Setting next_dagrun for latest_only_with_trigger to 2024-09-27T19:51:02.038766+00:00, run_after=2024-09-27T23:51:02.038766+00:00
[2024-09-27T23:51:02.441+0000] {processor.py:176} INFO - Processing /home/airflow/.local/lib/python3.7/site-packages/airflow/example_dags/example_latest_only_with_trigger.py took 2.454 seconds
[2024-09-27T23:51:33.214+0000] {processor.py:154} INFO - Started process (PID=15471) to work on /home/airflow/.local/lib/python3.7/site-packages/airflow/example_dags/example_latest_only_with_trigger.py
[2024-09-27T23:51:33.219+0000] {processor.py:756} INFO - Processing file /home/airflow/.local/lib/python3.7/site-packages/airflow/example_dags/example_latest_only_with_trigger.py for tasks to queue
[2024-09-27T23:51:33.221+0000] {logging_mixin.py:120} INFO - [2024-09-27T23:51:33.221+0000] {dagbag.py:537} INFO - Filling up the DagBag from /home/airflow/.local/lib/python3.7/site-packages/airflow/example_dags/example_latest_only_with_trigger.py
[2024-09-27T23:51:33.261+0000] {processor.py:766} INFO - DAG(s) dict_keys(['latest_only_with_trigger']) retrieved from /home/airflow/.local/lib/python3.7/site-packages/airflow/example_dags/example_latest_only_with_trigger.py
[2024-09-27T23:51:33.365+0000] {logging_mixin.py:120} INFO - [2024-09-27T23:51:33.365+0000] {dag.py:2585} INFO - Sync 1 DAGs
[2024-09-27T23:51:33.445+0000] {logging_mixin.py:120} INFO - [2024-09-27T23:51:33.444+0000] {dag.py:3340} INFO - Setting next_dagrun for latest_only_with_trigger to 2024-09-27T19:51:33.444195+00:00, run_after=2024-09-27T23:51:33.444195+00:00
[2024-09-27T23:51:33.499+0000] {processor.py:176} INFO - Processing /home/airflow/.local/lib/python3.7/site-packages/airflow/example_dags/example_latest_only_with_trigger.py took 0.293 seconds
