[2024-09-27T01:16:49.300+0000] {processor.py:154} INFO - Started process (PID=48040) to work on /home/airflow/.local/lib/python3.7/site-packages/airflow/example_dags/tutorial_taskflow_api.py
[2024-09-27T01:16:49.303+0000] {processor.py:756} INFO - Processing file /home/airflow/.local/lib/python3.7/site-packages/airflow/example_dags/tutorial_taskflow_api.py for tasks to queue
[2024-09-27T01:16:49.305+0000] {logging_mixin.py:120} INFO - [2024-09-27T01:16:49.304+0000] {dagbag.py:537} INFO - Filling up the DagBag from /home/airflow/.local/lib/python3.7/site-packages/airflow/example_dags/tutorial_taskflow_api.py
[2024-09-27T01:16:49.360+0000] {processor.py:766} INFO - DAG(s) dict_keys(['tutorial_taskflow_api']) retrieved from /home/airflow/.local/lib/python3.7/site-packages/airflow/example_dags/tutorial_taskflow_api.py
[2024-09-27T01:16:49.468+0000] {logging_mixin.py:120} INFO - [2024-09-27T01:16:49.468+0000] {dag.py:2585} INFO - Sync 1 DAGs
[2024-09-27T01:16:49.538+0000] {logging_mixin.py:120} INFO - [2024-09-27T01:16:49.538+0000] {dag.py:3340} INFO - Setting next_dagrun for tutorial_taskflow_api to None, run_after=None
[2024-09-27T01:16:49.599+0000] {processor.py:176} INFO - Processing /home/airflow/.local/lib/python3.7/site-packages/airflow/example_dags/tutorial_taskflow_api.py took 0.308 seconds
[2024-09-27T01:39:10.982+0000] {processor.py:154} INFO - Started process (PID=48106) to work on /home/airflow/.local/lib/python3.7/site-packages/airflow/example_dags/tutorial_taskflow_api.py
[2024-09-27T01:39:10.983+0000] {processor.py:756} INFO - Processing file /home/airflow/.local/lib/python3.7/site-packages/airflow/example_dags/tutorial_taskflow_api.py for tasks to queue
[2024-09-27T01:39:10.985+0000] {logging_mixin.py:120} INFO - [2024-09-27T01:39:10.985+0000] {dagbag.py:537} INFO - Filling up the DagBag from /home/airflow/.local/lib/python3.7/site-packages/airflow/example_dags/tutorial_taskflow_api.py
[2024-09-27T01:39:11.023+0000] {processor.py:766} INFO - DAG(s) dict_keys(['tutorial_taskflow_api']) retrieved from /home/airflow/.local/lib/python3.7/site-packages/airflow/example_dags/tutorial_taskflow_api.py
[2024-09-27T01:39:11.085+0000] {logging_mixin.py:120} INFO - [2024-09-27T01:39:11.084+0000] {dag.py:2585} INFO - Sync 1 DAGs
[2024-09-27T01:39:11.117+0000] {logging_mixin.py:120} INFO - [2024-09-27T01:39:11.117+0000] {dag.py:3340} INFO - Setting next_dagrun for tutorial_taskflow_api to None, run_after=None
[2024-09-27T01:39:11.144+0000] {processor.py:176} INFO - Processing /home/airflow/.local/lib/python3.7/site-packages/airflow/example_dags/tutorial_taskflow_api.py took 0.167 seconds
[2024-09-27T02:05:29.210+0000] {processor.py:154} INFO - Started process (PID=48164) to work on /home/airflow/.local/lib/python3.7/site-packages/airflow/example_dags/tutorial_taskflow_api.py
[2024-09-27T02:05:29.213+0000] {processor.py:756} INFO - Processing file /home/airflow/.local/lib/python3.7/site-packages/airflow/example_dags/tutorial_taskflow_api.py for tasks to queue
[2024-09-27T02:05:29.216+0000] {logging_mixin.py:120} INFO - [2024-09-27T02:05:29.216+0000] {dagbag.py:537} INFO - Filling up the DagBag from /home/airflow/.local/lib/python3.7/site-packages/airflow/example_dags/tutorial_taskflow_api.py
[2024-09-27T02:05:29.261+0000] {processor.py:766} INFO - DAG(s) dict_keys(['tutorial_taskflow_api']) retrieved from /home/airflow/.local/lib/python3.7/site-packages/airflow/example_dags/tutorial_taskflow_api.py
[2024-09-27T02:05:29.342+0000] {logging_mixin.py:120} INFO - [2024-09-27T02:05:29.341+0000] {dag.py:2585} INFO - Sync 1 DAGs
[2024-09-27T02:05:29.404+0000] {logging_mixin.py:120} INFO - [2024-09-27T02:05:29.404+0000] {dag.py:3340} INFO - Setting next_dagrun for tutorial_taskflow_api to None, run_after=None
[2024-09-27T02:05:29.446+0000] {processor.py:176} INFO - Processing /home/airflow/.local/lib/python3.7/site-packages/airflow/example_dags/tutorial_taskflow_api.py took 0.243 seconds
[2024-09-27T02:06:26.575+0000] {processor.py:154} INFO - Started process (PID=48223) to work on /home/airflow/.local/lib/python3.7/site-packages/airflow/example_dags/tutorial_taskflow_api.py
[2024-09-27T02:06:26.577+0000] {processor.py:756} INFO - Processing file /home/airflow/.local/lib/python3.7/site-packages/airflow/example_dags/tutorial_taskflow_api.py for tasks to queue
[2024-09-27T02:06:26.577+0000] {logging_mixin.py:120} INFO - [2024-09-27T02:06:26.577+0000] {dagbag.py:537} INFO - Filling up the DagBag from /home/airflow/.local/lib/python3.7/site-packages/airflow/example_dags/tutorial_taskflow_api.py
[2024-09-27T02:06:26.603+0000] {processor.py:766} INFO - DAG(s) dict_keys(['tutorial_taskflow_api']) retrieved from /home/airflow/.local/lib/python3.7/site-packages/airflow/example_dags/tutorial_taskflow_api.py
[2024-09-27T02:06:26.664+0000] {logging_mixin.py:120} INFO - [2024-09-27T02:06:26.664+0000] {dag.py:2585} INFO - Sync 1 DAGs
[2024-09-27T02:06:26.693+0000] {logging_mixin.py:120} INFO - [2024-09-27T02:06:26.693+0000] {dag.py:3340} INFO - Setting next_dagrun for tutorial_taskflow_api to None, run_after=None
[2024-09-27T02:06:26.724+0000] {processor.py:176} INFO - Processing /home/airflow/.local/lib/python3.7/site-packages/airflow/example_dags/tutorial_taskflow_api.py took 0.153 seconds
[2024-09-27T02:08:04.131+0000] {processor.py:154} INFO - Started process (PID=48290) to work on /home/airflow/.local/lib/python3.7/site-packages/airflow/example_dags/tutorial_taskflow_api.py
[2024-09-27T02:08:04.133+0000] {processor.py:756} INFO - Processing file /home/airflow/.local/lib/python3.7/site-packages/airflow/example_dags/tutorial_taskflow_api.py for tasks to queue
[2024-09-27T02:08:04.133+0000] {logging_mixin.py:120} INFO - [2024-09-27T02:08:04.133+0000] {dagbag.py:537} INFO - Filling up the DagBag from /home/airflow/.local/lib/python3.7/site-packages/airflow/example_dags/tutorial_taskflow_api.py
[2024-09-27T02:08:04.161+0000] {processor.py:766} INFO - DAG(s) dict_keys(['tutorial_taskflow_api']) retrieved from /home/airflow/.local/lib/python3.7/site-packages/airflow/example_dags/tutorial_taskflow_api.py
[2024-09-27T02:08:04.222+0000] {logging_mixin.py:120} INFO - [2024-09-27T02:08:04.222+0000] {dag.py:2585} INFO - Sync 1 DAGs
[2024-09-27T02:08:04.253+0000] {logging_mixin.py:120} INFO - [2024-09-27T02:08:04.253+0000] {dag.py:3340} INFO - Setting next_dagrun for tutorial_taskflow_api to None, run_after=None
[2024-09-27T02:08:04.277+0000] {processor.py:176} INFO - Processing /home/airflow/.local/lib/python3.7/site-packages/airflow/example_dags/tutorial_taskflow_api.py took 0.150 seconds
[2024-09-27T02:09:42.602+0000] {processor.py:154} INFO - Started process (PID=48356) to work on /home/airflow/.local/lib/python3.7/site-packages/airflow/example_dags/tutorial_taskflow_api.py
[2024-09-27T02:09:42.604+0000] {processor.py:756} INFO - Processing file /home/airflow/.local/lib/python3.7/site-packages/airflow/example_dags/tutorial_taskflow_api.py for tasks to queue
[2024-09-27T02:09:42.605+0000] {logging_mixin.py:120} INFO - [2024-09-27T02:09:42.605+0000] {dagbag.py:537} INFO - Filling up the DagBag from /home/airflow/.local/lib/python3.7/site-packages/airflow/example_dags/tutorial_taskflow_api.py
[2024-09-27T02:09:42.657+0000] {processor.py:766} INFO - DAG(s) dict_keys(['tutorial_taskflow_api']) retrieved from /home/airflow/.local/lib/python3.7/site-packages/airflow/example_dags/tutorial_taskflow_api.py
[2024-09-27T02:09:42.741+0000] {logging_mixin.py:120} INFO - [2024-09-27T02:09:42.741+0000] {dag.py:2585} INFO - Sync 1 DAGs
[2024-09-27T02:09:42.784+0000] {logging_mixin.py:120} INFO - [2024-09-27T02:09:42.784+0000] {dag.py:3340} INFO - Setting next_dagrun for tutorial_taskflow_api to None, run_after=None
[2024-09-27T02:09:42.812+0000] {processor.py:176} INFO - Processing /home/airflow/.local/lib/python3.7/site-packages/airflow/example_dags/tutorial_taskflow_api.py took 0.216 seconds
[2024-09-27T02:11:00.965+0000] {processor.py:154} INFO - Started process (PID=48415) to work on /home/airflow/.local/lib/python3.7/site-packages/airflow/example_dags/tutorial_taskflow_api.py
[2024-09-27T02:11:00.966+0000] {processor.py:756} INFO - Processing file /home/airflow/.local/lib/python3.7/site-packages/airflow/example_dags/tutorial_taskflow_api.py for tasks to queue
[2024-09-27T02:11:00.968+0000] {logging_mixin.py:120} INFO - [2024-09-27T02:11:00.968+0000] {dagbag.py:537} INFO - Filling up the DagBag from /home/airflow/.local/lib/python3.7/site-packages/airflow/example_dags/tutorial_taskflow_api.py
[2024-09-27T02:11:01.007+0000] {processor.py:766} INFO - DAG(s) dict_keys(['tutorial_taskflow_api']) retrieved from /home/airflow/.local/lib/python3.7/site-packages/airflow/example_dags/tutorial_taskflow_api.py
[2024-09-27T02:11:01.070+0000] {logging_mixin.py:120} INFO - [2024-09-27T02:11:01.069+0000] {dag.py:2585} INFO - Sync 1 DAGs
[2024-09-27T02:11:01.111+0000] {logging_mixin.py:120} INFO - [2024-09-27T02:11:01.111+0000] {dag.py:3340} INFO - Setting next_dagrun for tutorial_taskflow_api to None, run_after=None
[2024-09-27T02:11:01.137+0000] {processor.py:176} INFO - Processing /home/airflow/.local/lib/python3.7/site-packages/airflow/example_dags/tutorial_taskflow_api.py took 0.177 seconds
[2024-09-27T02:55:18.490+0000] {processor.py:154} INFO - Started process (PID=48483) to work on /home/airflow/.local/lib/python3.7/site-packages/airflow/example_dags/tutorial_taskflow_api.py
[2024-09-27T02:55:18.492+0000] {processor.py:756} INFO - Processing file /home/airflow/.local/lib/python3.7/site-packages/airflow/example_dags/tutorial_taskflow_api.py for tasks to queue
[2024-09-27T02:55:18.493+0000] {logging_mixin.py:120} INFO - [2024-09-27T02:55:18.493+0000] {dagbag.py:537} INFO - Filling up the DagBag from /home/airflow/.local/lib/python3.7/site-packages/airflow/example_dags/tutorial_taskflow_api.py
[2024-09-27T02:55:18.533+0000] {processor.py:766} INFO - DAG(s) dict_keys(['tutorial_taskflow_api']) retrieved from /home/airflow/.local/lib/python3.7/site-packages/airflow/example_dags/tutorial_taskflow_api.py
[2024-09-27T02:55:18.619+0000] {logging_mixin.py:120} INFO - [2024-09-27T02:55:18.619+0000] {dag.py:2585} INFO - Sync 1 DAGs
[2024-09-27T02:55:18.660+0000] {logging_mixin.py:120} INFO - [2024-09-27T02:55:18.660+0000] {dag.py:3340} INFO - Setting next_dagrun for tutorial_taskflow_api to None, run_after=None
[2024-09-27T02:55:18.699+0000] {processor.py:176} INFO - Processing /home/airflow/.local/lib/python3.7/site-packages/airflow/example_dags/tutorial_taskflow_api.py took 0.216 seconds
[2024-09-27T04:06:39.508+0000] {processor.py:154} INFO - Started process (PID=48541) to work on /home/airflow/.local/lib/python3.7/site-packages/airflow/example_dags/tutorial_taskflow_api.py
[2024-09-27T04:06:39.509+0000] {processor.py:756} INFO - Processing file /home/airflow/.local/lib/python3.7/site-packages/airflow/example_dags/tutorial_taskflow_api.py for tasks to queue
[2024-09-27T04:06:39.510+0000] {logging_mixin.py:120} INFO - [2024-09-27T04:06:39.510+0000] {dagbag.py:537} INFO - Filling up the DagBag from /home/airflow/.local/lib/python3.7/site-packages/airflow/example_dags/tutorial_taskflow_api.py
[2024-09-27T04:06:39.538+0000] {processor.py:766} INFO - DAG(s) dict_keys(['tutorial_taskflow_api']) retrieved from /home/airflow/.local/lib/python3.7/site-packages/airflow/example_dags/tutorial_taskflow_api.py
[2024-09-27T04:06:39.593+0000] {logging_mixin.py:120} INFO - [2024-09-27T04:06:39.593+0000] {dag.py:2585} INFO - Sync 1 DAGs
[2024-09-27T04:06:39.618+0000] {logging_mixin.py:120} INFO - [2024-09-27T04:06:39.618+0000] {dag.py:3340} INFO - Setting next_dagrun for tutorial_taskflow_api to None, run_after=None
[2024-09-27T04:06:39.637+0000] {processor.py:176} INFO - Processing /home/airflow/.local/lib/python3.7/site-packages/airflow/example_dags/tutorial_taskflow_api.py took 0.134 seconds
[2024-09-27T06:08:41.023+0000] {processor.py:154} INFO - Started process (PID=48608) to work on /home/airflow/.local/lib/python3.7/site-packages/airflow/example_dags/tutorial_taskflow_api.py
[2024-09-27T06:08:41.026+0000] {processor.py:756} INFO - Processing file /home/airflow/.local/lib/python3.7/site-packages/airflow/example_dags/tutorial_taskflow_api.py for tasks to queue
[2024-09-27T06:08:41.028+0000] {logging_mixin.py:120} INFO - [2024-09-27T06:08:41.027+0000] {dagbag.py:537} INFO - Filling up the DagBag from /home/airflow/.local/lib/python3.7/site-packages/airflow/example_dags/tutorial_taskflow_api.py
[2024-09-27T06:08:41.085+0000] {processor.py:766} INFO - DAG(s) dict_keys(['tutorial_taskflow_api']) retrieved from /home/airflow/.local/lib/python3.7/site-packages/airflow/example_dags/tutorial_taskflow_api.py
[2024-09-27T06:08:41.179+0000] {logging_mixin.py:120} INFO - [2024-09-27T06:08:41.179+0000] {dag.py:2585} INFO - Sync 1 DAGs
[2024-09-27T06:08:41.237+0000] {logging_mixin.py:120} INFO - [2024-09-27T06:08:41.236+0000] {dag.py:3340} INFO - Setting next_dagrun for tutorial_taskflow_api to None, run_after=None
[2024-09-27T06:08:41.275+0000] {processor.py:176} INFO - Processing /home/airflow/.local/lib/python3.7/site-packages/airflow/example_dags/tutorial_taskflow_api.py took 0.260 seconds
[2024-09-27T06:15:54.281+0000] {processor.py:154} INFO - Started process (PID=48674) to work on /home/airflow/.local/lib/python3.7/site-packages/airflow/example_dags/tutorial_taskflow_api.py
[2024-09-27T06:15:54.283+0000] {processor.py:756} INFO - Processing file /home/airflow/.local/lib/python3.7/site-packages/airflow/example_dags/tutorial_taskflow_api.py for tasks to queue
[2024-09-27T06:15:54.285+0000] {logging_mixin.py:120} INFO - [2024-09-27T06:15:54.285+0000] {dagbag.py:537} INFO - Filling up the DagBag from /home/airflow/.local/lib/python3.7/site-packages/airflow/example_dags/tutorial_taskflow_api.py
[2024-09-27T06:15:54.349+0000] {processor.py:766} INFO - DAG(s) dict_keys(['tutorial_taskflow_api']) retrieved from /home/airflow/.local/lib/python3.7/site-packages/airflow/example_dags/tutorial_taskflow_api.py
[2024-09-27T06:15:54.488+0000] {logging_mixin.py:120} INFO - [2024-09-27T06:15:54.488+0000] {dag.py:2585} INFO - Sync 1 DAGs
[2024-09-27T06:15:54.541+0000] {logging_mixin.py:120} INFO - [2024-09-27T06:15:54.541+0000] {dag.py:3340} INFO - Setting next_dagrun for tutorial_taskflow_api to None, run_after=None
[2024-09-27T06:15:54.582+0000] {processor.py:176} INFO - Processing /home/airflow/.local/lib/python3.7/site-packages/airflow/example_dags/tutorial_taskflow_api.py took 0.309 seconds
[2024-09-27T06:33:30.396+0000] {processor.py:154} INFO - Started process (PID=48732) to work on /home/airflow/.local/lib/python3.7/site-packages/airflow/example_dags/tutorial_taskflow_api.py
[2024-09-27T06:33:30.397+0000] {processor.py:756} INFO - Processing file /home/airflow/.local/lib/python3.7/site-packages/airflow/example_dags/tutorial_taskflow_api.py for tasks to queue
[2024-09-27T06:33:30.398+0000] {logging_mixin.py:120} INFO - [2024-09-27T06:33:30.398+0000] {dagbag.py:537} INFO - Filling up the DagBag from /home/airflow/.local/lib/python3.7/site-packages/airflow/example_dags/tutorial_taskflow_api.py
[2024-09-27T06:33:31.919+0000] {processor.py:766} INFO - DAG(s) dict_keys(['tutorial_taskflow_api']) retrieved from /home/airflow/.local/lib/python3.7/site-packages/airflow/example_dags/tutorial_taskflow_api.py
[2024-09-27T06:33:32.107+0000] {logging_mixin.py:120} INFO - [2024-09-27T06:33:32.107+0000] {dag.py:2585} INFO - Sync 1 DAGs
[2024-09-27T06:33:32.190+0000] {logging_mixin.py:120} INFO - [2024-09-27T06:33:32.190+0000] {dag.py:3340} INFO - Setting next_dagrun for tutorial_taskflow_api to None, run_after=None
[2024-09-27T06:33:32.231+0000] {processor.py:176} INFO - Processing /home/airflow/.local/lib/python3.7/site-packages/airflow/example_dags/tutorial_taskflow_api.py took 1.842 seconds
[2024-09-27T10:10:57.667+0000] {processor.py:154} INFO - Started process (PID=48799) to work on /home/airflow/.local/lib/python3.7/site-packages/airflow/example_dags/tutorial_taskflow_api.py
[2024-09-27T10:10:57.669+0000] {processor.py:756} INFO - Processing file /home/airflow/.local/lib/python3.7/site-packages/airflow/example_dags/tutorial_taskflow_api.py for tasks to queue
[2024-09-27T10:10:57.670+0000] {logging_mixin.py:120} INFO - [2024-09-27T10:10:57.670+0000] {dagbag.py:537} INFO - Filling up the DagBag from /home/airflow/.local/lib/python3.7/site-packages/airflow/example_dags/tutorial_taskflow_api.py
[2024-09-27T10:10:57.700+0000] {processor.py:766} INFO - DAG(s) dict_keys(['tutorial_taskflow_api']) retrieved from /home/airflow/.local/lib/python3.7/site-packages/airflow/example_dags/tutorial_taskflow_api.py
[2024-09-27T10:10:57.761+0000] {logging_mixin.py:120} INFO - [2024-09-27T10:10:57.761+0000] {dag.py:2585} INFO - Sync 1 DAGs
[2024-09-27T10:10:57.793+0000] {logging_mixin.py:120} INFO - [2024-09-27T10:10:57.793+0000] {dag.py:3340} INFO - Setting next_dagrun for tutorial_taskflow_api to None, run_after=None
[2024-09-27T10:10:57.821+0000] {processor.py:176} INFO - Processing /home/airflow/.local/lib/python3.7/site-packages/airflow/example_dags/tutorial_taskflow_api.py took 0.159 seconds
[2024-09-27T12:01:32.700+0000] {processor.py:154} INFO - Started process (PID=48857) to work on /home/airflow/.local/lib/python3.7/site-packages/airflow/example_dags/tutorial_taskflow_api.py
[2024-09-27T12:01:32.701+0000] {processor.py:756} INFO - Processing file /home/airflow/.local/lib/python3.7/site-packages/airflow/example_dags/tutorial_taskflow_api.py for tasks to queue
[2024-09-27T12:01:32.702+0000] {logging_mixin.py:120} INFO - [2024-09-27T12:01:32.702+0000] {dagbag.py:537} INFO - Filling up the DagBag from /home/airflow/.local/lib/python3.7/site-packages/airflow/example_dags/tutorial_taskflow_api.py
[2024-09-27T12:01:32.727+0000] {processor.py:766} INFO - DAG(s) dict_keys(['tutorial_taskflow_api']) retrieved from /home/airflow/.local/lib/python3.7/site-packages/airflow/example_dags/tutorial_taskflow_api.py
[2024-09-27T12:01:32.783+0000] {logging_mixin.py:120} INFO - [2024-09-27T12:01:32.783+0000] {dag.py:2585} INFO - Sync 1 DAGs
[2024-09-27T12:01:32.810+0000] {logging_mixin.py:120} INFO - [2024-09-27T12:01:32.810+0000] {dag.py:3340} INFO - Setting next_dagrun for tutorial_taskflow_api to None, run_after=None
[2024-09-27T12:01:32.829+0000] {processor.py:176} INFO - Processing /home/airflow/.local/lib/python3.7/site-packages/airflow/example_dags/tutorial_taskflow_api.py took 0.133 seconds
[2024-09-27T12:42:57.113+0000] {processor.py:154} INFO - Started process (PID=48923) to work on /home/airflow/.local/lib/python3.7/site-packages/airflow/example_dags/tutorial_taskflow_api.py
[2024-09-27T12:42:57.115+0000] {processor.py:756} INFO - Processing file /home/airflow/.local/lib/python3.7/site-packages/airflow/example_dags/tutorial_taskflow_api.py for tasks to queue
[2024-09-27T12:42:57.117+0000] {logging_mixin.py:120} INFO - [2024-09-27T12:42:57.116+0000] {dagbag.py:537} INFO - Filling up the DagBag from /home/airflow/.local/lib/python3.7/site-packages/airflow/example_dags/tutorial_taskflow_api.py
[2024-09-27T12:42:57.150+0000] {processor.py:766} INFO - DAG(s) dict_keys(['tutorial_taskflow_api']) retrieved from /home/airflow/.local/lib/python3.7/site-packages/airflow/example_dags/tutorial_taskflow_api.py
[2024-09-27T12:42:57.216+0000] {logging_mixin.py:120} INFO - [2024-09-27T12:42:57.216+0000] {dag.py:2585} INFO - Sync 1 DAGs
[2024-09-27T12:42:57.250+0000] {logging_mixin.py:120} INFO - [2024-09-27T12:42:57.250+0000] {dag.py:3340} INFO - Setting next_dagrun for tutorial_taskflow_api to None, run_after=None
[2024-09-27T12:42:57.275+0000] {processor.py:176} INFO - Processing /home/airflow/.local/lib/python3.7/site-packages/airflow/example_dags/tutorial_taskflow_api.py took 0.167 seconds
[2024-09-27T14:06:52.989+0000] {processor.py:154} INFO - Started process (PID=48988) to work on /home/airflow/.local/lib/python3.7/site-packages/airflow/example_dags/tutorial_taskflow_api.py
[2024-09-27T14:06:52.990+0000] {processor.py:756} INFO - Processing file /home/airflow/.local/lib/python3.7/site-packages/airflow/example_dags/tutorial_taskflow_api.py for tasks to queue
[2024-09-27T14:06:52.991+0000] {logging_mixin.py:120} INFO - [2024-09-27T14:06:52.991+0000] {dagbag.py:537} INFO - Filling up the DagBag from /home/airflow/.local/lib/python3.7/site-packages/airflow/example_dags/tutorial_taskflow_api.py
[2024-09-27T14:06:53.021+0000] {processor.py:766} INFO - DAG(s) dict_keys(['tutorial_taskflow_api']) retrieved from /home/airflow/.local/lib/python3.7/site-packages/airflow/example_dags/tutorial_taskflow_api.py
[2024-09-27T14:06:53.086+0000] {logging_mixin.py:120} INFO - [2024-09-27T14:06:53.085+0000] {dag.py:2585} INFO - Sync 1 DAGs
[2024-09-27T14:06:53.127+0000] {logging_mixin.py:120} INFO - [2024-09-27T14:06:53.127+0000] {dag.py:3340} INFO - Setting next_dagrun for tutorial_taskflow_api to None, run_after=None
[2024-09-27T14:06:53.161+0000] {processor.py:176} INFO - Processing /home/airflow/.local/lib/python3.7/site-packages/airflow/example_dags/tutorial_taskflow_api.py took 0.178 seconds
[2024-09-27T15:02:08.127+0000] {processor.py:154} INFO - Started process (PID=49048) to work on /home/airflow/.local/lib/python3.7/site-packages/airflow/example_dags/tutorial_taskflow_api.py
[2024-09-27T15:02:08.153+0000] {processor.py:756} INFO - Processing file /home/airflow/.local/lib/python3.7/site-packages/airflow/example_dags/tutorial_taskflow_api.py for tasks to queue
[2024-09-27T15:02:08.156+0000] {logging_mixin.py:120} INFO - [2024-09-27T15:02:08.155+0000] {dagbag.py:537} INFO - Filling up the DagBag from /home/airflow/.local/lib/python3.7/site-packages/airflow/example_dags/tutorial_taskflow_api.py
[2024-09-27T15:02:08.242+0000] {processor.py:766} INFO - DAG(s) dict_keys(['tutorial_taskflow_api']) retrieved from /home/airflow/.local/lib/python3.7/site-packages/airflow/example_dags/tutorial_taskflow_api.py
[2024-09-27T15:02:08.443+0000] {logging_mixin.py:120} INFO - [2024-09-27T15:02:08.442+0000] {dag.py:2585} INFO - Sync 1 DAGs
[2024-09-27T15:02:08.592+0000] {logging_mixin.py:120} INFO - [2024-09-27T15:02:08.591+0000] {dag.py:3340} INFO - Setting next_dagrun for tutorial_taskflow_api to None, run_after=None
[2024-09-27T15:02:08.702+0000] {processor.py:176} INFO - Processing /home/airflow/.local/lib/python3.7/site-packages/airflow/example_dags/tutorial_taskflow_api.py took 0.584 seconds
[2024-09-27T16:03:07.261+0000] {processor.py:154} INFO - Started process (PID=49097) to work on /home/airflow/.local/lib/python3.7/site-packages/airflow/example_dags/tutorial_taskflow_api.py
[2024-09-27T16:03:07.263+0000] {processor.py:756} INFO - Processing file /home/airflow/.local/lib/python3.7/site-packages/airflow/example_dags/tutorial_taskflow_api.py for tasks to queue
[2024-09-27T16:03:07.264+0000] {logging_mixin.py:120} INFO - [2024-09-27T16:03:07.264+0000] {dagbag.py:537} INFO - Filling up the DagBag from /home/airflow/.local/lib/python3.7/site-packages/airflow/example_dags/tutorial_taskflow_api.py
[2024-09-27T16:03:07.306+0000] {processor.py:766} INFO - DAG(s) dict_keys(['tutorial_taskflow_api']) retrieved from /home/airflow/.local/lib/python3.7/site-packages/airflow/example_dags/tutorial_taskflow_api.py
[2024-09-27T16:03:07.387+0000] {logging_mixin.py:120} INFO - [2024-09-27T16:03:07.386+0000] {dag.py:2585} INFO - Sync 1 DAGs
[2024-09-27T16:03:07.435+0000] {logging_mixin.py:120} INFO - [2024-09-27T16:03:07.435+0000] {dag.py:3340} INFO - Setting next_dagrun for tutorial_taskflow_api to None, run_after=None
[2024-09-27T16:03:07.474+0000] {processor.py:176} INFO - Processing /home/airflow/.local/lib/python3.7/site-packages/airflow/example_dags/tutorial_taskflow_api.py took 0.219 seconds
[2024-09-27T16:03:38.148+0000] {processor.py:154} INFO - Started process (PID=49153) to work on /home/airflow/.local/lib/python3.7/site-packages/airflow/example_dags/tutorial_taskflow_api.py
[2024-09-27T16:03:38.150+0000] {processor.py:756} INFO - Processing file /home/airflow/.local/lib/python3.7/site-packages/airflow/example_dags/tutorial_taskflow_api.py for tasks to queue
[2024-09-27T16:03:38.151+0000] {logging_mixin.py:120} INFO - [2024-09-27T16:03:38.151+0000] {dagbag.py:537} INFO - Filling up the DagBag from /home/airflow/.local/lib/python3.7/site-packages/airflow/example_dags/tutorial_taskflow_api.py
[2024-09-27T16:03:38.183+0000] {processor.py:766} INFO - DAG(s) dict_keys(['tutorial_taskflow_api']) retrieved from /home/airflow/.local/lib/python3.7/site-packages/airflow/example_dags/tutorial_taskflow_api.py
[2024-09-27T16:03:38.240+0000] {logging_mixin.py:120} INFO - [2024-09-27T16:03:38.239+0000] {dag.py:2585} INFO - Sync 1 DAGs
[2024-09-27T16:03:38.278+0000] {logging_mixin.py:120} INFO - [2024-09-27T16:03:38.277+0000] {dag.py:3340} INFO - Setting next_dagrun for tutorial_taskflow_api to None, run_after=None
[2024-09-27T16:03:38.312+0000] {processor.py:176} INFO - Processing /home/airflow/.local/lib/python3.7/site-packages/airflow/example_dags/tutorial_taskflow_api.py took 0.168 seconds
[2024-09-27T16:38:36.453+0000] {processor.py:154} INFO - Started process (PID=49222) to work on /home/airflow/.local/lib/python3.7/site-packages/airflow/example_dags/tutorial_taskflow_api.py
[2024-09-27T16:38:36.455+0000] {processor.py:756} INFO - Processing file /home/airflow/.local/lib/python3.7/site-packages/airflow/example_dags/tutorial_taskflow_api.py for tasks to queue
[2024-09-27T16:38:36.456+0000] {logging_mixin.py:120} INFO - [2024-09-27T16:38:36.456+0000] {dagbag.py:537} INFO - Filling up the DagBag from /home/airflow/.local/lib/python3.7/site-packages/airflow/example_dags/tutorial_taskflow_api.py
[2024-09-27T16:38:36.500+0000] {processor.py:766} INFO - DAG(s) dict_keys(['tutorial_taskflow_api']) retrieved from /home/airflow/.local/lib/python3.7/site-packages/airflow/example_dags/tutorial_taskflow_api.py
[2024-09-27T16:38:36.585+0000] {logging_mixin.py:120} INFO - [2024-09-27T16:38:36.584+0000] {dag.py:2585} INFO - Sync 1 DAGs
[2024-09-27T16:38:36.639+0000] {logging_mixin.py:120} INFO - [2024-09-27T16:38:36.639+0000] {dag.py:3340} INFO - Setting next_dagrun for tutorial_taskflow_api to None, run_after=None
[2024-09-27T16:38:36.680+0000] {processor.py:176} INFO - Processing /home/airflow/.local/lib/python3.7/site-packages/airflow/example_dags/tutorial_taskflow_api.py took 0.233 seconds
[2024-09-27T16:41:41.282+0000] {processor.py:154} INFO - Started process (PID=49280) to work on /home/airflow/.local/lib/python3.7/site-packages/airflow/example_dags/tutorial_taskflow_api.py
[2024-09-27T16:41:41.284+0000] {processor.py:756} INFO - Processing file /home/airflow/.local/lib/python3.7/site-packages/airflow/example_dags/tutorial_taskflow_api.py for tasks to queue
[2024-09-27T16:41:41.289+0000] {logging_mixin.py:120} INFO - [2024-09-27T16:41:41.288+0000] {dagbag.py:537} INFO - Filling up the DagBag from /home/airflow/.local/lib/python3.7/site-packages/airflow/example_dags/tutorial_taskflow_api.py
[2024-09-27T16:41:41.328+0000] {processor.py:766} INFO - DAG(s) dict_keys(['tutorial_taskflow_api']) retrieved from /home/airflow/.local/lib/python3.7/site-packages/airflow/example_dags/tutorial_taskflow_api.py
[2024-09-27T16:41:41.397+0000] {logging_mixin.py:120} INFO - [2024-09-27T16:41:41.396+0000] {dag.py:2585} INFO - Sync 1 DAGs
[2024-09-27T16:41:41.447+0000] {logging_mixin.py:120} INFO - [2024-09-27T16:41:41.447+0000] {dag.py:3340} INFO - Setting next_dagrun for tutorial_taskflow_api to None, run_after=None
[2024-09-27T16:41:41.487+0000] {processor.py:176} INFO - Processing /home/airflow/.local/lib/python3.7/site-packages/airflow/example_dags/tutorial_taskflow_api.py took 0.209 seconds
[2024-09-27T16:43:15.390+0000] {processor.py:154} INFO - Started process (PID=49346) to work on /home/airflow/.local/lib/python3.7/site-packages/airflow/example_dags/tutorial_taskflow_api.py
[2024-09-27T16:43:15.392+0000] {processor.py:756} INFO - Processing file /home/airflow/.local/lib/python3.7/site-packages/airflow/example_dags/tutorial_taskflow_api.py for tasks to queue
[2024-09-27T16:43:15.393+0000] {logging_mixin.py:120} INFO - [2024-09-27T16:43:15.392+0000] {dagbag.py:537} INFO - Filling up the DagBag from /home/airflow/.local/lib/python3.7/site-packages/airflow/example_dags/tutorial_taskflow_api.py
[2024-09-27T16:43:15.418+0000] {processor.py:766} INFO - DAG(s) dict_keys(['tutorial_taskflow_api']) retrieved from /home/airflow/.local/lib/python3.7/site-packages/airflow/example_dags/tutorial_taskflow_api.py
[2024-09-27T16:43:15.475+0000] {logging_mixin.py:120} INFO - [2024-09-27T16:43:15.475+0000] {dag.py:2585} INFO - Sync 1 DAGs
[2024-09-27T16:43:15.506+0000] {logging_mixin.py:120} INFO - [2024-09-27T16:43:15.506+0000] {dag.py:3340} INFO - Setting next_dagrun for tutorial_taskflow_api to None, run_after=None
[2024-09-27T16:43:15.525+0000] {processor.py:176} INFO - Processing /home/airflow/.local/lib/python3.7/site-packages/airflow/example_dags/tutorial_taskflow_api.py took 0.138 seconds
[2024-09-27T16:44:51.548+0000] {processor.py:154} INFO - Started process (PID=49404) to work on /home/airflow/.local/lib/python3.7/site-packages/airflow/example_dags/tutorial_taskflow_api.py
[2024-09-27T16:44:51.549+0000] {processor.py:756} INFO - Processing file /home/airflow/.local/lib/python3.7/site-packages/airflow/example_dags/tutorial_taskflow_api.py for tasks to queue
[2024-09-27T16:44:51.550+0000] {logging_mixin.py:120} INFO - [2024-09-27T16:44:51.550+0000] {dagbag.py:537} INFO - Filling up the DagBag from /home/airflow/.local/lib/python3.7/site-packages/airflow/example_dags/tutorial_taskflow_api.py
[2024-09-27T16:44:51.575+0000] {processor.py:766} INFO - DAG(s) dict_keys(['tutorial_taskflow_api']) retrieved from /home/airflow/.local/lib/python3.7/site-packages/airflow/example_dags/tutorial_taskflow_api.py
[2024-09-27T16:44:51.623+0000] {logging_mixin.py:120} INFO - [2024-09-27T16:44:51.623+0000] {dag.py:2585} INFO - Sync 1 DAGs
[2024-09-27T16:44:51.652+0000] {logging_mixin.py:120} INFO - [2024-09-27T16:44:51.652+0000] {dag.py:3340} INFO - Setting next_dagrun for tutorial_taskflow_api to None, run_after=None
[2024-09-27T16:44:51.673+0000] {processor.py:176} INFO - Processing /home/airflow/.local/lib/python3.7/site-packages/airflow/example_dags/tutorial_taskflow_api.py took 0.129 seconds
[2024-09-27T17:14:02.778+0000] {processor.py:154} INFO - Started process (PID=49471) to work on /home/airflow/.local/lib/python3.7/site-packages/airflow/example_dags/tutorial_taskflow_api.py
[2024-09-27T17:14:02.781+0000] {processor.py:756} INFO - Processing file /home/airflow/.local/lib/python3.7/site-packages/airflow/example_dags/tutorial_taskflow_api.py for tasks to queue
[2024-09-27T17:14:02.783+0000] {logging_mixin.py:120} INFO - [2024-09-27T17:14:02.783+0000] {dagbag.py:537} INFO - Filling up the DagBag from /home/airflow/.local/lib/python3.7/site-packages/airflow/example_dags/tutorial_taskflow_api.py
[2024-09-27T17:14:02.864+0000] {processor.py:766} INFO - DAG(s) dict_keys(['tutorial_taskflow_api']) retrieved from /home/airflow/.local/lib/python3.7/site-packages/airflow/example_dags/tutorial_taskflow_api.py
[2024-09-27T17:14:03.017+0000] {logging_mixin.py:120} INFO - [2024-09-27T17:14:03.017+0000] {dag.py:2585} INFO - Sync 1 DAGs
[2024-09-27T17:14:03.147+0000] {logging_mixin.py:120} INFO - [2024-09-27T17:14:03.146+0000] {dag.py:3340} INFO - Setting next_dagrun for tutorial_taskflow_api to None, run_after=None
[2024-09-27T17:14:03.254+0000] {processor.py:176} INFO - Processing /home/airflow/.local/lib/python3.7/site-packages/airflow/example_dags/tutorial_taskflow_api.py took 0.483 seconds
[2024-09-27T17:17:03.344+0000] {processor.py:154} INFO - Started process (PID=49536) to work on /home/airflow/.local/lib/python3.7/site-packages/airflow/example_dags/tutorial_taskflow_api.py
[2024-09-27T17:17:03.348+0000] {processor.py:756} INFO - Processing file /home/airflow/.local/lib/python3.7/site-packages/airflow/example_dags/tutorial_taskflow_api.py for tasks to queue
[2024-09-27T17:17:03.351+0000] {logging_mixin.py:120} INFO - [2024-09-27T17:17:03.351+0000] {dagbag.py:537} INFO - Filling up the DagBag from /home/airflow/.local/lib/python3.7/site-packages/airflow/example_dags/tutorial_taskflow_api.py
[2024-09-27T17:17:03.419+0000] {processor.py:766} INFO - DAG(s) dict_keys(['tutorial_taskflow_api']) retrieved from /home/airflow/.local/lib/python3.7/site-packages/airflow/example_dags/tutorial_taskflow_api.py
[2024-09-27T17:17:03.564+0000] {logging_mixin.py:120} INFO - [2024-09-27T17:17:03.563+0000] {dag.py:2585} INFO - Sync 1 DAGs
[2024-09-27T17:17:03.654+0000] {logging_mixin.py:120} INFO - [2024-09-27T17:17:03.654+0000] {dag.py:3340} INFO - Setting next_dagrun for tutorial_taskflow_api to None, run_after=None
[2024-09-27T17:17:03.717+0000] {processor.py:176} INFO - Processing /home/airflow/.local/lib/python3.7/site-packages/airflow/example_dags/tutorial_taskflow_api.py took 0.387 seconds
[2024-09-27T17:17:34.531+0000] {processor.py:154} INFO - Started process (PID=49595) to work on /home/airflow/.local/lib/python3.7/site-packages/airflow/example_dags/tutorial_taskflow_api.py
[2024-09-27T17:17:34.533+0000] {processor.py:756} INFO - Processing file /home/airflow/.local/lib/python3.7/site-packages/airflow/example_dags/tutorial_taskflow_api.py for tasks to queue
[2024-09-27T17:17:34.535+0000] {logging_mixin.py:120} INFO - [2024-09-27T17:17:34.535+0000] {dagbag.py:537} INFO - Filling up the DagBag from /home/airflow/.local/lib/python3.7/site-packages/airflow/example_dags/tutorial_taskflow_api.py
[2024-09-27T17:17:34.586+0000] {processor.py:766} INFO - DAG(s) dict_keys(['tutorial_taskflow_api']) retrieved from /home/airflow/.local/lib/python3.7/site-packages/airflow/example_dags/tutorial_taskflow_api.py
[2024-09-27T17:17:34.693+0000] {logging_mixin.py:120} INFO - [2024-09-27T17:17:34.693+0000] {dag.py:2585} INFO - Sync 1 DAGs
[2024-09-27T17:17:34.928+0000] {logging_mixin.py:120} INFO - [2024-09-27T17:17:34.927+0000] {dag.py:3340} INFO - Setting next_dagrun for tutorial_taskflow_api to None, run_after=None
[2024-09-27T17:17:35.056+0000] {processor.py:176} INFO - Processing /home/airflow/.local/lib/python3.7/site-packages/airflow/example_dags/tutorial_taskflow_api.py took 0.531 seconds
[2024-09-27T17:21:52.784+0000] {processor.py:154} INFO - Started process (PID=49654) to work on /home/airflow/.local/lib/python3.7/site-packages/airflow/example_dags/tutorial_taskflow_api.py
[2024-09-27T17:21:52.786+0000] {processor.py:756} INFO - Processing file /home/airflow/.local/lib/python3.7/site-packages/airflow/example_dags/tutorial_taskflow_api.py for tasks to queue
[2024-09-27T17:21:52.789+0000] {logging_mixin.py:120} INFO - [2024-09-27T17:21:52.788+0000] {dagbag.py:537} INFO - Filling up the DagBag from /home/airflow/.local/lib/python3.7/site-packages/airflow/example_dags/tutorial_taskflow_api.py
[2024-09-27T17:21:52.836+0000] {processor.py:766} INFO - DAG(s) dict_keys(['tutorial_taskflow_api']) retrieved from /home/airflow/.local/lib/python3.7/site-packages/airflow/example_dags/tutorial_taskflow_api.py
[2024-09-27T17:21:52.920+0000] {logging_mixin.py:120} INFO - [2024-09-27T17:21:52.920+0000] {dag.py:2585} INFO - Sync 1 DAGs
[2024-09-27T17:21:52.968+0000] {logging_mixin.py:120} INFO - [2024-09-27T17:21:52.968+0000] {dag.py:3340} INFO - Setting next_dagrun for tutorial_taskflow_api to None, run_after=None
[2024-09-27T17:21:53.004+0000] {processor.py:176} INFO - Processing /home/airflow/.local/lib/python3.7/site-packages/airflow/example_dags/tutorial_taskflow_api.py took 0.225 seconds
[2024-09-27T17:31:19.348+0000] {processor.py:154} INFO - Started process (PID=49721) to work on /home/airflow/.local/lib/python3.7/site-packages/airflow/example_dags/tutorial_taskflow_api.py
[2024-09-27T17:31:19.350+0000] {processor.py:756} INFO - Processing file /home/airflow/.local/lib/python3.7/site-packages/airflow/example_dags/tutorial_taskflow_api.py for tasks to queue
[2024-09-27T17:31:19.351+0000] {logging_mixin.py:120} INFO - [2024-09-27T17:31:19.351+0000] {dagbag.py:537} INFO - Filling up the DagBag from /home/airflow/.local/lib/python3.7/site-packages/airflow/example_dags/tutorial_taskflow_api.py
[2024-09-27T17:31:19.392+0000] {processor.py:766} INFO - DAG(s) dict_keys(['tutorial_taskflow_api']) retrieved from /home/airflow/.local/lib/python3.7/site-packages/airflow/example_dags/tutorial_taskflow_api.py
[2024-09-27T17:31:19.475+0000] {logging_mixin.py:120} INFO - [2024-09-27T17:31:19.475+0000] {dag.py:2585} INFO - Sync 1 DAGs
[2024-09-27T17:31:19.520+0000] {logging_mixin.py:120} INFO - [2024-09-27T17:31:19.520+0000] {dag.py:3340} INFO - Setting next_dagrun for tutorial_taskflow_api to None, run_after=None
[2024-09-27T17:31:19.564+0000] {processor.py:176} INFO - Processing /home/airflow/.local/lib/python3.7/site-packages/airflow/example_dags/tutorial_taskflow_api.py took 0.220 seconds
[2024-09-27T17:47:15.440+0000] {processor.py:154} INFO - Started process (PID=49786) to work on /home/airflow/.local/lib/python3.7/site-packages/airflow/example_dags/tutorial_taskflow_api.py
[2024-09-27T17:47:15.445+0000] {processor.py:756} INFO - Processing file /home/airflow/.local/lib/python3.7/site-packages/airflow/example_dags/tutorial_taskflow_api.py for tasks to queue
[2024-09-27T17:47:15.448+0000] {logging_mixin.py:120} INFO - [2024-09-27T17:47:15.448+0000] {dagbag.py:537} INFO - Filling up the DagBag from /home/airflow/.local/lib/python3.7/site-packages/airflow/example_dags/tutorial_taskflow_api.py
[2024-09-27T17:47:15.512+0000] {processor.py:766} INFO - DAG(s) dict_keys(['tutorial_taskflow_api']) retrieved from /home/airflow/.local/lib/python3.7/site-packages/airflow/example_dags/tutorial_taskflow_api.py
[2024-09-27T17:47:15.638+0000] {logging_mixin.py:120} INFO - [2024-09-27T17:47:15.637+0000] {dag.py:2585} INFO - Sync 1 DAGs
[2024-09-27T17:47:15.726+0000] {logging_mixin.py:120} INFO - [2024-09-27T17:47:15.725+0000] {dag.py:3340} INFO - Setting next_dagrun for tutorial_taskflow_api to None, run_after=None
[2024-09-27T17:47:15.796+0000] {processor.py:176} INFO - Processing /home/airflow/.local/lib/python3.7/site-packages/airflow/example_dags/tutorial_taskflow_api.py took 0.366 seconds
[2024-09-27T17:51:13.071+0000] {processor.py:154} INFO - Started process (PID=49846) to work on /home/airflow/.local/lib/python3.7/site-packages/airflow/example_dags/tutorial_taskflow_api.py
[2024-09-27T17:51:13.073+0000] {processor.py:756} INFO - Processing file /home/airflow/.local/lib/python3.7/site-packages/airflow/example_dags/tutorial_taskflow_api.py for tasks to queue
[2024-09-27T17:51:13.074+0000] {logging_mixin.py:120} INFO - [2024-09-27T17:51:13.074+0000] {dagbag.py:537} INFO - Filling up the DagBag from /home/airflow/.local/lib/python3.7/site-packages/airflow/example_dags/tutorial_taskflow_api.py
[2024-09-27T17:51:13.110+0000] {processor.py:766} INFO - DAG(s) dict_keys(['tutorial_taskflow_api']) retrieved from /home/airflow/.local/lib/python3.7/site-packages/airflow/example_dags/tutorial_taskflow_api.py
[2024-09-27T17:51:13.175+0000] {logging_mixin.py:120} INFO - [2024-09-27T17:51:13.175+0000] {dag.py:2585} INFO - Sync 1 DAGs
[2024-09-27T17:51:13.206+0000] {logging_mixin.py:120} INFO - [2024-09-27T17:51:13.206+0000] {dag.py:3340} INFO - Setting next_dagrun for tutorial_taskflow_api to None, run_after=None
[2024-09-27T17:51:13.230+0000] {processor.py:176} INFO - Processing /home/airflow/.local/lib/python3.7/site-packages/airflow/example_dags/tutorial_taskflow_api.py took 0.165 seconds
[2024-09-27T17:53:17.260+0000] {processor.py:154} INFO - Started process (PID=49904) to work on /home/airflow/.local/lib/python3.7/site-packages/airflow/example_dags/tutorial_taskflow_api.py
[2024-09-27T17:53:17.262+0000] {processor.py:756} INFO - Processing file /home/airflow/.local/lib/python3.7/site-packages/airflow/example_dags/tutorial_taskflow_api.py for tasks to queue
[2024-09-27T17:53:17.263+0000] {logging_mixin.py:120} INFO - [2024-09-27T17:53:17.262+0000] {dagbag.py:537} INFO - Filling up the DagBag from /home/airflow/.local/lib/python3.7/site-packages/airflow/example_dags/tutorial_taskflow_api.py
[2024-09-27T17:53:17.287+0000] {processor.py:766} INFO - DAG(s) dict_keys(['tutorial_taskflow_api']) retrieved from /home/airflow/.local/lib/python3.7/site-packages/airflow/example_dags/tutorial_taskflow_api.py
[2024-09-27T17:53:17.348+0000] {logging_mixin.py:120} INFO - [2024-09-27T17:53:17.348+0000] {dag.py:2585} INFO - Sync 1 DAGs
[2024-09-27T17:53:17.377+0000] {logging_mixin.py:120} INFO - [2024-09-27T17:53:17.377+0000] {dag.py:3340} INFO - Setting next_dagrun for tutorial_taskflow_api to None, run_after=None
[2024-09-27T17:53:17.401+0000] {processor.py:176} INFO - Processing /home/airflow/.local/lib/python3.7/site-packages/airflow/example_dags/tutorial_taskflow_api.py took 0.144 seconds
[2024-09-27T17:53:47.756+0000] {processor.py:154} INFO - Started process (PID=49969) to work on /home/airflow/.local/lib/python3.7/site-packages/airflow/example_dags/tutorial_taskflow_api.py
[2024-09-27T17:53:47.757+0000] {processor.py:756} INFO - Processing file /home/airflow/.local/lib/python3.7/site-packages/airflow/example_dags/tutorial_taskflow_api.py for tasks to queue
[2024-09-27T17:53:47.758+0000] {logging_mixin.py:120} INFO - [2024-09-27T17:53:47.758+0000] {dagbag.py:537} INFO - Filling up the DagBag from /home/airflow/.local/lib/python3.7/site-packages/airflow/example_dags/tutorial_taskflow_api.py
[2024-09-27T17:53:47.785+0000] {processor.py:766} INFO - DAG(s) dict_keys(['tutorial_taskflow_api']) retrieved from /home/airflow/.local/lib/python3.7/site-packages/airflow/example_dags/tutorial_taskflow_api.py
[2024-09-27T17:53:47.839+0000] {logging_mixin.py:120} INFO - [2024-09-27T17:53:47.838+0000] {dag.py:2585} INFO - Sync 1 DAGs
[2024-09-27T17:53:47.870+0000] {logging_mixin.py:120} INFO - [2024-09-27T17:53:47.870+0000] {dag.py:3340} INFO - Setting next_dagrun for tutorial_taskflow_api to None, run_after=None
[2024-09-27T17:53:47.899+0000] {processor.py:176} INFO - Processing /home/airflow/.local/lib/python3.7/site-packages/airflow/example_dags/tutorial_taskflow_api.py took 0.148 seconds
[2024-09-27T18:07:51.118+0000] {processor.py:154} INFO - Started process (PID=50036) to work on /home/airflow/.local/lib/python3.7/site-packages/airflow/example_dags/tutorial_taskflow_api.py
[2024-09-27T18:07:51.121+0000] {processor.py:756} INFO - Processing file /home/airflow/.local/lib/python3.7/site-packages/airflow/example_dags/tutorial_taskflow_api.py for tasks to queue
[2024-09-27T18:07:51.128+0000] {logging_mixin.py:120} INFO - [2024-09-27T18:07:51.128+0000] {dagbag.py:537} INFO - Filling up the DagBag from /home/airflow/.local/lib/python3.7/site-packages/airflow/example_dags/tutorial_taskflow_api.py
[2024-09-27T18:07:51.203+0000] {processor.py:766} INFO - DAG(s) dict_keys(['tutorial_taskflow_api']) retrieved from /home/airflow/.local/lib/python3.7/site-packages/airflow/example_dags/tutorial_taskflow_api.py
[2024-09-27T18:07:51.331+0000] {logging_mixin.py:120} INFO - [2024-09-27T18:07:51.331+0000] {dag.py:2585} INFO - Sync 1 DAGs
[2024-09-27T18:07:51.413+0000] {logging_mixin.py:120} INFO - [2024-09-27T18:07:51.412+0000] {dag.py:3340} INFO - Setting next_dagrun for tutorial_taskflow_api to None, run_after=None
[2024-09-27T18:07:51.474+0000] {processor.py:176} INFO - Processing /home/airflow/.local/lib/python3.7/site-packages/airflow/example_dags/tutorial_taskflow_api.py took 0.370 seconds
[2024-09-27T18:08:21.720+0000] {processor.py:154} INFO - Started process (PID=50092) to work on /home/airflow/.local/lib/python3.7/site-packages/airflow/example_dags/tutorial_taskflow_api.py
[2024-09-27T18:08:21.721+0000] {processor.py:756} INFO - Processing file /home/airflow/.local/lib/python3.7/site-packages/airflow/example_dags/tutorial_taskflow_api.py for tasks to queue
[2024-09-27T18:08:21.724+0000] {logging_mixin.py:120} INFO - [2024-09-27T18:08:21.724+0000] {dagbag.py:537} INFO - Filling up the DagBag from /home/airflow/.local/lib/python3.7/site-packages/airflow/example_dags/tutorial_taskflow_api.py
[2024-09-27T18:08:21.752+0000] {processor.py:766} INFO - DAG(s) dict_keys(['tutorial_taskflow_api']) retrieved from /home/airflow/.local/lib/python3.7/site-packages/airflow/example_dags/tutorial_taskflow_api.py
[2024-09-27T18:08:21.802+0000] {logging_mixin.py:120} INFO - [2024-09-27T18:08:21.802+0000] {dag.py:2585} INFO - Sync 1 DAGs
[2024-09-27T18:08:21.830+0000] {logging_mixin.py:120} INFO - [2024-09-27T18:08:21.830+0000] {dag.py:3340} INFO - Setting next_dagrun for tutorial_taskflow_api to None, run_after=None
[2024-09-27T18:08:21.851+0000] {processor.py:176} INFO - Processing /home/airflow/.local/lib/python3.7/site-packages/airflow/example_dags/tutorial_taskflow_api.py took 0.136 seconds
[2024-09-27T18:14:01.074+0000] {processor.py:154} INFO - Started process (PID=50152) to work on /home/airflow/.local/lib/python3.7/site-packages/airflow/example_dags/tutorial_taskflow_api.py
[2024-09-27T18:14:01.075+0000] {processor.py:756} INFO - Processing file /home/airflow/.local/lib/python3.7/site-packages/airflow/example_dags/tutorial_taskflow_api.py for tasks to queue
[2024-09-27T18:14:01.076+0000] {logging_mixin.py:120} INFO - [2024-09-27T18:14:01.076+0000] {dagbag.py:537} INFO - Filling up the DagBag from /home/airflow/.local/lib/python3.7/site-packages/airflow/example_dags/tutorial_taskflow_api.py
[2024-09-27T18:14:01.104+0000] {processor.py:766} INFO - DAG(s) dict_keys(['tutorial_taskflow_api']) retrieved from /home/airflow/.local/lib/python3.7/site-packages/airflow/example_dags/tutorial_taskflow_api.py
[2024-09-27T18:14:01.160+0000] {logging_mixin.py:120} INFO - [2024-09-27T18:14:01.159+0000] {dag.py:2585} INFO - Sync 1 DAGs
[2024-09-27T18:14:01.194+0000] {logging_mixin.py:120} INFO - [2024-09-27T18:14:01.194+0000] {dag.py:3340} INFO - Setting next_dagrun for tutorial_taskflow_api to None, run_after=None
[2024-09-27T18:14:01.224+0000] {processor.py:176} INFO - Processing /home/airflow/.local/lib/python3.7/site-packages/airflow/example_dags/tutorial_taskflow_api.py took 0.154 seconds
[2024-09-27T18:20:45.411+0000] {processor.py:154} INFO - Started process (PID=50220) to work on /home/airflow/.local/lib/python3.7/site-packages/airflow/example_dags/tutorial_taskflow_api.py
[2024-09-27T18:20:45.414+0000] {processor.py:756} INFO - Processing file /home/airflow/.local/lib/python3.7/site-packages/airflow/example_dags/tutorial_taskflow_api.py for tasks to queue
[2024-09-27T18:20:45.416+0000] {logging_mixin.py:120} INFO - [2024-09-27T18:20:45.416+0000] {dagbag.py:537} INFO - Filling up the DagBag from /home/airflow/.local/lib/python3.7/site-packages/airflow/example_dags/tutorial_taskflow_api.py
[2024-09-27T18:20:45.497+0000] {processor.py:766} INFO - DAG(s) dict_keys(['tutorial_taskflow_api']) retrieved from /home/airflow/.local/lib/python3.7/site-packages/airflow/example_dags/tutorial_taskflow_api.py
[2024-09-27T18:20:45.585+0000] {logging_mixin.py:120} INFO - [2024-09-27T18:20:45.584+0000] {dag.py:2585} INFO - Sync 1 DAGs
[2024-09-27T18:20:45.643+0000] {logging_mixin.py:120} INFO - [2024-09-27T18:20:45.643+0000] {dag.py:3340} INFO - Setting next_dagrun for tutorial_taskflow_api to None, run_after=None
[2024-09-27T18:20:45.681+0000] {processor.py:176} INFO - Processing /home/airflow/.local/lib/python3.7/site-packages/airflow/example_dags/tutorial_taskflow_api.py took 0.277 seconds
[2024-09-27T18:21:34.496+0000] {processor.py:154} INFO - Started process (PID=50278) to work on /home/airflow/.local/lib/python3.7/site-packages/airflow/example_dags/tutorial_taskflow_api.py
[2024-09-27T18:21:34.498+0000] {processor.py:756} INFO - Processing file /home/airflow/.local/lib/python3.7/site-packages/airflow/example_dags/tutorial_taskflow_api.py for tasks to queue
[2024-09-27T18:21:34.500+0000] {logging_mixin.py:120} INFO - [2024-09-27T18:21:34.499+0000] {dagbag.py:537} INFO - Filling up the DagBag from /home/airflow/.local/lib/python3.7/site-packages/airflow/example_dags/tutorial_taskflow_api.py
[2024-09-27T18:21:34.543+0000] {processor.py:766} INFO - DAG(s) dict_keys(['tutorial_taskflow_api']) retrieved from /home/airflow/.local/lib/python3.7/site-packages/airflow/example_dags/tutorial_taskflow_api.py
[2024-09-27T18:21:34.635+0000] {logging_mixin.py:120} INFO - [2024-09-27T18:21:34.635+0000] {dag.py:2585} INFO - Sync 1 DAGs
[2024-09-27T18:21:34.703+0000] {logging_mixin.py:120} INFO - [2024-09-27T18:21:34.703+0000] {dag.py:3340} INFO - Setting next_dagrun for tutorial_taskflow_api to None, run_after=None
[2024-09-27T18:21:34.788+0000] {processor.py:176} INFO - Processing /home/airflow/.local/lib/python3.7/site-packages/airflow/example_dags/tutorial_taskflow_api.py took 0.301 seconds
[2024-09-27T18:31:56.575+0000] {processor.py:154} INFO - Started process (PID=50345) to work on /home/airflow/.local/lib/python3.7/site-packages/airflow/example_dags/tutorial_taskflow_api.py
[2024-09-27T18:31:56.578+0000] {processor.py:756} INFO - Processing file /home/airflow/.local/lib/python3.7/site-packages/airflow/example_dags/tutorial_taskflow_api.py for tasks to queue
[2024-09-27T18:31:56.580+0000] {logging_mixin.py:120} INFO - [2024-09-27T18:31:56.580+0000] {dagbag.py:537} INFO - Filling up the DagBag from /home/airflow/.local/lib/python3.7/site-packages/airflow/example_dags/tutorial_taskflow_api.py
[2024-09-27T18:31:56.655+0000] {processor.py:766} INFO - DAG(s) dict_keys(['tutorial_taskflow_api']) retrieved from /home/airflow/.local/lib/python3.7/site-packages/airflow/example_dags/tutorial_taskflow_api.py
[2024-09-27T18:31:56.802+0000] {logging_mixin.py:120} INFO - [2024-09-27T18:31:56.802+0000] {dag.py:2585} INFO - Sync 1 DAGs
[2024-09-27T18:31:56.881+0000] {logging_mixin.py:120} INFO - [2024-09-27T18:31:56.881+0000] {dag.py:3340} INFO - Setting next_dagrun for tutorial_taskflow_api to None, run_after=None
[2024-09-27T18:31:56.962+0000] {processor.py:176} INFO - Processing /home/airflow/.local/lib/python3.7/site-packages/airflow/example_dags/tutorial_taskflow_api.py took 0.397 seconds
[2024-09-27T18:32:28.267+0000] {processor.py:154} INFO - Started process (PID=50403) to work on /home/airflow/.local/lib/python3.7/site-packages/airflow/example_dags/tutorial_taskflow_api.py
[2024-09-27T18:32:28.269+0000] {processor.py:756} INFO - Processing file /home/airflow/.local/lib/python3.7/site-packages/airflow/example_dags/tutorial_taskflow_api.py for tasks to queue
[2024-09-27T18:32:28.270+0000] {logging_mixin.py:120} INFO - [2024-09-27T18:32:28.270+0000] {dagbag.py:537} INFO - Filling up the DagBag from /home/airflow/.local/lib/python3.7/site-packages/airflow/example_dags/tutorial_taskflow_api.py
[2024-09-27T18:32:28.335+0000] {processor.py:766} INFO - DAG(s) dict_keys(['tutorial_taskflow_api']) retrieved from /home/airflow/.local/lib/python3.7/site-packages/airflow/example_dags/tutorial_taskflow_api.py
[2024-09-27T18:32:28.430+0000] {logging_mixin.py:120} INFO - [2024-09-27T18:32:28.429+0000] {dag.py:2585} INFO - Sync 1 DAGs
[2024-09-27T18:32:28.486+0000] {logging_mixin.py:120} INFO - [2024-09-27T18:32:28.486+0000] {dag.py:3340} INFO - Setting next_dagrun for tutorial_taskflow_api to None, run_after=None
[2024-09-27T18:32:28.620+0000] {processor.py:176} INFO - Processing /home/airflow/.local/lib/python3.7/site-packages/airflow/example_dags/tutorial_taskflow_api.py took 0.361 seconds
[2024-09-27T19:06:37.656+0000] {processor.py:154} INFO - Started process (PID=50461) to work on /home/airflow/.local/lib/python3.7/site-packages/airflow/example_dags/tutorial_taskflow_api.py
[2024-09-27T19:06:37.658+0000] {processor.py:756} INFO - Processing file /home/airflow/.local/lib/python3.7/site-packages/airflow/example_dags/tutorial_taskflow_api.py for tasks to queue
[2024-09-27T19:06:37.661+0000] {logging_mixin.py:120} INFO - [2024-09-27T19:06:37.661+0000] {dagbag.py:537} INFO - Filling up the DagBag from /home/airflow/.local/lib/python3.7/site-packages/airflow/example_dags/tutorial_taskflow_api.py
[2024-09-27T19:06:37.695+0000] {processor.py:766} INFO - DAG(s) dict_keys(['tutorial_taskflow_api']) retrieved from /home/airflow/.local/lib/python3.7/site-packages/airflow/example_dags/tutorial_taskflow_api.py
[2024-09-27T19:06:37.757+0000] {logging_mixin.py:120} INFO - [2024-09-27T19:06:37.757+0000] {dag.py:2585} INFO - Sync 1 DAGs
[2024-09-27T19:06:37.809+0000] {logging_mixin.py:120} INFO - [2024-09-27T19:06:37.809+0000] {dag.py:3340} INFO - Setting next_dagrun for tutorial_taskflow_api to None, run_after=None
[2024-09-27T19:06:37.841+0000] {processor.py:176} INFO - Processing /home/airflow/.local/lib/python3.7/site-packages/airflow/example_dags/tutorial_taskflow_api.py took 0.189 seconds
[2024-09-27T19:07:08.485+0000] {processor.py:154} INFO - Started process (PID=50528) to work on /home/airflow/.local/lib/python3.7/site-packages/airflow/example_dags/tutorial_taskflow_api.py
[2024-09-27T19:07:08.486+0000] {processor.py:756} INFO - Processing file /home/airflow/.local/lib/python3.7/site-packages/airflow/example_dags/tutorial_taskflow_api.py for tasks to queue
[2024-09-27T19:07:08.487+0000] {logging_mixin.py:120} INFO - [2024-09-27T19:07:08.487+0000] {dagbag.py:537} INFO - Filling up the DagBag from /home/airflow/.local/lib/python3.7/site-packages/airflow/example_dags/tutorial_taskflow_api.py
[2024-09-27T19:07:08.516+0000] {processor.py:766} INFO - DAG(s) dict_keys(['tutorial_taskflow_api']) retrieved from /home/airflow/.local/lib/python3.7/site-packages/airflow/example_dags/tutorial_taskflow_api.py
[2024-09-27T19:07:08.574+0000] {logging_mixin.py:120} INFO - [2024-09-27T19:07:08.574+0000] {dag.py:2585} INFO - Sync 1 DAGs
[2024-09-27T19:07:08.604+0000] {logging_mixin.py:120} INFO - [2024-09-27T19:07:08.603+0000] {dag.py:3340} INFO - Setting next_dagrun for tutorial_taskflow_api to None, run_after=None
[2024-09-27T19:07:08.624+0000] {processor.py:176} INFO - Processing /home/airflow/.local/lib/python3.7/site-packages/airflow/example_dags/tutorial_taskflow_api.py took 0.143 seconds
[2024-09-27T19:07:38.648+0000] {processor.py:154} INFO - Started process (PID=50593) to work on /home/airflow/.local/lib/python3.7/site-packages/airflow/example_dags/tutorial_taskflow_api.py
[2024-09-27T19:07:38.650+0000] {processor.py:756} INFO - Processing file /home/airflow/.local/lib/python3.7/site-packages/airflow/example_dags/tutorial_taskflow_api.py for tasks to queue
[2024-09-27T19:07:38.651+0000] {logging_mixin.py:120} INFO - [2024-09-27T19:07:38.650+0000] {dagbag.py:537} INFO - Filling up the DagBag from /home/airflow/.local/lib/python3.7/site-packages/airflow/example_dags/tutorial_taskflow_api.py
[2024-09-27T19:07:38.679+0000] {processor.py:766} INFO - DAG(s) dict_keys(['tutorial_taskflow_api']) retrieved from /home/airflow/.local/lib/python3.7/site-packages/airflow/example_dags/tutorial_taskflow_api.py
[2024-09-27T19:07:38.736+0000] {logging_mixin.py:120} INFO - [2024-09-27T19:07:38.736+0000] {dag.py:2585} INFO - Sync 1 DAGs
[2024-09-27T19:07:38.775+0000] {logging_mixin.py:120} INFO - [2024-09-27T19:07:38.775+0000] {dag.py:3340} INFO - Setting next_dagrun for tutorial_taskflow_api to None, run_after=None
[2024-09-27T19:07:38.799+0000] {processor.py:176} INFO - Processing /home/airflow/.local/lib/python3.7/site-packages/airflow/example_dags/tutorial_taskflow_api.py took 0.155 seconds
[2024-09-27T19:08:09.215+0000] {processor.py:154} INFO - Started process (PID=50651) to work on /home/airflow/.local/lib/python3.7/site-packages/airflow/example_dags/tutorial_taskflow_api.py
[2024-09-27T19:08:09.216+0000] {processor.py:756} INFO - Processing file /home/airflow/.local/lib/python3.7/site-packages/airflow/example_dags/tutorial_taskflow_api.py for tasks to queue
[2024-09-27T19:08:09.217+0000] {logging_mixin.py:120} INFO - [2024-09-27T19:08:09.217+0000] {dagbag.py:537} INFO - Filling up the DagBag from /home/airflow/.local/lib/python3.7/site-packages/airflow/example_dags/tutorial_taskflow_api.py
[2024-09-27T19:08:09.244+0000] {processor.py:766} INFO - DAG(s) dict_keys(['tutorial_taskflow_api']) retrieved from /home/airflow/.local/lib/python3.7/site-packages/airflow/example_dags/tutorial_taskflow_api.py
[2024-09-27T19:08:09.296+0000] {logging_mixin.py:120} INFO - [2024-09-27T19:08:09.296+0000] {dag.py:2585} INFO - Sync 1 DAGs
[2024-09-27T19:08:09.326+0000] {logging_mixin.py:120} INFO - [2024-09-27T19:08:09.326+0000] {dag.py:3340} INFO - Setting next_dagrun for tutorial_taskflow_api to None, run_after=None
[2024-09-27T19:08:09.349+0000] {processor.py:176} INFO - Processing /home/airflow/.local/lib/python3.7/site-packages/airflow/example_dags/tutorial_taskflow_api.py took 0.139 seconds
[2024-09-27T19:08:39.608+0000] {processor.py:154} INFO - Started process (PID=50718) to work on /home/airflow/.local/lib/python3.7/site-packages/airflow/example_dags/tutorial_taskflow_api.py
[2024-09-27T19:08:39.609+0000] {processor.py:756} INFO - Processing file /home/airflow/.local/lib/python3.7/site-packages/airflow/example_dags/tutorial_taskflow_api.py for tasks to queue
[2024-09-27T19:08:39.610+0000] {logging_mixin.py:120} INFO - [2024-09-27T19:08:39.610+0000] {dagbag.py:537} INFO - Filling up the DagBag from /home/airflow/.local/lib/python3.7/site-packages/airflow/example_dags/tutorial_taskflow_api.py
[2024-09-27T19:08:39.635+0000] {processor.py:766} INFO - DAG(s) dict_keys(['tutorial_taskflow_api']) retrieved from /home/airflow/.local/lib/python3.7/site-packages/airflow/example_dags/tutorial_taskflow_api.py
[2024-09-27T19:08:39.685+0000] {logging_mixin.py:120} INFO - [2024-09-27T19:08:39.685+0000] {dag.py:2585} INFO - Sync 1 DAGs
[2024-09-27T19:08:39.716+0000] {logging_mixin.py:120} INFO - [2024-09-27T19:08:39.715+0000] {dag.py:3340} INFO - Setting next_dagrun for tutorial_taskflow_api to None, run_after=None
[2024-09-27T19:08:39.738+0000] {processor.py:176} INFO - Processing /home/airflow/.local/lib/python3.7/site-packages/airflow/example_dags/tutorial_taskflow_api.py took 0.134 seconds
[2024-09-27T19:09:09.783+0000] {processor.py:154} INFO - Started process (PID=50785) to work on /home/airflow/.local/lib/python3.7/site-packages/airflow/example_dags/tutorial_taskflow_api.py
[2024-09-27T19:09:09.785+0000] {processor.py:756} INFO - Processing file /home/airflow/.local/lib/python3.7/site-packages/airflow/example_dags/tutorial_taskflow_api.py for tasks to queue
[2024-09-27T19:09:09.786+0000] {logging_mixin.py:120} INFO - [2024-09-27T19:09:09.786+0000] {dagbag.py:537} INFO - Filling up the DagBag from /home/airflow/.local/lib/python3.7/site-packages/airflow/example_dags/tutorial_taskflow_api.py
[2024-09-27T19:09:09.816+0000] {processor.py:766} INFO - DAG(s) dict_keys(['tutorial_taskflow_api']) retrieved from /home/airflow/.local/lib/python3.7/site-packages/airflow/example_dags/tutorial_taskflow_api.py
[2024-09-27T19:09:09.868+0000] {logging_mixin.py:120} INFO - [2024-09-27T19:09:09.868+0000] {dag.py:2585} INFO - Sync 1 DAGs
[2024-09-27T19:09:09.899+0000] {logging_mixin.py:120} INFO - [2024-09-27T19:09:09.899+0000] {dag.py:3340} INFO - Setting next_dagrun for tutorial_taskflow_api to None, run_after=None
[2024-09-27T19:09:09.929+0000] {processor.py:176} INFO - Processing /home/airflow/.local/lib/python3.7/site-packages/airflow/example_dags/tutorial_taskflow_api.py took 0.151 seconds
[2024-09-27T19:09:40.382+0000] {processor.py:154} INFO - Started process (PID=50843) to work on /home/airflow/.local/lib/python3.7/site-packages/airflow/example_dags/tutorial_taskflow_api.py
[2024-09-27T19:09:40.383+0000] {processor.py:756} INFO - Processing file /home/airflow/.local/lib/python3.7/site-packages/airflow/example_dags/tutorial_taskflow_api.py for tasks to queue
[2024-09-27T19:09:40.385+0000] {logging_mixin.py:120} INFO - [2024-09-27T19:09:40.384+0000] {dagbag.py:537} INFO - Filling up the DagBag from /home/airflow/.local/lib/python3.7/site-packages/airflow/example_dags/tutorial_taskflow_api.py
[2024-09-27T19:09:40.412+0000] {processor.py:766} INFO - DAG(s) dict_keys(['tutorial_taskflow_api']) retrieved from /home/airflow/.local/lib/python3.7/site-packages/airflow/example_dags/tutorial_taskflow_api.py
[2024-09-27T19:09:40.463+0000] {logging_mixin.py:120} INFO - [2024-09-27T19:09:40.462+0000] {dag.py:2585} INFO - Sync 1 DAGs
[2024-09-27T19:09:40.494+0000] {logging_mixin.py:120} INFO - [2024-09-27T19:09:40.494+0000] {dag.py:3340} INFO - Setting next_dagrun for tutorial_taskflow_api to None, run_after=None
[2024-09-27T19:09:40.522+0000] {processor.py:176} INFO - Processing /home/airflow/.local/lib/python3.7/site-packages/airflow/example_dags/tutorial_taskflow_api.py took 0.145 seconds
[2024-09-27T19:10:11.501+0000] {processor.py:154} INFO - Started process (PID=50910) to work on /home/airflow/.local/lib/python3.7/site-packages/airflow/example_dags/tutorial_taskflow_api.py
[2024-09-27T19:10:11.502+0000] {processor.py:756} INFO - Processing file /home/airflow/.local/lib/python3.7/site-packages/airflow/example_dags/tutorial_taskflow_api.py for tasks to queue
[2024-09-27T19:10:11.503+0000] {logging_mixin.py:120} INFO - [2024-09-27T19:10:11.503+0000] {dagbag.py:537} INFO - Filling up the DagBag from /home/airflow/.local/lib/python3.7/site-packages/airflow/example_dags/tutorial_taskflow_api.py
[2024-09-27T19:10:11.529+0000] {processor.py:766} INFO - DAG(s) dict_keys(['tutorial_taskflow_api']) retrieved from /home/airflow/.local/lib/python3.7/site-packages/airflow/example_dags/tutorial_taskflow_api.py
[2024-09-27T19:10:11.578+0000] {logging_mixin.py:120} INFO - [2024-09-27T19:10:11.578+0000] {dag.py:2585} INFO - Sync 1 DAGs
[2024-09-27T19:10:11.608+0000] {logging_mixin.py:120} INFO - [2024-09-27T19:10:11.608+0000] {dag.py:3340} INFO - Setting next_dagrun for tutorial_taskflow_api to None, run_after=None
[2024-09-27T19:10:11.634+0000] {processor.py:176} INFO - Processing /home/airflow/.local/lib/python3.7/site-packages/airflow/example_dags/tutorial_taskflow_api.py took 0.137 seconds
[2024-09-27T19:10:42.198+0000] {processor.py:154} INFO - Started process (PID=50979) to work on /home/airflow/.local/lib/python3.7/site-packages/airflow/example_dags/tutorial_taskflow_api.py
[2024-09-27T19:10:42.199+0000] {processor.py:756} INFO - Processing file /home/airflow/.local/lib/python3.7/site-packages/airflow/example_dags/tutorial_taskflow_api.py for tasks to queue
[2024-09-27T19:10:42.200+0000] {logging_mixin.py:120} INFO - [2024-09-27T19:10:42.200+0000] {dagbag.py:537} INFO - Filling up the DagBag from /home/airflow/.local/lib/python3.7/site-packages/airflow/example_dags/tutorial_taskflow_api.py
[2024-09-27T19:10:42.225+0000] {processor.py:766} INFO - DAG(s) dict_keys(['tutorial_taskflow_api']) retrieved from /home/airflow/.local/lib/python3.7/site-packages/airflow/example_dags/tutorial_taskflow_api.py
[2024-09-27T19:10:42.272+0000] {logging_mixin.py:120} INFO - [2024-09-27T19:10:42.272+0000] {dag.py:2585} INFO - Sync 1 DAGs
[2024-09-27T19:10:42.302+0000] {logging_mixin.py:120} INFO - [2024-09-27T19:10:42.302+0000] {dag.py:3340} INFO - Setting next_dagrun for tutorial_taskflow_api to None, run_after=None
[2024-09-27T19:10:42.324+0000] {processor.py:176} INFO - Processing /home/airflow/.local/lib/python3.7/site-packages/airflow/example_dags/tutorial_taskflow_api.py took 0.130 seconds
[2024-09-27T19:11:12.583+0000] {processor.py:154} INFO - Started process (PID=51037) to work on /home/airflow/.local/lib/python3.7/site-packages/airflow/example_dags/tutorial_taskflow_api.py
[2024-09-27T19:11:12.585+0000] {processor.py:756} INFO - Processing file /home/airflow/.local/lib/python3.7/site-packages/airflow/example_dags/tutorial_taskflow_api.py for tasks to queue
[2024-09-27T19:11:12.586+0000] {logging_mixin.py:120} INFO - [2024-09-27T19:11:12.586+0000] {dagbag.py:537} INFO - Filling up the DagBag from /home/airflow/.local/lib/python3.7/site-packages/airflow/example_dags/tutorial_taskflow_api.py
[2024-09-27T19:11:12.611+0000] {processor.py:766} INFO - DAG(s) dict_keys(['tutorial_taskflow_api']) retrieved from /home/airflow/.local/lib/python3.7/site-packages/airflow/example_dags/tutorial_taskflow_api.py
[2024-09-27T19:11:12.661+0000] {logging_mixin.py:120} INFO - [2024-09-27T19:11:12.661+0000] {dag.py:2585} INFO - Sync 1 DAGs
[2024-09-27T19:11:12.690+0000] {logging_mixin.py:120} INFO - [2024-09-27T19:11:12.690+0000] {dag.py:3340} INFO - Setting next_dagrun for tutorial_taskflow_api to None, run_after=None
[2024-09-27T19:11:12.712+0000] {processor.py:176} INFO - Processing /home/airflow/.local/lib/python3.7/site-packages/airflow/example_dags/tutorial_taskflow_api.py took 0.134 seconds
[2024-09-27T19:11:43.463+0000] {processor.py:154} INFO - Started process (PID=51104) to work on /home/airflow/.local/lib/python3.7/site-packages/airflow/example_dags/tutorial_taskflow_api.py
[2024-09-27T19:11:43.464+0000] {processor.py:756} INFO - Processing file /home/airflow/.local/lib/python3.7/site-packages/airflow/example_dags/tutorial_taskflow_api.py for tasks to queue
[2024-09-27T19:11:43.465+0000] {logging_mixin.py:120} INFO - [2024-09-27T19:11:43.465+0000] {dagbag.py:537} INFO - Filling up the DagBag from /home/airflow/.local/lib/python3.7/site-packages/airflow/example_dags/tutorial_taskflow_api.py
[2024-09-27T19:11:43.490+0000] {processor.py:766} INFO - DAG(s) dict_keys(['tutorial_taskflow_api']) retrieved from /home/airflow/.local/lib/python3.7/site-packages/airflow/example_dags/tutorial_taskflow_api.py
[2024-09-27T19:11:43.555+0000] {logging_mixin.py:120} INFO - [2024-09-27T19:11:43.555+0000] {dag.py:2585} INFO - Sync 1 DAGs
[2024-09-27T19:11:43.589+0000] {logging_mixin.py:120} INFO - [2024-09-27T19:11:43.589+0000] {dag.py:3340} INFO - Setting next_dagrun for tutorial_taskflow_api to None, run_after=None
[2024-09-27T19:11:43.613+0000] {processor.py:176} INFO - Processing /home/airflow/.local/lib/python3.7/site-packages/airflow/example_dags/tutorial_taskflow_api.py took 0.155 seconds
[2024-09-27T19:12:13.807+0000] {processor.py:154} INFO - Started process (PID=51171) to work on /home/airflow/.local/lib/python3.7/site-packages/airflow/example_dags/tutorial_taskflow_api.py
[2024-09-27T19:12:13.809+0000] {processor.py:756} INFO - Processing file /home/airflow/.local/lib/python3.7/site-packages/airflow/example_dags/tutorial_taskflow_api.py for tasks to queue
[2024-09-27T19:12:13.810+0000] {logging_mixin.py:120} INFO - [2024-09-27T19:12:13.810+0000] {dagbag.py:537} INFO - Filling up the DagBag from /home/airflow/.local/lib/python3.7/site-packages/airflow/example_dags/tutorial_taskflow_api.py
[2024-09-27T19:12:13.835+0000] {processor.py:766} INFO - DAG(s) dict_keys(['tutorial_taskflow_api']) retrieved from /home/airflow/.local/lib/python3.7/site-packages/airflow/example_dags/tutorial_taskflow_api.py
[2024-09-27T19:12:13.885+0000] {logging_mixin.py:120} INFO - [2024-09-27T19:12:13.885+0000] {dag.py:2585} INFO - Sync 1 DAGs
[2024-09-27T19:12:13.915+0000] {logging_mixin.py:120} INFO - [2024-09-27T19:12:13.915+0000] {dag.py:3340} INFO - Setting next_dagrun for tutorial_taskflow_api to None, run_after=None
[2024-09-27T19:12:13.938+0000] {processor.py:176} INFO - Processing /home/airflow/.local/lib/python3.7/site-packages/airflow/example_dags/tutorial_taskflow_api.py took 0.135 seconds
[2024-09-27T19:12:44.285+0000] {processor.py:154} INFO - Started process (PID=51229) to work on /home/airflow/.local/lib/python3.7/site-packages/airflow/example_dags/tutorial_taskflow_api.py
[2024-09-27T19:12:44.286+0000] {processor.py:756} INFO - Processing file /home/airflow/.local/lib/python3.7/site-packages/airflow/example_dags/tutorial_taskflow_api.py for tasks to queue
[2024-09-27T19:12:44.287+0000] {logging_mixin.py:120} INFO - [2024-09-27T19:12:44.287+0000] {dagbag.py:537} INFO - Filling up the DagBag from /home/airflow/.local/lib/python3.7/site-packages/airflow/example_dags/tutorial_taskflow_api.py
[2024-09-27T19:12:44.313+0000] {processor.py:766} INFO - DAG(s) dict_keys(['tutorial_taskflow_api']) retrieved from /home/airflow/.local/lib/python3.7/site-packages/airflow/example_dags/tutorial_taskflow_api.py
[2024-09-27T19:12:44.361+0000] {logging_mixin.py:120} INFO - [2024-09-27T19:12:44.361+0000] {dag.py:2585} INFO - Sync 1 DAGs
[2024-09-27T19:12:44.396+0000] {logging_mixin.py:120} INFO - [2024-09-27T19:12:44.396+0000] {dag.py:3340} INFO - Setting next_dagrun for tutorial_taskflow_api to None, run_after=None
[2024-09-27T19:12:44.427+0000] {processor.py:176} INFO - Processing /home/airflow/.local/lib/python3.7/site-packages/airflow/example_dags/tutorial_taskflow_api.py took 0.147 seconds
[2024-09-27T19:13:14.974+0000] {processor.py:154} INFO - Started process (PID=51296) to work on /home/airflow/.local/lib/python3.7/site-packages/airflow/example_dags/tutorial_taskflow_api.py
[2024-09-27T19:13:14.976+0000] {processor.py:756} INFO - Processing file /home/airflow/.local/lib/python3.7/site-packages/airflow/example_dags/tutorial_taskflow_api.py for tasks to queue
[2024-09-27T19:13:14.977+0000] {logging_mixin.py:120} INFO - [2024-09-27T19:13:14.977+0000] {dagbag.py:537} INFO - Filling up the DagBag from /home/airflow/.local/lib/python3.7/site-packages/airflow/example_dags/tutorial_taskflow_api.py
[2024-09-27T19:13:15.003+0000] {processor.py:766} INFO - DAG(s) dict_keys(['tutorial_taskflow_api']) retrieved from /home/airflow/.local/lib/python3.7/site-packages/airflow/example_dags/tutorial_taskflow_api.py
[2024-09-27T19:13:15.055+0000] {logging_mixin.py:120} INFO - [2024-09-27T19:13:15.055+0000] {dag.py:2585} INFO - Sync 1 DAGs
[2024-09-27T19:13:15.086+0000] {logging_mixin.py:120} INFO - [2024-09-27T19:13:15.086+0000] {dag.py:3340} INFO - Setting next_dagrun for tutorial_taskflow_api to None, run_after=None
[2024-09-27T19:13:15.109+0000] {processor.py:176} INFO - Processing /home/airflow/.local/lib/python3.7/site-packages/airflow/example_dags/tutorial_taskflow_api.py took 0.139 seconds
[2024-09-27T19:13:45.914+0000] {processor.py:154} INFO - Started process (PID=51362) to work on /home/airflow/.local/lib/python3.7/site-packages/airflow/example_dags/tutorial_taskflow_api.py
[2024-09-27T19:13:45.916+0000] {processor.py:756} INFO - Processing file /home/airflow/.local/lib/python3.7/site-packages/airflow/example_dags/tutorial_taskflow_api.py for tasks to queue
[2024-09-27T19:13:45.917+0000] {logging_mixin.py:120} INFO - [2024-09-27T19:13:45.917+0000] {dagbag.py:537} INFO - Filling up the DagBag from /home/airflow/.local/lib/python3.7/site-packages/airflow/example_dags/tutorial_taskflow_api.py
[2024-09-27T19:13:45.947+0000] {processor.py:766} INFO - DAG(s) dict_keys(['tutorial_taskflow_api']) retrieved from /home/airflow/.local/lib/python3.7/site-packages/airflow/example_dags/tutorial_taskflow_api.py
[2024-09-27T19:13:46.003+0000] {logging_mixin.py:120} INFO - [2024-09-27T19:13:46.003+0000] {dag.py:2585} INFO - Sync 1 DAGs
[2024-09-27T19:13:46.035+0000] {logging_mixin.py:120} INFO - [2024-09-27T19:13:46.035+0000] {dag.py:3340} INFO - Setting next_dagrun for tutorial_taskflow_api to None, run_after=None
[2024-09-27T19:13:46.060+0000] {processor.py:176} INFO - Processing /home/airflow/.local/lib/python3.7/site-packages/airflow/example_dags/tutorial_taskflow_api.py took 0.151 seconds
[2024-09-27T19:14:16.599+0000] {processor.py:154} INFO - Started process (PID=51426) to work on /home/airflow/.local/lib/python3.7/site-packages/airflow/example_dags/tutorial_taskflow_api.py
[2024-09-27T19:14:16.600+0000] {processor.py:756} INFO - Processing file /home/airflow/.local/lib/python3.7/site-packages/airflow/example_dags/tutorial_taskflow_api.py for tasks to queue
[2024-09-27T19:14:16.601+0000] {logging_mixin.py:120} INFO - [2024-09-27T19:14:16.601+0000] {dagbag.py:537} INFO - Filling up the DagBag from /home/airflow/.local/lib/python3.7/site-packages/airflow/example_dags/tutorial_taskflow_api.py
[2024-09-27T19:14:16.625+0000] {processor.py:766} INFO - DAG(s) dict_keys(['tutorial_taskflow_api']) retrieved from /home/airflow/.local/lib/python3.7/site-packages/airflow/example_dags/tutorial_taskflow_api.py
[2024-09-27T19:14:16.675+0000] {logging_mixin.py:120} INFO - [2024-09-27T19:14:16.674+0000] {dag.py:2585} INFO - Sync 1 DAGs
[2024-09-27T19:14:16.705+0000] {logging_mixin.py:120} INFO - [2024-09-27T19:14:16.704+0000] {dag.py:3340} INFO - Setting next_dagrun for tutorial_taskflow_api to None, run_after=None
[2024-09-27T19:14:16.731+0000] {processor.py:176} INFO - Processing /home/airflow/.local/lib/python3.7/site-packages/airflow/example_dags/tutorial_taskflow_api.py took 0.136 seconds
[2024-09-27T19:14:47.294+0000] {processor.py:154} INFO - Started process (PID=51486) to work on /home/airflow/.local/lib/python3.7/site-packages/airflow/example_dags/tutorial_taskflow_api.py
[2024-09-27T19:14:47.297+0000] {processor.py:756} INFO - Processing file /home/airflow/.local/lib/python3.7/site-packages/airflow/example_dags/tutorial_taskflow_api.py for tasks to queue
[2024-09-27T19:14:47.298+0000] {logging_mixin.py:120} INFO - [2024-09-27T19:14:47.298+0000] {dagbag.py:537} INFO - Filling up the DagBag from /home/airflow/.local/lib/python3.7/site-packages/airflow/example_dags/tutorial_taskflow_api.py
[2024-09-27T19:14:47.331+0000] {processor.py:766} INFO - DAG(s) dict_keys(['tutorial_taskflow_api']) retrieved from /home/airflow/.local/lib/python3.7/site-packages/airflow/example_dags/tutorial_taskflow_api.py
[2024-09-27T19:14:47.393+0000] {logging_mixin.py:120} INFO - [2024-09-27T19:14:47.392+0000] {dag.py:2585} INFO - Sync 1 DAGs
[2024-09-27T19:14:47.433+0000] {logging_mixin.py:120} INFO - [2024-09-27T19:14:47.433+0000] {dag.py:3340} INFO - Setting next_dagrun for tutorial_taskflow_api to None, run_after=None
[2024-09-27T19:14:47.464+0000] {processor.py:176} INFO - Processing /home/airflow/.local/lib/python3.7/site-packages/airflow/example_dags/tutorial_taskflow_api.py took 0.175 seconds
[2024-09-27T19:15:18.032+0000] {processor.py:154} INFO - Started process (PID=51554) to work on /home/airflow/.local/lib/python3.7/site-packages/airflow/example_dags/tutorial_taskflow_api.py
[2024-09-27T19:15:18.034+0000] {processor.py:756} INFO - Processing file /home/airflow/.local/lib/python3.7/site-packages/airflow/example_dags/tutorial_taskflow_api.py for tasks to queue
[2024-09-27T19:15:18.035+0000] {logging_mixin.py:120} INFO - [2024-09-27T19:15:18.035+0000] {dagbag.py:537} INFO - Filling up the DagBag from /home/airflow/.local/lib/python3.7/site-packages/airflow/example_dags/tutorial_taskflow_api.py
[2024-09-27T19:15:18.064+0000] {processor.py:766} INFO - DAG(s) dict_keys(['tutorial_taskflow_api']) retrieved from /home/airflow/.local/lib/python3.7/site-packages/airflow/example_dags/tutorial_taskflow_api.py
[2024-09-27T19:15:18.119+0000] {logging_mixin.py:120} INFO - [2024-09-27T19:15:18.119+0000] {dag.py:2585} INFO - Sync 1 DAGs
[2024-09-27T19:15:18.154+0000] {logging_mixin.py:120} INFO - [2024-09-27T19:15:18.154+0000] {dag.py:3340} INFO - Setting next_dagrun for tutorial_taskflow_api to None, run_after=None
[2024-09-27T19:15:18.180+0000] {processor.py:176} INFO - Processing /home/airflow/.local/lib/python3.7/site-packages/airflow/example_dags/tutorial_taskflow_api.py took 0.152 seconds
[2024-09-27T19:15:48.600+0000] {processor.py:154} INFO - Started process (PID=51612) to work on /home/airflow/.local/lib/python3.7/site-packages/airflow/example_dags/tutorial_taskflow_api.py
[2024-09-27T19:15:48.602+0000] {processor.py:756} INFO - Processing file /home/airflow/.local/lib/python3.7/site-packages/airflow/example_dags/tutorial_taskflow_api.py for tasks to queue
[2024-09-27T19:15:48.604+0000] {logging_mixin.py:120} INFO - [2024-09-27T19:15:48.604+0000] {dagbag.py:537} INFO - Filling up the DagBag from /home/airflow/.local/lib/python3.7/site-packages/airflow/example_dags/tutorial_taskflow_api.py
[2024-09-27T19:15:48.633+0000] {processor.py:766} INFO - DAG(s) dict_keys(['tutorial_taskflow_api']) retrieved from /home/airflow/.local/lib/python3.7/site-packages/airflow/example_dags/tutorial_taskflow_api.py
[2024-09-27T19:15:48.691+0000] {logging_mixin.py:120} INFO - [2024-09-27T19:15:48.690+0000] {dag.py:2585} INFO - Sync 1 DAGs
[2024-09-27T19:15:48.726+0000] {logging_mixin.py:120} INFO - [2024-09-27T19:15:48.726+0000] {dag.py:3340} INFO - Setting next_dagrun for tutorial_taskflow_api to None, run_after=None
[2024-09-27T19:15:48.752+0000] {processor.py:176} INFO - Processing /home/airflow/.local/lib/python3.7/site-packages/airflow/example_dags/tutorial_taskflow_api.py took 0.156 seconds
[2024-09-27T19:16:19.179+0000] {processor.py:154} INFO - Started process (PID=51679) to work on /home/airflow/.local/lib/python3.7/site-packages/airflow/example_dags/tutorial_taskflow_api.py
[2024-09-27T19:16:19.181+0000] {processor.py:756} INFO - Processing file /home/airflow/.local/lib/python3.7/site-packages/airflow/example_dags/tutorial_taskflow_api.py for tasks to queue
[2024-09-27T19:16:19.182+0000] {logging_mixin.py:120} INFO - [2024-09-27T19:16:19.182+0000] {dagbag.py:537} INFO - Filling up the DagBag from /home/airflow/.local/lib/python3.7/site-packages/airflow/example_dags/tutorial_taskflow_api.py
[2024-09-27T19:16:19.212+0000] {processor.py:766} INFO - DAG(s) dict_keys(['tutorial_taskflow_api']) retrieved from /home/airflow/.local/lib/python3.7/site-packages/airflow/example_dags/tutorial_taskflow_api.py
[2024-09-27T19:16:19.281+0000] {logging_mixin.py:120} INFO - [2024-09-27T19:16:19.280+0000] {dag.py:2585} INFO - Sync 1 DAGs
[2024-09-27T19:16:19.320+0000] {logging_mixin.py:120} INFO - [2024-09-27T19:16:19.320+0000] {dag.py:3340} INFO - Setting next_dagrun for tutorial_taskflow_api to None, run_after=None
[2024-09-27T19:16:19.354+0000] {processor.py:176} INFO - Processing /home/airflow/.local/lib/python3.7/site-packages/airflow/example_dags/tutorial_taskflow_api.py took 0.182 seconds
[2024-09-27T19:16:49.896+0000] {processor.py:154} INFO - Started process (PID=51746) to work on /home/airflow/.local/lib/python3.7/site-packages/airflow/example_dags/tutorial_taskflow_api.py
[2024-09-27T19:16:49.898+0000] {processor.py:756} INFO - Processing file /home/airflow/.local/lib/python3.7/site-packages/airflow/example_dags/tutorial_taskflow_api.py for tasks to queue
[2024-09-27T19:16:49.899+0000] {logging_mixin.py:120} INFO - [2024-09-27T19:16:49.899+0000] {dagbag.py:537} INFO - Filling up the DagBag from /home/airflow/.local/lib/python3.7/site-packages/airflow/example_dags/tutorial_taskflow_api.py
[2024-09-27T19:16:49.927+0000] {processor.py:766} INFO - DAG(s) dict_keys(['tutorial_taskflow_api']) retrieved from /home/airflow/.local/lib/python3.7/site-packages/airflow/example_dags/tutorial_taskflow_api.py
[2024-09-27T19:16:49.981+0000] {logging_mixin.py:120} INFO - [2024-09-27T19:16:49.981+0000] {dag.py:2585} INFO - Sync 1 DAGs
[2024-09-27T19:16:50.015+0000] {logging_mixin.py:120} INFO - [2024-09-27T19:16:50.015+0000] {dag.py:3340} INFO - Setting next_dagrun for tutorial_taskflow_api to None, run_after=None
[2024-09-27T19:16:50.041+0000] {processor.py:176} INFO - Processing /home/airflow/.local/lib/python3.7/site-packages/airflow/example_dags/tutorial_taskflow_api.py took 0.151 seconds
[2024-09-27T19:17:20.476+0000] {processor.py:154} INFO - Started process (PID=51804) to work on /home/airflow/.local/lib/python3.7/site-packages/airflow/example_dags/tutorial_taskflow_api.py
[2024-09-27T19:17:20.479+0000] {processor.py:756} INFO - Processing file /home/airflow/.local/lib/python3.7/site-packages/airflow/example_dags/tutorial_taskflow_api.py for tasks to queue
[2024-09-27T19:17:20.482+0000] {logging_mixin.py:120} INFO - [2024-09-27T19:17:20.482+0000] {dagbag.py:537} INFO - Filling up the DagBag from /home/airflow/.local/lib/python3.7/site-packages/airflow/example_dags/tutorial_taskflow_api.py
[2024-09-27T19:17:20.525+0000] {processor.py:766} INFO - DAG(s) dict_keys(['tutorial_taskflow_api']) retrieved from /home/airflow/.local/lib/python3.7/site-packages/airflow/example_dags/tutorial_taskflow_api.py
[2024-09-27T19:17:20.594+0000] {logging_mixin.py:120} INFO - [2024-09-27T19:17:20.593+0000] {dag.py:2585} INFO - Sync 1 DAGs
[2024-09-27T19:17:20.632+0000] {logging_mixin.py:120} INFO - [2024-09-27T19:17:20.632+0000] {dag.py:3340} INFO - Setting next_dagrun for tutorial_taskflow_api to None, run_after=None
[2024-09-27T19:17:20.666+0000] {processor.py:176} INFO - Processing /home/airflow/.local/lib/python3.7/site-packages/airflow/example_dags/tutorial_taskflow_api.py took 0.198 seconds
[2024-09-27T19:17:50.982+0000] {processor.py:154} INFO - Started process (PID=51871) to work on /home/airflow/.local/lib/python3.7/site-packages/airflow/example_dags/tutorial_taskflow_api.py
[2024-09-27T19:17:50.984+0000] {processor.py:756} INFO - Processing file /home/airflow/.local/lib/python3.7/site-packages/airflow/example_dags/tutorial_taskflow_api.py for tasks to queue
[2024-09-27T19:17:50.985+0000] {logging_mixin.py:120} INFO - [2024-09-27T19:17:50.985+0000] {dagbag.py:537} INFO - Filling up the DagBag from /home/airflow/.local/lib/python3.7/site-packages/airflow/example_dags/tutorial_taskflow_api.py
[2024-09-27T19:17:51.016+0000] {processor.py:766} INFO - DAG(s) dict_keys(['tutorial_taskflow_api']) retrieved from /home/airflow/.local/lib/python3.7/site-packages/airflow/example_dags/tutorial_taskflow_api.py
[2024-09-27T19:17:51.080+0000] {logging_mixin.py:120} INFO - [2024-09-27T19:17:51.080+0000] {dag.py:2585} INFO - Sync 1 DAGs
[2024-09-27T19:17:51.120+0000] {logging_mixin.py:120} INFO - [2024-09-27T19:17:51.120+0000] {dag.py:3340} INFO - Setting next_dagrun for tutorial_taskflow_api to None, run_after=None
[2024-09-27T19:17:51.152+0000] {processor.py:176} INFO - Processing /home/airflow/.local/lib/python3.7/site-packages/airflow/example_dags/tutorial_taskflow_api.py took 0.173 seconds
[2024-09-27T19:18:21.229+0000] {processor.py:154} INFO - Started process (PID=51937) to work on /home/airflow/.local/lib/python3.7/site-packages/airflow/example_dags/tutorial_taskflow_api.py
[2024-09-27T19:18:21.230+0000] {processor.py:756} INFO - Processing file /home/airflow/.local/lib/python3.7/site-packages/airflow/example_dags/tutorial_taskflow_api.py for tasks to queue
[2024-09-27T19:18:21.231+0000] {logging_mixin.py:120} INFO - [2024-09-27T19:18:21.231+0000] {dagbag.py:537} INFO - Filling up the DagBag from /home/airflow/.local/lib/python3.7/site-packages/airflow/example_dags/tutorial_taskflow_api.py
[2024-09-27T19:18:21.258+0000] {processor.py:766} INFO - DAG(s) dict_keys(['tutorial_taskflow_api']) retrieved from /home/airflow/.local/lib/python3.7/site-packages/airflow/example_dags/tutorial_taskflow_api.py
[2024-09-27T19:18:21.314+0000] {logging_mixin.py:120} INFO - [2024-09-27T19:18:21.314+0000] {dag.py:2585} INFO - Sync 1 DAGs
[2024-09-27T19:18:21.348+0000] {logging_mixin.py:120} INFO - [2024-09-27T19:18:21.348+0000] {dag.py:3340} INFO - Setting next_dagrun for tutorial_taskflow_api to None, run_after=None
[2024-09-27T19:18:21.371+0000] {processor.py:176} INFO - Processing /home/airflow/.local/lib/python3.7/site-packages/airflow/example_dags/tutorial_taskflow_api.py took 0.146 seconds
[2024-09-27T19:18:51.906+0000] {processor.py:154} INFO - Started process (PID=51995) to work on /home/airflow/.local/lib/python3.7/site-packages/airflow/example_dags/tutorial_taskflow_api.py
[2024-09-27T19:18:51.907+0000] {processor.py:756} INFO - Processing file /home/airflow/.local/lib/python3.7/site-packages/airflow/example_dags/tutorial_taskflow_api.py for tasks to queue
[2024-09-27T19:18:51.908+0000] {logging_mixin.py:120} INFO - [2024-09-27T19:18:51.908+0000] {dagbag.py:537} INFO - Filling up the DagBag from /home/airflow/.local/lib/python3.7/site-packages/airflow/example_dags/tutorial_taskflow_api.py
[2024-09-27T19:18:51.933+0000] {processor.py:766} INFO - DAG(s) dict_keys(['tutorial_taskflow_api']) retrieved from /home/airflow/.local/lib/python3.7/site-packages/airflow/example_dags/tutorial_taskflow_api.py
[2024-09-27T19:18:51.980+0000] {logging_mixin.py:120} INFO - [2024-09-27T19:18:51.980+0000] {dag.py:2585} INFO - Sync 1 DAGs
[2024-09-27T19:18:52.010+0000] {logging_mixin.py:120} INFO - [2024-09-27T19:18:52.010+0000] {dag.py:3340} INFO - Setting next_dagrun for tutorial_taskflow_api to None, run_after=None
[2024-09-27T19:18:52.035+0000] {processor.py:176} INFO - Processing /home/airflow/.local/lib/python3.7/site-packages/airflow/example_dags/tutorial_taskflow_api.py took 0.133 seconds
[2024-09-27T19:19:22.505+0000] {processor.py:154} INFO - Started process (PID=52062) to work on /home/airflow/.local/lib/python3.7/site-packages/airflow/example_dags/tutorial_taskflow_api.py
[2024-09-27T19:19:22.506+0000] {processor.py:756} INFO - Processing file /home/airflow/.local/lib/python3.7/site-packages/airflow/example_dags/tutorial_taskflow_api.py for tasks to queue
[2024-09-27T19:19:22.507+0000] {logging_mixin.py:120} INFO - [2024-09-27T19:19:22.507+0000] {dagbag.py:537} INFO - Filling up the DagBag from /home/airflow/.local/lib/python3.7/site-packages/airflow/example_dags/tutorial_taskflow_api.py
[2024-09-27T19:19:22.533+0000] {processor.py:766} INFO - DAG(s) dict_keys(['tutorial_taskflow_api']) retrieved from /home/airflow/.local/lib/python3.7/site-packages/airflow/example_dags/tutorial_taskflow_api.py
[2024-09-27T19:19:22.585+0000] {logging_mixin.py:120} INFO - [2024-09-27T19:19:22.585+0000] {dag.py:2585} INFO - Sync 1 DAGs
[2024-09-27T19:19:22.615+0000] {logging_mixin.py:120} INFO - [2024-09-27T19:19:22.615+0000] {dag.py:3340} INFO - Setting next_dagrun for tutorial_taskflow_api to None, run_after=None
[2024-09-27T19:19:22.640+0000] {processor.py:176} INFO - Processing /home/airflow/.local/lib/python3.7/site-packages/airflow/example_dags/tutorial_taskflow_api.py took 0.140 seconds
[2024-09-27T19:19:53.088+0000] {processor.py:154} INFO - Started process (PID=52129) to work on /home/airflow/.local/lib/python3.7/site-packages/airflow/example_dags/tutorial_taskflow_api.py
[2024-09-27T19:19:53.089+0000] {processor.py:756} INFO - Processing file /home/airflow/.local/lib/python3.7/site-packages/airflow/example_dags/tutorial_taskflow_api.py for tasks to queue
[2024-09-27T19:19:53.090+0000] {logging_mixin.py:120} INFO - [2024-09-27T19:19:53.090+0000] {dagbag.py:537} INFO - Filling up the DagBag from /home/airflow/.local/lib/python3.7/site-packages/airflow/example_dags/tutorial_taskflow_api.py
[2024-09-27T19:19:53.119+0000] {processor.py:766} INFO - DAG(s) dict_keys(['tutorial_taskflow_api']) retrieved from /home/airflow/.local/lib/python3.7/site-packages/airflow/example_dags/tutorial_taskflow_api.py
[2024-09-27T19:19:53.172+0000] {logging_mixin.py:120} INFO - [2024-09-27T19:19:53.172+0000] {dag.py:2585} INFO - Sync 1 DAGs
[2024-09-27T19:19:53.202+0000] {logging_mixin.py:120} INFO - [2024-09-27T19:19:53.201+0000] {dag.py:3340} INFO - Setting next_dagrun for tutorial_taskflow_api to None, run_after=None
[2024-09-27T19:19:53.226+0000] {processor.py:176} INFO - Processing /home/airflow/.local/lib/python3.7/site-packages/airflow/example_dags/tutorial_taskflow_api.py took 0.144 seconds
[2024-09-27T19:20:23.645+0000] {processor.py:154} INFO - Started process (PID=52187) to work on /home/airflow/.local/lib/python3.7/site-packages/airflow/example_dags/tutorial_taskflow_api.py
[2024-09-27T19:20:23.647+0000] {processor.py:756} INFO - Processing file /home/airflow/.local/lib/python3.7/site-packages/airflow/example_dags/tutorial_taskflow_api.py for tasks to queue
[2024-09-27T19:20:23.648+0000] {logging_mixin.py:120} INFO - [2024-09-27T19:20:23.648+0000] {dagbag.py:537} INFO - Filling up the DagBag from /home/airflow/.local/lib/python3.7/site-packages/airflow/example_dags/tutorial_taskflow_api.py
[2024-09-27T19:20:23.673+0000] {processor.py:766} INFO - DAG(s) dict_keys(['tutorial_taskflow_api']) retrieved from /home/airflow/.local/lib/python3.7/site-packages/airflow/example_dags/tutorial_taskflow_api.py
[2024-09-27T19:20:23.724+0000] {logging_mixin.py:120} INFO - [2024-09-27T19:20:23.724+0000] {dag.py:2585} INFO - Sync 1 DAGs
[2024-09-27T19:20:23.757+0000] {logging_mixin.py:120} INFO - [2024-09-27T19:20:23.757+0000] {dag.py:3340} INFO - Setting next_dagrun for tutorial_taskflow_api to None, run_after=None
[2024-09-27T19:20:23.782+0000] {processor.py:176} INFO - Processing /home/airflow/.local/lib/python3.7/site-packages/airflow/example_dags/tutorial_taskflow_api.py took 0.142 seconds
[2024-09-27T19:20:54.201+0000] {processor.py:154} INFO - Started process (PID=52254) to work on /home/airflow/.local/lib/python3.7/site-packages/airflow/example_dags/tutorial_taskflow_api.py
[2024-09-27T19:20:54.202+0000] {processor.py:756} INFO - Processing file /home/airflow/.local/lib/python3.7/site-packages/airflow/example_dags/tutorial_taskflow_api.py for tasks to queue
[2024-09-27T19:20:54.203+0000] {logging_mixin.py:120} INFO - [2024-09-27T19:20:54.203+0000] {dagbag.py:537} INFO - Filling up the DagBag from /home/airflow/.local/lib/python3.7/site-packages/airflow/example_dags/tutorial_taskflow_api.py
[2024-09-27T19:20:54.227+0000] {processor.py:766} INFO - DAG(s) dict_keys(['tutorial_taskflow_api']) retrieved from /home/airflow/.local/lib/python3.7/site-packages/airflow/example_dags/tutorial_taskflow_api.py
[2024-09-27T19:20:54.276+0000] {logging_mixin.py:120} INFO - [2024-09-27T19:20:54.276+0000] {dag.py:2585} INFO - Sync 1 DAGs
[2024-09-27T19:20:54.305+0000] {logging_mixin.py:120} INFO - [2024-09-27T19:20:54.305+0000] {dag.py:3340} INFO - Setting next_dagrun for tutorial_taskflow_api to None, run_after=None
[2024-09-27T19:20:54.325+0000] {processor.py:176} INFO - Processing /home/airflow/.local/lib/python3.7/site-packages/airflow/example_dags/tutorial_taskflow_api.py took 0.127 seconds
[2024-09-27T19:21:24.823+0000] {processor.py:154} INFO - Started process (PID=52321) to work on /home/airflow/.local/lib/python3.7/site-packages/airflow/example_dags/tutorial_taskflow_api.py
[2024-09-27T19:21:24.825+0000] {processor.py:756} INFO - Processing file /home/airflow/.local/lib/python3.7/site-packages/airflow/example_dags/tutorial_taskflow_api.py for tasks to queue
[2024-09-27T19:21:24.826+0000] {logging_mixin.py:120} INFO - [2024-09-27T19:21:24.826+0000] {dagbag.py:537} INFO - Filling up the DagBag from /home/airflow/.local/lib/python3.7/site-packages/airflow/example_dags/tutorial_taskflow_api.py
[2024-09-27T19:21:24.851+0000] {processor.py:766} INFO - DAG(s) dict_keys(['tutorial_taskflow_api']) retrieved from /home/airflow/.local/lib/python3.7/site-packages/airflow/example_dags/tutorial_taskflow_api.py
[2024-09-27T19:21:24.904+0000] {logging_mixin.py:120} INFO - [2024-09-27T19:21:24.904+0000] {dag.py:2585} INFO - Sync 1 DAGs
[2024-09-27T19:21:24.935+0000] {logging_mixin.py:120} INFO - [2024-09-27T19:21:24.935+0000] {dag.py:3340} INFO - Setting next_dagrun for tutorial_taskflow_api to None, run_after=None
[2024-09-27T19:21:24.957+0000] {processor.py:176} INFO - Processing /home/airflow/.local/lib/python3.7/site-packages/airflow/example_dags/tutorial_taskflow_api.py took 0.139 seconds
[2024-09-27T19:21:55.074+0000] {processor.py:154} INFO - Started process (PID=52379) to work on /home/airflow/.local/lib/python3.7/site-packages/airflow/example_dags/tutorial_taskflow_api.py
[2024-09-27T19:21:55.075+0000] {processor.py:756} INFO - Processing file /home/airflow/.local/lib/python3.7/site-packages/airflow/example_dags/tutorial_taskflow_api.py for tasks to queue
[2024-09-27T19:21:55.077+0000] {logging_mixin.py:120} INFO - [2024-09-27T19:21:55.076+0000] {dagbag.py:537} INFO - Filling up the DagBag from /home/airflow/.local/lib/python3.7/site-packages/airflow/example_dags/tutorial_taskflow_api.py
[2024-09-27T19:21:55.106+0000] {processor.py:766} INFO - DAG(s) dict_keys(['tutorial_taskflow_api']) retrieved from /home/airflow/.local/lib/python3.7/site-packages/airflow/example_dags/tutorial_taskflow_api.py
[2024-09-27T19:21:55.167+0000] {logging_mixin.py:120} INFO - [2024-09-27T19:21:55.166+0000] {dag.py:2585} INFO - Sync 1 DAGs
[2024-09-27T19:21:55.202+0000] {logging_mixin.py:120} INFO - [2024-09-27T19:21:55.202+0000] {dag.py:3340} INFO - Setting next_dagrun for tutorial_taskflow_api to None, run_after=None
[2024-09-27T19:21:55.232+0000] {processor.py:176} INFO - Processing /home/airflow/.local/lib/python3.7/site-packages/airflow/example_dags/tutorial_taskflow_api.py took 0.163 seconds
[2024-09-27T19:22:25.717+0000] {processor.py:154} INFO - Started process (PID=52446) to work on /home/airflow/.local/lib/python3.7/site-packages/airflow/example_dags/tutorial_taskflow_api.py
[2024-09-27T19:22:25.718+0000] {processor.py:756} INFO - Processing file /home/airflow/.local/lib/python3.7/site-packages/airflow/example_dags/tutorial_taskflow_api.py for tasks to queue
[2024-09-27T19:22:25.719+0000] {logging_mixin.py:120} INFO - [2024-09-27T19:22:25.719+0000] {dagbag.py:537} INFO - Filling up the DagBag from /home/airflow/.local/lib/python3.7/site-packages/airflow/example_dags/tutorial_taskflow_api.py
[2024-09-27T19:22:25.747+0000] {processor.py:766} INFO - DAG(s) dict_keys(['tutorial_taskflow_api']) retrieved from /home/airflow/.local/lib/python3.7/site-packages/airflow/example_dags/tutorial_taskflow_api.py
[2024-09-27T19:22:25.798+0000] {logging_mixin.py:120} INFO - [2024-09-27T19:22:25.798+0000] {dag.py:2585} INFO - Sync 1 DAGs
[2024-09-27T19:22:25.832+0000] {logging_mixin.py:120} INFO - [2024-09-27T19:22:25.832+0000] {dag.py:3340} INFO - Setting next_dagrun for tutorial_taskflow_api to None, run_after=None
[2024-09-27T19:22:25.859+0000] {processor.py:176} INFO - Processing /home/airflow/.local/lib/python3.7/site-packages/airflow/example_dags/tutorial_taskflow_api.py took 0.146 seconds
[2024-09-27T19:22:56.531+0000] {processor.py:154} INFO - Started process (PID=52504) to work on /home/airflow/.local/lib/python3.7/site-packages/airflow/example_dags/tutorial_taskflow_api.py
[2024-09-27T19:22:56.533+0000] {processor.py:756} INFO - Processing file /home/airflow/.local/lib/python3.7/site-packages/airflow/example_dags/tutorial_taskflow_api.py for tasks to queue
[2024-09-27T19:22:56.534+0000] {logging_mixin.py:120} INFO - [2024-09-27T19:22:56.534+0000] {dagbag.py:537} INFO - Filling up the DagBag from /home/airflow/.local/lib/python3.7/site-packages/airflow/example_dags/tutorial_taskflow_api.py
[2024-09-27T19:22:56.568+0000] {processor.py:766} INFO - DAG(s) dict_keys(['tutorial_taskflow_api']) retrieved from /home/airflow/.local/lib/python3.7/site-packages/airflow/example_dags/tutorial_taskflow_api.py
[2024-09-27T19:22:56.631+0000] {logging_mixin.py:120} INFO - [2024-09-27T19:22:56.631+0000] {dag.py:2585} INFO - Sync 1 DAGs
[2024-09-27T19:22:56.667+0000] {logging_mixin.py:120} INFO - [2024-09-27T19:22:56.667+0000] {dag.py:3340} INFO - Setting next_dagrun for tutorial_taskflow_api to None, run_after=None
[2024-09-27T19:22:56.696+0000] {processor.py:176} INFO - Processing /home/airflow/.local/lib/python3.7/site-packages/airflow/example_dags/tutorial_taskflow_api.py took 0.170 seconds
[2024-09-27T19:23:27.051+0000] {processor.py:154} INFO - Started process (PID=52571) to work on /home/airflow/.local/lib/python3.7/site-packages/airflow/example_dags/tutorial_taskflow_api.py
[2024-09-27T19:23:27.052+0000] {processor.py:756} INFO - Processing file /home/airflow/.local/lib/python3.7/site-packages/airflow/example_dags/tutorial_taskflow_api.py for tasks to queue
[2024-09-27T19:23:27.053+0000] {logging_mixin.py:120} INFO - [2024-09-27T19:23:27.053+0000] {dagbag.py:537} INFO - Filling up the DagBag from /home/airflow/.local/lib/python3.7/site-packages/airflow/example_dags/tutorial_taskflow_api.py
[2024-09-27T19:23:27.082+0000] {processor.py:766} INFO - DAG(s) dict_keys(['tutorial_taskflow_api']) retrieved from /home/airflow/.local/lib/python3.7/site-packages/airflow/example_dags/tutorial_taskflow_api.py
[2024-09-27T19:23:27.144+0000] {logging_mixin.py:120} INFO - [2024-09-27T19:23:27.144+0000] {dag.py:2585} INFO - Sync 1 DAGs
[2024-09-27T19:23:27.180+0000] {logging_mixin.py:120} INFO - [2024-09-27T19:23:27.180+0000] {dag.py:3340} INFO - Setting next_dagrun for tutorial_taskflow_api to None, run_after=None
[2024-09-27T19:23:27.206+0000] {processor.py:176} INFO - Processing /home/airflow/.local/lib/python3.7/site-packages/airflow/example_dags/tutorial_taskflow_api.py took 0.160 seconds
[2024-09-27T19:23:57.701+0000] {processor.py:154} INFO - Started process (PID=52638) to work on /home/airflow/.local/lib/python3.7/site-packages/airflow/example_dags/tutorial_taskflow_api.py
[2024-09-27T19:23:57.702+0000] {processor.py:756} INFO - Processing file /home/airflow/.local/lib/python3.7/site-packages/airflow/example_dags/tutorial_taskflow_api.py for tasks to queue
[2024-09-27T19:23:57.704+0000] {logging_mixin.py:120} INFO - [2024-09-27T19:23:57.703+0000] {dagbag.py:537} INFO - Filling up the DagBag from /home/airflow/.local/lib/python3.7/site-packages/airflow/example_dags/tutorial_taskflow_api.py
[2024-09-27T19:23:57.732+0000] {processor.py:766} INFO - DAG(s) dict_keys(['tutorial_taskflow_api']) retrieved from /home/airflow/.local/lib/python3.7/site-packages/airflow/example_dags/tutorial_taskflow_api.py
[2024-09-27T19:23:57.791+0000] {logging_mixin.py:120} INFO - [2024-09-27T19:23:57.790+0000] {dag.py:2585} INFO - Sync 1 DAGs
[2024-09-27T19:23:57.824+0000] {logging_mixin.py:120} INFO - [2024-09-27T19:23:57.824+0000] {dag.py:3340} INFO - Setting next_dagrun for tutorial_taskflow_api to None, run_after=None
[2024-09-27T19:23:57.852+0000] {processor.py:176} INFO - Processing /home/airflow/.local/lib/python3.7/site-packages/airflow/example_dags/tutorial_taskflow_api.py took 0.156 seconds
[2024-09-27T19:24:27.943+0000] {processor.py:154} INFO - Started process (PID=52696) to work on /home/airflow/.local/lib/python3.7/site-packages/airflow/example_dags/tutorial_taskflow_api.py
[2024-09-27T19:24:27.945+0000] {processor.py:756} INFO - Processing file /home/airflow/.local/lib/python3.7/site-packages/airflow/example_dags/tutorial_taskflow_api.py for tasks to queue
[2024-09-27T19:24:27.947+0000] {logging_mixin.py:120} INFO - [2024-09-27T19:24:27.946+0000] {dagbag.py:537} INFO - Filling up the DagBag from /home/airflow/.local/lib/python3.7/site-packages/airflow/example_dags/tutorial_taskflow_api.py
[2024-09-27T19:24:27.977+0000] {processor.py:766} INFO - DAG(s) dict_keys(['tutorial_taskflow_api']) retrieved from /home/airflow/.local/lib/python3.7/site-packages/airflow/example_dags/tutorial_taskflow_api.py
[2024-09-27T19:24:28.038+0000] {logging_mixin.py:120} INFO - [2024-09-27T19:24:28.037+0000] {dag.py:2585} INFO - Sync 1 DAGs
[2024-09-27T19:24:28.086+0000] {logging_mixin.py:120} INFO - [2024-09-27T19:24:28.085+0000] {dag.py:3340} INFO - Setting next_dagrun for tutorial_taskflow_api to None, run_after=None
[2024-09-27T19:24:28.129+0000] {processor.py:176} INFO - Processing /home/airflow/.local/lib/python3.7/site-packages/airflow/example_dags/tutorial_taskflow_api.py took 0.191 seconds
[2024-09-27T19:24:58.442+0000] {processor.py:154} INFO - Started process (PID=52763) to work on /home/airflow/.local/lib/python3.7/site-packages/airflow/example_dags/tutorial_taskflow_api.py
[2024-09-27T19:24:58.444+0000] {processor.py:756} INFO - Processing file /home/airflow/.local/lib/python3.7/site-packages/airflow/example_dags/tutorial_taskflow_api.py for tasks to queue
[2024-09-27T19:24:58.446+0000] {logging_mixin.py:120} INFO - [2024-09-27T19:24:58.446+0000] {dagbag.py:537} INFO - Filling up the DagBag from /home/airflow/.local/lib/python3.7/site-packages/airflow/example_dags/tutorial_taskflow_api.py
[2024-09-27T19:24:58.482+0000] {processor.py:766} INFO - DAG(s) dict_keys(['tutorial_taskflow_api']) retrieved from /home/airflow/.local/lib/python3.7/site-packages/airflow/example_dags/tutorial_taskflow_api.py
[2024-09-27T19:24:58.546+0000] {logging_mixin.py:120} INFO - [2024-09-27T19:24:58.546+0000] {dag.py:2585} INFO - Sync 1 DAGs
[2024-09-27T19:24:58.587+0000] {logging_mixin.py:120} INFO - [2024-09-27T19:24:58.587+0000] {dag.py:3340} INFO - Setting next_dagrun for tutorial_taskflow_api to None, run_after=None
[2024-09-27T19:24:58.615+0000] {processor.py:176} INFO - Processing /home/airflow/.local/lib/python3.7/site-packages/airflow/example_dags/tutorial_taskflow_api.py took 0.178 seconds
[2024-09-27T19:25:28.817+0000] {processor.py:154} INFO - Started process (PID=52821) to work on /home/airflow/.local/lib/python3.7/site-packages/airflow/example_dags/tutorial_taskflow_api.py
[2024-09-27T19:25:28.818+0000] {processor.py:756} INFO - Processing file /home/airflow/.local/lib/python3.7/site-packages/airflow/example_dags/tutorial_taskflow_api.py for tasks to queue
[2024-09-27T19:25:28.819+0000] {logging_mixin.py:120} INFO - [2024-09-27T19:25:28.819+0000] {dagbag.py:537} INFO - Filling up the DagBag from /home/airflow/.local/lib/python3.7/site-packages/airflow/example_dags/tutorial_taskflow_api.py
[2024-09-27T19:25:28.845+0000] {processor.py:766} INFO - DAG(s) dict_keys(['tutorial_taskflow_api']) retrieved from /home/airflow/.local/lib/python3.7/site-packages/airflow/example_dags/tutorial_taskflow_api.py
[2024-09-27T19:25:28.894+0000] {logging_mixin.py:120} INFO - [2024-09-27T19:25:28.894+0000] {dag.py:2585} INFO - Sync 1 DAGs
[2024-09-27T19:25:28.926+0000] {logging_mixin.py:120} INFO - [2024-09-27T19:25:28.925+0000] {dag.py:3340} INFO - Setting next_dagrun for tutorial_taskflow_api to None, run_after=None
[2024-09-27T19:25:28.950+0000] {processor.py:176} INFO - Processing /home/airflow/.local/lib/python3.7/site-packages/airflow/example_dags/tutorial_taskflow_api.py took 0.138 seconds
[2024-09-27T19:25:59.131+0000] {processor.py:154} INFO - Started process (PID=52888) to work on /home/airflow/.local/lib/python3.7/site-packages/airflow/example_dags/tutorial_taskflow_api.py
[2024-09-27T19:25:59.133+0000] {processor.py:756} INFO - Processing file /home/airflow/.local/lib/python3.7/site-packages/airflow/example_dags/tutorial_taskflow_api.py for tasks to queue
[2024-09-27T19:25:59.134+0000] {logging_mixin.py:120} INFO - [2024-09-27T19:25:59.134+0000] {dagbag.py:537} INFO - Filling up the DagBag from /home/airflow/.local/lib/python3.7/site-packages/airflow/example_dags/tutorial_taskflow_api.py
[2024-09-27T19:25:59.163+0000] {processor.py:766} INFO - DAG(s) dict_keys(['tutorial_taskflow_api']) retrieved from /home/airflow/.local/lib/python3.7/site-packages/airflow/example_dags/tutorial_taskflow_api.py
[2024-09-27T19:25:59.215+0000] {logging_mixin.py:120} INFO - [2024-09-27T19:25:59.215+0000] {dag.py:2585} INFO - Sync 1 DAGs
[2024-09-27T19:25:59.245+0000] {logging_mixin.py:120} INFO - [2024-09-27T19:25:59.245+0000] {dag.py:3340} INFO - Setting next_dagrun for tutorial_taskflow_api to None, run_after=None
[2024-09-27T19:25:59.269+0000] {processor.py:176} INFO - Processing /home/airflow/.local/lib/python3.7/site-packages/airflow/example_dags/tutorial_taskflow_api.py took 0.142 seconds
[2024-09-27T19:26:29.722+0000] {processor.py:154} INFO - Started process (PID=52955) to work on /home/airflow/.local/lib/python3.7/site-packages/airflow/example_dags/tutorial_taskflow_api.py
[2024-09-27T19:26:29.723+0000] {processor.py:756} INFO - Processing file /home/airflow/.local/lib/python3.7/site-packages/airflow/example_dags/tutorial_taskflow_api.py for tasks to queue
[2024-09-27T19:26:29.724+0000] {logging_mixin.py:120} INFO - [2024-09-27T19:26:29.724+0000] {dagbag.py:537} INFO - Filling up the DagBag from /home/airflow/.local/lib/python3.7/site-packages/airflow/example_dags/tutorial_taskflow_api.py
[2024-09-27T19:26:29.751+0000] {processor.py:766} INFO - DAG(s) dict_keys(['tutorial_taskflow_api']) retrieved from /home/airflow/.local/lib/python3.7/site-packages/airflow/example_dags/tutorial_taskflow_api.py
[2024-09-27T19:26:29.802+0000] {logging_mixin.py:120} INFO - [2024-09-27T19:26:29.802+0000] {dag.py:2585} INFO - Sync 1 DAGs
[2024-09-27T19:26:29.836+0000] {logging_mixin.py:120} INFO - [2024-09-27T19:26:29.836+0000] {dag.py:3340} INFO - Setting next_dagrun for tutorial_taskflow_api to None, run_after=None
[2024-09-27T19:26:29.860+0000] {processor.py:176} INFO - Processing /home/airflow/.local/lib/python3.7/site-packages/airflow/example_dags/tutorial_taskflow_api.py took 0.143 seconds
[2024-09-27T19:27:00.347+0000] {processor.py:154} INFO - Started process (PID=53012) to work on /home/airflow/.local/lib/python3.7/site-packages/airflow/example_dags/tutorial_taskflow_api.py
[2024-09-27T19:27:00.348+0000] {processor.py:756} INFO - Processing file /home/airflow/.local/lib/python3.7/site-packages/airflow/example_dags/tutorial_taskflow_api.py for tasks to queue
[2024-09-27T19:27:00.349+0000] {logging_mixin.py:120} INFO - [2024-09-27T19:27:00.349+0000] {dagbag.py:537} INFO - Filling up the DagBag from /home/airflow/.local/lib/python3.7/site-packages/airflow/example_dags/tutorial_taskflow_api.py
[2024-09-27T19:27:00.375+0000] {processor.py:766} INFO - DAG(s) dict_keys(['tutorial_taskflow_api']) retrieved from /home/airflow/.local/lib/python3.7/site-packages/airflow/example_dags/tutorial_taskflow_api.py
[2024-09-27T19:27:00.428+0000] {logging_mixin.py:120} INFO - [2024-09-27T19:27:00.428+0000] {dag.py:2585} INFO - Sync 1 DAGs
[2024-09-27T19:27:00.464+0000] {logging_mixin.py:120} INFO - [2024-09-27T19:27:00.464+0000] {dag.py:3340} INFO - Setting next_dagrun for tutorial_taskflow_api to None, run_after=None
[2024-09-27T19:27:00.489+0000] {processor.py:176} INFO - Processing /home/airflow/.local/lib/python3.7/site-packages/airflow/example_dags/tutorial_taskflow_api.py took 0.147 seconds
[2024-09-27T19:27:30.570+0000] {processor.py:154} INFO - Started process (PID=53079) to work on /home/airflow/.local/lib/python3.7/site-packages/airflow/example_dags/tutorial_taskflow_api.py
[2024-09-27T19:27:30.572+0000] {processor.py:756} INFO - Processing file /home/airflow/.local/lib/python3.7/site-packages/airflow/example_dags/tutorial_taskflow_api.py for tasks to queue
[2024-09-27T19:27:30.573+0000] {logging_mixin.py:120} INFO - [2024-09-27T19:27:30.573+0000] {dagbag.py:537} INFO - Filling up the DagBag from /home/airflow/.local/lib/python3.7/site-packages/airflow/example_dags/tutorial_taskflow_api.py
[2024-09-27T19:27:30.600+0000] {processor.py:766} INFO - DAG(s) dict_keys(['tutorial_taskflow_api']) retrieved from /home/airflow/.local/lib/python3.7/site-packages/airflow/example_dags/tutorial_taskflow_api.py
[2024-09-27T19:27:30.654+0000] {logging_mixin.py:120} INFO - [2024-09-27T19:27:30.654+0000] {dag.py:2585} INFO - Sync 1 DAGs
[2024-09-27T19:27:30.690+0000] {logging_mixin.py:120} INFO - [2024-09-27T19:27:30.689+0000] {dag.py:3340} INFO - Setting next_dagrun for tutorial_taskflow_api to None, run_after=None
[2024-09-27T19:27:30.714+0000] {processor.py:176} INFO - Processing /home/airflow/.local/lib/python3.7/site-packages/airflow/example_dags/tutorial_taskflow_api.py took 0.148 seconds
[2024-09-27T19:28:00.749+0000] {processor.py:154} INFO - Started process (PID=53146) to work on /home/airflow/.local/lib/python3.7/site-packages/airflow/example_dags/tutorial_taskflow_api.py
[2024-09-27T19:28:00.751+0000] {processor.py:756} INFO - Processing file /home/airflow/.local/lib/python3.7/site-packages/airflow/example_dags/tutorial_taskflow_api.py for tasks to queue
[2024-09-27T19:28:00.752+0000] {logging_mixin.py:120} INFO - [2024-09-27T19:28:00.751+0000] {dagbag.py:537} INFO - Filling up the DagBag from /home/airflow/.local/lib/python3.7/site-packages/airflow/example_dags/tutorial_taskflow_api.py
[2024-09-27T19:28:00.777+0000] {processor.py:766} INFO - DAG(s) dict_keys(['tutorial_taskflow_api']) retrieved from /home/airflow/.local/lib/python3.7/site-packages/airflow/example_dags/tutorial_taskflow_api.py
[2024-09-27T19:28:00.829+0000] {logging_mixin.py:120} INFO - [2024-09-27T19:28:00.828+0000] {dag.py:2585} INFO - Sync 1 DAGs
[2024-09-27T19:28:00.858+0000] {logging_mixin.py:120} INFO - [2024-09-27T19:28:00.857+0000] {dag.py:3340} INFO - Setting next_dagrun for tutorial_taskflow_api to None, run_after=None
[2024-09-27T19:28:00.883+0000] {processor.py:176} INFO - Processing /home/airflow/.local/lib/python3.7/site-packages/airflow/example_dags/tutorial_taskflow_api.py took 0.138 seconds
[2024-09-27T19:28:31.410+0000] {processor.py:154} INFO - Started process (PID=53213) to work on /home/airflow/.local/lib/python3.7/site-packages/airflow/example_dags/tutorial_taskflow_api.py
[2024-09-27T19:28:31.412+0000] {processor.py:756} INFO - Processing file /home/airflow/.local/lib/python3.7/site-packages/airflow/example_dags/tutorial_taskflow_api.py for tasks to queue
[2024-09-27T19:28:31.413+0000] {logging_mixin.py:120} INFO - [2024-09-27T19:28:31.413+0000] {dagbag.py:537} INFO - Filling up the DagBag from /home/airflow/.local/lib/python3.7/site-packages/airflow/example_dags/tutorial_taskflow_api.py
[2024-09-27T19:28:31.442+0000] {processor.py:766} INFO - DAG(s) dict_keys(['tutorial_taskflow_api']) retrieved from /home/airflow/.local/lib/python3.7/site-packages/airflow/example_dags/tutorial_taskflow_api.py
[2024-09-27T19:28:31.498+0000] {logging_mixin.py:120} INFO - [2024-09-27T19:28:31.498+0000] {dag.py:2585} INFO - Sync 1 DAGs
[2024-09-27T19:28:31.532+0000] {logging_mixin.py:120} INFO - [2024-09-27T19:28:31.532+0000] {dag.py:3340} INFO - Setting next_dagrun for tutorial_taskflow_api to None, run_after=None
[2024-09-27T19:28:31.554+0000] {processor.py:176} INFO - Processing /home/airflow/.local/lib/python3.7/site-packages/airflow/example_dags/tutorial_taskflow_api.py took 0.149 seconds
[2024-09-27T19:29:01.629+0000] {processor.py:154} INFO - Started process (PID=53271) to work on /home/airflow/.local/lib/python3.7/site-packages/airflow/example_dags/tutorial_taskflow_api.py
[2024-09-27T19:29:01.630+0000] {processor.py:756} INFO - Processing file /home/airflow/.local/lib/python3.7/site-packages/airflow/example_dags/tutorial_taskflow_api.py for tasks to queue
[2024-09-27T19:29:01.631+0000] {logging_mixin.py:120} INFO - [2024-09-27T19:29:01.631+0000] {dagbag.py:537} INFO - Filling up the DagBag from /home/airflow/.local/lib/python3.7/site-packages/airflow/example_dags/tutorial_taskflow_api.py
[2024-09-27T19:29:01.658+0000] {processor.py:766} INFO - DAG(s) dict_keys(['tutorial_taskflow_api']) retrieved from /home/airflow/.local/lib/python3.7/site-packages/airflow/example_dags/tutorial_taskflow_api.py
[2024-09-27T19:29:01.709+0000] {logging_mixin.py:120} INFO - [2024-09-27T19:29:01.709+0000] {dag.py:2585} INFO - Sync 1 DAGs
[2024-09-27T19:29:01.740+0000] {logging_mixin.py:120} INFO - [2024-09-27T19:29:01.740+0000] {dag.py:3340} INFO - Setting next_dagrun for tutorial_taskflow_api to None, run_after=None
[2024-09-27T19:29:01.765+0000] {processor.py:176} INFO - Processing /home/airflow/.local/lib/python3.7/site-packages/airflow/example_dags/tutorial_taskflow_api.py took 0.140 seconds
[2024-09-27T19:29:32.089+0000] {processor.py:154} INFO - Started process (PID=53338) to work on /home/airflow/.local/lib/python3.7/site-packages/airflow/example_dags/tutorial_taskflow_api.py
[2024-09-27T19:29:32.091+0000] {processor.py:756} INFO - Processing file /home/airflow/.local/lib/python3.7/site-packages/airflow/example_dags/tutorial_taskflow_api.py for tasks to queue
[2024-09-27T19:29:32.092+0000] {logging_mixin.py:120} INFO - [2024-09-27T19:29:32.091+0000] {dagbag.py:537} INFO - Filling up the DagBag from /home/airflow/.local/lib/python3.7/site-packages/airflow/example_dags/tutorial_taskflow_api.py
[2024-09-27T19:29:32.117+0000] {processor.py:766} INFO - DAG(s) dict_keys(['tutorial_taskflow_api']) retrieved from /home/airflow/.local/lib/python3.7/site-packages/airflow/example_dags/tutorial_taskflow_api.py
[2024-09-27T19:29:32.167+0000] {logging_mixin.py:120} INFO - [2024-09-27T19:29:32.167+0000] {dag.py:2585} INFO - Sync 1 DAGs
[2024-09-27T19:29:32.198+0000] {logging_mixin.py:120} INFO - [2024-09-27T19:29:32.198+0000] {dag.py:3340} INFO - Setting next_dagrun for tutorial_taskflow_api to None, run_after=None
[2024-09-27T19:29:32.221+0000] {processor.py:176} INFO - Processing /home/airflow/.local/lib/python3.7/site-packages/airflow/example_dags/tutorial_taskflow_api.py took 0.136 seconds
[2024-09-27T19:30:02.722+0000] {processor.py:154} INFO - Started process (PID=53405) to work on /home/airflow/.local/lib/python3.7/site-packages/airflow/example_dags/tutorial_taskflow_api.py
[2024-09-27T19:30:02.727+0000] {processor.py:756} INFO - Processing file /home/airflow/.local/lib/python3.7/site-packages/airflow/example_dags/tutorial_taskflow_api.py for tasks to queue
[2024-09-27T19:30:02.729+0000] {logging_mixin.py:120} INFO - [2024-09-27T19:30:02.729+0000] {dagbag.py:537} INFO - Filling up the DagBag from /home/airflow/.local/lib/python3.7/site-packages/airflow/example_dags/tutorial_taskflow_api.py
[2024-09-27T19:30:02.761+0000] {processor.py:766} INFO - DAG(s) dict_keys(['tutorial_taskflow_api']) retrieved from /home/airflow/.local/lib/python3.7/site-packages/airflow/example_dags/tutorial_taskflow_api.py
[2024-09-27T19:30:02.818+0000] {logging_mixin.py:120} INFO - [2024-09-27T19:30:02.818+0000] {dag.py:2585} INFO - Sync 1 DAGs
[2024-09-27T19:30:02.858+0000] {logging_mixin.py:120} INFO - [2024-09-27T19:30:02.858+0000] {dag.py:3340} INFO - Setting next_dagrun for tutorial_taskflow_api to None, run_after=None
[2024-09-27T19:30:02.889+0000] {processor.py:176} INFO - Processing /home/airflow/.local/lib/python3.7/site-packages/airflow/example_dags/tutorial_taskflow_api.py took 0.172 seconds
[2024-09-27T19:30:33.055+0000] {processor.py:154} INFO - Started process (PID=53463) to work on /home/airflow/.local/lib/python3.7/site-packages/airflow/example_dags/tutorial_taskflow_api.py
[2024-09-27T19:30:33.057+0000] {processor.py:756} INFO - Processing file /home/airflow/.local/lib/python3.7/site-packages/airflow/example_dags/tutorial_taskflow_api.py for tasks to queue
[2024-09-27T19:30:33.058+0000] {logging_mixin.py:120} INFO - [2024-09-27T19:30:33.057+0000] {dagbag.py:537} INFO - Filling up the DagBag from /home/airflow/.local/lib/python3.7/site-packages/airflow/example_dags/tutorial_taskflow_api.py
[2024-09-27T19:30:33.086+0000] {processor.py:766} INFO - DAG(s) dict_keys(['tutorial_taskflow_api']) retrieved from /home/airflow/.local/lib/python3.7/site-packages/airflow/example_dags/tutorial_taskflow_api.py
[2024-09-27T19:30:33.140+0000] {logging_mixin.py:120} INFO - [2024-09-27T19:30:33.140+0000] {dag.py:2585} INFO - Sync 1 DAGs
[2024-09-27T19:30:33.175+0000] {logging_mixin.py:120} INFO - [2024-09-27T19:30:33.175+0000] {dag.py:3340} INFO - Setting next_dagrun for tutorial_taskflow_api to None, run_after=None
[2024-09-27T19:30:33.200+0000] {processor.py:176} INFO - Processing /home/airflow/.local/lib/python3.7/site-packages/airflow/example_dags/tutorial_taskflow_api.py took 0.149 seconds
[2024-09-27T19:31:03.664+0000] {processor.py:154} INFO - Started process (PID=53530) to work on /home/airflow/.local/lib/python3.7/site-packages/airflow/example_dags/tutorial_taskflow_api.py
[2024-09-27T19:31:03.666+0000] {processor.py:756} INFO - Processing file /home/airflow/.local/lib/python3.7/site-packages/airflow/example_dags/tutorial_taskflow_api.py for tasks to queue
[2024-09-27T19:31:03.667+0000] {logging_mixin.py:120} INFO - [2024-09-27T19:31:03.667+0000] {dagbag.py:537} INFO - Filling up the DagBag from /home/airflow/.local/lib/python3.7/site-packages/airflow/example_dags/tutorial_taskflow_api.py
[2024-09-27T19:31:03.693+0000] {processor.py:766} INFO - DAG(s) dict_keys(['tutorial_taskflow_api']) retrieved from /home/airflow/.local/lib/python3.7/site-packages/airflow/example_dags/tutorial_taskflow_api.py
[2024-09-27T19:31:03.742+0000] {logging_mixin.py:120} INFO - [2024-09-27T19:31:03.742+0000] {dag.py:2585} INFO - Sync 1 DAGs
[2024-09-27T19:31:03.770+0000] {logging_mixin.py:120} INFO - [2024-09-27T19:31:03.769+0000] {dag.py:3340} INFO - Setting next_dagrun for tutorial_taskflow_api to None, run_after=None
[2024-09-27T19:31:03.791+0000] {processor.py:176} INFO - Processing /home/airflow/.local/lib/python3.7/site-packages/airflow/example_dags/tutorial_taskflow_api.py took 0.132 seconds
[2024-09-27T19:31:34.012+0000] {processor.py:154} INFO - Started process (PID=53597) to work on /home/airflow/.local/lib/python3.7/site-packages/airflow/example_dags/tutorial_taskflow_api.py
[2024-09-27T19:31:34.013+0000] {processor.py:756} INFO - Processing file /home/airflow/.local/lib/python3.7/site-packages/airflow/example_dags/tutorial_taskflow_api.py for tasks to queue
[2024-09-27T19:31:34.014+0000] {logging_mixin.py:120} INFO - [2024-09-27T19:31:34.014+0000] {dagbag.py:537} INFO - Filling up the DagBag from /home/airflow/.local/lib/python3.7/site-packages/airflow/example_dags/tutorial_taskflow_api.py
[2024-09-27T19:31:34.040+0000] {processor.py:766} INFO - DAG(s) dict_keys(['tutorial_taskflow_api']) retrieved from /home/airflow/.local/lib/python3.7/site-packages/airflow/example_dags/tutorial_taskflow_api.py
[2024-09-27T19:31:34.091+0000] {logging_mixin.py:120} INFO - [2024-09-27T19:31:34.091+0000] {dag.py:2585} INFO - Sync 1 DAGs
[2024-09-27T19:31:34.120+0000] {logging_mixin.py:120} INFO - [2024-09-27T19:31:34.120+0000] {dag.py:3340} INFO - Setting next_dagrun for tutorial_taskflow_api to None, run_after=None
[2024-09-27T19:31:34.140+0000] {processor.py:176} INFO - Processing /home/airflow/.local/lib/python3.7/site-packages/airflow/example_dags/tutorial_taskflow_api.py took 0.132 seconds
[2024-09-27T19:32:04.428+0000] {processor.py:154} INFO - Started process (PID=53655) to work on /home/airflow/.local/lib/python3.7/site-packages/airflow/example_dags/tutorial_taskflow_api.py
[2024-09-27T19:32:04.429+0000] {processor.py:756} INFO - Processing file /home/airflow/.local/lib/python3.7/site-packages/airflow/example_dags/tutorial_taskflow_api.py for tasks to queue
[2024-09-27T19:32:04.430+0000] {logging_mixin.py:120} INFO - [2024-09-27T19:32:04.430+0000] {dagbag.py:537} INFO - Filling up the DagBag from /home/airflow/.local/lib/python3.7/site-packages/airflow/example_dags/tutorial_taskflow_api.py
[2024-09-27T19:32:04.457+0000] {processor.py:766} INFO - DAG(s) dict_keys(['tutorial_taskflow_api']) retrieved from /home/airflow/.local/lib/python3.7/site-packages/airflow/example_dags/tutorial_taskflow_api.py
[2024-09-27T19:32:04.507+0000] {logging_mixin.py:120} INFO - [2024-09-27T19:32:04.507+0000] {dag.py:2585} INFO - Sync 1 DAGs
[2024-09-27T19:32:04.537+0000] {logging_mixin.py:120} INFO - [2024-09-27T19:32:04.537+0000] {dag.py:3340} INFO - Setting next_dagrun for tutorial_taskflow_api to None, run_after=None
[2024-09-27T19:32:04.561+0000] {processor.py:176} INFO - Processing /home/airflow/.local/lib/python3.7/site-packages/airflow/example_dags/tutorial_taskflow_api.py took 0.138 seconds
[2024-09-27T19:32:34.850+0000] {processor.py:154} INFO - Started process (PID=53722) to work on /home/airflow/.local/lib/python3.7/site-packages/airflow/example_dags/tutorial_taskflow_api.py
[2024-09-27T19:32:34.852+0000] {processor.py:756} INFO - Processing file /home/airflow/.local/lib/python3.7/site-packages/airflow/example_dags/tutorial_taskflow_api.py for tasks to queue
[2024-09-27T19:32:34.853+0000] {logging_mixin.py:120} INFO - [2024-09-27T19:32:34.853+0000] {dagbag.py:537} INFO - Filling up the DagBag from /home/airflow/.local/lib/python3.7/site-packages/airflow/example_dags/tutorial_taskflow_api.py
[2024-09-27T19:32:34.879+0000] {processor.py:766} INFO - DAG(s) dict_keys(['tutorial_taskflow_api']) retrieved from /home/airflow/.local/lib/python3.7/site-packages/airflow/example_dags/tutorial_taskflow_api.py
[2024-09-27T19:32:34.930+0000] {logging_mixin.py:120} INFO - [2024-09-27T19:32:34.930+0000] {dag.py:2585} INFO - Sync 1 DAGs
[2024-09-27T19:32:34.960+0000] {logging_mixin.py:120} INFO - [2024-09-27T19:32:34.960+0000] {dag.py:3340} INFO - Setting next_dagrun for tutorial_taskflow_api to None, run_after=None
[2024-09-27T19:32:34.979+0000] {processor.py:176} INFO - Processing /home/airflow/.local/lib/python3.7/site-packages/airflow/example_dags/tutorial_taskflow_api.py took 0.133 seconds
[2024-09-27T19:33:05.526+0000] {processor.py:154} INFO - Started process (PID=53789) to work on /home/airflow/.local/lib/python3.7/site-packages/airflow/example_dags/tutorial_taskflow_api.py
[2024-09-27T19:33:05.527+0000] {processor.py:756} INFO - Processing file /home/airflow/.local/lib/python3.7/site-packages/airflow/example_dags/tutorial_taskflow_api.py for tasks to queue
[2024-09-27T19:33:05.528+0000] {logging_mixin.py:120} INFO - [2024-09-27T19:33:05.528+0000] {dagbag.py:537} INFO - Filling up the DagBag from /home/airflow/.local/lib/python3.7/site-packages/airflow/example_dags/tutorial_taskflow_api.py
[2024-09-27T19:33:05.556+0000] {processor.py:766} INFO - DAG(s) dict_keys(['tutorial_taskflow_api']) retrieved from /home/airflow/.local/lib/python3.7/site-packages/airflow/example_dags/tutorial_taskflow_api.py
[2024-09-27T19:33:05.613+0000] {logging_mixin.py:120} INFO - [2024-09-27T19:33:05.613+0000] {dag.py:2585} INFO - Sync 1 DAGs
[2024-09-27T19:33:05.647+0000] {logging_mixin.py:120} INFO - [2024-09-27T19:33:05.647+0000] {dag.py:3340} INFO - Setting next_dagrun for tutorial_taskflow_api to None, run_after=None
[2024-09-27T19:33:05.672+0000] {processor.py:176} INFO - Processing /home/airflow/.local/lib/python3.7/site-packages/airflow/example_dags/tutorial_taskflow_api.py took 0.150 seconds
[2024-09-27T19:34:09.894+0000] {processor.py:154} INFO - Started process (PID=56) to work on /home/airflow/.local/lib/python3.7/site-packages/airflow/example_dags/tutorial_taskflow_api.py
[2024-09-27T19:34:09.898+0000] {processor.py:756} INFO - Processing file /home/airflow/.local/lib/python3.7/site-packages/airflow/example_dags/tutorial_taskflow_api.py for tasks to queue
[2024-09-27T19:34:09.900+0000] {logging_mixin.py:120} INFO - [2024-09-27T19:34:09.899+0000] {dagbag.py:537} INFO - Filling up the DagBag from /home/airflow/.local/lib/python3.7/site-packages/airflow/example_dags/tutorial_taskflow_api.py
[2024-09-27T19:34:09.939+0000] {processor.py:766} INFO - DAG(s) dict_keys(['tutorial_taskflow_api']) retrieved from /home/airflow/.local/lib/python3.7/site-packages/airflow/example_dags/tutorial_taskflow_api.py
[2024-09-27T19:34:10.040+0000] {logging_mixin.py:120} INFO - [2024-09-27T19:34:10.040+0000] {dag.py:2585} INFO - Sync 1 DAGs
[2024-09-27T19:34:10.093+0000] {logging_mixin.py:120} INFO - [2024-09-27T19:34:10.093+0000] {dag.py:3340} INFO - Setting next_dagrun for tutorial_taskflow_api to None, run_after=None
[2024-09-27T19:34:10.138+0000] {processor.py:176} INFO - Processing /home/airflow/.local/lib/python3.7/site-packages/airflow/example_dags/tutorial_taskflow_api.py took 0.268 seconds
[2024-09-27T19:34:40.912+0000] {processor.py:154} INFO - Started process (PID=112) to work on /home/airflow/.local/lib/python3.7/site-packages/airflow/example_dags/tutorial_taskflow_api.py
[2024-09-27T19:34:40.914+0000] {processor.py:756} INFO - Processing file /home/airflow/.local/lib/python3.7/site-packages/airflow/example_dags/tutorial_taskflow_api.py for tasks to queue
[2024-09-27T19:34:40.915+0000] {logging_mixin.py:120} INFO - [2024-09-27T19:34:40.915+0000] {dagbag.py:537} INFO - Filling up the DagBag from /home/airflow/.local/lib/python3.7/site-packages/airflow/example_dags/tutorial_taskflow_api.py
[2024-09-27T19:34:40.944+0000] {processor.py:766} INFO - DAG(s) dict_keys(['tutorial_taskflow_api']) retrieved from /home/airflow/.local/lib/python3.7/site-packages/airflow/example_dags/tutorial_taskflow_api.py
[2024-09-27T19:34:41.000+0000] {logging_mixin.py:120} INFO - [2024-09-27T19:34:41.000+0000] {dag.py:2585} INFO - Sync 1 DAGs
[2024-09-27T19:34:41.031+0000] {logging_mixin.py:120} INFO - [2024-09-27T19:34:41.031+0000] {dag.py:3340} INFO - Setting next_dagrun for tutorial_taskflow_api to None, run_after=None
[2024-09-27T19:34:41.056+0000] {processor.py:176} INFO - Processing /home/airflow/.local/lib/python3.7/site-packages/airflow/example_dags/tutorial_taskflow_api.py took 0.148 seconds
[2024-09-27T19:35:11.525+0000] {processor.py:154} INFO - Started process (PID=180) to work on /home/airflow/.local/lib/python3.7/site-packages/airflow/example_dags/tutorial_taskflow_api.py
[2024-09-27T19:35:11.527+0000] {processor.py:756} INFO - Processing file /home/airflow/.local/lib/python3.7/site-packages/airflow/example_dags/tutorial_taskflow_api.py for tasks to queue
[2024-09-27T19:35:11.528+0000] {logging_mixin.py:120} INFO - [2024-09-27T19:35:11.528+0000] {dagbag.py:537} INFO - Filling up the DagBag from /home/airflow/.local/lib/python3.7/site-packages/airflow/example_dags/tutorial_taskflow_api.py
[2024-09-27T19:35:11.554+0000] {processor.py:766} INFO - DAG(s) dict_keys(['tutorial_taskflow_api']) retrieved from /home/airflow/.local/lib/python3.7/site-packages/airflow/example_dags/tutorial_taskflow_api.py
[2024-09-27T19:35:11.602+0000] {logging_mixin.py:120} INFO - [2024-09-27T19:35:11.602+0000] {dag.py:2585} INFO - Sync 1 DAGs
[2024-09-27T19:35:11.633+0000] {logging_mixin.py:120} INFO - [2024-09-27T19:35:11.633+0000] {dag.py:3340} INFO - Setting next_dagrun for tutorial_taskflow_api to None, run_after=None
[2024-09-27T19:35:11.657+0000] {processor.py:176} INFO - Processing /home/airflow/.local/lib/python3.7/site-packages/airflow/example_dags/tutorial_taskflow_api.py took 0.135 seconds
[2024-09-27T19:35:41.862+0000] {processor.py:154} INFO - Started process (PID=247) to work on /home/airflow/.local/lib/python3.7/site-packages/airflow/example_dags/tutorial_taskflow_api.py
[2024-09-27T19:35:41.864+0000] {processor.py:756} INFO - Processing file /home/airflow/.local/lib/python3.7/site-packages/airflow/example_dags/tutorial_taskflow_api.py for tasks to queue
[2024-09-27T19:35:41.865+0000] {logging_mixin.py:120} INFO - [2024-09-27T19:35:41.865+0000] {dagbag.py:537} INFO - Filling up the DagBag from /home/airflow/.local/lib/python3.7/site-packages/airflow/example_dags/tutorial_taskflow_api.py
[2024-09-27T19:35:41.893+0000] {processor.py:766} INFO - DAG(s) dict_keys(['tutorial_taskflow_api']) retrieved from /home/airflow/.local/lib/python3.7/site-packages/airflow/example_dags/tutorial_taskflow_api.py
[2024-09-27T19:35:41.943+0000] {logging_mixin.py:120} INFO - [2024-09-27T19:35:41.943+0000] {dag.py:2585} INFO - Sync 1 DAGs
[2024-09-27T19:35:41.972+0000] {logging_mixin.py:120} INFO - [2024-09-27T19:35:41.972+0000] {dag.py:3340} INFO - Setting next_dagrun for tutorial_taskflow_api to None, run_after=None
[2024-09-27T19:35:41.995+0000] {processor.py:176} INFO - Processing /home/airflow/.local/lib/python3.7/site-packages/airflow/example_dags/tutorial_taskflow_api.py took 0.137 seconds
[2024-09-27T19:36:12.353+0000] {processor.py:154} INFO - Started process (PID=305) to work on /home/airflow/.local/lib/python3.7/site-packages/airflow/example_dags/tutorial_taskflow_api.py
[2024-09-27T19:36:12.356+0000] {processor.py:756} INFO - Processing file /home/airflow/.local/lib/python3.7/site-packages/airflow/example_dags/tutorial_taskflow_api.py for tasks to queue
[2024-09-27T19:36:12.357+0000] {logging_mixin.py:120} INFO - [2024-09-27T19:36:12.357+0000] {dagbag.py:537} INFO - Filling up the DagBag from /home/airflow/.local/lib/python3.7/site-packages/airflow/example_dags/tutorial_taskflow_api.py
[2024-09-27T19:36:12.388+0000] {processor.py:766} INFO - DAG(s) dict_keys(['tutorial_taskflow_api']) retrieved from /home/airflow/.local/lib/python3.7/site-packages/airflow/example_dags/tutorial_taskflow_api.py
[2024-09-27T19:36:12.441+0000] {logging_mixin.py:120} INFO - [2024-09-27T19:36:12.441+0000] {dag.py:2585} INFO - Sync 1 DAGs
[2024-09-27T19:36:12.471+0000] {logging_mixin.py:120} INFO - [2024-09-27T19:36:12.471+0000] {dag.py:3340} INFO - Setting next_dagrun for tutorial_taskflow_api to None, run_after=None
[2024-09-27T19:36:12.494+0000] {processor.py:176} INFO - Processing /home/airflow/.local/lib/python3.7/site-packages/airflow/example_dags/tutorial_taskflow_api.py took 0.145 seconds
[2024-09-27T19:36:42.676+0000] {processor.py:154} INFO - Started process (PID=372) to work on /home/airflow/.local/lib/python3.7/site-packages/airflow/example_dags/tutorial_taskflow_api.py
[2024-09-27T19:36:42.679+0000] {processor.py:756} INFO - Processing file /home/airflow/.local/lib/python3.7/site-packages/airflow/example_dags/tutorial_taskflow_api.py for tasks to queue
[2024-09-27T19:36:42.681+0000] {logging_mixin.py:120} INFO - [2024-09-27T19:36:42.680+0000] {dagbag.py:537} INFO - Filling up the DagBag from /home/airflow/.local/lib/python3.7/site-packages/airflow/example_dags/tutorial_taskflow_api.py
[2024-09-27T19:36:42.711+0000] {processor.py:766} INFO - DAG(s) dict_keys(['tutorial_taskflow_api']) retrieved from /home/airflow/.local/lib/python3.7/site-packages/airflow/example_dags/tutorial_taskflow_api.py
[2024-09-27T19:36:42.766+0000] {logging_mixin.py:120} INFO - [2024-09-27T19:36:42.765+0000] {dag.py:2585} INFO - Sync 1 DAGs
[2024-09-27T19:36:42.795+0000] {logging_mixin.py:120} INFO - [2024-09-27T19:36:42.795+0000] {dag.py:3340} INFO - Setting next_dagrun for tutorial_taskflow_api to None, run_after=None
[2024-09-27T19:36:42.819+0000] {processor.py:176} INFO - Processing /home/airflow/.local/lib/python3.7/site-packages/airflow/example_dags/tutorial_taskflow_api.py took 0.147 seconds
[2024-09-27T19:37:13.226+0000] {processor.py:154} INFO - Started process (PID=438) to work on /home/airflow/.local/lib/python3.7/site-packages/airflow/example_dags/tutorial_taskflow_api.py
[2024-09-27T19:37:13.228+0000] {processor.py:756} INFO - Processing file /home/airflow/.local/lib/python3.7/site-packages/airflow/example_dags/tutorial_taskflow_api.py for tasks to queue
[2024-09-27T19:37:13.229+0000] {logging_mixin.py:120} INFO - [2024-09-27T19:37:13.229+0000] {dagbag.py:537} INFO - Filling up the DagBag from /home/airflow/.local/lib/python3.7/site-packages/airflow/example_dags/tutorial_taskflow_api.py
[2024-09-27T19:37:13.252+0000] {processor.py:766} INFO - DAG(s) dict_keys(['tutorial_taskflow_api']) retrieved from /home/airflow/.local/lib/python3.7/site-packages/airflow/example_dags/tutorial_taskflow_api.py
[2024-09-27T19:37:13.308+0000] {logging_mixin.py:120} INFO - [2024-09-27T19:37:13.308+0000] {dag.py:2585} INFO - Sync 1 DAGs
[2024-09-27T19:37:13.337+0000] {logging_mixin.py:120} INFO - [2024-09-27T19:37:13.337+0000] {dag.py:3340} INFO - Setting next_dagrun for tutorial_taskflow_api to None, run_after=None
[2024-09-27T19:37:13.362+0000] {processor.py:176} INFO - Processing /home/airflow/.local/lib/python3.7/site-packages/airflow/example_dags/tutorial_taskflow_api.py took 0.140 seconds
[2024-09-27T19:37:43.560+0000] {processor.py:154} INFO - Started process (PID=496) to work on /home/airflow/.local/lib/python3.7/site-packages/airflow/example_dags/tutorial_taskflow_api.py
[2024-09-27T19:37:43.563+0000] {processor.py:756} INFO - Processing file /home/airflow/.local/lib/python3.7/site-packages/airflow/example_dags/tutorial_taskflow_api.py for tasks to queue
[2024-09-27T19:37:43.564+0000] {logging_mixin.py:120} INFO - [2024-09-27T19:37:43.564+0000] {dagbag.py:537} INFO - Filling up the DagBag from /home/airflow/.local/lib/python3.7/site-packages/airflow/example_dags/tutorial_taskflow_api.py
[2024-09-27T19:37:43.596+0000] {processor.py:766} INFO - DAG(s) dict_keys(['tutorial_taskflow_api']) retrieved from /home/airflow/.local/lib/python3.7/site-packages/airflow/example_dags/tutorial_taskflow_api.py
[2024-09-27T19:37:43.657+0000] {logging_mixin.py:120} INFO - [2024-09-27T19:37:43.657+0000] {dag.py:2585} INFO - Sync 1 DAGs
[2024-09-27T19:37:43.695+0000] {logging_mixin.py:120} INFO - [2024-09-27T19:37:43.695+0000] {dag.py:3340} INFO - Setting next_dagrun for tutorial_taskflow_api to None, run_after=None
[2024-09-27T19:37:43.723+0000] {processor.py:176} INFO - Processing /home/airflow/.local/lib/python3.7/site-packages/airflow/example_dags/tutorial_taskflow_api.py took 0.168 seconds
[2024-09-27T19:38:13.920+0000] {processor.py:154} INFO - Started process (PID=563) to work on /home/airflow/.local/lib/python3.7/site-packages/airflow/example_dags/tutorial_taskflow_api.py
[2024-09-27T19:38:13.923+0000] {processor.py:756} INFO - Processing file /home/airflow/.local/lib/python3.7/site-packages/airflow/example_dags/tutorial_taskflow_api.py for tasks to queue
[2024-09-27T19:38:13.924+0000] {logging_mixin.py:120} INFO - [2024-09-27T19:38:13.924+0000] {dagbag.py:537} INFO - Filling up the DagBag from /home/airflow/.local/lib/python3.7/site-packages/airflow/example_dags/tutorial_taskflow_api.py
[2024-09-27T19:38:13.951+0000] {processor.py:766} INFO - DAG(s) dict_keys(['tutorial_taskflow_api']) retrieved from /home/airflow/.local/lib/python3.7/site-packages/airflow/example_dags/tutorial_taskflow_api.py
[2024-09-27T19:38:14.004+0000] {logging_mixin.py:120} INFO - [2024-09-27T19:38:14.003+0000] {dag.py:2585} INFO - Sync 1 DAGs
[2024-09-27T19:38:14.035+0000] {logging_mixin.py:120} INFO - [2024-09-27T19:38:14.035+0000] {dag.py:3340} INFO - Setting next_dagrun for tutorial_taskflow_api to None, run_after=None
[2024-09-27T19:38:14.059+0000] {processor.py:176} INFO - Processing /home/airflow/.local/lib/python3.7/site-packages/airflow/example_dags/tutorial_taskflow_api.py took 0.143 seconds
[2024-09-27T19:38:44.384+0000] {processor.py:154} INFO - Started process (PID=630) to work on /home/airflow/.local/lib/python3.7/site-packages/airflow/example_dags/tutorial_taskflow_api.py
[2024-09-27T19:38:44.389+0000] {processor.py:756} INFO - Processing file /home/airflow/.local/lib/python3.7/site-packages/airflow/example_dags/tutorial_taskflow_api.py for tasks to queue
[2024-09-27T19:38:44.390+0000] {logging_mixin.py:120} INFO - [2024-09-27T19:38:44.390+0000] {dagbag.py:537} INFO - Filling up the DagBag from /home/airflow/.local/lib/python3.7/site-packages/airflow/example_dags/tutorial_taskflow_api.py
[2024-09-27T19:38:44.427+0000] {processor.py:766} INFO - DAG(s) dict_keys(['tutorial_taskflow_api']) retrieved from /home/airflow/.local/lib/python3.7/site-packages/airflow/example_dags/tutorial_taskflow_api.py
[2024-09-27T19:38:44.495+0000] {logging_mixin.py:120} INFO - [2024-09-27T19:38:44.494+0000] {dag.py:2585} INFO - Sync 1 DAGs
[2024-09-27T19:38:44.545+0000] {logging_mixin.py:120} INFO - [2024-09-27T19:38:44.545+0000] {dag.py:3340} INFO - Setting next_dagrun for tutorial_taskflow_api to None, run_after=None
[2024-09-27T19:38:44.587+0000] {processor.py:176} INFO - Processing /home/airflow/.local/lib/python3.7/site-packages/airflow/example_dags/tutorial_taskflow_api.py took 0.215 seconds
[2024-09-27T19:39:14.804+0000] {processor.py:154} INFO - Started process (PID=687) to work on /home/airflow/.local/lib/python3.7/site-packages/airflow/example_dags/tutorial_taskflow_api.py
[2024-09-27T19:39:14.807+0000] {processor.py:756} INFO - Processing file /home/airflow/.local/lib/python3.7/site-packages/airflow/example_dags/tutorial_taskflow_api.py for tasks to queue
[2024-09-27T19:39:14.808+0000] {logging_mixin.py:120} INFO - [2024-09-27T19:39:14.808+0000] {dagbag.py:537} INFO - Filling up the DagBag from /home/airflow/.local/lib/python3.7/site-packages/airflow/example_dags/tutorial_taskflow_api.py
[2024-09-27T19:39:14.838+0000] {processor.py:766} INFO - DAG(s) dict_keys(['tutorial_taskflow_api']) retrieved from /home/airflow/.local/lib/python3.7/site-packages/airflow/example_dags/tutorial_taskflow_api.py
[2024-09-27T19:39:14.887+0000] {logging_mixin.py:120} INFO - [2024-09-27T19:39:14.887+0000] {dag.py:2585} INFO - Sync 1 DAGs
[2024-09-27T19:39:14.920+0000] {logging_mixin.py:120} INFO - [2024-09-27T19:39:14.919+0000] {dag.py:3340} INFO - Setting next_dagrun for tutorial_taskflow_api to None, run_after=None
[2024-09-27T19:39:14.942+0000] {processor.py:176} INFO - Processing /home/airflow/.local/lib/python3.7/site-packages/airflow/example_dags/tutorial_taskflow_api.py took 0.143 seconds
[2024-09-27T19:39:45.085+0000] {processor.py:154} INFO - Started process (PID=755) to work on /home/airflow/.local/lib/python3.7/site-packages/airflow/example_dags/tutorial_taskflow_api.py
[2024-09-27T19:39:45.087+0000] {processor.py:756} INFO - Processing file /home/airflow/.local/lib/python3.7/site-packages/airflow/example_dags/tutorial_taskflow_api.py for tasks to queue
[2024-09-27T19:39:45.088+0000] {logging_mixin.py:120} INFO - [2024-09-27T19:39:45.088+0000] {dagbag.py:537} INFO - Filling up the DagBag from /home/airflow/.local/lib/python3.7/site-packages/airflow/example_dags/tutorial_taskflow_api.py
[2024-09-27T19:39:45.118+0000] {processor.py:766} INFO - DAG(s) dict_keys(['tutorial_taskflow_api']) retrieved from /home/airflow/.local/lib/python3.7/site-packages/airflow/example_dags/tutorial_taskflow_api.py
[2024-09-27T19:39:45.168+0000] {logging_mixin.py:120} INFO - [2024-09-27T19:39:45.168+0000] {dag.py:2585} INFO - Sync 1 DAGs
[2024-09-27T19:39:45.199+0000] {logging_mixin.py:120} INFO - [2024-09-27T19:39:45.199+0000] {dag.py:3340} INFO - Setting next_dagrun for tutorial_taskflow_api to None, run_after=None
[2024-09-27T19:39:45.224+0000] {processor.py:176} INFO - Processing /home/airflow/.local/lib/python3.7/site-packages/airflow/example_dags/tutorial_taskflow_api.py took 0.142 seconds
[2024-09-27T19:40:15.681+0000] {processor.py:154} INFO - Started process (PID=813) to work on /home/airflow/.local/lib/python3.7/site-packages/airflow/example_dags/tutorial_taskflow_api.py
[2024-09-27T19:40:15.684+0000] {processor.py:756} INFO - Processing file /home/airflow/.local/lib/python3.7/site-packages/airflow/example_dags/tutorial_taskflow_api.py for tasks to queue
[2024-09-27T19:40:15.685+0000] {logging_mixin.py:120} INFO - [2024-09-27T19:40:15.685+0000] {dagbag.py:537} INFO - Filling up the DagBag from /home/airflow/.local/lib/python3.7/site-packages/airflow/example_dags/tutorial_taskflow_api.py
[2024-09-27T19:40:15.715+0000] {processor.py:766} INFO - DAG(s) dict_keys(['tutorial_taskflow_api']) retrieved from /home/airflow/.local/lib/python3.7/site-packages/airflow/example_dags/tutorial_taskflow_api.py
[2024-09-27T19:40:15.781+0000] {logging_mixin.py:120} INFO - [2024-09-27T19:40:15.781+0000] {dag.py:2585} INFO - Sync 1 DAGs
[2024-09-27T19:40:15.818+0000] {logging_mixin.py:120} INFO - [2024-09-27T19:40:15.817+0000] {dag.py:3340} INFO - Setting next_dagrun for tutorial_taskflow_api to None, run_after=None
[2024-09-27T19:40:15.847+0000] {processor.py:176} INFO - Processing /home/airflow/.local/lib/python3.7/site-packages/airflow/example_dags/tutorial_taskflow_api.py took 0.170 seconds
[2024-09-27T19:40:46.219+0000] {processor.py:154} INFO - Started process (PID=880) to work on /home/airflow/.local/lib/python3.7/site-packages/airflow/example_dags/tutorial_taskflow_api.py
[2024-09-27T19:40:46.221+0000] {processor.py:756} INFO - Processing file /home/airflow/.local/lib/python3.7/site-packages/airflow/example_dags/tutorial_taskflow_api.py for tasks to queue
[2024-09-27T19:40:46.222+0000] {logging_mixin.py:120} INFO - [2024-09-27T19:40:46.222+0000] {dagbag.py:537} INFO - Filling up the DagBag from /home/airflow/.local/lib/python3.7/site-packages/airflow/example_dags/tutorial_taskflow_api.py
[2024-09-27T19:40:46.253+0000] {processor.py:766} INFO - DAG(s) dict_keys(['tutorial_taskflow_api']) retrieved from /home/airflow/.local/lib/python3.7/site-packages/airflow/example_dags/tutorial_taskflow_api.py
[2024-09-27T19:40:46.325+0000] {logging_mixin.py:120} INFO - [2024-09-27T19:40:46.325+0000] {dag.py:2585} INFO - Sync 1 DAGs
[2024-09-27T19:40:46.367+0000] {logging_mixin.py:120} INFO - [2024-09-27T19:40:46.367+0000] {dag.py:3340} INFO - Setting next_dagrun for tutorial_taskflow_api to None, run_after=None
[2024-09-27T19:40:46.401+0000] {processor.py:176} INFO - Processing /home/airflow/.local/lib/python3.7/site-packages/airflow/example_dags/tutorial_taskflow_api.py took 0.186 seconds
[2024-09-27T19:41:17.021+0000] {processor.py:154} INFO - Started process (PID=947) to work on /home/airflow/.local/lib/python3.7/site-packages/airflow/example_dags/tutorial_taskflow_api.py
[2024-09-27T19:41:17.023+0000] {processor.py:756} INFO - Processing file /home/airflow/.local/lib/python3.7/site-packages/airflow/example_dags/tutorial_taskflow_api.py for tasks to queue
[2024-09-27T19:41:17.024+0000] {logging_mixin.py:120} INFO - [2024-09-27T19:41:17.024+0000] {dagbag.py:537} INFO - Filling up the DagBag from /home/airflow/.local/lib/python3.7/site-packages/airflow/example_dags/tutorial_taskflow_api.py
[2024-09-27T19:41:17.055+0000] {processor.py:766} INFO - DAG(s) dict_keys(['tutorial_taskflow_api']) retrieved from /home/airflow/.local/lib/python3.7/site-packages/airflow/example_dags/tutorial_taskflow_api.py
[2024-09-27T19:41:17.117+0000] {logging_mixin.py:120} INFO - [2024-09-27T19:41:17.117+0000] {dag.py:2585} INFO - Sync 1 DAGs
[2024-09-27T19:41:17.154+0000] {logging_mixin.py:120} INFO - [2024-09-27T19:41:17.154+0000] {dag.py:3340} INFO - Setting next_dagrun for tutorial_taskflow_api to None, run_after=None
[2024-09-27T19:41:17.182+0000] {processor.py:176} INFO - Processing /home/airflow/.local/lib/python3.7/site-packages/airflow/example_dags/tutorial_taskflow_api.py took 0.165 seconds
[2024-09-27T19:41:47.799+0000] {processor.py:154} INFO - Started process (PID=1005) to work on /home/airflow/.local/lib/python3.7/site-packages/airflow/example_dags/tutorial_taskflow_api.py
[2024-09-27T19:41:47.802+0000] {processor.py:756} INFO - Processing file /home/airflow/.local/lib/python3.7/site-packages/airflow/example_dags/tutorial_taskflow_api.py for tasks to queue
[2024-09-27T19:41:47.804+0000] {logging_mixin.py:120} INFO - [2024-09-27T19:41:47.804+0000] {dagbag.py:537} INFO - Filling up the DagBag from /home/airflow/.local/lib/python3.7/site-packages/airflow/example_dags/tutorial_taskflow_api.py
[2024-09-27T19:41:47.835+0000] {processor.py:766} INFO - DAG(s) dict_keys(['tutorial_taskflow_api']) retrieved from /home/airflow/.local/lib/python3.7/site-packages/airflow/example_dags/tutorial_taskflow_api.py
[2024-09-27T19:41:47.899+0000] {logging_mixin.py:120} INFO - [2024-09-27T19:41:47.899+0000] {dag.py:2585} INFO - Sync 1 DAGs
[2024-09-27T19:41:47.934+0000] {logging_mixin.py:120} INFO - [2024-09-27T19:41:47.934+0000] {dag.py:3340} INFO - Setting next_dagrun for tutorial_taskflow_api to None, run_after=None
[2024-09-27T19:41:47.963+0000] {processor.py:176} INFO - Processing /home/airflow/.local/lib/python3.7/site-packages/airflow/example_dags/tutorial_taskflow_api.py took 0.170 seconds
[2024-09-27T19:42:18.574+0000] {processor.py:154} INFO - Started process (PID=1072) to work on /home/airflow/.local/lib/python3.7/site-packages/airflow/example_dags/tutorial_taskflow_api.py
[2024-09-27T19:42:18.575+0000] {processor.py:756} INFO - Processing file /home/airflow/.local/lib/python3.7/site-packages/airflow/example_dags/tutorial_taskflow_api.py for tasks to queue
[2024-09-27T19:42:18.576+0000] {logging_mixin.py:120} INFO - [2024-09-27T19:42:18.576+0000] {dagbag.py:537} INFO - Filling up the DagBag from /home/airflow/.local/lib/python3.7/site-packages/airflow/example_dags/tutorial_taskflow_api.py
[2024-09-27T19:42:18.604+0000] {processor.py:766} INFO - DAG(s) dict_keys(['tutorial_taskflow_api']) retrieved from /home/airflow/.local/lib/python3.7/site-packages/airflow/example_dags/tutorial_taskflow_api.py
[2024-09-27T19:42:18.661+0000] {logging_mixin.py:120} INFO - [2024-09-27T19:42:18.661+0000] {dag.py:2585} INFO - Sync 1 DAGs
[2024-09-27T19:42:18.698+0000] {logging_mixin.py:120} INFO - [2024-09-27T19:42:18.698+0000] {dag.py:3340} INFO - Setting next_dagrun for tutorial_taskflow_api to None, run_after=None
[2024-09-27T19:42:18.731+0000] {processor.py:176} INFO - Processing /home/airflow/.local/lib/python3.7/site-packages/airflow/example_dags/tutorial_taskflow_api.py took 0.162 seconds
[2024-09-27T19:42:49.005+0000] {processor.py:154} INFO - Started process (PID=1139) to work on /home/airflow/.local/lib/python3.7/site-packages/airflow/example_dags/tutorial_taskflow_api.py
[2024-09-27T19:42:49.008+0000] {processor.py:756} INFO - Processing file /home/airflow/.local/lib/python3.7/site-packages/airflow/example_dags/tutorial_taskflow_api.py for tasks to queue
[2024-09-27T19:42:49.009+0000] {logging_mixin.py:120} INFO - [2024-09-27T19:42:49.009+0000] {dagbag.py:537} INFO - Filling up the DagBag from /home/airflow/.local/lib/python3.7/site-packages/airflow/example_dags/tutorial_taskflow_api.py
[2024-09-27T19:42:49.040+0000] {processor.py:766} INFO - DAG(s) dict_keys(['tutorial_taskflow_api']) retrieved from /home/airflow/.local/lib/python3.7/site-packages/airflow/example_dags/tutorial_taskflow_api.py
[2024-09-27T19:42:49.102+0000] {logging_mixin.py:120} INFO - [2024-09-27T19:42:49.102+0000] {dag.py:2585} INFO - Sync 1 DAGs
[2024-09-27T19:42:49.138+0000] {logging_mixin.py:120} INFO - [2024-09-27T19:42:49.138+0000] {dag.py:3340} INFO - Setting next_dagrun for tutorial_taskflow_api to None, run_after=None
[2024-09-27T19:42:49.168+0000] {processor.py:176} INFO - Processing /home/airflow/.local/lib/python3.7/site-packages/airflow/example_dags/tutorial_taskflow_api.py took 0.167 seconds
[2024-09-27T19:43:19.377+0000] {processor.py:154} INFO - Started process (PID=1197) to work on /home/airflow/.local/lib/python3.7/site-packages/airflow/example_dags/tutorial_taskflow_api.py
[2024-09-27T19:43:19.379+0000] {processor.py:756} INFO - Processing file /home/airflow/.local/lib/python3.7/site-packages/airflow/example_dags/tutorial_taskflow_api.py for tasks to queue
[2024-09-27T19:43:19.380+0000] {logging_mixin.py:120} INFO - [2024-09-27T19:43:19.380+0000] {dagbag.py:537} INFO - Filling up the DagBag from /home/airflow/.local/lib/python3.7/site-packages/airflow/example_dags/tutorial_taskflow_api.py
[2024-09-27T19:43:19.410+0000] {processor.py:766} INFO - DAG(s) dict_keys(['tutorial_taskflow_api']) retrieved from /home/airflow/.local/lib/python3.7/site-packages/airflow/example_dags/tutorial_taskflow_api.py
[2024-09-27T19:43:19.465+0000] {logging_mixin.py:120} INFO - [2024-09-27T19:43:19.465+0000] {dag.py:2585} INFO - Sync 1 DAGs
[2024-09-27T19:43:19.500+0000] {logging_mixin.py:120} INFO - [2024-09-27T19:43:19.500+0000] {dag.py:3340} INFO - Setting next_dagrun for tutorial_taskflow_api to None, run_after=None
[2024-09-27T19:43:19.524+0000] {processor.py:176} INFO - Processing /home/airflow/.local/lib/python3.7/site-packages/airflow/example_dags/tutorial_taskflow_api.py took 0.151 seconds
[2024-09-27T19:43:49.670+0000] {processor.py:154} INFO - Started process (PID=1264) to work on /home/airflow/.local/lib/python3.7/site-packages/airflow/example_dags/tutorial_taskflow_api.py
[2024-09-27T19:43:49.673+0000] {processor.py:756} INFO - Processing file /home/airflow/.local/lib/python3.7/site-packages/airflow/example_dags/tutorial_taskflow_api.py for tasks to queue
[2024-09-27T19:43:49.674+0000] {logging_mixin.py:120} INFO - [2024-09-27T19:43:49.674+0000] {dagbag.py:537} INFO - Filling up the DagBag from /home/airflow/.local/lib/python3.7/site-packages/airflow/example_dags/tutorial_taskflow_api.py
[2024-09-27T19:43:49.700+0000] {processor.py:766} INFO - DAG(s) dict_keys(['tutorial_taskflow_api']) retrieved from /home/airflow/.local/lib/python3.7/site-packages/airflow/example_dags/tutorial_taskflow_api.py
[2024-09-27T19:43:49.753+0000] {logging_mixin.py:120} INFO - [2024-09-27T19:43:49.753+0000] {dag.py:2585} INFO - Sync 1 DAGs
[2024-09-27T19:43:49.783+0000] {logging_mixin.py:120} INFO - [2024-09-27T19:43:49.783+0000] {dag.py:3340} INFO - Setting next_dagrun for tutorial_taskflow_api to None, run_after=None
[2024-09-27T19:43:49.808+0000] {processor.py:176} INFO - Processing /home/airflow/.local/lib/python3.7/site-packages/airflow/example_dags/tutorial_taskflow_api.py took 0.142 seconds
[2024-09-27T19:44:20.110+0000] {processor.py:154} INFO - Started process (PID=1332) to work on /home/airflow/.local/lib/python3.7/site-packages/airflow/example_dags/tutorial_taskflow_api.py
[2024-09-27T19:44:20.112+0000] {processor.py:756} INFO - Processing file /home/airflow/.local/lib/python3.7/site-packages/airflow/example_dags/tutorial_taskflow_api.py for tasks to queue
[2024-09-27T19:44:20.114+0000] {logging_mixin.py:120} INFO - [2024-09-27T19:44:20.113+0000] {dagbag.py:537} INFO - Filling up the DagBag from /home/airflow/.local/lib/python3.7/site-packages/airflow/example_dags/tutorial_taskflow_api.py
[2024-09-27T19:44:20.143+0000] {processor.py:766} INFO - DAG(s) dict_keys(['tutorial_taskflow_api']) retrieved from /home/airflow/.local/lib/python3.7/site-packages/airflow/example_dags/tutorial_taskflow_api.py
[2024-09-27T19:44:20.195+0000] {logging_mixin.py:120} INFO - [2024-09-27T19:44:20.194+0000] {dag.py:2585} INFO - Sync 1 DAGs
[2024-09-27T19:44:20.224+0000] {logging_mixin.py:120} INFO - [2024-09-27T19:44:20.224+0000] {dag.py:3340} INFO - Setting next_dagrun for tutorial_taskflow_api to None, run_after=None
[2024-09-27T19:44:20.245+0000] {processor.py:176} INFO - Processing /home/airflow/.local/lib/python3.7/site-packages/airflow/example_dags/tutorial_taskflow_api.py took 0.140 seconds
[2024-09-27T19:44:50.482+0000] {processor.py:154} INFO - Started process (PID=1390) to work on /home/airflow/.local/lib/python3.7/site-packages/airflow/example_dags/tutorial_taskflow_api.py
[2024-09-27T19:44:50.484+0000] {processor.py:756} INFO - Processing file /home/airflow/.local/lib/python3.7/site-packages/airflow/example_dags/tutorial_taskflow_api.py for tasks to queue
[2024-09-27T19:44:50.485+0000] {logging_mixin.py:120} INFO - [2024-09-27T19:44:50.484+0000] {dagbag.py:537} INFO - Filling up the DagBag from /home/airflow/.local/lib/python3.7/site-packages/airflow/example_dags/tutorial_taskflow_api.py
[2024-09-27T19:44:50.512+0000] {processor.py:766} INFO - DAG(s) dict_keys(['tutorial_taskflow_api']) retrieved from /home/airflow/.local/lib/python3.7/site-packages/airflow/example_dags/tutorial_taskflow_api.py
[2024-09-27T19:44:50.564+0000] {logging_mixin.py:120} INFO - [2024-09-27T19:44:50.564+0000] {dag.py:2585} INFO - Sync 1 DAGs
[2024-09-27T19:44:50.593+0000] {logging_mixin.py:120} INFO - [2024-09-27T19:44:50.593+0000] {dag.py:3340} INFO - Setting next_dagrun for tutorial_taskflow_api to None, run_after=None
[2024-09-27T19:44:50.619+0000] {processor.py:176} INFO - Processing /home/airflow/.local/lib/python3.7/site-packages/airflow/example_dags/tutorial_taskflow_api.py took 0.141 seconds
[2024-09-27T19:45:20.875+0000] {processor.py:154} INFO - Started process (PID=1458) to work on /home/airflow/.local/lib/python3.7/site-packages/airflow/example_dags/tutorial_taskflow_api.py
[2024-09-27T19:45:20.877+0000] {processor.py:756} INFO - Processing file /home/airflow/.local/lib/python3.7/site-packages/airflow/example_dags/tutorial_taskflow_api.py for tasks to queue
[2024-09-27T19:45:20.878+0000] {logging_mixin.py:120} INFO - [2024-09-27T19:45:20.877+0000] {dagbag.py:537} INFO - Filling up the DagBag from /home/airflow/.local/lib/python3.7/site-packages/airflow/example_dags/tutorial_taskflow_api.py
[2024-09-27T19:45:20.902+0000] {processor.py:766} INFO - DAG(s) dict_keys(['tutorial_taskflow_api']) retrieved from /home/airflow/.local/lib/python3.7/site-packages/airflow/example_dags/tutorial_taskflow_api.py
[2024-09-27T19:45:20.952+0000] {logging_mixin.py:120} INFO - [2024-09-27T19:45:20.952+0000] {dag.py:2585} INFO - Sync 1 DAGs
[2024-09-27T19:45:20.983+0000] {logging_mixin.py:120} INFO - [2024-09-27T19:45:20.983+0000] {dag.py:3340} INFO - Setting next_dagrun for tutorial_taskflow_api to None, run_after=None
[2024-09-27T19:45:21.006+0000] {processor.py:176} INFO - Processing /home/airflow/.local/lib/python3.7/site-packages/airflow/example_dags/tutorial_taskflow_api.py took 0.135 seconds
[2024-09-27T19:45:51.201+0000] {processor.py:154} INFO - Started process (PID=1526) to work on /home/airflow/.local/lib/python3.7/site-packages/airflow/example_dags/tutorial_taskflow_api.py
[2024-09-27T19:45:51.203+0000] {processor.py:756} INFO - Processing file /home/airflow/.local/lib/python3.7/site-packages/airflow/example_dags/tutorial_taskflow_api.py for tasks to queue
[2024-09-27T19:45:51.204+0000] {logging_mixin.py:120} INFO - [2024-09-27T19:45:51.204+0000] {dagbag.py:537} INFO - Filling up the DagBag from /home/airflow/.local/lib/python3.7/site-packages/airflow/example_dags/tutorial_taskflow_api.py
[2024-09-27T19:45:51.232+0000] {processor.py:766} INFO - DAG(s) dict_keys(['tutorial_taskflow_api']) retrieved from /home/airflow/.local/lib/python3.7/site-packages/airflow/example_dags/tutorial_taskflow_api.py
[2024-09-27T19:45:51.282+0000] {logging_mixin.py:120} INFO - [2024-09-27T19:45:51.282+0000] {dag.py:2585} INFO - Sync 1 DAGs
[2024-09-27T19:45:51.312+0000] {logging_mixin.py:120} INFO - [2024-09-27T19:45:51.312+0000] {dag.py:3340} INFO - Setting next_dagrun for tutorial_taskflow_api to None, run_after=None
[2024-09-27T19:45:51.334+0000] {processor.py:176} INFO - Processing /home/airflow/.local/lib/python3.7/site-packages/airflow/example_dags/tutorial_taskflow_api.py took 0.138 seconds
[2024-09-27T19:46:21.711+0000] {processor.py:154} INFO - Started process (PID=1585) to work on /home/airflow/.local/lib/python3.7/site-packages/airflow/example_dags/tutorial_taskflow_api.py
[2024-09-27T19:46:21.712+0000] {processor.py:756} INFO - Processing file /home/airflow/.local/lib/python3.7/site-packages/airflow/example_dags/tutorial_taskflow_api.py for tasks to queue
[2024-09-27T19:46:21.713+0000] {logging_mixin.py:120} INFO - [2024-09-27T19:46:21.713+0000] {dagbag.py:537} INFO - Filling up the DagBag from /home/airflow/.local/lib/python3.7/site-packages/airflow/example_dags/tutorial_taskflow_api.py
[2024-09-27T19:46:21.734+0000] {processor.py:766} INFO - DAG(s) dict_keys(['tutorial_taskflow_api']) retrieved from /home/airflow/.local/lib/python3.7/site-packages/airflow/example_dags/tutorial_taskflow_api.py
[2024-09-27T19:46:21.781+0000] {logging_mixin.py:120} INFO - [2024-09-27T19:46:21.781+0000] {dag.py:2585} INFO - Sync 1 DAGs
[2024-09-27T19:46:21.815+0000] {logging_mixin.py:120} INFO - [2024-09-27T19:46:21.815+0000] {dag.py:3340} INFO - Setting next_dagrun for tutorial_taskflow_api to None, run_after=None
[2024-09-27T19:46:21.839+0000] {processor.py:176} INFO - Processing /home/airflow/.local/lib/python3.7/site-packages/airflow/example_dags/tutorial_taskflow_api.py took 0.132 seconds
[2024-09-27T19:46:51.990+0000] {processor.py:154} INFO - Started process (PID=1653) to work on /home/airflow/.local/lib/python3.7/site-packages/airflow/example_dags/tutorial_taskflow_api.py
[2024-09-27T19:46:51.991+0000] {processor.py:756} INFO - Processing file /home/airflow/.local/lib/python3.7/site-packages/airflow/example_dags/tutorial_taskflow_api.py for tasks to queue
[2024-09-27T19:46:51.992+0000] {logging_mixin.py:120} INFO - [2024-09-27T19:46:51.992+0000] {dagbag.py:537} INFO - Filling up the DagBag from /home/airflow/.local/lib/python3.7/site-packages/airflow/example_dags/tutorial_taskflow_api.py
[2024-09-27T19:46:52.017+0000] {processor.py:766} INFO - DAG(s) dict_keys(['tutorial_taskflow_api']) retrieved from /home/airflow/.local/lib/python3.7/site-packages/airflow/example_dags/tutorial_taskflow_api.py
[2024-09-27T19:46:52.067+0000] {logging_mixin.py:120} INFO - [2024-09-27T19:46:52.067+0000] {dag.py:2585} INFO - Sync 1 DAGs
[2024-09-27T19:46:52.096+0000] {logging_mixin.py:120} INFO - [2024-09-27T19:46:52.096+0000] {dag.py:3340} INFO - Setting next_dagrun for tutorial_taskflow_api to None, run_after=None
[2024-09-27T19:46:52.123+0000] {processor.py:176} INFO - Processing /home/airflow/.local/lib/python3.7/site-packages/airflow/example_dags/tutorial_taskflow_api.py took 0.137 seconds
[2024-09-27T19:47:22.253+0000] {processor.py:154} INFO - Started process (PID=1720) to work on /home/airflow/.local/lib/python3.7/site-packages/airflow/example_dags/tutorial_taskflow_api.py
[2024-09-27T19:47:22.255+0000] {processor.py:756} INFO - Processing file /home/airflow/.local/lib/python3.7/site-packages/airflow/example_dags/tutorial_taskflow_api.py for tasks to queue
[2024-09-27T19:47:22.256+0000] {logging_mixin.py:120} INFO - [2024-09-27T19:47:22.256+0000] {dagbag.py:537} INFO - Filling up the DagBag from /home/airflow/.local/lib/python3.7/site-packages/airflow/example_dags/tutorial_taskflow_api.py
[2024-09-27T19:47:22.283+0000] {processor.py:766} INFO - DAG(s) dict_keys(['tutorial_taskflow_api']) retrieved from /home/airflow/.local/lib/python3.7/site-packages/airflow/example_dags/tutorial_taskflow_api.py
[2024-09-27T19:47:22.332+0000] {logging_mixin.py:120} INFO - [2024-09-27T19:47:22.332+0000] {dag.py:2585} INFO - Sync 1 DAGs
[2024-09-27T19:47:22.366+0000] {logging_mixin.py:120} INFO - [2024-09-27T19:47:22.366+0000] {dag.py:3340} INFO - Setting next_dagrun for tutorial_taskflow_api to None, run_after=None
[2024-09-27T19:47:22.394+0000] {processor.py:176} INFO - Processing /home/airflow/.local/lib/python3.7/site-packages/airflow/example_dags/tutorial_taskflow_api.py took 0.146 seconds
[2024-09-27T19:47:52.622+0000] {processor.py:154} INFO - Started process (PID=1780) to work on /home/airflow/.local/lib/python3.7/site-packages/airflow/example_dags/tutorial_taskflow_api.py
[2024-09-27T19:47:52.624+0000] {processor.py:756} INFO - Processing file /home/airflow/.local/lib/python3.7/site-packages/airflow/example_dags/tutorial_taskflow_api.py for tasks to queue
[2024-09-27T19:47:52.625+0000] {logging_mixin.py:120} INFO - [2024-09-27T19:47:52.625+0000] {dagbag.py:537} INFO - Filling up the DagBag from /home/airflow/.local/lib/python3.7/site-packages/airflow/example_dags/tutorial_taskflow_api.py
[2024-09-27T19:47:52.654+0000] {processor.py:766} INFO - DAG(s) dict_keys(['tutorial_taskflow_api']) retrieved from /home/airflow/.local/lib/python3.7/site-packages/airflow/example_dags/tutorial_taskflow_api.py
[2024-09-27T19:47:52.707+0000] {logging_mixin.py:120} INFO - [2024-09-27T19:47:52.706+0000] {dag.py:2585} INFO - Sync 1 DAGs
[2024-09-27T19:47:52.735+0000] {logging_mixin.py:120} INFO - [2024-09-27T19:47:52.735+0000] {dag.py:3340} INFO - Setting next_dagrun for tutorial_taskflow_api to None, run_after=None
[2024-09-27T19:47:52.757+0000] {processor.py:176} INFO - Processing /home/airflow/.local/lib/python3.7/site-packages/airflow/example_dags/tutorial_taskflow_api.py took 0.139 seconds
[2024-09-27T19:48:22.846+0000] {processor.py:154} INFO - Started process (PID=1848) to work on /home/airflow/.local/lib/python3.7/site-packages/airflow/example_dags/tutorial_taskflow_api.py
[2024-09-27T19:48:22.848+0000] {processor.py:756} INFO - Processing file /home/airflow/.local/lib/python3.7/site-packages/airflow/example_dags/tutorial_taskflow_api.py for tasks to queue
[2024-09-27T19:48:22.850+0000] {logging_mixin.py:120} INFO - [2024-09-27T19:48:22.849+0000] {dagbag.py:537} INFO - Filling up the DagBag from /home/airflow/.local/lib/python3.7/site-packages/airflow/example_dags/tutorial_taskflow_api.py
[2024-09-27T19:48:22.878+0000] {processor.py:766} INFO - DAG(s) dict_keys(['tutorial_taskflow_api']) retrieved from /home/airflow/.local/lib/python3.7/site-packages/airflow/example_dags/tutorial_taskflow_api.py
[2024-09-27T19:48:22.930+0000] {logging_mixin.py:120} INFO - [2024-09-27T19:48:22.930+0000] {dag.py:2585} INFO - Sync 1 DAGs
[2024-09-27T19:48:22.962+0000] {logging_mixin.py:120} INFO - [2024-09-27T19:48:22.961+0000] {dag.py:3340} INFO - Setting next_dagrun for tutorial_taskflow_api to None, run_after=None
[2024-09-27T19:48:22.985+0000] {processor.py:176} INFO - Processing /home/airflow/.local/lib/python3.7/site-packages/airflow/example_dags/tutorial_taskflow_api.py took 0.143 seconds
[2024-09-27T19:48:53.176+0000] {processor.py:154} INFO - Started process (PID=1916) to work on /home/airflow/.local/lib/python3.7/site-packages/airflow/example_dags/tutorial_taskflow_api.py
[2024-09-27T19:48:53.178+0000] {processor.py:756} INFO - Processing file /home/airflow/.local/lib/python3.7/site-packages/airflow/example_dags/tutorial_taskflow_api.py for tasks to queue
[2024-09-27T19:48:53.179+0000] {logging_mixin.py:120} INFO - [2024-09-27T19:48:53.179+0000] {dagbag.py:537} INFO - Filling up the DagBag from /home/airflow/.local/lib/python3.7/site-packages/airflow/example_dags/tutorial_taskflow_api.py
[2024-09-27T19:48:53.207+0000] {processor.py:766} INFO - DAG(s) dict_keys(['tutorial_taskflow_api']) retrieved from /home/airflow/.local/lib/python3.7/site-packages/airflow/example_dags/tutorial_taskflow_api.py
[2024-09-27T19:48:53.258+0000] {logging_mixin.py:120} INFO - [2024-09-27T19:48:53.258+0000] {dag.py:2585} INFO - Sync 1 DAGs
[2024-09-27T19:48:53.287+0000] {logging_mixin.py:120} INFO - [2024-09-27T19:48:53.287+0000] {dag.py:3340} INFO - Setting next_dagrun for tutorial_taskflow_api to None, run_after=None
[2024-09-27T19:48:53.312+0000] {processor.py:176} INFO - Processing /home/airflow/.local/lib/python3.7/site-packages/airflow/example_dags/tutorial_taskflow_api.py took 0.141 seconds
[2024-09-27T19:49:23.489+0000] {processor.py:154} INFO - Started process (PID=1984) to work on /home/airflow/.local/lib/python3.7/site-packages/airflow/example_dags/tutorial_taskflow_api.py
[2024-09-27T19:49:23.491+0000] {processor.py:756} INFO - Processing file /home/airflow/.local/lib/python3.7/site-packages/airflow/example_dags/tutorial_taskflow_api.py for tasks to queue
[2024-09-27T19:49:23.491+0000] {logging_mixin.py:120} INFO - [2024-09-27T19:49:23.491+0000] {dagbag.py:537} INFO - Filling up the DagBag from /home/airflow/.local/lib/python3.7/site-packages/airflow/example_dags/tutorial_taskflow_api.py
[2024-09-27T19:49:23.515+0000] {processor.py:766} INFO - DAG(s) dict_keys(['tutorial_taskflow_api']) retrieved from /home/airflow/.local/lib/python3.7/site-packages/airflow/example_dags/tutorial_taskflow_api.py
[2024-09-27T19:49:23.561+0000] {logging_mixin.py:120} INFO - [2024-09-27T19:49:23.561+0000] {dag.py:2585} INFO - Sync 1 DAGs
[2024-09-27T19:49:23.593+0000] {logging_mixin.py:120} INFO - [2024-09-27T19:49:23.593+0000] {dag.py:3340} INFO - Setting next_dagrun for tutorial_taskflow_api to None, run_after=None
[2024-09-27T19:49:23.619+0000] {processor.py:176} INFO - Processing /home/airflow/.local/lib/python3.7/site-packages/airflow/example_dags/tutorial_taskflow_api.py took 0.134 seconds
[2024-09-27T19:49:54.134+0000] {processor.py:154} INFO - Started process (PID=2042) to work on /home/airflow/.local/lib/python3.7/site-packages/airflow/example_dags/tutorial_taskflow_api.py
[2024-09-27T19:49:54.136+0000] {processor.py:756} INFO - Processing file /home/airflow/.local/lib/python3.7/site-packages/airflow/example_dags/tutorial_taskflow_api.py for tasks to queue
[2024-09-27T19:49:54.137+0000] {logging_mixin.py:120} INFO - [2024-09-27T19:49:54.137+0000] {dagbag.py:537} INFO - Filling up the DagBag from /home/airflow/.local/lib/python3.7/site-packages/airflow/example_dags/tutorial_taskflow_api.py
[2024-09-27T19:49:54.166+0000] {processor.py:766} INFO - DAG(s) dict_keys(['tutorial_taskflow_api']) retrieved from /home/airflow/.local/lib/python3.7/site-packages/airflow/example_dags/tutorial_taskflow_api.py
[2024-09-27T19:49:54.226+0000] {logging_mixin.py:120} INFO - [2024-09-27T19:49:54.225+0000] {dag.py:2585} INFO - Sync 1 DAGs
[2024-09-27T19:49:54.258+0000] {logging_mixin.py:120} INFO - [2024-09-27T19:49:54.258+0000] {dag.py:3340} INFO - Setting next_dagrun for tutorial_taskflow_api to None, run_after=None
[2024-09-27T19:49:54.284+0000] {processor.py:176} INFO - Processing /home/airflow/.local/lib/python3.7/site-packages/airflow/example_dags/tutorial_taskflow_api.py took 0.155 seconds
[2024-09-27T19:50:26.968+0000] {processor.py:154} INFO - Started process (PID=2109) to work on /home/airflow/.local/lib/python3.7/site-packages/airflow/example_dags/tutorial_taskflow_api.py
[2024-09-27T19:50:26.973+0000] {processor.py:756} INFO - Processing file /home/airflow/.local/lib/python3.7/site-packages/airflow/example_dags/tutorial_taskflow_api.py for tasks to queue
[2024-09-27T19:50:26.977+0000] {logging_mixin.py:120} INFO - [2024-09-27T19:50:26.976+0000] {dagbag.py:537} INFO - Filling up the DagBag from /home/airflow/.local/lib/python3.7/site-packages/airflow/example_dags/tutorial_taskflow_api.py
[2024-09-27T19:50:27.051+0000] {processor.py:766} INFO - DAG(s) dict_keys(['tutorial_taskflow_api']) retrieved from /home/airflow/.local/lib/python3.7/site-packages/airflow/example_dags/tutorial_taskflow_api.py
[2024-09-27T19:50:27.577+0000] {logging_mixin.py:120} INFO - [2024-09-27T19:50:27.577+0000] {dag.py:2585} INFO - Sync 1 DAGs
[2024-09-27T19:50:27.844+0000] {logging_mixin.py:120} INFO - [2024-09-27T19:50:27.843+0000] {dag.py:3340} INFO - Setting next_dagrun for tutorial_taskflow_api to None, run_after=None
[2024-09-27T19:50:27.990+0000] {processor.py:176} INFO - Processing /home/airflow/.local/lib/python3.7/site-packages/airflow/example_dags/tutorial_taskflow_api.py took 1.034 seconds
[2024-09-27T20:42:54.881+0000] {processor.py:154} INFO - Started process (PID=2151) to work on /home/airflow/.local/lib/python3.7/site-packages/airflow/example_dags/tutorial_taskflow_api.py
[2024-09-27T20:42:54.886+0000] {processor.py:756} INFO - Processing file /home/airflow/.local/lib/python3.7/site-packages/airflow/example_dags/tutorial_taskflow_api.py for tasks to queue
[2024-09-27T20:42:54.889+0000] {logging_mixin.py:120} INFO - [2024-09-27T20:42:54.888+0000] {dagbag.py:537} INFO - Filling up the DagBag from /home/airflow/.local/lib/python3.7/site-packages/airflow/example_dags/tutorial_taskflow_api.py
[2024-09-27T20:42:54.953+0000] {processor.py:766} INFO - DAG(s) dict_keys(['tutorial_taskflow_api']) retrieved from /home/airflow/.local/lib/python3.7/site-packages/airflow/example_dags/tutorial_taskflow_api.py
[2024-09-27T20:42:55.086+0000] {logging_mixin.py:120} INFO - [2024-09-27T20:42:55.086+0000] {dag.py:2585} INFO - Sync 1 DAGs
[2024-09-27T20:42:55.163+0000] {logging_mixin.py:120} INFO - [2024-09-27T20:42:55.163+0000] {dag.py:3340} INFO - Setting next_dagrun for tutorial_taskflow_api to None, run_after=None
[2024-09-27T20:42:55.225+0000] {processor.py:176} INFO - Processing /home/airflow/.local/lib/python3.7/site-packages/airflow/example_dags/tutorial_taskflow_api.py took 0.354 seconds
[2024-09-27T20:43:25.403+0000] {processor.py:154} INFO - Started process (PID=2208) to work on /home/airflow/.local/lib/python3.7/site-packages/airflow/example_dags/tutorial_taskflow_api.py
[2024-09-27T20:43:25.405+0000] {processor.py:756} INFO - Processing file /home/airflow/.local/lib/python3.7/site-packages/airflow/example_dags/tutorial_taskflow_api.py for tasks to queue
[2024-09-27T20:43:25.407+0000] {logging_mixin.py:120} INFO - [2024-09-27T20:43:25.407+0000] {dagbag.py:537} INFO - Filling up the DagBag from /home/airflow/.local/lib/python3.7/site-packages/airflow/example_dags/tutorial_taskflow_api.py
[2024-09-27T20:43:25.445+0000] {processor.py:766} INFO - DAG(s) dict_keys(['tutorial_taskflow_api']) retrieved from /home/airflow/.local/lib/python3.7/site-packages/airflow/example_dags/tutorial_taskflow_api.py
[2024-09-27T20:43:25.515+0000] {logging_mixin.py:120} INFO - [2024-09-27T20:43:25.514+0000] {dag.py:2585} INFO - Sync 1 DAGs
[2024-09-27T20:43:25.559+0000] {logging_mixin.py:120} INFO - [2024-09-27T20:43:25.559+0000] {dag.py:3340} INFO - Setting next_dagrun for tutorial_taskflow_api to None, run_after=None
[2024-09-27T20:43:25.593+0000] {processor.py:176} INFO - Processing /home/airflow/.local/lib/python3.7/site-packages/airflow/example_dags/tutorial_taskflow_api.py took 0.195 seconds
[2024-09-27T20:43:56.466+0000] {processor.py:154} INFO - Started process (PID=2267) to work on /home/airflow/.local/lib/python3.7/site-packages/airflow/example_dags/tutorial_taskflow_api.py
[2024-09-27T20:43:56.467+0000] {processor.py:756} INFO - Processing file /home/airflow/.local/lib/python3.7/site-packages/airflow/example_dags/tutorial_taskflow_api.py for tasks to queue
[2024-09-27T20:43:56.468+0000] {logging_mixin.py:120} INFO - [2024-09-27T20:43:56.468+0000] {dagbag.py:537} INFO - Filling up the DagBag from /home/airflow/.local/lib/python3.7/site-packages/airflow/example_dags/tutorial_taskflow_api.py
[2024-09-27T20:43:56.492+0000] {processor.py:766} INFO - DAG(s) dict_keys(['tutorial_taskflow_api']) retrieved from /home/airflow/.local/lib/python3.7/site-packages/airflow/example_dags/tutorial_taskflow_api.py
[2024-09-27T20:43:56.539+0000] {logging_mixin.py:120} INFO - [2024-09-27T20:43:56.539+0000] {dag.py:2585} INFO - Sync 1 DAGs
[2024-09-27T20:43:56.570+0000] {logging_mixin.py:120} INFO - [2024-09-27T20:43:56.569+0000] {dag.py:3340} INFO - Setting next_dagrun for tutorial_taskflow_api to None, run_after=None
[2024-09-27T20:43:56.590+0000] {processor.py:176} INFO - Processing /home/airflow/.local/lib/python3.7/site-packages/airflow/example_dags/tutorial_taskflow_api.py took 0.128 seconds
[2024-09-27T20:44:26.743+0000] {processor.py:154} INFO - Started process (PID=2334) to work on /home/airflow/.local/lib/python3.7/site-packages/airflow/example_dags/tutorial_taskflow_api.py
[2024-09-27T20:44:26.746+0000] {processor.py:756} INFO - Processing file /home/airflow/.local/lib/python3.7/site-packages/airflow/example_dags/tutorial_taskflow_api.py for tasks to queue
[2024-09-27T20:44:26.747+0000] {logging_mixin.py:120} INFO - [2024-09-27T20:44:26.746+0000] {dagbag.py:537} INFO - Filling up the DagBag from /home/airflow/.local/lib/python3.7/site-packages/airflow/example_dags/tutorial_taskflow_api.py
[2024-09-27T20:44:26.772+0000] {processor.py:766} INFO - DAG(s) dict_keys(['tutorial_taskflow_api']) retrieved from /home/airflow/.local/lib/python3.7/site-packages/airflow/example_dags/tutorial_taskflow_api.py
[2024-09-27T20:44:26.822+0000] {logging_mixin.py:120} INFO - [2024-09-27T20:44:26.822+0000] {dag.py:2585} INFO - Sync 1 DAGs
[2024-09-27T20:44:26.852+0000] {logging_mixin.py:120} INFO - [2024-09-27T20:44:26.852+0000] {dag.py:3340} INFO - Setting next_dagrun for tutorial_taskflow_api to None, run_after=None
[2024-09-27T20:44:26.875+0000] {processor.py:176} INFO - Processing /home/airflow/.local/lib/python3.7/site-packages/airflow/example_dags/tutorial_taskflow_api.py took 0.136 seconds
[2024-09-27T20:45:29.775+0000] {processor.py:154} INFO - Started process (PID=2383) to work on /home/airflow/.local/lib/python3.7/site-packages/airflow/example_dags/tutorial_taskflow_api.py
[2024-09-27T20:45:29.812+0000] {processor.py:756} INFO - Processing file /home/airflow/.local/lib/python3.7/site-packages/airflow/example_dags/tutorial_taskflow_api.py for tasks to queue
[2024-09-27T20:45:29.902+0000] {logging_mixin.py:120} INFO - [2024-09-27T20:45:29.873+0000] {dagbag.py:537} INFO - Filling up the DagBag from /home/airflow/.local/lib/python3.7/site-packages/airflow/example_dags/tutorial_taskflow_api.py
[2024-09-27T20:45:30.518+0000] {processor.py:766} INFO - DAG(s) dict_keys(['tutorial_taskflow_api']) retrieved from /home/airflow/.local/lib/python3.7/site-packages/airflow/example_dags/tutorial_taskflow_api.py
[2024-09-27T20:45:31.089+0000] {logging_mixin.py:120} INFO - [2024-09-27T20:45:31.088+0000] {dag.py:2585} INFO - Sync 1 DAGs
[2024-09-27T20:45:31.240+0000] {logging_mixin.py:120} INFO - [2024-09-27T20:45:31.240+0000] {dag.py:3340} INFO - Setting next_dagrun for tutorial_taskflow_api to None, run_after=None
[2024-09-27T20:45:31.422+0000] {processor.py:176} INFO - Processing /home/airflow/.local/lib/python3.7/site-packages/airflow/example_dags/tutorial_taskflow_api.py took 1.658 seconds
[2024-09-27T20:46:01.882+0000] {processor.py:154} INFO - Started process (PID=2440) to work on /home/airflow/.local/lib/python3.7/site-packages/airflow/example_dags/tutorial_taskflow_api.py
[2024-09-27T20:46:01.885+0000] {processor.py:756} INFO - Processing file /home/airflow/.local/lib/python3.7/site-packages/airflow/example_dags/tutorial_taskflow_api.py for tasks to queue
[2024-09-27T20:46:01.886+0000] {logging_mixin.py:120} INFO - [2024-09-27T20:46:01.886+0000] {dagbag.py:537} INFO - Filling up the DagBag from /home/airflow/.local/lib/python3.7/site-packages/airflow/example_dags/tutorial_taskflow_api.py
[2024-09-27T20:46:01.906+0000] {processor.py:766} INFO - DAG(s) dict_keys(['tutorial_taskflow_api']) retrieved from /home/airflow/.local/lib/python3.7/site-packages/airflow/example_dags/tutorial_taskflow_api.py
[2024-09-27T20:46:01.953+0000] {logging_mixin.py:120} INFO - [2024-09-27T20:46:01.952+0000] {dag.py:2585} INFO - Sync 1 DAGs
[2024-09-27T20:46:01.984+0000] {logging_mixin.py:120} INFO - [2024-09-27T20:46:01.984+0000] {dag.py:3340} INFO - Setting next_dagrun for tutorial_taskflow_api to None, run_after=None
[2024-09-27T20:46:02.006+0000] {processor.py:176} INFO - Processing /home/airflow/.local/lib/python3.7/site-packages/airflow/example_dags/tutorial_taskflow_api.py took 0.127 seconds
[2024-09-27T20:46:32.061+0000] {processor.py:154} INFO - Started process (PID=2509) to work on /home/airflow/.local/lib/python3.7/site-packages/airflow/example_dags/tutorial_taskflow_api.py
[2024-09-27T20:46:32.063+0000] {processor.py:756} INFO - Processing file /home/airflow/.local/lib/python3.7/site-packages/airflow/example_dags/tutorial_taskflow_api.py for tasks to queue
[2024-09-27T20:46:32.065+0000] {logging_mixin.py:120} INFO - [2024-09-27T20:46:32.065+0000] {dagbag.py:537} INFO - Filling up the DagBag from /home/airflow/.local/lib/python3.7/site-packages/airflow/example_dags/tutorial_taskflow_api.py
[2024-09-27T20:46:32.094+0000] {processor.py:766} INFO - DAG(s) dict_keys(['tutorial_taskflow_api']) retrieved from /home/airflow/.local/lib/python3.7/site-packages/airflow/example_dags/tutorial_taskflow_api.py
[2024-09-27T20:46:32.143+0000] {logging_mixin.py:120} INFO - [2024-09-27T20:46:32.143+0000] {dag.py:2585} INFO - Sync 1 DAGs
[2024-09-27T20:46:32.172+0000] {logging_mixin.py:120} INFO - [2024-09-27T20:46:32.172+0000] {dag.py:3340} INFO - Setting next_dagrun for tutorial_taskflow_api to None, run_after=None
[2024-09-27T20:46:32.195+0000] {processor.py:176} INFO - Processing /home/airflow/.local/lib/python3.7/site-packages/airflow/example_dags/tutorial_taskflow_api.py took 0.139 seconds
[2024-09-27T20:47:02.380+0000] {processor.py:154} INFO - Started process (PID=2568) to work on /home/airflow/.local/lib/python3.7/site-packages/airflow/example_dags/tutorial_taskflow_api.py
[2024-09-27T20:47:02.382+0000] {processor.py:756} INFO - Processing file /home/airflow/.local/lib/python3.7/site-packages/airflow/example_dags/tutorial_taskflow_api.py for tasks to queue
[2024-09-27T20:47:02.383+0000] {logging_mixin.py:120} INFO - [2024-09-27T20:47:02.383+0000] {dagbag.py:537} INFO - Filling up the DagBag from /home/airflow/.local/lib/python3.7/site-packages/airflow/example_dags/tutorial_taskflow_api.py
[2024-09-27T20:47:02.411+0000] {processor.py:766} INFO - DAG(s) dict_keys(['tutorial_taskflow_api']) retrieved from /home/airflow/.local/lib/python3.7/site-packages/airflow/example_dags/tutorial_taskflow_api.py
[2024-09-27T20:47:02.462+0000] {logging_mixin.py:120} INFO - [2024-09-27T20:47:02.462+0000] {dag.py:2585} INFO - Sync 1 DAGs
[2024-09-27T20:47:02.492+0000] {logging_mixin.py:120} INFO - [2024-09-27T20:47:02.492+0000] {dag.py:3340} INFO - Setting next_dagrun for tutorial_taskflow_api to None, run_after=None
[2024-09-27T20:47:02.515+0000] {processor.py:176} INFO - Processing /home/airflow/.local/lib/python3.7/site-packages/airflow/example_dags/tutorial_taskflow_api.py took 0.139 seconds
[2024-09-27T20:47:32.922+0000] {processor.py:154} INFO - Started process (PID=2636) to work on /home/airflow/.local/lib/python3.7/site-packages/airflow/example_dags/tutorial_taskflow_api.py
[2024-09-27T20:47:32.924+0000] {processor.py:756} INFO - Processing file /home/airflow/.local/lib/python3.7/site-packages/airflow/example_dags/tutorial_taskflow_api.py for tasks to queue
[2024-09-27T20:47:32.925+0000] {logging_mixin.py:120} INFO - [2024-09-27T20:47:32.925+0000] {dagbag.py:537} INFO - Filling up the DagBag from /home/airflow/.local/lib/python3.7/site-packages/airflow/example_dags/tutorial_taskflow_api.py
[2024-09-27T20:47:32.969+0000] {processor.py:766} INFO - DAG(s) dict_keys(['tutorial_taskflow_api']) retrieved from /home/airflow/.local/lib/python3.7/site-packages/airflow/example_dags/tutorial_taskflow_api.py
[2024-09-27T20:47:33.052+0000] {logging_mixin.py:120} INFO - [2024-09-27T20:47:33.051+0000] {dag.py:2585} INFO - Sync 1 DAGs
[2024-09-27T20:47:33.101+0000] {logging_mixin.py:120} INFO - [2024-09-27T20:47:33.100+0000] {dag.py:3340} INFO - Setting next_dagrun for tutorial_taskflow_api to None, run_after=None
[2024-09-27T20:47:33.141+0000] {processor.py:176} INFO - Processing /home/airflow/.local/lib/python3.7/site-packages/airflow/example_dags/tutorial_taskflow_api.py took 0.225 seconds
[2024-09-27T20:48:03.487+0000] {processor.py:154} INFO - Started process (PID=2704) to work on /home/airflow/.local/lib/python3.7/site-packages/airflow/example_dags/tutorial_taskflow_api.py
[2024-09-27T20:48:03.490+0000] {processor.py:756} INFO - Processing file /home/airflow/.local/lib/python3.7/site-packages/airflow/example_dags/tutorial_taskflow_api.py for tasks to queue
[2024-09-27T20:48:03.491+0000] {logging_mixin.py:120} INFO - [2024-09-27T20:48:03.491+0000] {dagbag.py:537} INFO - Filling up the DagBag from /home/airflow/.local/lib/python3.7/site-packages/airflow/example_dags/tutorial_taskflow_api.py
[2024-09-27T20:48:03.518+0000] {processor.py:766} INFO - DAG(s) dict_keys(['tutorial_taskflow_api']) retrieved from /home/airflow/.local/lib/python3.7/site-packages/airflow/example_dags/tutorial_taskflow_api.py
[2024-09-27T20:48:03.570+0000] {logging_mixin.py:120} INFO - [2024-09-27T20:48:03.570+0000] {dag.py:2585} INFO - Sync 1 DAGs
[2024-09-27T20:48:03.601+0000] {logging_mixin.py:120} INFO - [2024-09-27T20:48:03.601+0000] {dag.py:3340} INFO - Setting next_dagrun for tutorial_taskflow_api to None, run_after=None
[2024-09-27T20:48:03.624+0000] {processor.py:176} INFO - Processing /home/airflow/.local/lib/python3.7/site-packages/airflow/example_dags/tutorial_taskflow_api.py took 0.141 seconds
[2024-09-27T20:48:33.890+0000] {processor.py:154} INFO - Started process (PID=2763) to work on /home/airflow/.local/lib/python3.7/site-packages/airflow/example_dags/tutorial_taskflow_api.py
[2024-09-27T20:48:33.893+0000] {processor.py:756} INFO - Processing file /home/airflow/.local/lib/python3.7/site-packages/airflow/example_dags/tutorial_taskflow_api.py for tasks to queue
[2024-09-27T20:48:33.894+0000] {logging_mixin.py:120} INFO - [2024-09-27T20:48:33.894+0000] {dagbag.py:537} INFO - Filling up the DagBag from /home/airflow/.local/lib/python3.7/site-packages/airflow/example_dags/tutorial_taskflow_api.py
[2024-09-27T20:48:33.927+0000] {processor.py:766} INFO - DAG(s) dict_keys(['tutorial_taskflow_api']) retrieved from /home/airflow/.local/lib/python3.7/site-packages/airflow/example_dags/tutorial_taskflow_api.py
[2024-09-27T20:48:33.982+0000] {logging_mixin.py:120} INFO - [2024-09-27T20:48:33.982+0000] {dag.py:2585} INFO - Sync 1 DAGs
[2024-09-27T20:48:34.018+0000] {logging_mixin.py:120} INFO - [2024-09-27T20:48:34.017+0000] {dag.py:3340} INFO - Setting next_dagrun for tutorial_taskflow_api to None, run_after=None
[2024-09-27T20:48:34.043+0000] {processor.py:176} INFO - Processing /home/airflow/.local/lib/python3.7/site-packages/airflow/example_dags/tutorial_taskflow_api.py took 0.158 seconds
[2024-09-27T20:49:04.347+0000] {processor.py:154} INFO - Started process (PID=2831) to work on /home/airflow/.local/lib/python3.7/site-packages/airflow/example_dags/tutorial_taskflow_api.py
[2024-09-27T20:49:04.351+0000] {processor.py:756} INFO - Processing file /home/airflow/.local/lib/python3.7/site-packages/airflow/example_dags/tutorial_taskflow_api.py for tasks to queue
[2024-09-27T20:49:04.352+0000] {logging_mixin.py:120} INFO - [2024-09-27T20:49:04.352+0000] {dagbag.py:537} INFO - Filling up the DagBag from /home/airflow/.local/lib/python3.7/site-packages/airflow/example_dags/tutorial_taskflow_api.py
[2024-09-27T20:49:04.379+0000] {processor.py:766} INFO - DAG(s) dict_keys(['tutorial_taskflow_api']) retrieved from /home/airflow/.local/lib/python3.7/site-packages/airflow/example_dags/tutorial_taskflow_api.py
[2024-09-27T20:49:04.440+0000] {logging_mixin.py:120} INFO - [2024-09-27T20:49:04.440+0000] {dag.py:2585} INFO - Sync 1 DAGs
[2024-09-27T20:49:04.475+0000] {logging_mixin.py:120} INFO - [2024-09-27T20:49:04.475+0000] {dag.py:3340} INFO - Setting next_dagrun for tutorial_taskflow_api to None, run_after=None
[2024-09-27T20:49:04.499+0000] {processor.py:176} INFO - Processing /home/airflow/.local/lib/python3.7/site-packages/airflow/example_dags/tutorial_taskflow_api.py took 0.156 seconds
[2024-09-27T20:49:34.539+0000] {processor.py:154} INFO - Started process (PID=2899) to work on /home/airflow/.local/lib/python3.7/site-packages/airflow/example_dags/tutorial_taskflow_api.py
[2024-09-27T20:49:34.541+0000] {processor.py:756} INFO - Processing file /home/airflow/.local/lib/python3.7/site-packages/airflow/example_dags/tutorial_taskflow_api.py for tasks to queue
[2024-09-27T20:49:34.542+0000] {logging_mixin.py:120} INFO - [2024-09-27T20:49:34.542+0000] {dagbag.py:537} INFO - Filling up the DagBag from /home/airflow/.local/lib/python3.7/site-packages/airflow/example_dags/tutorial_taskflow_api.py
[2024-09-27T20:49:34.568+0000] {processor.py:766} INFO - DAG(s) dict_keys(['tutorial_taskflow_api']) retrieved from /home/airflow/.local/lib/python3.7/site-packages/airflow/example_dags/tutorial_taskflow_api.py
[2024-09-27T20:49:34.616+0000] {logging_mixin.py:120} INFO - [2024-09-27T20:49:34.616+0000] {dag.py:2585} INFO - Sync 1 DAGs
[2024-09-27T20:49:34.643+0000] {logging_mixin.py:120} INFO - [2024-09-27T20:49:34.643+0000] {dag.py:3340} INFO - Setting next_dagrun for tutorial_taskflow_api to None, run_after=None
[2024-09-27T20:49:34.661+0000] {processor.py:176} INFO - Processing /home/airflow/.local/lib/python3.7/site-packages/airflow/example_dags/tutorial_taskflow_api.py took 0.126 seconds
[2024-09-27T20:50:04.994+0000] {processor.py:154} INFO - Started process (PID=2958) to work on /home/airflow/.local/lib/python3.7/site-packages/airflow/example_dags/tutorial_taskflow_api.py
[2024-09-27T20:50:04.996+0000] {processor.py:756} INFO - Processing file /home/airflow/.local/lib/python3.7/site-packages/airflow/example_dags/tutorial_taskflow_api.py for tasks to queue
[2024-09-27T20:50:04.997+0000] {logging_mixin.py:120} INFO - [2024-09-27T20:50:04.997+0000] {dagbag.py:537} INFO - Filling up the DagBag from /home/airflow/.local/lib/python3.7/site-packages/airflow/example_dags/tutorial_taskflow_api.py
[2024-09-27T20:50:05.028+0000] {processor.py:766} INFO - DAG(s) dict_keys(['tutorial_taskflow_api']) retrieved from /home/airflow/.local/lib/python3.7/site-packages/airflow/example_dags/tutorial_taskflow_api.py
[2024-09-27T20:50:05.086+0000] {logging_mixin.py:120} INFO - [2024-09-27T20:50:05.086+0000] {dag.py:2585} INFO - Sync 1 DAGs
[2024-09-27T20:50:05.124+0000] {logging_mixin.py:120} INFO - [2024-09-27T20:50:05.124+0000] {dag.py:3340} INFO - Setting next_dagrun for tutorial_taskflow_api to None, run_after=None
[2024-09-27T20:50:05.149+0000] {processor.py:176} INFO - Processing /home/airflow/.local/lib/python3.7/site-packages/airflow/example_dags/tutorial_taskflow_api.py took 0.160 seconds
[2024-09-27T20:50:36.015+0000] {processor.py:154} INFO - Started process (PID=3026) to work on /home/airflow/.local/lib/python3.7/site-packages/airflow/example_dags/tutorial_taskflow_api.py
[2024-09-27T20:50:36.017+0000] {processor.py:756} INFO - Processing file /home/airflow/.local/lib/python3.7/site-packages/airflow/example_dags/tutorial_taskflow_api.py for tasks to queue
[2024-09-27T20:50:36.017+0000] {logging_mixin.py:120} INFO - [2024-09-27T20:50:36.017+0000] {dagbag.py:537} INFO - Filling up the DagBag from /home/airflow/.local/lib/python3.7/site-packages/airflow/example_dags/tutorial_taskflow_api.py
[2024-09-27T20:50:36.041+0000] {processor.py:766} INFO - DAG(s) dict_keys(['tutorial_taskflow_api']) retrieved from /home/airflow/.local/lib/python3.7/site-packages/airflow/example_dags/tutorial_taskflow_api.py
[2024-09-27T20:50:36.081+0000] {logging_mixin.py:120} INFO - [2024-09-27T20:50:36.081+0000] {dag.py:2585} INFO - Sync 1 DAGs
[2024-09-27T20:50:36.111+0000] {logging_mixin.py:120} INFO - [2024-09-27T20:50:36.110+0000] {dag.py:3340} INFO - Setting next_dagrun for tutorial_taskflow_api to None, run_after=None
[2024-09-27T20:50:36.133+0000] {processor.py:176} INFO - Processing /home/airflow/.local/lib/python3.7/site-packages/airflow/example_dags/tutorial_taskflow_api.py took 0.121 seconds
[2024-09-27T20:51:06.269+0000] {processor.py:154} INFO - Started process (PID=3094) to work on /home/airflow/.local/lib/python3.7/site-packages/airflow/example_dags/tutorial_taskflow_api.py
[2024-09-27T20:51:06.274+0000] {processor.py:756} INFO - Processing file /home/airflow/.local/lib/python3.7/site-packages/airflow/example_dags/tutorial_taskflow_api.py for tasks to queue
[2024-09-27T20:51:06.278+0000] {logging_mixin.py:120} INFO - [2024-09-27T20:51:06.277+0000] {dagbag.py:537} INFO - Filling up the DagBag from /home/airflow/.local/lib/python3.7/site-packages/airflow/example_dags/tutorial_taskflow_api.py
[2024-09-27T20:51:06.356+0000] {processor.py:766} INFO - DAG(s) dict_keys(['tutorial_taskflow_api']) retrieved from /home/airflow/.local/lib/python3.7/site-packages/airflow/example_dags/tutorial_taskflow_api.py
[2024-09-27T20:51:06.580+0000] {logging_mixin.py:120} INFO - [2024-09-27T20:51:06.579+0000] {dag.py:2585} INFO - Sync 1 DAGs
[2024-09-27T20:51:06.732+0000] {logging_mixin.py:120} INFO - [2024-09-27T20:51:06.732+0000] {dag.py:3340} INFO - Setting next_dagrun for tutorial_taskflow_api to None, run_after=None
[2024-09-27T20:51:06.804+0000] {processor.py:176} INFO - Processing /home/airflow/.local/lib/python3.7/site-packages/airflow/example_dags/tutorial_taskflow_api.py took 0.543 seconds
[2024-09-27T20:51:37.335+0000] {processor.py:154} INFO - Started process (PID=3153) to work on /home/airflow/.local/lib/python3.7/site-packages/airflow/example_dags/tutorial_taskflow_api.py
[2024-09-27T20:51:37.337+0000] {processor.py:756} INFO - Processing file /home/airflow/.local/lib/python3.7/site-packages/airflow/example_dags/tutorial_taskflow_api.py for tasks to queue
[2024-09-27T20:51:37.338+0000] {logging_mixin.py:120} INFO - [2024-09-27T20:51:37.338+0000] {dagbag.py:537} INFO - Filling up the DagBag from /home/airflow/.local/lib/python3.7/site-packages/airflow/example_dags/tutorial_taskflow_api.py
[2024-09-27T20:51:37.363+0000] {processor.py:766} INFO - DAG(s) dict_keys(['tutorial_taskflow_api']) retrieved from /home/airflow/.local/lib/python3.7/site-packages/airflow/example_dags/tutorial_taskflow_api.py
[2024-09-27T20:51:37.412+0000] {logging_mixin.py:120} INFO - [2024-09-27T20:51:37.412+0000] {dag.py:2585} INFO - Sync 1 DAGs
[2024-09-27T20:51:37.441+0000] {logging_mixin.py:120} INFO - [2024-09-27T20:51:37.441+0000] {dag.py:3340} INFO - Setting next_dagrun for tutorial_taskflow_api to None, run_after=None
[2024-09-27T20:51:37.467+0000] {processor.py:176} INFO - Processing /home/airflow/.local/lib/python3.7/site-packages/airflow/example_dags/tutorial_taskflow_api.py took 0.135 seconds
[2024-09-27T20:52:26.655+0000] {processor.py:154} INFO - Started process (PID=3216) to work on /home/airflow/.local/lib/python3.7/site-packages/airflow/example_dags/tutorial_taskflow_api.py
[2024-09-27T20:52:26.658+0000] {processor.py:756} INFO - Processing file /home/airflow/.local/lib/python3.7/site-packages/airflow/example_dags/tutorial_taskflow_api.py for tasks to queue
[2024-09-27T20:52:26.659+0000] {logging_mixin.py:120} INFO - [2024-09-27T20:52:26.658+0000] {dagbag.py:537} INFO - Filling up the DagBag from /home/airflow/.local/lib/python3.7/site-packages/airflow/example_dags/tutorial_taskflow_api.py
[2024-09-27T20:52:26.686+0000] {processor.py:766} INFO - DAG(s) dict_keys(['tutorial_taskflow_api']) retrieved from /home/airflow/.local/lib/python3.7/site-packages/airflow/example_dags/tutorial_taskflow_api.py
[2024-09-27T20:52:26.759+0000] {logging_mixin.py:120} INFO - [2024-09-27T20:52:26.758+0000] {dag.py:2585} INFO - Sync 1 DAGs
[2024-09-27T20:52:26.793+0000] {logging_mixin.py:120} INFO - [2024-09-27T20:52:26.793+0000] {dag.py:3340} INFO - Setting next_dagrun for tutorial_taskflow_api to None, run_after=None
[2024-09-27T20:52:26.818+0000] {processor.py:176} INFO - Processing /home/airflow/.local/lib/python3.7/site-packages/airflow/example_dags/tutorial_taskflow_api.py took 0.168 seconds
[2024-09-27T20:52:56.913+0000] {processor.py:154} INFO - Started process (PID=3282) to work on /home/airflow/.local/lib/python3.7/site-packages/airflow/example_dags/tutorial_taskflow_api.py
[2024-09-27T20:52:56.915+0000] {processor.py:756} INFO - Processing file /home/airflow/.local/lib/python3.7/site-packages/airflow/example_dags/tutorial_taskflow_api.py for tasks to queue
[2024-09-27T20:52:56.917+0000] {logging_mixin.py:120} INFO - [2024-09-27T20:52:56.917+0000] {dagbag.py:537} INFO - Filling up the DagBag from /home/airflow/.local/lib/python3.7/site-packages/airflow/example_dags/tutorial_taskflow_api.py
[2024-09-27T20:52:56.943+0000] {processor.py:766} INFO - DAG(s) dict_keys(['tutorial_taskflow_api']) retrieved from /home/airflow/.local/lib/python3.7/site-packages/airflow/example_dags/tutorial_taskflow_api.py
[2024-09-27T20:52:56.991+0000] {logging_mixin.py:120} INFO - [2024-09-27T20:52:56.991+0000] {dag.py:2585} INFO - Sync 1 DAGs
[2024-09-27T20:52:57.024+0000] {logging_mixin.py:120} INFO - [2024-09-27T20:52:57.024+0000] {dag.py:3340} INFO - Setting next_dagrun for tutorial_taskflow_api to None, run_after=None
[2024-09-27T20:52:57.046+0000] {processor.py:176} INFO - Processing /home/airflow/.local/lib/python3.7/site-packages/airflow/example_dags/tutorial_taskflow_api.py took 0.138 seconds
[2024-09-27T20:59:53.650+0000] {processor.py:154} INFO - Started process (PID=3342) to work on /home/airflow/.local/lib/python3.7/site-packages/airflow/example_dags/tutorial_taskflow_api.py
[2024-09-27T20:59:53.658+0000] {processor.py:756} INFO - Processing file /home/airflow/.local/lib/python3.7/site-packages/airflow/example_dags/tutorial_taskflow_api.py for tasks to queue
[2024-09-27T20:59:53.660+0000] {logging_mixin.py:120} INFO - [2024-09-27T20:59:53.660+0000] {dagbag.py:537} INFO - Filling up the DagBag from /home/airflow/.local/lib/python3.7/site-packages/airflow/example_dags/tutorial_taskflow_api.py
[2024-09-27T20:59:53.729+0000] {processor.py:766} INFO - DAG(s) dict_keys(['tutorial_taskflow_api']) retrieved from /home/airflow/.local/lib/python3.7/site-packages/airflow/example_dags/tutorial_taskflow_api.py
[2024-09-27T20:59:53.915+0000] {logging_mixin.py:120} INFO - [2024-09-27T20:59:53.914+0000] {dag.py:2585} INFO - Sync 1 DAGs
[2024-09-27T20:59:53.997+0000] {logging_mixin.py:120} INFO - [2024-09-27T20:59:53.997+0000] {dag.py:3340} INFO - Setting next_dagrun for tutorial_taskflow_api to None, run_after=None
[2024-09-27T20:59:54.058+0000] {processor.py:176} INFO - Processing /home/airflow/.local/lib/python3.7/site-packages/airflow/example_dags/tutorial_taskflow_api.py took 0.422 seconds
[2024-09-27T21:00:24.296+0000] {processor.py:154} INFO - Started process (PID=3399) to work on /home/airflow/.local/lib/python3.7/site-packages/airflow/example_dags/tutorial_taskflow_api.py
[2024-09-27T21:00:24.298+0000] {processor.py:756} INFO - Processing file /home/airflow/.local/lib/python3.7/site-packages/airflow/example_dags/tutorial_taskflow_api.py for tasks to queue
[2024-09-27T21:00:24.299+0000] {logging_mixin.py:120} INFO - [2024-09-27T21:00:24.299+0000] {dagbag.py:537} INFO - Filling up the DagBag from /home/airflow/.local/lib/python3.7/site-packages/airflow/example_dags/tutorial_taskflow_api.py
[2024-09-27T21:00:24.327+0000] {processor.py:766} INFO - DAG(s) dict_keys(['tutorial_taskflow_api']) retrieved from /home/airflow/.local/lib/python3.7/site-packages/airflow/example_dags/tutorial_taskflow_api.py
[2024-09-27T21:00:24.383+0000] {logging_mixin.py:120} INFO - [2024-09-27T21:00:24.383+0000] {dag.py:2585} INFO - Sync 1 DAGs
[2024-09-27T21:00:24.417+0000] {logging_mixin.py:120} INFO - [2024-09-27T21:00:24.417+0000] {dag.py:3340} INFO - Setting next_dagrun for tutorial_taskflow_api to None, run_after=None
[2024-09-27T21:00:24.443+0000] {processor.py:176} INFO - Processing /home/airflow/.local/lib/python3.7/site-packages/airflow/example_dags/tutorial_taskflow_api.py took 0.151 seconds
[2024-09-27T21:00:54.892+0000] {processor.py:154} INFO - Started process (PID=3467) to work on /home/airflow/.local/lib/python3.7/site-packages/airflow/example_dags/tutorial_taskflow_api.py
[2024-09-27T21:00:54.894+0000] {processor.py:756} INFO - Processing file /home/airflow/.local/lib/python3.7/site-packages/airflow/example_dags/tutorial_taskflow_api.py for tasks to queue
[2024-09-27T21:00:54.896+0000] {logging_mixin.py:120} INFO - [2024-09-27T21:00:54.895+0000] {dagbag.py:537} INFO - Filling up the DagBag from /home/airflow/.local/lib/python3.7/site-packages/airflow/example_dags/tutorial_taskflow_api.py
[2024-09-27T21:00:54.924+0000] {processor.py:766} INFO - DAG(s) dict_keys(['tutorial_taskflow_api']) retrieved from /home/airflow/.local/lib/python3.7/site-packages/airflow/example_dags/tutorial_taskflow_api.py
[2024-09-27T21:00:54.976+0000] {logging_mixin.py:120} INFO - [2024-09-27T21:00:54.976+0000] {dag.py:2585} INFO - Sync 1 DAGs
[2024-09-27T21:00:55.007+0000] {logging_mixin.py:120} INFO - [2024-09-27T21:00:55.006+0000] {dag.py:3340} INFO - Setting next_dagrun for tutorial_taskflow_api to None, run_after=None
[2024-09-27T21:00:55.032+0000] {processor.py:176} INFO - Processing /home/airflow/.local/lib/python3.7/site-packages/airflow/example_dags/tutorial_taskflow_api.py took 0.144 seconds
[2024-09-27T21:01:25.071+0000] {processor.py:154} INFO - Started process (PID=3526) to work on /home/airflow/.local/lib/python3.7/site-packages/airflow/example_dags/tutorial_taskflow_api.py
[2024-09-27T21:01:25.073+0000] {processor.py:756} INFO - Processing file /home/airflow/.local/lib/python3.7/site-packages/airflow/example_dags/tutorial_taskflow_api.py for tasks to queue
[2024-09-27T21:01:25.074+0000] {logging_mixin.py:120} INFO - [2024-09-27T21:01:25.074+0000] {dagbag.py:537} INFO - Filling up the DagBag from /home/airflow/.local/lib/python3.7/site-packages/airflow/example_dags/tutorial_taskflow_api.py
[2024-09-27T21:01:25.101+0000] {processor.py:766} INFO - DAG(s) dict_keys(['tutorial_taskflow_api']) retrieved from /home/airflow/.local/lib/python3.7/site-packages/airflow/example_dags/tutorial_taskflow_api.py
[2024-09-27T21:01:25.154+0000] {logging_mixin.py:120} INFO - [2024-09-27T21:01:25.154+0000] {dag.py:2585} INFO - Sync 1 DAGs
[2024-09-27T21:01:25.187+0000] {logging_mixin.py:120} INFO - [2024-09-27T21:01:25.187+0000] {dag.py:3340} INFO - Setting next_dagrun for tutorial_taskflow_api to None, run_after=None
[2024-09-27T21:01:25.215+0000] {processor.py:176} INFO - Processing /home/airflow/.local/lib/python3.7/site-packages/airflow/example_dags/tutorial_taskflow_api.py took 0.149 seconds
[2024-09-27T21:01:55.279+0000] {processor.py:154} INFO - Started process (PID=3594) to work on /home/airflow/.local/lib/python3.7/site-packages/airflow/example_dags/tutorial_taskflow_api.py
[2024-09-27T21:01:55.281+0000] {processor.py:756} INFO - Processing file /home/airflow/.local/lib/python3.7/site-packages/airflow/example_dags/tutorial_taskflow_api.py for tasks to queue
[2024-09-27T21:01:55.283+0000] {logging_mixin.py:120} INFO - [2024-09-27T21:01:55.283+0000] {dagbag.py:537} INFO - Filling up the DagBag from /home/airflow/.local/lib/python3.7/site-packages/airflow/example_dags/tutorial_taskflow_api.py
[2024-09-27T21:01:55.308+0000] {processor.py:766} INFO - DAG(s) dict_keys(['tutorial_taskflow_api']) retrieved from /home/airflow/.local/lib/python3.7/site-packages/airflow/example_dags/tutorial_taskflow_api.py
[2024-09-27T21:01:55.361+0000] {logging_mixin.py:120} INFO - [2024-09-27T21:01:55.360+0000] {dag.py:2585} INFO - Sync 1 DAGs
[2024-09-27T21:01:55.394+0000] {logging_mixin.py:120} INFO - [2024-09-27T21:01:55.394+0000] {dag.py:3340} INFO - Setting next_dagrun for tutorial_taskflow_api to None, run_after=None
[2024-09-27T21:01:55.418+0000] {processor.py:176} INFO - Processing /home/airflow/.local/lib/python3.7/site-packages/airflow/example_dags/tutorial_taskflow_api.py took 0.142 seconds
[2024-09-27T21:02:26.228+0000] {processor.py:154} INFO - Started process (PID=3662) to work on /home/airflow/.local/lib/python3.7/site-packages/airflow/example_dags/tutorial_taskflow_api.py
[2024-09-27T21:02:26.229+0000] {processor.py:756} INFO - Processing file /home/airflow/.local/lib/python3.7/site-packages/airflow/example_dags/tutorial_taskflow_api.py for tasks to queue
[2024-09-27T21:02:26.230+0000] {logging_mixin.py:120} INFO - [2024-09-27T21:02:26.230+0000] {dagbag.py:537} INFO - Filling up the DagBag from /home/airflow/.local/lib/python3.7/site-packages/airflow/example_dags/tutorial_taskflow_api.py
[2024-09-27T21:02:26.254+0000] {processor.py:766} INFO - DAG(s) dict_keys(['tutorial_taskflow_api']) retrieved from /home/airflow/.local/lib/python3.7/site-packages/airflow/example_dags/tutorial_taskflow_api.py
[2024-09-27T21:02:26.304+0000] {logging_mixin.py:120} INFO - [2024-09-27T21:02:26.303+0000] {dag.py:2585} INFO - Sync 1 DAGs
[2024-09-27T21:02:26.334+0000] {logging_mixin.py:120} INFO - [2024-09-27T21:02:26.334+0000] {dag.py:3340} INFO - Setting next_dagrun for tutorial_taskflow_api to None, run_after=None
[2024-09-27T21:02:26.361+0000] {processor.py:176} INFO - Processing /home/airflow/.local/lib/python3.7/site-packages/airflow/example_dags/tutorial_taskflow_api.py took 0.137 seconds
[2024-09-27T21:02:57.041+0000] {processor.py:154} INFO - Started process (PID=3730) to work on /home/airflow/.local/lib/python3.7/site-packages/airflow/example_dags/tutorial_taskflow_api.py
[2024-09-27T21:02:57.043+0000] {processor.py:756} INFO - Processing file /home/airflow/.local/lib/python3.7/site-packages/airflow/example_dags/tutorial_taskflow_api.py for tasks to queue
[2024-09-27T21:02:57.044+0000] {logging_mixin.py:120} INFO - [2024-09-27T21:02:57.044+0000] {dagbag.py:537} INFO - Filling up the DagBag from /home/airflow/.local/lib/python3.7/site-packages/airflow/example_dags/tutorial_taskflow_api.py
[2024-09-27T21:02:57.069+0000] {processor.py:766} INFO - DAG(s) dict_keys(['tutorial_taskflow_api']) retrieved from /home/airflow/.local/lib/python3.7/site-packages/airflow/example_dags/tutorial_taskflow_api.py
[2024-09-27T21:02:57.119+0000] {logging_mixin.py:120} INFO - [2024-09-27T21:02:57.119+0000] {dag.py:2585} INFO - Sync 1 DAGs
[2024-09-27T21:02:57.151+0000] {logging_mixin.py:120} INFO - [2024-09-27T21:02:57.150+0000] {dag.py:3340} INFO - Setting next_dagrun for tutorial_taskflow_api to None, run_after=None
[2024-09-27T21:02:57.178+0000] {processor.py:176} INFO - Processing /home/airflow/.local/lib/python3.7/site-packages/airflow/example_dags/tutorial_taskflow_api.py took 0.140 seconds
[2024-09-27T21:03:27.704+0000] {processor.py:154} INFO - Started process (PID=3789) to work on /home/airflow/.local/lib/python3.7/site-packages/airflow/example_dags/tutorial_taskflow_api.py
[2024-09-27T21:03:27.705+0000] {processor.py:756} INFO - Processing file /home/airflow/.local/lib/python3.7/site-packages/airflow/example_dags/tutorial_taskflow_api.py for tasks to queue
[2024-09-27T21:03:27.706+0000] {logging_mixin.py:120} INFO - [2024-09-27T21:03:27.706+0000] {dagbag.py:537} INFO - Filling up the DagBag from /home/airflow/.local/lib/python3.7/site-packages/airflow/example_dags/tutorial_taskflow_api.py
[2024-09-27T21:03:27.730+0000] {processor.py:766} INFO - DAG(s) dict_keys(['tutorial_taskflow_api']) retrieved from /home/airflow/.local/lib/python3.7/site-packages/airflow/example_dags/tutorial_taskflow_api.py
[2024-09-27T21:03:27.781+0000] {logging_mixin.py:120} INFO - [2024-09-27T21:03:27.781+0000] {dag.py:2585} INFO - Sync 1 DAGs
[2024-09-27T21:03:27.809+0000] {logging_mixin.py:120} INFO - [2024-09-27T21:03:27.809+0000] {dag.py:3340} INFO - Setting next_dagrun for tutorial_taskflow_api to None, run_after=None
[2024-09-27T21:03:27.831+0000] {processor.py:176} INFO - Processing /home/airflow/.local/lib/python3.7/site-packages/airflow/example_dags/tutorial_taskflow_api.py took 0.131 seconds
[2024-09-27T21:03:58.218+0000] {processor.py:154} INFO - Started process (PID=3857) to work on /home/airflow/.local/lib/python3.7/site-packages/airflow/example_dags/tutorial_taskflow_api.py
[2024-09-27T21:03:58.220+0000] {processor.py:756} INFO - Processing file /home/airflow/.local/lib/python3.7/site-packages/airflow/example_dags/tutorial_taskflow_api.py for tasks to queue
[2024-09-27T21:03:58.221+0000] {logging_mixin.py:120} INFO - [2024-09-27T21:03:58.221+0000] {dagbag.py:537} INFO - Filling up the DagBag from /home/airflow/.local/lib/python3.7/site-packages/airflow/example_dags/tutorial_taskflow_api.py
[2024-09-27T21:03:58.246+0000] {processor.py:766} INFO - DAG(s) dict_keys(['tutorial_taskflow_api']) retrieved from /home/airflow/.local/lib/python3.7/site-packages/airflow/example_dags/tutorial_taskflow_api.py
[2024-09-27T21:03:58.295+0000] {logging_mixin.py:120} INFO - [2024-09-27T21:03:58.295+0000] {dag.py:2585} INFO - Sync 1 DAGs
[2024-09-27T21:03:58.325+0000] {logging_mixin.py:120} INFO - [2024-09-27T21:03:58.325+0000] {dag.py:3340} INFO - Setting next_dagrun for tutorial_taskflow_api to None, run_after=None
[2024-09-27T21:03:58.350+0000] {processor.py:176} INFO - Processing /home/airflow/.local/lib/python3.7/site-packages/airflow/example_dags/tutorial_taskflow_api.py took 0.135 seconds
[2024-09-27T21:04:28.776+0000] {processor.py:154} INFO - Started process (PID=3925) to work on /home/airflow/.local/lib/python3.7/site-packages/airflow/example_dags/tutorial_taskflow_api.py
[2024-09-27T21:04:28.778+0000] {processor.py:756} INFO - Processing file /home/airflow/.local/lib/python3.7/site-packages/airflow/example_dags/tutorial_taskflow_api.py for tasks to queue
[2024-09-27T21:04:28.779+0000] {logging_mixin.py:120} INFO - [2024-09-27T21:04:28.779+0000] {dagbag.py:537} INFO - Filling up the DagBag from /home/airflow/.local/lib/python3.7/site-packages/airflow/example_dags/tutorial_taskflow_api.py
[2024-09-27T21:04:28.805+0000] {processor.py:766} INFO - DAG(s) dict_keys(['tutorial_taskflow_api']) retrieved from /home/airflow/.local/lib/python3.7/site-packages/airflow/example_dags/tutorial_taskflow_api.py
[2024-09-27T21:04:28.856+0000] {logging_mixin.py:120} INFO - [2024-09-27T21:04:28.856+0000] {dag.py:2585} INFO - Sync 1 DAGs
[2024-09-27T21:04:28.884+0000] {logging_mixin.py:120} INFO - [2024-09-27T21:04:28.884+0000] {dag.py:3340} INFO - Setting next_dagrun for tutorial_taskflow_api to None, run_after=None
[2024-09-27T21:04:28.907+0000] {processor.py:176} INFO - Processing /home/airflow/.local/lib/python3.7/site-packages/airflow/example_dags/tutorial_taskflow_api.py took 0.136 seconds
[2024-09-27T21:04:59.697+0000] {processor.py:154} INFO - Started process (PID=3984) to work on /home/airflow/.local/lib/python3.7/site-packages/airflow/example_dags/tutorial_taskflow_api.py
[2024-09-27T21:04:59.699+0000] {processor.py:756} INFO - Processing file /home/airflow/.local/lib/python3.7/site-packages/airflow/example_dags/tutorial_taskflow_api.py for tasks to queue
[2024-09-27T21:04:59.700+0000] {logging_mixin.py:120} INFO - [2024-09-27T21:04:59.700+0000] {dagbag.py:537} INFO - Filling up the DagBag from /home/airflow/.local/lib/python3.7/site-packages/airflow/example_dags/tutorial_taskflow_api.py
[2024-09-27T21:04:59.727+0000] {processor.py:766} INFO - DAG(s) dict_keys(['tutorial_taskflow_api']) retrieved from /home/airflow/.local/lib/python3.7/site-packages/airflow/example_dags/tutorial_taskflow_api.py
[2024-09-27T21:04:59.775+0000] {logging_mixin.py:120} INFO - [2024-09-27T21:04:59.775+0000] {dag.py:2585} INFO - Sync 1 DAGs
[2024-09-27T21:04:59.809+0000] {logging_mixin.py:120} INFO - [2024-09-27T21:04:59.809+0000] {dag.py:3340} INFO - Setting next_dagrun for tutorial_taskflow_api to None, run_after=None
[2024-09-27T21:04:59.832+0000] {processor.py:176} INFO - Processing /home/airflow/.local/lib/python3.7/site-packages/airflow/example_dags/tutorial_taskflow_api.py took 0.139 seconds
[2024-09-27T21:05:30.149+0000] {processor.py:154} INFO - Started process (PID=4051) to work on /home/airflow/.local/lib/python3.7/site-packages/airflow/example_dags/tutorial_taskflow_api.py
[2024-09-27T21:05:30.151+0000] {processor.py:756} INFO - Processing file /home/airflow/.local/lib/python3.7/site-packages/airflow/example_dags/tutorial_taskflow_api.py for tasks to queue
[2024-09-27T21:05:30.152+0000] {logging_mixin.py:120} INFO - [2024-09-27T21:05:30.151+0000] {dagbag.py:537} INFO - Filling up the DagBag from /home/airflow/.local/lib/python3.7/site-packages/airflow/example_dags/tutorial_taskflow_api.py
[2024-09-27T21:05:30.182+0000] {processor.py:766} INFO - DAG(s) dict_keys(['tutorial_taskflow_api']) retrieved from /home/airflow/.local/lib/python3.7/site-packages/airflow/example_dags/tutorial_taskflow_api.py
[2024-09-27T21:05:30.232+0000] {logging_mixin.py:120} INFO - [2024-09-27T21:05:30.232+0000] {dag.py:2585} INFO - Sync 1 DAGs
[2024-09-27T21:05:30.263+0000] {logging_mixin.py:120} INFO - [2024-09-27T21:05:30.262+0000] {dag.py:3340} INFO - Setting next_dagrun for tutorial_taskflow_api to None, run_after=None
[2024-09-27T21:05:30.288+0000] {processor.py:176} INFO - Processing /home/airflow/.local/lib/python3.7/site-packages/airflow/example_dags/tutorial_taskflow_api.py took 0.144 seconds
[2024-09-27T21:06:00.526+0000] {processor.py:154} INFO - Started process (PID=4119) to work on /home/airflow/.local/lib/python3.7/site-packages/airflow/example_dags/tutorial_taskflow_api.py
[2024-09-27T21:06:00.528+0000] {processor.py:756} INFO - Processing file /home/airflow/.local/lib/python3.7/site-packages/airflow/example_dags/tutorial_taskflow_api.py for tasks to queue
[2024-09-27T21:06:00.529+0000] {logging_mixin.py:120} INFO - [2024-09-27T21:06:00.529+0000] {dagbag.py:537} INFO - Filling up the DagBag from /home/airflow/.local/lib/python3.7/site-packages/airflow/example_dags/tutorial_taskflow_api.py
[2024-09-27T21:06:00.557+0000] {processor.py:766} INFO - DAG(s) dict_keys(['tutorial_taskflow_api']) retrieved from /home/airflow/.local/lib/python3.7/site-packages/airflow/example_dags/tutorial_taskflow_api.py
[2024-09-27T21:06:00.613+0000] {logging_mixin.py:120} INFO - [2024-09-27T21:06:00.613+0000] {dag.py:2585} INFO - Sync 1 DAGs
[2024-09-27T21:06:00.644+0000] {logging_mixin.py:120} INFO - [2024-09-27T21:06:00.644+0000] {dag.py:3340} INFO - Setting next_dagrun for tutorial_taskflow_api to None, run_after=None
[2024-09-27T21:06:00.668+0000] {processor.py:176} INFO - Processing /home/airflow/.local/lib/python3.7/site-packages/airflow/example_dags/tutorial_taskflow_api.py took 0.148 seconds
[2024-09-27T21:06:30.725+0000] {processor.py:154} INFO - Started process (PID=4178) to work on /home/airflow/.local/lib/python3.7/site-packages/airflow/example_dags/tutorial_taskflow_api.py
[2024-09-27T21:06:30.726+0000] {processor.py:756} INFO - Processing file /home/airflow/.local/lib/python3.7/site-packages/airflow/example_dags/tutorial_taskflow_api.py for tasks to queue
[2024-09-27T21:06:30.727+0000] {logging_mixin.py:120} INFO - [2024-09-27T21:06:30.727+0000] {dagbag.py:537} INFO - Filling up the DagBag from /home/airflow/.local/lib/python3.7/site-packages/airflow/example_dags/tutorial_taskflow_api.py
[2024-09-27T21:06:30.750+0000] {processor.py:766} INFO - DAG(s) dict_keys(['tutorial_taskflow_api']) retrieved from /home/airflow/.local/lib/python3.7/site-packages/airflow/example_dags/tutorial_taskflow_api.py
[2024-09-27T21:06:30.797+0000] {logging_mixin.py:120} INFO - [2024-09-27T21:06:30.797+0000] {dag.py:2585} INFO - Sync 1 DAGs
[2024-09-27T21:06:30.832+0000] {logging_mixin.py:120} INFO - [2024-09-27T21:06:30.832+0000] {dag.py:3340} INFO - Setting next_dagrun for tutorial_taskflow_api to None, run_after=None
[2024-09-27T21:06:30.862+0000] {processor.py:176} INFO - Processing /home/airflow/.local/lib/python3.7/site-packages/airflow/example_dags/tutorial_taskflow_api.py took 0.141 seconds
[2024-09-27T21:07:01.276+0000] {processor.py:154} INFO - Started process (PID=4246) to work on /home/airflow/.local/lib/python3.7/site-packages/airflow/example_dags/tutorial_taskflow_api.py
[2024-09-27T21:07:01.278+0000] {processor.py:756} INFO - Processing file /home/airflow/.local/lib/python3.7/site-packages/airflow/example_dags/tutorial_taskflow_api.py for tasks to queue
[2024-09-27T21:07:01.279+0000] {logging_mixin.py:120} INFO - [2024-09-27T21:07:01.279+0000] {dagbag.py:537} INFO - Filling up the DagBag from /home/airflow/.local/lib/python3.7/site-packages/airflow/example_dags/tutorial_taskflow_api.py
[2024-09-27T21:07:01.302+0000] {processor.py:766} INFO - DAG(s) dict_keys(['tutorial_taskflow_api']) retrieved from /home/airflow/.local/lib/python3.7/site-packages/airflow/example_dags/tutorial_taskflow_api.py
[2024-09-27T21:07:01.355+0000] {logging_mixin.py:120} INFO - [2024-09-27T21:07:01.355+0000] {dag.py:2585} INFO - Sync 1 DAGs
[2024-09-27T21:07:01.391+0000] {logging_mixin.py:120} INFO - [2024-09-27T21:07:01.391+0000] {dag.py:3340} INFO - Setting next_dagrun for tutorial_taskflow_api to None, run_after=None
[2024-09-27T21:07:01.424+0000] {processor.py:176} INFO - Processing /home/airflow/.local/lib/python3.7/site-packages/airflow/example_dags/tutorial_taskflow_api.py took 0.153 seconds
[2024-09-27T21:07:32.132+0000] {processor.py:154} INFO - Started process (PID=4314) to work on /home/airflow/.local/lib/python3.7/site-packages/airflow/example_dags/tutorial_taskflow_api.py
[2024-09-27T21:07:32.138+0000] {processor.py:756} INFO - Processing file /home/airflow/.local/lib/python3.7/site-packages/airflow/example_dags/tutorial_taskflow_api.py for tasks to queue
[2024-09-27T21:07:32.138+0000] {logging_mixin.py:120} INFO - [2024-09-27T21:07:32.138+0000] {dagbag.py:537} INFO - Filling up the DagBag from /home/airflow/.local/lib/python3.7/site-packages/airflow/example_dags/tutorial_taskflow_api.py
[2024-09-27T21:07:32.163+0000] {processor.py:766} INFO - DAG(s) dict_keys(['tutorial_taskflow_api']) retrieved from /home/airflow/.local/lib/python3.7/site-packages/airflow/example_dags/tutorial_taskflow_api.py
[2024-09-27T21:07:32.217+0000] {logging_mixin.py:120} INFO - [2024-09-27T21:07:32.217+0000] {dag.py:2585} INFO - Sync 1 DAGs
[2024-09-27T21:07:32.248+0000] {logging_mixin.py:120} INFO - [2024-09-27T21:07:32.248+0000] {dag.py:3340} INFO - Setting next_dagrun for tutorial_taskflow_api to None, run_after=None
[2024-09-27T21:07:32.273+0000] {processor.py:176} INFO - Processing /home/airflow/.local/lib/python3.7/site-packages/airflow/example_dags/tutorial_taskflow_api.py took 0.145 seconds
[2024-09-27T21:08:02.392+0000] {processor.py:154} INFO - Started process (PID=4374) to work on /home/airflow/.local/lib/python3.7/site-packages/airflow/example_dags/tutorial_taskflow_api.py
[2024-09-27T21:08:02.393+0000] {processor.py:756} INFO - Processing file /home/airflow/.local/lib/python3.7/site-packages/airflow/example_dags/tutorial_taskflow_api.py for tasks to queue
[2024-09-27T21:08:02.394+0000] {logging_mixin.py:120} INFO - [2024-09-27T21:08:02.394+0000] {dagbag.py:537} INFO - Filling up the DagBag from /home/airflow/.local/lib/python3.7/site-packages/airflow/example_dags/tutorial_taskflow_api.py
[2024-09-27T21:08:02.415+0000] {processor.py:766} INFO - DAG(s) dict_keys(['tutorial_taskflow_api']) retrieved from /home/airflow/.local/lib/python3.7/site-packages/airflow/example_dags/tutorial_taskflow_api.py
[2024-09-27T21:08:02.471+0000] {logging_mixin.py:120} INFO - [2024-09-27T21:08:02.470+0000] {dag.py:2585} INFO - Sync 1 DAGs
[2024-09-27T21:08:02.500+0000] {logging_mixin.py:120} INFO - [2024-09-27T21:08:02.500+0000] {dag.py:3340} INFO - Setting next_dagrun for tutorial_taskflow_api to None, run_after=None
[2024-09-27T21:08:02.522+0000] {processor.py:176} INFO - Processing /home/airflow/.local/lib/python3.7/site-packages/airflow/example_dags/tutorial_taskflow_api.py took 0.134 seconds
[2024-09-27T21:08:32.718+0000] {processor.py:154} INFO - Started process (PID=4442) to work on /home/airflow/.local/lib/python3.7/site-packages/airflow/example_dags/tutorial_taskflow_api.py
[2024-09-27T21:08:32.720+0000] {processor.py:756} INFO - Processing file /home/airflow/.local/lib/python3.7/site-packages/airflow/example_dags/tutorial_taskflow_api.py for tasks to queue
[2024-09-27T21:08:32.721+0000] {logging_mixin.py:120} INFO - [2024-09-27T21:08:32.721+0000] {dagbag.py:537} INFO - Filling up the DagBag from /home/airflow/.local/lib/python3.7/site-packages/airflow/example_dags/tutorial_taskflow_api.py
[2024-09-27T21:08:32.748+0000] {processor.py:766} INFO - DAG(s) dict_keys(['tutorial_taskflow_api']) retrieved from /home/airflow/.local/lib/python3.7/site-packages/airflow/example_dags/tutorial_taskflow_api.py
[2024-09-27T21:08:32.790+0000] {logging_mixin.py:120} INFO - [2024-09-27T21:08:32.790+0000] {dag.py:2585} INFO - Sync 1 DAGs
[2024-09-27T21:08:32.815+0000] {logging_mixin.py:120} INFO - [2024-09-27T21:08:32.815+0000] {dag.py:3340} INFO - Setting next_dagrun for tutorial_taskflow_api to None, run_after=None
[2024-09-27T21:08:32.838+0000] {processor.py:176} INFO - Processing /home/airflow/.local/lib/python3.7/site-packages/airflow/example_dags/tutorial_taskflow_api.py took 0.126 seconds
[2024-09-27T21:09:03.215+0000] {processor.py:154} INFO - Started process (PID=4510) to work on /home/airflow/.local/lib/python3.7/site-packages/airflow/example_dags/tutorial_taskflow_api.py
[2024-09-27T21:09:03.216+0000] {processor.py:756} INFO - Processing file /home/airflow/.local/lib/python3.7/site-packages/airflow/example_dags/tutorial_taskflow_api.py for tasks to queue
[2024-09-27T21:09:03.217+0000] {logging_mixin.py:120} INFO - [2024-09-27T21:09:03.217+0000] {dagbag.py:537} INFO - Filling up the DagBag from /home/airflow/.local/lib/python3.7/site-packages/airflow/example_dags/tutorial_taskflow_api.py
[2024-09-27T21:09:03.243+0000] {processor.py:766} INFO - DAG(s) dict_keys(['tutorial_taskflow_api']) retrieved from /home/airflow/.local/lib/python3.7/site-packages/airflow/example_dags/tutorial_taskflow_api.py
[2024-09-27T21:09:03.295+0000] {logging_mixin.py:120} INFO - [2024-09-27T21:09:03.295+0000] {dag.py:2585} INFO - Sync 1 DAGs
[2024-09-27T21:09:03.321+0000] {logging_mixin.py:120} INFO - [2024-09-27T21:09:03.321+0000] {dag.py:3340} INFO - Setting next_dagrun for tutorial_taskflow_api to None, run_after=None
[2024-09-27T21:09:03.346+0000] {processor.py:176} INFO - Processing /home/airflow/.local/lib/python3.7/site-packages/airflow/example_dags/tutorial_taskflow_api.py took 0.134 seconds
[2024-09-27T21:09:33.971+0000] {processor.py:154} INFO - Started process (PID=4575) to work on /home/airflow/.local/lib/python3.7/site-packages/airflow/example_dags/tutorial_taskflow_api.py
[2024-09-27T21:09:33.973+0000] {processor.py:756} INFO - Processing file /home/airflow/.local/lib/python3.7/site-packages/airflow/example_dags/tutorial_taskflow_api.py for tasks to queue
[2024-09-27T21:09:33.974+0000] {logging_mixin.py:120} INFO - [2024-09-27T21:09:33.974+0000] {dagbag.py:537} INFO - Filling up the DagBag from /home/airflow/.local/lib/python3.7/site-packages/airflow/example_dags/tutorial_taskflow_api.py
[2024-09-27T21:09:34.009+0000] {processor.py:766} INFO - DAG(s) dict_keys(['tutorial_taskflow_api']) retrieved from /home/airflow/.local/lib/python3.7/site-packages/airflow/example_dags/tutorial_taskflow_api.py
[2024-09-27T21:09:34.073+0000] {logging_mixin.py:120} INFO - [2024-09-27T21:09:34.073+0000] {dag.py:2585} INFO - Sync 1 DAGs
[2024-09-27T21:09:34.105+0000] {logging_mixin.py:120} INFO - [2024-09-27T21:09:34.105+0000] {dag.py:3340} INFO - Setting next_dagrun for tutorial_taskflow_api to None, run_after=None
[2024-09-27T21:09:34.130+0000] {processor.py:176} INFO - Processing /home/airflow/.local/lib/python3.7/site-packages/airflow/example_dags/tutorial_taskflow_api.py took 0.165 seconds
[2024-09-27T21:10:04.404+0000] {processor.py:154} INFO - Started process (PID=4637) to work on /home/airflow/.local/lib/python3.7/site-packages/airflow/example_dags/tutorial_taskflow_api.py
[2024-09-27T21:10:04.406+0000] {processor.py:756} INFO - Processing file /home/airflow/.local/lib/python3.7/site-packages/airflow/example_dags/tutorial_taskflow_api.py for tasks to queue
[2024-09-27T21:10:04.407+0000] {logging_mixin.py:120} INFO - [2024-09-27T21:10:04.407+0000] {dagbag.py:537} INFO - Filling up the DagBag from /home/airflow/.local/lib/python3.7/site-packages/airflow/example_dags/tutorial_taskflow_api.py
[2024-09-27T21:10:04.437+0000] {processor.py:766} INFO - DAG(s) dict_keys(['tutorial_taskflow_api']) retrieved from /home/airflow/.local/lib/python3.7/site-packages/airflow/example_dags/tutorial_taskflow_api.py
[2024-09-27T21:10:04.483+0000] {logging_mixin.py:120} INFO - [2024-09-27T21:10:04.482+0000] {dag.py:2585} INFO - Sync 1 DAGs
[2024-09-27T21:10:04.512+0000] {logging_mixin.py:120} INFO - [2024-09-27T21:10:04.512+0000] {dag.py:3340} INFO - Setting next_dagrun for tutorial_taskflow_api to None, run_after=None
[2024-09-27T21:10:04.532+0000] {processor.py:176} INFO - Processing /home/airflow/.local/lib/python3.7/site-packages/airflow/example_dags/tutorial_taskflow_api.py took 0.131 seconds
[2024-09-27T21:10:35.440+0000] {processor.py:154} INFO - Started process (PID=4705) to work on /home/airflow/.local/lib/python3.7/site-packages/airflow/example_dags/tutorial_taskflow_api.py
[2024-09-27T21:10:35.446+0000] {processor.py:756} INFO - Processing file /home/airflow/.local/lib/python3.7/site-packages/airflow/example_dags/tutorial_taskflow_api.py for tasks to queue
[2024-09-27T21:10:35.447+0000] {logging_mixin.py:120} INFO - [2024-09-27T21:10:35.446+0000] {dagbag.py:537} INFO - Filling up the DagBag from /home/airflow/.local/lib/python3.7/site-packages/airflow/example_dags/tutorial_taskflow_api.py
[2024-09-27T21:10:35.476+0000] {processor.py:766} INFO - DAG(s) dict_keys(['tutorial_taskflow_api']) retrieved from /home/airflow/.local/lib/python3.7/site-packages/airflow/example_dags/tutorial_taskflow_api.py
[2024-09-27T21:10:35.535+0000] {logging_mixin.py:120} INFO - [2024-09-27T21:10:35.535+0000] {dag.py:2585} INFO - Sync 1 DAGs
[2024-09-27T21:10:35.574+0000] {logging_mixin.py:120} INFO - [2024-09-27T21:10:35.574+0000] {dag.py:3340} INFO - Setting next_dagrun for tutorial_taskflow_api to None, run_after=None
[2024-09-27T21:10:35.601+0000] {processor.py:176} INFO - Processing /home/airflow/.local/lib/python3.7/site-packages/airflow/example_dags/tutorial_taskflow_api.py took 0.166 seconds
[2024-09-27T21:11:05.944+0000] {processor.py:154} INFO - Started process (PID=4772) to work on /home/airflow/.local/lib/python3.7/site-packages/airflow/example_dags/tutorial_taskflow_api.py
[2024-09-27T21:11:05.946+0000] {processor.py:756} INFO - Processing file /home/airflow/.local/lib/python3.7/site-packages/airflow/example_dags/tutorial_taskflow_api.py for tasks to queue
[2024-09-27T21:11:05.947+0000] {logging_mixin.py:120} INFO - [2024-09-27T21:11:05.947+0000] {dagbag.py:537} INFO - Filling up the DagBag from /home/airflow/.local/lib/python3.7/site-packages/airflow/example_dags/tutorial_taskflow_api.py
[2024-09-27T21:11:05.968+0000] {processor.py:766} INFO - DAG(s) dict_keys(['tutorial_taskflow_api']) retrieved from /home/airflow/.local/lib/python3.7/site-packages/airflow/example_dags/tutorial_taskflow_api.py
[2024-09-27T21:11:06.014+0000] {logging_mixin.py:120} INFO - [2024-09-27T21:11:06.014+0000] {dag.py:2585} INFO - Sync 1 DAGs
[2024-09-27T21:11:06.045+0000] {logging_mixin.py:120} INFO - [2024-09-27T21:11:06.045+0000] {dag.py:3340} INFO - Setting next_dagrun for tutorial_taskflow_api to None, run_after=None
[2024-09-27T21:11:06.068+0000] {processor.py:176} INFO - Processing /home/airflow/.local/lib/python3.7/site-packages/airflow/example_dags/tutorial_taskflow_api.py took 0.128 seconds
[2024-09-27T21:11:36.750+0000] {processor.py:154} INFO - Started process (PID=4832) to work on /home/airflow/.local/lib/python3.7/site-packages/airflow/example_dags/tutorial_taskflow_api.py
[2024-09-27T21:11:36.752+0000] {processor.py:756} INFO - Processing file /home/airflow/.local/lib/python3.7/site-packages/airflow/example_dags/tutorial_taskflow_api.py for tasks to queue
[2024-09-27T21:11:36.752+0000] {logging_mixin.py:120} INFO - [2024-09-27T21:11:36.752+0000] {dagbag.py:537} INFO - Filling up the DagBag from /home/airflow/.local/lib/python3.7/site-packages/airflow/example_dags/tutorial_taskflow_api.py
[2024-09-27T21:11:36.774+0000] {processor.py:766} INFO - DAG(s) dict_keys(['tutorial_taskflow_api']) retrieved from /home/airflow/.local/lib/python3.7/site-packages/airflow/example_dags/tutorial_taskflow_api.py
[2024-09-27T21:11:36.822+0000] {logging_mixin.py:120} INFO - [2024-09-27T21:11:36.822+0000] {dag.py:2585} INFO - Sync 1 DAGs
[2024-09-27T21:11:36.858+0000] {logging_mixin.py:120} INFO - [2024-09-27T21:11:36.857+0000] {dag.py:3340} INFO - Setting next_dagrun for tutorial_taskflow_api to None, run_after=None
[2024-09-27T21:11:36.907+0000] {processor.py:176} INFO - Processing /home/airflow/.local/lib/python3.7/site-packages/airflow/example_dags/tutorial_taskflow_api.py took 0.161 seconds
[2024-09-27T21:12:07.743+0000] {processor.py:154} INFO - Started process (PID=4900) to work on /home/airflow/.local/lib/python3.7/site-packages/airflow/example_dags/tutorial_taskflow_api.py
[2024-09-27T21:12:07.746+0000] {processor.py:756} INFO - Processing file /home/airflow/.local/lib/python3.7/site-packages/airflow/example_dags/tutorial_taskflow_api.py for tasks to queue
[2024-09-27T21:12:07.747+0000] {logging_mixin.py:120} INFO - [2024-09-27T21:12:07.747+0000] {dagbag.py:537} INFO - Filling up the DagBag from /home/airflow/.local/lib/python3.7/site-packages/airflow/example_dags/tutorial_taskflow_api.py
[2024-09-27T21:12:07.767+0000] {processor.py:766} INFO - DAG(s) dict_keys(['tutorial_taskflow_api']) retrieved from /home/airflow/.local/lib/python3.7/site-packages/airflow/example_dags/tutorial_taskflow_api.py
[2024-09-27T21:12:07.823+0000] {logging_mixin.py:120} INFO - [2024-09-27T21:12:07.823+0000] {dag.py:2585} INFO - Sync 1 DAGs
[2024-09-27T21:12:07.852+0000] {logging_mixin.py:120} INFO - [2024-09-27T21:12:07.852+0000] {dag.py:3340} INFO - Setting next_dagrun for tutorial_taskflow_api to None, run_after=None
[2024-09-27T21:12:07.872+0000] {processor.py:176} INFO - Processing /home/airflow/.local/lib/python3.7/site-packages/airflow/example_dags/tutorial_taskflow_api.py took 0.131 seconds
[2024-09-27T21:12:38.382+0000] {processor.py:154} INFO - Started process (PID=4968) to work on /home/airflow/.local/lib/python3.7/site-packages/airflow/example_dags/tutorial_taskflow_api.py
[2024-09-27T21:12:38.384+0000] {processor.py:756} INFO - Processing file /home/airflow/.local/lib/python3.7/site-packages/airflow/example_dags/tutorial_taskflow_api.py for tasks to queue
[2024-09-27T21:12:38.385+0000] {logging_mixin.py:120} INFO - [2024-09-27T21:12:38.384+0000] {dagbag.py:537} INFO - Filling up the DagBag from /home/airflow/.local/lib/python3.7/site-packages/airflow/example_dags/tutorial_taskflow_api.py
[2024-09-27T21:12:38.405+0000] {processor.py:766} INFO - DAG(s) dict_keys(['tutorial_taskflow_api']) retrieved from /home/airflow/.local/lib/python3.7/site-packages/airflow/example_dags/tutorial_taskflow_api.py
[2024-09-27T21:12:38.448+0000] {logging_mixin.py:120} INFO - [2024-09-27T21:12:38.447+0000] {dag.py:2585} INFO - Sync 1 DAGs
[2024-09-27T21:12:38.477+0000] {logging_mixin.py:120} INFO - [2024-09-27T21:12:38.477+0000] {dag.py:3340} INFO - Setting next_dagrun for tutorial_taskflow_api to None, run_after=None
[2024-09-27T21:12:38.501+0000] {processor.py:176} INFO - Processing /home/airflow/.local/lib/python3.7/site-packages/airflow/example_dags/tutorial_taskflow_api.py took 0.122 seconds
[2024-09-27T21:13:08.549+0000] {processor.py:154} INFO - Started process (PID=5027) to work on /home/airflow/.local/lib/python3.7/site-packages/airflow/example_dags/tutorial_taskflow_api.py
[2024-09-27T21:13:08.550+0000] {processor.py:756} INFO - Processing file /home/airflow/.local/lib/python3.7/site-packages/airflow/example_dags/tutorial_taskflow_api.py for tasks to queue
[2024-09-27T21:13:08.551+0000] {logging_mixin.py:120} INFO - [2024-09-27T21:13:08.551+0000] {dagbag.py:537} INFO - Filling up the DagBag from /home/airflow/.local/lib/python3.7/site-packages/airflow/example_dags/tutorial_taskflow_api.py
[2024-09-27T21:13:08.576+0000] {processor.py:766} INFO - DAG(s) dict_keys(['tutorial_taskflow_api']) retrieved from /home/airflow/.local/lib/python3.7/site-packages/airflow/example_dags/tutorial_taskflow_api.py
[2024-09-27T21:13:08.625+0000] {logging_mixin.py:120} INFO - [2024-09-27T21:13:08.624+0000] {dag.py:2585} INFO - Sync 1 DAGs
[2024-09-27T21:13:08.656+0000] {logging_mixin.py:120} INFO - [2024-09-27T21:13:08.656+0000] {dag.py:3340} INFO - Setting next_dagrun for tutorial_taskflow_api to None, run_after=None
[2024-09-27T21:13:08.679+0000] {processor.py:176} INFO - Processing /home/airflow/.local/lib/python3.7/site-packages/airflow/example_dags/tutorial_taskflow_api.py took 0.133 seconds
[2024-09-27T21:13:38.875+0000] {processor.py:154} INFO - Started process (PID=5095) to work on /home/airflow/.local/lib/python3.7/site-packages/airflow/example_dags/tutorial_taskflow_api.py
[2024-09-27T21:13:38.877+0000] {processor.py:756} INFO - Processing file /home/airflow/.local/lib/python3.7/site-packages/airflow/example_dags/tutorial_taskflow_api.py for tasks to queue
[2024-09-27T21:13:38.879+0000] {logging_mixin.py:120} INFO - [2024-09-27T21:13:38.878+0000] {dagbag.py:537} INFO - Filling up the DagBag from /home/airflow/.local/lib/python3.7/site-packages/airflow/example_dags/tutorial_taskflow_api.py
[2024-09-27T21:13:38.904+0000] {processor.py:766} INFO - DAG(s) dict_keys(['tutorial_taskflow_api']) retrieved from /home/airflow/.local/lib/python3.7/site-packages/airflow/example_dags/tutorial_taskflow_api.py
[2024-09-27T21:13:38.954+0000] {logging_mixin.py:120} INFO - [2024-09-27T21:13:38.953+0000] {dag.py:2585} INFO - Sync 1 DAGs
[2024-09-27T21:13:38.982+0000] {logging_mixin.py:120} INFO - [2024-09-27T21:13:38.982+0000] {dag.py:3340} INFO - Setting next_dagrun for tutorial_taskflow_api to None, run_after=None
[2024-09-27T21:13:39.002+0000] {processor.py:176} INFO - Processing /home/airflow/.local/lib/python3.7/site-packages/airflow/example_dags/tutorial_taskflow_api.py took 0.131 seconds
[2024-09-27T21:14:09.686+0000] {processor.py:154} INFO - Started process (PID=5163) to work on /home/airflow/.local/lib/python3.7/site-packages/airflow/example_dags/tutorial_taskflow_api.py
[2024-09-27T21:14:09.688+0000] {processor.py:756} INFO - Processing file /home/airflow/.local/lib/python3.7/site-packages/airflow/example_dags/tutorial_taskflow_api.py for tasks to queue
[2024-09-27T21:14:09.689+0000] {logging_mixin.py:120} INFO - [2024-09-27T21:14:09.689+0000] {dagbag.py:537} INFO - Filling up the DagBag from /home/airflow/.local/lib/python3.7/site-packages/airflow/example_dags/tutorial_taskflow_api.py
[2024-09-27T21:14:09.711+0000] {processor.py:766} INFO - DAG(s) dict_keys(['tutorial_taskflow_api']) retrieved from /home/airflow/.local/lib/python3.7/site-packages/airflow/example_dags/tutorial_taskflow_api.py
[2024-09-27T21:14:09.755+0000] {logging_mixin.py:120} INFO - [2024-09-27T21:14:09.755+0000] {dag.py:2585} INFO - Sync 1 DAGs
[2024-09-27T21:14:09.780+0000] {logging_mixin.py:120} INFO - [2024-09-27T21:14:09.780+0000] {dag.py:3340} INFO - Setting next_dagrun for tutorial_taskflow_api to None, run_after=None
[2024-09-27T21:14:09.799+0000] {processor.py:176} INFO - Processing /home/airflow/.local/lib/python3.7/site-packages/airflow/example_dags/tutorial_taskflow_api.py took 0.117 seconds
[2024-09-27T21:14:39.853+0000] {processor.py:154} INFO - Started process (PID=5222) to work on /home/airflow/.local/lib/python3.7/site-packages/airflow/example_dags/tutorial_taskflow_api.py
[2024-09-27T21:14:39.855+0000] {processor.py:756} INFO - Processing file /home/airflow/.local/lib/python3.7/site-packages/airflow/example_dags/tutorial_taskflow_api.py for tasks to queue
[2024-09-27T21:14:39.856+0000] {logging_mixin.py:120} INFO - [2024-09-27T21:14:39.855+0000] {dagbag.py:537} INFO - Filling up the DagBag from /home/airflow/.local/lib/python3.7/site-packages/airflow/example_dags/tutorial_taskflow_api.py
[2024-09-27T21:14:39.877+0000] {processor.py:766} INFO - DAG(s) dict_keys(['tutorial_taskflow_api']) retrieved from /home/airflow/.local/lib/python3.7/site-packages/airflow/example_dags/tutorial_taskflow_api.py
[2024-09-27T21:14:39.925+0000] {logging_mixin.py:120} INFO - [2024-09-27T21:14:39.924+0000] {dag.py:2585} INFO - Sync 1 DAGs
[2024-09-27T21:14:39.957+0000] {logging_mixin.py:120} INFO - [2024-09-27T21:14:39.957+0000] {dag.py:3340} INFO - Setting next_dagrun for tutorial_taskflow_api to None, run_after=None
[2024-09-27T21:14:39.982+0000] {processor.py:176} INFO - Processing /home/airflow/.local/lib/python3.7/site-packages/airflow/example_dags/tutorial_taskflow_api.py took 0.132 seconds
[2024-09-27T21:15:10.500+0000] {processor.py:154} INFO - Started process (PID=5290) to work on /home/airflow/.local/lib/python3.7/site-packages/airflow/example_dags/tutorial_taskflow_api.py
[2024-09-27T21:15:10.502+0000] {processor.py:756} INFO - Processing file /home/airflow/.local/lib/python3.7/site-packages/airflow/example_dags/tutorial_taskflow_api.py for tasks to queue
[2024-09-27T21:15:10.504+0000] {logging_mixin.py:120} INFO - [2024-09-27T21:15:10.504+0000] {dagbag.py:537} INFO - Filling up the DagBag from /home/airflow/.local/lib/python3.7/site-packages/airflow/example_dags/tutorial_taskflow_api.py
[2024-09-27T21:15:10.525+0000] {processor.py:766} INFO - DAG(s) dict_keys(['tutorial_taskflow_api']) retrieved from /home/airflow/.local/lib/python3.7/site-packages/airflow/example_dags/tutorial_taskflow_api.py
[2024-09-27T21:15:10.566+0000] {logging_mixin.py:120} INFO - [2024-09-27T21:15:10.566+0000] {dag.py:2585} INFO - Sync 1 DAGs
[2024-09-27T21:15:10.594+0000] {logging_mixin.py:120} INFO - [2024-09-27T21:15:10.594+0000] {dag.py:3340} INFO - Setting next_dagrun for tutorial_taskflow_api to None, run_after=None
[2024-09-27T21:15:10.616+0000] {processor.py:176} INFO - Processing /home/airflow/.local/lib/python3.7/site-packages/airflow/example_dags/tutorial_taskflow_api.py took 0.119 seconds
[2024-09-27T21:15:41.225+0000] {processor.py:154} INFO - Started process (PID=5358) to work on /home/airflow/.local/lib/python3.7/site-packages/airflow/example_dags/tutorial_taskflow_api.py
[2024-09-27T21:15:41.227+0000] {processor.py:756} INFO - Processing file /home/airflow/.local/lib/python3.7/site-packages/airflow/example_dags/tutorial_taskflow_api.py for tasks to queue
[2024-09-27T21:15:41.228+0000] {logging_mixin.py:120} INFO - [2024-09-27T21:15:41.228+0000] {dagbag.py:537} INFO - Filling up the DagBag from /home/airflow/.local/lib/python3.7/site-packages/airflow/example_dags/tutorial_taskflow_api.py
[2024-09-27T21:15:41.249+0000] {processor.py:766} INFO - DAG(s) dict_keys(['tutorial_taskflow_api']) retrieved from /home/airflow/.local/lib/python3.7/site-packages/airflow/example_dags/tutorial_taskflow_api.py
[2024-09-27T21:15:41.294+0000] {logging_mixin.py:120} INFO - [2024-09-27T21:15:41.294+0000] {dag.py:2585} INFO - Sync 1 DAGs
[2024-09-27T21:15:41.322+0000] {logging_mixin.py:120} INFO - [2024-09-27T21:15:41.322+0000] {dag.py:3340} INFO - Setting next_dagrun for tutorial_taskflow_api to None, run_after=None
[2024-09-27T21:15:41.346+0000] {processor.py:176} INFO - Processing /home/airflow/.local/lib/python3.7/site-packages/airflow/example_dags/tutorial_taskflow_api.py took 0.124 seconds
[2024-09-27T21:16:11.545+0000] {processor.py:154} INFO - Started process (PID=5416) to work on /home/airflow/.local/lib/python3.7/site-packages/airflow/example_dags/tutorial_taskflow_api.py
[2024-09-27T21:16:11.547+0000] {processor.py:756} INFO - Processing file /home/airflow/.local/lib/python3.7/site-packages/airflow/example_dags/tutorial_taskflow_api.py for tasks to queue
[2024-09-27T21:16:11.548+0000] {logging_mixin.py:120} INFO - [2024-09-27T21:16:11.547+0000] {dagbag.py:537} INFO - Filling up the DagBag from /home/airflow/.local/lib/python3.7/site-packages/airflow/example_dags/tutorial_taskflow_api.py
[2024-09-27T21:16:11.571+0000] {processor.py:766} INFO - DAG(s) dict_keys(['tutorial_taskflow_api']) retrieved from /home/airflow/.local/lib/python3.7/site-packages/airflow/example_dags/tutorial_taskflow_api.py
[2024-09-27T21:16:11.614+0000] {logging_mixin.py:120} INFO - [2024-09-27T21:16:11.614+0000] {dag.py:2585} INFO - Sync 1 DAGs
[2024-09-27T21:16:11.641+0000] {logging_mixin.py:120} INFO - [2024-09-27T21:16:11.641+0000] {dag.py:3340} INFO - Setting next_dagrun for tutorial_taskflow_api to None, run_after=None
[2024-09-27T21:16:11.664+0000] {processor.py:176} INFO - Processing /home/airflow/.local/lib/python3.7/site-packages/airflow/example_dags/tutorial_taskflow_api.py took 0.124 seconds
[2024-09-27T21:16:42.144+0000] {processor.py:154} INFO - Started process (PID=5484) to work on /home/airflow/.local/lib/python3.7/site-packages/airflow/example_dags/tutorial_taskflow_api.py
[2024-09-27T21:16:42.145+0000] {processor.py:756} INFO - Processing file /home/airflow/.local/lib/python3.7/site-packages/airflow/example_dags/tutorial_taskflow_api.py for tasks to queue
[2024-09-27T21:16:42.146+0000] {logging_mixin.py:120} INFO - [2024-09-27T21:16:42.145+0000] {dagbag.py:537} INFO - Filling up the DagBag from /home/airflow/.local/lib/python3.7/site-packages/airflow/example_dags/tutorial_taskflow_api.py
[2024-09-27T21:16:42.169+0000] {processor.py:766} INFO - DAG(s) dict_keys(['tutorial_taskflow_api']) retrieved from /home/airflow/.local/lib/python3.7/site-packages/airflow/example_dags/tutorial_taskflow_api.py
[2024-09-27T21:16:42.218+0000] {logging_mixin.py:120} INFO - [2024-09-27T21:16:42.218+0000] {dag.py:2585} INFO - Sync 1 DAGs
[2024-09-27T21:16:42.246+0000] {logging_mixin.py:120} INFO - [2024-09-27T21:16:42.246+0000] {dag.py:3340} INFO - Setting next_dagrun for tutorial_taskflow_api to None, run_after=None
[2024-09-27T21:16:42.266+0000] {processor.py:176} INFO - Processing /home/airflow/.local/lib/python3.7/site-packages/airflow/example_dags/tutorial_taskflow_api.py took 0.126 seconds
[2024-09-27T21:17:13.010+0000] {processor.py:154} INFO - Started process (PID=5552) to work on /home/airflow/.local/lib/python3.7/site-packages/airflow/example_dags/tutorial_taskflow_api.py
[2024-09-27T21:17:13.011+0000] {processor.py:756} INFO - Processing file /home/airflow/.local/lib/python3.7/site-packages/airflow/example_dags/tutorial_taskflow_api.py for tasks to queue
[2024-09-27T21:17:13.013+0000] {logging_mixin.py:120} INFO - [2024-09-27T21:17:13.012+0000] {dagbag.py:537} INFO - Filling up the DagBag from /home/airflow/.local/lib/python3.7/site-packages/airflow/example_dags/tutorial_taskflow_api.py
[2024-09-27T21:17:13.037+0000] {processor.py:766} INFO - DAG(s) dict_keys(['tutorial_taskflow_api']) retrieved from /home/airflow/.local/lib/python3.7/site-packages/airflow/example_dags/tutorial_taskflow_api.py
[2024-09-27T21:17:13.089+0000] {logging_mixin.py:120} INFO - [2024-09-27T21:17:13.088+0000] {dag.py:2585} INFO - Sync 1 DAGs
[2024-09-27T21:17:13.118+0000] {logging_mixin.py:120} INFO - [2024-09-27T21:17:13.118+0000] {dag.py:3340} INFO - Setting next_dagrun for tutorial_taskflow_api to None, run_after=None
[2024-09-27T21:17:13.140+0000] {processor.py:176} INFO - Processing /home/airflow/.local/lib/python3.7/site-packages/airflow/example_dags/tutorial_taskflow_api.py took 0.134 seconds
[2024-09-27T21:17:43.226+0000] {processor.py:154} INFO - Started process (PID=5620) to work on /home/airflow/.local/lib/python3.7/site-packages/airflow/example_dags/tutorial_taskflow_api.py
[2024-09-27T21:17:43.227+0000] {processor.py:756} INFO - Processing file /home/airflow/.local/lib/python3.7/site-packages/airflow/example_dags/tutorial_taskflow_api.py for tasks to queue
[2024-09-27T21:17:43.229+0000] {logging_mixin.py:120} INFO - [2024-09-27T21:17:43.229+0000] {dagbag.py:537} INFO - Filling up the DagBag from /home/airflow/.local/lib/python3.7/site-packages/airflow/example_dags/tutorial_taskflow_api.py
[2024-09-27T21:17:43.255+0000] {processor.py:766} INFO - DAG(s) dict_keys(['tutorial_taskflow_api']) retrieved from /home/airflow/.local/lib/python3.7/site-packages/airflow/example_dags/tutorial_taskflow_api.py
[2024-09-27T21:17:43.308+0000] {logging_mixin.py:120} INFO - [2024-09-27T21:17:43.307+0000] {dag.py:2585} INFO - Sync 1 DAGs
[2024-09-27T21:17:43.337+0000] {logging_mixin.py:120} INFO - [2024-09-27T21:17:43.337+0000] {dag.py:3340} INFO - Setting next_dagrun for tutorial_taskflow_api to None, run_after=None
[2024-09-27T21:17:43.368+0000] {processor.py:176} INFO - Processing /home/airflow/.local/lib/python3.7/site-packages/airflow/example_dags/tutorial_taskflow_api.py took 0.146 seconds
[2024-09-27T21:18:13.456+0000] {processor.py:154} INFO - Started process (PID=5679) to work on /home/airflow/.local/lib/python3.7/site-packages/airflow/example_dags/tutorial_taskflow_api.py
[2024-09-27T21:18:13.458+0000] {processor.py:756} INFO - Processing file /home/airflow/.local/lib/python3.7/site-packages/airflow/example_dags/tutorial_taskflow_api.py for tasks to queue
[2024-09-27T21:18:13.459+0000] {logging_mixin.py:120} INFO - [2024-09-27T21:18:13.459+0000] {dagbag.py:537} INFO - Filling up the DagBag from /home/airflow/.local/lib/python3.7/site-packages/airflow/example_dags/tutorial_taskflow_api.py
[2024-09-27T21:18:13.484+0000] {processor.py:766} INFO - DAG(s) dict_keys(['tutorial_taskflow_api']) retrieved from /home/airflow/.local/lib/python3.7/site-packages/airflow/example_dags/tutorial_taskflow_api.py
[2024-09-27T21:18:13.535+0000] {logging_mixin.py:120} INFO - [2024-09-27T21:18:13.535+0000] {dag.py:2585} INFO - Sync 1 DAGs
[2024-09-27T21:18:13.565+0000] {logging_mixin.py:120} INFO - [2024-09-27T21:18:13.564+0000] {dag.py:3340} INFO - Setting next_dagrun for tutorial_taskflow_api to None, run_after=None
[2024-09-27T21:18:13.589+0000] {processor.py:176} INFO - Processing /home/airflow/.local/lib/python3.7/site-packages/airflow/example_dags/tutorial_taskflow_api.py took 0.136 seconds
[2024-09-27T21:18:44.053+0000] {processor.py:154} INFO - Started process (PID=5747) to work on /home/airflow/.local/lib/python3.7/site-packages/airflow/example_dags/tutorial_taskflow_api.py
[2024-09-27T21:18:44.055+0000] {processor.py:756} INFO - Processing file /home/airflow/.local/lib/python3.7/site-packages/airflow/example_dags/tutorial_taskflow_api.py for tasks to queue
[2024-09-27T21:18:44.055+0000] {logging_mixin.py:120} INFO - [2024-09-27T21:18:44.055+0000] {dagbag.py:537} INFO - Filling up the DagBag from /home/airflow/.local/lib/python3.7/site-packages/airflow/example_dags/tutorial_taskflow_api.py
[2024-09-27T21:18:44.076+0000] {processor.py:766} INFO - DAG(s) dict_keys(['tutorial_taskflow_api']) retrieved from /home/airflow/.local/lib/python3.7/site-packages/airflow/example_dags/tutorial_taskflow_api.py
[2024-09-27T21:18:44.123+0000] {logging_mixin.py:120} INFO - [2024-09-27T21:18:44.123+0000] {dag.py:2585} INFO - Sync 1 DAGs
[2024-09-27T21:18:44.155+0000] {logging_mixin.py:120} INFO - [2024-09-27T21:18:44.155+0000] {dag.py:3340} INFO - Setting next_dagrun for tutorial_taskflow_api to None, run_after=None
[2024-09-27T21:18:44.180+0000] {processor.py:176} INFO - Processing /home/airflow/.local/lib/python3.7/site-packages/airflow/example_dags/tutorial_taskflow_api.py took 0.131 seconds
[2024-09-27T21:19:14.361+0000] {processor.py:154} INFO - Started process (PID=5815) to work on /home/airflow/.local/lib/python3.7/site-packages/airflow/example_dags/tutorial_taskflow_api.py
[2024-09-27T21:19:14.364+0000] {processor.py:756} INFO - Processing file /home/airflow/.local/lib/python3.7/site-packages/airflow/example_dags/tutorial_taskflow_api.py for tasks to queue
[2024-09-27T21:19:14.365+0000] {logging_mixin.py:120} INFO - [2024-09-27T21:19:14.365+0000] {dagbag.py:537} INFO - Filling up the DagBag from /home/airflow/.local/lib/python3.7/site-packages/airflow/example_dags/tutorial_taskflow_api.py
[2024-09-27T21:19:14.392+0000] {processor.py:766} INFO - DAG(s) dict_keys(['tutorial_taskflow_api']) retrieved from /home/airflow/.local/lib/python3.7/site-packages/airflow/example_dags/tutorial_taskflow_api.py
[2024-09-27T21:19:14.443+0000] {logging_mixin.py:120} INFO - [2024-09-27T21:19:14.443+0000] {dag.py:2585} INFO - Sync 1 DAGs
[2024-09-27T21:19:14.474+0000] {logging_mixin.py:120} INFO - [2024-09-27T21:19:14.474+0000] {dag.py:3340} INFO - Setting next_dagrun for tutorial_taskflow_api to None, run_after=None
[2024-09-27T21:19:14.499+0000] {processor.py:176} INFO - Processing /home/airflow/.local/lib/python3.7/site-packages/airflow/example_dags/tutorial_taskflow_api.py took 0.141 seconds
[2024-09-27T21:19:44.634+0000] {processor.py:154} INFO - Started process (PID=5874) to work on /home/airflow/.local/lib/python3.7/site-packages/airflow/example_dags/tutorial_taskflow_api.py
[2024-09-27T21:19:44.635+0000] {processor.py:756} INFO - Processing file /home/airflow/.local/lib/python3.7/site-packages/airflow/example_dags/tutorial_taskflow_api.py for tasks to queue
[2024-09-27T21:19:44.636+0000] {logging_mixin.py:120} INFO - [2024-09-27T21:19:44.636+0000] {dagbag.py:537} INFO - Filling up the DagBag from /home/airflow/.local/lib/python3.7/site-packages/airflow/example_dags/tutorial_taskflow_api.py
[2024-09-27T21:19:44.659+0000] {processor.py:766} INFO - DAG(s) dict_keys(['tutorial_taskflow_api']) retrieved from /home/airflow/.local/lib/python3.7/site-packages/airflow/example_dags/tutorial_taskflow_api.py
[2024-09-27T21:19:44.702+0000] {logging_mixin.py:120} INFO - [2024-09-27T21:19:44.702+0000] {dag.py:2585} INFO - Sync 1 DAGs
[2024-09-27T21:19:44.727+0000] {logging_mixin.py:120} INFO - [2024-09-27T21:19:44.727+0000] {dag.py:3340} INFO - Setting next_dagrun for tutorial_taskflow_api to None, run_after=None
[2024-09-27T21:19:44.750+0000] {processor.py:176} INFO - Processing /home/airflow/.local/lib/python3.7/site-packages/airflow/example_dags/tutorial_taskflow_api.py took 0.119 seconds
[2024-09-27T21:20:14.835+0000] {processor.py:154} INFO - Started process (PID=5942) to work on /home/airflow/.local/lib/python3.7/site-packages/airflow/example_dags/tutorial_taskflow_api.py
[2024-09-27T21:20:14.837+0000] {processor.py:756} INFO - Processing file /home/airflow/.local/lib/python3.7/site-packages/airflow/example_dags/tutorial_taskflow_api.py for tasks to queue
[2024-09-27T21:20:14.837+0000] {logging_mixin.py:120} INFO - [2024-09-27T21:20:14.837+0000] {dagbag.py:537} INFO - Filling up the DagBag from /home/airflow/.local/lib/python3.7/site-packages/airflow/example_dags/tutorial_taskflow_api.py
[2024-09-27T21:20:14.859+0000] {processor.py:766} INFO - DAG(s) dict_keys(['tutorial_taskflow_api']) retrieved from /home/airflow/.local/lib/python3.7/site-packages/airflow/example_dags/tutorial_taskflow_api.py
[2024-09-27T21:20:14.921+0000] {logging_mixin.py:120} INFO - [2024-09-27T21:20:14.921+0000] {dag.py:2585} INFO - Sync 1 DAGs
[2024-09-27T21:20:14.950+0000] {logging_mixin.py:120} INFO - [2024-09-27T21:20:14.950+0000] {dag.py:3340} INFO - Setting next_dagrun for tutorial_taskflow_api to None, run_after=None
[2024-09-27T21:20:14.975+0000] {processor.py:176} INFO - Processing /home/airflow/.local/lib/python3.7/site-packages/airflow/example_dags/tutorial_taskflow_api.py took 0.144 seconds
[2024-09-27T21:20:45.273+0000] {processor.py:154} INFO - Started process (PID=6010) to work on /home/airflow/.local/lib/python3.7/site-packages/airflow/example_dags/tutorial_taskflow_api.py
[2024-09-27T21:20:45.276+0000] {processor.py:756} INFO - Processing file /home/airflow/.local/lib/python3.7/site-packages/airflow/example_dags/tutorial_taskflow_api.py for tasks to queue
[2024-09-27T21:20:45.277+0000] {logging_mixin.py:120} INFO - [2024-09-27T21:20:45.277+0000] {dagbag.py:537} INFO - Filling up the DagBag from /home/airflow/.local/lib/python3.7/site-packages/airflow/example_dags/tutorial_taskflow_api.py
[2024-09-27T21:20:45.301+0000] {processor.py:766} INFO - DAG(s) dict_keys(['tutorial_taskflow_api']) retrieved from /home/airflow/.local/lib/python3.7/site-packages/airflow/example_dags/tutorial_taskflow_api.py
[2024-09-27T21:20:45.344+0000] {logging_mixin.py:120} INFO - [2024-09-27T21:20:45.344+0000] {dag.py:2585} INFO - Sync 1 DAGs
[2024-09-27T21:20:45.371+0000] {logging_mixin.py:120} INFO - [2024-09-27T21:20:45.371+0000] {dag.py:3340} INFO - Setting next_dagrun for tutorial_taskflow_api to None, run_after=None
[2024-09-27T21:20:45.396+0000] {processor.py:176} INFO - Processing /home/airflow/.local/lib/python3.7/site-packages/airflow/example_dags/tutorial_taskflow_api.py took 0.126 seconds
[2024-09-27T21:21:15.875+0000] {processor.py:154} INFO - Started process (PID=6069) to work on /home/airflow/.local/lib/python3.7/site-packages/airflow/example_dags/tutorial_taskflow_api.py
[2024-09-27T21:21:15.877+0000] {processor.py:756} INFO - Processing file /home/airflow/.local/lib/python3.7/site-packages/airflow/example_dags/tutorial_taskflow_api.py for tasks to queue
[2024-09-27T21:21:15.878+0000] {logging_mixin.py:120} INFO - [2024-09-27T21:21:15.878+0000] {dagbag.py:537} INFO - Filling up the DagBag from /home/airflow/.local/lib/python3.7/site-packages/airflow/example_dags/tutorial_taskflow_api.py
[2024-09-27T21:21:15.906+0000] {processor.py:766} INFO - DAG(s) dict_keys(['tutorial_taskflow_api']) retrieved from /home/airflow/.local/lib/python3.7/site-packages/airflow/example_dags/tutorial_taskflow_api.py
[2024-09-27T21:21:15.963+0000] {logging_mixin.py:120} INFO - [2024-09-27T21:21:15.963+0000] {dag.py:2585} INFO - Sync 1 DAGs
[2024-09-27T21:21:16.002+0000] {logging_mixin.py:120} INFO - [2024-09-27T21:21:16.002+0000] {dag.py:3340} INFO - Setting next_dagrun for tutorial_taskflow_api to None, run_after=None
[2024-09-27T21:21:16.030+0000] {processor.py:176} INFO - Processing /home/airflow/.local/lib/python3.7/site-packages/airflow/example_dags/tutorial_taskflow_api.py took 0.158 seconds
[2024-09-27T21:21:46.552+0000] {processor.py:154} INFO - Started process (PID=6137) to work on /home/airflow/.local/lib/python3.7/site-packages/airflow/example_dags/tutorial_taskflow_api.py
[2024-09-27T21:21:46.555+0000] {processor.py:756} INFO - Processing file /home/airflow/.local/lib/python3.7/site-packages/airflow/example_dags/tutorial_taskflow_api.py for tasks to queue
[2024-09-27T21:21:46.556+0000] {logging_mixin.py:120} INFO - [2024-09-27T21:21:46.556+0000] {dagbag.py:537} INFO - Filling up the DagBag from /home/airflow/.local/lib/python3.7/site-packages/airflow/example_dags/tutorial_taskflow_api.py
[2024-09-27T21:21:46.587+0000] {processor.py:766} INFO - DAG(s) dict_keys(['tutorial_taskflow_api']) retrieved from /home/airflow/.local/lib/python3.7/site-packages/airflow/example_dags/tutorial_taskflow_api.py
[2024-09-27T21:21:46.655+0000] {logging_mixin.py:120} INFO - [2024-09-27T21:21:46.655+0000] {dag.py:2585} INFO - Sync 1 DAGs
[2024-09-27T21:21:46.691+0000] {logging_mixin.py:120} INFO - [2024-09-27T21:21:46.691+0000] {dag.py:3340} INFO - Setting next_dagrun for tutorial_taskflow_api to None, run_after=None
[2024-09-27T21:21:46.721+0000] {processor.py:176} INFO - Processing /home/airflow/.local/lib/python3.7/site-packages/airflow/example_dags/tutorial_taskflow_api.py took 0.173 seconds
[2024-09-27T21:22:17.122+0000] {processor.py:154} INFO - Started process (PID=6204) to work on /home/airflow/.local/lib/python3.7/site-packages/airflow/example_dags/tutorial_taskflow_api.py
[2024-09-27T21:22:17.124+0000] {processor.py:756} INFO - Processing file /home/airflow/.local/lib/python3.7/site-packages/airflow/example_dags/tutorial_taskflow_api.py for tasks to queue
[2024-09-27T21:22:17.125+0000] {logging_mixin.py:120} INFO - [2024-09-27T21:22:17.125+0000] {dagbag.py:537} INFO - Filling up the DagBag from /home/airflow/.local/lib/python3.7/site-packages/airflow/example_dags/tutorial_taskflow_api.py
[2024-09-27T21:22:17.149+0000] {processor.py:766} INFO - DAG(s) dict_keys(['tutorial_taskflow_api']) retrieved from /home/airflow/.local/lib/python3.7/site-packages/airflow/example_dags/tutorial_taskflow_api.py
[2024-09-27T21:22:17.197+0000] {logging_mixin.py:120} INFO - [2024-09-27T21:22:17.197+0000] {dag.py:2585} INFO - Sync 1 DAGs
[2024-09-27T21:22:17.226+0000] {logging_mixin.py:120} INFO - [2024-09-27T21:22:17.226+0000] {dag.py:3340} INFO - Setting next_dagrun for tutorial_taskflow_api to None, run_after=None
[2024-09-27T21:22:17.249+0000] {processor.py:176} INFO - Processing /home/airflow/.local/lib/python3.7/site-packages/airflow/example_dags/tutorial_taskflow_api.py took 0.131 seconds
[2024-09-27T21:22:47.686+0000] {processor.py:154} INFO - Started process (PID=6263) to work on /home/airflow/.local/lib/python3.7/site-packages/airflow/example_dags/tutorial_taskflow_api.py
[2024-09-27T21:22:47.688+0000] {processor.py:756} INFO - Processing file /home/airflow/.local/lib/python3.7/site-packages/airflow/example_dags/tutorial_taskflow_api.py for tasks to queue
[2024-09-27T21:22:47.688+0000] {logging_mixin.py:120} INFO - [2024-09-27T21:22:47.688+0000] {dagbag.py:537} INFO - Filling up the DagBag from /home/airflow/.local/lib/python3.7/site-packages/airflow/example_dags/tutorial_taskflow_api.py
[2024-09-27T21:22:47.714+0000] {processor.py:766} INFO - DAG(s) dict_keys(['tutorial_taskflow_api']) retrieved from /home/airflow/.local/lib/python3.7/site-packages/airflow/example_dags/tutorial_taskflow_api.py
[2024-09-27T21:22:47.767+0000] {logging_mixin.py:120} INFO - [2024-09-27T21:22:47.767+0000] {dag.py:2585} INFO - Sync 1 DAGs
[2024-09-27T21:22:47.801+0000] {logging_mixin.py:120} INFO - [2024-09-27T21:22:47.801+0000] {dag.py:3340} INFO - Setting next_dagrun for tutorial_taskflow_api to None, run_after=None
[2024-09-27T21:22:47.834+0000] {processor.py:176} INFO - Processing /home/airflow/.local/lib/python3.7/site-packages/airflow/example_dags/tutorial_taskflow_api.py took 0.151 seconds
[2024-09-27T21:23:18.147+0000] {processor.py:154} INFO - Started process (PID=6330) to work on /home/airflow/.local/lib/python3.7/site-packages/airflow/example_dags/tutorial_taskflow_api.py
[2024-09-27T21:23:18.150+0000] {processor.py:756} INFO - Processing file /home/airflow/.local/lib/python3.7/site-packages/airflow/example_dags/tutorial_taskflow_api.py for tasks to queue
[2024-09-27T21:23:18.151+0000] {logging_mixin.py:120} INFO - [2024-09-27T21:23:18.151+0000] {dagbag.py:537} INFO - Filling up the DagBag from /home/airflow/.local/lib/python3.7/site-packages/airflow/example_dags/tutorial_taskflow_api.py
[2024-09-27T21:23:18.176+0000] {processor.py:766} INFO - DAG(s) dict_keys(['tutorial_taskflow_api']) retrieved from /home/airflow/.local/lib/python3.7/site-packages/airflow/example_dags/tutorial_taskflow_api.py
[2024-09-27T21:23:18.231+0000] {logging_mixin.py:120} INFO - [2024-09-27T21:23:18.230+0000] {dag.py:2585} INFO - Sync 1 DAGs
[2024-09-27T21:23:18.263+0000] {logging_mixin.py:120} INFO - [2024-09-27T21:23:18.263+0000] {dag.py:3340} INFO - Setting next_dagrun for tutorial_taskflow_api to None, run_after=None
[2024-09-27T21:23:18.290+0000] {processor.py:176} INFO - Processing /home/airflow/.local/lib/python3.7/site-packages/airflow/example_dags/tutorial_taskflow_api.py took 0.147 seconds
[2024-09-27T21:23:49.054+0000] {processor.py:154} INFO - Started process (PID=6398) to work on /home/airflow/.local/lib/python3.7/site-packages/airflow/example_dags/tutorial_taskflow_api.py
[2024-09-27T21:23:49.056+0000] {processor.py:756} INFO - Processing file /home/airflow/.local/lib/python3.7/site-packages/airflow/example_dags/tutorial_taskflow_api.py for tasks to queue
[2024-09-27T21:23:49.058+0000] {logging_mixin.py:120} INFO - [2024-09-27T21:23:49.058+0000] {dagbag.py:537} INFO - Filling up the DagBag from /home/airflow/.local/lib/python3.7/site-packages/airflow/example_dags/tutorial_taskflow_api.py
[2024-09-27T21:23:49.085+0000] {processor.py:766} INFO - DAG(s) dict_keys(['tutorial_taskflow_api']) retrieved from /home/airflow/.local/lib/python3.7/site-packages/airflow/example_dags/tutorial_taskflow_api.py
[2024-09-27T21:23:49.134+0000] {logging_mixin.py:120} INFO - [2024-09-27T21:23:49.134+0000] {dag.py:2585} INFO - Sync 1 DAGs
[2024-09-27T21:23:49.165+0000] {logging_mixin.py:120} INFO - [2024-09-27T21:23:49.165+0000] {dag.py:3340} INFO - Setting next_dagrun for tutorial_taskflow_api to None, run_after=None
[2024-09-27T21:23:49.189+0000] {processor.py:176} INFO - Processing /home/airflow/.local/lib/python3.7/site-packages/airflow/example_dags/tutorial_taskflow_api.py took 0.139 seconds
[2024-09-27T21:24:19.659+0000] {processor.py:154} INFO - Started process (PID=6455) to work on /home/airflow/.local/lib/python3.7/site-packages/airflow/example_dags/tutorial_taskflow_api.py
[2024-09-27T21:24:19.661+0000] {processor.py:756} INFO - Processing file /home/airflow/.local/lib/python3.7/site-packages/airflow/example_dags/tutorial_taskflow_api.py for tasks to queue
[2024-09-27T21:24:19.662+0000] {logging_mixin.py:120} INFO - [2024-09-27T21:24:19.662+0000] {dagbag.py:537} INFO - Filling up the DagBag from /home/airflow/.local/lib/python3.7/site-packages/airflow/example_dags/tutorial_taskflow_api.py
[2024-09-27T21:24:19.685+0000] {processor.py:766} INFO - DAG(s) dict_keys(['tutorial_taskflow_api']) retrieved from /home/airflow/.local/lib/python3.7/site-packages/airflow/example_dags/tutorial_taskflow_api.py
[2024-09-27T21:24:19.733+0000] {logging_mixin.py:120} INFO - [2024-09-27T21:24:19.733+0000] {dag.py:2585} INFO - Sync 1 DAGs
[2024-09-27T21:24:19.760+0000] {logging_mixin.py:120} INFO - [2024-09-27T21:24:19.760+0000] {dag.py:3340} INFO - Setting next_dagrun for tutorial_taskflow_api to None, run_after=None
[2024-09-27T21:24:19.789+0000] {processor.py:176} INFO - Processing /home/airflow/.local/lib/python3.7/site-packages/airflow/example_dags/tutorial_taskflow_api.py took 0.134 seconds
[2024-09-27T21:24:50.467+0000] {processor.py:154} INFO - Started process (PID=6523) to work on /home/airflow/.local/lib/python3.7/site-packages/airflow/example_dags/tutorial_taskflow_api.py
[2024-09-27T21:24:50.468+0000] {processor.py:756} INFO - Processing file /home/airflow/.local/lib/python3.7/site-packages/airflow/example_dags/tutorial_taskflow_api.py for tasks to queue
[2024-09-27T21:24:50.469+0000] {logging_mixin.py:120} INFO - [2024-09-27T21:24:50.469+0000] {dagbag.py:537} INFO - Filling up the DagBag from /home/airflow/.local/lib/python3.7/site-packages/airflow/example_dags/tutorial_taskflow_api.py
[2024-09-27T21:24:50.493+0000] {processor.py:766} INFO - DAG(s) dict_keys(['tutorial_taskflow_api']) retrieved from /home/airflow/.local/lib/python3.7/site-packages/airflow/example_dags/tutorial_taskflow_api.py
[2024-09-27T21:24:50.544+0000] {logging_mixin.py:120} INFO - [2024-09-27T21:24:50.544+0000] {dag.py:2585} INFO - Sync 1 DAGs
[2024-09-27T21:24:50.576+0000] {logging_mixin.py:120} INFO - [2024-09-27T21:24:50.576+0000] {dag.py:3340} INFO - Setting next_dagrun for tutorial_taskflow_api to None, run_after=None
[2024-09-27T21:24:50.598+0000] {processor.py:176} INFO - Processing /home/airflow/.local/lib/python3.7/site-packages/airflow/example_dags/tutorial_taskflow_api.py took 0.135 seconds
[2024-09-27T21:25:21.338+0000] {processor.py:154} INFO - Started process (PID=6591) to work on /home/airflow/.local/lib/python3.7/site-packages/airflow/example_dags/tutorial_taskflow_api.py
[2024-09-27T21:25:21.340+0000] {processor.py:756} INFO - Processing file /home/airflow/.local/lib/python3.7/site-packages/airflow/example_dags/tutorial_taskflow_api.py for tasks to queue
[2024-09-27T21:25:21.340+0000] {logging_mixin.py:120} INFO - [2024-09-27T21:25:21.340+0000] {dagbag.py:537} INFO - Filling up the DagBag from /home/airflow/.local/lib/python3.7/site-packages/airflow/example_dags/tutorial_taskflow_api.py
[2024-09-27T21:25:21.364+0000] {processor.py:766} INFO - DAG(s) dict_keys(['tutorial_taskflow_api']) retrieved from /home/airflow/.local/lib/python3.7/site-packages/airflow/example_dags/tutorial_taskflow_api.py
[2024-09-27T21:25:21.411+0000] {logging_mixin.py:120} INFO - [2024-09-27T21:25:21.411+0000] {dag.py:2585} INFO - Sync 1 DAGs
[2024-09-27T21:25:21.442+0000] {logging_mixin.py:120} INFO - [2024-09-27T21:25:21.442+0000] {dag.py:3340} INFO - Setting next_dagrun for tutorial_taskflow_api to None, run_after=None
[2024-09-27T21:25:21.468+0000] {processor.py:176} INFO - Processing /home/airflow/.local/lib/python3.7/site-packages/airflow/example_dags/tutorial_taskflow_api.py took 0.133 seconds
[2024-09-27T21:25:52.162+0000] {processor.py:154} INFO - Started process (PID=6657) to work on /home/airflow/.local/lib/python3.7/site-packages/airflow/example_dags/tutorial_taskflow_api.py
[2024-09-27T21:25:52.166+0000] {processor.py:756} INFO - Processing file /home/airflow/.local/lib/python3.7/site-packages/airflow/example_dags/tutorial_taskflow_api.py for tasks to queue
[2024-09-27T21:25:52.169+0000] {logging_mixin.py:120} INFO - [2024-09-27T21:25:52.169+0000] {dagbag.py:537} INFO - Filling up the DagBag from /home/airflow/.local/lib/python3.7/site-packages/airflow/example_dags/tutorial_taskflow_api.py
[2024-09-27T21:25:52.336+0000] {processor.py:766} INFO - DAG(s) dict_keys(['tutorial_taskflow_api']) retrieved from /home/airflow/.local/lib/python3.7/site-packages/airflow/example_dags/tutorial_taskflow_api.py
[2024-09-27T21:25:52.507+0000] {logging_mixin.py:120} INFO - [2024-09-27T21:25:52.506+0000] {dag.py:2585} INFO - Sync 1 DAGs
[2024-09-27T21:25:52.597+0000] {logging_mixin.py:120} INFO - [2024-09-27T21:25:52.597+0000] {dag.py:3340} INFO - Setting next_dagrun for tutorial_taskflow_api to None, run_after=None
[2024-09-27T21:25:52.652+0000] {processor.py:176} INFO - Processing /home/airflow/.local/lib/python3.7/site-packages/airflow/example_dags/tutorial_taskflow_api.py took 0.497 seconds
[2024-09-27T21:26:22.934+0000] {processor.py:154} INFO - Started process (PID=6718) to work on /home/airflow/.local/lib/python3.7/site-packages/airflow/example_dags/tutorial_taskflow_api.py
[2024-09-27T21:26:22.937+0000] {processor.py:756} INFO - Processing file /home/airflow/.local/lib/python3.7/site-packages/airflow/example_dags/tutorial_taskflow_api.py for tasks to queue
[2024-09-27T21:26:22.944+0000] {logging_mixin.py:120} INFO - [2024-09-27T21:26:22.944+0000] {dagbag.py:537} INFO - Filling up the DagBag from /home/airflow/.local/lib/python3.7/site-packages/airflow/example_dags/tutorial_taskflow_api.py
[2024-09-27T21:26:22.980+0000] {processor.py:766} INFO - DAG(s) dict_keys(['tutorial_taskflow_api']) retrieved from /home/airflow/.local/lib/python3.7/site-packages/airflow/example_dags/tutorial_taskflow_api.py
[2024-09-27T21:26:23.052+0000] {logging_mixin.py:120} INFO - [2024-09-27T21:26:23.052+0000] {dag.py:2585} INFO - Sync 1 DAGs
[2024-09-27T21:26:23.101+0000] {logging_mixin.py:120} INFO - [2024-09-27T21:26:23.100+0000] {dag.py:3340} INFO - Setting next_dagrun for tutorial_taskflow_api to None, run_after=None
[2024-09-27T21:26:23.138+0000] {processor.py:176} INFO - Processing /home/airflow/.local/lib/python3.7/site-packages/airflow/example_dags/tutorial_taskflow_api.py took 0.210 seconds
[2024-09-27T21:26:55.686+0000] {processor.py:154} INFO - Started process (PID=6776) to work on /home/airflow/.local/lib/python3.7/site-packages/airflow/example_dags/tutorial_taskflow_api.py
[2024-09-27T21:26:55.689+0000] {processor.py:756} INFO - Processing file /home/airflow/.local/lib/python3.7/site-packages/airflow/example_dags/tutorial_taskflow_api.py for tasks to queue
[2024-09-27T21:26:55.690+0000] {logging_mixin.py:120} INFO - [2024-09-27T21:26:55.690+0000] {dagbag.py:537} INFO - Filling up the DagBag from /home/airflow/.local/lib/python3.7/site-packages/airflow/example_dags/tutorial_taskflow_api.py
[2024-09-27T21:26:55.716+0000] {processor.py:766} INFO - DAG(s) dict_keys(['tutorial_taskflow_api']) retrieved from /home/airflow/.local/lib/python3.7/site-packages/airflow/example_dags/tutorial_taskflow_api.py
[2024-09-27T21:26:55.767+0000] {logging_mixin.py:120} INFO - [2024-09-27T21:26:55.767+0000] {dag.py:2585} INFO - Sync 1 DAGs
[2024-09-27T21:26:55.799+0000] {logging_mixin.py:120} INFO - [2024-09-27T21:26:55.799+0000] {dag.py:3340} INFO - Setting next_dagrun for tutorial_taskflow_api to None, run_after=None
[2024-09-27T21:26:55.825+0000] {processor.py:176} INFO - Processing /home/airflow/.local/lib/python3.7/site-packages/airflow/example_dags/tutorial_taskflow_api.py took 0.143 seconds
[2024-09-27T21:27:25.994+0000] {processor.py:154} INFO - Started process (PID=6834) to work on /home/airflow/.local/lib/python3.7/site-packages/airflow/example_dags/tutorial_taskflow_api.py
[2024-09-27T21:27:25.997+0000] {processor.py:756} INFO - Processing file /home/airflow/.local/lib/python3.7/site-packages/airflow/example_dags/tutorial_taskflow_api.py for tasks to queue
[2024-09-27T21:27:25.998+0000] {logging_mixin.py:120} INFO - [2024-09-27T21:27:25.998+0000] {dagbag.py:537} INFO - Filling up the DagBag from /home/airflow/.local/lib/python3.7/site-packages/airflow/example_dags/tutorial_taskflow_api.py
[2024-09-27T21:27:26.025+0000] {processor.py:766} INFO - DAG(s) dict_keys(['tutorial_taskflow_api']) retrieved from /home/airflow/.local/lib/python3.7/site-packages/airflow/example_dags/tutorial_taskflow_api.py
[2024-09-27T21:27:26.082+0000] {logging_mixin.py:120} INFO - [2024-09-27T21:27:26.081+0000] {dag.py:2585} INFO - Sync 1 DAGs
[2024-09-27T21:27:26.112+0000] {logging_mixin.py:120} INFO - [2024-09-27T21:27:26.112+0000] {dag.py:3340} INFO - Setting next_dagrun for tutorial_taskflow_api to None, run_after=None
[2024-09-27T21:27:26.136+0000] {processor.py:176} INFO - Processing /home/airflow/.local/lib/python3.7/site-packages/airflow/example_dags/tutorial_taskflow_api.py took 0.146 seconds
[2024-09-27T21:48:23.092+0000] {processor.py:154} INFO - Started process (PID=6895) to work on /home/airflow/.local/lib/python3.7/site-packages/airflow/example_dags/tutorial_taskflow_api.py
[2024-09-27T21:48:23.106+0000] {processor.py:756} INFO - Processing file /home/airflow/.local/lib/python3.7/site-packages/airflow/example_dags/tutorial_taskflow_api.py for tasks to queue
[2024-09-27T21:48:23.115+0000] {logging_mixin.py:120} INFO - [2024-09-27T21:48:23.114+0000] {dagbag.py:537} INFO - Filling up the DagBag from /home/airflow/.local/lib/python3.7/site-packages/airflow/example_dags/tutorial_taskflow_api.py
[2024-09-27T21:48:23.302+0000] {processor.py:766} INFO - DAG(s) dict_keys(['tutorial_taskflow_api']) retrieved from /home/airflow/.local/lib/python3.7/site-packages/airflow/example_dags/tutorial_taskflow_api.py
[2024-09-27T21:48:23.596+0000] {logging_mixin.py:120} INFO - [2024-09-27T21:48:23.595+0000] {dag.py:2585} INFO - Sync 1 DAGs
[2024-09-27T21:48:23.692+0000] {logging_mixin.py:120} INFO - [2024-09-27T21:48:23.692+0000] {dag.py:3340} INFO - Setting next_dagrun for tutorial_taskflow_api to None, run_after=None
[2024-09-27T21:48:23.781+0000] {processor.py:176} INFO - Processing /home/airflow/.local/lib/python3.7/site-packages/airflow/example_dags/tutorial_taskflow_api.py took 0.710 seconds
[2024-09-27T21:48:54.123+0000] {processor.py:154} INFO - Started process (PID=6961) to work on /home/airflow/.local/lib/python3.7/site-packages/airflow/example_dags/tutorial_taskflow_api.py
[2024-09-27T21:48:54.126+0000] {processor.py:756} INFO - Processing file /home/airflow/.local/lib/python3.7/site-packages/airflow/example_dags/tutorial_taskflow_api.py for tasks to queue
[2024-09-27T21:48:54.126+0000] {logging_mixin.py:120} INFO - [2024-09-27T21:48:54.126+0000] {dagbag.py:537} INFO - Filling up the DagBag from /home/airflow/.local/lib/python3.7/site-packages/airflow/example_dags/tutorial_taskflow_api.py
[2024-09-27T21:48:54.148+0000] {processor.py:766} INFO - DAG(s) dict_keys(['tutorial_taskflow_api']) retrieved from /home/airflow/.local/lib/python3.7/site-packages/airflow/example_dags/tutorial_taskflow_api.py
[2024-09-27T21:48:54.190+0000] {logging_mixin.py:120} INFO - [2024-09-27T21:48:54.190+0000] {dag.py:2585} INFO - Sync 1 DAGs
[2024-09-27T21:48:54.214+0000] {logging_mixin.py:120} INFO - [2024-09-27T21:48:54.214+0000] {dag.py:3340} INFO - Setting next_dagrun for tutorial_taskflow_api to None, run_after=None
[2024-09-27T21:48:54.233+0000] {processor.py:176} INFO - Processing /home/airflow/.local/lib/python3.7/site-packages/airflow/example_dags/tutorial_taskflow_api.py took 0.113 seconds
[2024-09-27T22:19:47.556+0000] {processor.py:154} INFO - Started process (PID=7022) to work on /home/airflow/.local/lib/python3.7/site-packages/airflow/example_dags/tutorial_taskflow_api.py
[2024-09-27T22:19:47.560+0000] {processor.py:756} INFO - Processing file /home/airflow/.local/lib/python3.7/site-packages/airflow/example_dags/tutorial_taskflow_api.py for tasks to queue
[2024-09-27T22:19:47.562+0000] {logging_mixin.py:120} INFO - [2024-09-27T22:19:47.562+0000] {dagbag.py:537} INFO - Filling up the DagBag from /home/airflow/.local/lib/python3.7/site-packages/airflow/example_dags/tutorial_taskflow_api.py
[2024-09-27T22:19:47.600+0000] {processor.py:766} INFO - DAG(s) dict_keys(['tutorial_taskflow_api']) retrieved from /home/airflow/.local/lib/python3.7/site-packages/airflow/example_dags/tutorial_taskflow_api.py
[2024-09-27T22:19:47.684+0000] {logging_mixin.py:120} INFO - [2024-09-27T22:19:47.684+0000] {dag.py:2585} INFO - Sync 1 DAGs
[2024-09-27T22:19:47.739+0000] {logging_mixin.py:120} INFO - [2024-09-27T22:19:47.739+0000] {dag.py:3340} INFO - Setting next_dagrun for tutorial_taskflow_api to None, run_after=None
[2024-09-27T22:19:47.777+0000] {processor.py:176} INFO - Processing /home/airflow/.local/lib/python3.7/site-packages/airflow/example_dags/tutorial_taskflow_api.py took 0.227 seconds
[2024-09-27T22:20:20.264+0000] {processor.py:154} INFO - Started process (PID=7080) to work on /home/airflow/.local/lib/python3.7/site-packages/airflow/example_dags/tutorial_taskflow_api.py
[2024-09-27T22:20:20.280+0000] {processor.py:756} INFO - Processing file /home/airflow/.local/lib/python3.7/site-packages/airflow/example_dags/tutorial_taskflow_api.py for tasks to queue
[2024-09-27T22:20:20.287+0000] {logging_mixin.py:120} INFO - [2024-09-27T22:20:20.286+0000] {dagbag.py:537} INFO - Filling up the DagBag from /home/airflow/.local/lib/python3.7/site-packages/airflow/example_dags/tutorial_taskflow_api.py
[2024-09-27T22:20:20.481+0000] {processor.py:766} INFO - DAG(s) dict_keys(['tutorial_taskflow_api']) retrieved from /home/airflow/.local/lib/python3.7/site-packages/airflow/example_dags/tutorial_taskflow_api.py
[2024-09-27T22:20:20.863+0000] {logging_mixin.py:120} INFO - [2024-09-27T22:20:20.861+0000] {dag.py:2585} INFO - Sync 1 DAGs
[2024-09-27T22:20:21.063+0000] {logging_mixin.py:120} INFO - [2024-09-27T22:20:21.062+0000] {dag.py:3340} INFO - Setting next_dagrun for tutorial_taskflow_api to None, run_after=None
[2024-09-27T22:20:21.189+0000] {processor.py:176} INFO - Processing /home/airflow/.local/lib/python3.7/site-packages/airflow/example_dags/tutorial_taskflow_api.py took 0.957 seconds
[2024-09-27T22:36:22.494+0000] {processor.py:154} INFO - Started process (PID=7138) to work on /home/airflow/.local/lib/python3.7/site-packages/airflow/example_dags/tutorial_taskflow_api.py
[2024-09-27T22:36:22.517+0000] {processor.py:756} INFO - Processing file /home/airflow/.local/lib/python3.7/site-packages/airflow/example_dags/tutorial_taskflow_api.py for tasks to queue
[2024-09-27T22:36:22.527+0000] {logging_mixin.py:120} INFO - [2024-09-27T22:36:22.526+0000] {dagbag.py:537} INFO - Filling up the DagBag from /home/airflow/.local/lib/python3.7/site-packages/airflow/example_dags/tutorial_taskflow_api.py
[2024-09-27T22:36:22.772+0000] {processor.py:766} INFO - DAG(s) dict_keys(['tutorial_taskflow_api']) retrieved from /home/airflow/.local/lib/python3.7/site-packages/airflow/example_dags/tutorial_taskflow_api.py
[2024-09-27T22:36:23.184+0000] {logging_mixin.py:120} INFO - [2024-09-27T22:36:23.183+0000] {dag.py:2585} INFO - Sync 1 DAGs
[2024-09-27T22:36:23.508+0000] {logging_mixin.py:120} INFO - [2024-09-27T22:36:23.507+0000] {dag.py:3340} INFO - Setting next_dagrun for tutorial_taskflow_api to None, run_after=None
[2024-09-27T22:36:23.687+0000] {processor.py:176} INFO - Processing /home/airflow/.local/lib/python3.7/site-packages/airflow/example_dags/tutorial_taskflow_api.py took 1.231 seconds
[2024-09-27T22:36:54.253+0000] {processor.py:154} INFO - Started process (PID=7185) to work on /home/airflow/.local/lib/python3.7/site-packages/airflow/example_dags/tutorial_taskflow_api.py
[2024-09-27T22:36:54.267+0000] {processor.py:756} INFO - Processing file /home/airflow/.local/lib/python3.7/site-packages/airflow/example_dags/tutorial_taskflow_api.py for tasks to queue
[2024-09-27T22:36:54.276+0000] {logging_mixin.py:120} INFO - [2024-09-27T22:36:54.275+0000] {dagbag.py:537} INFO - Filling up the DagBag from /home/airflow/.local/lib/python3.7/site-packages/airflow/example_dags/tutorial_taskflow_api.py
[2024-09-27T22:36:54.487+0000] {processor.py:766} INFO - DAG(s) dict_keys(['tutorial_taskflow_api']) retrieved from /home/airflow/.local/lib/python3.7/site-packages/airflow/example_dags/tutorial_taskflow_api.py
[2024-09-27T22:36:54.844+0000] {logging_mixin.py:120} INFO - [2024-09-27T22:36:54.843+0000] {dag.py:2585} INFO - Sync 1 DAGs
[2024-09-27T22:36:55.116+0000] {logging_mixin.py:120} INFO - [2024-09-27T22:36:55.115+0000] {dag.py:3340} INFO - Setting next_dagrun for tutorial_taskflow_api to None, run_after=None
[2024-09-27T22:36:55.282+0000] {processor.py:176} INFO - Processing /home/airflow/.local/lib/python3.7/site-packages/airflow/example_dags/tutorial_taskflow_api.py took 1.060 seconds
[2024-09-27T22:37:25.969+0000] {processor.py:154} INFO - Started process (PID=7244) to work on /home/airflow/.local/lib/python3.7/site-packages/airflow/example_dags/tutorial_taskflow_api.py
[2024-09-27T22:37:25.979+0000] {processor.py:756} INFO - Processing file /home/airflow/.local/lib/python3.7/site-packages/airflow/example_dags/tutorial_taskflow_api.py for tasks to queue
[2024-09-27T22:37:25.984+0000] {logging_mixin.py:120} INFO - [2024-09-27T22:37:25.983+0000] {dagbag.py:537} INFO - Filling up the DagBag from /home/airflow/.local/lib/python3.7/site-packages/airflow/example_dags/tutorial_taskflow_api.py
[2024-09-27T22:37:26.131+0000] {processor.py:766} INFO - DAG(s) dict_keys(['tutorial_taskflow_api']) retrieved from /home/airflow/.local/lib/python3.7/site-packages/airflow/example_dags/tutorial_taskflow_api.py
[2024-09-27T22:37:26.424+0000] {logging_mixin.py:120} INFO - [2024-09-27T22:37:26.423+0000] {dag.py:2585} INFO - Sync 1 DAGs
[2024-09-27T22:37:26.603+0000] {logging_mixin.py:120} INFO - [2024-09-27T22:37:26.602+0000] {dag.py:3340} INFO - Setting next_dagrun for tutorial_taskflow_api to None, run_after=None
[2024-09-27T22:37:26.715+0000] {processor.py:176} INFO - Processing /home/airflow/.local/lib/python3.7/site-packages/airflow/example_dags/tutorial_taskflow_api.py took 0.766 seconds
[2024-09-27T22:37:57.144+0000] {processor.py:154} INFO - Started process (PID=7294) to work on /home/airflow/.local/lib/python3.7/site-packages/airflow/example_dags/tutorial_taskflow_api.py
[2024-09-27T22:37:57.156+0000] {processor.py:756} INFO - Processing file /home/airflow/.local/lib/python3.7/site-packages/airflow/example_dags/tutorial_taskflow_api.py for tasks to queue
[2024-09-27T22:37:57.160+0000] {logging_mixin.py:120} INFO - [2024-09-27T22:37:57.160+0000] {dagbag.py:537} INFO - Filling up the DagBag from /home/airflow/.local/lib/python3.7/site-packages/airflow/example_dags/tutorial_taskflow_api.py
[2024-09-27T22:37:57.281+0000] {processor.py:766} INFO - DAG(s) dict_keys(['tutorial_taskflow_api']) retrieved from /home/airflow/.local/lib/python3.7/site-packages/airflow/example_dags/tutorial_taskflow_api.py
[2024-09-27T22:37:57.529+0000] {logging_mixin.py:120} INFO - [2024-09-27T22:37:57.528+0000] {dag.py:2585} INFO - Sync 1 DAGs
[2024-09-27T22:37:57.721+0000] {logging_mixin.py:120} INFO - [2024-09-27T22:37:57.721+0000] {dag.py:3340} INFO - Setting next_dagrun for tutorial_taskflow_api to None, run_after=None
[2024-09-27T22:37:57.861+0000] {processor.py:176} INFO - Processing /home/airflow/.local/lib/python3.7/site-packages/airflow/example_dags/tutorial_taskflow_api.py took 0.737 seconds
[2024-09-27T22:38:28.776+0000] {processor.py:154} INFO - Started process (PID=7353) to work on /home/airflow/.local/lib/python3.7/site-packages/airflow/example_dags/tutorial_taskflow_api.py
[2024-09-27T22:38:28.784+0000] {processor.py:756} INFO - Processing file /home/airflow/.local/lib/python3.7/site-packages/airflow/example_dags/tutorial_taskflow_api.py for tasks to queue
[2024-09-27T22:38:28.789+0000] {logging_mixin.py:120} INFO - [2024-09-27T22:38:28.788+0000] {dagbag.py:537} INFO - Filling up the DagBag from /home/airflow/.local/lib/python3.7/site-packages/airflow/example_dags/tutorial_taskflow_api.py
[2024-09-27T22:38:28.922+0000] {processor.py:766} INFO - DAG(s) dict_keys(['tutorial_taskflow_api']) retrieved from /home/airflow/.local/lib/python3.7/site-packages/airflow/example_dags/tutorial_taskflow_api.py
[2024-09-27T22:38:29.274+0000] {logging_mixin.py:120} INFO - [2024-09-27T22:38:29.273+0000] {dag.py:2585} INFO - Sync 1 DAGs
[2024-09-27T22:38:29.464+0000] {logging_mixin.py:120} INFO - [2024-09-27T22:38:29.463+0000] {dag.py:3340} INFO - Setting next_dagrun for tutorial_taskflow_api to None, run_after=None
[2024-09-27T22:38:29.589+0000] {processor.py:176} INFO - Processing /home/airflow/.local/lib/python3.7/site-packages/airflow/example_dags/tutorial_taskflow_api.py took 0.833 seconds
[2024-09-27T22:39:02.192+0000] {processor.py:154} INFO - Started process (PID=7412) to work on /home/airflow/.local/lib/python3.7/site-packages/airflow/example_dags/tutorial_taskflow_api.py
[2024-09-27T22:39:02.207+0000] {processor.py:756} INFO - Processing file /home/airflow/.local/lib/python3.7/site-packages/airflow/example_dags/tutorial_taskflow_api.py for tasks to queue
[2024-09-27T22:39:02.215+0000] {logging_mixin.py:120} INFO - [2024-09-27T22:39:02.214+0000] {dagbag.py:537} INFO - Filling up the DagBag from /home/airflow/.local/lib/python3.7/site-packages/airflow/example_dags/tutorial_taskflow_api.py
[2024-09-27T22:39:02.417+0000] {processor.py:766} INFO - DAG(s) dict_keys(['tutorial_taskflow_api']) retrieved from /home/airflow/.local/lib/python3.7/site-packages/airflow/example_dags/tutorial_taskflow_api.py
[2024-09-27T22:39:02.835+0000] {logging_mixin.py:120} INFO - [2024-09-27T22:39:02.834+0000] {dag.py:2585} INFO - Sync 1 DAGs
[2024-09-27T22:39:03.062+0000] {logging_mixin.py:120} INFO - [2024-09-27T22:39:03.062+0000] {dag.py:3340} INFO - Setting next_dagrun for tutorial_taskflow_api to None, run_after=None
[2024-09-27T22:39:03.217+0000] {processor.py:176} INFO - Processing /home/airflow/.local/lib/python3.7/site-packages/airflow/example_dags/tutorial_taskflow_api.py took 1.056 seconds
[2024-09-27T22:39:33.464+0000] {processor.py:154} INFO - Started process (PID=7462) to work on /home/airflow/.local/lib/python3.7/site-packages/airflow/example_dags/tutorial_taskflow_api.py
[2024-09-27T22:39:33.475+0000] {processor.py:756} INFO - Processing file /home/airflow/.local/lib/python3.7/site-packages/airflow/example_dags/tutorial_taskflow_api.py for tasks to queue
[2024-09-27T22:39:33.484+0000] {logging_mixin.py:120} INFO - [2024-09-27T22:39:33.482+0000] {dagbag.py:537} INFO - Filling up the DagBag from /home/airflow/.local/lib/python3.7/site-packages/airflow/example_dags/tutorial_taskflow_api.py
[2024-09-27T22:39:33.631+0000] {processor.py:766} INFO - DAG(s) dict_keys(['tutorial_taskflow_api']) retrieved from /home/airflow/.local/lib/python3.7/site-packages/airflow/example_dags/tutorial_taskflow_api.py
[2024-09-27T22:39:33.910+0000] {logging_mixin.py:120} INFO - [2024-09-27T22:39:33.909+0000] {dag.py:2585} INFO - Sync 1 DAGs
[2024-09-27T22:39:34.059+0000] {logging_mixin.py:120} INFO - [2024-09-27T22:39:34.059+0000] {dag.py:3340} INFO - Setting next_dagrun for tutorial_taskflow_api to None, run_after=None
[2024-09-27T22:39:34.210+0000] {processor.py:176} INFO - Processing /home/airflow/.local/lib/python3.7/site-packages/airflow/example_dags/tutorial_taskflow_api.py took 0.782 seconds
[2024-09-27T22:40:04.526+0000] {processor.py:154} INFO - Started process (PID=7521) to work on /home/airflow/.local/lib/python3.7/site-packages/airflow/example_dags/tutorial_taskflow_api.py
[2024-09-27T22:40:04.537+0000] {processor.py:756} INFO - Processing file /home/airflow/.local/lib/python3.7/site-packages/airflow/example_dags/tutorial_taskflow_api.py for tasks to queue
[2024-09-27T22:40:04.542+0000] {logging_mixin.py:120} INFO - [2024-09-27T22:40:04.542+0000] {dagbag.py:537} INFO - Filling up the DagBag from /home/airflow/.local/lib/python3.7/site-packages/airflow/example_dags/tutorial_taskflow_api.py
[2024-09-27T22:40:04.647+0000] {processor.py:766} INFO - DAG(s) dict_keys(['tutorial_taskflow_api']) retrieved from /home/airflow/.local/lib/python3.7/site-packages/airflow/example_dags/tutorial_taskflow_api.py
[2024-09-27T22:40:04.833+0000] {logging_mixin.py:120} INFO - [2024-09-27T22:40:04.832+0000] {dag.py:2585} INFO - Sync 1 DAGs
[2024-09-27T22:40:04.972+0000] {logging_mixin.py:120} INFO - [2024-09-27T22:40:04.971+0000] {dag.py:3340} INFO - Setting next_dagrun for tutorial_taskflow_api to None, run_after=None
[2024-09-27T22:40:05.073+0000] {processor.py:176} INFO - Processing /home/airflow/.local/lib/python3.7/site-packages/airflow/example_dags/tutorial_taskflow_api.py took 0.562 seconds
[2024-09-27T22:40:37.612+0000] {processor.py:154} INFO - Started process (PID=7580) to work on /home/airflow/.local/lib/python3.7/site-packages/airflow/example_dags/tutorial_taskflow_api.py
[2024-09-27T22:40:37.622+0000] {processor.py:756} INFO - Processing file /home/airflow/.local/lib/python3.7/site-packages/airflow/example_dags/tutorial_taskflow_api.py for tasks to queue
[2024-09-27T22:40:37.627+0000] {logging_mixin.py:120} INFO - [2024-09-27T22:40:37.626+0000] {dagbag.py:537} INFO - Filling up the DagBag from /home/airflow/.local/lib/python3.7/site-packages/airflow/example_dags/tutorial_taskflow_api.py
[2024-09-27T22:40:37.849+0000] {processor.py:766} INFO - DAG(s) dict_keys(['tutorial_taskflow_api']) retrieved from /home/airflow/.local/lib/python3.7/site-packages/airflow/example_dags/tutorial_taskflow_api.py
[2024-09-27T22:40:38.229+0000] {logging_mixin.py:120} INFO - [2024-09-27T22:40:38.228+0000] {dag.py:2585} INFO - Sync 1 DAGs
[2024-09-27T22:40:38.395+0000] {logging_mixin.py:120} INFO - [2024-09-27T22:40:38.394+0000] {dag.py:3340} INFO - Setting next_dagrun for tutorial_taskflow_api to None, run_after=None
[2024-09-27T22:40:38.518+0000] {processor.py:176} INFO - Processing /home/airflow/.local/lib/python3.7/site-packages/airflow/example_dags/tutorial_taskflow_api.py took 0.929 seconds
[2024-09-27T22:41:09.593+0000] {processor.py:154} INFO - Started process (PID=7639) to work on /home/airflow/.local/lib/python3.7/site-packages/airflow/example_dags/tutorial_taskflow_api.py
[2024-09-27T22:41:09.605+0000] {processor.py:756} INFO - Processing file /home/airflow/.local/lib/python3.7/site-packages/airflow/example_dags/tutorial_taskflow_api.py for tasks to queue
[2024-09-27T22:41:09.610+0000] {logging_mixin.py:120} INFO - [2024-09-27T22:41:09.609+0000] {dagbag.py:537} INFO - Filling up the DagBag from /home/airflow/.local/lib/python3.7/site-packages/airflow/example_dags/tutorial_taskflow_api.py
[2024-09-27T22:41:09.744+0000] {processor.py:766} INFO - DAG(s) dict_keys(['tutorial_taskflow_api']) retrieved from /home/airflow/.local/lib/python3.7/site-packages/airflow/example_dags/tutorial_taskflow_api.py
[2024-09-27T22:41:10.018+0000] {logging_mixin.py:120} INFO - [2024-09-27T22:41:10.017+0000] {dag.py:2585} INFO - Sync 1 DAGs
[2024-09-27T22:41:10.157+0000] {logging_mixin.py:120} INFO - [2024-09-27T22:41:10.156+0000] {dag.py:3340} INFO - Setting next_dagrun for tutorial_taskflow_api to None, run_after=None
[2024-09-27T22:41:10.266+0000] {processor.py:176} INFO - Processing /home/airflow/.local/lib/python3.7/site-packages/airflow/example_dags/tutorial_taskflow_api.py took 0.696 seconds
[2024-09-27T22:41:40.572+0000] {processor.py:154} INFO - Started process (PID=7697) to work on /home/airflow/.local/lib/python3.7/site-packages/airflow/example_dags/tutorial_taskflow_api.py
[2024-09-27T22:41:40.583+0000] {processor.py:756} INFO - Processing file /home/airflow/.local/lib/python3.7/site-packages/airflow/example_dags/tutorial_taskflow_api.py for tasks to queue
[2024-09-27T22:41:40.589+0000] {logging_mixin.py:120} INFO - [2024-09-27T22:41:40.588+0000] {dagbag.py:537} INFO - Filling up the DagBag from /home/airflow/.local/lib/python3.7/site-packages/airflow/example_dags/tutorial_taskflow_api.py
[2024-09-27T22:41:42.414+0000] {processor.py:766} INFO - DAG(s) dict_keys(['tutorial_taskflow_api']) retrieved from /home/airflow/.local/lib/python3.7/site-packages/airflow/example_dags/tutorial_taskflow_api.py
[2024-09-27T22:41:42.810+0000] {logging_mixin.py:120} INFO - [2024-09-27T22:41:42.810+0000] {dag.py:2585} INFO - Sync 1 DAGs
[2024-09-27T22:41:42.952+0000] {logging_mixin.py:120} INFO - [2024-09-27T22:41:42.952+0000] {dag.py:3340} INFO - Setting next_dagrun for tutorial_taskflow_api to None, run_after=None
[2024-09-27T22:41:43.018+0000] {processor.py:176} INFO - Processing /home/airflow/.local/lib/python3.7/site-packages/airflow/example_dags/tutorial_taskflow_api.py took 2.459 seconds
[2024-09-27T22:51:23.871+0000] {processor.py:154} INFO - Started process (PID=7723) to work on /home/airflow/.local/lib/python3.7/site-packages/airflow/example_dags/tutorial_taskflow_api.py
[2024-09-27T22:51:23.884+0000] {processor.py:756} INFO - Processing file /home/airflow/.local/lib/python3.7/site-packages/airflow/example_dags/tutorial_taskflow_api.py for tasks to queue
[2024-09-27T22:51:23.892+0000] {logging_mixin.py:120} INFO - [2024-09-27T22:51:23.891+0000] {dagbag.py:537} INFO - Filling up the DagBag from /home/airflow/.local/lib/python3.7/site-packages/airflow/example_dags/tutorial_taskflow_api.py
[2024-09-27T22:51:24.020+0000] {processor.py:766} INFO - DAG(s) dict_keys(['tutorial_taskflow_api']) retrieved from /home/airflow/.local/lib/python3.7/site-packages/airflow/example_dags/tutorial_taskflow_api.py
[2024-09-27T22:51:24.142+0000] {logging_mixin.py:120} INFO - [2024-09-27T22:51:24.142+0000] {dag.py:2585} INFO - Sync 1 DAGs
[2024-09-27T22:51:24.299+0000] {logging_mixin.py:120} INFO - [2024-09-27T22:51:24.298+0000] {dag.py:3340} INFO - Setting next_dagrun for tutorial_taskflow_api to None, run_after=None
[2024-09-27T22:51:24.351+0000] {processor.py:176} INFO - Processing /home/airflow/.local/lib/python3.7/site-packages/airflow/example_dags/tutorial_taskflow_api.py took 0.491 seconds
[2024-09-27T22:51:55.142+0000] {processor.py:154} INFO - Started process (PID=7780) to work on /home/airflow/.local/lib/python3.7/site-packages/airflow/example_dags/tutorial_taskflow_api.py
[2024-09-27T22:51:55.145+0000] {processor.py:756} INFO - Processing file /home/airflow/.local/lib/python3.7/site-packages/airflow/example_dags/tutorial_taskflow_api.py for tasks to queue
[2024-09-27T22:51:55.147+0000] {logging_mixin.py:120} INFO - [2024-09-27T22:51:55.146+0000] {dagbag.py:537} INFO - Filling up the DagBag from /home/airflow/.local/lib/python3.7/site-packages/airflow/example_dags/tutorial_taskflow_api.py
[2024-09-27T22:51:55.172+0000] {processor.py:766} INFO - DAG(s) dict_keys(['tutorial_taskflow_api']) retrieved from /home/airflow/.local/lib/python3.7/site-packages/airflow/example_dags/tutorial_taskflow_api.py
[2024-09-27T22:51:55.220+0000] {logging_mixin.py:120} INFO - [2024-09-27T22:51:55.219+0000] {dag.py:2585} INFO - Sync 1 DAGs
[2024-09-27T22:51:55.248+0000] {logging_mixin.py:120} INFO - [2024-09-27T22:51:55.248+0000] {dag.py:3340} INFO - Setting next_dagrun for tutorial_taskflow_api to None, run_after=None
[2024-09-27T22:51:55.270+0000] {processor.py:176} INFO - Processing /home/airflow/.local/lib/python3.7/site-packages/airflow/example_dags/tutorial_taskflow_api.py took 0.131 seconds
[2024-09-27T22:52:25.646+0000] {processor.py:154} INFO - Started process (PID=7847) to work on /home/airflow/.local/lib/python3.7/site-packages/airflow/example_dags/tutorial_taskflow_api.py
[2024-09-27T22:52:25.650+0000] {processor.py:756} INFO - Processing file /home/airflow/.local/lib/python3.7/site-packages/airflow/example_dags/tutorial_taskflow_api.py for tasks to queue
[2024-09-27T22:52:25.651+0000] {logging_mixin.py:120} INFO - [2024-09-27T22:52:25.651+0000] {dagbag.py:537} INFO - Filling up the DagBag from /home/airflow/.local/lib/python3.7/site-packages/airflow/example_dags/tutorial_taskflow_api.py
[2024-09-27T22:52:25.687+0000] {processor.py:766} INFO - DAG(s) dict_keys(['tutorial_taskflow_api']) retrieved from /home/airflow/.local/lib/python3.7/site-packages/airflow/example_dags/tutorial_taskflow_api.py
[2024-09-27T22:52:25.749+0000] {logging_mixin.py:120} INFO - [2024-09-27T22:52:25.749+0000] {dag.py:2585} INFO - Sync 1 DAGs
[2024-09-27T22:52:25.784+0000] {logging_mixin.py:120} INFO - [2024-09-27T22:52:25.784+0000] {dag.py:3340} INFO - Setting next_dagrun for tutorial_taskflow_api to None, run_after=None
[2024-09-27T22:52:25.813+0000] {processor.py:176} INFO - Processing /home/airflow/.local/lib/python3.7/site-packages/airflow/example_dags/tutorial_taskflow_api.py took 0.174 seconds
[2024-09-27T22:52:56.236+0000] {processor.py:154} INFO - Started process (PID=7906) to work on /home/airflow/.local/lib/python3.7/site-packages/airflow/example_dags/tutorial_taskflow_api.py
[2024-09-27T22:52:56.238+0000] {processor.py:756} INFO - Processing file /home/airflow/.local/lib/python3.7/site-packages/airflow/example_dags/tutorial_taskflow_api.py for tasks to queue
[2024-09-27T22:52:56.239+0000] {logging_mixin.py:120} INFO - [2024-09-27T22:52:56.239+0000] {dagbag.py:537} INFO - Filling up the DagBag from /home/airflow/.local/lib/python3.7/site-packages/airflow/example_dags/tutorial_taskflow_api.py
[2024-09-27T22:52:56.265+0000] {processor.py:766} INFO - DAG(s) dict_keys(['tutorial_taskflow_api']) retrieved from /home/airflow/.local/lib/python3.7/site-packages/airflow/example_dags/tutorial_taskflow_api.py
[2024-09-27T22:52:56.319+0000] {logging_mixin.py:120} INFO - [2024-09-27T22:52:56.319+0000] {dag.py:2585} INFO - Sync 1 DAGs
[2024-09-27T22:52:56.353+0000] {logging_mixin.py:120} INFO - [2024-09-27T22:52:56.353+0000] {dag.py:3340} INFO - Setting next_dagrun for tutorial_taskflow_api to None, run_after=None
[2024-09-27T22:52:56.379+0000] {processor.py:176} INFO - Processing /home/airflow/.local/lib/python3.7/site-packages/airflow/example_dags/tutorial_taskflow_api.py took 0.146 seconds
[2024-09-27T22:53:26.887+0000] {processor.py:154} INFO - Started process (PID=7973) to work on /home/airflow/.local/lib/python3.7/site-packages/airflow/example_dags/tutorial_taskflow_api.py
[2024-09-27T22:53:26.890+0000] {processor.py:756} INFO - Processing file /home/airflow/.local/lib/python3.7/site-packages/airflow/example_dags/tutorial_taskflow_api.py for tasks to queue
[2024-09-27T22:53:26.892+0000] {logging_mixin.py:120} INFO - [2024-09-27T22:53:26.891+0000] {dagbag.py:537} INFO - Filling up the DagBag from /home/airflow/.local/lib/python3.7/site-packages/airflow/example_dags/tutorial_taskflow_api.py
[2024-09-27T22:53:26.914+0000] {processor.py:766} INFO - DAG(s) dict_keys(['tutorial_taskflow_api']) retrieved from /home/airflow/.local/lib/python3.7/site-packages/airflow/example_dags/tutorial_taskflow_api.py
[2024-09-27T22:53:26.958+0000] {logging_mixin.py:120} INFO - [2024-09-27T22:53:26.958+0000] {dag.py:2585} INFO - Sync 1 DAGs
[2024-09-27T22:53:26.986+0000] {logging_mixin.py:120} INFO - [2024-09-27T22:53:26.986+0000] {dag.py:3340} INFO - Setting next_dagrun for tutorial_taskflow_api to None, run_after=None
[2024-09-27T22:53:27.008+0000] {processor.py:176} INFO - Processing /home/airflow/.local/lib/python3.7/site-packages/airflow/example_dags/tutorial_taskflow_api.py took 0.125 seconds
[2024-09-27T22:53:57.112+0000] {processor.py:154} INFO - Started process (PID=8039) to work on /home/airflow/.local/lib/python3.7/site-packages/airflow/example_dags/tutorial_taskflow_api.py
[2024-09-27T22:53:57.114+0000] {processor.py:756} INFO - Processing file /home/airflow/.local/lib/python3.7/site-packages/airflow/example_dags/tutorial_taskflow_api.py for tasks to queue
[2024-09-27T22:53:57.115+0000] {logging_mixin.py:120} INFO - [2024-09-27T22:53:57.115+0000] {dagbag.py:537} INFO - Filling up the DagBag from /home/airflow/.local/lib/python3.7/site-packages/airflow/example_dags/tutorial_taskflow_api.py
[2024-09-27T22:53:57.142+0000] {processor.py:766} INFO - DAG(s) dict_keys(['tutorial_taskflow_api']) retrieved from /home/airflow/.local/lib/python3.7/site-packages/airflow/example_dags/tutorial_taskflow_api.py
[2024-09-27T22:53:57.199+0000] {logging_mixin.py:120} INFO - [2024-09-27T22:53:57.198+0000] {dag.py:2585} INFO - Sync 1 DAGs
[2024-09-27T22:53:57.238+0000] {logging_mixin.py:120} INFO - [2024-09-27T22:53:57.237+0000] {dag.py:3340} INFO - Setting next_dagrun for tutorial_taskflow_api to None, run_after=None
[2024-09-27T22:53:57.270+0000] {processor.py:176} INFO - Processing /home/airflow/.local/lib/python3.7/site-packages/airflow/example_dags/tutorial_taskflow_api.py took 0.162 seconds
[2024-09-27T22:54:27.438+0000] {processor.py:154} INFO - Started process (PID=8099) to work on /home/airflow/.local/lib/python3.7/site-packages/airflow/example_dags/tutorial_taskflow_api.py
[2024-09-27T22:54:27.441+0000] {processor.py:756} INFO - Processing file /home/airflow/.local/lib/python3.7/site-packages/airflow/example_dags/tutorial_taskflow_api.py for tasks to queue
[2024-09-27T22:54:27.443+0000] {logging_mixin.py:120} INFO - [2024-09-27T22:54:27.443+0000] {dagbag.py:537} INFO - Filling up the DagBag from /home/airflow/.local/lib/python3.7/site-packages/airflow/example_dags/tutorial_taskflow_api.py
[2024-09-27T22:54:27.465+0000] {processor.py:766} INFO - DAG(s) dict_keys(['tutorial_taskflow_api']) retrieved from /home/airflow/.local/lib/python3.7/site-packages/airflow/example_dags/tutorial_taskflow_api.py
[2024-09-27T22:54:27.520+0000] {logging_mixin.py:120} INFO - [2024-09-27T22:54:27.520+0000] {dag.py:2585} INFO - Sync 1 DAGs
[2024-09-27T22:54:27.550+0000] {logging_mixin.py:120} INFO - [2024-09-27T22:54:27.550+0000] {dag.py:3340} INFO - Setting next_dagrun for tutorial_taskflow_api to None, run_after=None
[2024-09-27T22:54:27.575+0000] {processor.py:176} INFO - Processing /home/airflow/.local/lib/python3.7/site-packages/airflow/example_dags/tutorial_taskflow_api.py took 0.141 seconds
[2024-09-27T22:54:57.862+0000] {processor.py:154} INFO - Started process (PID=8166) to work on /home/airflow/.local/lib/python3.7/site-packages/airflow/example_dags/tutorial_taskflow_api.py
[2024-09-27T22:54:57.864+0000] {processor.py:756} INFO - Processing file /home/airflow/.local/lib/python3.7/site-packages/airflow/example_dags/tutorial_taskflow_api.py for tasks to queue
[2024-09-27T22:54:57.865+0000] {logging_mixin.py:120} INFO - [2024-09-27T22:54:57.865+0000] {dagbag.py:537} INFO - Filling up the DagBag from /home/airflow/.local/lib/python3.7/site-packages/airflow/example_dags/tutorial_taskflow_api.py
[2024-09-27T22:54:57.893+0000] {processor.py:766} INFO - DAG(s) dict_keys(['tutorial_taskflow_api']) retrieved from /home/airflow/.local/lib/python3.7/site-packages/airflow/example_dags/tutorial_taskflow_api.py
[2024-09-27T22:54:57.948+0000] {logging_mixin.py:120} INFO - [2024-09-27T22:54:57.948+0000] {dag.py:2585} INFO - Sync 1 DAGs
[2024-09-27T22:54:57.986+0000] {logging_mixin.py:120} INFO - [2024-09-27T22:54:57.986+0000] {dag.py:3340} INFO - Setting next_dagrun for tutorial_taskflow_api to None, run_after=None
[2024-09-27T22:54:58.014+0000] {processor.py:176} INFO - Processing /home/airflow/.local/lib/python3.7/site-packages/airflow/example_dags/tutorial_taskflow_api.py took 0.156 seconds
[2024-09-27T22:55:28.668+0000] {processor.py:154} INFO - Started process (PID=8225) to work on /home/airflow/.local/lib/python3.7/site-packages/airflow/example_dags/tutorial_taskflow_api.py
[2024-09-27T22:55:28.670+0000] {processor.py:756} INFO - Processing file /home/airflow/.local/lib/python3.7/site-packages/airflow/example_dags/tutorial_taskflow_api.py for tasks to queue
[2024-09-27T22:55:28.671+0000] {logging_mixin.py:120} INFO - [2024-09-27T22:55:28.671+0000] {dagbag.py:537} INFO - Filling up the DagBag from /home/airflow/.local/lib/python3.7/site-packages/airflow/example_dags/tutorial_taskflow_api.py
[2024-09-27T22:55:28.697+0000] {processor.py:766} INFO - DAG(s) dict_keys(['tutorial_taskflow_api']) retrieved from /home/airflow/.local/lib/python3.7/site-packages/airflow/example_dags/tutorial_taskflow_api.py
[2024-09-27T22:55:28.746+0000] {logging_mixin.py:120} INFO - [2024-09-27T22:55:28.746+0000] {dag.py:2585} INFO - Sync 1 DAGs
[2024-09-27T22:55:28.775+0000] {logging_mixin.py:120} INFO - [2024-09-27T22:55:28.774+0000] {dag.py:3340} INFO - Setting next_dagrun for tutorial_taskflow_api to None, run_after=None
[2024-09-27T22:55:28.798+0000] {processor.py:176} INFO - Processing /home/airflow/.local/lib/python3.7/site-packages/airflow/example_dags/tutorial_taskflow_api.py took 0.133 seconds
[2024-09-27T22:55:59.575+0000] {processor.py:154} INFO - Started process (PID=8293) to work on /home/airflow/.local/lib/python3.7/site-packages/airflow/example_dags/tutorial_taskflow_api.py
[2024-09-27T22:55:59.577+0000] {processor.py:756} INFO - Processing file /home/airflow/.local/lib/python3.7/site-packages/airflow/example_dags/tutorial_taskflow_api.py for tasks to queue
[2024-09-27T22:55:59.578+0000] {logging_mixin.py:120} INFO - [2024-09-27T22:55:59.578+0000] {dagbag.py:537} INFO - Filling up the DagBag from /home/airflow/.local/lib/python3.7/site-packages/airflow/example_dags/tutorial_taskflow_api.py
[2024-09-27T22:55:59.599+0000] {processor.py:766} INFO - DAG(s) dict_keys(['tutorial_taskflow_api']) retrieved from /home/airflow/.local/lib/python3.7/site-packages/airflow/example_dags/tutorial_taskflow_api.py
[2024-09-27T22:55:59.643+0000] {logging_mixin.py:120} INFO - [2024-09-27T22:55:59.642+0000] {dag.py:2585} INFO - Sync 1 DAGs
[2024-09-27T22:55:59.671+0000] {logging_mixin.py:120} INFO - [2024-09-27T22:55:59.670+0000] {dag.py:3340} INFO - Setting next_dagrun for tutorial_taskflow_api to None, run_after=None
[2024-09-27T22:55:59.695+0000] {processor.py:176} INFO - Processing /home/airflow/.local/lib/python3.7/site-packages/airflow/example_dags/tutorial_taskflow_api.py took 0.124 seconds
[2024-09-27T22:56:30.051+0000] {processor.py:154} INFO - Started process (PID=8363) to work on /home/airflow/.local/lib/python3.7/site-packages/airflow/example_dags/tutorial_taskflow_api.py
[2024-09-27T22:56:30.054+0000] {processor.py:756} INFO - Processing file /home/airflow/.local/lib/python3.7/site-packages/airflow/example_dags/tutorial_taskflow_api.py for tasks to queue
[2024-09-27T22:56:30.055+0000] {logging_mixin.py:120} INFO - [2024-09-27T22:56:30.055+0000] {dagbag.py:537} INFO - Filling up the DagBag from /home/airflow/.local/lib/python3.7/site-packages/airflow/example_dags/tutorial_taskflow_api.py
[2024-09-27T22:56:30.080+0000] {processor.py:766} INFO - DAG(s) dict_keys(['tutorial_taskflow_api']) retrieved from /home/airflow/.local/lib/python3.7/site-packages/airflow/example_dags/tutorial_taskflow_api.py
[2024-09-27T22:56:30.133+0000] {logging_mixin.py:120} INFO - [2024-09-27T22:56:30.132+0000] {dag.py:2585} INFO - Sync 1 DAGs
[2024-09-27T22:56:30.166+0000] {logging_mixin.py:120} INFO - [2024-09-27T22:56:30.166+0000] {dag.py:3340} INFO - Setting next_dagrun for tutorial_taskflow_api to None, run_after=None
[2024-09-27T22:56:30.202+0000] {processor.py:176} INFO - Processing /home/airflow/.local/lib/python3.7/site-packages/airflow/example_dags/tutorial_taskflow_api.py took 0.156 seconds
[2024-09-27T22:57:00.776+0000] {processor.py:154} INFO - Started process (PID=8424) to work on /home/airflow/.local/lib/python3.7/site-packages/airflow/example_dags/tutorial_taskflow_api.py
[2024-09-27T22:57:00.778+0000] {processor.py:756} INFO - Processing file /home/airflow/.local/lib/python3.7/site-packages/airflow/example_dags/tutorial_taskflow_api.py for tasks to queue
[2024-09-27T22:57:00.779+0000] {logging_mixin.py:120} INFO - [2024-09-27T22:57:00.779+0000] {dagbag.py:537} INFO - Filling up the DagBag from /home/airflow/.local/lib/python3.7/site-packages/airflow/example_dags/tutorial_taskflow_api.py
[2024-09-27T22:57:00.805+0000] {processor.py:766} INFO - DAG(s) dict_keys(['tutorial_taskflow_api']) retrieved from /home/airflow/.local/lib/python3.7/site-packages/airflow/example_dags/tutorial_taskflow_api.py
[2024-09-27T22:57:00.862+0000] {logging_mixin.py:120} INFO - [2024-09-27T22:57:00.862+0000] {dag.py:2585} INFO - Sync 1 DAGs
[2024-09-27T22:57:00.893+0000] {logging_mixin.py:120} INFO - [2024-09-27T22:57:00.893+0000] {dag.py:3340} INFO - Setting next_dagrun for tutorial_taskflow_api to None, run_after=None
[2024-09-27T22:57:00.914+0000] {processor.py:176} INFO - Processing /home/airflow/.local/lib/python3.7/site-packages/airflow/example_dags/tutorial_taskflow_api.py took 0.143 seconds
[2024-09-27T22:57:31.071+0000] {processor.py:154} INFO - Started process (PID=8494) to work on /home/airflow/.local/lib/python3.7/site-packages/airflow/example_dags/tutorial_taskflow_api.py
[2024-09-27T22:57:31.073+0000] {processor.py:756} INFO - Processing file /home/airflow/.local/lib/python3.7/site-packages/airflow/example_dags/tutorial_taskflow_api.py for tasks to queue
[2024-09-27T22:57:31.074+0000] {logging_mixin.py:120} INFO - [2024-09-27T22:57:31.074+0000] {dagbag.py:537} INFO - Filling up the DagBag from /home/airflow/.local/lib/python3.7/site-packages/airflow/example_dags/tutorial_taskflow_api.py
[2024-09-27T22:57:31.103+0000] {processor.py:766} INFO - DAG(s) dict_keys(['tutorial_taskflow_api']) retrieved from /home/airflow/.local/lib/python3.7/site-packages/airflow/example_dags/tutorial_taskflow_api.py
[2024-09-27T22:57:31.169+0000] {logging_mixin.py:120} INFO - [2024-09-27T22:57:31.169+0000] {dag.py:2585} INFO - Sync 1 DAGs
[2024-09-27T22:57:31.201+0000] {logging_mixin.py:120} INFO - [2024-09-27T22:57:31.201+0000] {dag.py:3340} INFO - Setting next_dagrun for tutorial_taskflow_api to None, run_after=None
[2024-09-27T22:57:31.227+0000] {processor.py:176} INFO - Processing /home/airflow/.local/lib/python3.7/site-packages/airflow/example_dags/tutorial_taskflow_api.py took 0.159 seconds
[2024-09-27T22:58:01.606+0000] {processor.py:154} INFO - Started process (PID=8564) to work on /home/airflow/.local/lib/python3.7/site-packages/airflow/example_dags/tutorial_taskflow_api.py
[2024-09-27T22:58:01.609+0000] {processor.py:756} INFO - Processing file /home/airflow/.local/lib/python3.7/site-packages/airflow/example_dags/tutorial_taskflow_api.py for tasks to queue
[2024-09-27T22:58:01.610+0000] {logging_mixin.py:120} INFO - [2024-09-27T22:58:01.610+0000] {dagbag.py:537} INFO - Filling up the DagBag from /home/airflow/.local/lib/python3.7/site-packages/airflow/example_dags/tutorial_taskflow_api.py
[2024-09-27T22:58:01.633+0000] {processor.py:766} INFO - DAG(s) dict_keys(['tutorial_taskflow_api']) retrieved from /home/airflow/.local/lib/python3.7/site-packages/airflow/example_dags/tutorial_taskflow_api.py
[2024-09-27T22:58:01.674+0000] {logging_mixin.py:120} INFO - [2024-09-27T22:58:01.674+0000] {dag.py:2585} INFO - Sync 1 DAGs
[2024-09-27T22:58:01.705+0000] {logging_mixin.py:120} INFO - [2024-09-27T22:58:01.705+0000] {dag.py:3340} INFO - Setting next_dagrun for tutorial_taskflow_api to None, run_after=None
[2024-09-27T22:58:01.730+0000] {processor.py:176} INFO - Processing /home/airflow/.local/lib/python3.7/site-packages/airflow/example_dags/tutorial_taskflow_api.py took 0.127 seconds
[2024-09-27T22:58:32.039+0000] {processor.py:154} INFO - Started process (PID=8625) to work on /home/airflow/.local/lib/python3.7/site-packages/airflow/example_dags/tutorial_taskflow_api.py
[2024-09-27T22:58:32.042+0000] {processor.py:756} INFO - Processing file /home/airflow/.local/lib/python3.7/site-packages/airflow/example_dags/tutorial_taskflow_api.py for tasks to queue
[2024-09-27T22:58:32.043+0000] {logging_mixin.py:120} INFO - [2024-09-27T22:58:32.043+0000] {dagbag.py:537} INFO - Filling up the DagBag from /home/airflow/.local/lib/python3.7/site-packages/airflow/example_dags/tutorial_taskflow_api.py
[2024-09-27T22:58:32.066+0000] {processor.py:766} INFO - DAG(s) dict_keys(['tutorial_taskflow_api']) retrieved from /home/airflow/.local/lib/python3.7/site-packages/airflow/example_dags/tutorial_taskflow_api.py
[2024-09-27T22:58:32.118+0000] {logging_mixin.py:120} INFO - [2024-09-27T22:58:32.118+0000] {dag.py:2585} INFO - Sync 1 DAGs
[2024-09-27T22:58:32.147+0000] {logging_mixin.py:120} INFO - [2024-09-27T22:58:32.147+0000] {dag.py:3340} INFO - Setting next_dagrun for tutorial_taskflow_api to None, run_after=None
[2024-09-27T22:58:32.167+0000] {processor.py:176} INFO - Processing /home/airflow/.local/lib/python3.7/site-packages/airflow/example_dags/tutorial_taskflow_api.py took 0.132 seconds
[2024-09-27T22:59:02.469+0000] {processor.py:154} INFO - Started process (PID=8694) to work on /home/airflow/.local/lib/python3.7/site-packages/airflow/example_dags/tutorial_taskflow_api.py
[2024-09-27T22:59:02.472+0000] {processor.py:756} INFO - Processing file /home/airflow/.local/lib/python3.7/site-packages/airflow/example_dags/tutorial_taskflow_api.py for tasks to queue
[2024-09-27T22:59:02.473+0000] {logging_mixin.py:120} INFO - [2024-09-27T22:59:02.472+0000] {dagbag.py:537} INFO - Filling up the DagBag from /home/airflow/.local/lib/python3.7/site-packages/airflow/example_dags/tutorial_taskflow_api.py
[2024-09-27T22:59:02.493+0000] {processor.py:766} INFO - DAG(s) dict_keys(['tutorial_taskflow_api']) retrieved from /home/airflow/.local/lib/python3.7/site-packages/airflow/example_dags/tutorial_taskflow_api.py
[2024-09-27T22:59:02.541+0000] {logging_mixin.py:120} INFO - [2024-09-27T22:59:02.541+0000] {dag.py:2585} INFO - Sync 1 DAGs
[2024-09-27T22:59:02.569+0000] {logging_mixin.py:120} INFO - [2024-09-27T22:59:02.568+0000] {dag.py:3340} INFO - Setting next_dagrun for tutorial_taskflow_api to None, run_after=None
[2024-09-27T22:59:02.588+0000] {processor.py:176} INFO - Processing /home/airflow/.local/lib/python3.7/site-packages/airflow/example_dags/tutorial_taskflow_api.py took 0.122 seconds
[2024-09-27T22:59:32.892+0000] {processor.py:154} INFO - Started process (PID=8763) to work on /home/airflow/.local/lib/python3.7/site-packages/airflow/example_dags/tutorial_taskflow_api.py
[2024-09-27T22:59:32.895+0000] {processor.py:756} INFO - Processing file /home/airflow/.local/lib/python3.7/site-packages/airflow/example_dags/tutorial_taskflow_api.py for tasks to queue
[2024-09-27T22:59:32.896+0000] {logging_mixin.py:120} INFO - [2024-09-27T22:59:32.896+0000] {dagbag.py:537} INFO - Filling up the DagBag from /home/airflow/.local/lib/python3.7/site-packages/airflow/example_dags/tutorial_taskflow_api.py
[2024-09-27T22:59:32.919+0000] {processor.py:766} INFO - DAG(s) dict_keys(['tutorial_taskflow_api']) retrieved from /home/airflow/.local/lib/python3.7/site-packages/airflow/example_dags/tutorial_taskflow_api.py
[2024-09-27T22:59:32.964+0000] {logging_mixin.py:120} INFO - [2024-09-27T22:59:32.964+0000] {dag.py:2585} INFO - Sync 1 DAGs
[2024-09-27T22:59:32.994+0000] {logging_mixin.py:120} INFO - [2024-09-27T22:59:32.993+0000] {dag.py:3340} INFO - Setting next_dagrun for tutorial_taskflow_api to None, run_after=None
[2024-09-27T22:59:33.016+0000] {processor.py:176} INFO - Processing /home/airflow/.local/lib/python3.7/site-packages/airflow/example_dags/tutorial_taskflow_api.py took 0.128 seconds
[2024-09-27T23:00:03.140+0000] {processor.py:154} INFO - Started process (PID=8824) to work on /home/airflow/.local/lib/python3.7/site-packages/airflow/example_dags/tutorial_taskflow_api.py
[2024-09-27T23:00:03.143+0000] {processor.py:756} INFO - Processing file /home/airflow/.local/lib/python3.7/site-packages/airflow/example_dags/tutorial_taskflow_api.py for tasks to queue
[2024-09-27T23:00:03.144+0000] {logging_mixin.py:120} INFO - [2024-09-27T23:00:03.143+0000] {dagbag.py:537} INFO - Filling up the DagBag from /home/airflow/.local/lib/python3.7/site-packages/airflow/example_dags/tutorial_taskflow_api.py
[2024-09-27T23:00:03.165+0000] {processor.py:766} INFO - DAG(s) dict_keys(['tutorial_taskflow_api']) retrieved from /home/airflow/.local/lib/python3.7/site-packages/airflow/example_dags/tutorial_taskflow_api.py
[2024-09-27T23:00:03.211+0000] {logging_mixin.py:120} INFO - [2024-09-27T23:00:03.211+0000] {dag.py:2585} INFO - Sync 1 DAGs
[2024-09-27T23:00:03.238+0000] {logging_mixin.py:120} INFO - [2024-09-27T23:00:03.237+0000] {dag.py:3340} INFO - Setting next_dagrun for tutorial_taskflow_api to None, run_after=None
[2024-09-27T23:00:03.258+0000] {processor.py:176} INFO - Processing /home/airflow/.local/lib/python3.7/site-packages/airflow/example_dags/tutorial_taskflow_api.py took 0.121 seconds
[2024-09-27T23:00:33.608+0000] {processor.py:154} INFO - Started process (PID=8894) to work on /home/airflow/.local/lib/python3.7/site-packages/airflow/example_dags/tutorial_taskflow_api.py
[2024-09-27T23:00:33.611+0000] {processor.py:756} INFO - Processing file /home/airflow/.local/lib/python3.7/site-packages/airflow/example_dags/tutorial_taskflow_api.py for tasks to queue
[2024-09-27T23:00:33.612+0000] {logging_mixin.py:120} INFO - [2024-09-27T23:00:33.611+0000] {dagbag.py:537} INFO - Filling up the DagBag from /home/airflow/.local/lib/python3.7/site-packages/airflow/example_dags/tutorial_taskflow_api.py
[2024-09-27T23:00:33.637+0000] {processor.py:766} INFO - DAG(s) dict_keys(['tutorial_taskflow_api']) retrieved from /home/airflow/.local/lib/python3.7/site-packages/airflow/example_dags/tutorial_taskflow_api.py
[2024-09-27T23:00:33.683+0000] {logging_mixin.py:120} INFO - [2024-09-27T23:00:33.683+0000] {dag.py:2585} INFO - Sync 1 DAGs
[2024-09-27T23:00:33.709+0000] {logging_mixin.py:120} INFO - [2024-09-27T23:00:33.709+0000] {dag.py:3340} INFO - Setting next_dagrun for tutorial_taskflow_api to None, run_after=None
[2024-09-27T23:00:33.734+0000] {processor.py:176} INFO - Processing /home/airflow/.local/lib/python3.7/site-packages/airflow/example_dags/tutorial_taskflow_api.py took 0.131 seconds
[2024-09-27T23:01:03.929+0000] {processor.py:154} INFO - Started process (PID=8964) to work on /home/airflow/.local/lib/python3.7/site-packages/airflow/example_dags/tutorial_taskflow_api.py
[2024-09-27T23:01:03.931+0000] {processor.py:756} INFO - Processing file /home/airflow/.local/lib/python3.7/site-packages/airflow/example_dags/tutorial_taskflow_api.py for tasks to queue
[2024-09-27T23:01:03.932+0000] {logging_mixin.py:120} INFO - [2024-09-27T23:01:03.932+0000] {dagbag.py:537} INFO - Filling up the DagBag from /home/airflow/.local/lib/python3.7/site-packages/airflow/example_dags/tutorial_taskflow_api.py
[2024-09-27T23:01:03.956+0000] {processor.py:766} INFO - DAG(s) dict_keys(['tutorial_taskflow_api']) retrieved from /home/airflow/.local/lib/python3.7/site-packages/airflow/example_dags/tutorial_taskflow_api.py
[2024-09-27T23:01:04.009+0000] {logging_mixin.py:120} INFO - [2024-09-27T23:01:04.009+0000] {dag.py:2585} INFO - Sync 1 DAGs
[2024-09-27T23:01:04.038+0000] {logging_mixin.py:120} INFO - [2024-09-27T23:01:04.038+0000] {dag.py:3340} INFO - Setting next_dagrun for tutorial_taskflow_api to None, run_after=None
[2024-09-27T23:01:04.062+0000] {processor.py:176} INFO - Processing /home/airflow/.local/lib/python3.7/site-packages/airflow/example_dags/tutorial_taskflow_api.py took 0.137 seconds
[2024-09-27T23:01:34.456+0000] {processor.py:154} INFO - Started process (PID=9025) to work on /home/airflow/.local/lib/python3.7/site-packages/airflow/example_dags/tutorial_taskflow_api.py
[2024-09-27T23:01:34.458+0000] {processor.py:756} INFO - Processing file /home/airflow/.local/lib/python3.7/site-packages/airflow/example_dags/tutorial_taskflow_api.py for tasks to queue
[2024-09-27T23:01:34.460+0000] {logging_mixin.py:120} INFO - [2024-09-27T23:01:34.459+0000] {dagbag.py:537} INFO - Filling up the DagBag from /home/airflow/.local/lib/python3.7/site-packages/airflow/example_dags/tutorial_taskflow_api.py
[2024-09-27T23:01:34.483+0000] {processor.py:766} INFO - DAG(s) dict_keys(['tutorial_taskflow_api']) retrieved from /home/airflow/.local/lib/python3.7/site-packages/airflow/example_dags/tutorial_taskflow_api.py
[2024-09-27T23:01:34.531+0000] {logging_mixin.py:120} INFO - [2024-09-27T23:01:34.530+0000] {dag.py:2585} INFO - Sync 1 DAGs
[2024-09-27T23:01:34.557+0000] {logging_mixin.py:120} INFO - [2024-09-27T23:01:34.557+0000] {dag.py:3340} INFO - Setting next_dagrun for tutorial_taskflow_api to None, run_after=None
[2024-09-27T23:01:34.576+0000] {processor.py:176} INFO - Processing /home/airflow/.local/lib/python3.7/site-packages/airflow/example_dags/tutorial_taskflow_api.py took 0.124 seconds
[2024-09-27T23:02:04.756+0000] {processor.py:154} INFO - Started process (PID=9095) to work on /home/airflow/.local/lib/python3.7/site-packages/airflow/example_dags/tutorial_taskflow_api.py
[2024-09-27T23:02:04.758+0000] {processor.py:756} INFO - Processing file /home/airflow/.local/lib/python3.7/site-packages/airflow/example_dags/tutorial_taskflow_api.py for tasks to queue
[2024-09-27T23:02:04.759+0000] {logging_mixin.py:120} INFO - [2024-09-27T23:02:04.759+0000] {dagbag.py:537} INFO - Filling up the DagBag from /home/airflow/.local/lib/python3.7/site-packages/airflow/example_dags/tutorial_taskflow_api.py
[2024-09-27T23:02:04.797+0000] {processor.py:766} INFO - DAG(s) dict_keys(['tutorial_taskflow_api']) retrieved from /home/airflow/.local/lib/python3.7/site-packages/airflow/example_dags/tutorial_taskflow_api.py
[2024-09-27T23:02:04.856+0000] {logging_mixin.py:120} INFO - [2024-09-27T23:02:04.856+0000] {dag.py:2585} INFO - Sync 1 DAGs
[2024-09-27T23:02:04.889+0000] {logging_mixin.py:120} INFO - [2024-09-27T23:02:04.889+0000] {dag.py:3340} INFO - Setting next_dagrun for tutorial_taskflow_api to None, run_after=None
[2024-09-27T23:02:04.913+0000] {processor.py:176} INFO - Processing /home/airflow/.local/lib/python3.7/site-packages/airflow/example_dags/tutorial_taskflow_api.py took 0.162 seconds
[2024-09-27T23:02:35.172+0000] {processor.py:154} INFO - Started process (PID=9165) to work on /home/airflow/.local/lib/python3.7/site-packages/airflow/example_dags/tutorial_taskflow_api.py
[2024-09-27T23:02:35.176+0000] {processor.py:756} INFO - Processing file /home/airflow/.local/lib/python3.7/site-packages/airflow/example_dags/tutorial_taskflow_api.py for tasks to queue
[2024-09-27T23:02:35.179+0000] {logging_mixin.py:120} INFO - [2024-09-27T23:02:35.178+0000] {dagbag.py:537} INFO - Filling up the DagBag from /home/airflow/.local/lib/python3.7/site-packages/airflow/example_dags/tutorial_taskflow_api.py
[2024-09-27T23:02:35.204+0000] {processor.py:766} INFO - DAG(s) dict_keys(['tutorial_taskflow_api']) retrieved from /home/airflow/.local/lib/python3.7/site-packages/airflow/example_dags/tutorial_taskflow_api.py
[2024-09-27T23:02:35.259+0000] {logging_mixin.py:120} INFO - [2024-09-27T23:02:35.259+0000] {dag.py:2585} INFO - Sync 1 DAGs
[2024-09-27T23:02:35.294+0000] {logging_mixin.py:120} INFO - [2024-09-27T23:02:35.294+0000] {dag.py:3340} INFO - Setting next_dagrun for tutorial_taskflow_api to None, run_after=None
[2024-09-27T23:02:35.321+0000] {processor.py:176} INFO - Processing /home/airflow/.local/lib/python3.7/site-packages/airflow/example_dags/tutorial_taskflow_api.py took 0.154 seconds
[2024-09-27T23:03:05.482+0000] {processor.py:154} INFO - Started process (PID=9225) to work on /home/airflow/.local/lib/python3.7/site-packages/airflow/example_dags/tutorial_taskflow_api.py
[2024-09-27T23:03:05.484+0000] {processor.py:756} INFO - Processing file /home/airflow/.local/lib/python3.7/site-packages/airflow/example_dags/tutorial_taskflow_api.py for tasks to queue
[2024-09-27T23:03:05.485+0000] {logging_mixin.py:120} INFO - [2024-09-27T23:03:05.485+0000] {dagbag.py:537} INFO - Filling up the DagBag from /home/airflow/.local/lib/python3.7/site-packages/airflow/example_dags/tutorial_taskflow_api.py
[2024-09-27T23:03:05.513+0000] {processor.py:766} INFO - DAG(s) dict_keys(['tutorial_taskflow_api']) retrieved from /home/airflow/.local/lib/python3.7/site-packages/airflow/example_dags/tutorial_taskflow_api.py
[2024-09-27T23:03:05.577+0000] {logging_mixin.py:120} INFO - [2024-09-27T23:03:05.577+0000] {dag.py:2585} INFO - Sync 1 DAGs
[2024-09-27T23:03:05.611+0000] {logging_mixin.py:120} INFO - [2024-09-27T23:03:05.611+0000] {dag.py:3340} INFO - Setting next_dagrun for tutorial_taskflow_api to None, run_after=None
[2024-09-27T23:03:05.639+0000] {processor.py:176} INFO - Processing /home/airflow/.local/lib/python3.7/site-packages/airflow/example_dags/tutorial_taskflow_api.py took 0.162 seconds
[2024-09-27T23:03:35.767+0000] {processor.py:154} INFO - Started process (PID=9296) to work on /home/airflow/.local/lib/python3.7/site-packages/airflow/example_dags/tutorial_taskflow_api.py
[2024-09-27T23:03:35.770+0000] {processor.py:756} INFO - Processing file /home/airflow/.local/lib/python3.7/site-packages/airflow/example_dags/tutorial_taskflow_api.py for tasks to queue
[2024-09-27T23:03:35.771+0000] {logging_mixin.py:120} INFO - [2024-09-27T23:03:35.771+0000] {dagbag.py:537} INFO - Filling up the DagBag from /home/airflow/.local/lib/python3.7/site-packages/airflow/example_dags/tutorial_taskflow_api.py
[2024-09-27T23:03:35.799+0000] {processor.py:766} INFO - DAG(s) dict_keys(['tutorial_taskflow_api']) retrieved from /home/airflow/.local/lib/python3.7/site-packages/airflow/example_dags/tutorial_taskflow_api.py
[2024-09-27T23:03:35.854+0000] {logging_mixin.py:120} INFO - [2024-09-27T23:03:35.854+0000] {dag.py:2585} INFO - Sync 1 DAGs
[2024-09-27T23:03:35.892+0000] {logging_mixin.py:120} INFO - [2024-09-27T23:03:35.891+0000] {dag.py:3340} INFO - Setting next_dagrun for tutorial_taskflow_api to None, run_after=None
[2024-09-27T23:03:35.923+0000] {processor.py:176} INFO - Processing /home/airflow/.local/lib/python3.7/site-packages/airflow/example_dags/tutorial_taskflow_api.py took 0.160 seconds
[2024-09-27T23:04:06.120+0000] {processor.py:154} INFO - Started process (PID=9365) to work on /home/airflow/.local/lib/python3.7/site-packages/airflow/example_dags/tutorial_taskflow_api.py
[2024-09-27T23:04:06.122+0000] {processor.py:756} INFO - Processing file /home/airflow/.local/lib/python3.7/site-packages/airflow/example_dags/tutorial_taskflow_api.py for tasks to queue
[2024-09-27T23:04:06.122+0000] {logging_mixin.py:120} INFO - [2024-09-27T23:04:06.122+0000] {dagbag.py:537} INFO - Filling up the DagBag from /home/airflow/.local/lib/python3.7/site-packages/airflow/example_dags/tutorial_taskflow_api.py
[2024-09-27T23:04:06.150+0000] {processor.py:766} INFO - DAG(s) dict_keys(['tutorial_taskflow_api']) retrieved from /home/airflow/.local/lib/python3.7/site-packages/airflow/example_dags/tutorial_taskflow_api.py
[2024-09-27T23:04:06.224+0000] {logging_mixin.py:120} INFO - [2024-09-27T23:04:06.224+0000] {dag.py:2585} INFO - Sync 1 DAGs
[2024-09-27T23:04:06.270+0000] {logging_mixin.py:120} INFO - [2024-09-27T23:04:06.269+0000] {dag.py:3340} INFO - Setting next_dagrun for tutorial_taskflow_api to None, run_after=None
[2024-09-27T23:04:06.304+0000] {processor.py:176} INFO - Processing /home/airflow/.local/lib/python3.7/site-packages/airflow/example_dags/tutorial_taskflow_api.py took 0.189 seconds
[2024-09-27T23:04:36.338+0000] {processor.py:154} INFO - Started process (PID=9430) to work on /home/airflow/.local/lib/python3.7/site-packages/airflow/example_dags/tutorial_taskflow_api.py
[2024-09-27T23:04:36.340+0000] {processor.py:756} INFO - Processing file /home/airflow/.local/lib/python3.7/site-packages/airflow/example_dags/tutorial_taskflow_api.py for tasks to queue
[2024-09-27T23:04:36.341+0000] {logging_mixin.py:120} INFO - [2024-09-27T23:04:36.341+0000] {dagbag.py:537} INFO - Filling up the DagBag from /home/airflow/.local/lib/python3.7/site-packages/airflow/example_dags/tutorial_taskflow_api.py
[2024-09-27T23:04:36.365+0000] {processor.py:766} INFO - DAG(s) dict_keys(['tutorial_taskflow_api']) retrieved from /home/airflow/.local/lib/python3.7/site-packages/airflow/example_dags/tutorial_taskflow_api.py
[2024-09-27T23:04:36.412+0000] {logging_mixin.py:120} INFO - [2024-09-27T23:04:36.412+0000] {dag.py:2585} INFO - Sync 1 DAGs
[2024-09-27T23:04:36.441+0000] {logging_mixin.py:120} INFO - [2024-09-27T23:04:36.441+0000] {dag.py:3340} INFO - Setting next_dagrun for tutorial_taskflow_api to None, run_after=None
[2024-09-27T23:04:36.463+0000] {processor.py:176} INFO - Processing /home/airflow/.local/lib/python3.7/site-packages/airflow/example_dags/tutorial_taskflow_api.py took 0.129 seconds
[2024-09-27T23:05:07.146+0000] {processor.py:154} INFO - Started process (PID=9500) to work on /home/airflow/.local/lib/python3.7/site-packages/airflow/example_dags/tutorial_taskflow_api.py
[2024-09-27T23:05:07.149+0000] {processor.py:756} INFO - Processing file /home/airflow/.local/lib/python3.7/site-packages/airflow/example_dags/tutorial_taskflow_api.py for tasks to queue
[2024-09-27T23:05:07.150+0000] {logging_mixin.py:120} INFO - [2024-09-27T23:05:07.150+0000] {dagbag.py:537} INFO - Filling up the DagBag from /home/airflow/.local/lib/python3.7/site-packages/airflow/example_dags/tutorial_taskflow_api.py
[2024-09-27T23:05:07.177+0000] {processor.py:766} INFO - DAG(s) dict_keys(['tutorial_taskflow_api']) retrieved from /home/airflow/.local/lib/python3.7/site-packages/airflow/example_dags/tutorial_taskflow_api.py
[2024-09-27T23:05:07.226+0000] {logging_mixin.py:120} INFO - [2024-09-27T23:05:07.226+0000] {dag.py:2585} INFO - Sync 1 DAGs
[2024-09-27T23:05:07.255+0000] {logging_mixin.py:120} INFO - [2024-09-27T23:05:07.255+0000] {dag.py:3340} INFO - Setting next_dagrun for tutorial_taskflow_api to None, run_after=None
[2024-09-27T23:05:07.278+0000] {processor.py:176} INFO - Processing /home/airflow/.local/lib/python3.7/site-packages/airflow/example_dags/tutorial_taskflow_api.py took 0.136 seconds
[2024-09-27T23:05:37.803+0000] {processor.py:154} INFO - Started process (PID=9567) to work on /home/airflow/.local/lib/python3.7/site-packages/airflow/example_dags/tutorial_taskflow_api.py
[2024-09-27T23:05:37.806+0000] {processor.py:756} INFO - Processing file /home/airflow/.local/lib/python3.7/site-packages/airflow/example_dags/tutorial_taskflow_api.py for tasks to queue
[2024-09-27T23:05:37.807+0000] {logging_mixin.py:120} INFO - [2024-09-27T23:05:37.807+0000] {dagbag.py:537} INFO - Filling up the DagBag from /home/airflow/.local/lib/python3.7/site-packages/airflow/example_dags/tutorial_taskflow_api.py
[2024-09-27T23:05:37.829+0000] {processor.py:766} INFO - DAG(s) dict_keys(['tutorial_taskflow_api']) retrieved from /home/airflow/.local/lib/python3.7/site-packages/airflow/example_dags/tutorial_taskflow_api.py
[2024-09-27T23:05:37.875+0000] {logging_mixin.py:120} INFO - [2024-09-27T23:05:37.874+0000] {dag.py:2585} INFO - Sync 1 DAGs
[2024-09-27T23:05:37.906+0000] {logging_mixin.py:120} INFO - [2024-09-27T23:05:37.906+0000] {dag.py:3340} INFO - Setting next_dagrun for tutorial_taskflow_api to None, run_after=None
[2024-09-27T23:05:37.931+0000] {processor.py:176} INFO - Processing /home/airflow/.local/lib/python3.7/site-packages/airflow/example_dags/tutorial_taskflow_api.py took 0.131 seconds
[2024-09-27T23:06:08.082+0000] {processor.py:154} INFO - Started process (PID=9630) to work on /home/airflow/.local/lib/python3.7/site-packages/airflow/example_dags/tutorial_taskflow_api.py
[2024-09-27T23:06:08.085+0000] {processor.py:756} INFO - Processing file /home/airflow/.local/lib/python3.7/site-packages/airflow/example_dags/tutorial_taskflow_api.py for tasks to queue
[2024-09-27T23:06:08.086+0000] {logging_mixin.py:120} INFO - [2024-09-27T23:06:08.086+0000] {dagbag.py:537} INFO - Filling up the DagBag from /home/airflow/.local/lib/python3.7/site-packages/airflow/example_dags/tutorial_taskflow_api.py
[2024-09-27T23:06:08.111+0000] {processor.py:766} INFO - DAG(s) dict_keys(['tutorial_taskflow_api']) retrieved from /home/airflow/.local/lib/python3.7/site-packages/airflow/example_dags/tutorial_taskflow_api.py
[2024-09-27T23:06:08.160+0000] {logging_mixin.py:120} INFO - [2024-09-27T23:06:08.160+0000] {dag.py:2585} INFO - Sync 1 DAGs
[2024-09-27T23:06:08.189+0000] {logging_mixin.py:120} INFO - [2024-09-27T23:06:08.189+0000] {dag.py:3340} INFO - Setting next_dagrun for tutorial_taskflow_api to None, run_after=None
[2024-09-27T23:06:08.208+0000] {processor.py:176} INFO - Processing /home/airflow/.local/lib/python3.7/site-packages/airflow/example_dags/tutorial_taskflow_api.py took 0.130 seconds
[2024-09-27T23:06:38.573+0000] {processor.py:154} INFO - Started process (PID=9706) to work on /home/airflow/.local/lib/python3.7/site-packages/airflow/example_dags/tutorial_taskflow_api.py
[2024-09-27T23:06:38.578+0000] {processor.py:756} INFO - Processing file /home/airflow/.local/lib/python3.7/site-packages/airflow/example_dags/tutorial_taskflow_api.py for tasks to queue
[2024-09-27T23:06:38.581+0000] {logging_mixin.py:120} INFO - [2024-09-27T23:06:38.580+0000] {dagbag.py:537} INFO - Filling up the DagBag from /home/airflow/.local/lib/python3.7/site-packages/airflow/example_dags/tutorial_taskflow_api.py
[2024-09-27T23:06:38.642+0000] {processor.py:766} INFO - DAG(s) dict_keys(['tutorial_taskflow_api']) retrieved from /home/airflow/.local/lib/python3.7/site-packages/airflow/example_dags/tutorial_taskflow_api.py
[2024-09-27T23:06:38.786+0000] {logging_mixin.py:120} INFO - [2024-09-27T23:06:38.786+0000] {dag.py:2585} INFO - Sync 1 DAGs
[2024-09-27T23:06:38.857+0000] {logging_mixin.py:120} INFO - [2024-09-27T23:06:38.857+0000] {dag.py:3340} INFO - Setting next_dagrun for tutorial_taskflow_api to None, run_after=None
[2024-09-27T23:06:38.897+0000] {processor.py:176} INFO - Processing /home/airflow/.local/lib/python3.7/site-packages/airflow/example_dags/tutorial_taskflow_api.py took 0.331 seconds
[2024-09-27T23:07:09.201+0000] {processor.py:154} INFO - Started process (PID=9767) to work on /home/airflow/.local/lib/python3.7/site-packages/airflow/example_dags/tutorial_taskflow_api.py
[2024-09-27T23:07:09.204+0000] {processor.py:756} INFO - Processing file /home/airflow/.local/lib/python3.7/site-packages/airflow/example_dags/tutorial_taskflow_api.py for tasks to queue
[2024-09-27T23:07:09.205+0000] {logging_mixin.py:120} INFO - [2024-09-27T23:07:09.205+0000] {dagbag.py:537} INFO - Filling up the DagBag from /home/airflow/.local/lib/python3.7/site-packages/airflow/example_dags/tutorial_taskflow_api.py
[2024-09-27T23:07:09.230+0000] {processor.py:766} INFO - DAG(s) dict_keys(['tutorial_taskflow_api']) retrieved from /home/airflow/.local/lib/python3.7/site-packages/airflow/example_dags/tutorial_taskflow_api.py
[2024-09-27T23:07:09.281+0000] {logging_mixin.py:120} INFO - [2024-09-27T23:07:09.281+0000] {dag.py:2585} INFO - Sync 1 DAGs
[2024-09-27T23:07:09.310+0000] {logging_mixin.py:120} INFO - [2024-09-27T23:07:09.310+0000] {dag.py:3340} INFO - Setting next_dagrun for tutorial_taskflow_api to None, run_after=None
[2024-09-27T23:07:09.334+0000] {processor.py:176} INFO - Processing /home/airflow/.local/lib/python3.7/site-packages/airflow/example_dags/tutorial_taskflow_api.py took 0.137 seconds
[2024-09-27T23:07:39.487+0000] {processor.py:154} INFO - Started process (PID=9837) to work on /home/airflow/.local/lib/python3.7/site-packages/airflow/example_dags/tutorial_taskflow_api.py
[2024-09-27T23:07:39.489+0000] {processor.py:756} INFO - Processing file /home/airflow/.local/lib/python3.7/site-packages/airflow/example_dags/tutorial_taskflow_api.py for tasks to queue
[2024-09-27T23:07:39.490+0000] {logging_mixin.py:120} INFO - [2024-09-27T23:07:39.490+0000] {dagbag.py:537} INFO - Filling up the DagBag from /home/airflow/.local/lib/python3.7/site-packages/airflow/example_dags/tutorial_taskflow_api.py
[2024-09-27T23:07:39.513+0000] {processor.py:766} INFO - DAG(s) dict_keys(['tutorial_taskflow_api']) retrieved from /home/airflow/.local/lib/python3.7/site-packages/airflow/example_dags/tutorial_taskflow_api.py
[2024-09-27T23:07:39.561+0000] {logging_mixin.py:120} INFO - [2024-09-27T23:07:39.561+0000] {dag.py:2585} INFO - Sync 1 DAGs
[2024-09-27T23:07:39.593+0000] {logging_mixin.py:120} INFO - [2024-09-27T23:07:39.593+0000] {dag.py:3340} INFO - Setting next_dagrun for tutorial_taskflow_api to None, run_after=None
[2024-09-27T23:07:39.618+0000] {processor.py:176} INFO - Processing /home/airflow/.local/lib/python3.7/site-packages/airflow/example_dags/tutorial_taskflow_api.py took 0.136 seconds
[2024-09-27T23:08:10.146+0000] {processor.py:154} INFO - Started process (PID=9911) to work on /home/airflow/.local/lib/python3.7/site-packages/airflow/example_dags/tutorial_taskflow_api.py
[2024-09-27T23:08:10.148+0000] {processor.py:756} INFO - Processing file /home/airflow/.local/lib/python3.7/site-packages/airflow/example_dags/tutorial_taskflow_api.py for tasks to queue
[2024-09-27T23:08:10.150+0000] {logging_mixin.py:120} INFO - [2024-09-27T23:08:10.149+0000] {dagbag.py:537} INFO - Filling up the DagBag from /home/airflow/.local/lib/python3.7/site-packages/airflow/example_dags/tutorial_taskflow_api.py
[2024-09-27T23:08:10.171+0000] {processor.py:766} INFO - DAG(s) dict_keys(['tutorial_taskflow_api']) retrieved from /home/airflow/.local/lib/python3.7/site-packages/airflow/example_dags/tutorial_taskflow_api.py
[2024-09-27T23:08:10.227+0000] {logging_mixin.py:120} INFO - [2024-09-27T23:08:10.227+0000] {dag.py:2585} INFO - Sync 1 DAGs
[2024-09-27T23:08:10.252+0000] {logging_mixin.py:120} INFO - [2024-09-27T23:08:10.251+0000] {dag.py:3340} INFO - Setting next_dagrun for tutorial_taskflow_api to None, run_after=None
[2024-09-27T23:08:10.274+0000] {processor.py:176} INFO - Processing /home/airflow/.local/lib/python3.7/site-packages/airflow/example_dags/tutorial_taskflow_api.py took 0.138 seconds
[2024-09-27T23:08:40.523+0000] {processor.py:154} INFO - Started process (PID=9972) to work on /home/airflow/.local/lib/python3.7/site-packages/airflow/example_dags/tutorial_taskflow_api.py
[2024-09-27T23:08:40.528+0000] {processor.py:756} INFO - Processing file /home/airflow/.local/lib/python3.7/site-packages/airflow/example_dags/tutorial_taskflow_api.py for tasks to queue
[2024-09-27T23:08:40.529+0000] {logging_mixin.py:120} INFO - [2024-09-27T23:08:40.529+0000] {dagbag.py:537} INFO - Filling up the DagBag from /home/airflow/.local/lib/python3.7/site-packages/airflow/example_dags/tutorial_taskflow_api.py
[2024-09-27T23:08:40.585+0000] {processor.py:766} INFO - DAG(s) dict_keys(['tutorial_taskflow_api']) retrieved from /home/airflow/.local/lib/python3.7/site-packages/airflow/example_dags/tutorial_taskflow_api.py
[2024-09-27T23:08:40.652+0000] {logging_mixin.py:120} INFO - [2024-09-27T23:08:40.652+0000] {dag.py:2585} INFO - Sync 1 DAGs
[2024-09-27T23:08:40.687+0000] {logging_mixin.py:120} INFO - [2024-09-27T23:08:40.686+0000] {dag.py:3340} INFO - Setting next_dagrun for tutorial_taskflow_api to None, run_after=None
[2024-09-27T23:08:40.715+0000] {processor.py:176} INFO - Processing /home/airflow/.local/lib/python3.7/site-packages/airflow/example_dags/tutorial_taskflow_api.py took 0.200 seconds
[2024-09-27T23:09:11.005+0000] {processor.py:154} INFO - Started process (PID=10041) to work on /home/airflow/.local/lib/python3.7/site-packages/airflow/example_dags/tutorial_taskflow_api.py
[2024-09-27T23:09:11.008+0000] {processor.py:756} INFO - Processing file /home/airflow/.local/lib/python3.7/site-packages/airflow/example_dags/tutorial_taskflow_api.py for tasks to queue
[2024-09-27T23:09:11.010+0000] {logging_mixin.py:120} INFO - [2024-09-27T23:09:11.009+0000] {dagbag.py:537} INFO - Filling up the DagBag from /home/airflow/.local/lib/python3.7/site-packages/airflow/example_dags/tutorial_taskflow_api.py
[2024-09-27T23:09:11.042+0000] {processor.py:766} INFO - DAG(s) dict_keys(['tutorial_taskflow_api']) retrieved from /home/airflow/.local/lib/python3.7/site-packages/airflow/example_dags/tutorial_taskflow_api.py
[2024-09-27T23:09:11.092+0000] {logging_mixin.py:120} INFO - [2024-09-27T23:09:11.092+0000] {dag.py:2585} INFO - Sync 1 DAGs
[2024-09-27T23:09:11.122+0000] {logging_mixin.py:120} INFO - [2024-09-27T23:09:11.122+0000] {dag.py:3340} INFO - Setting next_dagrun for tutorial_taskflow_api to None, run_after=None
[2024-09-27T23:09:11.145+0000] {processor.py:176} INFO - Processing /home/airflow/.local/lib/python3.7/site-packages/airflow/example_dags/tutorial_taskflow_api.py took 0.143 seconds
[2024-09-27T23:09:41.244+0000] {processor.py:154} INFO - Started process (PID=10110) to work on /home/airflow/.local/lib/python3.7/site-packages/airflow/example_dags/tutorial_taskflow_api.py
[2024-09-27T23:09:41.246+0000] {processor.py:756} INFO - Processing file /home/airflow/.local/lib/python3.7/site-packages/airflow/example_dags/tutorial_taskflow_api.py for tasks to queue
[2024-09-27T23:09:41.247+0000] {logging_mixin.py:120} INFO - [2024-09-27T23:09:41.247+0000] {dagbag.py:537} INFO - Filling up the DagBag from /home/airflow/.local/lib/python3.7/site-packages/airflow/example_dags/tutorial_taskflow_api.py
[2024-09-27T23:09:41.272+0000] {processor.py:766} INFO - DAG(s) dict_keys(['tutorial_taskflow_api']) retrieved from /home/airflow/.local/lib/python3.7/site-packages/airflow/example_dags/tutorial_taskflow_api.py
[2024-09-27T23:09:41.347+0000] {logging_mixin.py:120} INFO - [2024-09-27T23:09:41.347+0000] {dag.py:2585} INFO - Sync 1 DAGs
[2024-09-27T23:09:41.383+0000] {logging_mixin.py:120} INFO - [2024-09-27T23:09:41.382+0000] {dag.py:3340} INFO - Setting next_dagrun for tutorial_taskflow_api to None, run_after=None
[2024-09-27T23:09:41.406+0000] {processor.py:176} INFO - Processing /home/airflow/.local/lib/python3.7/site-packages/airflow/example_dags/tutorial_taskflow_api.py took 0.166 seconds
[2024-09-27T23:10:11.937+0000] {processor.py:154} INFO - Started process (PID=10170) to work on /home/airflow/.local/lib/python3.7/site-packages/airflow/example_dags/tutorial_taskflow_api.py
[2024-09-27T23:10:11.941+0000] {processor.py:756} INFO - Processing file /home/airflow/.local/lib/python3.7/site-packages/airflow/example_dags/tutorial_taskflow_api.py for tasks to queue
[2024-09-27T23:10:11.942+0000] {logging_mixin.py:120} INFO - [2024-09-27T23:10:11.942+0000] {dagbag.py:537} INFO - Filling up the DagBag from /home/airflow/.local/lib/python3.7/site-packages/airflow/example_dags/tutorial_taskflow_api.py
[2024-09-27T23:10:11.974+0000] {processor.py:766} INFO - DAG(s) dict_keys(['tutorial_taskflow_api']) retrieved from /home/airflow/.local/lib/python3.7/site-packages/airflow/example_dags/tutorial_taskflow_api.py
[2024-09-27T23:10:12.033+0000] {logging_mixin.py:120} INFO - [2024-09-27T23:10:12.033+0000] {dag.py:2585} INFO - Sync 1 DAGs
[2024-09-27T23:10:12.074+0000] {logging_mixin.py:120} INFO - [2024-09-27T23:10:12.073+0000] {dag.py:3340} INFO - Setting next_dagrun for tutorial_taskflow_api to None, run_after=None
[2024-09-27T23:10:12.103+0000] {processor.py:176} INFO - Processing /home/airflow/.local/lib/python3.7/site-packages/airflow/example_dags/tutorial_taskflow_api.py took 0.170 seconds
[2024-09-27T23:10:42.614+0000] {processor.py:154} INFO - Started process (PID=10240) to work on /home/airflow/.local/lib/python3.7/site-packages/airflow/example_dags/tutorial_taskflow_api.py
[2024-09-27T23:10:42.617+0000] {processor.py:756} INFO - Processing file /home/airflow/.local/lib/python3.7/site-packages/airflow/example_dags/tutorial_taskflow_api.py for tasks to queue
[2024-09-27T23:10:42.618+0000] {logging_mixin.py:120} INFO - [2024-09-27T23:10:42.618+0000] {dagbag.py:537} INFO - Filling up the DagBag from /home/airflow/.local/lib/python3.7/site-packages/airflow/example_dags/tutorial_taskflow_api.py
[2024-09-27T23:10:42.647+0000] {processor.py:766} INFO - DAG(s) dict_keys(['tutorial_taskflow_api']) retrieved from /home/airflow/.local/lib/python3.7/site-packages/airflow/example_dags/tutorial_taskflow_api.py
[2024-09-27T23:10:42.704+0000] {logging_mixin.py:120} INFO - [2024-09-27T23:10:42.704+0000] {dag.py:2585} INFO - Sync 1 DAGs
[2024-09-27T23:10:42.737+0000] {logging_mixin.py:120} INFO - [2024-09-27T23:10:42.736+0000] {dag.py:3340} INFO - Setting next_dagrun for tutorial_taskflow_api to None, run_after=None
[2024-09-27T23:10:42.763+0000] {processor.py:176} INFO - Processing /home/airflow/.local/lib/python3.7/site-packages/airflow/example_dags/tutorial_taskflow_api.py took 0.153 seconds
[2024-09-27T23:11:13.630+0000] {processor.py:154} INFO - Started process (PID=10308) to work on /home/airflow/.local/lib/python3.7/site-packages/airflow/example_dags/tutorial_taskflow_api.py
[2024-09-27T23:11:13.633+0000] {processor.py:756} INFO - Processing file /home/airflow/.local/lib/python3.7/site-packages/airflow/example_dags/tutorial_taskflow_api.py for tasks to queue
[2024-09-27T23:11:13.634+0000] {logging_mixin.py:120} INFO - [2024-09-27T23:11:13.634+0000] {dagbag.py:537} INFO - Filling up the DagBag from /home/airflow/.local/lib/python3.7/site-packages/airflow/example_dags/tutorial_taskflow_api.py
[2024-09-27T23:11:13.655+0000] {processor.py:766} INFO - DAG(s) dict_keys(['tutorial_taskflow_api']) retrieved from /home/airflow/.local/lib/python3.7/site-packages/airflow/example_dags/tutorial_taskflow_api.py
[2024-09-27T23:11:13.696+0000] {logging_mixin.py:120} INFO - [2024-09-27T23:11:13.696+0000] {dag.py:2585} INFO - Sync 1 DAGs
[2024-09-27T23:11:13.727+0000] {logging_mixin.py:120} INFO - [2024-09-27T23:11:13.727+0000] {dag.py:3340} INFO - Setting next_dagrun for tutorial_taskflow_api to None, run_after=None
[2024-09-27T23:11:13.751+0000] {processor.py:176} INFO - Processing /home/airflow/.local/lib/python3.7/site-packages/airflow/example_dags/tutorial_taskflow_api.py took 0.124 seconds
[2024-09-27T23:11:43.966+0000] {processor.py:154} INFO - Started process (PID=10367) to work on /home/airflow/.local/lib/python3.7/site-packages/airflow/example_dags/tutorial_taskflow_api.py
[2024-09-27T23:11:43.969+0000] {processor.py:756} INFO - Processing file /home/airflow/.local/lib/python3.7/site-packages/airflow/example_dags/tutorial_taskflow_api.py for tasks to queue
[2024-09-27T23:11:43.970+0000] {logging_mixin.py:120} INFO - [2024-09-27T23:11:43.970+0000] {dagbag.py:537} INFO - Filling up the DagBag from /home/airflow/.local/lib/python3.7/site-packages/airflow/example_dags/tutorial_taskflow_api.py
[2024-09-27T23:11:44.004+0000] {processor.py:766} INFO - DAG(s) dict_keys(['tutorial_taskflow_api']) retrieved from /home/airflow/.local/lib/python3.7/site-packages/airflow/example_dags/tutorial_taskflow_api.py
[2024-09-27T23:11:44.067+0000] {logging_mixin.py:120} INFO - [2024-09-27T23:11:44.066+0000] {dag.py:2585} INFO - Sync 1 DAGs
[2024-09-27T23:11:44.098+0000] {logging_mixin.py:120} INFO - [2024-09-27T23:11:44.098+0000] {dag.py:3340} INFO - Setting next_dagrun for tutorial_taskflow_api to None, run_after=None
[2024-09-27T23:11:44.123+0000] {processor.py:176} INFO - Processing /home/airflow/.local/lib/python3.7/site-packages/airflow/example_dags/tutorial_taskflow_api.py took 0.163 seconds
[2024-09-27T23:12:14.592+0000] {processor.py:154} INFO - Started process (PID=10437) to work on /home/airflow/.local/lib/python3.7/site-packages/airflow/example_dags/tutorial_taskflow_api.py
[2024-09-27T23:12:14.594+0000] {processor.py:756} INFO - Processing file /home/airflow/.local/lib/python3.7/site-packages/airflow/example_dags/tutorial_taskflow_api.py for tasks to queue
[2024-09-27T23:12:14.595+0000] {logging_mixin.py:120} INFO - [2024-09-27T23:12:14.595+0000] {dagbag.py:537} INFO - Filling up the DagBag from /home/airflow/.local/lib/python3.7/site-packages/airflow/example_dags/tutorial_taskflow_api.py
[2024-09-27T23:12:14.620+0000] {processor.py:766} INFO - DAG(s) dict_keys(['tutorial_taskflow_api']) retrieved from /home/airflow/.local/lib/python3.7/site-packages/airflow/example_dags/tutorial_taskflow_api.py
[2024-09-27T23:12:14.681+0000] {logging_mixin.py:120} INFO - [2024-09-27T23:12:14.680+0000] {dag.py:2585} INFO - Sync 1 DAGs
[2024-09-27T23:12:14.717+0000] {logging_mixin.py:120} INFO - [2024-09-27T23:12:14.717+0000] {dag.py:3340} INFO - Setting next_dagrun for tutorial_taskflow_api to None, run_after=None
[2024-09-27T23:12:14.750+0000] {processor.py:176} INFO - Processing /home/airflow/.local/lib/python3.7/site-packages/airflow/example_dags/tutorial_taskflow_api.py took 0.161 seconds
[2024-09-27T23:12:45.561+0000] {processor.py:154} INFO - Started process (PID=10506) to work on /home/airflow/.local/lib/python3.7/site-packages/airflow/example_dags/tutorial_taskflow_api.py
[2024-09-27T23:12:45.564+0000] {processor.py:756} INFO - Processing file /home/airflow/.local/lib/python3.7/site-packages/airflow/example_dags/tutorial_taskflow_api.py for tasks to queue
[2024-09-27T23:12:45.565+0000] {logging_mixin.py:120} INFO - [2024-09-27T23:12:45.564+0000] {dagbag.py:537} INFO - Filling up the DagBag from /home/airflow/.local/lib/python3.7/site-packages/airflow/example_dags/tutorial_taskflow_api.py
[2024-09-27T23:12:45.586+0000] {processor.py:766} INFO - DAG(s) dict_keys(['tutorial_taskflow_api']) retrieved from /home/airflow/.local/lib/python3.7/site-packages/airflow/example_dags/tutorial_taskflow_api.py
[2024-09-27T23:12:45.630+0000] {logging_mixin.py:120} INFO - [2024-09-27T23:12:45.629+0000] {dag.py:2585} INFO - Sync 1 DAGs
[2024-09-27T23:12:45.657+0000] {logging_mixin.py:120} INFO - [2024-09-27T23:12:45.657+0000] {dag.py:3340} INFO - Setting next_dagrun for tutorial_taskflow_api to None, run_after=None
[2024-09-27T23:12:45.679+0000] {processor.py:176} INFO - Processing /home/airflow/.local/lib/python3.7/site-packages/airflow/example_dags/tutorial_taskflow_api.py took 0.121 seconds
[2024-09-27T23:13:15.850+0000] {processor.py:154} INFO - Started process (PID=10568) to work on /home/airflow/.local/lib/python3.7/site-packages/airflow/example_dags/tutorial_taskflow_api.py
[2024-09-27T23:13:15.853+0000] {processor.py:756} INFO - Processing file /home/airflow/.local/lib/python3.7/site-packages/airflow/example_dags/tutorial_taskflow_api.py for tasks to queue
[2024-09-27T23:13:15.855+0000] {logging_mixin.py:120} INFO - [2024-09-27T23:13:15.854+0000] {dagbag.py:537} INFO - Filling up the DagBag from /home/airflow/.local/lib/python3.7/site-packages/airflow/example_dags/tutorial_taskflow_api.py
[2024-09-27T23:13:15.903+0000] {processor.py:766} INFO - DAG(s) dict_keys(['tutorial_taskflow_api']) retrieved from /home/airflow/.local/lib/python3.7/site-packages/airflow/example_dags/tutorial_taskflow_api.py
[2024-09-27T23:13:15.970+0000] {logging_mixin.py:120} INFO - [2024-09-27T23:13:15.970+0000] {dag.py:2585} INFO - Sync 1 DAGs
[2024-09-27T23:13:16.009+0000] {logging_mixin.py:120} INFO - [2024-09-27T23:13:16.009+0000] {dag.py:3340} INFO - Setting next_dagrun for tutorial_taskflow_api to None, run_after=None
[2024-09-27T23:13:16.035+0000] {processor.py:176} INFO - Processing /home/airflow/.local/lib/python3.7/site-packages/airflow/example_dags/tutorial_taskflow_api.py took 0.194 seconds
[2024-09-27T23:13:46.370+0000] {processor.py:154} INFO - Started process (PID=10638) to work on /home/airflow/.local/lib/python3.7/site-packages/airflow/example_dags/tutorial_taskflow_api.py
[2024-09-27T23:13:46.373+0000] {processor.py:756} INFO - Processing file /home/airflow/.local/lib/python3.7/site-packages/airflow/example_dags/tutorial_taskflow_api.py for tasks to queue
[2024-09-27T23:13:46.375+0000] {logging_mixin.py:120} INFO - [2024-09-27T23:13:46.375+0000] {dagbag.py:537} INFO - Filling up the DagBag from /home/airflow/.local/lib/python3.7/site-packages/airflow/example_dags/tutorial_taskflow_api.py
[2024-09-27T23:13:46.404+0000] {processor.py:766} INFO - DAG(s) dict_keys(['tutorial_taskflow_api']) retrieved from /home/airflow/.local/lib/python3.7/site-packages/airflow/example_dags/tutorial_taskflow_api.py
[2024-09-27T23:13:46.468+0000] {logging_mixin.py:120} INFO - [2024-09-27T23:13:46.468+0000] {dag.py:2585} INFO - Sync 1 DAGs
[2024-09-27T23:13:46.502+0000] {logging_mixin.py:120} INFO - [2024-09-27T23:13:46.502+0000] {dag.py:3340} INFO - Setting next_dagrun for tutorial_taskflow_api to None, run_after=None
[2024-09-27T23:13:46.531+0000] {processor.py:176} INFO - Processing /home/airflow/.local/lib/python3.7/site-packages/airflow/example_dags/tutorial_taskflow_api.py took 0.167 seconds
[2024-09-27T23:14:17.191+0000] {processor.py:154} INFO - Started process (PID=10709) to work on /home/airflow/.local/lib/python3.7/site-packages/airflow/example_dags/tutorial_taskflow_api.py
[2024-09-27T23:14:17.195+0000] {processor.py:756} INFO - Processing file /home/airflow/.local/lib/python3.7/site-packages/airflow/example_dags/tutorial_taskflow_api.py for tasks to queue
[2024-09-27T23:14:17.198+0000] {logging_mixin.py:120} INFO - [2024-09-27T23:14:17.198+0000] {dagbag.py:537} INFO - Filling up the DagBag from /home/airflow/.local/lib/python3.7/site-packages/airflow/example_dags/tutorial_taskflow_api.py
[2024-09-27T23:14:17.250+0000] {processor.py:766} INFO - DAG(s) dict_keys(['tutorial_taskflow_api']) retrieved from /home/airflow/.local/lib/python3.7/site-packages/airflow/example_dags/tutorial_taskflow_api.py
[2024-09-27T23:14:17.334+0000] {logging_mixin.py:120} INFO - [2024-09-27T23:14:17.334+0000] {dag.py:2585} INFO - Sync 1 DAGs
[2024-09-27T23:14:17.382+0000] {logging_mixin.py:120} INFO - [2024-09-27T23:14:17.382+0000] {dag.py:3340} INFO - Setting next_dagrun for tutorial_taskflow_api to None, run_after=None
[2024-09-27T23:14:17.410+0000] {processor.py:176} INFO - Processing /home/airflow/.local/lib/python3.7/site-packages/airflow/example_dags/tutorial_taskflow_api.py took 0.226 seconds
[2024-09-27T23:14:48.200+0000] {processor.py:154} INFO - Started process (PID=10779) to work on /home/airflow/.local/lib/python3.7/site-packages/airflow/example_dags/tutorial_taskflow_api.py
[2024-09-27T23:14:48.202+0000] {processor.py:756} INFO - Processing file /home/airflow/.local/lib/python3.7/site-packages/airflow/example_dags/tutorial_taskflow_api.py for tasks to queue
[2024-09-27T23:14:48.203+0000] {logging_mixin.py:120} INFO - [2024-09-27T23:14:48.203+0000] {dagbag.py:537} INFO - Filling up the DagBag from /home/airflow/.local/lib/python3.7/site-packages/airflow/example_dags/tutorial_taskflow_api.py
[2024-09-27T23:14:48.229+0000] {processor.py:766} INFO - DAG(s) dict_keys(['tutorial_taskflow_api']) retrieved from /home/airflow/.local/lib/python3.7/site-packages/airflow/example_dags/tutorial_taskflow_api.py
[2024-09-27T23:14:48.278+0000] {logging_mixin.py:120} INFO - [2024-09-27T23:14:48.278+0000] {dag.py:2585} INFO - Sync 1 DAGs
[2024-09-27T23:14:48.305+0000] {logging_mixin.py:120} INFO - [2024-09-27T23:14:48.305+0000] {dag.py:3340} INFO - Setting next_dagrun for tutorial_taskflow_api to None, run_after=None
[2024-09-27T23:14:48.330+0000] {processor.py:176} INFO - Processing /home/airflow/.local/lib/python3.7/site-packages/airflow/example_dags/tutorial_taskflow_api.py took 0.134 seconds
[2024-09-27T23:15:18.459+0000] {processor.py:154} INFO - Started process (PID=10841) to work on /home/airflow/.local/lib/python3.7/site-packages/airflow/example_dags/tutorial_taskflow_api.py
[2024-09-27T23:15:18.461+0000] {processor.py:756} INFO - Processing file /home/airflow/.local/lib/python3.7/site-packages/airflow/example_dags/tutorial_taskflow_api.py for tasks to queue
[2024-09-27T23:15:18.461+0000] {logging_mixin.py:120} INFO - [2024-09-27T23:15:18.461+0000] {dagbag.py:537} INFO - Filling up the DagBag from /home/airflow/.local/lib/python3.7/site-packages/airflow/example_dags/tutorial_taskflow_api.py
[2024-09-27T23:15:18.487+0000] {processor.py:766} INFO - DAG(s) dict_keys(['tutorial_taskflow_api']) retrieved from /home/airflow/.local/lib/python3.7/site-packages/airflow/example_dags/tutorial_taskflow_api.py
[2024-09-27T23:15:18.535+0000] {logging_mixin.py:120} INFO - [2024-09-27T23:15:18.535+0000] {dag.py:2585} INFO - Sync 1 DAGs
[2024-09-27T23:15:18.561+0000] {logging_mixin.py:120} INFO - [2024-09-27T23:15:18.561+0000] {dag.py:3340} INFO - Setting next_dagrun for tutorial_taskflow_api to None, run_after=None
[2024-09-27T23:15:18.581+0000] {processor.py:176} INFO - Processing /home/airflow/.local/lib/python3.7/site-packages/airflow/example_dags/tutorial_taskflow_api.py took 0.127 seconds
[2024-09-27T23:15:48.763+0000] {processor.py:154} INFO - Started process (PID=10911) to work on /home/airflow/.local/lib/python3.7/site-packages/airflow/example_dags/tutorial_taskflow_api.py
[2024-09-27T23:15:48.766+0000] {processor.py:756} INFO - Processing file /home/airflow/.local/lib/python3.7/site-packages/airflow/example_dags/tutorial_taskflow_api.py for tasks to queue
[2024-09-27T23:15:48.767+0000] {logging_mixin.py:120} INFO - [2024-09-27T23:15:48.767+0000] {dagbag.py:537} INFO - Filling up the DagBag from /home/airflow/.local/lib/python3.7/site-packages/airflow/example_dags/tutorial_taskflow_api.py
[2024-09-27T23:15:48.795+0000] {processor.py:766} INFO - DAG(s) dict_keys(['tutorial_taskflow_api']) retrieved from /home/airflow/.local/lib/python3.7/site-packages/airflow/example_dags/tutorial_taskflow_api.py
[2024-09-27T23:15:48.851+0000] {logging_mixin.py:120} INFO - [2024-09-27T23:15:48.851+0000] {dag.py:2585} INFO - Sync 1 DAGs
[2024-09-27T23:15:48.880+0000] {logging_mixin.py:120} INFO - [2024-09-27T23:15:48.880+0000] {dag.py:3340} INFO - Setting next_dagrun for tutorial_taskflow_api to None, run_after=None
[2024-09-27T23:15:48.898+0000] {processor.py:176} INFO - Processing /home/airflow/.local/lib/python3.7/site-packages/airflow/example_dags/tutorial_taskflow_api.py took 0.139 seconds
[2024-09-27T23:16:19.211+0000] {processor.py:154} INFO - Started process (PID=10981) to work on /home/airflow/.local/lib/python3.7/site-packages/airflow/example_dags/tutorial_taskflow_api.py
[2024-09-27T23:16:19.214+0000] {processor.py:756} INFO - Processing file /home/airflow/.local/lib/python3.7/site-packages/airflow/example_dags/tutorial_taskflow_api.py for tasks to queue
[2024-09-27T23:16:19.215+0000] {logging_mixin.py:120} INFO - [2024-09-27T23:16:19.215+0000] {dagbag.py:537} INFO - Filling up the DagBag from /home/airflow/.local/lib/python3.7/site-packages/airflow/example_dags/tutorial_taskflow_api.py
[2024-09-27T23:16:19.243+0000] {processor.py:766} INFO - DAG(s) dict_keys(['tutorial_taskflow_api']) retrieved from /home/airflow/.local/lib/python3.7/site-packages/airflow/example_dags/tutorial_taskflow_api.py
[2024-09-27T23:16:19.300+0000] {logging_mixin.py:120} INFO - [2024-09-27T23:16:19.300+0000] {dag.py:2585} INFO - Sync 1 DAGs
[2024-09-27T23:16:19.335+0000] {logging_mixin.py:120} INFO - [2024-09-27T23:16:19.334+0000] {dag.py:3340} INFO - Setting next_dagrun for tutorial_taskflow_api to None, run_after=None
[2024-09-27T23:16:19.359+0000] {processor.py:176} INFO - Processing /home/airflow/.local/lib/python3.7/site-packages/airflow/example_dags/tutorial_taskflow_api.py took 0.153 seconds
[2024-09-27T23:16:49.651+0000] {processor.py:154} INFO - Started process (PID=11043) to work on /home/airflow/.local/lib/python3.7/site-packages/airflow/example_dags/tutorial_taskflow_api.py
[2024-09-27T23:16:49.653+0000] {processor.py:756} INFO - Processing file /home/airflow/.local/lib/python3.7/site-packages/airflow/example_dags/tutorial_taskflow_api.py for tasks to queue
[2024-09-27T23:16:49.654+0000] {logging_mixin.py:120} INFO - [2024-09-27T23:16:49.654+0000] {dagbag.py:537} INFO - Filling up the DagBag from /home/airflow/.local/lib/python3.7/site-packages/airflow/example_dags/tutorial_taskflow_api.py
[2024-09-27T23:16:49.678+0000] {processor.py:766} INFO - DAG(s) dict_keys(['tutorial_taskflow_api']) retrieved from /home/airflow/.local/lib/python3.7/site-packages/airflow/example_dags/tutorial_taskflow_api.py
[2024-09-27T23:16:49.726+0000] {logging_mixin.py:120} INFO - [2024-09-27T23:16:49.725+0000] {dag.py:2585} INFO - Sync 1 DAGs
[2024-09-27T23:16:49.757+0000] {logging_mixin.py:120} INFO - [2024-09-27T23:16:49.757+0000] {dag.py:3340} INFO - Setting next_dagrun for tutorial_taskflow_api to None, run_after=None
[2024-09-27T23:16:49.779+0000] {processor.py:176} INFO - Processing /home/airflow/.local/lib/python3.7/site-packages/airflow/example_dags/tutorial_taskflow_api.py took 0.133 seconds
[2024-09-27T23:17:20.049+0000] {processor.py:154} INFO - Started process (PID=11114) to work on /home/airflow/.local/lib/python3.7/site-packages/airflow/example_dags/tutorial_taskflow_api.py
[2024-09-27T23:17:20.051+0000] {processor.py:756} INFO - Processing file /home/airflow/.local/lib/python3.7/site-packages/airflow/example_dags/tutorial_taskflow_api.py for tasks to queue
[2024-09-27T23:17:20.052+0000] {logging_mixin.py:120} INFO - [2024-09-27T23:17:20.052+0000] {dagbag.py:537} INFO - Filling up the DagBag from /home/airflow/.local/lib/python3.7/site-packages/airflow/example_dags/tutorial_taskflow_api.py
[2024-09-27T23:17:20.076+0000] {processor.py:766} INFO - DAG(s) dict_keys(['tutorial_taskflow_api']) retrieved from /home/airflow/.local/lib/python3.7/site-packages/airflow/example_dags/tutorial_taskflow_api.py
[2024-09-27T23:17:20.120+0000] {logging_mixin.py:120} INFO - [2024-09-27T23:17:20.120+0000] {dag.py:2585} INFO - Sync 1 DAGs
[2024-09-27T23:17:20.156+0000] {logging_mixin.py:120} INFO - [2024-09-27T23:17:20.156+0000] {dag.py:3340} INFO - Setting next_dagrun for tutorial_taskflow_api to None, run_after=None
[2024-09-27T23:17:20.183+0000] {processor.py:176} INFO - Processing /home/airflow/.local/lib/python3.7/site-packages/airflow/example_dags/tutorial_taskflow_api.py took 0.138 seconds
[2024-09-27T23:17:50.305+0000] {processor.py:154} INFO - Started process (PID=11184) to work on /home/airflow/.local/lib/python3.7/site-packages/airflow/example_dags/tutorial_taskflow_api.py
[2024-09-27T23:17:50.307+0000] {processor.py:756} INFO - Processing file /home/airflow/.local/lib/python3.7/site-packages/airflow/example_dags/tutorial_taskflow_api.py for tasks to queue
[2024-09-27T23:17:50.308+0000] {logging_mixin.py:120} INFO - [2024-09-27T23:17:50.308+0000] {dagbag.py:537} INFO - Filling up the DagBag from /home/airflow/.local/lib/python3.7/site-packages/airflow/example_dags/tutorial_taskflow_api.py
[2024-09-27T23:17:50.332+0000] {processor.py:766} INFO - DAG(s) dict_keys(['tutorial_taskflow_api']) retrieved from /home/airflow/.local/lib/python3.7/site-packages/airflow/example_dags/tutorial_taskflow_api.py
[2024-09-27T23:17:50.375+0000] {logging_mixin.py:120} INFO - [2024-09-27T23:17:50.374+0000] {dag.py:2585} INFO - Sync 1 DAGs
[2024-09-27T23:17:50.402+0000] {logging_mixin.py:120} INFO - [2024-09-27T23:17:50.402+0000] {dag.py:3340} INFO - Setting next_dagrun for tutorial_taskflow_api to None, run_after=None
[2024-09-27T23:17:50.424+0000] {processor.py:176} INFO - Processing /home/airflow/.local/lib/python3.7/site-packages/airflow/example_dags/tutorial_taskflow_api.py took 0.123 seconds
[2024-09-27T23:18:20.832+0000] {processor.py:154} INFO - Started process (PID=11246) to work on /home/airflow/.local/lib/python3.7/site-packages/airflow/example_dags/tutorial_taskflow_api.py
[2024-09-27T23:18:20.834+0000] {processor.py:756} INFO - Processing file /home/airflow/.local/lib/python3.7/site-packages/airflow/example_dags/tutorial_taskflow_api.py for tasks to queue
[2024-09-27T23:18:20.835+0000] {logging_mixin.py:120} INFO - [2024-09-27T23:18:20.835+0000] {dagbag.py:537} INFO - Filling up the DagBag from /home/airflow/.local/lib/python3.7/site-packages/airflow/example_dags/tutorial_taskflow_api.py
[2024-09-27T23:18:20.859+0000] {processor.py:766} INFO - DAG(s) dict_keys(['tutorial_taskflow_api']) retrieved from /home/airflow/.local/lib/python3.7/site-packages/airflow/example_dags/tutorial_taskflow_api.py
[2024-09-27T23:18:20.902+0000] {logging_mixin.py:120} INFO - [2024-09-27T23:18:20.902+0000] {dag.py:2585} INFO - Sync 1 DAGs
[2024-09-27T23:18:20.928+0000] {logging_mixin.py:120} INFO - [2024-09-27T23:18:20.928+0000] {dag.py:3340} INFO - Setting next_dagrun for tutorial_taskflow_api to None, run_after=None
[2024-09-27T23:18:20.959+0000] {processor.py:176} INFO - Processing /home/airflow/.local/lib/python3.7/site-packages/airflow/example_dags/tutorial_taskflow_api.py took 0.131 seconds
[2024-09-27T23:18:51.661+0000] {processor.py:154} INFO - Started process (PID=11316) to work on /home/airflow/.local/lib/python3.7/site-packages/airflow/example_dags/tutorial_taskflow_api.py
[2024-09-27T23:18:51.663+0000] {processor.py:756} INFO - Processing file /home/airflow/.local/lib/python3.7/site-packages/airflow/example_dags/tutorial_taskflow_api.py for tasks to queue
[2024-09-27T23:18:51.664+0000] {logging_mixin.py:120} INFO - [2024-09-27T23:18:51.664+0000] {dagbag.py:537} INFO - Filling up the DagBag from /home/airflow/.local/lib/python3.7/site-packages/airflow/example_dags/tutorial_taskflow_api.py
[2024-09-27T23:18:51.688+0000] {processor.py:766} INFO - DAG(s) dict_keys(['tutorial_taskflow_api']) retrieved from /home/airflow/.local/lib/python3.7/site-packages/airflow/example_dags/tutorial_taskflow_api.py
[2024-09-27T23:18:51.740+0000] {logging_mixin.py:120} INFO - [2024-09-27T23:18:51.740+0000] {dag.py:2585} INFO - Sync 1 DAGs
[2024-09-27T23:18:51.767+0000] {logging_mixin.py:120} INFO - [2024-09-27T23:18:51.767+0000] {dag.py:3340} INFO - Setting next_dagrun for tutorial_taskflow_api to None, run_after=None
[2024-09-27T23:18:51.785+0000] {processor.py:176} INFO - Processing /home/airflow/.local/lib/python3.7/site-packages/airflow/example_dags/tutorial_taskflow_api.py took 0.128 seconds
[2024-09-27T23:19:22.018+0000] {processor.py:154} INFO - Started process (PID=11388) to work on /home/airflow/.local/lib/python3.7/site-packages/airflow/example_dags/tutorial_taskflow_api.py
[2024-09-27T23:19:22.020+0000] {processor.py:756} INFO - Processing file /home/airflow/.local/lib/python3.7/site-packages/airflow/example_dags/tutorial_taskflow_api.py for tasks to queue
[2024-09-27T23:19:22.021+0000] {logging_mixin.py:120} INFO - [2024-09-27T23:19:22.021+0000] {dagbag.py:537} INFO - Filling up the DagBag from /home/airflow/.local/lib/python3.7/site-packages/airflow/example_dags/tutorial_taskflow_api.py
[2024-09-27T23:19:22.051+0000] {processor.py:766} INFO - DAG(s) dict_keys(['tutorial_taskflow_api']) retrieved from /home/airflow/.local/lib/python3.7/site-packages/airflow/example_dags/tutorial_taskflow_api.py
[2024-09-27T23:19:22.105+0000] {logging_mixin.py:120} INFO - [2024-09-27T23:19:22.105+0000] {dag.py:2585} INFO - Sync 1 DAGs
[2024-09-27T23:19:22.137+0000] {logging_mixin.py:120} INFO - [2024-09-27T23:19:22.137+0000] {dag.py:3340} INFO - Setting next_dagrun for tutorial_taskflow_api to None, run_after=None
[2024-09-27T23:19:22.160+0000] {processor.py:176} INFO - Processing /home/airflow/.local/lib/python3.7/site-packages/airflow/example_dags/tutorial_taskflow_api.py took 0.146 seconds
[2024-09-27T23:19:52.822+0000] {processor.py:154} INFO - Started process (PID=11459) to work on /home/airflow/.local/lib/python3.7/site-packages/airflow/example_dags/tutorial_taskflow_api.py
[2024-09-27T23:19:52.824+0000] {processor.py:756} INFO - Processing file /home/airflow/.local/lib/python3.7/site-packages/airflow/example_dags/tutorial_taskflow_api.py for tasks to queue
[2024-09-27T23:19:52.825+0000] {logging_mixin.py:120} INFO - [2024-09-27T23:19:52.825+0000] {dagbag.py:537} INFO - Filling up the DagBag from /home/airflow/.local/lib/python3.7/site-packages/airflow/example_dags/tutorial_taskflow_api.py
[2024-09-27T23:19:52.851+0000] {processor.py:766} INFO - DAG(s) dict_keys(['tutorial_taskflow_api']) retrieved from /home/airflow/.local/lib/python3.7/site-packages/airflow/example_dags/tutorial_taskflow_api.py
[2024-09-27T23:19:52.916+0000] {logging_mixin.py:120} INFO - [2024-09-27T23:19:52.916+0000] {dag.py:2585} INFO - Sync 1 DAGs
[2024-09-27T23:19:52.948+0000] {logging_mixin.py:120} INFO - [2024-09-27T23:19:52.948+0000] {dag.py:3340} INFO - Setting next_dagrun for tutorial_taskflow_api to None, run_after=None
[2024-09-27T23:19:52.977+0000] {processor.py:176} INFO - Processing /home/airflow/.local/lib/python3.7/site-packages/airflow/example_dags/tutorial_taskflow_api.py took 0.159 seconds
[2024-09-27T23:20:23.229+0000] {processor.py:154} INFO - Started process (PID=11521) to work on /home/airflow/.local/lib/python3.7/site-packages/airflow/example_dags/tutorial_taskflow_api.py
[2024-09-27T23:20:23.231+0000] {processor.py:756} INFO - Processing file /home/airflow/.local/lib/python3.7/site-packages/airflow/example_dags/tutorial_taskflow_api.py for tasks to queue
[2024-09-27T23:20:23.233+0000] {logging_mixin.py:120} INFO - [2024-09-27T23:20:23.233+0000] {dagbag.py:537} INFO - Filling up the DagBag from /home/airflow/.local/lib/python3.7/site-packages/airflow/example_dags/tutorial_taskflow_api.py
[2024-09-27T23:20:23.261+0000] {processor.py:766} INFO - DAG(s) dict_keys(['tutorial_taskflow_api']) retrieved from /home/airflow/.local/lib/python3.7/site-packages/airflow/example_dags/tutorial_taskflow_api.py
[2024-09-27T23:20:23.322+0000] {logging_mixin.py:120} INFO - [2024-09-27T23:20:23.322+0000] {dag.py:2585} INFO - Sync 1 DAGs
[2024-09-27T23:20:23.356+0000] {logging_mixin.py:120} INFO - [2024-09-27T23:20:23.356+0000] {dag.py:3340} INFO - Setting next_dagrun for tutorial_taskflow_api to None, run_after=None
[2024-09-27T23:20:23.381+0000] {processor.py:176} INFO - Processing /home/airflow/.local/lib/python3.7/site-packages/airflow/example_dags/tutorial_taskflow_api.py took 0.157 seconds
[2024-09-27T23:20:54.053+0000] {processor.py:154} INFO - Started process (PID=11593) to work on /home/airflow/.local/lib/python3.7/site-packages/airflow/example_dags/tutorial_taskflow_api.py
[2024-09-27T23:20:54.057+0000] {processor.py:756} INFO - Processing file /home/airflow/.local/lib/python3.7/site-packages/airflow/example_dags/tutorial_taskflow_api.py for tasks to queue
[2024-09-27T23:20:54.058+0000] {logging_mixin.py:120} INFO - [2024-09-27T23:20:54.057+0000] {dagbag.py:537} INFO - Filling up the DagBag from /home/airflow/.local/lib/python3.7/site-packages/airflow/example_dags/tutorial_taskflow_api.py
[2024-09-27T23:20:54.094+0000] {processor.py:766} INFO - DAG(s) dict_keys(['tutorial_taskflow_api']) retrieved from /home/airflow/.local/lib/python3.7/site-packages/airflow/example_dags/tutorial_taskflow_api.py
[2024-09-27T23:20:54.150+0000] {logging_mixin.py:120} INFO - [2024-09-27T23:20:54.150+0000] {dag.py:2585} INFO - Sync 1 DAGs
[2024-09-27T23:20:54.184+0000] {logging_mixin.py:120} INFO - [2024-09-27T23:20:54.184+0000] {dag.py:3340} INFO - Setting next_dagrun for tutorial_taskflow_api to None, run_after=None
[2024-09-27T23:20:54.207+0000] {processor.py:176} INFO - Processing /home/airflow/.local/lib/python3.7/site-packages/airflow/example_dags/tutorial_taskflow_api.py took 0.159 seconds
[2024-09-27T23:21:24.286+0000] {processor.py:154} INFO - Started process (PID=11664) to work on /home/airflow/.local/lib/python3.7/site-packages/airflow/example_dags/tutorial_taskflow_api.py
[2024-09-27T23:21:24.289+0000] {processor.py:756} INFO - Processing file /home/airflow/.local/lib/python3.7/site-packages/airflow/example_dags/tutorial_taskflow_api.py for tasks to queue
[2024-09-27T23:21:24.290+0000] {logging_mixin.py:120} INFO - [2024-09-27T23:21:24.290+0000] {dagbag.py:537} INFO - Filling up the DagBag from /home/airflow/.local/lib/python3.7/site-packages/airflow/example_dags/tutorial_taskflow_api.py
[2024-09-27T23:21:24.318+0000] {processor.py:766} INFO - DAG(s) dict_keys(['tutorial_taskflow_api']) retrieved from /home/airflow/.local/lib/python3.7/site-packages/airflow/example_dags/tutorial_taskflow_api.py
[2024-09-27T23:21:24.372+0000] {logging_mixin.py:120} INFO - [2024-09-27T23:21:24.372+0000] {dag.py:2585} INFO - Sync 1 DAGs
[2024-09-27T23:21:24.404+0000] {logging_mixin.py:120} INFO - [2024-09-27T23:21:24.404+0000] {dag.py:3340} INFO - Setting next_dagrun for tutorial_taskflow_api to None, run_after=None
[2024-09-27T23:21:24.430+0000] {processor.py:176} INFO - Processing /home/airflow/.local/lib/python3.7/site-packages/airflow/example_dags/tutorial_taskflow_api.py took 0.148 seconds
[2024-09-27T23:21:55.057+0000] {processor.py:154} INFO - Started process (PID=11726) to work on /home/airflow/.local/lib/python3.7/site-packages/airflow/example_dags/tutorial_taskflow_api.py
[2024-09-27T23:21:55.061+0000] {processor.py:756} INFO - Processing file /home/airflow/.local/lib/python3.7/site-packages/airflow/example_dags/tutorial_taskflow_api.py for tasks to queue
[2024-09-27T23:21:55.062+0000] {logging_mixin.py:120} INFO - [2024-09-27T23:21:55.062+0000] {dagbag.py:537} INFO - Filling up the DagBag from /home/airflow/.local/lib/python3.7/site-packages/airflow/example_dags/tutorial_taskflow_api.py
[2024-09-27T23:21:55.102+0000] {processor.py:766} INFO - DAG(s) dict_keys(['tutorial_taskflow_api']) retrieved from /home/airflow/.local/lib/python3.7/site-packages/airflow/example_dags/tutorial_taskflow_api.py
[2024-09-27T23:21:55.167+0000] {logging_mixin.py:120} INFO - [2024-09-27T23:21:55.166+0000] {dag.py:2585} INFO - Sync 1 DAGs
[2024-09-27T23:21:55.200+0000] {logging_mixin.py:120} INFO - [2024-09-27T23:21:55.200+0000] {dag.py:3340} INFO - Setting next_dagrun for tutorial_taskflow_api to None, run_after=None
[2024-09-27T23:21:55.225+0000] {processor.py:176} INFO - Processing /home/airflow/.local/lib/python3.7/site-packages/airflow/example_dags/tutorial_taskflow_api.py took 0.174 seconds
[2024-09-27T23:22:25.598+0000] {processor.py:154} INFO - Started process (PID=11796) to work on /home/airflow/.local/lib/python3.7/site-packages/airflow/example_dags/tutorial_taskflow_api.py
[2024-09-27T23:22:25.602+0000] {processor.py:756} INFO - Processing file /home/airflow/.local/lib/python3.7/site-packages/airflow/example_dags/tutorial_taskflow_api.py for tasks to queue
[2024-09-27T23:22:25.603+0000] {logging_mixin.py:120} INFO - [2024-09-27T23:22:25.603+0000] {dagbag.py:537} INFO - Filling up the DagBag from /home/airflow/.local/lib/python3.7/site-packages/airflow/example_dags/tutorial_taskflow_api.py
[2024-09-27T23:22:25.641+0000] {processor.py:766} INFO - DAG(s) dict_keys(['tutorial_taskflow_api']) retrieved from /home/airflow/.local/lib/python3.7/site-packages/airflow/example_dags/tutorial_taskflow_api.py
[2024-09-27T23:22:25.720+0000] {logging_mixin.py:120} INFO - [2024-09-27T23:22:25.720+0000] {dag.py:2585} INFO - Sync 1 DAGs
[2024-09-27T23:22:25.775+0000] {logging_mixin.py:120} INFO - [2024-09-27T23:22:25.775+0000] {dag.py:3340} INFO - Setting next_dagrun for tutorial_taskflow_api to None, run_after=None
[2024-09-27T23:22:25.817+0000] {processor.py:176} INFO - Processing /home/airflow/.local/lib/python3.7/site-packages/airflow/example_dags/tutorial_taskflow_api.py took 0.224 seconds
[2024-09-27T23:22:55.948+0000] {processor.py:154} INFO - Started process (PID=11865) to work on /home/airflow/.local/lib/python3.7/site-packages/airflow/example_dags/tutorial_taskflow_api.py
[2024-09-27T23:22:55.951+0000] {processor.py:756} INFO - Processing file /home/airflow/.local/lib/python3.7/site-packages/airflow/example_dags/tutorial_taskflow_api.py for tasks to queue
[2024-09-27T23:22:55.954+0000] {logging_mixin.py:120} INFO - [2024-09-27T23:22:55.954+0000] {dagbag.py:537} INFO - Filling up the DagBag from /home/airflow/.local/lib/python3.7/site-packages/airflow/example_dags/tutorial_taskflow_api.py
[2024-09-27T23:22:55.986+0000] {processor.py:766} INFO - DAG(s) dict_keys(['tutorial_taskflow_api']) retrieved from /home/airflow/.local/lib/python3.7/site-packages/airflow/example_dags/tutorial_taskflow_api.py
[2024-09-27T23:22:56.055+0000] {logging_mixin.py:120} INFO - [2024-09-27T23:22:56.055+0000] {dag.py:2585} INFO - Sync 1 DAGs
[2024-09-27T23:22:56.103+0000] {logging_mixin.py:120} INFO - [2024-09-27T23:22:56.102+0000] {dag.py:3340} INFO - Setting next_dagrun for tutorial_taskflow_api to None, run_after=None
[2024-09-27T23:22:56.140+0000] {processor.py:176} INFO - Processing /home/airflow/.local/lib/python3.7/site-packages/airflow/example_dags/tutorial_taskflow_api.py took 0.198 seconds
[2024-09-27T23:23:26.305+0000] {processor.py:154} INFO - Started process (PID=11927) to work on /home/airflow/.local/lib/python3.7/site-packages/airflow/example_dags/tutorial_taskflow_api.py
[2024-09-27T23:23:26.307+0000] {processor.py:756} INFO - Processing file /home/airflow/.local/lib/python3.7/site-packages/airflow/example_dags/tutorial_taskflow_api.py for tasks to queue
[2024-09-27T23:23:26.308+0000] {logging_mixin.py:120} INFO - [2024-09-27T23:23:26.308+0000] {dagbag.py:537} INFO - Filling up the DagBag from /home/airflow/.local/lib/python3.7/site-packages/airflow/example_dags/tutorial_taskflow_api.py
[2024-09-27T23:23:26.333+0000] {processor.py:766} INFO - DAG(s) dict_keys(['tutorial_taskflow_api']) retrieved from /home/airflow/.local/lib/python3.7/site-packages/airflow/example_dags/tutorial_taskflow_api.py
[2024-09-27T23:23:26.391+0000] {logging_mixin.py:120} INFO - [2024-09-27T23:23:26.390+0000] {dag.py:2585} INFO - Sync 1 DAGs
[2024-09-27T23:23:26.422+0000] {logging_mixin.py:120} INFO - [2024-09-27T23:23:26.421+0000] {dag.py:3340} INFO - Setting next_dagrun for tutorial_taskflow_api to None, run_after=None
[2024-09-27T23:23:26.447+0000] {processor.py:176} INFO - Processing /home/airflow/.local/lib/python3.7/site-packages/airflow/example_dags/tutorial_taskflow_api.py took 0.146 seconds
[2024-09-27T23:23:56.499+0000] {processor.py:154} INFO - Started process (PID=11998) to work on /home/airflow/.local/lib/python3.7/site-packages/airflow/example_dags/tutorial_taskflow_api.py
[2024-09-27T23:23:56.501+0000] {processor.py:756} INFO - Processing file /home/airflow/.local/lib/python3.7/site-packages/airflow/example_dags/tutorial_taskflow_api.py for tasks to queue
[2024-09-27T23:23:56.502+0000] {logging_mixin.py:120} INFO - [2024-09-27T23:23:56.502+0000] {dagbag.py:537} INFO - Filling up the DagBag from /home/airflow/.local/lib/python3.7/site-packages/airflow/example_dags/tutorial_taskflow_api.py
[2024-09-27T23:23:56.527+0000] {processor.py:766} INFO - DAG(s) dict_keys(['tutorial_taskflow_api']) retrieved from /home/airflow/.local/lib/python3.7/site-packages/airflow/example_dags/tutorial_taskflow_api.py
[2024-09-27T23:23:56.576+0000] {logging_mixin.py:120} INFO - [2024-09-27T23:23:56.576+0000] {dag.py:2585} INFO - Sync 1 DAGs
[2024-09-27T23:23:56.605+0000] {logging_mixin.py:120} INFO - [2024-09-27T23:23:56.605+0000] {dag.py:3340} INFO - Setting next_dagrun for tutorial_taskflow_api to None, run_after=None
[2024-09-27T23:23:56.625+0000] {processor.py:176} INFO - Processing /home/airflow/.local/lib/python3.7/site-packages/airflow/example_dags/tutorial_taskflow_api.py took 0.130 seconds
[2024-09-27T23:24:27.509+0000] {processor.py:154} INFO - Started process (PID=12069) to work on /home/airflow/.local/lib/python3.7/site-packages/airflow/example_dags/tutorial_taskflow_api.py
[2024-09-27T23:24:27.511+0000] {processor.py:756} INFO - Processing file /home/airflow/.local/lib/python3.7/site-packages/airflow/example_dags/tutorial_taskflow_api.py for tasks to queue
[2024-09-27T23:24:27.512+0000] {logging_mixin.py:120} INFO - [2024-09-27T23:24:27.512+0000] {dagbag.py:537} INFO - Filling up the DagBag from /home/airflow/.local/lib/python3.7/site-packages/airflow/example_dags/tutorial_taskflow_api.py
[2024-09-27T23:24:27.538+0000] {processor.py:766} INFO - DAG(s) dict_keys(['tutorial_taskflow_api']) retrieved from /home/airflow/.local/lib/python3.7/site-packages/airflow/example_dags/tutorial_taskflow_api.py
[2024-09-27T23:24:27.589+0000] {logging_mixin.py:120} INFO - [2024-09-27T23:24:27.589+0000] {dag.py:2585} INFO - Sync 1 DAGs
[2024-09-27T23:24:27.623+0000] {logging_mixin.py:120} INFO - [2024-09-27T23:24:27.623+0000] {dag.py:3340} INFO - Setting next_dagrun for tutorial_taskflow_api to None, run_after=None
[2024-09-27T23:24:27.648+0000] {processor.py:176} INFO - Processing /home/airflow/.local/lib/python3.7/site-packages/airflow/example_dags/tutorial_taskflow_api.py took 0.144 seconds
[2024-09-27T23:24:58.117+0000] {processor.py:154} INFO - Started process (PID=12130) to work on /home/airflow/.local/lib/python3.7/site-packages/airflow/example_dags/tutorial_taskflow_api.py
[2024-09-27T23:24:58.119+0000] {processor.py:756} INFO - Processing file /home/airflow/.local/lib/python3.7/site-packages/airflow/example_dags/tutorial_taskflow_api.py for tasks to queue
[2024-09-27T23:24:58.121+0000] {logging_mixin.py:120} INFO - [2024-09-27T23:24:58.121+0000] {dagbag.py:537} INFO - Filling up the DagBag from /home/airflow/.local/lib/python3.7/site-packages/airflow/example_dags/tutorial_taskflow_api.py
[2024-09-27T23:24:58.146+0000] {processor.py:766} INFO - DAG(s) dict_keys(['tutorial_taskflow_api']) retrieved from /home/airflow/.local/lib/python3.7/site-packages/airflow/example_dags/tutorial_taskflow_api.py
[2024-09-27T23:24:58.201+0000] {logging_mixin.py:120} INFO - [2024-09-27T23:24:58.201+0000] {dag.py:2585} INFO - Sync 1 DAGs
[2024-09-27T23:24:58.234+0000] {logging_mixin.py:120} INFO - [2024-09-27T23:24:58.234+0000] {dag.py:3340} INFO - Setting next_dagrun for tutorial_taskflow_api to None, run_after=None
[2024-09-27T23:24:58.254+0000] {processor.py:176} INFO - Processing /home/airflow/.local/lib/python3.7/site-packages/airflow/example_dags/tutorial_taskflow_api.py took 0.142 seconds
[2024-09-27T23:25:28.828+0000] {processor.py:154} INFO - Started process (PID=12201) to work on /home/airflow/.local/lib/python3.7/site-packages/airflow/example_dags/tutorial_taskflow_api.py
[2024-09-27T23:25:28.831+0000] {processor.py:756} INFO - Processing file /home/airflow/.local/lib/python3.7/site-packages/airflow/example_dags/tutorial_taskflow_api.py for tasks to queue
[2024-09-27T23:25:28.832+0000] {logging_mixin.py:120} INFO - [2024-09-27T23:25:28.831+0000] {dagbag.py:537} INFO - Filling up the DagBag from /home/airflow/.local/lib/python3.7/site-packages/airflow/example_dags/tutorial_taskflow_api.py
[2024-09-27T23:25:28.858+0000] {processor.py:766} INFO - DAG(s) dict_keys(['tutorial_taskflow_api']) retrieved from /home/airflow/.local/lib/python3.7/site-packages/airflow/example_dags/tutorial_taskflow_api.py
[2024-09-27T23:25:28.916+0000] {logging_mixin.py:120} INFO - [2024-09-27T23:25:28.915+0000] {dag.py:2585} INFO - Sync 1 DAGs
[2024-09-27T23:25:28.966+0000] {logging_mixin.py:120} INFO - [2024-09-27T23:25:28.966+0000] {dag.py:3340} INFO - Setting next_dagrun for tutorial_taskflow_api to None, run_after=None
[2024-09-27T23:25:29.009+0000] {processor.py:176} INFO - Processing /home/airflow/.local/lib/python3.7/site-packages/airflow/example_dags/tutorial_taskflow_api.py took 0.185 seconds
[2024-09-27T23:25:59.161+0000] {processor.py:154} INFO - Started process (PID=12272) to work on /home/airflow/.local/lib/python3.7/site-packages/airflow/example_dags/tutorial_taskflow_api.py
[2024-09-27T23:25:59.163+0000] {processor.py:756} INFO - Processing file /home/airflow/.local/lib/python3.7/site-packages/airflow/example_dags/tutorial_taskflow_api.py for tasks to queue
[2024-09-27T23:25:59.164+0000] {logging_mixin.py:120} INFO - [2024-09-27T23:25:59.164+0000] {dagbag.py:537} INFO - Filling up the DagBag from /home/airflow/.local/lib/python3.7/site-packages/airflow/example_dags/tutorial_taskflow_api.py
[2024-09-27T23:25:59.188+0000] {processor.py:766} INFO - DAG(s) dict_keys(['tutorial_taskflow_api']) retrieved from /home/airflow/.local/lib/python3.7/site-packages/airflow/example_dags/tutorial_taskflow_api.py
[2024-09-27T23:25:59.236+0000] {logging_mixin.py:120} INFO - [2024-09-27T23:25:59.236+0000] {dag.py:2585} INFO - Sync 1 DAGs
[2024-09-27T23:25:59.273+0000] {logging_mixin.py:120} INFO - [2024-09-27T23:25:59.273+0000] {dag.py:3340} INFO - Setting next_dagrun for tutorial_taskflow_api to None, run_after=None
[2024-09-27T23:25:59.296+0000] {processor.py:176} INFO - Processing /home/airflow/.local/lib/python3.7/site-packages/airflow/example_dags/tutorial_taskflow_api.py took 0.139 seconds
[2024-09-27T23:26:30.034+0000] {processor.py:154} INFO - Started process (PID=12335) to work on /home/airflow/.local/lib/python3.7/site-packages/airflow/example_dags/tutorial_taskflow_api.py
[2024-09-27T23:26:30.036+0000] {processor.py:756} INFO - Processing file /home/airflow/.local/lib/python3.7/site-packages/airflow/example_dags/tutorial_taskflow_api.py for tasks to queue
[2024-09-27T23:26:30.037+0000] {logging_mixin.py:120} INFO - [2024-09-27T23:26:30.037+0000] {dagbag.py:537} INFO - Filling up the DagBag from /home/airflow/.local/lib/python3.7/site-packages/airflow/example_dags/tutorial_taskflow_api.py
[2024-09-27T23:26:30.062+0000] {processor.py:766} INFO - DAG(s) dict_keys(['tutorial_taskflow_api']) retrieved from /home/airflow/.local/lib/python3.7/site-packages/airflow/example_dags/tutorial_taskflow_api.py
[2024-09-27T23:26:30.106+0000] {logging_mixin.py:120} INFO - [2024-09-27T23:26:30.105+0000] {dag.py:2585} INFO - Sync 1 DAGs
[2024-09-27T23:26:30.139+0000] {logging_mixin.py:120} INFO - [2024-09-27T23:26:30.139+0000] {dag.py:3340} INFO - Setting next_dagrun for tutorial_taskflow_api to None, run_after=None
[2024-09-27T23:26:30.163+0000] {processor.py:176} INFO - Processing /home/airflow/.local/lib/python3.7/site-packages/airflow/example_dags/tutorial_taskflow_api.py took 0.132 seconds
[2024-09-27T23:27:00.454+0000] {processor.py:154} INFO - Started process (PID=12407) to work on /home/airflow/.local/lib/python3.7/site-packages/airflow/example_dags/tutorial_taskflow_api.py
[2024-09-27T23:27:00.457+0000] {processor.py:756} INFO - Processing file /home/airflow/.local/lib/python3.7/site-packages/airflow/example_dags/tutorial_taskflow_api.py for tasks to queue
[2024-09-27T23:27:00.458+0000] {logging_mixin.py:120} INFO - [2024-09-27T23:27:00.458+0000] {dagbag.py:537} INFO - Filling up the DagBag from /home/airflow/.local/lib/python3.7/site-packages/airflow/example_dags/tutorial_taskflow_api.py
[2024-09-27T23:27:00.486+0000] {processor.py:766} INFO - DAG(s) dict_keys(['tutorial_taskflow_api']) retrieved from /home/airflow/.local/lib/python3.7/site-packages/airflow/example_dags/tutorial_taskflow_api.py
[2024-09-27T23:27:00.541+0000] {logging_mixin.py:120} INFO - [2024-09-27T23:27:00.541+0000] {dag.py:2585} INFO - Sync 1 DAGs
[2024-09-27T23:27:00.575+0000] {logging_mixin.py:120} INFO - [2024-09-27T23:27:00.575+0000] {dag.py:3340} INFO - Setting next_dagrun for tutorial_taskflow_api to None, run_after=None
[2024-09-27T23:27:00.599+0000] {processor.py:176} INFO - Processing /home/airflow/.local/lib/python3.7/site-packages/airflow/example_dags/tutorial_taskflow_api.py took 0.150 seconds
[2024-09-27T23:27:31.092+0000] {processor.py:154} INFO - Started process (PID=12479) to work on /home/airflow/.local/lib/python3.7/site-packages/airflow/example_dags/tutorial_taskflow_api.py
[2024-09-27T23:27:31.094+0000] {processor.py:756} INFO - Processing file /home/airflow/.local/lib/python3.7/site-packages/airflow/example_dags/tutorial_taskflow_api.py for tasks to queue
[2024-09-27T23:27:31.095+0000] {logging_mixin.py:120} INFO - [2024-09-27T23:27:31.095+0000] {dagbag.py:537} INFO - Filling up the DagBag from /home/airflow/.local/lib/python3.7/site-packages/airflow/example_dags/tutorial_taskflow_api.py
[2024-09-27T23:27:31.124+0000] {processor.py:766} INFO - DAG(s) dict_keys(['tutorial_taskflow_api']) retrieved from /home/airflow/.local/lib/python3.7/site-packages/airflow/example_dags/tutorial_taskflow_api.py
[2024-09-27T23:27:31.187+0000] {logging_mixin.py:120} INFO - [2024-09-27T23:27:31.187+0000] {dag.py:2585} INFO - Sync 1 DAGs
[2024-09-27T23:27:31.221+0000] {logging_mixin.py:120} INFO - [2024-09-27T23:27:31.221+0000] {dag.py:3340} INFO - Setting next_dagrun for tutorial_taskflow_api to None, run_after=None
[2024-09-27T23:27:31.250+0000] {processor.py:176} INFO - Processing /home/airflow/.local/lib/python3.7/site-packages/airflow/example_dags/tutorial_taskflow_api.py took 0.163 seconds
[2024-09-27T23:28:01.843+0000] {processor.py:154} INFO - Started process (PID=12550) to work on /home/airflow/.local/lib/python3.7/site-packages/airflow/example_dags/tutorial_taskflow_api.py
[2024-09-27T23:28:01.845+0000] {processor.py:756} INFO - Processing file /home/airflow/.local/lib/python3.7/site-packages/airflow/example_dags/tutorial_taskflow_api.py for tasks to queue
[2024-09-27T23:28:01.846+0000] {logging_mixin.py:120} INFO - [2024-09-27T23:28:01.846+0000] {dagbag.py:537} INFO - Filling up the DagBag from /home/airflow/.local/lib/python3.7/site-packages/airflow/example_dags/tutorial_taskflow_api.py
[2024-09-27T23:28:01.871+0000] {processor.py:766} INFO - DAG(s) dict_keys(['tutorial_taskflow_api']) retrieved from /home/airflow/.local/lib/python3.7/site-packages/airflow/example_dags/tutorial_taskflow_api.py
[2024-09-27T23:28:01.929+0000] {logging_mixin.py:120} INFO - [2024-09-27T23:28:01.929+0000] {dag.py:2585} INFO - Sync 1 DAGs
[2024-09-27T23:28:01.960+0000] {logging_mixin.py:120} INFO - [2024-09-27T23:28:01.960+0000] {dag.py:3340} INFO - Setting next_dagrun for tutorial_taskflow_api to None, run_after=None
[2024-09-27T23:28:01.988+0000] {processor.py:176} INFO - Processing /home/airflow/.local/lib/python3.7/site-packages/airflow/example_dags/tutorial_taskflow_api.py took 0.149 seconds
[2024-09-27T23:28:32.806+0000] {processor.py:154} INFO - Started process (PID=12613) to work on /home/airflow/.local/lib/python3.7/site-packages/airflow/example_dags/tutorial_taskflow_api.py
[2024-09-27T23:28:32.809+0000] {processor.py:756} INFO - Processing file /home/airflow/.local/lib/python3.7/site-packages/airflow/example_dags/tutorial_taskflow_api.py for tasks to queue
[2024-09-27T23:28:32.810+0000] {logging_mixin.py:120} INFO - [2024-09-27T23:28:32.809+0000] {dagbag.py:537} INFO - Filling up the DagBag from /home/airflow/.local/lib/python3.7/site-packages/airflow/example_dags/tutorial_taskflow_api.py
[2024-09-27T23:28:32.834+0000] {processor.py:766} INFO - DAG(s) dict_keys(['tutorial_taskflow_api']) retrieved from /home/airflow/.local/lib/python3.7/site-packages/airflow/example_dags/tutorial_taskflow_api.py
[2024-09-27T23:28:32.884+0000] {logging_mixin.py:120} INFO - [2024-09-27T23:28:32.884+0000] {dag.py:2585} INFO - Sync 1 DAGs
[2024-09-27T23:28:32.916+0000] {logging_mixin.py:120} INFO - [2024-09-27T23:28:32.916+0000] {dag.py:3340} INFO - Setting next_dagrun for tutorial_taskflow_api to None, run_after=None
[2024-09-27T23:28:32.939+0000] {processor.py:176} INFO - Processing /home/airflow/.local/lib/python3.7/site-packages/airflow/example_dags/tutorial_taskflow_api.py took 0.138 seconds
[2024-09-27T23:29:03.881+0000] {processor.py:154} INFO - Started process (PID=12685) to work on /home/airflow/.local/lib/python3.7/site-packages/airflow/example_dags/tutorial_taskflow_api.py
[2024-09-27T23:29:03.885+0000] {processor.py:756} INFO - Processing file /home/airflow/.local/lib/python3.7/site-packages/airflow/example_dags/tutorial_taskflow_api.py for tasks to queue
[2024-09-27T23:29:03.886+0000] {logging_mixin.py:120} INFO - [2024-09-27T23:29:03.886+0000] {dagbag.py:537} INFO - Filling up the DagBag from /home/airflow/.local/lib/python3.7/site-packages/airflow/example_dags/tutorial_taskflow_api.py
[2024-09-27T23:29:03.917+0000] {processor.py:766} INFO - DAG(s) dict_keys(['tutorial_taskflow_api']) retrieved from /home/airflow/.local/lib/python3.7/site-packages/airflow/example_dags/tutorial_taskflow_api.py
[2024-09-27T23:29:03.969+0000] {logging_mixin.py:120} INFO - [2024-09-27T23:29:03.969+0000] {dag.py:2585} INFO - Sync 1 DAGs
[2024-09-27T23:29:03.999+0000] {logging_mixin.py:120} INFO - [2024-09-27T23:29:03.999+0000] {dag.py:3340} INFO - Setting next_dagrun for tutorial_taskflow_api to None, run_after=None
[2024-09-27T23:29:04.023+0000] {processor.py:176} INFO - Processing /home/airflow/.local/lib/python3.7/site-packages/airflow/example_dags/tutorial_taskflow_api.py took 0.147 seconds
[2024-09-27T23:29:34.574+0000] {processor.py:154} INFO - Started process (PID=12756) to work on /home/airflow/.local/lib/python3.7/site-packages/airflow/example_dags/tutorial_taskflow_api.py
[2024-09-27T23:29:34.577+0000] {processor.py:756} INFO - Processing file /home/airflow/.local/lib/python3.7/site-packages/airflow/example_dags/tutorial_taskflow_api.py for tasks to queue
[2024-09-27T23:29:34.578+0000] {logging_mixin.py:120} INFO - [2024-09-27T23:29:34.578+0000] {dagbag.py:537} INFO - Filling up the DagBag from /home/airflow/.local/lib/python3.7/site-packages/airflow/example_dags/tutorial_taskflow_api.py
[2024-09-27T23:29:34.604+0000] {processor.py:766} INFO - DAG(s) dict_keys(['tutorial_taskflow_api']) retrieved from /home/airflow/.local/lib/python3.7/site-packages/airflow/example_dags/tutorial_taskflow_api.py
[2024-09-27T23:29:34.661+0000] {logging_mixin.py:120} INFO - [2024-09-27T23:29:34.661+0000] {dag.py:2585} INFO - Sync 1 DAGs
[2024-09-27T23:29:34.693+0000] {logging_mixin.py:120} INFO - [2024-09-27T23:29:34.693+0000] {dag.py:3340} INFO - Setting next_dagrun for tutorial_taskflow_api to None, run_after=None
[2024-09-27T23:29:34.719+0000] {processor.py:176} INFO - Processing /home/airflow/.local/lib/python3.7/site-packages/airflow/example_dags/tutorial_taskflow_api.py took 0.149 seconds
[2024-09-27T23:30:05.377+0000] {processor.py:154} INFO - Started process (PID=12818) to work on /home/airflow/.local/lib/python3.7/site-packages/airflow/example_dags/tutorial_taskflow_api.py
[2024-09-27T23:30:05.380+0000] {processor.py:756} INFO - Processing file /home/airflow/.local/lib/python3.7/site-packages/airflow/example_dags/tutorial_taskflow_api.py for tasks to queue
[2024-09-27T23:30:05.381+0000] {logging_mixin.py:120} INFO - [2024-09-27T23:30:05.380+0000] {dagbag.py:537} INFO - Filling up the DagBag from /home/airflow/.local/lib/python3.7/site-packages/airflow/example_dags/tutorial_taskflow_api.py
[2024-09-27T23:30:05.410+0000] {processor.py:766} INFO - DAG(s) dict_keys(['tutorial_taskflow_api']) retrieved from /home/airflow/.local/lib/python3.7/site-packages/airflow/example_dags/tutorial_taskflow_api.py
[2024-09-27T23:30:05.468+0000] {logging_mixin.py:120} INFO - [2024-09-27T23:30:05.468+0000] {dag.py:2585} INFO - Sync 1 DAGs
[2024-09-27T23:30:05.498+0000] {logging_mixin.py:120} INFO - [2024-09-27T23:30:05.498+0000] {dag.py:3340} INFO - Setting next_dagrun for tutorial_taskflow_api to None, run_after=None
[2024-09-27T23:30:05.523+0000] {processor.py:176} INFO - Processing /home/airflow/.local/lib/python3.7/site-packages/airflow/example_dags/tutorial_taskflow_api.py took 0.151 seconds
[2024-09-27T23:30:35.771+0000] {processor.py:154} INFO - Started process (PID=12890) to work on /home/airflow/.local/lib/python3.7/site-packages/airflow/example_dags/tutorial_taskflow_api.py
[2024-09-27T23:30:35.773+0000] {processor.py:756} INFO - Processing file /home/airflow/.local/lib/python3.7/site-packages/airflow/example_dags/tutorial_taskflow_api.py for tasks to queue
[2024-09-27T23:30:35.774+0000] {logging_mixin.py:120} INFO - [2024-09-27T23:30:35.774+0000] {dagbag.py:537} INFO - Filling up the DagBag from /home/airflow/.local/lib/python3.7/site-packages/airflow/example_dags/tutorial_taskflow_api.py
[2024-09-27T23:30:35.799+0000] {processor.py:766} INFO - DAG(s) dict_keys(['tutorial_taskflow_api']) retrieved from /home/airflow/.local/lib/python3.7/site-packages/airflow/example_dags/tutorial_taskflow_api.py
[2024-09-27T23:30:35.845+0000] {logging_mixin.py:120} INFO - [2024-09-27T23:30:35.845+0000] {dag.py:2585} INFO - Sync 1 DAGs
[2024-09-27T23:30:35.874+0000] {logging_mixin.py:120} INFO - [2024-09-27T23:30:35.874+0000] {dag.py:3340} INFO - Setting next_dagrun for tutorial_taskflow_api to None, run_after=None
[2024-09-27T23:30:35.895+0000] {processor.py:176} INFO - Processing /home/airflow/.local/lib/python3.7/site-packages/airflow/example_dags/tutorial_taskflow_api.py took 0.129 seconds
[2024-09-27T23:31:06.358+0000] {processor.py:154} INFO - Started process (PID=12962) to work on /home/airflow/.local/lib/python3.7/site-packages/airflow/example_dags/tutorial_taskflow_api.py
[2024-09-27T23:31:06.360+0000] {processor.py:756} INFO - Processing file /home/airflow/.local/lib/python3.7/site-packages/airflow/example_dags/tutorial_taskflow_api.py for tasks to queue
[2024-09-27T23:31:06.361+0000] {logging_mixin.py:120} INFO - [2024-09-27T23:31:06.361+0000] {dagbag.py:537} INFO - Filling up the DagBag from /home/airflow/.local/lib/python3.7/site-packages/airflow/example_dags/tutorial_taskflow_api.py
[2024-09-27T23:31:06.385+0000] {processor.py:766} INFO - DAG(s) dict_keys(['tutorial_taskflow_api']) retrieved from /home/airflow/.local/lib/python3.7/site-packages/airflow/example_dags/tutorial_taskflow_api.py
[2024-09-27T23:31:06.434+0000] {logging_mixin.py:120} INFO - [2024-09-27T23:31:06.433+0000] {dag.py:2585} INFO - Sync 1 DAGs
[2024-09-27T23:31:06.461+0000] {logging_mixin.py:120} INFO - [2024-09-27T23:31:06.461+0000] {dag.py:3340} INFO - Setting next_dagrun for tutorial_taskflow_api to None, run_after=None
[2024-09-27T23:31:06.480+0000] {processor.py:176} INFO - Processing /home/airflow/.local/lib/python3.7/site-packages/airflow/example_dags/tutorial_taskflow_api.py took 0.126 seconds
[2024-09-27T23:31:36.601+0000] {processor.py:154} INFO - Started process (PID=13033) to work on /home/airflow/.local/lib/python3.7/site-packages/airflow/example_dags/tutorial_taskflow_api.py
[2024-09-27T23:31:36.603+0000] {processor.py:756} INFO - Processing file /home/airflow/.local/lib/python3.7/site-packages/airflow/example_dags/tutorial_taskflow_api.py for tasks to queue
[2024-09-27T23:31:36.604+0000] {logging_mixin.py:120} INFO - [2024-09-27T23:31:36.604+0000] {dagbag.py:537} INFO - Filling up the DagBag from /home/airflow/.local/lib/python3.7/site-packages/airflow/example_dags/tutorial_taskflow_api.py
[2024-09-27T23:31:36.627+0000] {processor.py:766} INFO - DAG(s) dict_keys(['tutorial_taskflow_api']) retrieved from /home/airflow/.local/lib/python3.7/site-packages/airflow/example_dags/tutorial_taskflow_api.py
[2024-09-27T23:31:36.670+0000] {logging_mixin.py:120} INFO - [2024-09-27T23:31:36.670+0000] {dag.py:2585} INFO - Sync 1 DAGs
[2024-09-27T23:31:36.694+0000] {logging_mixin.py:120} INFO - [2024-09-27T23:31:36.694+0000] {dag.py:3340} INFO - Setting next_dagrun for tutorial_taskflow_api to None, run_after=None
[2024-09-27T23:31:36.713+0000] {processor.py:176} INFO - Processing /home/airflow/.local/lib/python3.7/site-packages/airflow/example_dags/tutorial_taskflow_api.py took 0.115 seconds
[2024-09-27T23:32:07.627+0000] {processor.py:154} INFO - Started process (PID=13096) to work on /home/airflow/.local/lib/python3.7/site-packages/airflow/example_dags/tutorial_taskflow_api.py
[2024-09-27T23:32:07.629+0000] {processor.py:756} INFO - Processing file /home/airflow/.local/lib/python3.7/site-packages/airflow/example_dags/tutorial_taskflow_api.py for tasks to queue
[2024-09-27T23:32:07.630+0000] {logging_mixin.py:120} INFO - [2024-09-27T23:32:07.630+0000] {dagbag.py:537} INFO - Filling up the DagBag from /home/airflow/.local/lib/python3.7/site-packages/airflow/example_dags/tutorial_taskflow_api.py
[2024-09-27T23:32:07.655+0000] {processor.py:766} INFO - DAG(s) dict_keys(['tutorial_taskflow_api']) retrieved from /home/airflow/.local/lib/python3.7/site-packages/airflow/example_dags/tutorial_taskflow_api.py
[2024-09-27T23:32:07.700+0000] {logging_mixin.py:120} INFO - [2024-09-27T23:32:07.700+0000] {dag.py:2585} INFO - Sync 1 DAGs
[2024-09-27T23:32:07.726+0000] {logging_mixin.py:120} INFO - [2024-09-27T23:32:07.726+0000] {dag.py:3340} INFO - Setting next_dagrun for tutorial_taskflow_api to None, run_after=None
[2024-09-27T23:32:07.745+0000] {processor.py:176} INFO - Processing /home/airflow/.local/lib/python3.7/site-packages/airflow/example_dags/tutorial_taskflow_api.py took 0.122 seconds
[2024-09-27T23:32:37.828+0000] {processor.py:154} INFO - Started process (PID=13167) to work on /home/airflow/.local/lib/python3.7/site-packages/airflow/example_dags/tutorial_taskflow_api.py
[2024-09-27T23:32:37.831+0000] {processor.py:756} INFO - Processing file /home/airflow/.local/lib/python3.7/site-packages/airflow/example_dags/tutorial_taskflow_api.py for tasks to queue
[2024-09-27T23:32:37.831+0000] {logging_mixin.py:120} INFO - [2024-09-27T23:32:37.831+0000] {dagbag.py:537} INFO - Filling up the DagBag from /home/airflow/.local/lib/python3.7/site-packages/airflow/example_dags/tutorial_taskflow_api.py
[2024-09-27T23:32:37.852+0000] {processor.py:766} INFO - DAG(s) dict_keys(['tutorial_taskflow_api']) retrieved from /home/airflow/.local/lib/python3.7/site-packages/airflow/example_dags/tutorial_taskflow_api.py
[2024-09-27T23:32:37.893+0000] {logging_mixin.py:120} INFO - [2024-09-27T23:32:37.893+0000] {dag.py:2585} INFO - Sync 1 DAGs
[2024-09-27T23:32:37.920+0000] {logging_mixin.py:120} INFO - [2024-09-27T23:32:37.920+0000] {dag.py:3340} INFO - Setting next_dagrun for tutorial_taskflow_api to None, run_after=None
[2024-09-27T23:32:37.940+0000] {processor.py:176} INFO - Processing /home/airflow/.local/lib/python3.7/site-packages/airflow/example_dags/tutorial_taskflow_api.py took 0.117 seconds
[2024-09-27T23:33:08.001+0000] {processor.py:154} INFO - Started process (PID=13239) to work on /home/airflow/.local/lib/python3.7/site-packages/airflow/example_dags/tutorial_taskflow_api.py
[2024-09-27T23:33:08.003+0000] {processor.py:756} INFO - Processing file /home/airflow/.local/lib/python3.7/site-packages/airflow/example_dags/tutorial_taskflow_api.py for tasks to queue
[2024-09-27T23:33:08.004+0000] {logging_mixin.py:120} INFO - [2024-09-27T23:33:08.004+0000] {dagbag.py:537} INFO - Filling up the DagBag from /home/airflow/.local/lib/python3.7/site-packages/airflow/example_dags/tutorial_taskflow_api.py
[2024-09-27T23:33:08.028+0000] {processor.py:766} INFO - DAG(s) dict_keys(['tutorial_taskflow_api']) retrieved from /home/airflow/.local/lib/python3.7/site-packages/airflow/example_dags/tutorial_taskflow_api.py
[2024-09-27T23:33:08.085+0000] {logging_mixin.py:120} INFO - [2024-09-27T23:33:08.085+0000] {dag.py:2585} INFO - Sync 1 DAGs
[2024-09-27T23:33:08.117+0000] {logging_mixin.py:120} INFO - [2024-09-27T23:33:08.117+0000] {dag.py:3340} INFO - Setting next_dagrun for tutorial_taskflow_api to None, run_after=None
[2024-09-27T23:33:08.143+0000] {processor.py:176} INFO - Processing /home/airflow/.local/lib/python3.7/site-packages/airflow/example_dags/tutorial_taskflow_api.py took 0.146 seconds
[2024-09-27T23:33:38.428+0000] {processor.py:154} INFO - Started process (PID=13302) to work on /home/airflow/.local/lib/python3.7/site-packages/airflow/example_dags/tutorial_taskflow_api.py
[2024-09-27T23:33:38.432+0000] {processor.py:756} INFO - Processing file /home/airflow/.local/lib/python3.7/site-packages/airflow/example_dags/tutorial_taskflow_api.py for tasks to queue
[2024-09-27T23:33:38.434+0000] {logging_mixin.py:120} INFO - [2024-09-27T23:33:38.433+0000] {dagbag.py:537} INFO - Filling up the DagBag from /home/airflow/.local/lib/python3.7/site-packages/airflow/example_dags/tutorial_taskflow_api.py
[2024-09-27T23:33:38.467+0000] {processor.py:766} INFO - DAG(s) dict_keys(['tutorial_taskflow_api']) retrieved from /home/airflow/.local/lib/python3.7/site-packages/airflow/example_dags/tutorial_taskflow_api.py
[2024-09-27T23:33:38.531+0000] {logging_mixin.py:120} INFO - [2024-09-27T23:33:38.530+0000] {dag.py:2585} INFO - Sync 1 DAGs
[2024-09-27T23:33:38.561+0000] {logging_mixin.py:120} INFO - [2024-09-27T23:33:38.561+0000] {dag.py:3340} INFO - Setting next_dagrun for tutorial_taskflow_api to None, run_after=None
[2024-09-27T23:33:38.587+0000] {processor.py:176} INFO - Processing /home/airflow/.local/lib/python3.7/site-packages/airflow/example_dags/tutorial_taskflow_api.py took 0.164 seconds
[2024-09-27T23:34:08.615+0000] {processor.py:154} INFO - Started process (PID=13375) to work on /home/airflow/.local/lib/python3.7/site-packages/airflow/example_dags/tutorial_taskflow_api.py
[2024-09-27T23:34:08.617+0000] {processor.py:756} INFO - Processing file /home/airflow/.local/lib/python3.7/site-packages/airflow/example_dags/tutorial_taskflow_api.py for tasks to queue
[2024-09-27T23:34:08.618+0000] {logging_mixin.py:120} INFO - [2024-09-27T23:34:08.618+0000] {dagbag.py:537} INFO - Filling up the DagBag from /home/airflow/.local/lib/python3.7/site-packages/airflow/example_dags/tutorial_taskflow_api.py
[2024-09-27T23:34:08.645+0000] {processor.py:766} INFO - DAG(s) dict_keys(['tutorial_taskflow_api']) retrieved from /home/airflow/.local/lib/python3.7/site-packages/airflow/example_dags/tutorial_taskflow_api.py
[2024-09-27T23:34:08.701+0000] {logging_mixin.py:120} INFO - [2024-09-27T23:34:08.701+0000] {dag.py:2585} INFO - Sync 1 DAGs
[2024-09-27T23:34:08.739+0000] {logging_mixin.py:120} INFO - [2024-09-27T23:34:08.739+0000] {dag.py:3340} INFO - Setting next_dagrun for tutorial_taskflow_api to None, run_after=None
[2024-09-27T23:34:08.765+0000] {processor.py:176} INFO - Processing /home/airflow/.local/lib/python3.7/site-packages/airflow/example_dags/tutorial_taskflow_api.py took 0.154 seconds
[2024-09-27T23:34:38.935+0000] {processor.py:154} INFO - Started process (PID=13447) to work on /home/airflow/.local/lib/python3.7/site-packages/airflow/example_dags/tutorial_taskflow_api.py
[2024-09-27T23:34:38.938+0000] {processor.py:756} INFO - Processing file /home/airflow/.local/lib/python3.7/site-packages/airflow/example_dags/tutorial_taskflow_api.py for tasks to queue
[2024-09-27T23:34:38.939+0000] {logging_mixin.py:120} INFO - [2024-09-27T23:34:38.939+0000] {dagbag.py:537} INFO - Filling up the DagBag from /home/airflow/.local/lib/python3.7/site-packages/airflow/example_dags/tutorial_taskflow_api.py
[2024-09-27T23:34:38.965+0000] {processor.py:766} INFO - DAG(s) dict_keys(['tutorial_taskflow_api']) retrieved from /home/airflow/.local/lib/python3.7/site-packages/airflow/example_dags/tutorial_taskflow_api.py
[2024-09-27T23:34:39.022+0000] {logging_mixin.py:120} INFO - [2024-09-27T23:34:39.021+0000] {dag.py:2585} INFO - Sync 1 DAGs
[2024-09-27T23:34:39.054+0000] {logging_mixin.py:120} INFO - [2024-09-27T23:34:39.054+0000] {dag.py:3340} INFO - Setting next_dagrun for tutorial_taskflow_api to None, run_after=None
[2024-09-27T23:34:39.088+0000] {processor.py:176} INFO - Processing /home/airflow/.local/lib/python3.7/site-packages/airflow/example_dags/tutorial_taskflow_api.py took 0.157 seconds
[2024-09-27T23:35:09.167+0000] {processor.py:154} INFO - Started process (PID=13510) to work on /home/airflow/.local/lib/python3.7/site-packages/airflow/example_dags/tutorial_taskflow_api.py
[2024-09-27T23:35:09.169+0000] {processor.py:756} INFO - Processing file /home/airflow/.local/lib/python3.7/site-packages/airflow/example_dags/tutorial_taskflow_api.py for tasks to queue
[2024-09-27T23:35:09.170+0000] {logging_mixin.py:120} INFO - [2024-09-27T23:35:09.170+0000] {dagbag.py:537} INFO - Filling up the DagBag from /home/airflow/.local/lib/python3.7/site-packages/airflow/example_dags/tutorial_taskflow_api.py
[2024-09-27T23:35:09.200+0000] {processor.py:766} INFO - DAG(s) dict_keys(['tutorial_taskflow_api']) retrieved from /home/airflow/.local/lib/python3.7/site-packages/airflow/example_dags/tutorial_taskflow_api.py
[2024-09-27T23:35:09.255+0000] {logging_mixin.py:120} INFO - [2024-09-27T23:35:09.255+0000] {dag.py:2585} INFO - Sync 1 DAGs
[2024-09-27T23:35:09.289+0000] {logging_mixin.py:120} INFO - [2024-09-27T23:35:09.289+0000] {dag.py:3340} INFO - Setting next_dagrun for tutorial_taskflow_api to None, run_after=None
[2024-09-27T23:35:09.315+0000] {processor.py:176} INFO - Processing /home/airflow/.local/lib/python3.7/site-packages/airflow/example_dags/tutorial_taskflow_api.py took 0.152 seconds
[2024-09-27T23:35:40.364+0000] {processor.py:154} INFO - Started process (PID=13582) to work on /home/airflow/.local/lib/python3.7/site-packages/airflow/example_dags/tutorial_taskflow_api.py
[2024-09-27T23:35:40.366+0000] {processor.py:756} INFO - Processing file /home/airflow/.local/lib/python3.7/site-packages/airflow/example_dags/tutorial_taskflow_api.py for tasks to queue
[2024-09-27T23:35:40.367+0000] {logging_mixin.py:120} INFO - [2024-09-27T23:35:40.367+0000] {dagbag.py:537} INFO - Filling up the DagBag from /home/airflow/.local/lib/python3.7/site-packages/airflow/example_dags/tutorial_taskflow_api.py
[2024-09-27T23:35:40.393+0000] {processor.py:766} INFO - DAG(s) dict_keys(['tutorial_taskflow_api']) retrieved from /home/airflow/.local/lib/python3.7/site-packages/airflow/example_dags/tutorial_taskflow_api.py
[2024-09-27T23:35:40.438+0000] {logging_mixin.py:120} INFO - [2024-09-27T23:35:40.437+0000] {dag.py:2585} INFO - Sync 1 DAGs
[2024-09-27T23:35:40.463+0000] {logging_mixin.py:120} INFO - [2024-09-27T23:35:40.463+0000] {dag.py:3340} INFO - Setting next_dagrun for tutorial_taskflow_api to None, run_after=None
[2024-09-27T23:35:40.482+0000] {processor.py:176} INFO - Processing /home/airflow/.local/lib/python3.7/site-packages/airflow/example_dags/tutorial_taskflow_api.py took 0.123 seconds
[2024-09-27T23:36:11.390+0000] {processor.py:154} INFO - Started process (PID=13654) to work on /home/airflow/.local/lib/python3.7/site-packages/airflow/example_dags/tutorial_taskflow_api.py
[2024-09-27T23:36:11.394+0000] {processor.py:756} INFO - Processing file /home/airflow/.local/lib/python3.7/site-packages/airflow/example_dags/tutorial_taskflow_api.py for tasks to queue
[2024-09-27T23:36:11.395+0000] {logging_mixin.py:120} INFO - [2024-09-27T23:36:11.395+0000] {dagbag.py:537} INFO - Filling up the DagBag from /home/airflow/.local/lib/python3.7/site-packages/airflow/example_dags/tutorial_taskflow_api.py
[2024-09-27T23:36:11.422+0000] {processor.py:766} INFO - DAG(s) dict_keys(['tutorial_taskflow_api']) retrieved from /home/airflow/.local/lib/python3.7/site-packages/airflow/example_dags/tutorial_taskflow_api.py
[2024-09-27T23:36:11.471+0000] {logging_mixin.py:120} INFO - [2024-09-27T23:36:11.471+0000] {dag.py:2585} INFO - Sync 1 DAGs
[2024-09-27T23:36:11.499+0000] {logging_mixin.py:120} INFO - [2024-09-27T23:36:11.498+0000] {dag.py:3340} INFO - Setting next_dagrun for tutorial_taskflow_api to None, run_after=None
[2024-09-27T23:36:11.519+0000] {processor.py:176} INFO - Processing /home/airflow/.local/lib/python3.7/site-packages/airflow/example_dags/tutorial_taskflow_api.py took 0.134 seconds
[2024-09-27T23:36:41.617+0000] {processor.py:154} INFO - Started process (PID=13723) to work on /home/airflow/.local/lib/python3.7/site-packages/airflow/example_dags/tutorial_taskflow_api.py
[2024-09-27T23:36:41.620+0000] {processor.py:756} INFO - Processing file /home/airflow/.local/lib/python3.7/site-packages/airflow/example_dags/tutorial_taskflow_api.py for tasks to queue
[2024-09-27T23:36:41.621+0000] {logging_mixin.py:120} INFO - [2024-09-27T23:36:41.620+0000] {dagbag.py:537} INFO - Filling up the DagBag from /home/airflow/.local/lib/python3.7/site-packages/airflow/example_dags/tutorial_taskflow_api.py
[2024-09-27T23:36:41.650+0000] {processor.py:766} INFO - DAG(s) dict_keys(['tutorial_taskflow_api']) retrieved from /home/airflow/.local/lib/python3.7/site-packages/airflow/example_dags/tutorial_taskflow_api.py
[2024-09-27T23:36:41.699+0000] {logging_mixin.py:120} INFO - [2024-09-27T23:36:41.699+0000] {dag.py:2585} INFO - Sync 1 DAGs
[2024-09-27T23:36:41.727+0000] {logging_mixin.py:120} INFO - [2024-09-27T23:36:41.727+0000] {dag.py:3340} INFO - Setting next_dagrun for tutorial_taskflow_api to None, run_after=None
[2024-09-27T23:36:41.748+0000] {processor.py:176} INFO - Processing /home/airflow/.local/lib/python3.7/site-packages/airflow/example_dags/tutorial_taskflow_api.py took 0.136 seconds
[2024-09-27T23:37:12.030+0000] {processor.py:154} INFO - Started process (PID=13786) to work on /home/airflow/.local/lib/python3.7/site-packages/airflow/example_dags/tutorial_taskflow_api.py
[2024-09-27T23:37:12.032+0000] {processor.py:756} INFO - Processing file /home/airflow/.local/lib/python3.7/site-packages/airflow/example_dags/tutorial_taskflow_api.py for tasks to queue
[2024-09-27T23:37:12.033+0000] {logging_mixin.py:120} INFO - [2024-09-27T23:37:12.033+0000] {dagbag.py:537} INFO - Filling up the DagBag from /home/airflow/.local/lib/python3.7/site-packages/airflow/example_dags/tutorial_taskflow_api.py
[2024-09-27T23:37:12.055+0000] {processor.py:766} INFO - DAG(s) dict_keys(['tutorial_taskflow_api']) retrieved from /home/airflow/.local/lib/python3.7/site-packages/airflow/example_dags/tutorial_taskflow_api.py
[2024-09-27T23:37:12.105+0000] {logging_mixin.py:120} INFO - [2024-09-27T23:37:12.105+0000] {dag.py:2585} INFO - Sync 1 DAGs
[2024-09-27T23:37:12.134+0000] {logging_mixin.py:120} INFO - [2024-09-27T23:37:12.134+0000] {dag.py:3340} INFO - Setting next_dagrun for tutorial_taskflow_api to None, run_after=None
[2024-09-27T23:37:12.154+0000] {processor.py:176} INFO - Processing /home/airflow/.local/lib/python3.7/site-packages/airflow/example_dags/tutorial_taskflow_api.py took 0.128 seconds
[2024-09-27T23:37:42.355+0000] {processor.py:154} INFO - Started process (PID=13858) to work on /home/airflow/.local/lib/python3.7/site-packages/airflow/example_dags/tutorial_taskflow_api.py
[2024-09-27T23:37:42.357+0000] {processor.py:756} INFO - Processing file /home/airflow/.local/lib/python3.7/site-packages/airflow/example_dags/tutorial_taskflow_api.py for tasks to queue
[2024-09-27T23:37:42.358+0000] {logging_mixin.py:120} INFO - [2024-09-27T23:37:42.358+0000] {dagbag.py:537} INFO - Filling up the DagBag from /home/airflow/.local/lib/python3.7/site-packages/airflow/example_dags/tutorial_taskflow_api.py
[2024-09-27T23:37:42.384+0000] {processor.py:766} INFO - DAG(s) dict_keys(['tutorial_taskflow_api']) retrieved from /home/airflow/.local/lib/python3.7/site-packages/airflow/example_dags/tutorial_taskflow_api.py
[2024-09-27T23:37:42.430+0000] {logging_mixin.py:120} INFO - [2024-09-27T23:37:42.430+0000] {dag.py:2585} INFO - Sync 1 DAGs
[2024-09-27T23:37:42.457+0000] {logging_mixin.py:120} INFO - [2024-09-27T23:37:42.456+0000] {dag.py:3340} INFO - Setting next_dagrun for tutorial_taskflow_api to None, run_after=None
[2024-09-27T23:37:42.475+0000] {processor.py:176} INFO - Processing /home/airflow/.local/lib/python3.7/site-packages/airflow/example_dags/tutorial_taskflow_api.py took 0.124 seconds
[2024-09-27T23:38:13.035+0000] {processor.py:154} INFO - Started process (PID=13930) to work on /home/airflow/.local/lib/python3.7/site-packages/airflow/example_dags/tutorial_taskflow_api.py
[2024-09-27T23:38:13.038+0000] {processor.py:756} INFO - Processing file /home/airflow/.local/lib/python3.7/site-packages/airflow/example_dags/tutorial_taskflow_api.py for tasks to queue
[2024-09-27T23:38:13.039+0000] {logging_mixin.py:120} INFO - [2024-09-27T23:38:13.039+0000] {dagbag.py:537} INFO - Filling up the DagBag from /home/airflow/.local/lib/python3.7/site-packages/airflow/example_dags/tutorial_taskflow_api.py
[2024-09-27T23:38:13.066+0000] {processor.py:766} INFO - DAG(s) dict_keys(['tutorial_taskflow_api']) retrieved from /home/airflow/.local/lib/python3.7/site-packages/airflow/example_dags/tutorial_taskflow_api.py
[2024-09-27T23:38:13.117+0000] {logging_mixin.py:120} INFO - [2024-09-27T23:38:13.117+0000] {dag.py:2585} INFO - Sync 1 DAGs
[2024-09-27T23:38:13.148+0000] {logging_mixin.py:120} INFO - [2024-09-27T23:38:13.148+0000] {dag.py:3340} INFO - Setting next_dagrun for tutorial_taskflow_api to None, run_after=None
[2024-09-27T23:38:13.170+0000] {processor.py:176} INFO - Processing /home/airflow/.local/lib/python3.7/site-packages/airflow/example_dags/tutorial_taskflow_api.py took 0.140 seconds
[2024-09-27T23:38:44.088+0000] {processor.py:154} INFO - Started process (PID=13993) to work on /home/airflow/.local/lib/python3.7/site-packages/airflow/example_dags/tutorial_taskflow_api.py
[2024-09-27T23:38:44.091+0000] {processor.py:756} INFO - Processing file /home/airflow/.local/lib/python3.7/site-packages/airflow/example_dags/tutorial_taskflow_api.py for tasks to queue
[2024-09-27T23:38:44.092+0000] {logging_mixin.py:120} INFO - [2024-09-27T23:38:44.091+0000] {dagbag.py:537} INFO - Filling up the DagBag from /home/airflow/.local/lib/python3.7/site-packages/airflow/example_dags/tutorial_taskflow_api.py
[2024-09-27T23:38:44.119+0000] {processor.py:766} INFO - DAG(s) dict_keys(['tutorial_taskflow_api']) retrieved from /home/airflow/.local/lib/python3.7/site-packages/airflow/example_dags/tutorial_taskflow_api.py
[2024-09-27T23:38:44.170+0000] {logging_mixin.py:120} INFO - [2024-09-27T23:38:44.170+0000] {dag.py:2585} INFO - Sync 1 DAGs
[2024-09-27T23:38:44.197+0000] {logging_mixin.py:120} INFO - [2024-09-27T23:38:44.197+0000] {dag.py:3340} INFO - Setting next_dagrun for tutorial_taskflow_api to None, run_after=None
[2024-09-27T23:38:44.217+0000] {processor.py:176} INFO - Processing /home/airflow/.local/lib/python3.7/site-packages/airflow/example_dags/tutorial_taskflow_api.py took 0.133 seconds
[2024-09-27T23:39:14.402+0000] {processor.py:154} INFO - Started process (PID=14065) to work on /home/airflow/.local/lib/python3.7/site-packages/airflow/example_dags/tutorial_taskflow_api.py
[2024-09-27T23:39:14.405+0000] {processor.py:756} INFO - Processing file /home/airflow/.local/lib/python3.7/site-packages/airflow/example_dags/tutorial_taskflow_api.py for tasks to queue
[2024-09-27T23:39:14.406+0000] {logging_mixin.py:120} INFO - [2024-09-27T23:39:14.406+0000] {dagbag.py:537} INFO - Filling up the DagBag from /home/airflow/.local/lib/python3.7/site-packages/airflow/example_dags/tutorial_taskflow_api.py
[2024-09-27T23:39:14.431+0000] {processor.py:766} INFO - DAG(s) dict_keys(['tutorial_taskflow_api']) retrieved from /home/airflow/.local/lib/python3.7/site-packages/airflow/example_dags/tutorial_taskflow_api.py
[2024-09-27T23:39:14.479+0000] {logging_mixin.py:120} INFO - [2024-09-27T23:39:14.479+0000] {dag.py:2585} INFO - Sync 1 DAGs
[2024-09-27T23:39:14.505+0000] {logging_mixin.py:120} INFO - [2024-09-27T23:39:14.505+0000] {dag.py:3340} INFO - Setting next_dagrun for tutorial_taskflow_api to None, run_after=None
[2024-09-27T23:39:14.524+0000] {processor.py:176} INFO - Processing /home/airflow/.local/lib/python3.7/site-packages/airflow/example_dags/tutorial_taskflow_api.py took 0.126 seconds
[2024-09-27T23:39:44.943+0000] {processor.py:154} INFO - Started process (PID=14137) to work on /home/airflow/.local/lib/python3.7/site-packages/airflow/example_dags/tutorial_taskflow_api.py
[2024-09-27T23:39:44.947+0000] {processor.py:756} INFO - Processing file /home/airflow/.local/lib/python3.7/site-packages/airflow/example_dags/tutorial_taskflow_api.py for tasks to queue
[2024-09-27T23:39:44.949+0000] {logging_mixin.py:120} INFO - [2024-09-27T23:39:44.949+0000] {dagbag.py:537} INFO - Filling up the DagBag from /home/airflow/.local/lib/python3.7/site-packages/airflow/example_dags/tutorial_taskflow_api.py
[2024-09-27T23:39:44.978+0000] {processor.py:766} INFO - DAG(s) dict_keys(['tutorial_taskflow_api']) retrieved from /home/airflow/.local/lib/python3.7/site-packages/airflow/example_dags/tutorial_taskflow_api.py
[2024-09-27T23:39:45.032+0000] {logging_mixin.py:120} INFO - [2024-09-27T23:39:45.032+0000] {dag.py:2585} INFO - Sync 1 DAGs
[2024-09-27T23:39:45.065+0000] {logging_mixin.py:120} INFO - [2024-09-27T23:39:45.064+0000] {dag.py:3340} INFO - Setting next_dagrun for tutorial_taskflow_api to None, run_after=None
[2024-09-27T23:39:45.088+0000] {processor.py:176} INFO - Processing /home/airflow/.local/lib/python3.7/site-packages/airflow/example_dags/tutorial_taskflow_api.py took 0.149 seconds
[2024-09-27T23:40:15.381+0000] {processor.py:154} INFO - Started process (PID=14209) to work on /home/airflow/.local/lib/python3.7/site-packages/airflow/example_dags/tutorial_taskflow_api.py
[2024-09-27T23:40:15.383+0000] {processor.py:756} INFO - Processing file /home/airflow/.local/lib/python3.7/site-packages/airflow/example_dags/tutorial_taskflow_api.py for tasks to queue
[2024-09-27T23:40:15.384+0000] {logging_mixin.py:120} INFO - [2024-09-27T23:40:15.384+0000] {dagbag.py:537} INFO - Filling up the DagBag from /home/airflow/.local/lib/python3.7/site-packages/airflow/example_dags/tutorial_taskflow_api.py
[2024-09-27T23:40:15.409+0000] {processor.py:766} INFO - DAG(s) dict_keys(['tutorial_taskflow_api']) retrieved from /home/airflow/.local/lib/python3.7/site-packages/airflow/example_dags/tutorial_taskflow_api.py
[2024-09-27T23:40:15.456+0000] {logging_mixin.py:120} INFO - [2024-09-27T23:40:15.456+0000] {dag.py:2585} INFO - Sync 1 DAGs
[2024-09-27T23:40:15.484+0000] {logging_mixin.py:120} INFO - [2024-09-27T23:40:15.484+0000] {dag.py:3340} INFO - Setting next_dagrun for tutorial_taskflow_api to None, run_after=None
[2024-09-27T23:40:15.505+0000] {processor.py:176} INFO - Processing /home/airflow/.local/lib/python3.7/site-packages/airflow/example_dags/tutorial_taskflow_api.py took 0.129 seconds
[2024-09-27T23:40:45.709+0000] {processor.py:154} INFO - Started process (PID=14271) to work on /home/airflow/.local/lib/python3.7/site-packages/airflow/example_dags/tutorial_taskflow_api.py
[2024-09-27T23:40:45.712+0000] {processor.py:756} INFO - Processing file /home/airflow/.local/lib/python3.7/site-packages/airflow/example_dags/tutorial_taskflow_api.py for tasks to queue
[2024-09-27T23:40:45.713+0000] {logging_mixin.py:120} INFO - [2024-09-27T23:40:45.712+0000] {dagbag.py:537} INFO - Filling up the DagBag from /home/airflow/.local/lib/python3.7/site-packages/airflow/example_dags/tutorial_taskflow_api.py
[2024-09-27T23:40:45.740+0000] {processor.py:766} INFO - DAG(s) dict_keys(['tutorial_taskflow_api']) retrieved from /home/airflow/.local/lib/python3.7/site-packages/airflow/example_dags/tutorial_taskflow_api.py
[2024-09-27T23:40:45.792+0000] {logging_mixin.py:120} INFO - [2024-09-27T23:40:45.792+0000] {dag.py:2585} INFO - Sync 1 DAGs
[2024-09-27T23:40:45.822+0000] {logging_mixin.py:120} INFO - [2024-09-27T23:40:45.822+0000] {dag.py:3340} INFO - Setting next_dagrun for tutorial_taskflow_api to None, run_after=None
[2024-09-27T23:40:45.841+0000] {processor.py:176} INFO - Processing /home/airflow/.local/lib/python3.7/site-packages/airflow/example_dags/tutorial_taskflow_api.py took 0.137 seconds
[2024-09-27T23:41:16.040+0000] {processor.py:154} INFO - Started process (PID=14343) to work on /home/airflow/.local/lib/python3.7/site-packages/airflow/example_dags/tutorial_taskflow_api.py
[2024-09-27T23:41:16.042+0000] {processor.py:756} INFO - Processing file /home/airflow/.local/lib/python3.7/site-packages/airflow/example_dags/tutorial_taskflow_api.py for tasks to queue
[2024-09-27T23:41:16.043+0000] {logging_mixin.py:120} INFO - [2024-09-27T23:41:16.043+0000] {dagbag.py:537} INFO - Filling up the DagBag from /home/airflow/.local/lib/python3.7/site-packages/airflow/example_dags/tutorial_taskflow_api.py
[2024-09-27T23:41:16.091+0000] {processor.py:766} INFO - DAG(s) dict_keys(['tutorial_taskflow_api']) retrieved from /home/airflow/.local/lib/python3.7/site-packages/airflow/example_dags/tutorial_taskflow_api.py
[2024-09-27T23:41:16.151+0000] {logging_mixin.py:120} INFO - [2024-09-27T23:41:16.151+0000] {dag.py:2585} INFO - Sync 1 DAGs
[2024-09-27T23:41:16.181+0000] {logging_mixin.py:120} INFO - [2024-09-27T23:41:16.181+0000] {dag.py:3340} INFO - Setting next_dagrun for tutorial_taskflow_api to None, run_after=None
[2024-09-27T23:41:16.203+0000] {processor.py:176} INFO - Processing /home/airflow/.local/lib/python3.7/site-packages/airflow/example_dags/tutorial_taskflow_api.py took 0.168 seconds
[2024-09-27T23:41:46.872+0000] {processor.py:154} INFO - Started process (PID=14414) to work on /home/airflow/.local/lib/python3.7/site-packages/airflow/example_dags/tutorial_taskflow_api.py
[2024-09-27T23:41:46.875+0000] {processor.py:756} INFO - Processing file /home/airflow/.local/lib/python3.7/site-packages/airflow/example_dags/tutorial_taskflow_api.py for tasks to queue
[2024-09-27T23:41:46.876+0000] {logging_mixin.py:120} INFO - [2024-09-27T23:41:46.875+0000] {dagbag.py:537} INFO - Filling up the DagBag from /home/airflow/.local/lib/python3.7/site-packages/airflow/example_dags/tutorial_taskflow_api.py
[2024-09-27T23:41:46.903+0000] {processor.py:766} INFO - DAG(s) dict_keys(['tutorial_taskflow_api']) retrieved from /home/airflow/.local/lib/python3.7/site-packages/airflow/example_dags/tutorial_taskflow_api.py
[2024-09-27T23:41:46.953+0000] {logging_mixin.py:120} INFO - [2024-09-27T23:41:46.952+0000] {dag.py:2585} INFO - Sync 1 DAGs
[2024-09-27T23:41:46.984+0000] {logging_mixin.py:120} INFO - [2024-09-27T23:41:46.983+0000] {dag.py:3340} INFO - Setting next_dagrun for tutorial_taskflow_api to None, run_after=None
[2024-09-27T23:41:47.008+0000] {processor.py:176} INFO - Processing /home/airflow/.local/lib/python3.7/site-packages/airflow/example_dags/tutorial_taskflow_api.py took 0.140 seconds
[2024-09-27T23:42:17.503+0000] {processor.py:154} INFO - Started process (PID=14477) to work on /home/airflow/.local/lib/python3.7/site-packages/airflow/example_dags/tutorial_taskflow_api.py
[2024-09-27T23:42:17.505+0000] {processor.py:756} INFO - Processing file /home/airflow/.local/lib/python3.7/site-packages/airflow/example_dags/tutorial_taskflow_api.py for tasks to queue
[2024-09-27T23:42:17.506+0000] {logging_mixin.py:120} INFO - [2024-09-27T23:42:17.506+0000] {dagbag.py:537} INFO - Filling up the DagBag from /home/airflow/.local/lib/python3.7/site-packages/airflow/example_dags/tutorial_taskflow_api.py
[2024-09-27T23:42:17.532+0000] {processor.py:766} INFO - DAG(s) dict_keys(['tutorial_taskflow_api']) retrieved from /home/airflow/.local/lib/python3.7/site-packages/airflow/example_dags/tutorial_taskflow_api.py
[2024-09-27T23:42:17.583+0000] {logging_mixin.py:120} INFO - [2024-09-27T23:42:17.583+0000] {dag.py:2585} INFO - Sync 1 DAGs
[2024-09-27T23:42:17.613+0000] {logging_mixin.py:120} INFO - [2024-09-27T23:42:17.613+0000] {dag.py:3340} INFO - Setting next_dagrun for tutorial_taskflow_api to None, run_after=None
[2024-09-27T23:42:17.634+0000] {processor.py:176} INFO - Processing /home/airflow/.local/lib/python3.7/site-packages/airflow/example_dags/tutorial_taskflow_api.py took 0.135 seconds
[2024-09-27T23:42:47.777+0000] {processor.py:154} INFO - Started process (PID=14549) to work on /home/airflow/.local/lib/python3.7/site-packages/airflow/example_dags/tutorial_taskflow_api.py
[2024-09-27T23:42:47.780+0000] {processor.py:756} INFO - Processing file /home/airflow/.local/lib/python3.7/site-packages/airflow/example_dags/tutorial_taskflow_api.py for tasks to queue
[2024-09-27T23:42:47.781+0000] {logging_mixin.py:120} INFO - [2024-09-27T23:42:47.781+0000] {dagbag.py:537} INFO - Filling up the DagBag from /home/airflow/.local/lib/python3.7/site-packages/airflow/example_dags/tutorial_taskflow_api.py
[2024-09-27T23:42:47.805+0000] {processor.py:766} INFO - DAG(s) dict_keys(['tutorial_taskflow_api']) retrieved from /home/airflow/.local/lib/python3.7/site-packages/airflow/example_dags/tutorial_taskflow_api.py
[2024-09-27T23:42:47.848+0000] {logging_mixin.py:120} INFO - [2024-09-27T23:42:47.848+0000] {dag.py:2585} INFO - Sync 1 DAGs
[2024-09-27T23:42:47.874+0000] {logging_mixin.py:120} INFO - [2024-09-27T23:42:47.874+0000] {dag.py:3340} INFO - Setting next_dagrun for tutorial_taskflow_api to None, run_after=None
[2024-09-27T23:42:47.893+0000] {processor.py:176} INFO - Processing /home/airflow/.local/lib/python3.7/site-packages/airflow/example_dags/tutorial_taskflow_api.py took 0.121 seconds
[2024-09-27T23:43:18.066+0000] {processor.py:154} INFO - Started process (PID=14621) to work on /home/airflow/.local/lib/python3.7/site-packages/airflow/example_dags/tutorial_taskflow_api.py
[2024-09-27T23:43:18.069+0000] {processor.py:756} INFO - Processing file /home/airflow/.local/lib/python3.7/site-packages/airflow/example_dags/tutorial_taskflow_api.py for tasks to queue
[2024-09-27T23:43:18.069+0000] {logging_mixin.py:120} INFO - [2024-09-27T23:43:18.069+0000] {dagbag.py:537} INFO - Filling up the DagBag from /home/airflow/.local/lib/python3.7/site-packages/airflow/example_dags/tutorial_taskflow_api.py
[2024-09-27T23:43:18.094+0000] {processor.py:766} INFO - DAG(s) dict_keys(['tutorial_taskflow_api']) retrieved from /home/airflow/.local/lib/python3.7/site-packages/airflow/example_dags/tutorial_taskflow_api.py
[2024-09-27T23:43:18.136+0000] {logging_mixin.py:120} INFO - [2024-09-27T23:43:18.136+0000] {dag.py:2585} INFO - Sync 1 DAGs
[2024-09-27T23:43:18.161+0000] {logging_mixin.py:120} INFO - [2024-09-27T23:43:18.161+0000] {dag.py:3340} INFO - Setting next_dagrun for tutorial_taskflow_api to None, run_after=None
[2024-09-27T23:43:18.180+0000] {processor.py:176} INFO - Processing /home/airflow/.local/lib/python3.7/site-packages/airflow/example_dags/tutorial_taskflow_api.py took 0.118 seconds
[2024-09-27T23:43:48.414+0000] {processor.py:154} INFO - Started process (PID=14684) to work on /home/airflow/.local/lib/python3.7/site-packages/airflow/example_dags/tutorial_taskflow_api.py
[2024-09-27T23:43:48.416+0000] {processor.py:756} INFO - Processing file /home/airflow/.local/lib/python3.7/site-packages/airflow/example_dags/tutorial_taskflow_api.py for tasks to queue
[2024-09-27T23:43:48.417+0000] {logging_mixin.py:120} INFO - [2024-09-27T23:43:48.417+0000] {dagbag.py:537} INFO - Filling up the DagBag from /home/airflow/.local/lib/python3.7/site-packages/airflow/example_dags/tutorial_taskflow_api.py
[2024-09-27T23:43:48.441+0000] {processor.py:766} INFO - DAG(s) dict_keys(['tutorial_taskflow_api']) retrieved from /home/airflow/.local/lib/python3.7/site-packages/airflow/example_dags/tutorial_taskflow_api.py
[2024-09-27T23:43:48.481+0000] {logging_mixin.py:120} INFO - [2024-09-27T23:43:48.481+0000] {dag.py:2585} INFO - Sync 1 DAGs
[2024-09-27T23:43:48.507+0000] {logging_mixin.py:120} INFO - [2024-09-27T23:43:48.507+0000] {dag.py:3340} INFO - Setting next_dagrun for tutorial_taskflow_api to None, run_after=None
[2024-09-27T23:43:48.526+0000] {processor.py:176} INFO - Processing /home/airflow/.local/lib/python3.7/site-packages/airflow/example_dags/tutorial_taskflow_api.py took 0.116 seconds
[2024-09-27T23:44:18.811+0000] {processor.py:154} INFO - Started process (PID=14757) to work on /home/airflow/.local/lib/python3.7/site-packages/airflow/example_dags/tutorial_taskflow_api.py
[2024-09-27T23:44:18.813+0000] {processor.py:756} INFO - Processing file /home/airflow/.local/lib/python3.7/site-packages/airflow/example_dags/tutorial_taskflow_api.py for tasks to queue
[2024-09-27T23:44:18.814+0000] {logging_mixin.py:120} INFO - [2024-09-27T23:44:18.814+0000] {dagbag.py:537} INFO - Filling up the DagBag from /home/airflow/.local/lib/python3.7/site-packages/airflow/example_dags/tutorial_taskflow_api.py
[2024-09-27T23:44:18.840+0000] {processor.py:766} INFO - DAG(s) dict_keys(['tutorial_taskflow_api']) retrieved from /home/airflow/.local/lib/python3.7/site-packages/airflow/example_dags/tutorial_taskflow_api.py
[2024-09-27T23:44:18.886+0000] {logging_mixin.py:120} INFO - [2024-09-27T23:44:18.886+0000] {dag.py:2585} INFO - Sync 1 DAGs
[2024-09-27T23:44:18.911+0000] {logging_mixin.py:120} INFO - [2024-09-27T23:44:18.911+0000] {dag.py:3340} INFO - Setting next_dagrun for tutorial_taskflow_api to None, run_after=None
[2024-09-27T23:44:18.929+0000] {processor.py:176} INFO - Processing /home/airflow/.local/lib/python3.7/site-packages/airflow/example_dags/tutorial_taskflow_api.py took 0.122 seconds
[2024-09-27T23:44:49.210+0000] {processor.py:154} INFO - Started process (PID=14829) to work on /home/airflow/.local/lib/python3.7/site-packages/airflow/example_dags/tutorial_taskflow_api.py
[2024-09-27T23:44:49.212+0000] {processor.py:756} INFO - Processing file /home/airflow/.local/lib/python3.7/site-packages/airflow/example_dags/tutorial_taskflow_api.py for tasks to queue
[2024-09-27T23:44:49.213+0000] {logging_mixin.py:120} INFO - [2024-09-27T23:44:49.213+0000] {dagbag.py:537} INFO - Filling up the DagBag from /home/airflow/.local/lib/python3.7/site-packages/airflow/example_dags/tutorial_taskflow_api.py
[2024-09-27T23:44:49.238+0000] {processor.py:766} INFO - DAG(s) dict_keys(['tutorial_taskflow_api']) retrieved from /home/airflow/.local/lib/python3.7/site-packages/airflow/example_dags/tutorial_taskflow_api.py
[2024-09-27T23:44:49.285+0000] {logging_mixin.py:120} INFO - [2024-09-27T23:44:49.285+0000] {dag.py:2585} INFO - Sync 1 DAGs
[2024-09-27T23:44:49.312+0000] {logging_mixin.py:120} INFO - [2024-09-27T23:44:49.312+0000] {dag.py:3340} INFO - Setting next_dagrun for tutorial_taskflow_api to None, run_after=None
[2024-09-27T23:44:49.330+0000] {processor.py:176} INFO - Processing /home/airflow/.local/lib/python3.7/site-packages/airflow/example_dags/tutorial_taskflow_api.py took 0.125 seconds
[2024-09-27T23:45:19.603+0000] {processor.py:154} INFO - Started process (PID=14892) to work on /home/airflow/.local/lib/python3.7/site-packages/airflow/example_dags/tutorial_taskflow_api.py
[2024-09-27T23:45:19.605+0000] {processor.py:756} INFO - Processing file /home/airflow/.local/lib/python3.7/site-packages/airflow/example_dags/tutorial_taskflow_api.py for tasks to queue
[2024-09-27T23:45:19.606+0000] {logging_mixin.py:120} INFO - [2024-09-27T23:45:19.606+0000] {dagbag.py:537} INFO - Filling up the DagBag from /home/airflow/.local/lib/python3.7/site-packages/airflow/example_dags/tutorial_taskflow_api.py
[2024-09-27T23:45:19.633+0000] {processor.py:766} INFO - DAG(s) dict_keys(['tutorial_taskflow_api']) retrieved from /home/airflow/.local/lib/python3.7/site-packages/airflow/example_dags/tutorial_taskflow_api.py
[2024-09-27T23:45:19.682+0000] {logging_mixin.py:120} INFO - [2024-09-27T23:45:19.682+0000] {dag.py:2585} INFO - Sync 1 DAGs
[2024-09-27T23:45:19.708+0000] {logging_mixin.py:120} INFO - [2024-09-27T23:45:19.708+0000] {dag.py:3340} INFO - Setting next_dagrun for tutorial_taskflow_api to None, run_after=None
[2024-09-27T23:45:19.728+0000] {processor.py:176} INFO - Processing /home/airflow/.local/lib/python3.7/site-packages/airflow/example_dags/tutorial_taskflow_api.py took 0.130 seconds
[2024-09-27T23:45:49.878+0000] {processor.py:154} INFO - Started process (PID=14964) to work on /home/airflow/.local/lib/python3.7/site-packages/airflow/example_dags/tutorial_taskflow_api.py
[2024-09-27T23:45:49.880+0000] {processor.py:756} INFO - Processing file /home/airflow/.local/lib/python3.7/site-packages/airflow/example_dags/tutorial_taskflow_api.py for tasks to queue
[2024-09-27T23:45:49.881+0000] {logging_mixin.py:120} INFO - [2024-09-27T23:45:49.881+0000] {dagbag.py:537} INFO - Filling up the DagBag from /home/airflow/.local/lib/python3.7/site-packages/airflow/example_dags/tutorial_taskflow_api.py
[2024-09-27T23:45:49.904+0000] {processor.py:766} INFO - DAG(s) dict_keys(['tutorial_taskflow_api']) retrieved from /home/airflow/.local/lib/python3.7/site-packages/airflow/example_dags/tutorial_taskflow_api.py
[2024-09-27T23:45:49.947+0000] {logging_mixin.py:120} INFO - [2024-09-27T23:45:49.946+0000] {dag.py:2585} INFO - Sync 1 DAGs
[2024-09-27T23:45:49.973+0000] {logging_mixin.py:120} INFO - [2024-09-27T23:45:49.973+0000] {dag.py:3340} INFO - Setting next_dagrun for tutorial_taskflow_api to None, run_after=None
[2024-09-27T23:45:49.992+0000] {processor.py:176} INFO - Processing /home/airflow/.local/lib/python3.7/site-packages/airflow/example_dags/tutorial_taskflow_api.py took 0.119 seconds
[2024-09-27T23:46:20.081+0000] {processor.py:154} INFO - Started process (PID=15036) to work on /home/airflow/.local/lib/python3.7/site-packages/airflow/example_dags/tutorial_taskflow_api.py
[2024-09-27T23:46:20.084+0000] {processor.py:756} INFO - Processing file /home/airflow/.local/lib/python3.7/site-packages/airflow/example_dags/tutorial_taskflow_api.py for tasks to queue
[2024-09-27T23:46:20.085+0000] {logging_mixin.py:120} INFO - [2024-09-27T23:46:20.085+0000] {dagbag.py:537} INFO - Filling up the DagBag from /home/airflow/.local/lib/python3.7/site-packages/airflow/example_dags/tutorial_taskflow_api.py
[2024-09-27T23:46:20.111+0000] {processor.py:766} INFO - DAG(s) dict_keys(['tutorial_taskflow_api']) retrieved from /home/airflow/.local/lib/python3.7/site-packages/airflow/example_dags/tutorial_taskflow_api.py
[2024-09-27T23:46:20.157+0000] {logging_mixin.py:120} INFO - [2024-09-27T23:46:20.157+0000] {dag.py:2585} INFO - Sync 1 DAGs
[2024-09-27T23:46:20.185+0000] {logging_mixin.py:120} INFO - [2024-09-27T23:46:20.185+0000] {dag.py:3340} INFO - Setting next_dagrun for tutorial_taskflow_api to None, run_after=None
[2024-09-27T23:46:20.204+0000] {processor.py:176} INFO - Processing /home/airflow/.local/lib/python3.7/site-packages/airflow/example_dags/tutorial_taskflow_api.py took 0.127 seconds
[2024-09-27T23:46:50.632+0000] {processor.py:154} INFO - Started process (PID=15108) to work on /home/airflow/.local/lib/python3.7/site-packages/airflow/example_dags/tutorial_taskflow_api.py
[2024-09-27T23:46:50.635+0000] {processor.py:756} INFO - Processing file /home/airflow/.local/lib/python3.7/site-packages/airflow/example_dags/tutorial_taskflow_api.py for tasks to queue
[2024-09-27T23:46:50.637+0000] {logging_mixin.py:120} INFO - [2024-09-27T23:46:50.636+0000] {dagbag.py:537} INFO - Filling up the DagBag from /home/airflow/.local/lib/python3.7/site-packages/airflow/example_dags/tutorial_taskflow_api.py
[2024-09-27T23:46:50.664+0000] {processor.py:766} INFO - DAG(s) dict_keys(['tutorial_taskflow_api']) retrieved from /home/airflow/.local/lib/python3.7/site-packages/airflow/example_dags/tutorial_taskflow_api.py
[2024-09-27T23:46:50.722+0000] {logging_mixin.py:120} INFO - [2024-09-27T23:46:50.722+0000] {dag.py:2585} INFO - Sync 1 DAGs
[2024-09-27T23:46:50.754+0000] {logging_mixin.py:120} INFO - [2024-09-27T23:46:50.754+0000] {dag.py:3340} INFO - Setting next_dagrun for tutorial_taskflow_api to None, run_after=None
[2024-09-27T23:46:50.778+0000] {processor.py:176} INFO - Processing /home/airflow/.local/lib/python3.7/site-packages/airflow/example_dags/tutorial_taskflow_api.py took 0.150 seconds
[2024-09-27T23:47:20.943+0000] {processor.py:154} INFO - Started process (PID=15171) to work on /home/airflow/.local/lib/python3.7/site-packages/airflow/example_dags/tutorial_taskflow_api.py
[2024-09-27T23:47:20.945+0000] {processor.py:756} INFO - Processing file /home/airflow/.local/lib/python3.7/site-packages/airflow/example_dags/tutorial_taskflow_api.py for tasks to queue
[2024-09-27T23:47:20.946+0000] {logging_mixin.py:120} INFO - [2024-09-27T23:47:20.946+0000] {dagbag.py:537} INFO - Filling up the DagBag from /home/airflow/.local/lib/python3.7/site-packages/airflow/example_dags/tutorial_taskflow_api.py
[2024-09-27T23:47:20.969+0000] {processor.py:766} INFO - DAG(s) dict_keys(['tutorial_taskflow_api']) retrieved from /home/airflow/.local/lib/python3.7/site-packages/airflow/example_dags/tutorial_taskflow_api.py
[2024-09-27T23:47:21.014+0000] {logging_mixin.py:120} INFO - [2024-09-27T23:47:21.014+0000] {dag.py:2585} INFO - Sync 1 DAGs
[2024-09-27T23:47:21.043+0000] {logging_mixin.py:120} INFO - [2024-09-27T23:47:21.043+0000] {dag.py:3340} INFO - Setting next_dagrun for tutorial_taskflow_api to None, run_after=None
[2024-09-27T23:47:21.065+0000] {processor.py:176} INFO - Processing /home/airflow/.local/lib/python3.7/site-packages/airflow/example_dags/tutorial_taskflow_api.py took 0.126 seconds
[2024-09-27T23:47:54.547+0000] {processor.py:154} INFO - Started process (PID=15243) to work on /home/airflow/.local/lib/python3.7/site-packages/airflow/example_dags/tutorial_taskflow_api.py
[2024-09-27T23:47:54.557+0000] {processor.py:756} INFO - Processing file /home/airflow/.local/lib/python3.7/site-packages/airflow/example_dags/tutorial_taskflow_api.py for tasks to queue
[2024-09-27T23:47:54.561+0000] {logging_mixin.py:120} INFO - [2024-09-27T23:47:54.561+0000] {dagbag.py:537} INFO - Filling up the DagBag from /home/airflow/.local/lib/python3.7/site-packages/airflow/example_dags/tutorial_taskflow_api.py
[2024-09-27T23:47:54.709+0000] {processor.py:766} INFO - DAG(s) dict_keys(['tutorial_taskflow_api']) retrieved from /home/airflow/.local/lib/python3.7/site-packages/airflow/example_dags/tutorial_taskflow_api.py
[2024-09-27T23:47:54.995+0000] {logging_mixin.py:120} INFO - [2024-09-27T23:47:54.994+0000] {dag.py:2585} INFO - Sync 1 DAGs
[2024-09-27T23:47:55.178+0000] {logging_mixin.py:120} INFO - [2024-09-27T23:47:55.177+0000] {dag.py:3340} INFO - Setting next_dagrun for tutorial_taskflow_api to None, run_after=None
[2024-09-27T23:47:55.304+0000] {processor.py:176} INFO - Processing /home/airflow/.local/lib/python3.7/site-packages/airflow/example_dags/tutorial_taskflow_api.py took 0.774 seconds
[2024-09-27T23:49:50.854+0000] {processor.py:154} INFO - Started process (PID=15309) to work on /home/airflow/.local/lib/python3.7/site-packages/airflow/example_dags/tutorial_taskflow_api.py
[2024-09-27T23:49:50.861+0000] {processor.py:756} INFO - Processing file /home/airflow/.local/lib/python3.7/site-packages/airflow/example_dags/tutorial_taskflow_api.py for tasks to queue
[2024-09-27T23:49:50.868+0000] {logging_mixin.py:120} INFO - [2024-09-27T23:49:50.867+0000] {dagbag.py:537} INFO - Filling up the DagBag from /home/airflow/.local/lib/python3.7/site-packages/airflow/example_dags/tutorial_taskflow_api.py
[2024-09-27T23:49:50.938+0000] {processor.py:766} INFO - DAG(s) dict_keys(['tutorial_taskflow_api']) retrieved from /home/airflow/.local/lib/python3.7/site-packages/airflow/example_dags/tutorial_taskflow_api.py
[2024-09-27T23:49:51.025+0000] {logging_mixin.py:120} INFO - [2024-09-27T23:49:51.025+0000] {dag.py:2585} INFO - Sync 1 DAGs
[2024-09-27T23:49:51.073+0000] {logging_mixin.py:120} INFO - [2024-09-27T23:49:51.073+0000] {dag.py:3340} INFO - Setting next_dagrun for tutorial_taskflow_api to None, run_after=None
[2024-09-27T23:49:51.119+0000] {processor.py:176} INFO - Processing /home/airflow/.local/lib/python3.7/site-packages/airflow/example_dags/tutorial_taskflow_api.py took 0.279 seconds
[2024-09-27T23:50:46.845+0000] {processor.py:154} INFO - Started process (PID=15375) to work on /home/airflow/.local/lib/python3.7/site-packages/airflow/example_dags/tutorial_taskflow_api.py
[2024-09-27T23:50:46.848+0000] {processor.py:756} INFO - Processing file /home/airflow/.local/lib/python3.7/site-packages/airflow/example_dags/tutorial_taskflow_api.py for tasks to queue
[2024-09-27T23:50:46.849+0000] {logging_mixin.py:120} INFO - [2024-09-27T23:50:46.849+0000] {dagbag.py:537} INFO - Filling up the DagBag from /home/airflow/.local/lib/python3.7/site-packages/airflow/example_dags/tutorial_taskflow_api.py
[2024-09-27T23:50:46.879+0000] {processor.py:766} INFO - DAG(s) dict_keys(['tutorial_taskflow_api']) retrieved from /home/airflow/.local/lib/python3.7/site-packages/airflow/example_dags/tutorial_taskflow_api.py
[2024-09-27T23:50:46.932+0000] {logging_mixin.py:120} INFO - [2024-09-27T23:50:46.931+0000] {dag.py:2585} INFO - Sync 1 DAGs
[2024-09-27T23:50:46.962+0000] {logging_mixin.py:120} INFO - [2024-09-27T23:50:46.962+0000] {dag.py:3340} INFO - Setting next_dagrun for tutorial_taskflow_api to None, run_after=None
[2024-09-27T23:50:46.984+0000] {processor.py:176} INFO - Processing /home/airflow/.local/lib/python3.7/site-packages/airflow/example_dags/tutorial_taskflow_api.py took 0.143 seconds
[2024-09-27T23:51:24.572+0000] {processor.py:154} INFO - Started process (PID=15439) to work on /home/airflow/.local/lib/python3.7/site-packages/airflow/example_dags/tutorial_taskflow_api.py
[2024-09-27T23:51:24.593+0000] {processor.py:756} INFO - Processing file /home/airflow/.local/lib/python3.7/site-packages/airflow/example_dags/tutorial_taskflow_api.py for tasks to queue
[2024-09-27T23:51:24.600+0000] {logging_mixin.py:120} INFO - [2024-09-27T23:51:24.599+0000] {dagbag.py:537} INFO - Filling up the DagBag from /home/airflow/.local/lib/python3.7/site-packages/airflow/example_dags/tutorial_taskflow_api.py
[2024-09-27T23:51:24.831+0000] {processor.py:766} INFO - DAG(s) dict_keys(['tutorial_taskflow_api']) retrieved from /home/airflow/.local/lib/python3.7/site-packages/airflow/example_dags/tutorial_taskflow_api.py
[2024-09-27T23:51:25.290+0000] {logging_mixin.py:120} INFO - [2024-09-27T23:51:25.288+0000] {dag.py:2585} INFO - Sync 1 DAGs
[2024-09-27T23:51:25.601+0000] {logging_mixin.py:120} INFO - [2024-09-27T23:51:25.599+0000] {dag.py:3340} INFO - Setting next_dagrun for tutorial_taskflow_api to None, run_after=None
[2024-09-27T23:51:25.825+0000] {processor.py:176} INFO - Processing /home/airflow/.local/lib/python3.7/site-packages/airflow/example_dags/tutorial_taskflow_api.py took 1.288 seconds
