[2024-09-25T00:10:23.573+0000] {processor.py:154} INFO - Started process (PID=17114) to work on /home/airflow/.local/lib/python3.7/site-packages/airflow/example_dags/example_task_group.py
[2024-09-25T00:10:23.578+0000] {processor.py:756} INFO - Processing file /home/airflow/.local/lib/python3.7/site-packages/airflow/example_dags/example_task_group.py for tasks to queue
[2024-09-25T00:10:23.585+0000] {logging_mixin.py:120} INFO - [2024-09-25T00:10:23.585+0000] {dagbag.py:537} INFO - Filling up the DagBag from /home/airflow/.local/lib/python3.7/site-packages/airflow/example_dags/example_task_group.py
[2024-09-25T00:10:23.634+0000] {processor.py:766} INFO - DAG(s) dict_keys(['example_task_group']) retrieved from /home/airflow/.local/lib/python3.7/site-packages/airflow/example_dags/example_task_group.py
[2024-09-25T00:10:23.745+0000] {logging_mixin.py:120} INFO - [2024-09-25T00:10:23.745+0000] {dag.py:2585} INFO - Sync 1 DAGs
[2024-09-25T00:10:23.841+0000] {logging_mixin.py:120} INFO - [2024-09-25T00:10:23.841+0000] {dag.py:3340} INFO - Setting next_dagrun for example_task_group to 2024-09-24T00:10:23.840527+00:00, run_after=2024-09-25T00:10:23.840527+00:00
[2024-09-25T00:10:23.903+0000] {processor.py:176} INFO - Processing /home/airflow/.local/lib/python3.7/site-packages/airflow/example_dags/example_task_group.py took 0.338 seconds
[2024-09-25T01:11:21.959+0000] {processor.py:154} INFO - Started process (PID=17169) to work on /home/airflow/.local/lib/python3.7/site-packages/airflow/example_dags/example_task_group.py
[2024-09-25T01:11:21.961+0000] {processor.py:756} INFO - Processing file /home/airflow/.local/lib/python3.7/site-packages/airflow/example_dags/example_task_group.py for tasks to queue
[2024-09-25T01:11:21.962+0000] {logging_mixin.py:120} INFO - [2024-09-25T01:11:21.962+0000] {dagbag.py:537} INFO - Filling up the DagBag from /home/airflow/.local/lib/python3.7/site-packages/airflow/example_dags/example_task_group.py
[2024-09-25T01:11:21.991+0000] {processor.py:766} INFO - DAG(s) dict_keys(['example_task_group']) retrieved from /home/airflow/.local/lib/python3.7/site-packages/airflow/example_dags/example_task_group.py
[2024-09-25T01:11:22.044+0000] {logging_mixin.py:120} INFO - [2024-09-25T01:11:22.044+0000] {dag.py:2585} INFO - Sync 1 DAGs
[2024-09-25T01:11:22.080+0000] {logging_mixin.py:120} INFO - [2024-09-25T01:11:22.079+0000] {dag.py:3340} INFO - Setting next_dagrun for example_task_group to 2024-09-24T01:11:22.079635+00:00, run_after=2024-09-25T01:11:22.079635+00:00
[2024-09-25T01:11:22.108+0000] {processor.py:176} INFO - Processing /home/airflow/.local/lib/python3.7/site-packages/airflow/example_dags/example_task_group.py took 0.156 seconds
[2024-09-25T01:37:31.334+0000] {processor.py:154} INFO - Started process (PID=17223) to work on /home/airflow/.local/lib/python3.7/site-packages/airflow/example_dags/example_task_group.py
[2024-09-25T01:37:31.336+0000] {processor.py:756} INFO - Processing file /home/airflow/.local/lib/python3.7/site-packages/airflow/example_dags/example_task_group.py for tasks to queue
[2024-09-25T01:37:31.339+0000] {logging_mixin.py:120} INFO - [2024-09-25T01:37:31.339+0000] {dagbag.py:537} INFO - Filling up the DagBag from /home/airflow/.local/lib/python3.7/site-packages/airflow/example_dags/example_task_group.py
[2024-09-25T01:37:31.375+0000] {processor.py:766} INFO - DAG(s) dict_keys(['example_task_group']) retrieved from /home/airflow/.local/lib/python3.7/site-packages/airflow/example_dags/example_task_group.py
[2024-09-25T01:37:31.464+0000] {logging_mixin.py:120} INFO - [2024-09-25T01:37:31.464+0000] {dag.py:2585} INFO - Sync 1 DAGs
[2024-09-25T01:37:31.513+0000] {logging_mixin.py:120} INFO - [2024-09-25T01:37:31.512+0000] {dag.py:3340} INFO - Setting next_dagrun for example_task_group to 2024-09-24T01:37:31.512519+00:00, run_after=2024-09-25T01:37:31.512519+00:00
[2024-09-25T01:37:31.550+0000] {processor.py:176} INFO - Processing /home/airflow/.local/lib/python3.7/site-packages/airflow/example_dags/example_task_group.py took 0.222 seconds
[2024-09-25T02:12:46.699+0000] {processor.py:154} INFO - Started process (PID=17277) to work on /home/airflow/.local/lib/python3.7/site-packages/airflow/example_dags/example_task_group.py
[2024-09-25T02:12:46.706+0000] {processor.py:756} INFO - Processing file /home/airflow/.local/lib/python3.7/site-packages/airflow/example_dags/example_task_group.py for tasks to queue
[2024-09-25T02:12:46.712+0000] {logging_mixin.py:120} INFO - [2024-09-25T02:12:46.712+0000] {dagbag.py:537} INFO - Filling up the DagBag from /home/airflow/.local/lib/python3.7/site-packages/airflow/example_dags/example_task_group.py
[2024-09-25T02:12:46.796+0000] {processor.py:766} INFO - DAG(s) dict_keys(['example_task_group']) retrieved from /home/airflow/.local/lib/python3.7/site-packages/airflow/example_dags/example_task_group.py
[2024-09-25T02:12:46.926+0000] {logging_mixin.py:120} INFO - [2024-09-25T02:12:46.926+0000] {dag.py:2585} INFO - Sync 1 DAGs
[2024-09-25T02:12:47.021+0000] {logging_mixin.py:120} INFO - [2024-09-25T02:12:47.021+0000] {dag.py:3340} INFO - Setting next_dagrun for example_task_group to 2024-09-24T02:12:47.020455+00:00, run_after=2024-09-25T02:12:47.020455+00:00
[2024-09-25T02:12:47.082+0000] {processor.py:176} INFO - Processing /home/airflow/.local/lib/python3.7/site-packages/airflow/example_dags/example_task_group.py took 0.397 seconds
[2024-09-25T02:52:26.740+0000] {processor.py:154} INFO - Started process (PID=17331) to work on /home/airflow/.local/lib/python3.7/site-packages/airflow/example_dags/example_task_group.py
[2024-09-25T02:52:26.745+0000] {processor.py:756} INFO - Processing file /home/airflow/.local/lib/python3.7/site-packages/airflow/example_dags/example_task_group.py for tasks to queue
[2024-09-25T02:52:26.749+0000] {logging_mixin.py:120} INFO - [2024-09-25T02:52:26.748+0000] {dagbag.py:537} INFO - Filling up the DagBag from /home/airflow/.local/lib/python3.7/site-packages/airflow/example_dags/example_task_group.py
[2024-09-25T02:52:26.829+0000] {processor.py:766} INFO - DAG(s) dict_keys(['example_task_group']) retrieved from /home/airflow/.local/lib/python3.7/site-packages/airflow/example_dags/example_task_group.py
[2024-09-25T02:52:26.971+0000] {logging_mixin.py:120} INFO - [2024-09-25T02:52:26.971+0000] {dag.py:2585} INFO - Sync 1 DAGs
[2024-09-25T02:52:27.109+0000] {logging_mixin.py:120} INFO - [2024-09-25T02:52:27.109+0000] {dag.py:3340} INFO - Setting next_dagrun for example_task_group to 2024-09-24T02:52:27.108724+00:00, run_after=2024-09-25T02:52:27.108724+00:00
[2024-09-25T02:52:27.224+0000] {processor.py:176} INFO - Processing /home/airflow/.local/lib/python3.7/site-packages/airflow/example_dags/example_task_group.py took 0.494 seconds
[2024-09-25T02:52:57.647+0000] {processor.py:154} INFO - Started process (PID=17385) to work on /home/airflow/.local/lib/python3.7/site-packages/airflow/example_dags/example_task_group.py
[2024-09-25T02:52:57.648+0000] {processor.py:756} INFO - Processing file /home/airflow/.local/lib/python3.7/site-packages/airflow/example_dags/example_task_group.py for tasks to queue
[2024-09-25T02:52:57.649+0000] {logging_mixin.py:120} INFO - [2024-09-25T02:52:57.649+0000] {dagbag.py:537} INFO - Filling up the DagBag from /home/airflow/.local/lib/python3.7/site-packages/airflow/example_dags/example_task_group.py
[2024-09-25T02:52:57.674+0000] {processor.py:766} INFO - DAG(s) dict_keys(['example_task_group']) retrieved from /home/airflow/.local/lib/python3.7/site-packages/airflow/example_dags/example_task_group.py
[2024-09-25T02:52:57.748+0000] {logging_mixin.py:120} INFO - [2024-09-25T02:52:57.748+0000] {dag.py:2585} INFO - Sync 1 DAGs
[2024-09-25T02:52:57.824+0000] {logging_mixin.py:120} INFO - [2024-09-25T02:52:57.823+0000] {dag.py:3340} INFO - Setting next_dagrun for example_task_group to 2024-09-24T02:52:57.822633+00:00, run_after=2024-09-25T02:52:57.822633+00:00
[2024-09-25T02:52:57.872+0000] {processor.py:176} INFO - Processing /home/airflow/.local/lib/python3.7/site-packages/airflow/example_dags/example_task_group.py took 0.229 seconds
[2024-09-25T02:53:28.177+0000] {processor.py:154} INFO - Started process (PID=17448) to work on /home/airflow/.local/lib/python3.7/site-packages/airflow/example_dags/example_task_group.py
[2024-09-25T02:53:28.180+0000] {processor.py:756} INFO - Processing file /home/airflow/.local/lib/python3.7/site-packages/airflow/example_dags/example_task_group.py for tasks to queue
[2024-09-25T02:53:28.182+0000] {logging_mixin.py:120} INFO - [2024-09-25T02:53:28.182+0000] {dagbag.py:537} INFO - Filling up the DagBag from /home/airflow/.local/lib/python3.7/site-packages/airflow/example_dags/example_task_group.py
[2024-09-25T02:53:28.208+0000] {processor.py:766} INFO - DAG(s) dict_keys(['example_task_group']) retrieved from /home/airflow/.local/lib/python3.7/site-packages/airflow/example_dags/example_task_group.py
[2024-09-25T02:53:28.268+0000] {logging_mixin.py:120} INFO - [2024-09-25T02:53:28.268+0000] {dag.py:2585} INFO - Sync 1 DAGs
[2024-09-25T02:53:28.304+0000] {logging_mixin.py:120} INFO - [2024-09-25T02:53:28.304+0000] {dag.py:3340} INFO - Setting next_dagrun for example_task_group to 2024-09-24T02:53:28.304154+00:00, run_after=2024-09-25T02:53:28.304154+00:00
[2024-09-25T02:53:28.337+0000] {processor.py:176} INFO - Processing /home/airflow/.local/lib/python3.7/site-packages/airflow/example_dags/example_task_group.py took 0.165 seconds
[2024-09-25T02:53:58.398+0000] {processor.py:154} INFO - Started process (PID=17502) to work on /home/airflow/.local/lib/python3.7/site-packages/airflow/example_dags/example_task_group.py
[2024-09-25T02:53:58.400+0000] {processor.py:756} INFO - Processing file /home/airflow/.local/lib/python3.7/site-packages/airflow/example_dags/example_task_group.py for tasks to queue
[2024-09-25T02:53:58.405+0000] {logging_mixin.py:120} INFO - [2024-09-25T02:53:58.405+0000] {dagbag.py:537} INFO - Filling up the DagBag from /home/airflow/.local/lib/python3.7/site-packages/airflow/example_dags/example_task_group.py
[2024-09-25T02:53:58.430+0000] {processor.py:766} INFO - DAG(s) dict_keys(['example_task_group']) retrieved from /home/airflow/.local/lib/python3.7/site-packages/airflow/example_dags/example_task_group.py
[2024-09-25T02:53:58.494+0000] {logging_mixin.py:120} INFO - [2024-09-25T02:53:58.494+0000] {dag.py:2585} INFO - Sync 1 DAGs
[2024-09-25T02:53:58.531+0000] {logging_mixin.py:120} INFO - [2024-09-25T02:53:58.531+0000] {dag.py:3340} INFO - Setting next_dagrun for example_task_group to 2024-09-24T02:53:58.531150+00:00, run_after=2024-09-25T02:53:58.531150+00:00
[2024-09-25T02:53:58.563+0000] {processor.py:176} INFO - Processing /home/airflow/.local/lib/python3.7/site-packages/airflow/example_dags/example_task_group.py took 0.170 seconds
[2024-09-25T02:54:29.480+0000] {processor.py:154} INFO - Started process (PID=17565) to work on /home/airflow/.local/lib/python3.7/site-packages/airflow/example_dags/example_task_group.py
[2024-09-25T02:54:29.483+0000] {processor.py:756} INFO - Processing file /home/airflow/.local/lib/python3.7/site-packages/airflow/example_dags/example_task_group.py for tasks to queue
[2024-09-25T02:54:29.484+0000] {logging_mixin.py:120} INFO - [2024-09-25T02:54:29.484+0000] {dagbag.py:537} INFO - Filling up the DagBag from /home/airflow/.local/lib/python3.7/site-packages/airflow/example_dags/example_task_group.py
[2024-09-25T02:54:29.509+0000] {processor.py:766} INFO - DAG(s) dict_keys(['example_task_group']) retrieved from /home/airflow/.local/lib/python3.7/site-packages/airflow/example_dags/example_task_group.py
[2024-09-25T02:54:29.567+0000] {logging_mixin.py:120} INFO - [2024-09-25T02:54:29.567+0000] {dag.py:2585} INFO - Sync 1 DAGs
[2024-09-25T02:54:29.611+0000] {logging_mixin.py:120} INFO - [2024-09-25T02:54:29.611+0000] {dag.py:3340} INFO - Setting next_dagrun for example_task_group to 2024-09-24T02:54:29.611000+00:00, run_after=2024-09-25T02:54:29.611000+00:00
[2024-09-25T02:54:29.646+0000] {processor.py:176} INFO - Processing /home/airflow/.local/lib/python3.7/site-packages/airflow/example_dags/example_task_group.py took 0.171 seconds
[2024-09-25T02:55:00.467+0000] {processor.py:154} INFO - Started process (PID=17625) to work on /home/airflow/.local/lib/python3.7/site-packages/airflow/example_dags/example_task_group.py
[2024-09-25T02:55:00.472+0000] {processor.py:756} INFO - Processing file /home/airflow/.local/lib/python3.7/site-packages/airflow/example_dags/example_task_group.py for tasks to queue
[2024-09-25T02:55:00.477+0000] {logging_mixin.py:120} INFO - [2024-09-25T02:55:00.476+0000] {dagbag.py:537} INFO - Filling up the DagBag from /home/airflow/.local/lib/python3.7/site-packages/airflow/example_dags/example_task_group.py
[2024-09-25T02:55:00.524+0000] {processor.py:766} INFO - DAG(s) dict_keys(['example_task_group']) retrieved from /home/airflow/.local/lib/python3.7/site-packages/airflow/example_dags/example_task_group.py
[2024-09-25T02:55:00.596+0000] {logging_mixin.py:120} INFO - [2024-09-25T02:55:00.596+0000] {dag.py:2585} INFO - Sync 1 DAGs
[2024-09-25T02:55:00.642+0000] {logging_mixin.py:120} INFO - [2024-09-25T02:55:00.641+0000] {dag.py:3340} INFO - Setting next_dagrun for example_task_group to 2024-09-24T02:55:00.641641+00:00, run_after=2024-09-25T02:55:00.641641+00:00
[2024-09-25T02:55:00.677+0000] {processor.py:176} INFO - Processing /home/airflow/.local/lib/python3.7/site-packages/airflow/example_dags/example_task_group.py took 0.218 seconds
[2024-09-25T02:55:31.357+0000] {processor.py:154} INFO - Started process (PID=17681) to work on /home/airflow/.local/lib/python3.7/site-packages/airflow/example_dags/example_task_group.py
[2024-09-25T02:55:31.358+0000] {processor.py:756} INFO - Processing file /home/airflow/.local/lib/python3.7/site-packages/airflow/example_dags/example_task_group.py for tasks to queue
[2024-09-25T02:55:31.359+0000] {logging_mixin.py:120} INFO - [2024-09-25T02:55:31.359+0000] {dagbag.py:537} INFO - Filling up the DagBag from /home/airflow/.local/lib/python3.7/site-packages/airflow/example_dags/example_task_group.py
[2024-09-25T02:55:31.383+0000] {processor.py:766} INFO - DAG(s) dict_keys(['example_task_group']) retrieved from /home/airflow/.local/lib/python3.7/site-packages/airflow/example_dags/example_task_group.py
[2024-09-25T02:55:31.438+0000] {logging_mixin.py:120} INFO - [2024-09-25T02:55:31.437+0000] {dag.py:2585} INFO - Sync 1 DAGs
[2024-09-25T02:55:31.470+0000] {logging_mixin.py:120} INFO - [2024-09-25T02:55:31.470+0000] {dag.py:3340} INFO - Setting next_dagrun for example_task_group to 2024-09-24T02:55:31.470121+00:00, run_after=2024-09-25T02:55:31.470121+00:00
[2024-09-25T02:55:31.500+0000] {processor.py:176} INFO - Processing /home/airflow/.local/lib/python3.7/site-packages/airflow/example_dags/example_task_group.py took 0.147 seconds
[2024-09-25T02:56:02.158+0000] {processor.py:154} INFO - Started process (PID=17744) to work on /home/airflow/.local/lib/python3.7/site-packages/airflow/example_dags/example_task_group.py
[2024-09-25T02:56:02.159+0000] {processor.py:756} INFO - Processing file /home/airflow/.local/lib/python3.7/site-packages/airflow/example_dags/example_task_group.py for tasks to queue
[2024-09-25T02:56:02.160+0000] {logging_mixin.py:120} INFO - [2024-09-25T02:56:02.160+0000] {dagbag.py:537} INFO - Filling up the DagBag from /home/airflow/.local/lib/python3.7/site-packages/airflow/example_dags/example_task_group.py
[2024-09-25T02:56:02.181+0000] {processor.py:766} INFO - DAG(s) dict_keys(['example_task_group']) retrieved from /home/airflow/.local/lib/python3.7/site-packages/airflow/example_dags/example_task_group.py
[2024-09-25T02:56:02.233+0000] {logging_mixin.py:120} INFO - [2024-09-25T02:56:02.233+0000] {dag.py:2585} INFO - Sync 1 DAGs
[2024-09-25T02:56:02.264+0000] {logging_mixin.py:120} INFO - [2024-09-25T02:56:02.264+0000] {dag.py:3340} INFO - Setting next_dagrun for example_task_group to 2024-09-24T02:56:02.263955+00:00, run_after=2024-09-25T02:56:02.263955+00:00
[2024-09-25T02:56:02.288+0000] {processor.py:176} INFO - Processing /home/airflow/.local/lib/python3.7/site-packages/airflow/example_dags/example_task_group.py took 0.135 seconds
[2024-09-25T02:56:33.014+0000] {processor.py:154} INFO - Started process (PID=17798) to work on /home/airflow/.local/lib/python3.7/site-packages/airflow/example_dags/example_task_group.py
[2024-09-25T02:56:33.016+0000] {processor.py:756} INFO - Processing file /home/airflow/.local/lib/python3.7/site-packages/airflow/example_dags/example_task_group.py for tasks to queue
[2024-09-25T02:56:33.018+0000] {logging_mixin.py:120} INFO - [2024-09-25T02:56:33.018+0000] {dagbag.py:537} INFO - Filling up the DagBag from /home/airflow/.local/lib/python3.7/site-packages/airflow/example_dags/example_task_group.py
[2024-09-25T02:56:33.048+0000] {processor.py:766} INFO - DAG(s) dict_keys(['example_task_group']) retrieved from /home/airflow/.local/lib/python3.7/site-packages/airflow/example_dags/example_task_group.py
[2024-09-25T02:56:33.108+0000] {logging_mixin.py:120} INFO - [2024-09-25T02:56:33.108+0000] {dag.py:2585} INFO - Sync 1 DAGs
[2024-09-25T02:56:33.145+0000] {logging_mixin.py:120} INFO - [2024-09-25T02:56:33.144+0000] {dag.py:3340} INFO - Setting next_dagrun for example_task_group to 2024-09-24T02:56:33.144638+00:00, run_after=2024-09-25T02:56:33.144638+00:00
[2024-09-25T02:56:33.180+0000] {processor.py:176} INFO - Processing /home/airflow/.local/lib/python3.7/site-packages/airflow/example_dags/example_task_group.py took 0.171 seconds
[2024-09-25T02:57:04.080+0000] {processor.py:154} INFO - Started process (PID=17861) to work on /home/airflow/.local/lib/python3.7/site-packages/airflow/example_dags/example_task_group.py
[2024-09-25T02:57:04.083+0000] {processor.py:756} INFO - Processing file /home/airflow/.local/lib/python3.7/site-packages/airflow/example_dags/example_task_group.py for tasks to queue
[2024-09-25T02:57:04.084+0000] {logging_mixin.py:120} INFO - [2024-09-25T02:57:04.084+0000] {dagbag.py:537} INFO - Filling up the DagBag from /home/airflow/.local/lib/python3.7/site-packages/airflow/example_dags/example_task_group.py
[2024-09-25T02:57:04.107+0000] {processor.py:766} INFO - DAG(s) dict_keys(['example_task_group']) retrieved from /home/airflow/.local/lib/python3.7/site-packages/airflow/example_dags/example_task_group.py
[2024-09-25T02:57:04.167+0000] {logging_mixin.py:120} INFO - [2024-09-25T02:57:04.167+0000] {dag.py:2585} INFO - Sync 1 DAGs
[2024-09-25T02:57:04.206+0000] {logging_mixin.py:120} INFO - [2024-09-25T02:57:04.206+0000] {dag.py:3340} INFO - Setting next_dagrun for example_task_group to 2024-09-24T02:57:04.205791+00:00, run_after=2024-09-25T02:57:04.205791+00:00
[2024-09-25T02:57:04.236+0000] {processor.py:176} INFO - Processing /home/airflow/.local/lib/python3.7/site-packages/airflow/example_dags/example_task_group.py took 0.160 seconds
[2024-09-25T02:57:34.365+0000] {processor.py:154} INFO - Started process (PID=17924) to work on /home/airflow/.local/lib/python3.7/site-packages/airflow/example_dags/example_task_group.py
[2024-09-25T02:57:34.366+0000] {processor.py:756} INFO - Processing file /home/airflow/.local/lib/python3.7/site-packages/airflow/example_dags/example_task_group.py for tasks to queue
[2024-09-25T02:57:34.367+0000] {logging_mixin.py:120} INFO - [2024-09-25T02:57:34.367+0000] {dagbag.py:537} INFO - Filling up the DagBag from /home/airflow/.local/lib/python3.7/site-packages/airflow/example_dags/example_task_group.py
[2024-09-25T02:57:34.390+0000] {processor.py:766} INFO - DAG(s) dict_keys(['example_task_group']) retrieved from /home/airflow/.local/lib/python3.7/site-packages/airflow/example_dags/example_task_group.py
[2024-09-25T02:57:34.443+0000] {logging_mixin.py:120} INFO - [2024-09-25T02:57:34.443+0000] {dag.py:2585} INFO - Sync 1 DAGs
[2024-09-25T02:57:34.478+0000] {logging_mixin.py:120} INFO - [2024-09-25T02:57:34.478+0000] {dag.py:3340} INFO - Setting next_dagrun for example_task_group to 2024-09-24T02:57:34.478408+00:00, run_after=2024-09-25T02:57:34.478408+00:00
[2024-09-25T02:57:34.506+0000] {processor.py:176} INFO - Processing /home/airflow/.local/lib/python3.7/site-packages/airflow/example_dags/example_task_group.py took 0.145 seconds
[2024-09-25T02:58:04.826+0000] {processor.py:154} INFO - Started process (PID=17978) to work on /home/airflow/.local/lib/python3.7/site-packages/airflow/example_dags/example_task_group.py
[2024-09-25T02:58:04.828+0000] {processor.py:756} INFO - Processing file /home/airflow/.local/lib/python3.7/site-packages/airflow/example_dags/example_task_group.py for tasks to queue
[2024-09-25T02:58:04.829+0000] {logging_mixin.py:120} INFO - [2024-09-25T02:58:04.829+0000] {dagbag.py:537} INFO - Filling up the DagBag from /home/airflow/.local/lib/python3.7/site-packages/airflow/example_dags/example_task_group.py
[2024-09-25T02:58:04.857+0000] {processor.py:766} INFO - DAG(s) dict_keys(['example_task_group']) retrieved from /home/airflow/.local/lib/python3.7/site-packages/airflow/example_dags/example_task_group.py
[2024-09-25T02:58:04.926+0000] {logging_mixin.py:120} INFO - [2024-09-25T02:58:04.926+0000] {dag.py:2585} INFO - Sync 1 DAGs
[2024-09-25T02:58:04.971+0000] {logging_mixin.py:120} INFO - [2024-09-25T02:58:04.970+0000] {dag.py:3340} INFO - Setting next_dagrun for example_task_group to 2024-09-24T02:58:04.970502+00:00, run_after=2024-09-25T02:58:04.970502+00:00
[2024-09-25T02:58:05.008+0000] {processor.py:176} INFO - Processing /home/airflow/.local/lib/python3.7/site-packages/airflow/example_dags/example_task_group.py took 0.190 seconds
[2024-09-25T02:58:35.497+0000] {processor.py:154} INFO - Started process (PID=18041) to work on /home/airflow/.local/lib/python3.7/site-packages/airflow/example_dags/example_task_group.py
[2024-09-25T02:58:35.499+0000] {processor.py:756} INFO - Processing file /home/airflow/.local/lib/python3.7/site-packages/airflow/example_dags/example_task_group.py for tasks to queue
[2024-09-25T02:58:35.501+0000] {logging_mixin.py:120} INFO - [2024-09-25T02:58:35.501+0000] {dagbag.py:537} INFO - Filling up the DagBag from /home/airflow/.local/lib/python3.7/site-packages/airflow/example_dags/example_task_group.py
[2024-09-25T02:58:35.533+0000] {processor.py:766} INFO - DAG(s) dict_keys(['example_task_group']) retrieved from /home/airflow/.local/lib/python3.7/site-packages/airflow/example_dags/example_task_group.py
[2024-09-25T02:58:35.628+0000] {logging_mixin.py:120} INFO - [2024-09-25T02:58:35.628+0000] {dag.py:2585} INFO - Sync 1 DAGs
[2024-09-25T02:58:35.689+0000] {logging_mixin.py:120} INFO - [2024-09-25T02:58:35.689+0000] {dag.py:3340} INFO - Setting next_dagrun for example_task_group to 2024-09-24T02:58:35.688891+00:00, run_after=2024-09-25T02:58:35.688891+00:00
[2024-09-25T02:58:35.738+0000] {processor.py:176} INFO - Processing /home/airflow/.local/lib/python3.7/site-packages/airflow/example_dags/example_task_group.py took 0.247 seconds
[2024-09-25T02:59:05.891+0000] {processor.py:154} INFO - Started process (PID=18104) to work on /home/airflow/.local/lib/python3.7/site-packages/airflow/example_dags/example_task_group.py
[2024-09-25T02:59:05.892+0000] {processor.py:756} INFO - Processing file /home/airflow/.local/lib/python3.7/site-packages/airflow/example_dags/example_task_group.py for tasks to queue
[2024-09-25T02:59:05.893+0000] {logging_mixin.py:120} INFO - [2024-09-25T02:59:05.893+0000] {dagbag.py:537} INFO - Filling up the DagBag from /home/airflow/.local/lib/python3.7/site-packages/airflow/example_dags/example_task_group.py
[2024-09-25T02:59:05.915+0000] {processor.py:766} INFO - DAG(s) dict_keys(['example_task_group']) retrieved from /home/airflow/.local/lib/python3.7/site-packages/airflow/example_dags/example_task_group.py
[2024-09-25T02:59:05.964+0000] {logging_mixin.py:120} INFO - [2024-09-25T02:59:05.964+0000] {dag.py:2585} INFO - Sync 1 DAGs
[2024-09-25T02:59:05.995+0000] {logging_mixin.py:120} INFO - [2024-09-25T02:59:05.995+0000] {dag.py:3340} INFO - Setting next_dagrun for example_task_group to 2024-09-24T02:59:05.994780+00:00, run_after=2024-09-25T02:59:05.994780+00:00
[2024-09-25T02:59:06.023+0000] {processor.py:176} INFO - Processing /home/airflow/.local/lib/python3.7/site-packages/airflow/example_dags/example_task_group.py took 0.136 seconds
[2024-09-25T02:59:36.946+0000] {processor.py:154} INFO - Started process (PID=18158) to work on /home/airflow/.local/lib/python3.7/site-packages/airflow/example_dags/example_task_group.py
[2024-09-25T02:59:36.948+0000] {processor.py:756} INFO - Processing file /home/airflow/.local/lib/python3.7/site-packages/airflow/example_dags/example_task_group.py for tasks to queue
[2024-09-25T02:59:36.950+0000] {logging_mixin.py:120} INFO - [2024-09-25T02:59:36.949+0000] {dagbag.py:537} INFO - Filling up the DagBag from /home/airflow/.local/lib/python3.7/site-packages/airflow/example_dags/example_task_group.py
[2024-09-25T02:59:36.975+0000] {processor.py:766} INFO - DAG(s) dict_keys(['example_task_group']) retrieved from /home/airflow/.local/lib/python3.7/site-packages/airflow/example_dags/example_task_group.py
[2024-09-25T02:59:37.040+0000] {logging_mixin.py:120} INFO - [2024-09-25T02:59:37.040+0000] {dag.py:2585} INFO - Sync 1 DAGs
[2024-09-25T02:59:37.077+0000] {logging_mixin.py:120} INFO - [2024-09-25T02:59:37.077+0000] {dag.py:3340} INFO - Setting next_dagrun for example_task_group to 2024-09-24T02:59:37.077410+00:00, run_after=2024-09-25T02:59:37.077410+00:00
[2024-09-25T02:59:37.106+0000] {processor.py:176} INFO - Processing /home/airflow/.local/lib/python3.7/site-packages/airflow/example_dags/example_task_group.py took 0.164 seconds
[2024-09-25T03:00:07.832+0000] {processor.py:154} INFO - Started process (PID=18221) to work on /home/airflow/.local/lib/python3.7/site-packages/airflow/example_dags/example_task_group.py
[2024-09-25T03:00:07.834+0000] {processor.py:756} INFO - Processing file /home/airflow/.local/lib/python3.7/site-packages/airflow/example_dags/example_task_group.py for tasks to queue
[2024-09-25T03:00:07.835+0000] {logging_mixin.py:120} INFO - [2024-09-25T03:00:07.835+0000] {dagbag.py:537} INFO - Filling up the DagBag from /home/airflow/.local/lib/python3.7/site-packages/airflow/example_dags/example_task_group.py
[2024-09-25T03:00:07.856+0000] {processor.py:766} INFO - DAG(s) dict_keys(['example_task_group']) retrieved from /home/airflow/.local/lib/python3.7/site-packages/airflow/example_dags/example_task_group.py
[2024-09-25T03:00:07.909+0000] {logging_mixin.py:120} INFO - [2024-09-25T03:00:07.909+0000] {dag.py:2585} INFO - Sync 1 DAGs
[2024-09-25T03:00:07.940+0000] {logging_mixin.py:120} INFO - [2024-09-25T03:00:07.940+0000] {dag.py:3340} INFO - Setting next_dagrun for example_task_group to 2024-09-24T03:00:07.940146+00:00, run_after=2024-09-25T03:00:07.940146+00:00
[2024-09-25T03:00:07.962+0000] {processor.py:176} INFO - Processing /home/airflow/.local/lib/python3.7/site-packages/airflow/example_dags/example_task_group.py took 0.134 seconds
[2024-09-25T03:00:38.367+0000] {processor.py:154} INFO - Started process (PID=18284) to work on /home/airflow/.local/lib/python3.7/site-packages/airflow/example_dags/example_task_group.py
[2024-09-25T03:00:38.368+0000] {processor.py:756} INFO - Processing file /home/airflow/.local/lib/python3.7/site-packages/airflow/example_dags/example_task_group.py for tasks to queue
[2024-09-25T03:00:38.369+0000] {logging_mixin.py:120} INFO - [2024-09-25T03:00:38.369+0000] {dagbag.py:537} INFO - Filling up the DagBag from /home/airflow/.local/lib/python3.7/site-packages/airflow/example_dags/example_task_group.py
[2024-09-25T03:00:38.391+0000] {processor.py:766} INFO - DAG(s) dict_keys(['example_task_group']) retrieved from /home/airflow/.local/lib/python3.7/site-packages/airflow/example_dags/example_task_group.py
[2024-09-25T03:00:38.440+0000] {logging_mixin.py:120} INFO - [2024-09-25T03:00:38.440+0000] {dag.py:2585} INFO - Sync 1 DAGs
[2024-09-25T03:00:38.473+0000] {logging_mixin.py:120} INFO - [2024-09-25T03:00:38.473+0000] {dag.py:3340} INFO - Setting next_dagrun for example_task_group to 2024-09-24T03:00:38.473422+00:00, run_after=2024-09-25T03:00:38.473422+00:00
[2024-09-25T03:00:38.495+0000] {processor.py:176} INFO - Processing /home/airflow/.local/lib/python3.7/site-packages/airflow/example_dags/example_task_group.py took 0.133 seconds
[2024-09-25T03:01:08.950+0000] {processor.py:154} INFO - Started process (PID=18338) to work on /home/airflow/.local/lib/python3.7/site-packages/airflow/example_dags/example_task_group.py
[2024-09-25T03:01:08.951+0000] {processor.py:756} INFO - Processing file /home/airflow/.local/lib/python3.7/site-packages/airflow/example_dags/example_task_group.py for tasks to queue
[2024-09-25T03:01:08.952+0000] {logging_mixin.py:120} INFO - [2024-09-25T03:01:08.952+0000] {dagbag.py:537} INFO - Filling up the DagBag from /home/airflow/.local/lib/python3.7/site-packages/airflow/example_dags/example_task_group.py
[2024-09-25T03:01:08.972+0000] {processor.py:766} INFO - DAG(s) dict_keys(['example_task_group']) retrieved from /home/airflow/.local/lib/python3.7/site-packages/airflow/example_dags/example_task_group.py
[2024-09-25T03:01:09.021+0000] {logging_mixin.py:120} INFO - [2024-09-25T03:01:09.021+0000] {dag.py:2585} INFO - Sync 1 DAGs
[2024-09-25T03:01:09.051+0000] {logging_mixin.py:120} INFO - [2024-09-25T03:01:09.051+0000] {dag.py:3340} INFO - Setting next_dagrun for example_task_group to 2024-09-24T03:01:09.050775+00:00, run_after=2024-09-25T03:01:09.050775+00:00
[2024-09-25T03:01:09.073+0000] {processor.py:176} INFO - Processing /home/airflow/.local/lib/python3.7/site-packages/airflow/example_dags/example_task_group.py took 0.127 seconds
[2024-09-25T03:01:39.376+0000] {processor.py:154} INFO - Started process (PID=18401) to work on /home/airflow/.local/lib/python3.7/site-packages/airflow/example_dags/example_task_group.py
[2024-09-25T03:01:39.377+0000] {processor.py:756} INFO - Processing file /home/airflow/.local/lib/python3.7/site-packages/airflow/example_dags/example_task_group.py for tasks to queue
[2024-09-25T03:01:39.378+0000] {logging_mixin.py:120} INFO - [2024-09-25T03:01:39.378+0000] {dagbag.py:537} INFO - Filling up the DagBag from /home/airflow/.local/lib/python3.7/site-packages/airflow/example_dags/example_task_group.py
[2024-09-25T03:01:39.399+0000] {processor.py:766} INFO - DAG(s) dict_keys(['example_task_group']) retrieved from /home/airflow/.local/lib/python3.7/site-packages/airflow/example_dags/example_task_group.py
[2024-09-25T03:01:39.452+0000] {logging_mixin.py:120} INFO - [2024-09-25T03:01:39.451+0000] {dag.py:2585} INFO - Sync 1 DAGs
[2024-09-25T03:01:39.483+0000] {logging_mixin.py:120} INFO - [2024-09-25T03:01:39.483+0000] {dag.py:3340} INFO - Setting next_dagrun for example_task_group to 2024-09-24T03:01:39.483129+00:00, run_after=2024-09-25T03:01:39.483129+00:00
[2024-09-25T03:01:39.505+0000] {processor.py:176} INFO - Processing /home/airflow/.local/lib/python3.7/site-packages/airflow/example_dags/example_task_group.py took 0.134 seconds
[2024-09-25T03:02:09.942+0000] {processor.py:154} INFO - Started process (PID=18464) to work on /home/airflow/.local/lib/python3.7/site-packages/airflow/example_dags/example_task_group.py
[2024-09-25T03:02:09.943+0000] {processor.py:756} INFO - Processing file /home/airflow/.local/lib/python3.7/site-packages/airflow/example_dags/example_task_group.py for tasks to queue
[2024-09-25T03:02:09.944+0000] {logging_mixin.py:120} INFO - [2024-09-25T03:02:09.944+0000] {dagbag.py:537} INFO - Filling up the DagBag from /home/airflow/.local/lib/python3.7/site-packages/airflow/example_dags/example_task_group.py
[2024-09-25T03:02:09.966+0000] {processor.py:766} INFO - DAG(s) dict_keys(['example_task_group']) retrieved from /home/airflow/.local/lib/python3.7/site-packages/airflow/example_dags/example_task_group.py
[2024-09-25T03:02:10.016+0000] {logging_mixin.py:120} INFO - [2024-09-25T03:02:10.016+0000] {dag.py:2585} INFO - Sync 1 DAGs
[2024-09-25T03:02:10.048+0000] {logging_mixin.py:120} INFO - [2024-09-25T03:02:10.048+0000] {dag.py:3340} INFO - Setting next_dagrun for example_task_group to 2024-09-24T03:02:10.048246+00:00, run_after=2024-09-25T03:02:10.048246+00:00
[2024-09-25T03:02:10.074+0000] {processor.py:176} INFO - Processing /home/airflow/.local/lib/python3.7/site-packages/airflow/example_dags/example_task_group.py took 0.136 seconds
[2024-09-25T03:02:40.379+0000] {processor.py:154} INFO - Started process (PID=18527) to work on /home/airflow/.local/lib/python3.7/site-packages/airflow/example_dags/example_task_group.py
[2024-09-25T03:02:40.380+0000] {processor.py:756} INFO - Processing file /home/airflow/.local/lib/python3.7/site-packages/airflow/example_dags/example_task_group.py for tasks to queue
[2024-09-25T03:02:40.381+0000] {logging_mixin.py:120} INFO - [2024-09-25T03:02:40.381+0000] {dagbag.py:537} INFO - Filling up the DagBag from /home/airflow/.local/lib/python3.7/site-packages/airflow/example_dags/example_task_group.py
[2024-09-25T03:02:40.409+0000] {processor.py:766} INFO - DAG(s) dict_keys(['example_task_group']) retrieved from /home/airflow/.local/lib/python3.7/site-packages/airflow/example_dags/example_task_group.py
[2024-09-25T03:02:40.475+0000] {logging_mixin.py:120} INFO - [2024-09-25T03:02:40.475+0000] {dag.py:2585} INFO - Sync 1 DAGs
[2024-09-25T03:02:40.517+0000] {logging_mixin.py:120} INFO - [2024-09-25T03:02:40.517+0000] {dag.py:3340} INFO - Setting next_dagrun for example_task_group to 2024-09-24T03:02:40.516780+00:00, run_after=2024-09-25T03:02:40.516780+00:00
[2024-09-25T03:02:40.554+0000] {processor.py:176} INFO - Processing /home/airflow/.local/lib/python3.7/site-packages/airflow/example_dags/example_task_group.py took 0.180 seconds
[2024-09-25T03:03:10.805+0000] {processor.py:154} INFO - Started process (PID=18581) to work on /home/airflow/.local/lib/python3.7/site-packages/airflow/example_dags/example_task_group.py
[2024-09-25T03:03:10.807+0000] {processor.py:756} INFO - Processing file /home/airflow/.local/lib/python3.7/site-packages/airflow/example_dags/example_task_group.py for tasks to queue
[2024-09-25T03:03:10.807+0000] {logging_mixin.py:120} INFO - [2024-09-25T03:03:10.807+0000] {dagbag.py:537} INFO - Filling up the DagBag from /home/airflow/.local/lib/python3.7/site-packages/airflow/example_dags/example_task_group.py
[2024-09-25T03:03:10.829+0000] {processor.py:766} INFO - DAG(s) dict_keys(['example_task_group']) retrieved from /home/airflow/.local/lib/python3.7/site-packages/airflow/example_dags/example_task_group.py
[2024-09-25T03:03:10.880+0000] {logging_mixin.py:120} INFO - [2024-09-25T03:03:10.880+0000] {dag.py:2585} INFO - Sync 1 DAGs
[2024-09-25T03:03:10.912+0000] {logging_mixin.py:120} INFO - [2024-09-25T03:03:10.912+0000] {dag.py:3340} INFO - Setting next_dagrun for example_task_group to 2024-09-24T03:03:10.911749+00:00, run_after=2024-09-25T03:03:10.911749+00:00
[2024-09-25T03:03:10.939+0000] {processor.py:176} INFO - Processing /home/airflow/.local/lib/python3.7/site-packages/airflow/example_dags/example_task_group.py took 0.138 seconds
[2024-09-25T03:03:41.254+0000] {processor.py:154} INFO - Started process (PID=18644) to work on /home/airflow/.local/lib/python3.7/site-packages/airflow/example_dags/example_task_group.py
[2024-09-25T03:03:41.256+0000] {processor.py:756} INFO - Processing file /home/airflow/.local/lib/python3.7/site-packages/airflow/example_dags/example_task_group.py for tasks to queue
[2024-09-25T03:03:41.257+0000] {logging_mixin.py:120} INFO - [2024-09-25T03:03:41.257+0000] {dagbag.py:537} INFO - Filling up the DagBag from /home/airflow/.local/lib/python3.7/site-packages/airflow/example_dags/example_task_group.py
[2024-09-25T03:03:41.278+0000] {processor.py:766} INFO - DAG(s) dict_keys(['example_task_group']) retrieved from /home/airflow/.local/lib/python3.7/site-packages/airflow/example_dags/example_task_group.py
[2024-09-25T03:03:41.327+0000] {logging_mixin.py:120} INFO - [2024-09-25T03:03:41.327+0000] {dag.py:2585} INFO - Sync 1 DAGs
[2024-09-25T03:03:41.357+0000] {logging_mixin.py:120} INFO - [2024-09-25T03:03:41.357+0000] {dag.py:3340} INFO - Setting next_dagrun for example_task_group to 2024-09-24T03:03:41.356837+00:00, run_after=2024-09-25T03:03:41.356837+00:00
[2024-09-25T03:03:41.379+0000] {processor.py:176} INFO - Processing /home/airflow/.local/lib/python3.7/site-packages/airflow/example_dags/example_task_group.py took 0.128 seconds
[2024-09-25T03:04:11.724+0000] {processor.py:154} INFO - Started process (PID=18707) to work on /home/airflow/.local/lib/python3.7/site-packages/airflow/example_dags/example_task_group.py
[2024-09-25T03:04:11.726+0000] {processor.py:756} INFO - Processing file /home/airflow/.local/lib/python3.7/site-packages/airflow/example_dags/example_task_group.py for tasks to queue
[2024-09-25T03:04:11.727+0000] {logging_mixin.py:120} INFO - [2024-09-25T03:04:11.727+0000] {dagbag.py:537} INFO - Filling up the DagBag from /home/airflow/.local/lib/python3.7/site-packages/airflow/example_dags/example_task_group.py
[2024-09-25T03:04:11.747+0000] {processor.py:766} INFO - DAG(s) dict_keys(['example_task_group']) retrieved from /home/airflow/.local/lib/python3.7/site-packages/airflow/example_dags/example_task_group.py
[2024-09-25T03:04:11.795+0000] {logging_mixin.py:120} INFO - [2024-09-25T03:04:11.795+0000] {dag.py:2585} INFO - Sync 1 DAGs
[2024-09-25T03:04:11.822+0000] {logging_mixin.py:120} INFO - [2024-09-25T03:04:11.822+0000] {dag.py:3340} INFO - Setting next_dagrun for example_task_group to 2024-09-24T03:04:11.822563+00:00, run_after=2024-09-25T03:04:11.822563+00:00
[2024-09-25T03:04:11.842+0000] {processor.py:176} INFO - Processing /home/airflow/.local/lib/python3.7/site-packages/airflow/example_dags/example_task_group.py took 0.122 seconds
[2024-09-25T03:04:42.157+0000] {processor.py:154} INFO - Started process (PID=18761) to work on /home/airflow/.local/lib/python3.7/site-packages/airflow/example_dags/example_task_group.py
[2024-09-25T03:04:42.158+0000] {processor.py:756} INFO - Processing file /home/airflow/.local/lib/python3.7/site-packages/airflow/example_dags/example_task_group.py for tasks to queue
[2024-09-25T03:04:42.159+0000] {logging_mixin.py:120} INFO - [2024-09-25T03:04:42.159+0000] {dagbag.py:537} INFO - Filling up the DagBag from /home/airflow/.local/lib/python3.7/site-packages/airflow/example_dags/example_task_group.py
[2024-09-25T03:04:42.181+0000] {processor.py:766} INFO - DAG(s) dict_keys(['example_task_group']) retrieved from /home/airflow/.local/lib/python3.7/site-packages/airflow/example_dags/example_task_group.py
[2024-09-25T03:04:42.230+0000] {logging_mixin.py:120} INFO - [2024-09-25T03:04:42.230+0000] {dag.py:2585} INFO - Sync 1 DAGs
[2024-09-25T03:04:42.261+0000] {logging_mixin.py:120} INFO - [2024-09-25T03:04:42.261+0000] {dag.py:3340} INFO - Setting next_dagrun for example_task_group to 2024-09-24T03:04:42.260988+00:00, run_after=2024-09-25T03:04:42.260988+00:00
[2024-09-25T03:04:42.287+0000] {processor.py:176} INFO - Processing /home/airflow/.local/lib/python3.7/site-packages/airflow/example_dags/example_task_group.py took 0.135 seconds
[2024-09-25T03:05:12.486+0000] {processor.py:154} INFO - Started process (PID=18824) to work on /home/airflow/.local/lib/python3.7/site-packages/airflow/example_dags/example_task_group.py
[2024-09-25T03:05:12.487+0000] {processor.py:756} INFO - Processing file /home/airflow/.local/lib/python3.7/site-packages/airflow/example_dags/example_task_group.py for tasks to queue
[2024-09-25T03:05:12.488+0000] {logging_mixin.py:120} INFO - [2024-09-25T03:05:12.488+0000] {dagbag.py:537} INFO - Filling up the DagBag from /home/airflow/.local/lib/python3.7/site-packages/airflow/example_dags/example_task_group.py
[2024-09-25T03:05:12.508+0000] {processor.py:766} INFO - DAG(s) dict_keys(['example_task_group']) retrieved from /home/airflow/.local/lib/python3.7/site-packages/airflow/example_dags/example_task_group.py
[2024-09-25T03:05:12.561+0000] {logging_mixin.py:120} INFO - [2024-09-25T03:05:12.561+0000] {dag.py:2585} INFO - Sync 1 DAGs
[2024-09-25T03:05:12.592+0000] {logging_mixin.py:120} INFO - [2024-09-25T03:05:12.592+0000] {dag.py:3340} INFO - Setting next_dagrun for example_task_group to 2024-09-24T03:05:12.592435+00:00, run_after=2024-09-25T03:05:12.592435+00:00
[2024-09-25T03:05:12.615+0000] {processor.py:176} INFO - Processing /home/airflow/.local/lib/python3.7/site-packages/airflow/example_dags/example_task_group.py took 0.134 seconds
[2024-09-25T03:05:43.016+0000] {processor.py:154} INFO - Started process (PID=18887) to work on /home/airflow/.local/lib/python3.7/site-packages/airflow/example_dags/example_task_group.py
[2024-09-25T03:05:43.017+0000] {processor.py:756} INFO - Processing file /home/airflow/.local/lib/python3.7/site-packages/airflow/example_dags/example_task_group.py for tasks to queue
[2024-09-25T03:05:43.018+0000] {logging_mixin.py:120} INFO - [2024-09-25T03:05:43.018+0000] {dagbag.py:537} INFO - Filling up the DagBag from /home/airflow/.local/lib/python3.7/site-packages/airflow/example_dags/example_task_group.py
[2024-09-25T03:05:43.039+0000] {processor.py:766} INFO - DAG(s) dict_keys(['example_task_group']) retrieved from /home/airflow/.local/lib/python3.7/site-packages/airflow/example_dags/example_task_group.py
[2024-09-25T03:05:43.095+0000] {logging_mixin.py:120} INFO - [2024-09-25T03:05:43.095+0000] {dag.py:2585} INFO - Sync 1 DAGs
[2024-09-25T03:05:43.125+0000] {logging_mixin.py:120} INFO - [2024-09-25T03:05:43.125+0000] {dag.py:3340} INFO - Setting next_dagrun for example_task_group to 2024-09-24T03:05:43.124833+00:00, run_after=2024-09-25T03:05:43.124833+00:00
[2024-09-25T03:05:43.149+0000] {processor.py:176} INFO - Processing /home/airflow/.local/lib/python3.7/site-packages/airflow/example_dags/example_task_group.py took 0.137 seconds
[2024-09-25T03:06:14.005+0000] {processor.py:154} INFO - Started process (PID=18941) to work on /home/airflow/.local/lib/python3.7/site-packages/airflow/example_dags/example_task_group.py
[2024-09-25T03:06:14.007+0000] {processor.py:756} INFO - Processing file /home/airflow/.local/lib/python3.7/site-packages/airflow/example_dags/example_task_group.py for tasks to queue
[2024-09-25T03:06:14.008+0000] {logging_mixin.py:120} INFO - [2024-09-25T03:06:14.008+0000] {dagbag.py:537} INFO - Filling up the DagBag from /home/airflow/.local/lib/python3.7/site-packages/airflow/example_dags/example_task_group.py
[2024-09-25T03:06:14.032+0000] {processor.py:766} INFO - DAG(s) dict_keys(['example_task_group']) retrieved from /home/airflow/.local/lib/python3.7/site-packages/airflow/example_dags/example_task_group.py
[2024-09-25T03:06:14.086+0000] {logging_mixin.py:120} INFO - [2024-09-25T03:06:14.086+0000] {dag.py:2585} INFO - Sync 1 DAGs
[2024-09-25T03:06:14.117+0000] {logging_mixin.py:120} INFO - [2024-09-25T03:06:14.117+0000] {dag.py:3340} INFO - Setting next_dagrun for example_task_group to 2024-09-24T03:06:14.117176+00:00, run_after=2024-09-25T03:06:14.117176+00:00
[2024-09-25T03:06:14.137+0000] {processor.py:176} INFO - Processing /home/airflow/.local/lib/python3.7/site-packages/airflow/example_dags/example_task_group.py took 0.136 seconds
[2024-09-25T03:06:44.222+0000] {processor.py:154} INFO - Started process (PID=19003) to work on /home/airflow/.local/lib/python3.7/site-packages/airflow/example_dags/example_task_group.py
[2024-09-25T03:06:44.223+0000] {processor.py:756} INFO - Processing file /home/airflow/.local/lib/python3.7/site-packages/airflow/example_dags/example_task_group.py for tasks to queue
[2024-09-25T03:06:44.224+0000] {logging_mixin.py:120} INFO - [2024-09-25T03:06:44.224+0000] {dagbag.py:537} INFO - Filling up the DagBag from /home/airflow/.local/lib/python3.7/site-packages/airflow/example_dags/example_task_group.py
[2024-09-25T03:06:44.246+0000] {processor.py:766} INFO - DAG(s) dict_keys(['example_task_group']) retrieved from /home/airflow/.local/lib/python3.7/site-packages/airflow/example_dags/example_task_group.py
[2024-09-25T03:06:44.294+0000] {logging_mixin.py:120} INFO - [2024-09-25T03:06:44.294+0000] {dag.py:2585} INFO - Sync 1 DAGs
[2024-09-25T03:06:44.322+0000] {logging_mixin.py:120} INFO - [2024-09-25T03:06:44.322+0000] {dag.py:3340} INFO - Setting next_dagrun for example_task_group to 2024-09-24T03:06:44.322293+00:00, run_after=2024-09-25T03:06:44.322293+00:00
[2024-09-25T03:06:44.343+0000] {processor.py:176} INFO - Processing /home/airflow/.local/lib/python3.7/site-packages/airflow/example_dags/example_task_group.py took 0.126 seconds
[2024-09-25T03:07:14.888+0000] {processor.py:154} INFO - Started process (PID=19067) to work on /home/airflow/.local/lib/python3.7/site-packages/airflow/example_dags/example_task_group.py
[2024-09-25T03:07:14.889+0000] {processor.py:756} INFO - Processing file /home/airflow/.local/lib/python3.7/site-packages/airflow/example_dags/example_task_group.py for tasks to queue
[2024-09-25T03:07:14.890+0000] {logging_mixin.py:120} INFO - [2024-09-25T03:07:14.890+0000] {dagbag.py:537} INFO - Filling up the DagBag from /home/airflow/.local/lib/python3.7/site-packages/airflow/example_dags/example_task_group.py
[2024-09-25T03:07:14.912+0000] {processor.py:766} INFO - DAG(s) dict_keys(['example_task_group']) retrieved from /home/airflow/.local/lib/python3.7/site-packages/airflow/example_dags/example_task_group.py
[2024-09-25T03:07:14.969+0000] {logging_mixin.py:120} INFO - [2024-09-25T03:07:14.969+0000] {dag.py:2585} INFO - Sync 1 DAGs
[2024-09-25T03:07:15.002+0000] {logging_mixin.py:120} INFO - [2024-09-25T03:07:15.002+0000] {dag.py:3340} INFO - Setting next_dagrun for example_task_group to 2024-09-24T03:07:15.001915+00:00, run_after=2024-09-25T03:07:15.001915+00:00
[2024-09-25T03:07:15.024+0000] {processor.py:176} INFO - Processing /home/airflow/.local/lib/python3.7/site-packages/airflow/example_dags/example_task_group.py took 0.141 seconds
[2024-09-25T03:07:45.068+0000] {processor.py:154} INFO - Started process (PID=19120) to work on /home/airflow/.local/lib/python3.7/site-packages/airflow/example_dags/example_task_group.py
[2024-09-25T03:07:45.069+0000] {processor.py:756} INFO - Processing file /home/airflow/.local/lib/python3.7/site-packages/airflow/example_dags/example_task_group.py for tasks to queue
[2024-09-25T03:07:45.070+0000] {logging_mixin.py:120} INFO - [2024-09-25T03:07:45.070+0000] {dagbag.py:537} INFO - Filling up the DagBag from /home/airflow/.local/lib/python3.7/site-packages/airflow/example_dags/example_task_group.py
[2024-09-25T03:07:45.157+0000] {processor.py:766} INFO - DAG(s) dict_keys(['example_task_group']) retrieved from /home/airflow/.local/lib/python3.7/site-packages/airflow/example_dags/example_task_group.py
[2024-09-25T03:07:45.207+0000] {logging_mixin.py:120} INFO - [2024-09-25T03:07:45.207+0000] {dag.py:2585} INFO - Sync 1 DAGs
[2024-09-25T03:07:45.235+0000] {logging_mixin.py:120} INFO - [2024-09-25T03:07:45.235+0000] {dag.py:3340} INFO - Setting next_dagrun for example_task_group to 2024-09-24T03:07:45.235509+00:00, run_after=2024-09-25T03:07:45.235509+00:00
[2024-09-25T03:07:45.258+0000] {processor.py:176} INFO - Processing /home/airflow/.local/lib/python3.7/site-packages/airflow/example_dags/example_task_group.py took 0.130 seconds
[2024-09-25T03:08:15.497+0000] {processor.py:154} INFO - Started process (PID=19183) to work on /home/airflow/.local/lib/python3.7/site-packages/airflow/example_dags/example_task_group.py
[2024-09-25T03:08:15.498+0000] {processor.py:756} INFO - Processing file /home/airflow/.local/lib/python3.7/site-packages/airflow/example_dags/example_task_group.py for tasks to queue
[2024-09-25T03:08:15.500+0000] {logging_mixin.py:120} INFO - [2024-09-25T03:08:15.499+0000] {dagbag.py:537} INFO - Filling up the DagBag from /home/airflow/.local/lib/python3.7/site-packages/airflow/example_dags/example_task_group.py
[2024-09-25T03:08:15.522+0000] {processor.py:766} INFO - DAG(s) dict_keys(['example_task_group']) retrieved from /home/airflow/.local/lib/python3.7/site-packages/airflow/example_dags/example_task_group.py
[2024-09-25T03:08:15.574+0000] {logging_mixin.py:120} INFO - [2024-09-25T03:08:15.574+0000] {dag.py:2585} INFO - Sync 1 DAGs
[2024-09-25T03:08:15.603+0000] {logging_mixin.py:120} INFO - [2024-09-25T03:08:15.603+0000] {dag.py:3340} INFO - Setting next_dagrun for example_task_group to 2024-09-24T03:08:15.603261+00:00, run_after=2024-09-25T03:08:15.603261+00:00
[2024-09-25T03:08:15.628+0000] {processor.py:176} INFO - Processing /home/airflow/.local/lib/python3.7/site-packages/airflow/example_dags/example_task_group.py took 0.136 seconds
[2024-09-25T03:08:45.732+0000] {processor.py:154} INFO - Started process (PID=19244) to work on /home/airflow/.local/lib/python3.7/site-packages/airflow/example_dags/example_task_group.py
[2024-09-25T03:08:45.733+0000] {processor.py:756} INFO - Processing file /home/airflow/.local/lib/python3.7/site-packages/airflow/example_dags/example_task_group.py for tasks to queue
[2024-09-25T03:08:45.734+0000] {logging_mixin.py:120} INFO - [2024-09-25T03:08:45.734+0000] {dagbag.py:537} INFO - Filling up the DagBag from /home/airflow/.local/lib/python3.7/site-packages/airflow/example_dags/example_task_group.py
[2024-09-25T03:08:45.757+0000] {processor.py:766} INFO - DAG(s) dict_keys(['example_task_group']) retrieved from /home/airflow/.local/lib/python3.7/site-packages/airflow/example_dags/example_task_group.py
[2024-09-25T03:08:45.810+0000] {logging_mixin.py:120} INFO - [2024-09-25T03:08:45.809+0000] {dag.py:2585} INFO - Sync 1 DAGs
[2024-09-25T03:08:45.844+0000] {logging_mixin.py:120} INFO - [2024-09-25T03:08:45.843+0000] {dag.py:3340} INFO - Setting next_dagrun for example_task_group to 2024-09-24T03:08:45.843656+00:00, run_after=2024-09-25T03:08:45.843656+00:00
[2024-09-25T03:08:45.870+0000] {processor.py:176} INFO - Processing /home/airflow/.local/lib/python3.7/site-packages/airflow/example_dags/example_task_group.py took 0.142 seconds
[2024-09-25T03:09:16.118+0000] {processor.py:154} INFO - Started process (PID=19298) to work on /home/airflow/.local/lib/python3.7/site-packages/airflow/example_dags/example_task_group.py
[2024-09-25T03:09:16.120+0000] {processor.py:756} INFO - Processing file /home/airflow/.local/lib/python3.7/site-packages/airflow/example_dags/example_task_group.py for tasks to queue
[2024-09-25T03:09:16.121+0000] {logging_mixin.py:120} INFO - [2024-09-25T03:09:16.120+0000] {dagbag.py:537} INFO - Filling up the DagBag from /home/airflow/.local/lib/python3.7/site-packages/airflow/example_dags/example_task_group.py
[2024-09-25T03:09:16.142+0000] {processor.py:766} INFO - DAG(s) dict_keys(['example_task_group']) retrieved from /home/airflow/.local/lib/python3.7/site-packages/airflow/example_dags/example_task_group.py
[2024-09-25T03:09:16.191+0000] {logging_mixin.py:120} INFO - [2024-09-25T03:09:16.191+0000] {dag.py:2585} INFO - Sync 1 DAGs
[2024-09-25T03:09:16.226+0000] {logging_mixin.py:120} INFO - [2024-09-25T03:09:16.226+0000] {dag.py:3340} INFO - Setting next_dagrun for example_task_group to 2024-09-24T03:09:16.226282+00:00, run_after=2024-09-25T03:09:16.226282+00:00
[2024-09-25T03:09:16.248+0000] {processor.py:176} INFO - Processing /home/airflow/.local/lib/python3.7/site-packages/airflow/example_dags/example_task_group.py took 0.134 seconds
[2024-09-25T03:09:46.388+0000] {processor.py:154} INFO - Started process (PID=19361) to work on /home/airflow/.local/lib/python3.7/site-packages/airflow/example_dags/example_task_group.py
[2024-09-25T03:09:46.390+0000] {processor.py:756} INFO - Processing file /home/airflow/.local/lib/python3.7/site-packages/airflow/example_dags/example_task_group.py for tasks to queue
[2024-09-25T03:09:46.391+0000] {logging_mixin.py:120} INFO - [2024-09-25T03:09:46.390+0000] {dagbag.py:537} INFO - Filling up the DagBag from /home/airflow/.local/lib/python3.7/site-packages/airflow/example_dags/example_task_group.py
[2024-09-25T03:09:46.411+0000] {processor.py:766} INFO - DAG(s) dict_keys(['example_task_group']) retrieved from /home/airflow/.local/lib/python3.7/site-packages/airflow/example_dags/example_task_group.py
[2024-09-25T03:09:46.463+0000] {logging_mixin.py:120} INFO - [2024-09-25T03:09:46.463+0000] {dag.py:2585} INFO - Sync 1 DAGs
[2024-09-25T03:09:46.494+0000] {logging_mixin.py:120} INFO - [2024-09-25T03:09:46.494+0000] {dag.py:3340} INFO - Setting next_dagrun for example_task_group to 2024-09-24T03:09:46.494058+00:00, run_after=2024-09-25T03:09:46.494058+00:00
[2024-09-25T03:09:46.518+0000] {processor.py:176} INFO - Processing /home/airflow/.local/lib/python3.7/site-packages/airflow/example_dags/example_task_group.py took 0.134 seconds
[2024-09-25T03:10:16.708+0000] {processor.py:154} INFO - Started process (PID=19424) to work on /home/airflow/.local/lib/python3.7/site-packages/airflow/example_dags/example_task_group.py
[2024-09-25T03:10:16.710+0000] {processor.py:756} INFO - Processing file /home/airflow/.local/lib/python3.7/site-packages/airflow/example_dags/example_task_group.py for tasks to queue
[2024-09-25T03:10:16.711+0000] {logging_mixin.py:120} INFO - [2024-09-25T03:10:16.711+0000] {dagbag.py:537} INFO - Filling up the DagBag from /home/airflow/.local/lib/python3.7/site-packages/airflow/example_dags/example_task_group.py
[2024-09-25T03:10:16.732+0000] {processor.py:766} INFO - DAG(s) dict_keys(['example_task_group']) retrieved from /home/airflow/.local/lib/python3.7/site-packages/airflow/example_dags/example_task_group.py
[2024-09-25T03:10:16.782+0000] {logging_mixin.py:120} INFO - [2024-09-25T03:10:16.782+0000] {dag.py:2585} INFO - Sync 1 DAGs
[2024-09-25T03:10:16.816+0000] {logging_mixin.py:120} INFO - [2024-09-25T03:10:16.816+0000] {dag.py:3340} INFO - Setting next_dagrun for example_task_group to 2024-09-24T03:10:16.816370+00:00, run_after=2024-09-25T03:10:16.816370+00:00
[2024-09-25T03:10:16.847+0000] {processor.py:176} INFO - Processing /home/airflow/.local/lib/python3.7/site-packages/airflow/example_dags/example_task_group.py took 0.143 seconds
[2024-09-25T03:10:47.891+0000] {processor.py:154} INFO - Started process (PID=19488) to work on /home/airflow/.local/lib/python3.7/site-packages/airflow/example_dags/example_task_group.py
[2024-09-25T03:10:47.892+0000] {processor.py:756} INFO - Processing file /home/airflow/.local/lib/python3.7/site-packages/airflow/example_dags/example_task_group.py for tasks to queue
[2024-09-25T03:10:47.893+0000] {logging_mixin.py:120} INFO - [2024-09-25T03:10:47.893+0000] {dagbag.py:537} INFO - Filling up the DagBag from /home/airflow/.local/lib/python3.7/site-packages/airflow/example_dags/example_task_group.py
[2024-09-25T03:10:47.921+0000] {processor.py:766} INFO - DAG(s) dict_keys(['example_task_group']) retrieved from /home/airflow/.local/lib/python3.7/site-packages/airflow/example_dags/example_task_group.py
[2024-09-25T03:10:47.980+0000] {logging_mixin.py:120} INFO - [2024-09-25T03:10:47.979+0000] {dag.py:2585} INFO - Sync 1 DAGs
[2024-09-25T03:10:48.018+0000] {logging_mixin.py:120} INFO - [2024-09-25T03:10:48.018+0000] {dag.py:3340} INFO - Setting next_dagrun for example_task_group to 2024-09-24T03:10:48.017960+00:00, run_after=2024-09-25T03:10:48.017960+00:00
[2024-09-25T03:10:48.055+0000] {processor.py:176} INFO - Processing /home/airflow/.local/lib/python3.7/site-packages/airflow/example_dags/example_task_group.py took 0.170 seconds
[2024-09-25T03:11:18.400+0000] {processor.py:154} INFO - Started process (PID=19542) to work on /home/airflow/.local/lib/python3.7/site-packages/airflow/example_dags/example_task_group.py
[2024-09-25T03:11:18.402+0000] {processor.py:756} INFO - Processing file /home/airflow/.local/lib/python3.7/site-packages/airflow/example_dags/example_task_group.py for tasks to queue
[2024-09-25T03:11:18.403+0000] {logging_mixin.py:120} INFO - [2024-09-25T03:11:18.402+0000] {dagbag.py:537} INFO - Filling up the DagBag from /home/airflow/.local/lib/python3.7/site-packages/airflow/example_dags/example_task_group.py
[2024-09-25T03:11:18.423+0000] {processor.py:766} INFO - DAG(s) dict_keys(['example_task_group']) retrieved from /home/airflow/.local/lib/python3.7/site-packages/airflow/example_dags/example_task_group.py
[2024-09-25T03:11:18.475+0000] {logging_mixin.py:120} INFO - [2024-09-25T03:11:18.475+0000] {dag.py:2585} INFO - Sync 1 DAGs
[2024-09-25T03:11:18.506+0000] {logging_mixin.py:120} INFO - [2024-09-25T03:11:18.506+0000] {dag.py:3340} INFO - Setting next_dagrun for example_task_group to 2024-09-24T03:11:18.506456+00:00, run_after=2024-09-25T03:11:18.506456+00:00
[2024-09-25T03:11:18.530+0000] {processor.py:176} INFO - Processing /home/airflow/.local/lib/python3.7/site-packages/airflow/example_dags/example_task_group.py took 0.135 seconds
[2024-09-25T03:11:48.734+0000] {processor.py:154} INFO - Started process (PID=19605) to work on /home/airflow/.local/lib/python3.7/site-packages/airflow/example_dags/example_task_group.py
[2024-09-25T03:11:48.735+0000] {processor.py:756} INFO - Processing file /home/airflow/.local/lib/python3.7/site-packages/airflow/example_dags/example_task_group.py for tasks to queue
[2024-09-25T03:11:48.736+0000] {logging_mixin.py:120} INFO - [2024-09-25T03:11:48.736+0000] {dagbag.py:537} INFO - Filling up the DagBag from /home/airflow/.local/lib/python3.7/site-packages/airflow/example_dags/example_task_group.py
[2024-09-25T03:11:48.754+0000] {processor.py:766} INFO - DAG(s) dict_keys(['example_task_group']) retrieved from /home/airflow/.local/lib/python3.7/site-packages/airflow/example_dags/example_task_group.py
[2024-09-25T03:11:48.800+0000] {logging_mixin.py:120} INFO - [2024-09-25T03:11:48.800+0000] {dag.py:2585} INFO - Sync 1 DAGs
[2024-09-25T03:11:48.832+0000] {logging_mixin.py:120} INFO - [2024-09-25T03:11:48.832+0000] {dag.py:3340} INFO - Setting next_dagrun for example_task_group to 2024-09-24T03:11:48.832428+00:00, run_after=2024-09-25T03:11:48.832428+00:00
[2024-09-25T03:11:48.858+0000] {processor.py:176} INFO - Processing /home/airflow/.local/lib/python3.7/site-packages/airflow/example_dags/example_task_group.py took 0.128 seconds
[2024-09-25T03:16:15.010+0000] {processor.py:154} INFO - Started process (PID=19686) to work on /home/airflow/.local/lib/python3.7/site-packages/airflow/example_dags/example_task_group.py
[2024-09-25T03:16:15.012+0000] {processor.py:756} INFO - Processing file /home/airflow/.local/lib/python3.7/site-packages/airflow/example_dags/example_task_group.py for tasks to queue
[2024-09-25T03:16:15.014+0000] {logging_mixin.py:120} INFO - [2024-09-25T03:16:15.014+0000] {dagbag.py:537} INFO - Filling up the DagBag from /home/airflow/.local/lib/python3.7/site-packages/airflow/example_dags/example_task_group.py
[2024-09-25T03:16:15.056+0000] {processor.py:766} INFO - DAG(s) dict_keys(['example_task_group']) retrieved from /home/airflow/.local/lib/python3.7/site-packages/airflow/example_dags/example_task_group.py
[2024-09-25T03:16:15.162+0000] {logging_mixin.py:120} INFO - [2024-09-25T03:16:15.162+0000] {dag.py:2585} INFO - Sync 1 DAGs
[2024-09-25T03:16:15.224+0000] {logging_mixin.py:120} INFO - [2024-09-25T03:16:15.224+0000] {dag.py:3340} INFO - Setting next_dagrun for example_task_group to 2024-09-24T03:16:15.223513+00:00, run_after=2024-09-25T03:16:15.223513+00:00
[2024-09-25T03:16:15.272+0000] {processor.py:176} INFO - Processing /home/airflow/.local/lib/python3.7/site-packages/airflow/example_dags/example_task_group.py took 0.272 seconds
[2024-09-25T03:16:45.434+0000] {processor.py:154} INFO - Started process (PID=19740) to work on /home/airflow/.local/lib/python3.7/site-packages/airflow/example_dags/example_task_group.py
[2024-09-25T03:16:45.436+0000] {processor.py:756} INFO - Processing file /home/airflow/.local/lib/python3.7/site-packages/airflow/example_dags/example_task_group.py for tasks to queue
[2024-09-25T03:16:45.437+0000] {logging_mixin.py:120} INFO - [2024-09-25T03:16:45.437+0000] {dagbag.py:537} INFO - Filling up the DagBag from /home/airflow/.local/lib/python3.7/site-packages/airflow/example_dags/example_task_group.py
[2024-09-25T03:16:45.459+0000] {processor.py:766} INFO - DAG(s) dict_keys(['example_task_group']) retrieved from /home/airflow/.local/lib/python3.7/site-packages/airflow/example_dags/example_task_group.py
[2024-09-25T03:16:45.510+0000] {logging_mixin.py:120} INFO - [2024-09-25T03:16:45.510+0000] {dag.py:2585} INFO - Sync 1 DAGs
[2024-09-25T03:16:45.541+0000] {logging_mixin.py:120} INFO - [2024-09-25T03:16:45.541+0000] {dag.py:3340} INFO - Setting next_dagrun for example_task_group to 2024-09-24T03:16:45.540945+00:00, run_after=2024-09-25T03:16:45.540945+00:00
[2024-09-25T03:16:45.564+0000] {processor.py:176} INFO - Processing /home/airflow/.local/lib/python3.7/site-packages/airflow/example_dags/example_task_group.py took 0.133 seconds
[2024-09-25T03:17:15.925+0000] {processor.py:154} INFO - Started process (PID=19803) to work on /home/airflow/.local/lib/python3.7/site-packages/airflow/example_dags/example_task_group.py
[2024-09-25T03:17:15.928+0000] {processor.py:756} INFO - Processing file /home/airflow/.local/lib/python3.7/site-packages/airflow/example_dags/example_task_group.py for tasks to queue
[2024-09-25T03:17:15.929+0000] {logging_mixin.py:120} INFO - [2024-09-25T03:17:15.929+0000] {dagbag.py:537} INFO - Filling up the DagBag from /home/airflow/.local/lib/python3.7/site-packages/airflow/example_dags/example_task_group.py
[2024-09-25T03:17:15.963+0000] {processor.py:766} INFO - DAG(s) dict_keys(['example_task_group']) retrieved from /home/airflow/.local/lib/python3.7/site-packages/airflow/example_dags/example_task_group.py
[2024-09-25T03:17:16.043+0000] {logging_mixin.py:120} INFO - [2024-09-25T03:17:16.043+0000] {dag.py:2585} INFO - Sync 1 DAGs
[2024-09-25T03:17:16.086+0000] {logging_mixin.py:120} INFO - [2024-09-25T03:17:16.085+0000] {dag.py:3340} INFO - Setting next_dagrun for example_task_group to 2024-09-24T03:17:16.085535+00:00, run_after=2024-09-25T03:17:16.085535+00:00
[2024-09-25T03:17:16.113+0000] {processor.py:176} INFO - Processing /home/airflow/.local/lib/python3.7/site-packages/airflow/example_dags/example_task_group.py took 0.194 seconds
[2024-09-25T03:17:46.287+0000] {processor.py:154} INFO - Started process (PID=19866) to work on /home/airflow/.local/lib/python3.7/site-packages/airflow/example_dags/example_task_group.py
[2024-09-25T03:17:46.289+0000] {processor.py:756} INFO - Processing file /home/airflow/.local/lib/python3.7/site-packages/airflow/example_dags/example_task_group.py for tasks to queue
[2024-09-25T03:17:46.289+0000] {logging_mixin.py:120} INFO - [2024-09-25T03:17:46.289+0000] {dagbag.py:537} INFO - Filling up the DagBag from /home/airflow/.local/lib/python3.7/site-packages/airflow/example_dags/example_task_group.py
[2024-09-25T03:17:46.321+0000] {processor.py:766} INFO - DAG(s) dict_keys(['example_task_group']) retrieved from /home/airflow/.local/lib/python3.7/site-packages/airflow/example_dags/example_task_group.py
[2024-09-25T03:17:46.373+0000] {logging_mixin.py:120} INFO - [2024-09-25T03:17:46.373+0000] {dag.py:2585} INFO - Sync 1 DAGs
[2024-09-25T03:17:46.404+0000] {logging_mixin.py:120} INFO - [2024-09-25T03:17:46.404+0000] {dag.py:3340} INFO - Setting next_dagrun for example_task_group to 2024-09-24T03:17:46.404379+00:00, run_after=2024-09-25T03:17:46.404379+00:00
[2024-09-25T03:17:46.428+0000] {processor.py:176} INFO - Processing /home/airflow/.local/lib/python3.7/site-packages/airflow/example_dags/example_task_group.py took 0.146 seconds
[2024-09-25T03:18:16.671+0000] {processor.py:154} INFO - Started process (PID=19920) to work on /home/airflow/.local/lib/python3.7/site-packages/airflow/example_dags/example_task_group.py
[2024-09-25T03:18:16.673+0000] {processor.py:756} INFO - Processing file /home/airflow/.local/lib/python3.7/site-packages/airflow/example_dags/example_task_group.py for tasks to queue
[2024-09-25T03:18:16.673+0000] {logging_mixin.py:120} INFO - [2024-09-25T03:18:16.673+0000] {dagbag.py:537} INFO - Filling up the DagBag from /home/airflow/.local/lib/python3.7/site-packages/airflow/example_dags/example_task_group.py
[2024-09-25T03:18:16.696+0000] {processor.py:766} INFO - DAG(s) dict_keys(['example_task_group']) retrieved from /home/airflow/.local/lib/python3.7/site-packages/airflow/example_dags/example_task_group.py
[2024-09-25T03:18:16.746+0000] {logging_mixin.py:120} INFO - [2024-09-25T03:18:16.746+0000] {dag.py:2585} INFO - Sync 1 DAGs
[2024-09-25T03:18:16.778+0000] {logging_mixin.py:120} INFO - [2024-09-25T03:18:16.778+0000] {dag.py:3340} INFO - Setting next_dagrun for example_task_group to 2024-09-24T03:18:16.777826+00:00, run_after=2024-09-25T03:18:16.777826+00:00
[2024-09-25T03:18:16.801+0000] {processor.py:176} INFO - Processing /home/airflow/.local/lib/python3.7/site-packages/airflow/example_dags/example_task_group.py took 0.134 seconds
[2024-09-25T03:18:47.069+0000] {processor.py:154} INFO - Started process (PID=19983) to work on /home/airflow/.local/lib/python3.7/site-packages/airflow/example_dags/example_task_group.py
[2024-09-25T03:18:47.070+0000] {processor.py:756} INFO - Processing file /home/airflow/.local/lib/python3.7/site-packages/airflow/example_dags/example_task_group.py for tasks to queue
[2024-09-25T03:18:47.071+0000] {logging_mixin.py:120} INFO - [2024-09-25T03:18:47.071+0000] {dagbag.py:537} INFO - Filling up the DagBag from /home/airflow/.local/lib/python3.7/site-packages/airflow/example_dags/example_task_group.py
[2024-09-25T03:18:47.092+0000] {processor.py:766} INFO - DAG(s) dict_keys(['example_task_group']) retrieved from /home/airflow/.local/lib/python3.7/site-packages/airflow/example_dags/example_task_group.py
[2024-09-25T03:18:47.140+0000] {logging_mixin.py:120} INFO - [2024-09-25T03:18:47.140+0000] {dag.py:2585} INFO - Sync 1 DAGs
[2024-09-25T03:18:47.172+0000] {logging_mixin.py:120} INFO - [2024-09-25T03:18:47.172+0000] {dag.py:3340} INFO - Setting next_dagrun for example_task_group to 2024-09-24T03:18:47.172081+00:00, run_after=2024-09-25T03:18:47.172081+00:00
[2024-09-25T03:18:47.194+0000] {processor.py:176} INFO - Processing /home/airflow/.local/lib/python3.7/site-packages/airflow/example_dags/example_task_group.py took 0.130 seconds
[2024-09-25T03:19:18.019+0000] {processor.py:154} INFO - Started process (PID=20046) to work on /home/airflow/.local/lib/python3.7/site-packages/airflow/example_dags/example_task_group.py
[2024-09-25T03:19:18.020+0000] {processor.py:756} INFO - Processing file /home/airflow/.local/lib/python3.7/site-packages/airflow/example_dags/example_task_group.py for tasks to queue
[2024-09-25T03:19:18.021+0000] {logging_mixin.py:120} INFO - [2024-09-25T03:19:18.021+0000] {dagbag.py:537} INFO - Filling up the DagBag from /home/airflow/.local/lib/python3.7/site-packages/airflow/example_dags/example_task_group.py
[2024-09-25T03:19:18.053+0000] {processor.py:766} INFO - DAG(s) dict_keys(['example_task_group']) retrieved from /home/airflow/.local/lib/python3.7/site-packages/airflow/example_dags/example_task_group.py
[2024-09-25T03:19:18.101+0000] {logging_mixin.py:120} INFO - [2024-09-25T03:19:18.101+0000] {dag.py:2585} INFO - Sync 1 DAGs
[2024-09-25T03:19:18.134+0000] {logging_mixin.py:120} INFO - [2024-09-25T03:19:18.134+0000] {dag.py:3340} INFO - Setting next_dagrun for example_task_group to 2024-09-24T03:19:18.133651+00:00, run_after=2024-09-25T03:19:18.133651+00:00
[2024-09-25T03:19:18.157+0000] {processor.py:176} INFO - Processing /home/airflow/.local/lib/python3.7/site-packages/airflow/example_dags/example_task_group.py took 0.143 seconds
[2024-09-25T03:19:48.481+0000] {processor.py:154} INFO - Started process (PID=20109) to work on /home/airflow/.local/lib/python3.7/site-packages/airflow/example_dags/example_task_group.py
[2024-09-25T03:19:48.483+0000] {processor.py:756} INFO - Processing file /home/airflow/.local/lib/python3.7/site-packages/airflow/example_dags/example_task_group.py for tasks to queue
[2024-09-25T03:19:48.485+0000] {logging_mixin.py:120} INFO - [2024-09-25T03:19:48.484+0000] {dagbag.py:537} INFO - Filling up the DagBag from /home/airflow/.local/lib/python3.7/site-packages/airflow/example_dags/example_task_group.py
[2024-09-25T03:19:48.508+0000] {processor.py:766} INFO - DAG(s) dict_keys(['example_task_group']) retrieved from /home/airflow/.local/lib/python3.7/site-packages/airflow/example_dags/example_task_group.py
[2024-09-25T03:19:48.562+0000] {logging_mixin.py:120} INFO - [2024-09-25T03:19:48.561+0000] {dag.py:2585} INFO - Sync 1 DAGs
[2024-09-25T03:19:48.593+0000] {logging_mixin.py:120} INFO - [2024-09-25T03:19:48.593+0000] {dag.py:3340} INFO - Setting next_dagrun for example_task_group to 2024-09-24T03:19:48.593201+00:00, run_after=2024-09-25T03:19:48.593201+00:00
[2024-09-25T03:19:48.622+0000] {processor.py:176} INFO - Processing /home/airflow/.local/lib/python3.7/site-packages/airflow/example_dags/example_task_group.py took 0.146 seconds
[2024-09-25T03:20:18.740+0000] {processor.py:154} INFO - Started process (PID=20163) to work on /home/airflow/.local/lib/python3.7/site-packages/airflow/example_dags/example_task_group.py
[2024-09-25T03:20:18.741+0000] {processor.py:756} INFO - Processing file /home/airflow/.local/lib/python3.7/site-packages/airflow/example_dags/example_task_group.py for tasks to queue
[2024-09-25T03:20:18.742+0000] {logging_mixin.py:120} INFO - [2024-09-25T03:20:18.742+0000] {dagbag.py:537} INFO - Filling up the DagBag from /home/airflow/.local/lib/python3.7/site-packages/airflow/example_dags/example_task_group.py
[2024-09-25T03:20:18.764+0000] {processor.py:766} INFO - DAG(s) dict_keys(['example_task_group']) retrieved from /home/airflow/.local/lib/python3.7/site-packages/airflow/example_dags/example_task_group.py
[2024-09-25T03:20:18.817+0000] {logging_mixin.py:120} INFO - [2024-09-25T03:20:18.817+0000] {dag.py:2585} INFO - Sync 1 DAGs
[2024-09-25T03:20:18.847+0000] {logging_mixin.py:120} INFO - [2024-09-25T03:20:18.847+0000] {dag.py:3340} INFO - Setting next_dagrun for example_task_group to 2024-09-24T03:20:18.847495+00:00, run_after=2024-09-25T03:20:18.847495+00:00
[2024-09-25T03:20:18.870+0000] {processor.py:176} INFO - Processing /home/airflow/.local/lib/python3.7/site-packages/airflow/example_dags/example_task_group.py took 0.134 seconds
[2024-09-25T03:20:49.268+0000] {processor.py:154} INFO - Started process (PID=20226) to work on /home/airflow/.local/lib/python3.7/site-packages/airflow/example_dags/example_task_group.py
[2024-09-25T03:20:49.270+0000] {processor.py:756} INFO - Processing file /home/airflow/.local/lib/python3.7/site-packages/airflow/example_dags/example_task_group.py for tasks to queue
[2024-09-25T03:20:49.271+0000] {logging_mixin.py:120} INFO - [2024-09-25T03:20:49.271+0000] {dagbag.py:537} INFO - Filling up the DagBag from /home/airflow/.local/lib/python3.7/site-packages/airflow/example_dags/example_task_group.py
[2024-09-25T03:20:49.306+0000] {processor.py:766} INFO - DAG(s) dict_keys(['example_task_group']) retrieved from /home/airflow/.local/lib/python3.7/site-packages/airflow/example_dags/example_task_group.py
[2024-09-25T03:20:49.366+0000] {logging_mixin.py:120} INFO - [2024-09-25T03:20:49.366+0000] {dag.py:2585} INFO - Sync 1 DAGs
[2024-09-25T03:20:49.406+0000] {logging_mixin.py:120} INFO - [2024-09-25T03:20:49.406+0000] {dag.py:3340} INFO - Setting next_dagrun for example_task_group to 2024-09-24T03:20:49.405304+00:00, run_after=2024-09-25T03:20:49.405304+00:00
[2024-09-25T03:20:49.443+0000] {processor.py:176} INFO - Processing /home/airflow/.local/lib/python3.7/site-packages/airflow/example_dags/example_task_group.py took 0.180 seconds
[2024-09-25T03:21:19.580+0000] {processor.py:154} INFO - Started process (PID=20288) to work on /home/airflow/.local/lib/python3.7/site-packages/airflow/example_dags/example_task_group.py
[2024-09-25T03:21:19.581+0000] {processor.py:756} INFO - Processing file /home/airflow/.local/lib/python3.7/site-packages/airflow/example_dags/example_task_group.py for tasks to queue
[2024-09-25T03:21:19.583+0000] {logging_mixin.py:120} INFO - [2024-09-25T03:21:19.582+0000] {dagbag.py:537} INFO - Filling up the DagBag from /home/airflow/.local/lib/python3.7/site-packages/airflow/example_dags/example_task_group.py
[2024-09-25T03:21:19.621+0000] {processor.py:766} INFO - DAG(s) dict_keys(['example_task_group']) retrieved from /home/airflow/.local/lib/python3.7/site-packages/airflow/example_dags/example_task_group.py
[2024-09-25T03:21:19.680+0000] {logging_mixin.py:120} INFO - [2024-09-25T03:21:19.680+0000] {dag.py:2585} INFO - Sync 1 DAGs
[2024-09-25T03:21:19.740+0000] {logging_mixin.py:120} INFO - [2024-09-25T03:21:19.739+0000] {dag.py:3340} INFO - Setting next_dagrun for example_task_group to 2024-09-24T03:21:19.739498+00:00, run_after=2024-09-25T03:21:19.739498+00:00
[2024-09-25T03:21:19.775+0000] {processor.py:176} INFO - Processing /home/airflow/.local/lib/python3.7/site-packages/airflow/example_dags/example_task_group.py took 0.199 seconds
[2024-09-25T03:21:50.163+0000] {processor.py:154} INFO - Started process (PID=20342) to work on /home/airflow/.local/lib/python3.7/site-packages/airflow/example_dags/example_task_group.py
[2024-09-25T03:21:50.164+0000] {processor.py:756} INFO - Processing file /home/airflow/.local/lib/python3.7/site-packages/airflow/example_dags/example_task_group.py for tasks to queue
[2024-09-25T03:21:50.165+0000] {logging_mixin.py:120} INFO - [2024-09-25T03:21:50.165+0000] {dagbag.py:537} INFO - Filling up the DagBag from /home/airflow/.local/lib/python3.7/site-packages/airflow/example_dags/example_task_group.py
[2024-09-25T03:21:50.185+0000] {processor.py:766} INFO - DAG(s) dict_keys(['example_task_group']) retrieved from /home/airflow/.local/lib/python3.7/site-packages/airflow/example_dags/example_task_group.py
[2024-09-25T03:21:50.233+0000] {logging_mixin.py:120} INFO - [2024-09-25T03:21:50.233+0000] {dag.py:2585} INFO - Sync 1 DAGs
[2024-09-25T03:21:50.260+0000] {logging_mixin.py:120} INFO - [2024-09-25T03:21:50.260+0000] {dag.py:3340} INFO - Setting next_dagrun for example_task_group to 2024-09-24T03:21:50.260555+00:00, run_after=2024-09-25T03:21:50.260555+00:00
[2024-09-25T03:21:50.280+0000] {processor.py:176} INFO - Processing /home/airflow/.local/lib/python3.7/site-packages/airflow/example_dags/example_task_group.py took 0.121 seconds
[2024-09-25T06:15:30.776+0000] {processor.py:154} INFO - Started process (PID=20396) to work on /home/airflow/.local/lib/python3.7/site-packages/airflow/example_dags/example_task_group.py
[2024-09-25T06:15:30.778+0000] {processor.py:756} INFO - Processing file /home/airflow/.local/lib/python3.7/site-packages/airflow/example_dags/example_task_group.py for tasks to queue
[2024-09-25T06:15:30.780+0000] {logging_mixin.py:120} INFO - [2024-09-25T06:15:30.779+0000] {dagbag.py:537} INFO - Filling up the DagBag from /home/airflow/.local/lib/python3.7/site-packages/airflow/example_dags/example_task_group.py
[2024-09-25T06:15:30.804+0000] {processor.py:766} INFO - DAG(s) dict_keys(['example_task_group']) retrieved from /home/airflow/.local/lib/python3.7/site-packages/airflow/example_dags/example_task_group.py
[2024-09-25T06:15:30.863+0000] {logging_mixin.py:120} INFO - [2024-09-25T06:15:30.863+0000] {dag.py:2585} INFO - Sync 1 DAGs
[2024-09-25T06:15:30.920+0000] {logging_mixin.py:120} INFO - [2024-09-25T06:15:30.920+0000] {dag.py:3340} INFO - Setting next_dagrun for example_task_group to 2024-09-24T06:15:30.920235+00:00, run_after=2024-09-25T06:15:30.920235+00:00
[2024-09-25T06:15:30.953+0000] {processor.py:176} INFO - Processing /home/airflow/.local/lib/python3.7/site-packages/airflow/example_dags/example_task_group.py took 0.182 seconds
[2024-09-25T06:31:04.731+0000] {processor.py:154} INFO - Started process (PID=20459) to work on /home/airflow/.local/lib/python3.7/site-packages/airflow/example_dags/example_task_group.py
[2024-09-25T06:31:04.732+0000] {processor.py:756} INFO - Processing file /home/airflow/.local/lib/python3.7/site-packages/airflow/example_dags/example_task_group.py for tasks to queue
[2024-09-25T06:31:04.733+0000] {logging_mixin.py:120} INFO - [2024-09-25T06:31:04.733+0000] {dagbag.py:537} INFO - Filling up the DagBag from /home/airflow/.local/lib/python3.7/site-packages/airflow/example_dags/example_task_group.py
[2024-09-25T06:31:04.754+0000] {processor.py:766} INFO - DAG(s) dict_keys(['example_task_group']) retrieved from /home/airflow/.local/lib/python3.7/site-packages/airflow/example_dags/example_task_group.py
[2024-09-25T06:31:04.806+0000] {logging_mixin.py:120} INFO - [2024-09-25T06:31:04.805+0000] {dag.py:2585} INFO - Sync 1 DAGs
[2024-09-25T06:31:04.841+0000] {logging_mixin.py:120} INFO - [2024-09-25T06:31:04.841+0000] {dag.py:3340} INFO - Setting next_dagrun for example_task_group to 2024-09-24T06:31:04.841223+00:00, run_after=2024-09-25T06:31:04.841223+00:00
[2024-09-25T06:31:04.871+0000] {processor.py:176} INFO - Processing /home/airflow/.local/lib/python3.7/site-packages/airflow/example_dags/example_task_group.py took 0.144 seconds
[2024-09-25T08:25:13.769+0000] {processor.py:154} INFO - Started process (PID=20519) to work on /home/airflow/.local/lib/python3.7/site-packages/airflow/example_dags/example_task_group.py
[2024-09-25T08:25:13.771+0000] {processor.py:756} INFO - Processing file /home/airflow/.local/lib/python3.7/site-packages/airflow/example_dags/example_task_group.py for tasks to queue
[2024-09-25T08:25:13.772+0000] {logging_mixin.py:120} INFO - [2024-09-25T08:25:13.772+0000] {dagbag.py:537} INFO - Filling up the DagBag from /home/airflow/.local/lib/python3.7/site-packages/airflow/example_dags/example_task_group.py
[2024-09-25T08:25:13.801+0000] {processor.py:766} INFO - DAG(s) dict_keys(['example_task_group']) retrieved from /home/airflow/.local/lib/python3.7/site-packages/airflow/example_dags/example_task_group.py
[2024-09-25T08:25:13.866+0000] {logging_mixin.py:120} INFO - [2024-09-25T08:25:13.866+0000] {dag.py:2585} INFO - Sync 1 DAGs
[2024-09-25T08:25:13.915+0000] {logging_mixin.py:120} INFO - [2024-09-25T08:25:13.915+0000] {dag.py:3340} INFO - Setting next_dagrun for example_task_group to 2024-09-24T08:25:13.914668+00:00, run_after=2024-09-25T08:25:13.914668+00:00
[2024-09-25T08:25:13.955+0000] {processor.py:176} INFO - Processing /home/airflow/.local/lib/python3.7/site-packages/airflow/example_dags/example_task_group.py took 0.191 seconds
[2024-09-25T11:37:35.511+0000] {processor.py:154} INFO - Started process (PID=20576) to work on /home/airflow/.local/lib/python3.7/site-packages/airflow/example_dags/example_task_group.py
[2024-09-25T11:37:35.513+0000] {processor.py:756} INFO - Processing file /home/airflow/.local/lib/python3.7/site-packages/airflow/example_dags/example_task_group.py for tasks to queue
[2024-09-25T11:37:35.515+0000] {logging_mixin.py:120} INFO - [2024-09-25T11:37:35.514+0000] {dagbag.py:537} INFO - Filling up the DagBag from /home/airflow/.local/lib/python3.7/site-packages/airflow/example_dags/example_task_group.py
[2024-09-25T11:37:35.546+0000] {processor.py:766} INFO - DAG(s) dict_keys(['example_task_group']) retrieved from /home/airflow/.local/lib/python3.7/site-packages/airflow/example_dags/example_task_group.py
[2024-09-25T11:37:35.633+0000] {logging_mixin.py:120} INFO - [2024-09-25T11:37:35.632+0000] {dag.py:2585} INFO - Sync 1 DAGs
[2024-09-25T11:37:35.686+0000] {logging_mixin.py:120} INFO - [2024-09-25T11:37:35.686+0000] {dag.py:3340} INFO - Setting next_dagrun for example_task_group to 2024-09-24T11:37:35.685725+00:00, run_after=2024-09-25T11:37:35.685725+00:00
[2024-09-25T11:37:35.717+0000] {processor.py:176} INFO - Processing /home/airflow/.local/lib/python3.7/site-packages/airflow/example_dags/example_task_group.py took 0.212 seconds
[2024-09-25T12:39:57.033+0000] {processor.py:154} INFO - Started process (PID=20639) to work on /home/airflow/.local/lib/python3.7/site-packages/airflow/example_dags/example_task_group.py
[2024-09-25T12:39:57.037+0000] {processor.py:756} INFO - Processing file /home/airflow/.local/lib/python3.7/site-packages/airflow/example_dags/example_task_group.py for tasks to queue
[2024-09-25T12:39:57.041+0000] {logging_mixin.py:120} INFO - [2024-09-25T12:39:57.041+0000] {dagbag.py:537} INFO - Filling up the DagBag from /home/airflow/.local/lib/python3.7/site-packages/airflow/example_dags/example_task_group.py
[2024-09-25T12:39:57.081+0000] {processor.py:766} INFO - DAG(s) dict_keys(['example_task_group']) retrieved from /home/airflow/.local/lib/python3.7/site-packages/airflow/example_dags/example_task_group.py
[2024-09-25T12:39:57.166+0000] {logging_mixin.py:120} INFO - [2024-09-25T12:39:57.166+0000] {dag.py:2585} INFO - Sync 1 DAGs
[2024-09-25T12:39:57.219+0000] {logging_mixin.py:120} INFO - [2024-09-25T12:39:57.219+0000] {dag.py:3340} INFO - Setting next_dagrun for example_task_group to 2024-09-24T12:39:57.218983+00:00, run_after=2024-09-25T12:39:57.218983+00:00
[2024-09-25T12:39:57.266+0000] {processor.py:176} INFO - Processing /home/airflow/.local/lib/python3.7/site-packages/airflow/example_dags/example_task_group.py took 0.239 seconds
[2024-09-25T12:40:27.921+0000] {processor.py:154} INFO - Started process (PID=20693) to work on /home/airflow/.local/lib/python3.7/site-packages/airflow/example_dags/example_task_group.py
[2024-09-25T12:40:27.924+0000] {processor.py:756} INFO - Processing file /home/airflow/.local/lib/python3.7/site-packages/airflow/example_dags/example_task_group.py for tasks to queue
[2024-09-25T12:40:27.926+0000] {logging_mixin.py:120} INFO - [2024-09-25T12:40:27.925+0000] {dagbag.py:537} INFO - Filling up the DagBag from /home/airflow/.local/lib/python3.7/site-packages/airflow/example_dags/example_task_group.py
[2024-09-25T12:40:27.965+0000] {processor.py:766} INFO - DAG(s) dict_keys(['example_task_group']) retrieved from /home/airflow/.local/lib/python3.7/site-packages/airflow/example_dags/example_task_group.py
[2024-09-25T12:40:28.094+0000] {logging_mixin.py:120} INFO - [2024-09-25T12:40:28.093+0000] {dag.py:2585} INFO - Sync 1 DAGs
[2024-09-25T12:40:28.156+0000] {logging_mixin.py:120} INFO - [2024-09-25T12:40:28.155+0000] {dag.py:3340} INFO - Setting next_dagrun for example_task_group to 2024-09-24T12:40:28.155529+00:00, run_after=2024-09-25T12:40:28.155529+00:00
[2024-09-25T12:40:28.226+0000] {processor.py:176} INFO - Processing /home/airflow/.local/lib/python3.7/site-packages/airflow/example_dags/example_task_group.py took 0.311 seconds
[2024-09-25T12:40:58.762+0000] {processor.py:154} INFO - Started process (PID=20756) to work on /home/airflow/.local/lib/python3.7/site-packages/airflow/example_dags/example_task_group.py
[2024-09-25T12:40:58.764+0000] {processor.py:756} INFO - Processing file /home/airflow/.local/lib/python3.7/site-packages/airflow/example_dags/example_task_group.py for tasks to queue
[2024-09-25T12:40:58.765+0000] {logging_mixin.py:120} INFO - [2024-09-25T12:40:58.765+0000] {dagbag.py:537} INFO - Filling up the DagBag from /home/airflow/.local/lib/python3.7/site-packages/airflow/example_dags/example_task_group.py
[2024-09-25T12:40:58.785+0000] {processor.py:766} INFO - DAG(s) dict_keys(['example_task_group']) retrieved from /home/airflow/.local/lib/python3.7/site-packages/airflow/example_dags/example_task_group.py
[2024-09-25T12:40:58.836+0000] {logging_mixin.py:120} INFO - [2024-09-25T12:40:58.836+0000] {dag.py:2585} INFO - Sync 1 DAGs
[2024-09-25T12:40:58.868+0000] {logging_mixin.py:120} INFO - [2024-09-25T12:40:58.867+0000] {dag.py:3340} INFO - Setting next_dagrun for example_task_group to 2024-09-24T12:40:58.867675+00:00, run_after=2024-09-25T12:40:58.867675+00:00
[2024-09-25T12:40:58.893+0000] {processor.py:176} INFO - Processing /home/airflow/.local/lib/python3.7/site-packages/airflow/example_dags/example_task_group.py took 0.135 seconds
[2024-09-25T12:41:29.107+0000] {processor.py:154} INFO - Started process (PID=20819) to work on /home/airflow/.local/lib/python3.7/site-packages/airflow/example_dags/example_task_group.py
[2024-09-25T12:41:29.108+0000] {processor.py:756} INFO - Processing file /home/airflow/.local/lib/python3.7/site-packages/airflow/example_dags/example_task_group.py for tasks to queue
[2024-09-25T12:41:29.109+0000] {logging_mixin.py:120} INFO - [2024-09-25T12:41:29.109+0000] {dagbag.py:537} INFO - Filling up the DagBag from /home/airflow/.local/lib/python3.7/site-packages/airflow/example_dags/example_task_group.py
[2024-09-25T12:41:29.131+0000] {processor.py:766} INFO - DAG(s) dict_keys(['example_task_group']) retrieved from /home/airflow/.local/lib/python3.7/site-packages/airflow/example_dags/example_task_group.py
[2024-09-25T12:41:29.182+0000] {logging_mixin.py:120} INFO - [2024-09-25T12:41:29.182+0000] {dag.py:2585} INFO - Sync 1 DAGs
[2024-09-25T12:41:29.213+0000] {logging_mixin.py:120} INFO - [2024-09-25T12:41:29.212+0000] {dag.py:3340} INFO - Setting next_dagrun for example_task_group to 2024-09-24T12:41:29.212631+00:00, run_after=2024-09-25T12:41:29.212631+00:00
[2024-09-25T12:41:29.241+0000] {processor.py:176} INFO - Processing /home/airflow/.local/lib/python3.7/site-packages/airflow/example_dags/example_task_group.py took 0.139 seconds
[2024-09-25T12:41:59.604+0000] {processor.py:154} INFO - Started process (PID=20872) to work on /home/airflow/.local/lib/python3.7/site-packages/airflow/example_dags/example_task_group.py
[2024-09-25T12:41:59.606+0000] {processor.py:756} INFO - Processing file /home/airflow/.local/lib/python3.7/site-packages/airflow/example_dags/example_task_group.py for tasks to queue
[2024-09-25T12:41:59.607+0000] {logging_mixin.py:120} INFO - [2024-09-25T12:41:59.607+0000] {dagbag.py:537} INFO - Filling up the DagBag from /home/airflow/.local/lib/python3.7/site-packages/airflow/example_dags/example_task_group.py
[2024-09-25T12:41:59.626+0000] {processor.py:766} INFO - DAG(s) dict_keys(['example_task_group']) retrieved from /home/airflow/.local/lib/python3.7/site-packages/airflow/example_dags/example_task_group.py
[2024-09-25T12:41:59.675+0000] {logging_mixin.py:120} INFO - [2024-09-25T12:41:59.674+0000] {dag.py:2585} INFO - Sync 1 DAGs
[2024-09-25T12:41:59.706+0000] {logging_mixin.py:120} INFO - [2024-09-25T12:41:59.706+0000] {dag.py:3340} INFO - Setting next_dagrun for example_task_group to 2024-09-24T12:41:59.706201+00:00, run_after=2024-09-25T12:41:59.706201+00:00
[2024-09-25T12:41:59.733+0000] {processor.py:176} INFO - Processing /home/airflow/.local/lib/python3.7/site-packages/airflow/example_dags/example_task_group.py took 0.134 seconds
[2024-09-25T12:42:30.004+0000] {processor.py:154} INFO - Started process (PID=20935) to work on /home/airflow/.local/lib/python3.7/site-packages/airflow/example_dags/example_task_group.py
[2024-09-25T12:42:30.007+0000] {processor.py:756} INFO - Processing file /home/airflow/.local/lib/python3.7/site-packages/airflow/example_dags/example_task_group.py for tasks to queue
[2024-09-25T12:42:30.008+0000] {logging_mixin.py:120} INFO - [2024-09-25T12:42:30.008+0000] {dagbag.py:537} INFO - Filling up the DagBag from /home/airflow/.local/lib/python3.7/site-packages/airflow/example_dags/example_task_group.py
[2024-09-25T12:42:30.032+0000] {processor.py:766} INFO - DAG(s) dict_keys(['example_task_group']) retrieved from /home/airflow/.local/lib/python3.7/site-packages/airflow/example_dags/example_task_group.py
[2024-09-25T12:42:30.090+0000] {logging_mixin.py:120} INFO - [2024-09-25T12:42:30.090+0000] {dag.py:2585} INFO - Sync 1 DAGs
[2024-09-25T12:42:30.126+0000] {logging_mixin.py:120} INFO - [2024-09-25T12:42:30.126+0000] {dag.py:3340} INFO - Setting next_dagrun for example_task_group to 2024-09-24T12:42:30.125761+00:00, run_after=2024-09-25T12:42:30.125761+00:00
[2024-09-25T12:42:30.159+0000] {processor.py:176} INFO - Processing /home/airflow/.local/lib/python3.7/site-packages/airflow/example_dags/example_task_group.py took 0.161 seconds
[2024-09-25T12:43:00.886+0000] {processor.py:154} INFO - Started process (PID=20998) to work on /home/airflow/.local/lib/python3.7/site-packages/airflow/example_dags/example_task_group.py
[2024-09-25T12:43:00.888+0000] {processor.py:756} INFO - Processing file /home/airflow/.local/lib/python3.7/site-packages/airflow/example_dags/example_task_group.py for tasks to queue
[2024-09-25T12:43:00.889+0000] {logging_mixin.py:120} INFO - [2024-09-25T12:43:00.889+0000] {dagbag.py:537} INFO - Filling up the DagBag from /home/airflow/.local/lib/python3.7/site-packages/airflow/example_dags/example_task_group.py
[2024-09-25T12:43:00.909+0000] {processor.py:766} INFO - DAG(s) dict_keys(['example_task_group']) retrieved from /home/airflow/.local/lib/python3.7/site-packages/airflow/example_dags/example_task_group.py
[2024-09-25T12:43:00.964+0000] {logging_mixin.py:120} INFO - [2024-09-25T12:43:00.963+0000] {dag.py:2585} INFO - Sync 1 DAGs
[2024-09-25T12:43:00.997+0000] {logging_mixin.py:120} INFO - [2024-09-25T12:43:00.997+0000] {dag.py:3340} INFO - Setting next_dagrun for example_task_group to 2024-09-24T12:43:00.997009+00:00, run_after=2024-09-25T12:43:00.997009+00:00
[2024-09-25T12:43:01.021+0000] {processor.py:176} INFO - Processing /home/airflow/.local/lib/python3.7/site-packages/airflow/example_dags/example_task_group.py took 0.140 seconds
[2024-09-25T12:43:31.168+0000] {processor.py:154} INFO - Started process (PID=21052) to work on /home/airflow/.local/lib/python3.7/site-packages/airflow/example_dags/example_task_group.py
[2024-09-25T12:43:31.170+0000] {processor.py:756} INFO - Processing file /home/airflow/.local/lib/python3.7/site-packages/airflow/example_dags/example_task_group.py for tasks to queue
[2024-09-25T12:43:31.171+0000] {logging_mixin.py:120} INFO - [2024-09-25T12:43:31.171+0000] {dagbag.py:537} INFO - Filling up the DagBag from /home/airflow/.local/lib/python3.7/site-packages/airflow/example_dags/example_task_group.py
[2024-09-25T12:43:31.193+0000] {processor.py:766} INFO - DAG(s) dict_keys(['example_task_group']) retrieved from /home/airflow/.local/lib/python3.7/site-packages/airflow/example_dags/example_task_group.py
[2024-09-25T12:43:31.242+0000] {logging_mixin.py:120} INFO - [2024-09-25T12:43:31.242+0000] {dag.py:2585} INFO - Sync 1 DAGs
[2024-09-25T12:43:31.275+0000] {logging_mixin.py:120} INFO - [2024-09-25T12:43:31.275+0000] {dag.py:3340} INFO - Setting next_dagrun for example_task_group to 2024-09-24T12:43:31.274624+00:00, run_after=2024-09-25T12:43:31.274624+00:00
[2024-09-25T12:43:31.307+0000] {processor.py:176} INFO - Processing /home/airflow/.local/lib/python3.7/site-packages/airflow/example_dags/example_task_group.py took 0.144 seconds
[2024-09-25T12:44:02.102+0000] {processor.py:154} INFO - Started process (PID=21115) to work on /home/airflow/.local/lib/python3.7/site-packages/airflow/example_dags/example_task_group.py
[2024-09-25T12:44:02.104+0000] {processor.py:756} INFO - Processing file /home/airflow/.local/lib/python3.7/site-packages/airflow/example_dags/example_task_group.py for tasks to queue
[2024-09-25T12:44:02.105+0000] {logging_mixin.py:120} INFO - [2024-09-25T12:44:02.105+0000] {dagbag.py:537} INFO - Filling up the DagBag from /home/airflow/.local/lib/python3.7/site-packages/airflow/example_dags/example_task_group.py
[2024-09-25T12:44:02.133+0000] {processor.py:766} INFO - DAG(s) dict_keys(['example_task_group']) retrieved from /home/airflow/.local/lib/python3.7/site-packages/airflow/example_dags/example_task_group.py
[2024-09-25T12:44:02.189+0000] {logging_mixin.py:120} INFO - [2024-09-25T12:44:02.189+0000] {dag.py:2585} INFO - Sync 1 DAGs
[2024-09-25T12:44:02.221+0000] {logging_mixin.py:120} INFO - [2024-09-25T12:44:02.221+0000] {dag.py:3340} INFO - Setting next_dagrun for example_task_group to 2024-09-24T12:44:02.220923+00:00, run_after=2024-09-25T12:44:02.220923+00:00
[2024-09-25T12:44:02.246+0000] {processor.py:176} INFO - Processing /home/airflow/.local/lib/python3.7/site-packages/airflow/example_dags/example_task_group.py took 0.148 seconds
[2024-09-25T12:44:32.317+0000] {processor.py:154} INFO - Started process (PID=21178) to work on /home/airflow/.local/lib/python3.7/site-packages/airflow/example_dags/example_task_group.py
[2024-09-25T12:44:32.318+0000] {processor.py:756} INFO - Processing file /home/airflow/.local/lib/python3.7/site-packages/airflow/example_dags/example_task_group.py for tasks to queue
[2024-09-25T12:44:32.319+0000] {logging_mixin.py:120} INFO - [2024-09-25T12:44:32.319+0000] {dagbag.py:537} INFO - Filling up the DagBag from /home/airflow/.local/lib/python3.7/site-packages/airflow/example_dags/example_task_group.py
[2024-09-25T12:44:32.340+0000] {processor.py:766} INFO - DAG(s) dict_keys(['example_task_group']) retrieved from /home/airflow/.local/lib/python3.7/site-packages/airflow/example_dags/example_task_group.py
[2024-09-25T12:44:32.388+0000] {logging_mixin.py:120} INFO - [2024-09-25T12:44:32.388+0000] {dag.py:2585} INFO - Sync 1 DAGs
[2024-09-25T12:44:32.419+0000] {logging_mixin.py:120} INFO - [2024-09-25T12:44:32.419+0000] {dag.py:3340} INFO - Setting next_dagrun for example_task_group to 2024-09-24T12:44:32.419551+00:00, run_after=2024-09-25T12:44:32.419551+00:00
[2024-09-25T12:44:32.452+0000] {processor.py:176} INFO - Processing /home/airflow/.local/lib/python3.7/site-packages/airflow/example_dags/example_task_group.py took 0.140 seconds
[2024-09-25T12:45:03.572+0000] {processor.py:154} INFO - Started process (PID=21240) to work on /home/airflow/.local/lib/python3.7/site-packages/airflow/example_dags/example_task_group.py
[2024-09-25T12:45:03.574+0000] {processor.py:756} INFO - Processing file /home/airflow/.local/lib/python3.7/site-packages/airflow/example_dags/example_task_group.py for tasks to queue
[2024-09-25T12:45:03.575+0000] {logging_mixin.py:120} INFO - [2024-09-25T12:45:03.575+0000] {dagbag.py:537} INFO - Filling up the DagBag from /home/airflow/.local/lib/python3.7/site-packages/airflow/example_dags/example_task_group.py
[2024-09-25T12:45:03.595+0000] {processor.py:766} INFO - DAG(s) dict_keys(['example_task_group']) retrieved from /home/airflow/.local/lib/python3.7/site-packages/airflow/example_dags/example_task_group.py
[2024-09-25T12:45:03.646+0000] {logging_mixin.py:120} INFO - [2024-09-25T12:45:03.646+0000] {dag.py:2585} INFO - Sync 1 DAGs
[2024-09-25T12:45:03.678+0000] {logging_mixin.py:120} INFO - [2024-09-25T12:45:03.678+0000] {dag.py:3340} INFO - Setting next_dagrun for example_task_group to 2024-09-24T12:45:03.677994+00:00, run_after=2024-09-25T12:45:03.677994+00:00
[2024-09-25T12:45:03.705+0000] {processor.py:176} INFO - Processing /home/airflow/.local/lib/python3.7/site-packages/airflow/example_dags/example_task_group.py took 0.137 seconds
[2024-09-25T12:45:33.930+0000] {processor.py:154} INFO - Started process (PID=21296) to work on /home/airflow/.local/lib/python3.7/site-packages/airflow/example_dags/example_task_group.py
[2024-09-25T12:45:33.931+0000] {processor.py:756} INFO - Processing file /home/airflow/.local/lib/python3.7/site-packages/airflow/example_dags/example_task_group.py for tasks to queue
[2024-09-25T12:45:33.932+0000] {logging_mixin.py:120} INFO - [2024-09-25T12:45:33.932+0000] {dagbag.py:537} INFO - Filling up the DagBag from /home/airflow/.local/lib/python3.7/site-packages/airflow/example_dags/example_task_group.py
[2024-09-25T12:45:33.953+0000] {processor.py:766} INFO - DAG(s) dict_keys(['example_task_group']) retrieved from /home/airflow/.local/lib/python3.7/site-packages/airflow/example_dags/example_task_group.py
[2024-09-25T12:45:34.002+0000] {logging_mixin.py:120} INFO - [2024-09-25T12:45:34.002+0000] {dag.py:2585} INFO - Sync 1 DAGs
[2024-09-25T12:45:34.033+0000] {logging_mixin.py:120} INFO - [2024-09-25T12:45:34.033+0000] {dag.py:3340} INFO - Setting next_dagrun for example_task_group to 2024-09-24T12:45:34.033438+00:00, run_after=2024-09-25T12:45:34.033438+00:00
[2024-09-25T12:45:34.058+0000] {processor.py:176} INFO - Processing /home/airflow/.local/lib/python3.7/site-packages/airflow/example_dags/example_task_group.py took 0.134 seconds
[2024-09-25T12:46:04.369+0000] {processor.py:154} INFO - Started process (PID=21359) to work on /home/airflow/.local/lib/python3.7/site-packages/airflow/example_dags/example_task_group.py
[2024-09-25T12:46:04.370+0000] {processor.py:756} INFO - Processing file /home/airflow/.local/lib/python3.7/site-packages/airflow/example_dags/example_task_group.py for tasks to queue
[2024-09-25T12:46:04.371+0000] {logging_mixin.py:120} INFO - [2024-09-25T12:46:04.371+0000] {dagbag.py:537} INFO - Filling up the DagBag from /home/airflow/.local/lib/python3.7/site-packages/airflow/example_dags/example_task_group.py
[2024-09-25T12:46:04.390+0000] {processor.py:766} INFO - DAG(s) dict_keys(['example_task_group']) retrieved from /home/airflow/.local/lib/python3.7/site-packages/airflow/example_dags/example_task_group.py
[2024-09-25T12:46:04.441+0000] {logging_mixin.py:120} INFO - [2024-09-25T12:46:04.440+0000] {dag.py:2585} INFO - Sync 1 DAGs
[2024-09-25T12:46:04.471+0000] {logging_mixin.py:120} INFO - [2024-09-25T12:46:04.471+0000] {dag.py:3340} INFO - Setting next_dagrun for example_task_group to 2024-09-24T12:46:04.471183+00:00, run_after=2024-09-25T12:46:04.471183+00:00
[2024-09-25T12:46:04.497+0000] {processor.py:176} INFO - Processing /home/airflow/.local/lib/python3.7/site-packages/airflow/example_dags/example_task_group.py took 0.133 seconds
[2024-09-25T12:46:35.319+0000] {processor.py:154} INFO - Started process (PID=21422) to work on /home/airflow/.local/lib/python3.7/site-packages/airflow/example_dags/example_task_group.py
[2024-09-25T12:46:35.320+0000] {processor.py:756} INFO - Processing file /home/airflow/.local/lib/python3.7/site-packages/airflow/example_dags/example_task_group.py for tasks to queue
[2024-09-25T12:46:35.321+0000] {logging_mixin.py:120} INFO - [2024-09-25T12:46:35.321+0000] {dagbag.py:537} INFO - Filling up the DagBag from /home/airflow/.local/lib/python3.7/site-packages/airflow/example_dags/example_task_group.py
[2024-09-25T12:46:35.340+0000] {processor.py:766} INFO - DAG(s) dict_keys(['example_task_group']) retrieved from /home/airflow/.local/lib/python3.7/site-packages/airflow/example_dags/example_task_group.py
[2024-09-25T12:46:35.389+0000] {logging_mixin.py:120} INFO - [2024-09-25T12:46:35.389+0000] {dag.py:2585} INFO - Sync 1 DAGs
[2024-09-25T12:46:35.420+0000] {logging_mixin.py:120} INFO - [2024-09-25T12:46:35.420+0000] {dag.py:3340} INFO - Setting next_dagrun for example_task_group to 2024-09-24T12:46:35.419956+00:00, run_after=2024-09-25T12:46:35.419956+00:00
[2024-09-25T12:46:35.447+0000] {processor.py:176} INFO - Processing /home/airflow/.local/lib/python3.7/site-packages/airflow/example_dags/example_task_group.py took 0.134 seconds
[2024-09-25T12:47:05.709+0000] {processor.py:154} INFO - Started process (PID=21475) to work on /home/airflow/.local/lib/python3.7/site-packages/airflow/example_dags/example_task_group.py
[2024-09-25T12:47:05.711+0000] {processor.py:756} INFO - Processing file /home/airflow/.local/lib/python3.7/site-packages/airflow/example_dags/example_task_group.py for tasks to queue
[2024-09-25T12:47:05.712+0000] {logging_mixin.py:120} INFO - [2024-09-25T12:47:05.711+0000] {dagbag.py:537} INFO - Filling up the DagBag from /home/airflow/.local/lib/python3.7/site-packages/airflow/example_dags/example_task_group.py
[2024-09-25T12:47:05.731+0000] {processor.py:766} INFO - DAG(s) dict_keys(['example_task_group']) retrieved from /home/airflow/.local/lib/python3.7/site-packages/airflow/example_dags/example_task_group.py
[2024-09-25T12:47:05.779+0000] {logging_mixin.py:120} INFO - [2024-09-25T12:47:05.779+0000] {dag.py:2585} INFO - Sync 1 DAGs
[2024-09-25T12:47:05.810+0000] {logging_mixin.py:120} INFO - [2024-09-25T12:47:05.810+0000] {dag.py:3340} INFO - Setting next_dagrun for example_task_group to 2024-09-24T12:47:05.809806+00:00, run_after=2024-09-25T12:47:05.809806+00:00
[2024-09-25T12:47:05.834+0000] {processor.py:176} INFO - Processing /home/airflow/.local/lib/python3.7/site-packages/airflow/example_dags/example_task_group.py took 0.130 seconds
[2024-09-25T12:47:35.963+0000] {processor.py:154} INFO - Started process (PID=21538) to work on /home/airflow/.local/lib/python3.7/site-packages/airflow/example_dags/example_task_group.py
[2024-09-25T12:47:35.965+0000] {processor.py:756} INFO - Processing file /home/airflow/.local/lib/python3.7/site-packages/airflow/example_dags/example_task_group.py for tasks to queue
[2024-09-25T12:47:35.966+0000] {logging_mixin.py:120} INFO - [2024-09-25T12:47:35.966+0000] {dagbag.py:537} INFO - Filling up the DagBag from /home/airflow/.local/lib/python3.7/site-packages/airflow/example_dags/example_task_group.py
[2024-09-25T12:47:35.987+0000] {processor.py:766} INFO - DAG(s) dict_keys(['example_task_group']) retrieved from /home/airflow/.local/lib/python3.7/site-packages/airflow/example_dags/example_task_group.py
[2024-09-25T12:47:36.036+0000] {logging_mixin.py:120} INFO - [2024-09-25T12:47:36.036+0000] {dag.py:2585} INFO - Sync 1 DAGs
[2024-09-25T12:47:36.067+0000] {logging_mixin.py:120} INFO - [2024-09-25T12:47:36.067+0000] {dag.py:3340} INFO - Setting next_dagrun for example_task_group to 2024-09-24T12:47:36.067032+00:00, run_after=2024-09-25T12:47:36.067032+00:00
[2024-09-25T12:47:36.092+0000] {processor.py:176} INFO - Processing /home/airflow/.local/lib/python3.7/site-packages/airflow/example_dags/example_task_group.py took 0.133 seconds
[2024-09-25T12:48:06.347+0000] {processor.py:154} INFO - Started process (PID=21601) to work on /home/airflow/.local/lib/python3.7/site-packages/airflow/example_dags/example_task_group.py
[2024-09-25T12:48:06.350+0000] {processor.py:756} INFO - Processing file /home/airflow/.local/lib/python3.7/site-packages/airflow/example_dags/example_task_group.py for tasks to queue
[2024-09-25T12:48:06.352+0000] {logging_mixin.py:120} INFO - [2024-09-25T12:48:06.352+0000] {dagbag.py:537} INFO - Filling up the DagBag from /home/airflow/.local/lib/python3.7/site-packages/airflow/example_dags/example_task_group.py
[2024-09-25T12:48:06.376+0000] {processor.py:766} INFO - DAG(s) dict_keys(['example_task_group']) retrieved from /home/airflow/.local/lib/python3.7/site-packages/airflow/example_dags/example_task_group.py
[2024-09-25T12:48:06.432+0000] {logging_mixin.py:120} INFO - [2024-09-25T12:48:06.432+0000] {dag.py:2585} INFO - Sync 1 DAGs
[2024-09-25T12:48:06.464+0000] {logging_mixin.py:120} INFO - [2024-09-25T12:48:06.464+0000] {dag.py:3340} INFO - Setting next_dagrun for example_task_group to 2024-09-24T12:48:06.464176+00:00, run_after=2024-09-25T12:48:06.464176+00:00
[2024-09-25T12:48:06.489+0000] {processor.py:176} INFO - Processing /home/airflow/.local/lib/python3.7/site-packages/airflow/example_dags/example_task_group.py took 0.146 seconds
[2024-09-25T12:48:36.714+0000] {processor.py:154} INFO - Started process (PID=21663) to work on /home/airflow/.local/lib/python3.7/site-packages/airflow/example_dags/example_task_group.py
[2024-09-25T12:48:36.715+0000] {processor.py:756} INFO - Processing file /home/airflow/.local/lib/python3.7/site-packages/airflow/example_dags/example_task_group.py for tasks to queue
[2024-09-25T12:48:36.716+0000] {logging_mixin.py:120} INFO - [2024-09-25T12:48:36.716+0000] {dagbag.py:537} INFO - Filling up the DagBag from /home/airflow/.local/lib/python3.7/site-packages/airflow/example_dags/example_task_group.py
[2024-09-25T12:48:36.739+0000] {processor.py:766} INFO - DAG(s) dict_keys(['example_task_group']) retrieved from /home/airflow/.local/lib/python3.7/site-packages/airflow/example_dags/example_task_group.py
[2024-09-25T12:48:36.787+0000] {logging_mixin.py:120} INFO - [2024-09-25T12:48:36.787+0000] {dag.py:2585} INFO - Sync 1 DAGs
[2024-09-25T12:48:36.817+0000] {logging_mixin.py:120} INFO - [2024-09-25T12:48:36.816+0000] {dag.py:3340} INFO - Setting next_dagrun for example_task_group to 2024-09-24T12:48:36.816650+00:00, run_after=2024-09-25T12:48:36.816650+00:00
[2024-09-25T12:48:36.840+0000] {processor.py:176} INFO - Processing /home/airflow/.local/lib/python3.7/site-packages/airflow/example_dags/example_task_group.py took 0.131 seconds
[2024-09-25T12:49:06.917+0000] {processor.py:154} INFO - Started process (PID=21717) to work on /home/airflow/.local/lib/python3.7/site-packages/airflow/example_dags/example_task_group.py
[2024-09-25T12:49:06.919+0000] {processor.py:756} INFO - Processing file /home/airflow/.local/lib/python3.7/site-packages/airflow/example_dags/example_task_group.py for tasks to queue
[2024-09-25T12:49:06.919+0000] {logging_mixin.py:120} INFO - [2024-09-25T12:49:06.919+0000] {dagbag.py:537} INFO - Filling up the DagBag from /home/airflow/.local/lib/python3.7/site-packages/airflow/example_dags/example_task_group.py
[2024-09-25T12:49:06.936+0000] {processor.py:766} INFO - DAG(s) dict_keys(['example_task_group']) retrieved from /home/airflow/.local/lib/python3.7/site-packages/airflow/example_dags/example_task_group.py
[2024-09-25T12:49:06.984+0000] {logging_mixin.py:120} INFO - [2024-09-25T12:49:06.983+0000] {dag.py:2585} INFO - Sync 1 DAGs
[2024-09-25T12:49:07.015+0000] {logging_mixin.py:120} INFO - [2024-09-25T12:49:07.015+0000] {dag.py:3340} INFO - Setting next_dagrun for example_task_group to 2024-09-24T12:49:07.015540+00:00, run_after=2024-09-25T12:49:07.015540+00:00
[2024-09-25T12:49:07.044+0000] {processor.py:176} INFO - Processing /home/airflow/.local/lib/python3.7/site-packages/airflow/example_dags/example_task_group.py took 0.131 seconds
[2024-09-25T12:49:37.205+0000] {processor.py:154} INFO - Started process (PID=21780) to work on /home/airflow/.local/lib/python3.7/site-packages/airflow/example_dags/example_task_group.py
[2024-09-25T12:49:37.209+0000] {processor.py:756} INFO - Processing file /home/airflow/.local/lib/python3.7/site-packages/airflow/example_dags/example_task_group.py for tasks to queue
[2024-09-25T12:49:37.210+0000] {logging_mixin.py:120} INFO - [2024-09-25T12:49:37.210+0000] {dagbag.py:537} INFO - Filling up the DagBag from /home/airflow/.local/lib/python3.7/site-packages/airflow/example_dags/example_task_group.py
[2024-09-25T12:49:37.235+0000] {processor.py:766} INFO - DAG(s) dict_keys(['example_task_group']) retrieved from /home/airflow/.local/lib/python3.7/site-packages/airflow/example_dags/example_task_group.py
[2024-09-25T12:49:37.297+0000] {logging_mixin.py:120} INFO - [2024-09-25T12:49:37.296+0000] {dag.py:2585} INFO - Sync 1 DAGs
[2024-09-25T12:49:37.338+0000] {logging_mixin.py:120} INFO - [2024-09-25T12:49:37.337+0000] {dag.py:3340} INFO - Setting next_dagrun for example_task_group to 2024-09-24T12:49:37.337644+00:00, run_after=2024-09-25T12:49:37.337644+00:00
[2024-09-25T12:49:37.372+0000] {processor.py:176} INFO - Processing /home/airflow/.local/lib/python3.7/site-packages/airflow/example_dags/example_task_group.py took 0.173 seconds
[2024-09-25T12:50:07.407+0000] {processor.py:154} INFO - Started process (PID=21841) to work on /home/airflow/.local/lib/python3.7/site-packages/airflow/example_dags/example_task_group.py
[2024-09-25T12:50:07.409+0000] {processor.py:756} INFO - Processing file /home/airflow/.local/lib/python3.7/site-packages/airflow/example_dags/example_task_group.py for tasks to queue
[2024-09-25T12:50:07.411+0000] {logging_mixin.py:120} INFO - [2024-09-25T12:50:07.411+0000] {dagbag.py:537} INFO - Filling up the DagBag from /home/airflow/.local/lib/python3.7/site-packages/airflow/example_dags/example_task_group.py
[2024-09-25T12:50:07.431+0000] {processor.py:766} INFO - DAG(s) dict_keys(['example_task_group']) retrieved from /home/airflow/.local/lib/python3.7/site-packages/airflow/example_dags/example_task_group.py
[2024-09-25T12:50:07.486+0000] {logging_mixin.py:120} INFO - [2024-09-25T12:50:07.486+0000] {dag.py:2585} INFO - Sync 1 DAGs
[2024-09-25T12:50:07.520+0000] {logging_mixin.py:120} INFO - [2024-09-25T12:50:07.520+0000] {dag.py:3340} INFO - Setting next_dagrun for example_task_group to 2024-09-24T12:50:07.520437+00:00, run_after=2024-09-25T12:50:07.520437+00:00
[2024-09-25T12:50:07.553+0000] {processor.py:176} INFO - Processing /home/airflow/.local/lib/python3.7/site-packages/airflow/example_dags/example_task_group.py took 0.151 seconds
[2024-09-25T12:50:37.864+0000] {processor.py:154} INFO - Started process (PID=21895) to work on /home/airflow/.local/lib/python3.7/site-packages/airflow/example_dags/example_task_group.py
[2024-09-25T12:50:37.866+0000] {processor.py:756} INFO - Processing file /home/airflow/.local/lib/python3.7/site-packages/airflow/example_dags/example_task_group.py for tasks to queue
[2024-09-25T12:50:37.867+0000] {logging_mixin.py:120} INFO - [2024-09-25T12:50:37.867+0000] {dagbag.py:537} INFO - Filling up the DagBag from /home/airflow/.local/lib/python3.7/site-packages/airflow/example_dags/example_task_group.py
[2024-09-25T12:50:37.895+0000] {processor.py:766} INFO - DAG(s) dict_keys(['example_task_group']) retrieved from /home/airflow/.local/lib/python3.7/site-packages/airflow/example_dags/example_task_group.py
[2024-09-25T12:50:37.981+0000] {logging_mixin.py:120} INFO - [2024-09-25T12:50:37.980+0000] {dag.py:2585} INFO - Sync 1 DAGs
[2024-09-25T12:50:38.028+0000] {logging_mixin.py:120} INFO - [2024-09-25T12:50:38.028+0000] {dag.py:3340} INFO - Setting next_dagrun for example_task_group to 2024-09-24T12:50:38.028038+00:00, run_after=2024-09-25T12:50:38.028038+00:00
[2024-09-25T12:50:38.072+0000] {processor.py:176} INFO - Processing /home/airflow/.local/lib/python3.7/site-packages/airflow/example_dags/example_task_group.py took 0.214 seconds
[2024-09-25T12:51:08.195+0000] {processor.py:154} INFO - Started process (PID=21958) to work on /home/airflow/.local/lib/python3.7/site-packages/airflow/example_dags/example_task_group.py
[2024-09-25T12:51:08.197+0000] {processor.py:756} INFO - Processing file /home/airflow/.local/lib/python3.7/site-packages/airflow/example_dags/example_task_group.py for tasks to queue
[2024-09-25T12:51:08.198+0000] {logging_mixin.py:120} INFO - [2024-09-25T12:51:08.198+0000] {dagbag.py:537} INFO - Filling up the DagBag from /home/airflow/.local/lib/python3.7/site-packages/airflow/example_dags/example_task_group.py
[2024-09-25T12:51:08.217+0000] {processor.py:766} INFO - DAG(s) dict_keys(['example_task_group']) retrieved from /home/airflow/.local/lib/python3.7/site-packages/airflow/example_dags/example_task_group.py
[2024-09-25T12:51:08.267+0000] {logging_mixin.py:120} INFO - [2024-09-25T12:51:08.267+0000] {dag.py:2585} INFO - Sync 1 DAGs
[2024-09-25T12:51:08.297+0000] {logging_mixin.py:120} INFO - [2024-09-25T12:51:08.297+0000] {dag.py:3340} INFO - Setting next_dagrun for example_task_group to 2024-09-24T12:51:08.297481+00:00, run_after=2024-09-25T12:51:08.297481+00:00
[2024-09-25T12:51:08.321+0000] {processor.py:176} INFO - Processing /home/airflow/.local/lib/python3.7/site-packages/airflow/example_dags/example_task_group.py took 0.131 seconds
[2024-09-25T12:51:38.499+0000] {processor.py:154} INFO - Started process (PID=22021) to work on /home/airflow/.local/lib/python3.7/site-packages/airflow/example_dags/example_task_group.py
[2024-09-25T12:51:38.500+0000] {processor.py:756} INFO - Processing file /home/airflow/.local/lib/python3.7/site-packages/airflow/example_dags/example_task_group.py for tasks to queue
[2024-09-25T12:51:38.502+0000] {logging_mixin.py:120} INFO - [2024-09-25T12:51:38.501+0000] {dagbag.py:537} INFO - Filling up the DagBag from /home/airflow/.local/lib/python3.7/site-packages/airflow/example_dags/example_task_group.py
[2024-09-25T12:51:38.524+0000] {processor.py:766} INFO - DAG(s) dict_keys(['example_task_group']) retrieved from /home/airflow/.local/lib/python3.7/site-packages/airflow/example_dags/example_task_group.py
[2024-09-25T12:51:38.581+0000] {logging_mixin.py:120} INFO - [2024-09-25T12:51:38.581+0000] {dag.py:2585} INFO - Sync 1 DAGs
[2024-09-25T12:51:38.613+0000] {logging_mixin.py:120} INFO - [2024-09-25T12:51:38.613+0000] {dag.py:3340} INFO - Setting next_dagrun for example_task_group to 2024-09-24T12:51:38.613077+00:00, run_after=2024-09-25T12:51:38.613077+00:00
[2024-09-25T12:51:38.638+0000] {processor.py:176} INFO - Processing /home/airflow/.local/lib/python3.7/site-packages/airflow/example_dags/example_task_group.py took 0.143 seconds
[2024-09-25T12:52:08.883+0000] {processor.py:154} INFO - Started process (PID=22075) to work on /home/airflow/.local/lib/python3.7/site-packages/airflow/example_dags/example_task_group.py
[2024-09-25T12:52:08.884+0000] {processor.py:756} INFO - Processing file /home/airflow/.local/lib/python3.7/site-packages/airflow/example_dags/example_task_group.py for tasks to queue
[2024-09-25T12:52:08.885+0000] {logging_mixin.py:120} INFO - [2024-09-25T12:52:08.885+0000] {dagbag.py:537} INFO - Filling up the DagBag from /home/airflow/.local/lib/python3.7/site-packages/airflow/example_dags/example_task_group.py
[2024-09-25T12:52:08.907+0000] {processor.py:766} INFO - DAG(s) dict_keys(['example_task_group']) retrieved from /home/airflow/.local/lib/python3.7/site-packages/airflow/example_dags/example_task_group.py
[2024-09-25T12:52:08.959+0000] {logging_mixin.py:120} INFO - [2024-09-25T12:52:08.959+0000] {dag.py:2585} INFO - Sync 1 DAGs
[2024-09-25T12:52:08.989+0000] {logging_mixin.py:120} INFO - [2024-09-25T12:52:08.989+0000] {dag.py:3340} INFO - Setting next_dagrun for example_task_group to 2024-09-24T12:52:08.988854+00:00, run_after=2024-09-25T12:52:08.988854+00:00
[2024-09-25T12:52:09.020+0000] {processor.py:176} INFO - Processing /home/airflow/.local/lib/python3.7/site-packages/airflow/example_dags/example_task_group.py took 0.142 seconds
[2024-09-25T12:52:39.942+0000] {processor.py:154} INFO - Started process (PID=22138) to work on /home/airflow/.local/lib/python3.7/site-packages/airflow/example_dags/example_task_group.py
[2024-09-25T12:52:39.944+0000] {processor.py:756} INFO - Processing file /home/airflow/.local/lib/python3.7/site-packages/airflow/example_dags/example_task_group.py for tasks to queue
[2024-09-25T12:52:39.945+0000] {logging_mixin.py:120} INFO - [2024-09-25T12:52:39.945+0000] {dagbag.py:537} INFO - Filling up the DagBag from /home/airflow/.local/lib/python3.7/site-packages/airflow/example_dags/example_task_group.py
[2024-09-25T12:52:39.967+0000] {processor.py:766} INFO - DAG(s) dict_keys(['example_task_group']) retrieved from /home/airflow/.local/lib/python3.7/site-packages/airflow/example_dags/example_task_group.py
[2024-09-25T12:52:40.019+0000] {logging_mixin.py:120} INFO - [2024-09-25T12:52:40.019+0000] {dag.py:2585} INFO - Sync 1 DAGs
[2024-09-25T12:52:40.051+0000] {logging_mixin.py:120} INFO - [2024-09-25T12:52:40.050+0000] {dag.py:3340} INFO - Setting next_dagrun for example_task_group to 2024-09-24T12:52:40.050660+00:00, run_after=2024-09-25T12:52:40.050660+00:00
[2024-09-25T12:52:40.079+0000] {processor.py:176} INFO - Processing /home/airflow/.local/lib/python3.7/site-packages/airflow/example_dags/example_task_group.py took 0.141 seconds
[2024-09-25T12:53:10.331+0000] {processor.py:154} INFO - Started process (PID=22201) to work on /home/airflow/.local/lib/python3.7/site-packages/airflow/example_dags/example_task_group.py
[2024-09-25T12:53:10.332+0000] {processor.py:756} INFO - Processing file /home/airflow/.local/lib/python3.7/site-packages/airflow/example_dags/example_task_group.py for tasks to queue
[2024-09-25T12:53:10.333+0000] {logging_mixin.py:120} INFO - [2024-09-25T12:53:10.333+0000] {dagbag.py:537} INFO - Filling up the DagBag from /home/airflow/.local/lib/python3.7/site-packages/airflow/example_dags/example_task_group.py
[2024-09-25T12:53:10.355+0000] {processor.py:766} INFO - DAG(s) dict_keys(['example_task_group']) retrieved from /home/airflow/.local/lib/python3.7/site-packages/airflow/example_dags/example_task_group.py
[2024-09-25T12:53:10.406+0000] {logging_mixin.py:120} INFO - [2024-09-25T12:53:10.406+0000] {dag.py:2585} INFO - Sync 1 DAGs
[2024-09-25T12:53:10.438+0000] {logging_mixin.py:120} INFO - [2024-09-25T12:53:10.438+0000] {dag.py:3340} INFO - Setting next_dagrun for example_task_group to 2024-09-24T12:53:10.438179+00:00, run_after=2024-09-25T12:53:10.438179+00:00
[2024-09-25T12:53:10.464+0000] {processor.py:176} INFO - Processing /home/airflow/.local/lib/python3.7/site-packages/airflow/example_dags/example_task_group.py took 0.137 seconds
[2024-09-25T12:53:40.792+0000] {processor.py:154} INFO - Started process (PID=22264) to work on /home/airflow/.local/lib/python3.7/site-packages/airflow/example_dags/example_task_group.py
[2024-09-25T12:53:40.793+0000] {processor.py:756} INFO - Processing file /home/airflow/.local/lib/python3.7/site-packages/airflow/example_dags/example_task_group.py for tasks to queue
[2024-09-25T12:53:40.794+0000] {logging_mixin.py:120} INFO - [2024-09-25T12:53:40.794+0000] {dagbag.py:537} INFO - Filling up the DagBag from /home/airflow/.local/lib/python3.7/site-packages/airflow/example_dags/example_task_group.py
[2024-09-25T12:53:40.814+0000] {processor.py:766} INFO - DAG(s) dict_keys(['example_task_group']) retrieved from /home/airflow/.local/lib/python3.7/site-packages/airflow/example_dags/example_task_group.py
[2024-09-25T12:53:40.869+0000] {logging_mixin.py:120} INFO - [2024-09-25T12:53:40.868+0000] {dag.py:2585} INFO - Sync 1 DAGs
[2024-09-25T12:53:40.899+0000] {logging_mixin.py:120} INFO - [2024-09-25T12:53:40.899+0000] {dag.py:3340} INFO - Setting next_dagrun for example_task_group to 2024-09-24T12:53:40.899452+00:00, run_after=2024-09-25T12:53:40.899452+00:00
[2024-09-25T12:53:40.924+0000] {processor.py:176} INFO - Processing /home/airflow/.local/lib/python3.7/site-packages/airflow/example_dags/example_task_group.py took 0.136 seconds
[2024-09-25T12:54:11.207+0000] {processor.py:154} INFO - Started process (PID=22318) to work on /home/airflow/.local/lib/python3.7/site-packages/airflow/example_dags/example_task_group.py
[2024-09-25T12:54:11.209+0000] {processor.py:756} INFO - Processing file /home/airflow/.local/lib/python3.7/site-packages/airflow/example_dags/example_task_group.py for tasks to queue
[2024-09-25T12:54:11.210+0000] {logging_mixin.py:120} INFO - [2024-09-25T12:54:11.210+0000] {dagbag.py:537} INFO - Filling up the DagBag from /home/airflow/.local/lib/python3.7/site-packages/airflow/example_dags/example_task_group.py
[2024-09-25T12:54:11.234+0000] {processor.py:766} INFO - DAG(s) dict_keys(['example_task_group']) retrieved from /home/airflow/.local/lib/python3.7/site-packages/airflow/example_dags/example_task_group.py
[2024-09-25T12:54:11.290+0000] {logging_mixin.py:120} INFO - [2024-09-25T12:54:11.290+0000] {dag.py:2585} INFO - Sync 1 DAGs
[2024-09-25T12:54:11.330+0000] {logging_mixin.py:120} INFO - [2024-09-25T12:54:11.329+0000] {dag.py:3340} INFO - Setting next_dagrun for example_task_group to 2024-09-24T12:54:11.329553+00:00, run_after=2024-09-25T12:54:11.329553+00:00
[2024-09-25T12:54:11.356+0000] {processor.py:176} INFO - Processing /home/airflow/.local/lib/python3.7/site-packages/airflow/example_dags/example_task_group.py took 0.154 seconds
[2024-09-25T12:54:41.616+0000] {processor.py:154} INFO - Started process (PID=22381) to work on /home/airflow/.local/lib/python3.7/site-packages/airflow/example_dags/example_task_group.py
[2024-09-25T12:54:41.618+0000] {processor.py:756} INFO - Processing file /home/airflow/.local/lib/python3.7/site-packages/airflow/example_dags/example_task_group.py for tasks to queue
[2024-09-25T12:54:41.619+0000] {logging_mixin.py:120} INFO - [2024-09-25T12:54:41.619+0000] {dagbag.py:537} INFO - Filling up the DagBag from /home/airflow/.local/lib/python3.7/site-packages/airflow/example_dags/example_task_group.py
[2024-09-25T12:54:41.641+0000] {processor.py:766} INFO - DAG(s) dict_keys(['example_task_group']) retrieved from /home/airflow/.local/lib/python3.7/site-packages/airflow/example_dags/example_task_group.py
[2024-09-25T12:54:41.701+0000] {logging_mixin.py:120} INFO - [2024-09-25T12:54:41.701+0000] {dag.py:2585} INFO - Sync 1 DAGs
[2024-09-25T12:54:41.743+0000] {logging_mixin.py:120} INFO - [2024-09-25T12:54:41.742+0000] {dag.py:3340} INFO - Setting next_dagrun for example_task_group to 2024-09-24T12:54:41.742471+00:00, run_after=2024-09-25T12:54:41.742471+00:00
[2024-09-25T12:54:41.775+0000] {processor.py:176} INFO - Processing /home/airflow/.local/lib/python3.7/site-packages/airflow/example_dags/example_task_group.py took 0.163 seconds
[2024-09-25T12:55:11.963+0000] {processor.py:154} INFO - Started process (PID=22444) to work on /home/airflow/.local/lib/python3.7/site-packages/airflow/example_dags/example_task_group.py
[2024-09-25T12:55:11.964+0000] {processor.py:756} INFO - Processing file /home/airflow/.local/lib/python3.7/site-packages/airflow/example_dags/example_task_group.py for tasks to queue
[2024-09-25T12:55:11.965+0000] {logging_mixin.py:120} INFO - [2024-09-25T12:55:11.965+0000] {dagbag.py:537} INFO - Filling up the DagBag from /home/airflow/.local/lib/python3.7/site-packages/airflow/example_dags/example_task_group.py
[2024-09-25T12:55:11.986+0000] {processor.py:766} INFO - DAG(s) dict_keys(['example_task_group']) retrieved from /home/airflow/.local/lib/python3.7/site-packages/airflow/example_dags/example_task_group.py
[2024-09-25T12:55:12.034+0000] {logging_mixin.py:120} INFO - [2024-09-25T12:55:12.034+0000] {dag.py:2585} INFO - Sync 1 DAGs
[2024-09-25T12:55:12.066+0000] {logging_mixin.py:120} INFO - [2024-09-25T12:55:12.066+0000] {dag.py:3340} INFO - Setting next_dagrun for example_task_group to 2024-09-24T12:55:12.065967+00:00, run_after=2024-09-25T12:55:12.065967+00:00
[2024-09-25T12:55:12.094+0000] {processor.py:176} INFO - Processing /home/airflow/.local/lib/python3.7/site-packages/airflow/example_dags/example_task_group.py took 0.135 seconds
[2024-09-25T12:55:42.224+0000] {processor.py:154} INFO - Started process (PID=22498) to work on /home/airflow/.local/lib/python3.7/site-packages/airflow/example_dags/example_task_group.py
[2024-09-25T12:55:42.225+0000] {processor.py:756} INFO - Processing file /home/airflow/.local/lib/python3.7/site-packages/airflow/example_dags/example_task_group.py for tasks to queue
[2024-09-25T12:55:42.226+0000] {logging_mixin.py:120} INFO - [2024-09-25T12:55:42.226+0000] {dagbag.py:537} INFO - Filling up the DagBag from /home/airflow/.local/lib/python3.7/site-packages/airflow/example_dags/example_task_group.py
[2024-09-25T12:55:42.245+0000] {processor.py:766} INFO - DAG(s) dict_keys(['example_task_group']) retrieved from /home/airflow/.local/lib/python3.7/site-packages/airflow/example_dags/example_task_group.py
[2024-09-25T12:55:42.296+0000] {logging_mixin.py:120} INFO - [2024-09-25T12:55:42.296+0000] {dag.py:2585} INFO - Sync 1 DAGs
[2024-09-25T12:55:42.328+0000] {logging_mixin.py:120} INFO - [2024-09-25T12:55:42.328+0000] {dag.py:3340} INFO - Setting next_dagrun for example_task_group to 2024-09-24T12:55:42.327782+00:00, run_after=2024-09-25T12:55:42.327782+00:00
[2024-09-25T12:55:42.355+0000] {processor.py:176} INFO - Processing /home/airflow/.local/lib/python3.7/site-packages/airflow/example_dags/example_task_group.py took 0.136 seconds
[2024-09-25T12:56:12.997+0000] {processor.py:154} INFO - Started process (PID=22560) to work on /home/airflow/.local/lib/python3.7/site-packages/airflow/example_dags/example_task_group.py
[2024-09-25T12:56:12.999+0000] {processor.py:756} INFO - Processing file /home/airflow/.local/lib/python3.7/site-packages/airflow/example_dags/example_task_group.py for tasks to queue
[2024-09-25T12:56:13.000+0000] {logging_mixin.py:120} INFO - [2024-09-25T12:56:13.000+0000] {dagbag.py:537} INFO - Filling up the DagBag from /home/airflow/.local/lib/python3.7/site-packages/airflow/example_dags/example_task_group.py
[2024-09-25T12:56:13.020+0000] {processor.py:766} INFO - DAG(s) dict_keys(['example_task_group']) retrieved from /home/airflow/.local/lib/python3.7/site-packages/airflow/example_dags/example_task_group.py
[2024-09-25T12:56:13.070+0000] {logging_mixin.py:120} INFO - [2024-09-25T12:56:13.070+0000] {dag.py:2585} INFO - Sync 1 DAGs
[2024-09-25T12:56:13.101+0000] {logging_mixin.py:120} INFO - [2024-09-25T12:56:13.101+0000] {dag.py:3340} INFO - Setting next_dagrun for example_task_group to 2024-09-24T12:56:13.101515+00:00, run_after=2024-09-25T12:56:13.101515+00:00
[2024-09-25T12:56:13.126+0000] {processor.py:176} INFO - Processing /home/airflow/.local/lib/python3.7/site-packages/airflow/example_dags/example_task_group.py took 0.134 seconds
[2024-09-25T12:56:43.593+0000] {processor.py:154} INFO - Started process (PID=22622) to work on /home/airflow/.local/lib/python3.7/site-packages/airflow/example_dags/example_task_group.py
[2024-09-25T12:56:43.595+0000] {processor.py:756} INFO - Processing file /home/airflow/.local/lib/python3.7/site-packages/airflow/example_dags/example_task_group.py for tasks to queue
[2024-09-25T12:56:43.597+0000] {logging_mixin.py:120} INFO - [2024-09-25T12:56:43.597+0000] {dagbag.py:537} INFO - Filling up the DagBag from /home/airflow/.local/lib/python3.7/site-packages/airflow/example_dags/example_task_group.py
[2024-09-25T12:56:43.619+0000] {processor.py:766} INFO - DAG(s) dict_keys(['example_task_group']) retrieved from /home/airflow/.local/lib/python3.7/site-packages/airflow/example_dags/example_task_group.py
[2024-09-25T12:56:43.686+0000] {logging_mixin.py:120} INFO - [2024-09-25T12:56:43.686+0000] {dag.py:2585} INFO - Sync 1 DAGs
[2024-09-25T12:56:43.727+0000] {logging_mixin.py:120} INFO - [2024-09-25T12:56:43.727+0000] {dag.py:3340} INFO - Setting next_dagrun for example_task_group to 2024-09-24T12:56:43.727039+00:00, run_after=2024-09-25T12:56:43.727039+00:00
[2024-09-25T12:56:43.757+0000] {processor.py:176} INFO - Processing /home/airflow/.local/lib/python3.7/site-packages/airflow/example_dags/example_task_group.py took 0.168 seconds
[2024-09-25T12:57:13.828+0000] {processor.py:154} INFO - Started process (PID=22685) to work on /home/airflow/.local/lib/python3.7/site-packages/airflow/example_dags/example_task_group.py
[2024-09-25T12:57:13.831+0000] {processor.py:756} INFO - Processing file /home/airflow/.local/lib/python3.7/site-packages/airflow/example_dags/example_task_group.py for tasks to queue
[2024-09-25T12:57:13.832+0000] {logging_mixin.py:120} INFO - [2024-09-25T12:57:13.832+0000] {dagbag.py:537} INFO - Filling up the DagBag from /home/airflow/.local/lib/python3.7/site-packages/airflow/example_dags/example_task_group.py
[2024-09-25T12:57:13.853+0000] {processor.py:766} INFO - DAG(s) dict_keys(['example_task_group']) retrieved from /home/airflow/.local/lib/python3.7/site-packages/airflow/example_dags/example_task_group.py
[2024-09-25T12:57:13.906+0000] {logging_mixin.py:120} INFO - [2024-09-25T12:57:13.905+0000] {dag.py:2585} INFO - Sync 1 DAGs
[2024-09-25T12:57:13.941+0000] {logging_mixin.py:120} INFO - [2024-09-25T12:57:13.941+0000] {dag.py:3340} INFO - Setting next_dagrun for example_task_group to 2024-09-24T12:57:13.941293+00:00, run_after=2024-09-25T12:57:13.941293+00:00
[2024-09-25T12:57:13.967+0000] {processor.py:176} INFO - Processing /home/airflow/.local/lib/python3.7/site-packages/airflow/example_dags/example_task_group.py took 0.144 seconds
[2024-09-25T12:57:44.775+0000] {processor.py:154} INFO - Started process (PID=22739) to work on /home/airflow/.local/lib/python3.7/site-packages/airflow/example_dags/example_task_group.py
[2024-09-25T12:57:44.777+0000] {processor.py:756} INFO - Processing file /home/airflow/.local/lib/python3.7/site-packages/airflow/example_dags/example_task_group.py for tasks to queue
[2024-09-25T12:57:44.778+0000] {logging_mixin.py:120} INFO - [2024-09-25T12:57:44.778+0000] {dagbag.py:537} INFO - Filling up the DagBag from /home/airflow/.local/lib/python3.7/site-packages/airflow/example_dags/example_task_group.py
[2024-09-25T12:57:44.800+0000] {processor.py:766} INFO - DAG(s) dict_keys(['example_task_group']) retrieved from /home/airflow/.local/lib/python3.7/site-packages/airflow/example_dags/example_task_group.py
[2024-09-25T12:57:44.855+0000] {logging_mixin.py:120} INFO - [2024-09-25T12:57:44.855+0000] {dag.py:2585} INFO - Sync 1 DAGs
[2024-09-25T12:57:44.892+0000] {logging_mixin.py:120} INFO - [2024-09-25T12:57:44.892+0000] {dag.py:3340} INFO - Setting next_dagrun for example_task_group to 2024-09-24T12:57:44.891875+00:00, run_after=2024-09-25T12:57:44.891875+00:00
[2024-09-25T12:57:44.919+0000] {processor.py:176} INFO - Processing /home/airflow/.local/lib/python3.7/site-packages/airflow/example_dags/example_task_group.py took 0.148 seconds
[2024-09-25T12:58:15.151+0000] {processor.py:154} INFO - Started process (PID=22802) to work on /home/airflow/.local/lib/python3.7/site-packages/airflow/example_dags/example_task_group.py
[2024-09-25T12:58:15.153+0000] {processor.py:756} INFO - Processing file /home/airflow/.local/lib/python3.7/site-packages/airflow/example_dags/example_task_group.py for tasks to queue
[2024-09-25T12:58:15.154+0000] {logging_mixin.py:120} INFO - [2024-09-25T12:58:15.154+0000] {dagbag.py:537} INFO - Filling up the DagBag from /home/airflow/.local/lib/python3.7/site-packages/airflow/example_dags/example_task_group.py
[2024-09-25T12:58:15.175+0000] {processor.py:766} INFO - DAG(s) dict_keys(['example_task_group']) retrieved from /home/airflow/.local/lib/python3.7/site-packages/airflow/example_dags/example_task_group.py
[2024-09-25T12:58:15.234+0000] {logging_mixin.py:120} INFO - [2024-09-25T12:58:15.234+0000] {dag.py:2585} INFO - Sync 1 DAGs
[2024-09-25T12:58:15.272+0000] {logging_mixin.py:120} INFO - [2024-09-25T12:58:15.272+0000] {dag.py:3340} INFO - Setting next_dagrun for example_task_group to 2024-09-24T12:58:15.271791+00:00, run_after=2024-09-25T12:58:15.271791+00:00
[2024-09-25T12:58:15.305+0000] {processor.py:176} INFO - Processing /home/airflow/.local/lib/python3.7/site-packages/airflow/example_dags/example_task_group.py took 0.158 seconds
[2024-09-25T12:58:45.980+0000] {processor.py:154} INFO - Started process (PID=22865) to work on /home/airflow/.local/lib/python3.7/site-packages/airflow/example_dags/example_task_group.py
[2024-09-25T12:58:45.981+0000] {processor.py:756} INFO - Processing file /home/airflow/.local/lib/python3.7/site-packages/airflow/example_dags/example_task_group.py for tasks to queue
[2024-09-25T12:58:45.983+0000] {logging_mixin.py:120} INFO - [2024-09-25T12:58:45.982+0000] {dagbag.py:537} INFO - Filling up the DagBag from /home/airflow/.local/lib/python3.7/site-packages/airflow/example_dags/example_task_group.py
[2024-09-25T12:58:46.007+0000] {processor.py:766} INFO - DAG(s) dict_keys(['example_task_group']) retrieved from /home/airflow/.local/lib/python3.7/site-packages/airflow/example_dags/example_task_group.py
[2024-09-25T12:58:46.065+0000] {logging_mixin.py:120} INFO - [2024-09-25T12:58:46.065+0000] {dag.py:2585} INFO - Sync 1 DAGs
[2024-09-25T12:58:46.106+0000] {logging_mixin.py:120} INFO - [2024-09-25T12:58:46.105+0000] {dag.py:3340} INFO - Setting next_dagrun for example_task_group to 2024-09-24T12:58:46.105491+00:00, run_after=2024-09-25T12:58:46.105491+00:00
[2024-09-25T12:58:46.135+0000] {processor.py:176} INFO - Processing /home/airflow/.local/lib/python3.7/site-packages/airflow/example_dags/example_task_group.py took 0.160 seconds
[2024-09-25T12:59:16.815+0000] {processor.py:154} INFO - Started process (PID=22919) to work on /home/airflow/.local/lib/python3.7/site-packages/airflow/example_dags/example_task_group.py
[2024-09-25T12:59:16.817+0000] {processor.py:756} INFO - Processing file /home/airflow/.local/lib/python3.7/site-packages/airflow/example_dags/example_task_group.py for tasks to queue
[2024-09-25T12:59:16.818+0000] {logging_mixin.py:120} INFO - [2024-09-25T12:59:16.817+0000] {dagbag.py:537} INFO - Filling up the DagBag from /home/airflow/.local/lib/python3.7/site-packages/airflow/example_dags/example_task_group.py
[2024-09-25T12:59:16.838+0000] {processor.py:766} INFO - DAG(s) dict_keys(['example_task_group']) retrieved from /home/airflow/.local/lib/python3.7/site-packages/airflow/example_dags/example_task_group.py
[2024-09-25T12:59:16.890+0000] {logging_mixin.py:120} INFO - [2024-09-25T12:59:16.889+0000] {dag.py:2585} INFO - Sync 1 DAGs
[2024-09-25T12:59:16.923+0000] {logging_mixin.py:120} INFO - [2024-09-25T12:59:16.923+0000] {dag.py:3340} INFO - Setting next_dagrun for example_task_group to 2024-09-24T12:59:16.923046+00:00, run_after=2024-09-25T12:59:16.923046+00:00
[2024-09-25T12:59:16.946+0000] {processor.py:176} INFO - Processing /home/airflow/.local/lib/python3.7/site-packages/airflow/example_dags/example_task_group.py took 0.135 seconds
[2024-09-25T12:59:47.409+0000] {processor.py:154} INFO - Started process (PID=22982) to work on /home/airflow/.local/lib/python3.7/site-packages/airflow/example_dags/example_task_group.py
[2024-09-25T12:59:47.411+0000] {processor.py:756} INFO - Processing file /home/airflow/.local/lib/python3.7/site-packages/airflow/example_dags/example_task_group.py for tasks to queue
[2024-09-25T12:59:47.412+0000] {logging_mixin.py:120} INFO - [2024-09-25T12:59:47.412+0000] {dagbag.py:537} INFO - Filling up the DagBag from /home/airflow/.local/lib/python3.7/site-packages/airflow/example_dags/example_task_group.py
[2024-09-25T12:59:47.436+0000] {processor.py:766} INFO - DAG(s) dict_keys(['example_task_group']) retrieved from /home/airflow/.local/lib/python3.7/site-packages/airflow/example_dags/example_task_group.py
[2024-09-25T12:59:47.489+0000] {logging_mixin.py:120} INFO - [2024-09-25T12:59:47.489+0000] {dag.py:2585} INFO - Sync 1 DAGs
[2024-09-25T12:59:47.522+0000] {logging_mixin.py:120} INFO - [2024-09-25T12:59:47.522+0000] {dag.py:3340} INFO - Setting next_dagrun for example_task_group to 2024-09-24T12:59:47.522472+00:00, run_after=2024-09-25T12:59:47.522472+00:00
[2024-09-25T12:59:47.551+0000] {processor.py:176} INFO - Processing /home/airflow/.local/lib/python3.7/site-packages/airflow/example_dags/example_task_group.py took 0.146 seconds
[2024-09-25T13:00:18.192+0000] {processor.py:154} INFO - Started process (PID=23045) to work on /home/airflow/.local/lib/python3.7/site-packages/airflow/example_dags/example_task_group.py
[2024-09-25T13:00:18.195+0000] {processor.py:756} INFO - Processing file /home/airflow/.local/lib/python3.7/site-packages/airflow/example_dags/example_task_group.py for tasks to queue
[2024-09-25T13:00:18.196+0000] {logging_mixin.py:120} INFO - [2024-09-25T13:00:18.196+0000] {dagbag.py:537} INFO - Filling up the DagBag from /home/airflow/.local/lib/python3.7/site-packages/airflow/example_dags/example_task_group.py
[2024-09-25T13:00:18.226+0000] {processor.py:766} INFO - DAG(s) dict_keys(['example_task_group']) retrieved from /home/airflow/.local/lib/python3.7/site-packages/airflow/example_dags/example_task_group.py
[2024-09-25T13:00:18.288+0000] {logging_mixin.py:120} INFO - [2024-09-25T13:00:18.288+0000] {dag.py:2585} INFO - Sync 1 DAGs
[2024-09-25T13:00:18.328+0000] {logging_mixin.py:120} INFO - [2024-09-25T13:00:18.328+0000] {dag.py:3340} INFO - Setting next_dagrun for example_task_group to 2024-09-24T13:00:18.328458+00:00, run_after=2024-09-25T13:00:18.328458+00:00
[2024-09-25T13:00:18.367+0000] {processor.py:176} INFO - Processing /home/airflow/.local/lib/python3.7/site-packages/airflow/example_dags/example_task_group.py took 0.180 seconds
[2024-09-25T13:00:48.784+0000] {processor.py:154} INFO - Started process (PID=23099) to work on /home/airflow/.local/lib/python3.7/site-packages/airflow/example_dags/example_task_group.py
[2024-09-25T13:00:48.786+0000] {processor.py:756} INFO - Processing file /home/airflow/.local/lib/python3.7/site-packages/airflow/example_dags/example_task_group.py for tasks to queue
[2024-09-25T13:00:48.788+0000] {logging_mixin.py:120} INFO - [2024-09-25T13:00:48.787+0000] {dagbag.py:537} INFO - Filling up the DagBag from /home/airflow/.local/lib/python3.7/site-packages/airflow/example_dags/example_task_group.py
[2024-09-25T13:00:48.812+0000] {processor.py:766} INFO - DAG(s) dict_keys(['example_task_group']) retrieved from /home/airflow/.local/lib/python3.7/site-packages/airflow/example_dags/example_task_group.py
[2024-09-25T13:00:48.869+0000] {logging_mixin.py:120} INFO - [2024-09-25T13:00:48.869+0000] {dag.py:2585} INFO - Sync 1 DAGs
[2024-09-25T13:00:48.908+0000] {logging_mixin.py:120} INFO - [2024-09-25T13:00:48.908+0000] {dag.py:3340} INFO - Setting next_dagrun for example_task_group to 2024-09-24T13:00:48.907845+00:00, run_after=2024-09-25T13:00:48.907845+00:00
[2024-09-25T13:00:48.937+0000] {processor.py:176} INFO - Processing /home/airflow/.local/lib/python3.7/site-packages/airflow/example_dags/example_task_group.py took 0.158 seconds
[2024-09-25T13:01:19.543+0000] {processor.py:154} INFO - Started process (PID=23162) to work on /home/airflow/.local/lib/python3.7/site-packages/airflow/example_dags/example_task_group.py
[2024-09-25T13:01:19.545+0000] {processor.py:756} INFO - Processing file /home/airflow/.local/lib/python3.7/site-packages/airflow/example_dags/example_task_group.py for tasks to queue
[2024-09-25T13:01:19.546+0000] {logging_mixin.py:120} INFO - [2024-09-25T13:01:19.546+0000] {dagbag.py:537} INFO - Filling up the DagBag from /home/airflow/.local/lib/python3.7/site-packages/airflow/example_dags/example_task_group.py
[2024-09-25T13:01:19.570+0000] {processor.py:766} INFO - DAG(s) dict_keys(['example_task_group']) retrieved from /home/airflow/.local/lib/python3.7/site-packages/airflow/example_dags/example_task_group.py
[2024-09-25T13:01:19.631+0000] {logging_mixin.py:120} INFO - [2024-09-25T13:01:19.631+0000] {dag.py:2585} INFO - Sync 1 DAGs
[2024-09-25T13:01:19.675+0000] {logging_mixin.py:120} INFO - [2024-09-25T13:01:19.675+0000] {dag.py:3340} INFO - Setting next_dagrun for example_task_group to 2024-09-24T13:01:19.674275+00:00, run_after=2024-09-25T13:01:19.674275+00:00
[2024-09-25T13:01:19.708+0000] {processor.py:176} INFO - Processing /home/airflow/.local/lib/python3.7/site-packages/airflow/example_dags/example_task_group.py took 0.170 seconds
[2024-09-25T13:01:50.302+0000] {processor.py:154} INFO - Started process (PID=23225) to work on /home/airflow/.local/lib/python3.7/site-packages/airflow/example_dags/example_task_group.py
[2024-09-25T13:01:50.304+0000] {processor.py:756} INFO - Processing file /home/airflow/.local/lib/python3.7/site-packages/airflow/example_dags/example_task_group.py for tasks to queue
[2024-09-25T13:01:50.305+0000] {logging_mixin.py:120} INFO - [2024-09-25T13:01:50.305+0000] {dagbag.py:537} INFO - Filling up the DagBag from /home/airflow/.local/lib/python3.7/site-packages/airflow/example_dags/example_task_group.py
[2024-09-25T13:01:50.328+0000] {processor.py:766} INFO - DAG(s) dict_keys(['example_task_group']) retrieved from /home/airflow/.local/lib/python3.7/site-packages/airflow/example_dags/example_task_group.py
[2024-09-25T13:01:50.387+0000] {logging_mixin.py:120} INFO - [2024-09-25T13:01:50.387+0000] {dag.py:2585} INFO - Sync 1 DAGs
[2024-09-25T13:01:50.427+0000] {logging_mixin.py:120} INFO - [2024-09-25T13:01:50.427+0000] {dag.py:3340} INFO - Setting next_dagrun for example_task_group to 2024-09-24T13:01:50.427000+00:00, run_after=2024-09-25T13:01:50.427000+00:00
[2024-09-25T13:01:50.455+0000] {processor.py:176} INFO - Processing /home/airflow/.local/lib/python3.7/site-packages/airflow/example_dags/example_task_group.py took 0.159 seconds
[2024-09-25T13:02:20.645+0000] {processor.py:154} INFO - Started process (PID=23279) to work on /home/airflow/.local/lib/python3.7/site-packages/airflow/example_dags/example_task_group.py
[2024-09-25T13:02:20.647+0000] {processor.py:756} INFO - Processing file /home/airflow/.local/lib/python3.7/site-packages/airflow/example_dags/example_task_group.py for tasks to queue
[2024-09-25T13:02:20.648+0000] {logging_mixin.py:120} INFO - [2024-09-25T13:02:20.648+0000] {dagbag.py:537} INFO - Filling up the DagBag from /home/airflow/.local/lib/python3.7/site-packages/airflow/example_dags/example_task_group.py
[2024-09-25T13:02:20.668+0000] {processor.py:766} INFO - DAG(s) dict_keys(['example_task_group']) retrieved from /home/airflow/.local/lib/python3.7/site-packages/airflow/example_dags/example_task_group.py
[2024-09-25T13:02:20.716+0000] {logging_mixin.py:120} INFO - [2024-09-25T13:02:20.716+0000] {dag.py:2585} INFO - Sync 1 DAGs
[2024-09-25T13:02:20.745+0000] {logging_mixin.py:120} INFO - [2024-09-25T13:02:20.745+0000] {dag.py:3340} INFO - Setting next_dagrun for example_task_group to 2024-09-24T13:02:20.745263+00:00, run_after=2024-09-25T13:02:20.745263+00:00
[2024-09-25T13:02:20.768+0000] {processor.py:176} INFO - Processing /home/airflow/.local/lib/python3.7/site-packages/airflow/example_dags/example_task_group.py took 0.128 seconds
[2024-09-25T13:02:52.034+0000] {processor.py:154} INFO - Started process (PID=23342) to work on /home/airflow/.local/lib/python3.7/site-packages/airflow/example_dags/example_task_group.py
[2024-09-25T13:02:52.036+0000] {processor.py:756} INFO - Processing file /home/airflow/.local/lib/python3.7/site-packages/airflow/example_dags/example_task_group.py for tasks to queue
[2024-09-25T13:02:52.037+0000] {logging_mixin.py:120} INFO - [2024-09-25T13:02:52.037+0000] {dagbag.py:537} INFO - Filling up the DagBag from /home/airflow/.local/lib/python3.7/site-packages/airflow/example_dags/example_task_group.py
[2024-09-25T13:02:52.063+0000] {processor.py:766} INFO - DAG(s) dict_keys(['example_task_group']) retrieved from /home/airflow/.local/lib/python3.7/site-packages/airflow/example_dags/example_task_group.py
[2024-09-25T13:02:52.123+0000] {logging_mixin.py:120} INFO - [2024-09-25T13:02:52.123+0000] {dag.py:2585} INFO - Sync 1 DAGs
[2024-09-25T13:02:52.163+0000] {logging_mixin.py:120} INFO - [2024-09-25T13:02:52.163+0000] {dag.py:3340} INFO - Setting next_dagrun for example_task_group to 2024-09-24T13:02:52.163326+00:00, run_after=2024-09-25T13:02:52.163326+00:00
[2024-09-25T13:02:52.196+0000] {processor.py:176} INFO - Processing /home/airflow/.local/lib/python3.7/site-packages/airflow/example_dags/example_task_group.py took 0.167 seconds
[2024-09-25T13:03:22.898+0000] {processor.py:154} INFO - Started process (PID=23405) to work on /home/airflow/.local/lib/python3.7/site-packages/airflow/example_dags/example_task_group.py
[2024-09-25T13:03:22.900+0000] {processor.py:756} INFO - Processing file /home/airflow/.local/lib/python3.7/site-packages/airflow/example_dags/example_task_group.py for tasks to queue
[2024-09-25T13:03:22.901+0000] {logging_mixin.py:120} INFO - [2024-09-25T13:03:22.901+0000] {dagbag.py:537} INFO - Filling up the DagBag from /home/airflow/.local/lib/python3.7/site-packages/airflow/example_dags/example_task_group.py
[2024-09-25T13:03:22.923+0000] {processor.py:766} INFO - DAG(s) dict_keys(['example_task_group']) retrieved from /home/airflow/.local/lib/python3.7/site-packages/airflow/example_dags/example_task_group.py
[2024-09-25T13:03:22.982+0000] {logging_mixin.py:120} INFO - [2024-09-25T13:03:22.982+0000] {dag.py:2585} INFO - Sync 1 DAGs
[2024-09-25T13:03:23.020+0000] {logging_mixin.py:120} INFO - [2024-09-25T13:03:23.020+0000] {dag.py:3340} INFO - Setting next_dagrun for example_task_group to 2024-09-24T13:03:23.020525+00:00, run_after=2024-09-25T13:03:23.020525+00:00
[2024-09-25T13:03:23.051+0000] {processor.py:176} INFO - Processing /home/airflow/.local/lib/python3.7/site-packages/airflow/example_dags/example_task_group.py took 0.157 seconds
[2024-09-25T13:03:53.871+0000] {processor.py:154} INFO - Started process (PID=23459) to work on /home/airflow/.local/lib/python3.7/site-packages/airflow/example_dags/example_task_group.py
[2024-09-25T13:03:53.873+0000] {processor.py:756} INFO - Processing file /home/airflow/.local/lib/python3.7/site-packages/airflow/example_dags/example_task_group.py for tasks to queue
[2024-09-25T13:03:53.875+0000] {logging_mixin.py:120} INFO - [2024-09-25T13:03:53.875+0000] {dagbag.py:537} INFO - Filling up the DagBag from /home/airflow/.local/lib/python3.7/site-packages/airflow/example_dags/example_task_group.py
[2024-09-25T13:03:53.898+0000] {processor.py:766} INFO - DAG(s) dict_keys(['example_task_group']) retrieved from /home/airflow/.local/lib/python3.7/site-packages/airflow/example_dags/example_task_group.py
[2024-09-25T13:03:53.960+0000] {logging_mixin.py:120} INFO - [2024-09-25T13:03:53.960+0000] {dag.py:2585} INFO - Sync 1 DAGs
[2024-09-25T13:03:54.008+0000] {logging_mixin.py:120} INFO - [2024-09-25T13:03:54.007+0000] {dag.py:3340} INFO - Setting next_dagrun for example_task_group to 2024-09-24T13:03:54.007488+00:00, run_after=2024-09-25T13:03:54.007488+00:00
[2024-09-25T13:03:54.039+0000] {processor.py:176} INFO - Processing /home/airflow/.local/lib/python3.7/site-packages/airflow/example_dags/example_task_group.py took 0.174 seconds
[2024-09-25T13:04:24.399+0000] {processor.py:154} INFO - Started process (PID=23522) to work on /home/airflow/.local/lib/python3.7/site-packages/airflow/example_dags/example_task_group.py
[2024-09-25T13:04:24.401+0000] {processor.py:756} INFO - Processing file /home/airflow/.local/lib/python3.7/site-packages/airflow/example_dags/example_task_group.py for tasks to queue
[2024-09-25T13:04:24.403+0000] {logging_mixin.py:120} INFO - [2024-09-25T13:04:24.402+0000] {dagbag.py:537} INFO - Filling up the DagBag from /home/airflow/.local/lib/python3.7/site-packages/airflow/example_dags/example_task_group.py
[2024-09-25T13:04:24.426+0000] {processor.py:766} INFO - DAG(s) dict_keys(['example_task_group']) retrieved from /home/airflow/.local/lib/python3.7/site-packages/airflow/example_dags/example_task_group.py
[2024-09-25T13:04:24.490+0000] {logging_mixin.py:120} INFO - [2024-09-25T13:04:24.490+0000] {dag.py:2585} INFO - Sync 1 DAGs
[2024-09-25T13:04:24.530+0000] {logging_mixin.py:120} INFO - [2024-09-25T13:04:24.529+0000] {dag.py:3340} INFO - Setting next_dagrun for example_task_group to 2024-09-24T13:04:24.529388+00:00, run_after=2024-09-25T13:04:24.529388+00:00
[2024-09-25T13:04:24.557+0000] {processor.py:176} INFO - Processing /home/airflow/.local/lib/python3.7/site-packages/airflow/example_dags/example_task_group.py took 0.164 seconds
[2024-09-25T13:04:55.237+0000] {processor.py:154} INFO - Started process (PID=23584) to work on /home/airflow/.local/lib/python3.7/site-packages/airflow/example_dags/example_task_group.py
[2024-09-25T13:04:55.240+0000] {processor.py:756} INFO - Processing file /home/airflow/.local/lib/python3.7/site-packages/airflow/example_dags/example_task_group.py for tasks to queue
[2024-09-25T13:04:55.241+0000] {logging_mixin.py:120} INFO - [2024-09-25T13:04:55.241+0000] {dagbag.py:537} INFO - Filling up the DagBag from /home/airflow/.local/lib/python3.7/site-packages/airflow/example_dags/example_task_group.py
[2024-09-25T13:04:55.263+0000] {processor.py:766} INFO - DAG(s) dict_keys(['example_task_group']) retrieved from /home/airflow/.local/lib/python3.7/site-packages/airflow/example_dags/example_task_group.py
[2024-09-25T13:04:55.313+0000] {logging_mixin.py:120} INFO - [2024-09-25T13:04:55.313+0000] {dag.py:2585} INFO - Sync 1 DAGs
[2024-09-25T13:04:55.343+0000] {logging_mixin.py:120} INFO - [2024-09-25T13:04:55.343+0000] {dag.py:3340} INFO - Setting next_dagrun for example_task_group to 2024-09-24T13:04:55.343397+00:00, run_after=2024-09-25T13:04:55.343397+00:00
[2024-09-25T13:04:55.369+0000] {processor.py:176} INFO - Processing /home/airflow/.local/lib/python3.7/site-packages/airflow/example_dags/example_task_group.py took 0.136 seconds
[2024-09-25T13:05:25.471+0000] {processor.py:154} INFO - Started process (PID=23637) to work on /home/airflow/.local/lib/python3.7/site-packages/airflow/example_dags/example_task_group.py
[2024-09-25T13:05:25.472+0000] {processor.py:756} INFO - Processing file /home/airflow/.local/lib/python3.7/site-packages/airflow/example_dags/example_task_group.py for tasks to queue
[2024-09-25T13:05:25.473+0000] {logging_mixin.py:120} INFO - [2024-09-25T13:05:25.473+0000] {dagbag.py:537} INFO - Filling up the DagBag from /home/airflow/.local/lib/python3.7/site-packages/airflow/example_dags/example_task_group.py
[2024-09-25T13:05:25.493+0000] {processor.py:766} INFO - DAG(s) dict_keys(['example_task_group']) retrieved from /home/airflow/.local/lib/python3.7/site-packages/airflow/example_dags/example_task_group.py
[2024-09-25T13:05:25.536+0000] {logging_mixin.py:120} INFO - [2024-09-25T13:05:25.535+0000] {dag.py:2585} INFO - Sync 1 DAGs
[2024-09-25T13:05:25.563+0000] {logging_mixin.py:120} INFO - [2024-09-25T13:05:25.563+0000] {dag.py:3340} INFO - Setting next_dagrun for example_task_group to 2024-09-24T13:05:25.563001+00:00, run_after=2024-09-25T13:05:25.563001+00:00
[2024-09-25T13:05:25.582+0000] {processor.py:176} INFO - Processing /home/airflow/.local/lib/python3.7/site-packages/airflow/example_dags/example_task_group.py took 0.115 seconds
[2024-09-25T13:05:55.899+0000] {processor.py:154} INFO - Started process (PID=23701) to work on /home/airflow/.local/lib/python3.7/site-packages/airflow/example_dags/example_task_group.py
[2024-09-25T13:05:55.901+0000] {processor.py:756} INFO - Processing file /home/airflow/.local/lib/python3.7/site-packages/airflow/example_dags/example_task_group.py for tasks to queue
[2024-09-25T13:05:55.902+0000] {logging_mixin.py:120} INFO - [2024-09-25T13:05:55.902+0000] {dagbag.py:537} INFO - Filling up the DagBag from /home/airflow/.local/lib/python3.7/site-packages/airflow/example_dags/example_task_group.py
[2024-09-25T13:05:55.923+0000] {processor.py:766} INFO - DAG(s) dict_keys(['example_task_group']) retrieved from /home/airflow/.local/lib/python3.7/site-packages/airflow/example_dags/example_task_group.py
[2024-09-25T13:05:55.977+0000] {logging_mixin.py:120} INFO - [2024-09-25T13:05:55.977+0000] {dag.py:2585} INFO - Sync 1 DAGs
[2024-09-25T13:05:56.011+0000] {logging_mixin.py:120} INFO - [2024-09-25T13:05:56.011+0000] {dag.py:3340} INFO - Setting next_dagrun for example_task_group to 2024-09-24T13:05:56.011050+00:00, run_after=2024-09-25T13:05:56.011050+00:00
[2024-09-25T13:05:56.037+0000] {processor.py:176} INFO - Processing /home/airflow/.local/lib/python3.7/site-packages/airflow/example_dags/example_task_group.py took 0.142 seconds
[2024-09-25T13:06:26.257+0000] {processor.py:154} INFO - Started process (PID=23763) to work on /home/airflow/.local/lib/python3.7/site-packages/airflow/example_dags/example_task_group.py
[2024-09-25T13:06:26.258+0000] {processor.py:756} INFO - Processing file /home/airflow/.local/lib/python3.7/site-packages/airflow/example_dags/example_task_group.py for tasks to queue
[2024-09-25T13:06:26.259+0000] {logging_mixin.py:120} INFO - [2024-09-25T13:06:26.259+0000] {dagbag.py:537} INFO - Filling up the DagBag from /home/airflow/.local/lib/python3.7/site-packages/airflow/example_dags/example_task_group.py
[2024-09-25T13:06:26.280+0000] {processor.py:766} INFO - DAG(s) dict_keys(['example_task_group']) retrieved from /home/airflow/.local/lib/python3.7/site-packages/airflow/example_dags/example_task_group.py
[2024-09-25T13:06:26.335+0000] {logging_mixin.py:120} INFO - [2024-09-25T13:06:26.335+0000] {dag.py:2585} INFO - Sync 1 DAGs
[2024-09-25T13:06:26.369+0000] {logging_mixin.py:120} INFO - [2024-09-25T13:06:26.369+0000] {dag.py:3340} INFO - Setting next_dagrun for example_task_group to 2024-09-24T13:06:26.369268+00:00, run_after=2024-09-25T13:06:26.369268+00:00
[2024-09-25T13:06:26.390+0000] {processor.py:176} INFO - Processing /home/airflow/.local/lib/python3.7/site-packages/airflow/example_dags/example_task_group.py took 0.138 seconds
[2024-09-25T13:06:57.622+0000] {processor.py:154} INFO - Started process (PID=23818) to work on /home/airflow/.local/lib/python3.7/site-packages/airflow/example_dags/example_task_group.py
[2024-09-25T13:06:57.625+0000] {processor.py:756} INFO - Processing file /home/airflow/.local/lib/python3.7/site-packages/airflow/example_dags/example_task_group.py for tasks to queue
[2024-09-25T13:06:57.630+0000] {logging_mixin.py:120} INFO - [2024-09-25T13:06:57.630+0000] {dagbag.py:537} INFO - Filling up the DagBag from /home/airflow/.local/lib/python3.7/site-packages/airflow/example_dags/example_task_group.py
[2024-09-25T13:06:57.651+0000] {processor.py:766} INFO - DAG(s) dict_keys(['example_task_group']) retrieved from /home/airflow/.local/lib/python3.7/site-packages/airflow/example_dags/example_task_group.py
[2024-09-25T13:06:57.701+0000] {logging_mixin.py:120} INFO - [2024-09-25T13:06:57.701+0000] {dag.py:2585} INFO - Sync 1 DAGs
[2024-09-25T13:06:57.731+0000] {logging_mixin.py:120} INFO - [2024-09-25T13:06:57.731+0000] {dag.py:3340} INFO - Setting next_dagrun for example_task_group to 2024-09-24T13:06:57.731136+00:00, run_after=2024-09-25T13:06:57.731136+00:00
[2024-09-25T13:06:57.759+0000] {processor.py:176} INFO - Processing /home/airflow/.local/lib/python3.7/site-packages/airflow/example_dags/example_task_group.py took 0.141 seconds
[2024-09-25T13:07:28.174+0000] {processor.py:154} INFO - Started process (PID=23881) to work on /home/airflow/.local/lib/python3.7/site-packages/airflow/example_dags/example_task_group.py
[2024-09-25T13:07:28.176+0000] {processor.py:756} INFO - Processing file /home/airflow/.local/lib/python3.7/site-packages/airflow/example_dags/example_task_group.py for tasks to queue
[2024-09-25T13:07:28.178+0000] {logging_mixin.py:120} INFO - [2024-09-25T13:07:28.178+0000] {dagbag.py:537} INFO - Filling up the DagBag from /home/airflow/.local/lib/python3.7/site-packages/airflow/example_dags/example_task_group.py
[2024-09-25T13:07:28.198+0000] {processor.py:766} INFO - DAG(s) dict_keys(['example_task_group']) retrieved from /home/airflow/.local/lib/python3.7/site-packages/airflow/example_dags/example_task_group.py
[2024-09-25T13:07:28.270+0000] {logging_mixin.py:120} INFO - [2024-09-25T13:07:28.270+0000] {dag.py:2585} INFO - Sync 1 DAGs
[2024-09-25T13:07:28.311+0000] {logging_mixin.py:120} INFO - [2024-09-25T13:07:28.310+0000] {dag.py:3340} INFO - Setting next_dagrun for example_task_group to 2024-09-24T13:07:28.310483+00:00, run_after=2024-09-25T13:07:28.310483+00:00
[2024-09-25T13:07:28.338+0000] {processor.py:176} INFO - Processing /home/airflow/.local/lib/python3.7/site-packages/airflow/example_dags/example_task_group.py took 0.169 seconds
[2024-09-25T13:07:58.463+0000] {processor.py:154} INFO - Started process (PID=23944) to work on /home/airflow/.local/lib/python3.7/site-packages/airflow/example_dags/example_task_group.py
[2024-09-25T13:07:58.467+0000] {processor.py:756} INFO - Processing file /home/airflow/.local/lib/python3.7/site-packages/airflow/example_dags/example_task_group.py for tasks to queue
[2024-09-25T13:07:58.470+0000] {logging_mixin.py:120} INFO - [2024-09-25T13:07:58.470+0000] {dagbag.py:537} INFO - Filling up the DagBag from /home/airflow/.local/lib/python3.7/site-packages/airflow/example_dags/example_task_group.py
[2024-09-25T13:07:58.506+0000] {processor.py:766} INFO - DAG(s) dict_keys(['example_task_group']) retrieved from /home/airflow/.local/lib/python3.7/site-packages/airflow/example_dags/example_task_group.py
[2024-09-25T13:07:58.568+0000] {logging_mixin.py:120} INFO - [2024-09-25T13:07:58.568+0000] {dag.py:2585} INFO - Sync 1 DAGs
[2024-09-25T13:07:58.601+0000] {logging_mixin.py:120} INFO - [2024-09-25T13:07:58.600+0000] {dag.py:3340} INFO - Setting next_dagrun for example_task_group to 2024-09-24T13:07:58.600613+00:00, run_after=2024-09-25T13:07:58.600613+00:00
[2024-09-25T13:07:58.630+0000] {processor.py:176} INFO - Processing /home/airflow/.local/lib/python3.7/site-packages/airflow/example_dags/example_task_group.py took 0.175 seconds
[2024-09-25T13:08:28.910+0000] {processor.py:154} INFO - Started process (PID=24005) to work on /home/airflow/.local/lib/python3.7/site-packages/airflow/example_dags/example_task_group.py
[2024-09-25T13:08:28.912+0000] {processor.py:756} INFO - Processing file /home/airflow/.local/lib/python3.7/site-packages/airflow/example_dags/example_task_group.py for tasks to queue
[2024-09-25T13:08:28.913+0000] {logging_mixin.py:120} INFO - [2024-09-25T13:08:28.913+0000] {dagbag.py:537} INFO - Filling up the DagBag from /home/airflow/.local/lib/python3.7/site-packages/airflow/example_dags/example_task_group.py
[2024-09-25T13:08:28.936+0000] {processor.py:766} INFO - DAG(s) dict_keys(['example_task_group']) retrieved from /home/airflow/.local/lib/python3.7/site-packages/airflow/example_dags/example_task_group.py
[2024-09-25T13:08:28.987+0000] {logging_mixin.py:120} INFO - [2024-09-25T13:08:28.987+0000] {dag.py:2585} INFO - Sync 1 DAGs
[2024-09-25T13:08:29.024+0000] {logging_mixin.py:120} INFO - [2024-09-25T13:08:29.023+0000] {dag.py:3340} INFO - Setting next_dagrun for example_task_group to 2024-09-24T13:08:29.023567+00:00, run_after=2024-09-25T13:08:29.023567+00:00
[2024-09-25T13:08:29.048+0000] {processor.py:176} INFO - Processing /home/airflow/.local/lib/python3.7/site-packages/airflow/example_dags/example_task_group.py took 0.143 seconds
[2024-09-25T13:08:59.572+0000] {processor.py:154} INFO - Started process (PID=24061) to work on /home/airflow/.local/lib/python3.7/site-packages/airflow/example_dags/example_task_group.py
[2024-09-25T13:08:59.574+0000] {processor.py:756} INFO - Processing file /home/airflow/.local/lib/python3.7/site-packages/airflow/example_dags/example_task_group.py for tasks to queue
[2024-09-25T13:08:59.575+0000] {logging_mixin.py:120} INFO - [2024-09-25T13:08:59.575+0000] {dagbag.py:537} INFO - Filling up the DagBag from /home/airflow/.local/lib/python3.7/site-packages/airflow/example_dags/example_task_group.py
[2024-09-25T13:08:59.596+0000] {processor.py:766} INFO - DAG(s) dict_keys(['example_task_group']) retrieved from /home/airflow/.local/lib/python3.7/site-packages/airflow/example_dags/example_task_group.py
[2024-09-25T13:08:59.648+0000] {logging_mixin.py:120} INFO - [2024-09-25T13:08:59.648+0000] {dag.py:2585} INFO - Sync 1 DAGs
[2024-09-25T13:08:59.682+0000] {logging_mixin.py:120} INFO - [2024-09-25T13:08:59.682+0000] {dag.py:3340} INFO - Setting next_dagrun for example_task_group to 2024-09-24T13:08:59.681860+00:00, run_after=2024-09-25T13:08:59.681860+00:00
[2024-09-25T13:08:59.710+0000] {processor.py:176} INFO - Processing /home/airflow/.local/lib/python3.7/site-packages/airflow/example_dags/example_task_group.py took 0.142 seconds
[2024-09-25T13:09:30.142+0000] {processor.py:154} INFO - Started process (PID=24123) to work on /home/airflow/.local/lib/python3.7/site-packages/airflow/example_dags/example_task_group.py
[2024-09-25T13:09:30.143+0000] {processor.py:756} INFO - Processing file /home/airflow/.local/lib/python3.7/site-packages/airflow/example_dags/example_task_group.py for tasks to queue
[2024-09-25T13:09:30.144+0000] {logging_mixin.py:120} INFO - [2024-09-25T13:09:30.144+0000] {dagbag.py:537} INFO - Filling up the DagBag from /home/airflow/.local/lib/python3.7/site-packages/airflow/example_dags/example_task_group.py
[2024-09-25T13:09:30.167+0000] {processor.py:766} INFO - DAG(s) dict_keys(['example_task_group']) retrieved from /home/airflow/.local/lib/python3.7/site-packages/airflow/example_dags/example_task_group.py
[2024-09-25T13:09:30.220+0000] {logging_mixin.py:120} INFO - [2024-09-25T13:09:30.220+0000] {dag.py:2585} INFO - Sync 1 DAGs
[2024-09-25T13:09:30.252+0000] {logging_mixin.py:120} INFO - [2024-09-25T13:09:30.252+0000] {dag.py:3340} INFO - Setting next_dagrun for example_task_group to 2024-09-24T13:09:30.252025+00:00, run_after=2024-09-25T13:09:30.252025+00:00
[2024-09-25T13:09:30.283+0000] {processor.py:176} INFO - Processing /home/airflow/.local/lib/python3.7/site-packages/airflow/example_dags/example_task_group.py took 0.145 seconds
[2024-09-25T13:10:00.429+0000] {processor.py:154} INFO - Started process (PID=24186) to work on /home/airflow/.local/lib/python3.7/site-packages/airflow/example_dags/example_task_group.py
[2024-09-25T13:10:00.431+0000] {processor.py:756} INFO - Processing file /home/airflow/.local/lib/python3.7/site-packages/airflow/example_dags/example_task_group.py for tasks to queue
[2024-09-25T13:10:00.432+0000] {logging_mixin.py:120} INFO - [2024-09-25T13:10:00.432+0000] {dagbag.py:537} INFO - Filling up the DagBag from /home/airflow/.local/lib/python3.7/site-packages/airflow/example_dags/example_task_group.py
[2024-09-25T13:10:00.453+0000] {processor.py:766} INFO - DAG(s) dict_keys(['example_task_group']) retrieved from /home/airflow/.local/lib/python3.7/site-packages/airflow/example_dags/example_task_group.py
[2024-09-25T13:10:00.504+0000] {logging_mixin.py:120} INFO - [2024-09-25T13:10:00.504+0000] {dag.py:2585} INFO - Sync 1 DAGs
[2024-09-25T13:10:00.536+0000] {logging_mixin.py:120} INFO - [2024-09-25T13:10:00.536+0000] {dag.py:3340} INFO - Setting next_dagrun for example_task_group to 2024-09-24T13:10:00.535980+00:00, run_after=2024-09-25T13:10:00.535980+00:00
[2024-09-25T13:10:00.564+0000] {processor.py:176} INFO - Processing /home/airflow/.local/lib/python3.7/site-packages/airflow/example_dags/example_task_group.py took 0.139 seconds
[2024-09-25T13:10:30.867+0000] {processor.py:154} INFO - Started process (PID=24240) to work on /home/airflow/.local/lib/python3.7/site-packages/airflow/example_dags/example_task_group.py
[2024-09-25T13:10:30.869+0000] {processor.py:756} INFO - Processing file /home/airflow/.local/lib/python3.7/site-packages/airflow/example_dags/example_task_group.py for tasks to queue
[2024-09-25T13:10:30.871+0000] {logging_mixin.py:120} INFO - [2024-09-25T13:10:30.870+0000] {dagbag.py:537} INFO - Filling up the DagBag from /home/airflow/.local/lib/python3.7/site-packages/airflow/example_dags/example_task_group.py
[2024-09-25T13:10:30.897+0000] {processor.py:766} INFO - DAG(s) dict_keys(['example_task_group']) retrieved from /home/airflow/.local/lib/python3.7/site-packages/airflow/example_dags/example_task_group.py
[2024-09-25T13:10:30.951+0000] {logging_mixin.py:120} INFO - [2024-09-25T13:10:30.951+0000] {dag.py:2585} INFO - Sync 1 DAGs
[2024-09-25T13:10:30.983+0000] {logging_mixin.py:120} INFO - [2024-09-25T13:10:30.983+0000] {dag.py:3340} INFO - Setting next_dagrun for example_task_group to 2024-09-24T13:10:30.982871+00:00, run_after=2024-09-25T13:10:30.982871+00:00
[2024-09-25T13:10:31.007+0000] {processor.py:176} INFO - Processing /home/airflow/.local/lib/python3.7/site-packages/airflow/example_dags/example_task_group.py took 0.145 seconds
[2024-09-25T13:11:01.402+0000] {processor.py:154} INFO - Started process (PID=24303) to work on /home/airflow/.local/lib/python3.7/site-packages/airflow/example_dags/example_task_group.py
[2024-09-25T13:11:01.404+0000] {processor.py:756} INFO - Processing file /home/airflow/.local/lib/python3.7/site-packages/airflow/example_dags/example_task_group.py for tasks to queue
[2024-09-25T13:11:01.405+0000] {logging_mixin.py:120} INFO - [2024-09-25T13:11:01.404+0000] {dagbag.py:537} INFO - Filling up the DagBag from /home/airflow/.local/lib/python3.7/site-packages/airflow/example_dags/example_task_group.py
[2024-09-25T13:11:01.428+0000] {processor.py:766} INFO - DAG(s) dict_keys(['example_task_group']) retrieved from /home/airflow/.local/lib/python3.7/site-packages/airflow/example_dags/example_task_group.py
[2024-09-25T13:11:01.482+0000] {logging_mixin.py:120} INFO - [2024-09-25T13:11:01.482+0000] {dag.py:2585} INFO - Sync 1 DAGs
[2024-09-25T13:11:01.521+0000] {logging_mixin.py:120} INFO - [2024-09-25T13:11:01.521+0000] {dag.py:3340} INFO - Setting next_dagrun for example_task_group to 2024-09-24T13:11:01.520813+00:00, run_after=2024-09-25T13:11:01.520813+00:00
[2024-09-25T13:11:01.549+0000] {processor.py:176} INFO - Processing /home/airflow/.local/lib/python3.7/site-packages/airflow/example_dags/example_task_group.py took 0.152 seconds
[2024-09-25T13:11:32.087+0000] {processor.py:154} INFO - Started process (PID=24366) to work on /home/airflow/.local/lib/python3.7/site-packages/airflow/example_dags/example_task_group.py
[2024-09-25T13:11:32.089+0000] {processor.py:756} INFO - Processing file /home/airflow/.local/lib/python3.7/site-packages/airflow/example_dags/example_task_group.py for tasks to queue
[2024-09-25T13:11:32.090+0000] {logging_mixin.py:120} INFO - [2024-09-25T13:11:32.090+0000] {dagbag.py:537} INFO - Filling up the DagBag from /home/airflow/.local/lib/python3.7/site-packages/airflow/example_dags/example_task_group.py
[2024-09-25T13:11:32.111+0000] {processor.py:766} INFO - DAG(s) dict_keys(['example_task_group']) retrieved from /home/airflow/.local/lib/python3.7/site-packages/airflow/example_dags/example_task_group.py
[2024-09-25T13:11:32.161+0000] {logging_mixin.py:120} INFO - [2024-09-25T13:11:32.161+0000] {dag.py:2585} INFO - Sync 1 DAGs
[2024-09-25T13:11:32.193+0000] {logging_mixin.py:120} INFO - [2024-09-25T13:11:32.193+0000] {dag.py:3340} INFO - Setting next_dagrun for example_task_group to 2024-09-24T13:11:32.192818+00:00, run_after=2024-09-25T13:11:32.192818+00:00
[2024-09-25T13:11:32.215+0000] {processor.py:176} INFO - Processing /home/airflow/.local/lib/python3.7/site-packages/airflow/example_dags/example_task_group.py took 0.132 seconds
[2024-09-25T13:12:02.367+0000] {processor.py:154} INFO - Started process (PID=24420) to work on /home/airflow/.local/lib/python3.7/site-packages/airflow/example_dags/example_task_group.py
[2024-09-25T13:12:02.369+0000] {processor.py:756} INFO - Processing file /home/airflow/.local/lib/python3.7/site-packages/airflow/example_dags/example_task_group.py for tasks to queue
[2024-09-25T13:12:02.370+0000] {logging_mixin.py:120} INFO - [2024-09-25T13:12:02.370+0000] {dagbag.py:537} INFO - Filling up the DagBag from /home/airflow/.local/lib/python3.7/site-packages/airflow/example_dags/example_task_group.py
[2024-09-25T13:12:02.390+0000] {processor.py:766} INFO - DAG(s) dict_keys(['example_task_group']) retrieved from /home/airflow/.local/lib/python3.7/site-packages/airflow/example_dags/example_task_group.py
[2024-09-25T13:12:02.441+0000] {logging_mixin.py:120} INFO - [2024-09-25T13:12:02.441+0000] {dag.py:2585} INFO - Sync 1 DAGs
[2024-09-25T13:12:02.472+0000] {logging_mixin.py:120} INFO - [2024-09-25T13:12:02.472+0000] {dag.py:3340} INFO - Setting next_dagrun for example_task_group to 2024-09-24T13:12:02.472049+00:00, run_after=2024-09-25T13:12:02.472049+00:00
[2024-09-25T13:12:02.498+0000] {processor.py:176} INFO - Processing /home/airflow/.local/lib/python3.7/site-packages/airflow/example_dags/example_task_group.py took 0.134 seconds
[2024-09-25T13:12:33.392+0000] {processor.py:154} INFO - Started process (PID=24483) to work on /home/airflow/.local/lib/python3.7/site-packages/airflow/example_dags/example_task_group.py
[2024-09-25T13:12:33.394+0000] {processor.py:756} INFO - Processing file /home/airflow/.local/lib/python3.7/site-packages/airflow/example_dags/example_task_group.py for tasks to queue
[2024-09-25T13:12:33.395+0000] {logging_mixin.py:120} INFO - [2024-09-25T13:12:33.395+0000] {dagbag.py:537} INFO - Filling up the DagBag from /home/airflow/.local/lib/python3.7/site-packages/airflow/example_dags/example_task_group.py
[2024-09-25T13:12:33.415+0000] {processor.py:766} INFO - DAG(s) dict_keys(['example_task_group']) retrieved from /home/airflow/.local/lib/python3.7/site-packages/airflow/example_dags/example_task_group.py
[2024-09-25T13:12:33.466+0000] {logging_mixin.py:120} INFO - [2024-09-25T13:12:33.466+0000] {dag.py:2585} INFO - Sync 1 DAGs
[2024-09-25T13:12:33.496+0000] {logging_mixin.py:120} INFO - [2024-09-25T13:12:33.496+0000] {dag.py:3340} INFO - Setting next_dagrun for example_task_group to 2024-09-24T13:12:33.496120+00:00, run_after=2024-09-25T13:12:33.496120+00:00
[2024-09-25T13:12:33.520+0000] {processor.py:176} INFO - Processing /home/airflow/.local/lib/python3.7/site-packages/airflow/example_dags/example_task_group.py took 0.132 seconds
[2024-09-25T13:13:04.102+0000] {processor.py:154} INFO - Started process (PID=24545) to work on /home/airflow/.local/lib/python3.7/site-packages/airflow/example_dags/example_task_group.py
[2024-09-25T13:13:04.104+0000] {processor.py:756} INFO - Processing file /home/airflow/.local/lib/python3.7/site-packages/airflow/example_dags/example_task_group.py for tasks to queue
[2024-09-25T13:13:04.105+0000] {logging_mixin.py:120} INFO - [2024-09-25T13:13:04.105+0000] {dagbag.py:537} INFO - Filling up the DagBag from /home/airflow/.local/lib/python3.7/site-packages/airflow/example_dags/example_task_group.py
[2024-09-25T13:13:04.130+0000] {processor.py:766} INFO - DAG(s) dict_keys(['example_task_group']) retrieved from /home/airflow/.local/lib/python3.7/site-packages/airflow/example_dags/example_task_group.py
[2024-09-25T13:13:04.188+0000] {logging_mixin.py:120} INFO - [2024-09-25T13:13:04.188+0000] {dag.py:2585} INFO - Sync 1 DAGs
[2024-09-25T13:13:04.221+0000] {logging_mixin.py:120} INFO - [2024-09-25T13:13:04.221+0000] {dag.py:3340} INFO - Setting next_dagrun for example_task_group to 2024-09-24T13:13:04.220725+00:00, run_after=2024-09-25T13:13:04.220725+00:00
[2024-09-25T13:13:04.246+0000] {processor.py:176} INFO - Processing /home/airflow/.local/lib/python3.7/site-packages/airflow/example_dags/example_task_group.py took 0.148 seconds
[2024-09-25T13:13:34.362+0000] {processor.py:154} INFO - Started process (PID=24608) to work on /home/airflow/.local/lib/python3.7/site-packages/airflow/example_dags/example_task_group.py
[2024-09-25T13:13:34.363+0000] {processor.py:756} INFO - Processing file /home/airflow/.local/lib/python3.7/site-packages/airflow/example_dags/example_task_group.py for tasks to queue
[2024-09-25T13:13:34.364+0000] {logging_mixin.py:120} INFO - [2024-09-25T13:13:34.364+0000] {dagbag.py:537} INFO - Filling up the DagBag from /home/airflow/.local/lib/python3.7/site-packages/airflow/example_dags/example_task_group.py
[2024-09-25T13:13:34.383+0000] {processor.py:766} INFO - DAG(s) dict_keys(['example_task_group']) retrieved from /home/airflow/.local/lib/python3.7/site-packages/airflow/example_dags/example_task_group.py
[2024-09-25T13:13:34.429+0000] {logging_mixin.py:120} INFO - [2024-09-25T13:13:34.429+0000] {dag.py:2585} INFO - Sync 1 DAGs
[2024-09-25T13:13:34.458+0000] {logging_mixin.py:120} INFO - [2024-09-25T13:13:34.458+0000] {dag.py:3340} INFO - Setting next_dagrun for example_task_group to 2024-09-24T13:13:34.458583+00:00, run_after=2024-09-25T13:13:34.458583+00:00
[2024-09-25T13:13:34.617+0000] {processor.py:176} INFO - Processing /home/airflow/.local/lib/python3.7/site-packages/airflow/example_dags/example_task_group.py took 0.259 seconds
[2024-09-25T13:14:04.775+0000] {processor.py:154} INFO - Started process (PID=24662) to work on /home/airflow/.local/lib/python3.7/site-packages/airflow/example_dags/example_task_group.py
[2024-09-25T13:14:04.777+0000] {processor.py:756} INFO - Processing file /home/airflow/.local/lib/python3.7/site-packages/airflow/example_dags/example_task_group.py for tasks to queue
[2024-09-25T13:14:04.777+0000] {logging_mixin.py:120} INFO - [2024-09-25T13:14:04.777+0000] {dagbag.py:537} INFO - Filling up the DagBag from /home/airflow/.local/lib/python3.7/site-packages/airflow/example_dags/example_task_group.py
[2024-09-25T13:14:04.796+0000] {processor.py:766} INFO - DAG(s) dict_keys(['example_task_group']) retrieved from /home/airflow/.local/lib/python3.7/site-packages/airflow/example_dags/example_task_group.py
[2024-09-25T13:14:04.842+0000] {logging_mixin.py:120} INFO - [2024-09-25T13:14:04.842+0000] {dag.py:2585} INFO - Sync 1 DAGs
[2024-09-25T13:14:04.871+0000] {logging_mixin.py:120} INFO - [2024-09-25T13:14:04.871+0000] {dag.py:3340} INFO - Setting next_dagrun for example_task_group to 2024-09-24T13:14:04.870927+00:00, run_after=2024-09-25T13:14:04.870927+00:00
[2024-09-25T13:14:04.890+0000] {processor.py:176} INFO - Processing /home/airflow/.local/lib/python3.7/site-packages/airflow/example_dags/example_task_group.py took 0.120 seconds
[2024-09-25T13:14:35.323+0000] {processor.py:154} INFO - Started process (PID=24725) to work on /home/airflow/.local/lib/python3.7/site-packages/airflow/example_dags/example_task_group.py
[2024-09-25T13:14:35.324+0000] {processor.py:756} INFO - Processing file /home/airflow/.local/lib/python3.7/site-packages/airflow/example_dags/example_task_group.py for tasks to queue
[2024-09-25T13:14:35.325+0000] {logging_mixin.py:120} INFO - [2024-09-25T13:14:35.325+0000] {dagbag.py:537} INFO - Filling up the DagBag from /home/airflow/.local/lib/python3.7/site-packages/airflow/example_dags/example_task_group.py
[2024-09-25T13:14:35.351+0000] {processor.py:766} INFO - DAG(s) dict_keys(['example_task_group']) retrieved from /home/airflow/.local/lib/python3.7/site-packages/airflow/example_dags/example_task_group.py
[2024-09-25T13:14:35.408+0000] {logging_mixin.py:120} INFO - [2024-09-25T13:14:35.408+0000] {dag.py:2585} INFO - Sync 1 DAGs
[2024-09-25T13:14:35.441+0000] {logging_mixin.py:120} INFO - [2024-09-25T13:14:35.441+0000] {dag.py:3340} INFO - Setting next_dagrun for example_task_group to 2024-09-24T13:14:35.441009+00:00, run_after=2024-09-25T13:14:35.441009+00:00
[2024-09-25T13:14:35.471+0000] {processor.py:176} INFO - Processing /home/airflow/.local/lib/python3.7/site-packages/airflow/example_dags/example_task_group.py took 0.152 seconds
[2024-09-25T13:15:06.040+0000] {processor.py:154} INFO - Started process (PID=24789) to work on /home/airflow/.local/lib/python3.7/site-packages/airflow/example_dags/example_task_group.py
[2024-09-25T13:15:06.042+0000] {processor.py:756} INFO - Processing file /home/airflow/.local/lib/python3.7/site-packages/airflow/example_dags/example_task_group.py for tasks to queue
[2024-09-25T13:15:06.043+0000] {logging_mixin.py:120} INFO - [2024-09-25T13:15:06.043+0000] {dagbag.py:537} INFO - Filling up the DagBag from /home/airflow/.local/lib/python3.7/site-packages/airflow/example_dags/example_task_group.py
[2024-09-25T13:15:06.067+0000] {processor.py:766} INFO - DAG(s) dict_keys(['example_task_group']) retrieved from /home/airflow/.local/lib/python3.7/site-packages/airflow/example_dags/example_task_group.py
[2024-09-25T13:15:06.129+0000] {logging_mixin.py:120} INFO - [2024-09-25T13:15:06.129+0000] {dag.py:2585} INFO - Sync 1 DAGs
[2024-09-25T13:15:06.167+0000] {logging_mixin.py:120} INFO - [2024-09-25T13:15:06.166+0000] {dag.py:3340} INFO - Setting next_dagrun for example_task_group to 2024-09-24T13:15:06.166653+00:00, run_after=2024-09-25T13:15:06.166653+00:00
[2024-09-25T13:15:06.192+0000] {processor.py:176} INFO - Processing /home/airflow/.local/lib/python3.7/site-packages/airflow/example_dags/example_task_group.py took 0.157 seconds
[2024-09-25T13:15:36.672+0000] {processor.py:154} INFO - Started process (PID=24853) to work on /home/airflow/.local/lib/python3.7/site-packages/airflow/example_dags/example_task_group.py
[2024-09-25T13:15:36.675+0000] {processor.py:756} INFO - Processing file /home/airflow/.local/lib/python3.7/site-packages/airflow/example_dags/example_task_group.py for tasks to queue
[2024-09-25T13:15:36.676+0000] {logging_mixin.py:120} INFO - [2024-09-25T13:15:36.676+0000] {dagbag.py:537} INFO - Filling up the DagBag from /home/airflow/.local/lib/python3.7/site-packages/airflow/example_dags/example_task_group.py
[2024-09-25T13:15:36.698+0000] {processor.py:766} INFO - DAG(s) dict_keys(['example_task_group']) retrieved from /home/airflow/.local/lib/python3.7/site-packages/airflow/example_dags/example_task_group.py
[2024-09-25T13:15:36.755+0000] {logging_mixin.py:120} INFO - [2024-09-25T13:15:36.755+0000] {dag.py:2585} INFO - Sync 1 DAGs
[2024-09-25T13:15:36.805+0000] {logging_mixin.py:120} INFO - [2024-09-25T13:15:36.804+0000] {dag.py:3340} INFO - Setting next_dagrun for example_task_group to 2024-09-24T13:15:36.804499+00:00, run_after=2024-09-25T13:15:36.804499+00:00
[2024-09-25T13:15:36.979+0000] {processor.py:176} INFO - Processing /home/airflow/.local/lib/python3.7/site-packages/airflow/example_dags/example_task_group.py took 0.313 seconds
[2024-09-25T13:16:07.412+0000] {processor.py:154} INFO - Started process (PID=24908) to work on /home/airflow/.local/lib/python3.7/site-packages/airflow/example_dags/example_task_group.py
[2024-09-25T13:16:07.414+0000] {processor.py:756} INFO - Processing file /home/airflow/.local/lib/python3.7/site-packages/airflow/example_dags/example_task_group.py for tasks to queue
[2024-09-25T13:16:07.415+0000] {logging_mixin.py:120} INFO - [2024-09-25T13:16:07.415+0000] {dagbag.py:537} INFO - Filling up the DagBag from /home/airflow/.local/lib/python3.7/site-packages/airflow/example_dags/example_task_group.py
[2024-09-25T13:16:07.437+0000] {processor.py:766} INFO - DAG(s) dict_keys(['example_task_group']) retrieved from /home/airflow/.local/lib/python3.7/site-packages/airflow/example_dags/example_task_group.py
[2024-09-25T13:16:07.491+0000] {logging_mixin.py:120} INFO - [2024-09-25T13:16:07.491+0000] {dag.py:2585} INFO - Sync 1 DAGs
[2024-09-25T13:16:07.533+0000] {logging_mixin.py:120} INFO - [2024-09-25T13:16:07.533+0000] {dag.py:3340} INFO - Setting next_dagrun for example_task_group to 2024-09-24T13:16:07.532917+00:00, run_after=2024-09-25T13:16:07.532917+00:00
[2024-09-25T13:16:07.560+0000] {processor.py:176} INFO - Processing /home/airflow/.local/lib/python3.7/site-packages/airflow/example_dags/example_task_group.py took 0.151 seconds
[2024-09-25T13:16:37.837+0000] {processor.py:154} INFO - Started process (PID=24972) to work on /home/airflow/.local/lib/python3.7/site-packages/airflow/example_dags/example_task_group.py
[2024-09-25T13:16:37.839+0000] {processor.py:756} INFO - Processing file /home/airflow/.local/lib/python3.7/site-packages/airflow/example_dags/example_task_group.py for tasks to queue
[2024-09-25T13:16:37.840+0000] {logging_mixin.py:120} INFO - [2024-09-25T13:16:37.840+0000] {dagbag.py:537} INFO - Filling up the DagBag from /home/airflow/.local/lib/python3.7/site-packages/airflow/example_dags/example_task_group.py
[2024-09-25T13:16:37.862+0000] {processor.py:766} INFO - DAG(s) dict_keys(['example_task_group']) retrieved from /home/airflow/.local/lib/python3.7/site-packages/airflow/example_dags/example_task_group.py
[2024-09-25T13:16:37.912+0000] {logging_mixin.py:120} INFO - [2024-09-25T13:16:37.912+0000] {dag.py:2585} INFO - Sync 1 DAGs
[2024-09-25T13:16:37.942+0000] {logging_mixin.py:120} INFO - [2024-09-25T13:16:37.942+0000] {dag.py:3340} INFO - Setting next_dagrun for example_task_group to 2024-09-24T13:16:37.942191+00:00, run_after=2024-09-25T13:16:37.942191+00:00
[2024-09-25T13:16:37.966+0000] {processor.py:176} INFO - Processing /home/airflow/.local/lib/python3.7/site-packages/airflow/example_dags/example_task_group.py took 0.134 seconds
[2024-09-25T13:17:08.203+0000] {processor.py:154} INFO - Started process (PID=25035) to work on /home/airflow/.local/lib/python3.7/site-packages/airflow/example_dags/example_task_group.py
[2024-09-25T13:17:08.205+0000] {processor.py:756} INFO - Processing file /home/airflow/.local/lib/python3.7/site-packages/airflow/example_dags/example_task_group.py for tasks to queue
[2024-09-25T13:17:08.206+0000] {logging_mixin.py:120} INFO - [2024-09-25T13:17:08.206+0000] {dagbag.py:537} INFO - Filling up the DagBag from /home/airflow/.local/lib/python3.7/site-packages/airflow/example_dags/example_task_group.py
[2024-09-25T13:17:08.223+0000] {processor.py:766} INFO - DAG(s) dict_keys(['example_task_group']) retrieved from /home/airflow/.local/lib/python3.7/site-packages/airflow/example_dags/example_task_group.py
[2024-09-25T13:17:08.264+0000] {logging_mixin.py:120} INFO - [2024-09-25T13:17:08.264+0000] {dag.py:2585} INFO - Sync 1 DAGs
[2024-09-25T13:17:08.289+0000] {logging_mixin.py:120} INFO - [2024-09-25T13:17:08.288+0000] {dag.py:3340} INFO - Setting next_dagrun for example_task_group to 2024-09-24T13:17:08.288713+00:00, run_after=2024-09-25T13:17:08.288713+00:00
[2024-09-25T13:17:08.307+0000] {processor.py:176} INFO - Processing /home/airflow/.local/lib/python3.7/site-packages/airflow/example_dags/example_task_group.py took 0.108 seconds
[2024-09-25T13:17:38.408+0000] {processor.py:154} INFO - Started process (PID=25089) to work on /home/airflow/.local/lib/python3.7/site-packages/airflow/example_dags/example_task_group.py
[2024-09-25T13:17:38.411+0000] {processor.py:756} INFO - Processing file /home/airflow/.local/lib/python3.7/site-packages/airflow/example_dags/example_task_group.py for tasks to queue
[2024-09-25T13:17:38.412+0000] {logging_mixin.py:120} INFO - [2024-09-25T13:17:38.412+0000] {dagbag.py:537} INFO - Filling up the DagBag from /home/airflow/.local/lib/python3.7/site-packages/airflow/example_dags/example_task_group.py
[2024-09-25T13:17:38.435+0000] {processor.py:766} INFO - DAG(s) dict_keys(['example_task_group']) retrieved from /home/airflow/.local/lib/python3.7/site-packages/airflow/example_dags/example_task_group.py
[2024-09-25T13:17:38.490+0000] {logging_mixin.py:120} INFO - [2024-09-25T13:17:38.489+0000] {dag.py:2585} INFO - Sync 1 DAGs
[2024-09-25T13:17:38.527+0000] {logging_mixin.py:120} INFO - [2024-09-25T13:17:38.526+0000] {dag.py:3340} INFO - Setting next_dagrun for example_task_group to 2024-09-24T13:17:38.526626+00:00, run_after=2024-09-25T13:17:38.526626+00:00
[2024-09-25T13:17:38.704+0000] {processor.py:176} INFO - Processing /home/airflow/.local/lib/python3.7/site-packages/airflow/example_dags/example_task_group.py took 0.301 seconds
[2024-09-25T13:18:08.835+0000] {processor.py:154} INFO - Started process (PID=25154) to work on /home/airflow/.local/lib/python3.7/site-packages/airflow/example_dags/example_task_group.py
[2024-09-25T13:18:08.840+0000] {processor.py:756} INFO - Processing file /home/airflow/.local/lib/python3.7/site-packages/airflow/example_dags/example_task_group.py for tasks to queue
[2024-09-25T13:18:08.841+0000] {logging_mixin.py:120} INFO - [2024-09-25T13:18:08.841+0000] {dagbag.py:537} INFO - Filling up the DagBag from /home/airflow/.local/lib/python3.7/site-packages/airflow/example_dags/example_task_group.py
[2024-09-25T13:18:08.863+0000] {processor.py:766} INFO - DAG(s) dict_keys(['example_task_group']) retrieved from /home/airflow/.local/lib/python3.7/site-packages/airflow/example_dags/example_task_group.py
[2024-09-25T13:18:08.918+0000] {logging_mixin.py:120} INFO - [2024-09-25T13:18:08.918+0000] {dag.py:2585} INFO - Sync 1 DAGs
[2024-09-25T13:18:08.956+0000] {logging_mixin.py:120} INFO - [2024-09-25T13:18:08.956+0000] {dag.py:3340} INFO - Setting next_dagrun for example_task_group to 2024-09-24T13:18:08.955933+00:00, run_after=2024-09-25T13:18:08.955933+00:00
[2024-09-25T13:18:08.980+0000] {processor.py:176} INFO - Processing /home/airflow/.local/lib/python3.7/site-packages/airflow/example_dags/example_task_group.py took 0.149 seconds
[2024-09-25T13:18:39.936+0000] {processor.py:154} INFO - Started process (PID=25217) to work on /home/airflow/.local/lib/python3.7/site-packages/airflow/example_dags/example_task_group.py
[2024-09-25T13:18:39.938+0000] {processor.py:756} INFO - Processing file /home/airflow/.local/lib/python3.7/site-packages/airflow/example_dags/example_task_group.py for tasks to queue
[2024-09-25T13:18:39.939+0000] {logging_mixin.py:120} INFO - [2024-09-25T13:18:39.939+0000] {dagbag.py:537} INFO - Filling up the DagBag from /home/airflow/.local/lib/python3.7/site-packages/airflow/example_dags/example_task_group.py
[2024-09-25T13:18:39.964+0000] {processor.py:766} INFO - DAG(s) dict_keys(['example_task_group']) retrieved from /home/airflow/.local/lib/python3.7/site-packages/airflow/example_dags/example_task_group.py
[2024-09-25T13:18:40.019+0000] {logging_mixin.py:120} INFO - [2024-09-25T13:18:40.019+0000] {dag.py:2585} INFO - Sync 1 DAGs
[2024-09-25T13:18:40.049+0000] {logging_mixin.py:120} INFO - [2024-09-25T13:18:40.049+0000] {dag.py:3340} INFO - Setting next_dagrun for example_task_group to 2024-09-24T13:18:40.049274+00:00, run_after=2024-09-25T13:18:40.049274+00:00
[2024-09-25T13:18:40.077+0000] {processor.py:176} INFO - Processing /home/airflow/.local/lib/python3.7/site-packages/airflow/example_dags/example_task_group.py took 0.146 seconds
[2024-09-25T13:19:10.815+0000] {processor.py:154} INFO - Started process (PID=25273) to work on /home/airflow/.local/lib/python3.7/site-packages/airflow/example_dags/example_task_group.py
[2024-09-25T13:19:10.817+0000] {processor.py:756} INFO - Processing file /home/airflow/.local/lib/python3.7/site-packages/airflow/example_dags/example_task_group.py for tasks to queue
[2024-09-25T13:19:10.818+0000] {logging_mixin.py:120} INFO - [2024-09-25T13:19:10.818+0000] {dagbag.py:537} INFO - Filling up the DagBag from /home/airflow/.local/lib/python3.7/site-packages/airflow/example_dags/example_task_group.py
[2024-09-25T13:19:10.840+0000] {processor.py:766} INFO - DAG(s) dict_keys(['example_task_group']) retrieved from /home/airflow/.local/lib/python3.7/site-packages/airflow/example_dags/example_task_group.py
[2024-09-25T13:19:10.896+0000] {logging_mixin.py:120} INFO - [2024-09-25T13:19:10.896+0000] {dag.py:2585} INFO - Sync 1 DAGs
[2024-09-25T13:19:10.935+0000] {logging_mixin.py:120} INFO - [2024-09-25T13:19:10.935+0000] {dag.py:3340} INFO - Setting next_dagrun for example_task_group to 2024-09-24T13:19:10.934712+00:00, run_after=2024-09-25T13:19:10.934712+00:00
[2024-09-25T13:19:10.960+0000] {processor.py:176} INFO - Processing /home/airflow/.local/lib/python3.7/site-packages/airflow/example_dags/example_task_group.py took 0.150 seconds
[2024-09-25T13:19:41.486+0000] {processor.py:154} INFO - Started process (PID=25337) to work on /home/airflow/.local/lib/python3.7/site-packages/airflow/example_dags/example_task_group.py
[2024-09-25T13:19:41.489+0000] {processor.py:756} INFO - Processing file /home/airflow/.local/lib/python3.7/site-packages/airflow/example_dags/example_task_group.py for tasks to queue
[2024-09-25T13:19:41.490+0000] {logging_mixin.py:120} INFO - [2024-09-25T13:19:41.490+0000] {dagbag.py:537} INFO - Filling up the DagBag from /home/airflow/.local/lib/python3.7/site-packages/airflow/example_dags/example_task_group.py
[2024-09-25T13:19:41.513+0000] {processor.py:766} INFO - DAG(s) dict_keys(['example_task_group']) retrieved from /home/airflow/.local/lib/python3.7/site-packages/airflow/example_dags/example_task_group.py
[2024-09-25T13:19:41.573+0000] {logging_mixin.py:120} INFO - [2024-09-25T13:19:41.572+0000] {dag.py:2585} INFO - Sync 1 DAGs
[2024-09-25T13:19:41.609+0000] {logging_mixin.py:120} INFO - [2024-09-25T13:19:41.609+0000] {dag.py:3340} INFO - Setting next_dagrun for example_task_group to 2024-09-24T13:19:41.609391+00:00, run_after=2024-09-25T13:19:41.609391+00:00
[2024-09-25T13:19:41.780+0000] {processor.py:176} INFO - Processing /home/airflow/.local/lib/python3.7/site-packages/airflow/example_dags/example_task_group.py took 0.298 seconds
[2024-09-25T13:20:12.289+0000] {processor.py:154} INFO - Started process (PID=25401) to work on /home/airflow/.local/lib/python3.7/site-packages/airflow/example_dags/example_task_group.py
[2024-09-25T13:20:12.294+0000] {processor.py:756} INFO - Processing file /home/airflow/.local/lib/python3.7/site-packages/airflow/example_dags/example_task_group.py for tasks to queue
[2024-09-25T13:20:12.297+0000] {logging_mixin.py:120} INFO - [2024-09-25T13:20:12.297+0000] {dagbag.py:537} INFO - Filling up the DagBag from /home/airflow/.local/lib/python3.7/site-packages/airflow/example_dags/example_task_group.py
[2024-09-25T13:20:12.344+0000] {processor.py:766} INFO - DAG(s) dict_keys(['example_task_group']) retrieved from /home/airflow/.local/lib/python3.7/site-packages/airflow/example_dags/example_task_group.py
[2024-09-25T13:20:12.443+0000] {logging_mixin.py:120} INFO - [2024-09-25T13:20:12.443+0000] {dag.py:2585} INFO - Sync 1 DAGs
[2024-09-25T13:20:12.513+0000] {logging_mixin.py:120} INFO - [2024-09-25T13:20:12.513+0000] {dag.py:3340} INFO - Setting next_dagrun for example_task_group to 2024-09-24T13:20:12.512929+00:00, run_after=2024-09-25T13:20:12.512929+00:00
[2024-09-25T13:20:12.552+0000] {processor.py:176} INFO - Processing /home/airflow/.local/lib/python3.7/site-packages/airflow/example_dags/example_task_group.py took 0.270 seconds
[2024-09-25T13:20:42.910+0000] {processor.py:154} INFO - Started process (PID=25456) to work on /home/airflow/.local/lib/python3.7/site-packages/airflow/example_dags/example_task_group.py
[2024-09-25T13:20:42.912+0000] {processor.py:756} INFO - Processing file /home/airflow/.local/lib/python3.7/site-packages/airflow/example_dags/example_task_group.py for tasks to queue
[2024-09-25T13:20:42.913+0000] {logging_mixin.py:120} INFO - [2024-09-25T13:20:42.913+0000] {dagbag.py:537} INFO - Filling up the DagBag from /home/airflow/.local/lib/python3.7/site-packages/airflow/example_dags/example_task_group.py
[2024-09-25T13:20:42.932+0000] {processor.py:766} INFO - DAG(s) dict_keys(['example_task_group']) retrieved from /home/airflow/.local/lib/python3.7/site-packages/airflow/example_dags/example_task_group.py
[2024-09-25T13:20:42.979+0000] {logging_mixin.py:120} INFO - [2024-09-25T13:20:42.979+0000] {dag.py:2585} INFO - Sync 1 DAGs
[2024-09-25T13:20:43.006+0000] {logging_mixin.py:120} INFO - [2024-09-25T13:20:43.006+0000] {dag.py:3340} INFO - Setting next_dagrun for example_task_group to 2024-09-24T13:20:43.006623+00:00, run_after=2024-09-25T13:20:43.006623+00:00
[2024-09-25T13:20:43.026+0000] {processor.py:176} INFO - Processing /home/airflow/.local/lib/python3.7/site-packages/airflow/example_dags/example_task_group.py took 0.119 seconds
[2024-09-25T13:21:13.290+0000] {processor.py:154} INFO - Started process (PID=25520) to work on /home/airflow/.local/lib/python3.7/site-packages/airflow/example_dags/example_task_group.py
[2024-09-25T13:21:13.292+0000] {processor.py:756} INFO - Processing file /home/airflow/.local/lib/python3.7/site-packages/airflow/example_dags/example_task_group.py for tasks to queue
[2024-09-25T13:21:13.293+0000] {logging_mixin.py:120} INFO - [2024-09-25T13:21:13.293+0000] {dagbag.py:537} INFO - Filling up the DagBag from /home/airflow/.local/lib/python3.7/site-packages/airflow/example_dags/example_task_group.py
[2024-09-25T13:21:13.313+0000] {processor.py:766} INFO - DAG(s) dict_keys(['example_task_group']) retrieved from /home/airflow/.local/lib/python3.7/site-packages/airflow/example_dags/example_task_group.py
[2024-09-25T13:21:13.363+0000] {logging_mixin.py:120} INFO - [2024-09-25T13:21:13.362+0000] {dag.py:2585} INFO - Sync 1 DAGs
[2024-09-25T13:21:13.392+0000] {logging_mixin.py:120} INFO - [2024-09-25T13:21:13.392+0000] {dag.py:3340} INFO - Setting next_dagrun for example_task_group to 2024-09-24T13:21:13.392441+00:00, run_after=2024-09-25T13:21:13.392441+00:00
[2024-09-25T13:21:13.414+0000] {processor.py:176} INFO - Processing /home/airflow/.local/lib/python3.7/site-packages/airflow/example_dags/example_task_group.py took 0.129 seconds
[2024-09-25T13:21:44.526+0000] {processor.py:154} INFO - Started process (PID=25584) to work on /home/airflow/.local/lib/python3.7/site-packages/airflow/example_dags/example_task_group.py
[2024-09-25T13:21:44.529+0000] {processor.py:756} INFO - Processing file /home/airflow/.local/lib/python3.7/site-packages/airflow/example_dags/example_task_group.py for tasks to queue
[2024-09-25T13:21:44.530+0000] {logging_mixin.py:120} INFO - [2024-09-25T13:21:44.530+0000] {dagbag.py:537} INFO - Filling up the DagBag from /home/airflow/.local/lib/python3.7/site-packages/airflow/example_dags/example_task_group.py
[2024-09-25T13:21:44.554+0000] {processor.py:766} INFO - DAG(s) dict_keys(['example_task_group']) retrieved from /home/airflow/.local/lib/python3.7/site-packages/airflow/example_dags/example_task_group.py
[2024-09-25T13:21:44.616+0000] {logging_mixin.py:120} INFO - [2024-09-25T13:21:44.616+0000] {dag.py:2585} INFO - Sync 1 DAGs
[2024-09-25T13:21:44.651+0000] {logging_mixin.py:120} INFO - [2024-09-25T13:21:44.651+0000] {dag.py:3340} INFO - Setting next_dagrun for example_task_group to 2024-09-24T13:21:44.650876+00:00, run_after=2024-09-25T13:21:44.650876+00:00
[2024-09-25T13:21:44.834+0000] {processor.py:176} INFO - Processing /home/airflow/.local/lib/python3.7/site-packages/airflow/example_dags/example_task_group.py took 0.313 seconds
[2024-09-25T13:22:14.929+0000] {processor.py:154} INFO - Started process (PID=25648) to work on /home/airflow/.local/lib/python3.7/site-packages/airflow/example_dags/example_task_group.py
[2024-09-25T13:22:14.931+0000] {processor.py:756} INFO - Processing file /home/airflow/.local/lib/python3.7/site-packages/airflow/example_dags/example_task_group.py for tasks to queue
[2024-09-25T13:22:14.932+0000] {logging_mixin.py:120} INFO - [2024-09-25T13:22:14.932+0000] {dagbag.py:537} INFO - Filling up the DagBag from /home/airflow/.local/lib/python3.7/site-packages/airflow/example_dags/example_task_group.py
[2024-09-25T13:22:14.952+0000] {processor.py:766} INFO - DAG(s) dict_keys(['example_task_group']) retrieved from /home/airflow/.local/lib/python3.7/site-packages/airflow/example_dags/example_task_group.py
[2024-09-25T13:22:15.001+0000] {logging_mixin.py:120} INFO - [2024-09-25T13:22:15.001+0000] {dag.py:2585} INFO - Sync 1 DAGs
[2024-09-25T13:22:15.032+0000] {logging_mixin.py:120} INFO - [2024-09-25T13:22:15.032+0000] {dag.py:3340} INFO - Setting next_dagrun for example_task_group to 2024-09-24T13:22:15.032439+00:00, run_after=2024-09-25T13:22:15.032439+00:00
[2024-09-25T13:22:15.053+0000] {processor.py:176} INFO - Processing /home/airflow/.local/lib/python3.7/site-packages/airflow/example_dags/example_task_group.py took 0.128 seconds
[2024-09-25T13:22:45.179+0000] {processor.py:154} INFO - Started process (PID=25704) to work on /home/airflow/.local/lib/python3.7/site-packages/airflow/example_dags/example_task_group.py
[2024-09-25T13:22:45.182+0000] {processor.py:756} INFO - Processing file /home/airflow/.local/lib/python3.7/site-packages/airflow/example_dags/example_task_group.py for tasks to queue
[2024-09-25T13:22:45.183+0000] {logging_mixin.py:120} INFO - [2024-09-25T13:22:45.183+0000] {dagbag.py:537} INFO - Filling up the DagBag from /home/airflow/.local/lib/python3.7/site-packages/airflow/example_dags/example_task_group.py
[2024-09-25T13:22:45.204+0000] {processor.py:766} INFO - DAG(s) dict_keys(['example_task_group']) retrieved from /home/airflow/.local/lib/python3.7/site-packages/airflow/example_dags/example_task_group.py
[2024-09-25T13:22:45.256+0000] {logging_mixin.py:120} INFO - [2024-09-25T13:22:45.255+0000] {dag.py:2585} INFO - Sync 1 DAGs
[2024-09-25T13:22:45.286+0000] {logging_mixin.py:120} INFO - [2024-09-25T13:22:45.286+0000] {dag.py:3340} INFO - Setting next_dagrun for example_task_group to 2024-09-24T13:22:45.285833+00:00, run_after=2024-09-25T13:22:45.285833+00:00
[2024-09-25T13:22:45.308+0000] {processor.py:176} INFO - Processing /home/airflow/.local/lib/python3.7/site-packages/airflow/example_dags/example_task_group.py took 0.133 seconds
[2024-09-25T13:23:15.546+0000] {processor.py:154} INFO - Started process (PID=25768) to work on /home/airflow/.local/lib/python3.7/site-packages/airflow/example_dags/example_task_group.py
[2024-09-25T13:23:15.548+0000] {processor.py:756} INFO - Processing file /home/airflow/.local/lib/python3.7/site-packages/airflow/example_dags/example_task_group.py for tasks to queue
[2024-09-25T13:23:15.549+0000] {logging_mixin.py:120} INFO - [2024-09-25T13:23:15.548+0000] {dagbag.py:537} INFO - Filling up the DagBag from /home/airflow/.local/lib/python3.7/site-packages/airflow/example_dags/example_task_group.py
[2024-09-25T13:23:15.574+0000] {processor.py:766} INFO - DAG(s) dict_keys(['example_task_group']) retrieved from /home/airflow/.local/lib/python3.7/site-packages/airflow/example_dags/example_task_group.py
[2024-09-25T13:23:15.661+0000] {logging_mixin.py:120} INFO - [2024-09-25T13:23:15.660+0000] {dag.py:2585} INFO - Sync 1 DAGs
[2024-09-25T13:23:15.701+0000] {logging_mixin.py:120} INFO - [2024-09-25T13:23:15.701+0000] {dag.py:3340} INFO - Setting next_dagrun for example_task_group to 2024-09-24T13:23:15.700987+00:00, run_after=2024-09-25T13:23:15.700987+00:00
[2024-09-25T13:23:15.730+0000] {processor.py:176} INFO - Processing /home/airflow/.local/lib/python3.7/site-packages/airflow/example_dags/example_task_group.py took 0.188 seconds
[2024-09-25T13:23:46.881+0000] {processor.py:154} INFO - Started process (PID=25841) to work on /home/airflow/.local/lib/python3.7/site-packages/airflow/example_dags/example_task_group.py
[2024-09-25T13:23:46.883+0000] {processor.py:756} INFO - Processing file /home/airflow/.local/lib/python3.7/site-packages/airflow/example_dags/example_task_group.py for tasks to queue
[2024-09-25T13:23:46.884+0000] {logging_mixin.py:120} INFO - [2024-09-25T13:23:46.884+0000] {dagbag.py:537} INFO - Filling up the DagBag from /home/airflow/.local/lib/python3.7/site-packages/airflow/example_dags/example_task_group.py
[2024-09-25T13:23:46.907+0000] {processor.py:766} INFO - DAG(s) dict_keys(['example_task_group']) retrieved from /home/airflow/.local/lib/python3.7/site-packages/airflow/example_dags/example_task_group.py
[2024-09-25T13:23:46.959+0000] {logging_mixin.py:120} INFO - [2024-09-25T13:23:46.959+0000] {dag.py:2585} INFO - Sync 1 DAGs
[2024-09-25T13:23:46.992+0000] {logging_mixin.py:120} INFO - [2024-09-25T13:23:46.992+0000] {dag.py:3340} INFO - Setting next_dagrun for example_task_group to 2024-09-24T13:23:46.992262+00:00, run_after=2024-09-25T13:23:46.992262+00:00
[2024-09-25T13:23:47.024+0000] {processor.py:176} INFO - Processing /home/airflow/.local/lib/python3.7/site-packages/airflow/example_dags/example_task_group.py took 0.147 seconds
[2024-09-25T13:24:17.993+0000] {processor.py:154} INFO - Started process (PID=25905) to work on /home/airflow/.local/lib/python3.7/site-packages/airflow/example_dags/example_task_group.py
[2024-09-25T13:24:17.995+0000] {processor.py:756} INFO - Processing file /home/airflow/.local/lib/python3.7/site-packages/airflow/example_dags/example_task_group.py for tasks to queue
[2024-09-25T13:24:17.996+0000] {logging_mixin.py:120} INFO - [2024-09-25T13:24:17.996+0000] {dagbag.py:537} INFO - Filling up the DagBag from /home/airflow/.local/lib/python3.7/site-packages/airflow/example_dags/example_task_group.py
[2024-09-25T13:24:18.020+0000] {processor.py:766} INFO - DAG(s) dict_keys(['example_task_group']) retrieved from /home/airflow/.local/lib/python3.7/site-packages/airflow/example_dags/example_task_group.py
[2024-09-25T13:24:18.076+0000] {logging_mixin.py:120} INFO - [2024-09-25T13:24:18.076+0000] {dag.py:2585} INFO - Sync 1 DAGs
[2024-09-25T13:24:18.308+0000] {logging_mixin.py:120} INFO - [2024-09-25T13:24:18.308+0000] {dag.py:3340} INFO - Setting next_dagrun for example_task_group to 2024-09-24T13:24:18.307458+00:00, run_after=2024-09-25T13:24:18.307458+00:00
[2024-09-25T13:24:18.350+0000] {processor.py:176} INFO - Processing /home/airflow/.local/lib/python3.7/site-packages/airflow/example_dags/example_task_group.py took 0.362 seconds
[2024-09-25T13:24:48.477+0000] {processor.py:154} INFO - Started process (PID=25964) to work on /home/airflow/.local/lib/python3.7/site-packages/airflow/example_dags/example_task_group.py
[2024-09-25T13:24:48.481+0000] {processor.py:756} INFO - Processing file /home/airflow/.local/lib/python3.7/site-packages/airflow/example_dags/example_task_group.py for tasks to queue
[2024-09-25T13:24:48.482+0000] {logging_mixin.py:120} INFO - [2024-09-25T13:24:48.482+0000] {dagbag.py:537} INFO - Filling up the DagBag from /home/airflow/.local/lib/python3.7/site-packages/airflow/example_dags/example_task_group.py
[2024-09-25T13:24:48.515+0000] {processor.py:766} INFO - DAG(s) dict_keys(['example_task_group']) retrieved from /home/airflow/.local/lib/python3.7/site-packages/airflow/example_dags/example_task_group.py
[2024-09-25T13:24:48.577+0000] {logging_mixin.py:120} INFO - [2024-09-25T13:24:48.577+0000] {dag.py:2585} INFO - Sync 1 DAGs
[2024-09-25T13:24:48.615+0000] {logging_mixin.py:120} INFO - [2024-09-25T13:24:48.614+0000] {dag.py:3340} INFO - Setting next_dagrun for example_task_group to 2024-09-24T13:24:48.614473+00:00, run_after=2024-09-25T13:24:48.614473+00:00
[2024-09-25T13:24:48.648+0000] {processor.py:176} INFO - Processing /home/airflow/.local/lib/python3.7/site-packages/airflow/example_dags/example_task_group.py took 0.178 seconds
[2024-09-25T13:25:18.861+0000] {processor.py:154} INFO - Started process (PID=26028) to work on /home/airflow/.local/lib/python3.7/site-packages/airflow/example_dags/example_task_group.py
[2024-09-25T13:25:18.863+0000] {processor.py:756} INFO - Processing file /home/airflow/.local/lib/python3.7/site-packages/airflow/example_dags/example_task_group.py for tasks to queue
[2024-09-25T13:25:18.864+0000] {logging_mixin.py:120} INFO - [2024-09-25T13:25:18.864+0000] {dagbag.py:537} INFO - Filling up the DagBag from /home/airflow/.local/lib/python3.7/site-packages/airflow/example_dags/example_task_group.py
[2024-09-25T13:25:18.885+0000] {processor.py:766} INFO - DAG(s) dict_keys(['example_task_group']) retrieved from /home/airflow/.local/lib/python3.7/site-packages/airflow/example_dags/example_task_group.py
[2024-09-25T13:25:18.939+0000] {logging_mixin.py:120} INFO - [2024-09-25T13:25:18.939+0000] {dag.py:2585} INFO - Sync 1 DAGs
[2024-09-25T13:25:18.969+0000] {logging_mixin.py:120} INFO - [2024-09-25T13:25:18.969+0000] {dag.py:3340} INFO - Setting next_dagrun for example_task_group to 2024-09-24T13:25:18.969240+00:00, run_after=2024-09-25T13:25:18.969240+00:00
[2024-09-25T13:25:18.992+0000] {processor.py:176} INFO - Processing /home/airflow/.local/lib/python3.7/site-packages/airflow/example_dags/example_task_group.py took 0.135 seconds
[2024-09-25T13:25:50.308+0000] {processor.py:154} INFO - Started process (PID=26092) to work on /home/airflow/.local/lib/python3.7/site-packages/airflow/example_dags/example_task_group.py
[2024-09-25T13:25:50.313+0000] {processor.py:756} INFO - Processing file /home/airflow/.local/lib/python3.7/site-packages/airflow/example_dags/example_task_group.py for tasks to queue
[2024-09-25T13:25:50.314+0000] {logging_mixin.py:120} INFO - [2024-09-25T13:25:50.314+0000] {dagbag.py:537} INFO - Filling up the DagBag from /home/airflow/.local/lib/python3.7/site-packages/airflow/example_dags/example_task_group.py
[2024-09-25T13:25:50.349+0000] {processor.py:766} INFO - DAG(s) dict_keys(['example_task_group']) retrieved from /home/airflow/.local/lib/python3.7/site-packages/airflow/example_dags/example_task_group.py
[2024-09-25T13:25:50.424+0000] {logging_mixin.py:120} INFO - [2024-09-25T13:25:50.424+0000] {dag.py:2585} INFO - Sync 1 DAGs
[2024-09-25T13:25:50.469+0000] {logging_mixin.py:120} INFO - [2024-09-25T13:25:50.469+0000] {dag.py:3340} INFO - Setting next_dagrun for example_task_group to 2024-09-24T13:25:50.468768+00:00, run_after=2024-09-25T13:25:50.468768+00:00
[2024-09-25T13:25:50.503+0000] {processor.py:176} INFO - Processing /home/airflow/.local/lib/python3.7/site-packages/airflow/example_dags/example_task_group.py took 0.202 seconds
[2024-09-25T13:26:20.826+0000] {processor.py:154} INFO - Started process (PID=26147) to work on /home/airflow/.local/lib/python3.7/site-packages/airflow/example_dags/example_task_group.py
[2024-09-25T13:26:20.830+0000] {processor.py:756} INFO - Processing file /home/airflow/.local/lib/python3.7/site-packages/airflow/example_dags/example_task_group.py for tasks to queue
[2024-09-25T13:26:20.831+0000] {logging_mixin.py:120} INFO - [2024-09-25T13:26:20.831+0000] {dagbag.py:537} INFO - Filling up the DagBag from /home/airflow/.local/lib/python3.7/site-packages/airflow/example_dags/example_task_group.py
[2024-09-25T13:26:20.854+0000] {processor.py:766} INFO - DAG(s) dict_keys(['example_task_group']) retrieved from /home/airflow/.local/lib/python3.7/site-packages/airflow/example_dags/example_task_group.py
[2024-09-25T13:26:20.932+0000] {logging_mixin.py:120} INFO - [2024-09-25T13:26:20.932+0000] {dag.py:2585} INFO - Sync 1 DAGs
[2024-09-25T13:26:21.124+0000] {logging_mixin.py:120} INFO - [2024-09-25T13:26:21.124+0000] {dag.py:3340} INFO - Setting next_dagrun for example_task_group to 2024-09-24T13:26:21.124385+00:00, run_after=2024-09-25T13:26:21.124385+00:00
[2024-09-25T13:26:21.151+0000] {processor.py:176} INFO - Processing /home/airflow/.local/lib/python3.7/site-packages/airflow/example_dags/example_task_group.py took 0.312 seconds
[2024-09-25T13:26:51.692+0000] {processor.py:154} INFO - Started process (PID=26209) to work on /home/airflow/.local/lib/python3.7/site-packages/airflow/example_dags/example_task_group.py
[2024-09-25T13:26:51.695+0000] {processor.py:756} INFO - Processing file /home/airflow/.local/lib/python3.7/site-packages/airflow/example_dags/example_task_group.py for tasks to queue
[2024-09-25T13:26:51.696+0000] {logging_mixin.py:120} INFO - [2024-09-25T13:26:51.696+0000] {dagbag.py:537} INFO - Filling up the DagBag from /home/airflow/.local/lib/python3.7/site-packages/airflow/example_dags/example_task_group.py
[2024-09-25T13:26:51.717+0000] {processor.py:766} INFO - DAG(s) dict_keys(['example_task_group']) retrieved from /home/airflow/.local/lib/python3.7/site-packages/airflow/example_dags/example_task_group.py
[2024-09-25T13:26:51.776+0000] {logging_mixin.py:120} INFO - [2024-09-25T13:26:51.776+0000] {dag.py:2585} INFO - Sync 1 DAGs
[2024-09-25T13:26:51.809+0000] {logging_mixin.py:120} INFO - [2024-09-25T13:26:51.808+0000] {dag.py:3340} INFO - Setting next_dagrun for example_task_group to 2024-09-24T13:26:51.808541+00:00, run_after=2024-09-25T13:26:51.808541+00:00
[2024-09-25T13:26:51.830+0000] {processor.py:176} INFO - Processing /home/airflow/.local/lib/python3.7/site-packages/airflow/example_dags/example_task_group.py took 0.145 seconds
[2024-09-25T13:27:22.309+0000] {processor.py:154} INFO - Started process (PID=26272) to work on /home/airflow/.local/lib/python3.7/site-packages/airflow/example_dags/example_task_group.py
[2024-09-25T13:27:22.312+0000] {processor.py:756} INFO - Processing file /home/airflow/.local/lib/python3.7/site-packages/airflow/example_dags/example_task_group.py for tasks to queue
[2024-09-25T13:27:22.313+0000] {logging_mixin.py:120} INFO - [2024-09-25T13:27:22.313+0000] {dagbag.py:537} INFO - Filling up the DagBag from /home/airflow/.local/lib/python3.7/site-packages/airflow/example_dags/example_task_group.py
[2024-09-25T13:27:22.342+0000] {processor.py:766} INFO - DAG(s) dict_keys(['example_task_group']) retrieved from /home/airflow/.local/lib/python3.7/site-packages/airflow/example_dags/example_task_group.py
[2024-09-25T13:27:22.402+0000] {logging_mixin.py:120} INFO - [2024-09-25T13:27:22.402+0000] {dag.py:2585} INFO - Sync 1 DAGs
[2024-09-25T13:27:22.431+0000] {logging_mixin.py:120} INFO - [2024-09-25T13:27:22.431+0000] {dag.py:3340} INFO - Setting next_dagrun for example_task_group to 2024-09-24T13:27:22.431296+00:00, run_after=2024-09-25T13:27:22.431296+00:00
[2024-09-25T13:27:22.456+0000] {processor.py:176} INFO - Processing /home/airflow/.local/lib/python3.7/site-packages/airflow/example_dags/example_task_group.py took 0.152 seconds
[2024-09-25T13:27:53.209+0000] {processor.py:154} INFO - Started process (PID=26327) to work on /home/airflow/.local/lib/python3.7/site-packages/airflow/example_dags/example_task_group.py
[2024-09-25T13:27:53.212+0000] {processor.py:756} INFO - Processing file /home/airflow/.local/lib/python3.7/site-packages/airflow/example_dags/example_task_group.py for tasks to queue
[2024-09-25T13:27:53.213+0000] {logging_mixin.py:120} INFO - [2024-09-25T13:27:53.213+0000] {dagbag.py:537} INFO - Filling up the DagBag from /home/airflow/.local/lib/python3.7/site-packages/airflow/example_dags/example_task_group.py
[2024-09-25T13:27:53.237+0000] {processor.py:766} INFO - DAG(s) dict_keys(['example_task_group']) retrieved from /home/airflow/.local/lib/python3.7/site-packages/airflow/example_dags/example_task_group.py
[2024-09-25T13:27:53.299+0000] {logging_mixin.py:120} INFO - [2024-09-25T13:27:53.298+0000] {dag.py:2585} INFO - Sync 1 DAGs
[2024-09-25T13:27:53.329+0000] {logging_mixin.py:120} INFO - [2024-09-25T13:27:53.329+0000] {dag.py:3340} INFO - Setting next_dagrun for example_task_group to 2024-09-24T13:27:53.328996+00:00, run_after=2024-09-25T13:27:53.328996+00:00
[2024-09-25T13:27:53.351+0000] {processor.py:176} INFO - Processing /home/airflow/.local/lib/python3.7/site-packages/airflow/example_dags/example_task_group.py took 0.146 seconds
[2024-09-25T13:28:23.627+0000] {processor.py:154} INFO - Started process (PID=26391) to work on /home/airflow/.local/lib/python3.7/site-packages/airflow/example_dags/example_task_group.py
[2024-09-25T13:28:23.629+0000] {processor.py:756} INFO - Processing file /home/airflow/.local/lib/python3.7/site-packages/airflow/example_dags/example_task_group.py for tasks to queue
[2024-09-25T13:28:23.630+0000] {logging_mixin.py:120} INFO - [2024-09-25T13:28:23.630+0000] {dagbag.py:537} INFO - Filling up the DagBag from /home/airflow/.local/lib/python3.7/site-packages/airflow/example_dags/example_task_group.py
[2024-09-25T13:28:23.655+0000] {processor.py:766} INFO - DAG(s) dict_keys(['example_task_group']) retrieved from /home/airflow/.local/lib/python3.7/site-packages/airflow/example_dags/example_task_group.py
[2024-09-25T13:28:23.707+0000] {logging_mixin.py:120} INFO - [2024-09-25T13:28:23.707+0000] {dag.py:2585} INFO - Sync 1 DAGs
[2024-09-25T13:28:23.737+0000] {logging_mixin.py:120} INFO - [2024-09-25T13:28:23.737+0000] {dag.py:3340} INFO - Setting next_dagrun for example_task_group to 2024-09-24T13:28:23.737532+00:00, run_after=2024-09-25T13:28:23.737532+00:00
[2024-09-25T13:28:23.917+0000] {processor.py:176} INFO - Processing /home/airflow/.local/lib/python3.7/site-packages/airflow/example_dags/example_task_group.py took 0.295 seconds
[2024-09-25T13:28:54.260+0000] {processor.py:154} INFO - Started process (PID=26454) to work on /home/airflow/.local/lib/python3.7/site-packages/airflow/example_dags/example_task_group.py
[2024-09-25T13:28:54.262+0000] {processor.py:756} INFO - Processing file /home/airflow/.local/lib/python3.7/site-packages/airflow/example_dags/example_task_group.py for tasks to queue
[2024-09-25T13:28:54.263+0000] {logging_mixin.py:120} INFO - [2024-09-25T13:28:54.262+0000] {dagbag.py:537} INFO - Filling up the DagBag from /home/airflow/.local/lib/python3.7/site-packages/airflow/example_dags/example_task_group.py
[2024-09-25T13:28:54.286+0000] {processor.py:766} INFO - DAG(s) dict_keys(['example_task_group']) retrieved from /home/airflow/.local/lib/python3.7/site-packages/airflow/example_dags/example_task_group.py
[2024-09-25T13:28:54.343+0000] {logging_mixin.py:120} INFO - [2024-09-25T13:28:54.343+0000] {dag.py:2585} INFO - Sync 1 DAGs
[2024-09-25T13:28:54.375+0000] {logging_mixin.py:120} INFO - [2024-09-25T13:28:54.375+0000] {dag.py:3340} INFO - Setting next_dagrun for example_task_group to 2024-09-24T13:28:54.374771+00:00, run_after=2024-09-25T13:28:54.374771+00:00
[2024-09-25T13:28:54.398+0000] {processor.py:176} INFO - Processing /home/airflow/.local/lib/python3.7/site-packages/airflow/example_dags/example_task_group.py took 0.142 seconds
[2024-09-25T13:29:24.543+0000] {processor.py:154} INFO - Started process (PID=26509) to work on /home/airflow/.local/lib/python3.7/site-packages/airflow/example_dags/example_task_group.py
[2024-09-25T13:29:24.545+0000] {processor.py:756} INFO - Processing file /home/airflow/.local/lib/python3.7/site-packages/airflow/example_dags/example_task_group.py for tasks to queue
[2024-09-25T13:29:24.545+0000] {logging_mixin.py:120} INFO - [2024-09-25T13:29:24.545+0000] {dagbag.py:537} INFO - Filling up the DagBag from /home/airflow/.local/lib/python3.7/site-packages/airflow/example_dags/example_task_group.py
[2024-09-25T13:29:24.569+0000] {processor.py:766} INFO - DAG(s) dict_keys(['example_task_group']) retrieved from /home/airflow/.local/lib/python3.7/site-packages/airflow/example_dags/example_task_group.py
[2024-09-25T13:29:24.631+0000] {logging_mixin.py:120} INFO - [2024-09-25T13:29:24.631+0000] {dag.py:2585} INFO - Sync 1 DAGs
[2024-09-25T13:29:24.673+0000] {logging_mixin.py:120} INFO - [2024-09-25T13:29:24.673+0000] {dag.py:3340} INFO - Setting next_dagrun for example_task_group to 2024-09-24T13:29:24.673388+00:00, run_after=2024-09-25T13:29:24.673388+00:00
[2024-09-25T13:29:24.698+0000] {processor.py:176} INFO - Processing /home/airflow/.local/lib/python3.7/site-packages/airflow/example_dags/example_task_group.py took 0.160 seconds
[2024-09-25T13:29:55.089+0000] {processor.py:154} INFO - Started process (PID=26573) to work on /home/airflow/.local/lib/python3.7/site-packages/airflow/example_dags/example_task_group.py
[2024-09-25T13:29:55.092+0000] {processor.py:756} INFO - Processing file /home/airflow/.local/lib/python3.7/site-packages/airflow/example_dags/example_task_group.py for tasks to queue
[2024-09-25T13:29:55.093+0000] {logging_mixin.py:120} INFO - [2024-09-25T13:29:55.093+0000] {dagbag.py:537} INFO - Filling up the DagBag from /home/airflow/.local/lib/python3.7/site-packages/airflow/example_dags/example_task_group.py
[2024-09-25T13:29:55.115+0000] {processor.py:766} INFO - DAG(s) dict_keys(['example_task_group']) retrieved from /home/airflow/.local/lib/python3.7/site-packages/airflow/example_dags/example_task_group.py
[2024-09-25T13:29:55.176+0000] {logging_mixin.py:120} INFO - [2024-09-25T13:29:55.176+0000] {dag.py:2585} INFO - Sync 1 DAGs
[2024-09-25T13:29:55.214+0000] {logging_mixin.py:120} INFO - [2024-09-25T13:29:55.214+0000] {dag.py:3340} INFO - Setting next_dagrun for example_task_group to 2024-09-24T13:29:55.213878+00:00, run_after=2024-09-25T13:29:55.213878+00:00
[2024-09-25T13:29:55.242+0000] {processor.py:176} INFO - Processing /home/airflow/.local/lib/python3.7/site-packages/airflow/example_dags/example_task_group.py took 0.157 seconds
[2024-09-25T13:30:25.558+0000] {processor.py:154} INFO - Started process (PID=26637) to work on /home/airflow/.local/lib/python3.7/site-packages/airflow/example_dags/example_task_group.py
[2024-09-25T13:30:25.560+0000] {processor.py:756} INFO - Processing file /home/airflow/.local/lib/python3.7/site-packages/airflow/example_dags/example_task_group.py for tasks to queue
[2024-09-25T13:30:25.561+0000] {logging_mixin.py:120} INFO - [2024-09-25T13:30:25.561+0000] {dagbag.py:537} INFO - Filling up the DagBag from /home/airflow/.local/lib/python3.7/site-packages/airflow/example_dags/example_task_group.py
[2024-09-25T13:30:25.583+0000] {processor.py:766} INFO - DAG(s) dict_keys(['example_task_group']) retrieved from /home/airflow/.local/lib/python3.7/site-packages/airflow/example_dags/example_task_group.py
[2024-09-25T13:30:25.637+0000] {logging_mixin.py:120} INFO - [2024-09-25T13:30:25.636+0000] {dag.py:2585} INFO - Sync 1 DAGs
[2024-09-25T13:30:25.668+0000] {logging_mixin.py:120} INFO - [2024-09-25T13:30:25.668+0000] {dag.py:3340} INFO - Setting next_dagrun for example_task_group to 2024-09-24T13:30:25.668474+00:00, run_after=2024-09-25T13:30:25.668474+00:00
[2024-09-25T13:30:25.843+0000] {processor.py:176} INFO - Processing /home/airflow/.local/lib/python3.7/site-packages/airflow/example_dags/example_task_group.py took 0.290 seconds
[2024-09-25T13:30:56.322+0000] {processor.py:154} INFO - Started process (PID=26701) to work on /home/airflow/.local/lib/python3.7/site-packages/airflow/example_dags/example_task_group.py
[2024-09-25T13:30:56.324+0000] {processor.py:756} INFO - Processing file /home/airflow/.local/lib/python3.7/site-packages/airflow/example_dags/example_task_group.py for tasks to queue
[2024-09-25T13:30:56.325+0000] {logging_mixin.py:120} INFO - [2024-09-25T13:30:56.325+0000] {dagbag.py:537} INFO - Filling up the DagBag from /home/airflow/.local/lib/python3.7/site-packages/airflow/example_dags/example_task_group.py
[2024-09-25T13:30:56.345+0000] {processor.py:766} INFO - DAG(s) dict_keys(['example_task_group']) retrieved from /home/airflow/.local/lib/python3.7/site-packages/airflow/example_dags/example_task_group.py
[2024-09-25T13:30:56.399+0000] {logging_mixin.py:120} INFO - [2024-09-25T13:30:56.398+0000] {dag.py:2585} INFO - Sync 1 DAGs
[2024-09-25T13:30:56.430+0000] {logging_mixin.py:120} INFO - [2024-09-25T13:30:56.430+0000] {dag.py:3340} INFO - Setting next_dagrun for example_task_group to 2024-09-24T13:30:56.429963+00:00, run_after=2024-09-25T13:30:56.429963+00:00
[2024-09-25T13:30:56.454+0000] {processor.py:176} INFO - Processing /home/airflow/.local/lib/python3.7/site-packages/airflow/example_dags/example_task_group.py took 0.137 seconds
[2024-09-25T13:31:26.944+0000] {processor.py:154} INFO - Started process (PID=26756) to work on /home/airflow/.local/lib/python3.7/site-packages/airflow/example_dags/example_task_group.py
[2024-09-25T13:31:26.946+0000] {processor.py:756} INFO - Processing file /home/airflow/.local/lib/python3.7/site-packages/airflow/example_dags/example_task_group.py for tasks to queue
[2024-09-25T13:31:26.947+0000] {logging_mixin.py:120} INFO - [2024-09-25T13:31:26.947+0000] {dagbag.py:537} INFO - Filling up the DagBag from /home/airflow/.local/lib/python3.7/site-packages/airflow/example_dags/example_task_group.py
[2024-09-25T13:31:26.973+0000] {processor.py:766} INFO - DAG(s) dict_keys(['example_task_group']) retrieved from /home/airflow/.local/lib/python3.7/site-packages/airflow/example_dags/example_task_group.py
[2024-09-25T13:31:27.034+0000] {logging_mixin.py:120} INFO - [2024-09-25T13:31:27.034+0000] {dag.py:2585} INFO - Sync 1 DAGs
[2024-09-25T13:31:27.070+0000] {logging_mixin.py:120} INFO - [2024-09-25T13:31:27.069+0000] {dag.py:3340} INFO - Setting next_dagrun for example_task_group to 2024-09-24T13:31:27.069602+00:00, run_after=2024-09-25T13:31:27.069602+00:00
[2024-09-25T13:31:27.103+0000] {processor.py:176} INFO - Processing /home/airflow/.local/lib/python3.7/site-packages/airflow/example_dags/example_task_group.py took 0.165 seconds
[2024-09-25T13:31:57.303+0000] {processor.py:154} INFO - Started process (PID=26819) to work on /home/airflow/.local/lib/python3.7/site-packages/airflow/example_dags/example_task_group.py
[2024-09-25T13:31:57.305+0000] {processor.py:756} INFO - Processing file /home/airflow/.local/lib/python3.7/site-packages/airflow/example_dags/example_task_group.py for tasks to queue
[2024-09-25T13:31:57.307+0000] {logging_mixin.py:120} INFO - [2024-09-25T13:31:57.307+0000] {dagbag.py:537} INFO - Filling up the DagBag from /home/airflow/.local/lib/python3.7/site-packages/airflow/example_dags/example_task_group.py
[2024-09-25T13:31:57.328+0000] {processor.py:766} INFO - DAG(s) dict_keys(['example_task_group']) retrieved from /home/airflow/.local/lib/python3.7/site-packages/airflow/example_dags/example_task_group.py
[2024-09-25T13:31:57.386+0000] {logging_mixin.py:120} INFO - [2024-09-25T13:31:57.385+0000] {dag.py:2585} INFO - Sync 1 DAGs
[2024-09-25T13:31:57.420+0000] {logging_mixin.py:120} INFO - [2024-09-25T13:31:57.420+0000] {dag.py:3340} INFO - Setting next_dagrun for example_task_group to 2024-09-24T13:31:57.419882+00:00, run_after=2024-09-25T13:31:57.419882+00:00
[2024-09-25T13:31:57.451+0000] {processor.py:176} INFO - Processing /home/airflow/.local/lib/python3.7/site-packages/airflow/example_dags/example_task_group.py took 0.152 seconds
[2024-09-25T13:32:28.296+0000] {processor.py:154} INFO - Started process (PID=26883) to work on /home/airflow/.local/lib/python3.7/site-packages/airflow/example_dags/example_task_group.py
[2024-09-25T13:32:28.298+0000] {processor.py:756} INFO - Processing file /home/airflow/.local/lib/python3.7/site-packages/airflow/example_dags/example_task_group.py for tasks to queue
[2024-09-25T13:32:28.299+0000] {logging_mixin.py:120} INFO - [2024-09-25T13:32:28.299+0000] {dagbag.py:537} INFO - Filling up the DagBag from /home/airflow/.local/lib/python3.7/site-packages/airflow/example_dags/example_task_group.py
[2024-09-25T13:32:28.326+0000] {processor.py:766} INFO - DAG(s) dict_keys(['example_task_group']) retrieved from /home/airflow/.local/lib/python3.7/site-packages/airflow/example_dags/example_task_group.py
[2024-09-25T13:32:28.398+0000] {logging_mixin.py:120} INFO - [2024-09-25T13:32:28.398+0000] {dag.py:2585} INFO - Sync 1 DAGs
[2024-09-25T13:32:28.435+0000] {logging_mixin.py:120} INFO - [2024-09-25T13:32:28.435+0000] {dag.py:3340} INFO - Setting next_dagrun for example_task_group to 2024-09-24T13:32:28.435210+00:00, run_after=2024-09-25T13:32:28.435210+00:00
[2024-09-25T13:32:28.614+0000] {processor.py:176} INFO - Processing /home/airflow/.local/lib/python3.7/site-packages/airflow/example_dags/example_task_group.py took 0.325 seconds
[2024-09-25T13:32:59.415+0000] {processor.py:154} INFO - Started process (PID=26938) to work on /home/airflow/.local/lib/python3.7/site-packages/airflow/example_dags/example_task_group.py
[2024-09-25T13:32:59.418+0000] {processor.py:756} INFO - Processing file /home/airflow/.local/lib/python3.7/site-packages/airflow/example_dags/example_task_group.py for tasks to queue
[2024-09-25T13:32:59.419+0000] {logging_mixin.py:120} INFO - [2024-09-25T13:32:59.419+0000] {dagbag.py:537} INFO - Filling up the DagBag from /home/airflow/.local/lib/python3.7/site-packages/airflow/example_dags/example_task_group.py
[2024-09-25T13:32:59.442+0000] {processor.py:766} INFO - DAG(s) dict_keys(['example_task_group']) retrieved from /home/airflow/.local/lib/python3.7/site-packages/airflow/example_dags/example_task_group.py
[2024-09-25T13:32:59.503+0000] {logging_mixin.py:120} INFO - [2024-09-25T13:32:59.503+0000] {dag.py:2585} INFO - Sync 1 DAGs
[2024-09-25T13:32:59.689+0000] {logging_mixin.py:120} INFO - [2024-09-25T13:32:59.689+0000] {dag.py:3340} INFO - Setting next_dagrun for example_task_group to 2024-09-24T13:32:59.689501+00:00, run_after=2024-09-25T13:32:59.689501+00:00
[2024-09-25T13:32:59.714+0000] {processor.py:176} INFO - Processing /home/airflow/.local/lib/python3.7/site-packages/airflow/example_dags/example_task_group.py took 0.303 seconds
[2024-09-25T13:33:29.868+0000] {processor.py:154} INFO - Started process (PID=27002) to work on /home/airflow/.local/lib/python3.7/site-packages/airflow/example_dags/example_task_group.py
[2024-09-25T13:33:29.870+0000] {processor.py:756} INFO - Processing file /home/airflow/.local/lib/python3.7/site-packages/airflow/example_dags/example_task_group.py for tasks to queue
[2024-09-25T13:33:29.872+0000] {logging_mixin.py:120} INFO - [2024-09-25T13:33:29.871+0000] {dagbag.py:537} INFO - Filling up the DagBag from /home/airflow/.local/lib/python3.7/site-packages/airflow/example_dags/example_task_group.py
[2024-09-25T13:33:29.896+0000] {processor.py:766} INFO - DAG(s) dict_keys(['example_task_group']) retrieved from /home/airflow/.local/lib/python3.7/site-packages/airflow/example_dags/example_task_group.py
[2024-09-25T13:33:29.956+0000] {logging_mixin.py:120} INFO - [2024-09-25T13:33:29.956+0000] {dag.py:2585} INFO - Sync 1 DAGs
[2024-09-25T13:33:29.992+0000] {logging_mixin.py:120} INFO - [2024-09-25T13:33:29.992+0000] {dag.py:3340} INFO - Setting next_dagrun for example_task_group to 2024-09-24T13:33:29.991782+00:00, run_after=2024-09-25T13:33:29.991782+00:00
[2024-09-25T13:33:30.020+0000] {processor.py:176} INFO - Processing /home/airflow/.local/lib/python3.7/site-packages/airflow/example_dags/example_task_group.py took 0.156 seconds
[2024-09-25T13:34:00.092+0000] {processor.py:154} INFO - Started process (PID=27066) to work on /home/airflow/.local/lib/python3.7/site-packages/airflow/example_dags/example_task_group.py
[2024-09-25T13:34:00.094+0000] {processor.py:756} INFO - Processing file /home/airflow/.local/lib/python3.7/site-packages/airflow/example_dags/example_task_group.py for tasks to queue
[2024-09-25T13:34:00.095+0000] {logging_mixin.py:120} INFO - [2024-09-25T13:34:00.094+0000] {dagbag.py:537} INFO - Filling up the DagBag from /home/airflow/.local/lib/python3.7/site-packages/airflow/example_dags/example_task_group.py
[2024-09-25T13:34:00.115+0000] {processor.py:766} INFO - DAG(s) dict_keys(['example_task_group']) retrieved from /home/airflow/.local/lib/python3.7/site-packages/airflow/example_dags/example_task_group.py
[2024-09-25T13:34:00.168+0000] {logging_mixin.py:120} INFO - [2024-09-25T13:34:00.168+0000] {dag.py:2585} INFO - Sync 1 DAGs
[2024-09-25T13:34:00.200+0000] {logging_mixin.py:120} INFO - [2024-09-25T13:34:00.200+0000] {dag.py:3340} INFO - Setting next_dagrun for example_task_group to 2024-09-24T13:34:00.200062+00:00, run_after=2024-09-25T13:34:00.200062+00:00
[2024-09-25T13:34:00.227+0000] {processor.py:176} INFO - Processing /home/airflow/.local/lib/python3.7/site-packages/airflow/example_dags/example_task_group.py took 0.140 seconds
[2024-09-25T13:34:31.280+0000] {processor.py:154} INFO - Started process (PID=27121) to work on /home/airflow/.local/lib/python3.7/site-packages/airflow/example_dags/example_task_group.py
[2024-09-25T13:34:31.282+0000] {processor.py:756} INFO - Processing file /home/airflow/.local/lib/python3.7/site-packages/airflow/example_dags/example_task_group.py for tasks to queue
[2024-09-25T13:34:31.283+0000] {logging_mixin.py:120} INFO - [2024-09-25T13:34:31.282+0000] {dagbag.py:537} INFO - Filling up the DagBag from /home/airflow/.local/lib/python3.7/site-packages/airflow/example_dags/example_task_group.py
[2024-09-25T13:34:31.306+0000] {processor.py:766} INFO - DAG(s) dict_keys(['example_task_group']) retrieved from /home/airflow/.local/lib/python3.7/site-packages/airflow/example_dags/example_task_group.py
[2024-09-25T13:34:31.360+0000] {logging_mixin.py:120} INFO - [2024-09-25T13:34:31.360+0000] {dag.py:2585} INFO - Sync 1 DAGs
[2024-09-25T13:34:31.393+0000] {logging_mixin.py:120} INFO - [2024-09-25T13:34:31.392+0000] {dag.py:3340} INFO - Setting next_dagrun for example_task_group to 2024-09-24T13:34:31.392680+00:00, run_after=2024-09-25T13:34:31.392680+00:00
[2024-09-25T13:34:31.565+0000] {processor.py:176} INFO - Processing /home/airflow/.local/lib/python3.7/site-packages/airflow/example_dags/example_task_group.py took 0.290 seconds
[2024-09-25T13:35:02.043+0000] {processor.py:154} INFO - Started process (PID=27185) to work on /home/airflow/.local/lib/python3.7/site-packages/airflow/example_dags/example_task_group.py
[2024-09-25T13:35:02.046+0000] {processor.py:756} INFO - Processing file /home/airflow/.local/lib/python3.7/site-packages/airflow/example_dags/example_task_group.py for tasks to queue
[2024-09-25T13:35:02.048+0000] {logging_mixin.py:120} INFO - [2024-09-25T13:35:02.048+0000] {dagbag.py:537} INFO - Filling up the DagBag from /home/airflow/.local/lib/python3.7/site-packages/airflow/example_dags/example_task_group.py
[2024-09-25T13:35:02.081+0000] {processor.py:766} INFO - DAG(s) dict_keys(['example_task_group']) retrieved from /home/airflow/.local/lib/python3.7/site-packages/airflow/example_dags/example_task_group.py
[2024-09-25T13:35:02.150+0000] {logging_mixin.py:120} INFO - [2024-09-25T13:35:02.150+0000] {dag.py:2585} INFO - Sync 1 DAGs
[2024-09-25T13:35:02.337+0000] {logging_mixin.py:120} INFO - [2024-09-25T13:35:02.337+0000] {dag.py:3340} INFO - Setting next_dagrun for example_task_group to 2024-09-24T13:35:02.337150+00:00, run_after=2024-09-25T13:35:02.337150+00:00
[2024-09-25T13:35:02.362+0000] {processor.py:176} INFO - Processing /home/airflow/.local/lib/python3.7/site-packages/airflow/example_dags/example_task_group.py took 0.326 seconds
[2024-09-25T13:35:32.866+0000] {processor.py:154} INFO - Started process (PID=27249) to work on /home/airflow/.local/lib/python3.7/site-packages/airflow/example_dags/example_task_group.py
[2024-09-25T13:35:32.867+0000] {processor.py:756} INFO - Processing file /home/airflow/.local/lib/python3.7/site-packages/airflow/example_dags/example_task_group.py for tasks to queue
[2024-09-25T13:35:32.868+0000] {logging_mixin.py:120} INFO - [2024-09-25T13:35:32.868+0000] {dagbag.py:537} INFO - Filling up the DagBag from /home/airflow/.local/lib/python3.7/site-packages/airflow/example_dags/example_task_group.py
[2024-09-25T13:35:32.889+0000] {processor.py:766} INFO - DAG(s) dict_keys(['example_task_group']) retrieved from /home/airflow/.local/lib/python3.7/site-packages/airflow/example_dags/example_task_group.py
[2024-09-25T13:35:32.946+0000] {logging_mixin.py:120} INFO - [2024-09-25T13:35:32.946+0000] {dag.py:2585} INFO - Sync 1 DAGs
[2024-09-25T13:35:32.979+0000] {logging_mixin.py:120} INFO - [2024-09-25T13:35:32.979+0000] {dag.py:3340} INFO - Setting next_dagrun for example_task_group to 2024-09-24T13:35:32.979386+00:00, run_after=2024-09-25T13:35:32.979386+00:00
[2024-09-25T13:35:33.002+0000] {processor.py:176} INFO - Processing /home/airflow/.local/lib/python3.7/site-packages/airflow/example_dags/example_task_group.py took 0.140 seconds
[2024-09-25T13:36:03.368+0000] {processor.py:154} INFO - Started process (PID=27311) to work on /home/airflow/.local/lib/python3.7/site-packages/airflow/example_dags/example_task_group.py
[2024-09-25T13:36:03.370+0000] {processor.py:756} INFO - Processing file /home/airflow/.local/lib/python3.7/site-packages/airflow/example_dags/example_task_group.py for tasks to queue
[2024-09-25T13:36:03.370+0000] {logging_mixin.py:120} INFO - [2024-09-25T13:36:03.370+0000] {dagbag.py:537} INFO - Filling up the DagBag from /home/airflow/.local/lib/python3.7/site-packages/airflow/example_dags/example_task_group.py
[2024-09-25T13:36:03.390+0000] {processor.py:766} INFO - DAG(s) dict_keys(['example_task_group']) retrieved from /home/airflow/.local/lib/python3.7/site-packages/airflow/example_dags/example_task_group.py
[2024-09-25T13:36:03.445+0000] {logging_mixin.py:120} INFO - [2024-09-25T13:36:03.445+0000] {dag.py:2585} INFO - Sync 1 DAGs
[2024-09-25T13:36:03.477+0000] {logging_mixin.py:120} INFO - [2024-09-25T13:36:03.477+0000] {dag.py:3340} INFO - Setting next_dagrun for example_task_group to 2024-09-24T13:36:03.477528+00:00, run_after=2024-09-25T13:36:03.477528+00:00
[2024-09-25T13:36:03.501+0000] {processor.py:176} INFO - Processing /home/airflow/.local/lib/python3.7/site-packages/airflow/example_dags/example_task_group.py took 0.137 seconds
[2024-09-25T13:36:34.207+0000] {processor.py:154} INFO - Started process (PID=27368) to work on /home/airflow/.local/lib/python3.7/site-packages/airflow/example_dags/example_task_group.py
[2024-09-25T13:36:34.210+0000] {processor.py:756} INFO - Processing file /home/airflow/.local/lib/python3.7/site-packages/airflow/example_dags/example_task_group.py for tasks to queue
[2024-09-25T13:36:34.212+0000] {logging_mixin.py:120} INFO - [2024-09-25T13:36:34.212+0000] {dagbag.py:537} INFO - Filling up the DagBag from /home/airflow/.local/lib/python3.7/site-packages/airflow/example_dags/example_task_group.py
[2024-09-25T13:36:34.246+0000] {processor.py:766} INFO - DAG(s) dict_keys(['example_task_group']) retrieved from /home/airflow/.local/lib/python3.7/site-packages/airflow/example_dags/example_task_group.py
[2024-09-25T13:36:34.329+0000] {logging_mixin.py:120} INFO - [2024-09-25T13:36:34.328+0000] {dag.py:2585} INFO - Sync 1 DAGs
[2024-09-25T13:36:34.368+0000] {logging_mixin.py:120} INFO - [2024-09-25T13:36:34.368+0000] {dag.py:3340} INFO - Setting next_dagrun for example_task_group to 2024-09-24T13:36:34.367767+00:00, run_after=2024-09-25T13:36:34.367767+00:00
[2024-09-25T13:36:34.559+0000] {processor.py:176} INFO - Processing /home/airflow/.local/lib/python3.7/site-packages/airflow/example_dags/example_task_group.py took 0.360 seconds
[2024-09-25T13:37:05.055+0000] {processor.py:154} INFO - Started process (PID=27432) to work on /home/airflow/.local/lib/python3.7/site-packages/airflow/example_dags/example_task_group.py
[2024-09-25T13:37:05.058+0000] {processor.py:756} INFO - Processing file /home/airflow/.local/lib/python3.7/site-packages/airflow/example_dags/example_task_group.py for tasks to queue
[2024-09-25T13:37:05.060+0000] {logging_mixin.py:120} INFO - [2024-09-25T13:37:05.060+0000] {dagbag.py:537} INFO - Filling up the DagBag from /home/airflow/.local/lib/python3.7/site-packages/airflow/example_dags/example_task_group.py
[2024-09-25T13:37:05.085+0000] {processor.py:766} INFO - DAG(s) dict_keys(['example_task_group']) retrieved from /home/airflow/.local/lib/python3.7/site-packages/airflow/example_dags/example_task_group.py
[2024-09-25T13:37:05.137+0000] {logging_mixin.py:120} INFO - [2024-09-25T13:37:05.137+0000] {dag.py:2585} INFO - Sync 1 DAGs
[2024-09-25T13:37:05.319+0000] {logging_mixin.py:120} INFO - [2024-09-25T13:37:05.319+0000] {dag.py:3340} INFO - Setting next_dagrun for example_task_group to 2024-09-24T13:37:05.319446+00:00, run_after=2024-09-25T13:37:05.319446+00:00
[2024-09-25T13:37:05.346+0000] {processor.py:176} INFO - Processing /home/airflow/.local/lib/python3.7/site-packages/airflow/example_dags/example_task_group.py took 0.298 seconds
[2024-09-25T13:37:35.753+0000] {processor.py:154} INFO - Started process (PID=27496) to work on /home/airflow/.local/lib/python3.7/site-packages/airflow/example_dags/example_task_group.py
[2024-09-25T13:37:35.755+0000] {processor.py:756} INFO - Processing file /home/airflow/.local/lib/python3.7/site-packages/airflow/example_dags/example_task_group.py for tasks to queue
[2024-09-25T13:37:35.756+0000] {logging_mixin.py:120} INFO - [2024-09-25T13:37:35.756+0000] {dagbag.py:537} INFO - Filling up the DagBag from /home/airflow/.local/lib/python3.7/site-packages/airflow/example_dags/example_task_group.py
[2024-09-25T13:37:35.779+0000] {processor.py:766} INFO - DAG(s) dict_keys(['example_task_group']) retrieved from /home/airflow/.local/lib/python3.7/site-packages/airflow/example_dags/example_task_group.py
[2024-09-25T13:37:35.832+0000] {logging_mixin.py:120} INFO - [2024-09-25T13:37:35.832+0000] {dag.py:2585} INFO - Sync 1 DAGs
[2024-09-25T13:37:35.865+0000] {logging_mixin.py:120} INFO - [2024-09-25T13:37:35.864+0000] {dag.py:3340} INFO - Setting next_dagrun for example_task_group to 2024-09-24T13:37:35.864656+00:00, run_after=2024-09-25T13:37:35.864656+00:00
[2024-09-25T13:37:35.894+0000] {processor.py:176} INFO - Processing /home/airflow/.local/lib/python3.7/site-packages/airflow/example_dags/example_task_group.py took 0.146 seconds
[2024-09-25T13:38:06.622+0000] {processor.py:154} INFO - Started process (PID=27551) to work on /home/airflow/.local/lib/python3.7/site-packages/airflow/example_dags/example_task_group.py
[2024-09-25T13:38:06.624+0000] {processor.py:756} INFO - Processing file /home/airflow/.local/lib/python3.7/site-packages/airflow/example_dags/example_task_group.py for tasks to queue
[2024-09-25T13:38:06.625+0000] {logging_mixin.py:120} INFO - [2024-09-25T13:38:06.625+0000] {dagbag.py:537} INFO - Filling up the DagBag from /home/airflow/.local/lib/python3.7/site-packages/airflow/example_dags/example_task_group.py
[2024-09-25T13:38:06.645+0000] {processor.py:766} INFO - DAG(s) dict_keys(['example_task_group']) retrieved from /home/airflow/.local/lib/python3.7/site-packages/airflow/example_dags/example_task_group.py
[2024-09-25T13:38:06.699+0000] {logging_mixin.py:120} INFO - [2024-09-25T13:38:06.699+0000] {dag.py:2585} INFO - Sync 1 DAGs
[2024-09-25T13:38:06.735+0000] {logging_mixin.py:120} INFO - [2024-09-25T13:38:06.735+0000] {dag.py:3340} INFO - Setting next_dagrun for example_task_group to 2024-09-24T13:38:06.734942+00:00, run_after=2024-09-25T13:38:06.734942+00:00
[2024-09-25T13:38:06.761+0000] {processor.py:176} INFO - Processing /home/airflow/.local/lib/python3.7/site-packages/airflow/example_dags/example_task_group.py took 0.145 seconds
[2024-09-25T13:38:37.697+0000] {processor.py:154} INFO - Started process (PID=27615) to work on /home/airflow/.local/lib/python3.7/site-packages/airflow/example_dags/example_task_group.py
[2024-09-25T13:38:37.699+0000] {processor.py:756} INFO - Processing file /home/airflow/.local/lib/python3.7/site-packages/airflow/example_dags/example_task_group.py for tasks to queue
[2024-09-25T13:38:37.700+0000] {logging_mixin.py:120} INFO - [2024-09-25T13:38:37.700+0000] {dagbag.py:537} INFO - Filling up the DagBag from /home/airflow/.local/lib/python3.7/site-packages/airflow/example_dags/example_task_group.py
[2024-09-25T13:38:37.722+0000] {processor.py:766} INFO - DAG(s) dict_keys(['example_task_group']) retrieved from /home/airflow/.local/lib/python3.7/site-packages/airflow/example_dags/example_task_group.py
[2024-09-25T13:38:37.778+0000] {logging_mixin.py:120} INFO - [2024-09-25T13:38:37.778+0000] {dag.py:2585} INFO - Sync 1 DAGs
[2024-09-25T13:38:37.812+0000] {logging_mixin.py:120} INFO - [2024-09-25T13:38:37.811+0000] {dag.py:3340} INFO - Setting next_dagrun for example_task_group to 2024-09-24T13:38:37.811638+00:00, run_after=2024-09-25T13:38:37.811638+00:00
[2024-09-25T13:38:37.989+0000] {processor.py:176} INFO - Processing /home/airflow/.local/lib/python3.7/site-packages/airflow/example_dags/example_task_group.py took 0.297 seconds
[2024-09-25T13:39:08.930+0000] {processor.py:154} INFO - Started process (PID=27679) to work on /home/airflow/.local/lib/python3.7/site-packages/airflow/example_dags/example_task_group.py
[2024-09-25T13:39:08.933+0000] {processor.py:756} INFO - Processing file /home/airflow/.local/lib/python3.7/site-packages/airflow/example_dags/example_task_group.py for tasks to queue
[2024-09-25T13:39:08.934+0000] {logging_mixin.py:120} INFO - [2024-09-25T13:39:08.934+0000] {dagbag.py:537} INFO - Filling up the DagBag from /home/airflow/.local/lib/python3.7/site-packages/airflow/example_dags/example_task_group.py
[2024-09-25T13:39:08.958+0000] {processor.py:766} INFO - DAG(s) dict_keys(['example_task_group']) retrieved from /home/airflow/.local/lib/python3.7/site-packages/airflow/example_dags/example_task_group.py
[2024-09-25T13:39:09.015+0000] {logging_mixin.py:120} INFO - [2024-09-25T13:39:09.015+0000] {dag.py:2585} INFO - Sync 1 DAGs
[2024-09-25T13:39:09.200+0000] {logging_mixin.py:120} INFO - [2024-09-25T13:39:09.200+0000] {dag.py:3340} INFO - Setting next_dagrun for example_task_group to 2024-09-24T13:39:09.200378+00:00, run_after=2024-09-25T13:39:09.200378+00:00
[2024-09-25T13:39:09.230+0000] {processor.py:176} INFO - Processing /home/airflow/.local/lib/python3.7/site-packages/airflow/example_dags/example_task_group.py took 0.304 seconds
[2024-09-25T13:39:39.598+0000] {processor.py:154} INFO - Started process (PID=27741) to work on /home/airflow/.local/lib/python3.7/site-packages/airflow/example_dags/example_task_group.py
[2024-09-25T13:39:39.600+0000] {processor.py:756} INFO - Processing file /home/airflow/.local/lib/python3.7/site-packages/airflow/example_dags/example_task_group.py for tasks to queue
[2024-09-25T13:39:39.601+0000] {logging_mixin.py:120} INFO - [2024-09-25T13:39:39.601+0000] {dagbag.py:537} INFO - Filling up the DagBag from /home/airflow/.local/lib/python3.7/site-packages/airflow/example_dags/example_task_group.py
[2024-09-25T13:39:39.625+0000] {processor.py:766} INFO - DAG(s) dict_keys(['example_task_group']) retrieved from /home/airflow/.local/lib/python3.7/site-packages/airflow/example_dags/example_task_group.py
[2024-09-25T13:39:39.679+0000] {logging_mixin.py:120} INFO - [2024-09-25T13:39:39.679+0000] {dag.py:2585} INFO - Sync 1 DAGs
[2024-09-25T13:39:39.713+0000] {logging_mixin.py:120} INFO - [2024-09-25T13:39:39.713+0000] {dag.py:3340} INFO - Setting next_dagrun for example_task_group to 2024-09-24T13:39:39.713427+00:00, run_after=2024-09-25T13:39:39.713427+00:00
[2024-09-25T13:39:39.744+0000] {processor.py:176} INFO - Processing /home/airflow/.local/lib/python3.7/site-packages/airflow/example_dags/example_task_group.py took 0.150 seconds
[2024-09-25T13:40:10.084+0000] {processor.py:154} INFO - Started process (PID=27796) to work on /home/airflow/.local/lib/python3.7/site-packages/airflow/example_dags/example_task_group.py
[2024-09-25T13:40:10.086+0000] {processor.py:756} INFO - Processing file /home/airflow/.local/lib/python3.7/site-packages/airflow/example_dags/example_task_group.py for tasks to queue
[2024-09-25T13:40:10.087+0000] {logging_mixin.py:120} INFO - [2024-09-25T13:40:10.087+0000] {dagbag.py:537} INFO - Filling up the DagBag from /home/airflow/.local/lib/python3.7/site-packages/airflow/example_dags/example_task_group.py
[2024-09-25T13:40:10.112+0000] {processor.py:766} INFO - DAG(s) dict_keys(['example_task_group']) retrieved from /home/airflow/.local/lib/python3.7/site-packages/airflow/example_dags/example_task_group.py
[2024-09-25T13:40:10.191+0000] {logging_mixin.py:120} INFO - [2024-09-25T13:40:10.191+0000] {dag.py:2585} INFO - Sync 1 DAGs
[2024-09-25T13:40:10.228+0000] {logging_mixin.py:120} INFO - [2024-09-25T13:40:10.228+0000] {dag.py:3340} INFO - Setting next_dagrun for example_task_group to 2024-09-24T13:40:10.227950+00:00, run_after=2024-09-25T13:40:10.227950+00:00
[2024-09-25T13:40:10.261+0000] {processor.py:176} INFO - Processing /home/airflow/.local/lib/python3.7/site-packages/airflow/example_dags/example_task_group.py took 0.182 seconds
[2024-09-25T13:40:41.219+0000] {processor.py:154} INFO - Started process (PID=27860) to work on /home/airflow/.local/lib/python3.7/site-packages/airflow/example_dags/example_task_group.py
[2024-09-25T13:40:41.221+0000] {processor.py:756} INFO - Processing file /home/airflow/.local/lib/python3.7/site-packages/airflow/example_dags/example_task_group.py for tasks to queue
[2024-09-25T13:40:41.222+0000] {logging_mixin.py:120} INFO - [2024-09-25T13:40:41.222+0000] {dagbag.py:537} INFO - Filling up the DagBag from /home/airflow/.local/lib/python3.7/site-packages/airflow/example_dags/example_task_group.py
[2024-09-25T13:40:41.246+0000] {processor.py:766} INFO - DAG(s) dict_keys(['example_task_group']) retrieved from /home/airflow/.local/lib/python3.7/site-packages/airflow/example_dags/example_task_group.py
[2024-09-25T13:40:41.307+0000] {logging_mixin.py:120} INFO - [2024-09-25T13:40:41.307+0000] {dag.py:2585} INFO - Sync 1 DAGs
[2024-09-25T13:40:41.342+0000] {logging_mixin.py:120} INFO - [2024-09-25T13:40:41.342+0000] {dag.py:3340} INFO - Setting next_dagrun for example_task_group to 2024-09-24T13:40:41.341931+00:00, run_after=2024-09-25T13:40:41.341931+00:00
[2024-09-25T13:40:41.369+0000] {processor.py:176} INFO - Processing /home/airflow/.local/lib/python3.7/site-packages/airflow/example_dags/example_task_group.py took 0.156 seconds
[2024-09-25T13:41:11.864+0000] {processor.py:154} INFO - Started process (PID=27924) to work on /home/airflow/.local/lib/python3.7/site-packages/airflow/example_dags/example_task_group.py
[2024-09-25T13:41:11.866+0000] {processor.py:756} INFO - Processing file /home/airflow/.local/lib/python3.7/site-packages/airflow/example_dags/example_task_group.py for tasks to queue
[2024-09-25T13:41:11.867+0000] {logging_mixin.py:120} INFO - [2024-09-25T13:41:11.867+0000] {dagbag.py:537} INFO - Filling up the DagBag from /home/airflow/.local/lib/python3.7/site-packages/airflow/example_dags/example_task_group.py
[2024-09-25T13:41:11.888+0000] {processor.py:766} INFO - DAG(s) dict_keys(['example_task_group']) retrieved from /home/airflow/.local/lib/python3.7/site-packages/airflow/example_dags/example_task_group.py
[2024-09-25T13:41:11.940+0000] {logging_mixin.py:120} INFO - [2024-09-25T13:41:11.940+0000] {dag.py:2585} INFO - Sync 1 DAGs
[2024-09-25T13:41:12.106+0000] {logging_mixin.py:120} INFO - [2024-09-25T13:41:12.106+0000] {dag.py:3340} INFO - Setting next_dagrun for example_task_group to 2024-09-24T13:41:12.106463+00:00, run_after=2024-09-25T13:41:12.106463+00:00
[2024-09-25T13:41:12.129+0000] {processor.py:176} INFO - Processing /home/airflow/.local/lib/python3.7/site-packages/airflow/example_dags/example_task_group.py took 0.270 seconds
[2024-09-25T13:41:42.268+0000] {processor.py:154} INFO - Started process (PID=27979) to work on /home/airflow/.local/lib/python3.7/site-packages/airflow/example_dags/example_task_group.py
[2024-09-25T13:41:42.270+0000] {processor.py:756} INFO - Processing file /home/airflow/.local/lib/python3.7/site-packages/airflow/example_dags/example_task_group.py for tasks to queue
[2024-09-25T13:41:42.271+0000] {logging_mixin.py:120} INFO - [2024-09-25T13:41:42.271+0000] {dagbag.py:537} INFO - Filling up the DagBag from /home/airflow/.local/lib/python3.7/site-packages/airflow/example_dags/example_task_group.py
[2024-09-25T13:41:42.292+0000] {processor.py:766} INFO - DAG(s) dict_keys(['example_task_group']) retrieved from /home/airflow/.local/lib/python3.7/site-packages/airflow/example_dags/example_task_group.py
[2024-09-25T13:41:42.344+0000] {logging_mixin.py:120} INFO - [2024-09-25T13:41:42.343+0000] {dag.py:2585} INFO - Sync 1 DAGs
[2024-09-25T13:41:42.522+0000] {logging_mixin.py:120} INFO - [2024-09-25T13:41:42.522+0000] {dag.py:3340} INFO - Setting next_dagrun for example_task_group to 2024-09-24T13:41:42.522506+00:00, run_after=2024-09-25T13:41:42.522506+00:00
[2024-09-25T13:41:42.546+0000] {processor.py:176} INFO - Processing /home/airflow/.local/lib/python3.7/site-packages/airflow/example_dags/example_task_group.py took 0.284 seconds
[2024-09-25T13:42:13.075+0000] {processor.py:154} INFO - Started process (PID=28043) to work on /home/airflow/.local/lib/python3.7/site-packages/airflow/example_dags/example_task_group.py
[2024-09-25T13:42:13.077+0000] {processor.py:756} INFO - Processing file /home/airflow/.local/lib/python3.7/site-packages/airflow/example_dags/example_task_group.py for tasks to queue
[2024-09-25T13:42:13.078+0000] {logging_mixin.py:120} INFO - [2024-09-25T13:42:13.078+0000] {dagbag.py:537} INFO - Filling up the DagBag from /home/airflow/.local/lib/python3.7/site-packages/airflow/example_dags/example_task_group.py
[2024-09-25T13:42:13.100+0000] {processor.py:766} INFO - DAG(s) dict_keys(['example_task_group']) retrieved from /home/airflow/.local/lib/python3.7/site-packages/airflow/example_dags/example_task_group.py
[2024-09-25T13:42:13.155+0000] {logging_mixin.py:120} INFO - [2024-09-25T13:42:13.155+0000] {dag.py:2585} INFO - Sync 1 DAGs
[2024-09-25T13:42:13.187+0000] {logging_mixin.py:120} INFO - [2024-09-25T13:42:13.187+0000] {dag.py:3340} INFO - Setting next_dagrun for example_task_group to 2024-09-24T13:42:13.187426+00:00, run_after=2024-09-25T13:42:13.187426+00:00
[2024-09-25T13:42:13.216+0000] {processor.py:176} INFO - Processing /home/airflow/.local/lib/python3.7/site-packages/airflow/example_dags/example_task_group.py took 0.144 seconds
[2024-09-25T13:42:44.001+0000] {processor.py:154} INFO - Started process (PID=28107) to work on /home/airflow/.local/lib/python3.7/site-packages/airflow/example_dags/example_task_group.py
[2024-09-25T13:42:44.004+0000] {processor.py:756} INFO - Processing file /home/airflow/.local/lib/python3.7/site-packages/airflow/example_dags/example_task_group.py for tasks to queue
[2024-09-25T13:42:44.005+0000] {logging_mixin.py:120} INFO - [2024-09-25T13:42:44.005+0000] {dagbag.py:537} INFO - Filling up the DagBag from /home/airflow/.local/lib/python3.7/site-packages/airflow/example_dags/example_task_group.py
[2024-09-25T13:42:44.030+0000] {processor.py:766} INFO - DAG(s) dict_keys(['example_task_group']) retrieved from /home/airflow/.local/lib/python3.7/site-packages/airflow/example_dags/example_task_group.py
[2024-09-25T13:42:44.090+0000] {logging_mixin.py:120} INFO - [2024-09-25T13:42:44.090+0000] {dag.py:2585} INFO - Sync 1 DAGs
[2024-09-25T13:42:44.125+0000] {logging_mixin.py:120} INFO - [2024-09-25T13:42:44.125+0000] {dag.py:3340} INFO - Setting next_dagrun for example_task_group to 2024-09-24T13:42:44.124782+00:00, run_after=2024-09-25T13:42:44.124782+00:00
[2024-09-25T13:42:44.156+0000] {processor.py:176} INFO - Processing /home/airflow/.local/lib/python3.7/site-packages/airflow/example_dags/example_task_group.py took 0.159 seconds
[2024-09-25T13:43:14.589+0000] {processor.py:154} INFO - Started process (PID=28171) to work on /home/airflow/.local/lib/python3.7/site-packages/airflow/example_dags/example_task_group.py
[2024-09-25T13:43:14.592+0000] {processor.py:756} INFO - Processing file /home/airflow/.local/lib/python3.7/site-packages/airflow/example_dags/example_task_group.py for tasks to queue
[2024-09-25T13:43:14.593+0000] {logging_mixin.py:120} INFO - [2024-09-25T13:43:14.593+0000] {dagbag.py:537} INFO - Filling up the DagBag from /home/airflow/.local/lib/python3.7/site-packages/airflow/example_dags/example_task_group.py
[2024-09-25T13:43:14.621+0000] {processor.py:766} INFO - DAG(s) dict_keys(['example_task_group']) retrieved from /home/airflow/.local/lib/python3.7/site-packages/airflow/example_dags/example_task_group.py
[2024-09-25T13:43:14.679+0000] {logging_mixin.py:120} INFO - [2024-09-25T13:43:14.679+0000] {dag.py:2585} INFO - Sync 1 DAGs
[2024-09-25T13:43:14.849+0000] {logging_mixin.py:120} INFO - [2024-09-25T13:43:14.849+0000] {dag.py:3340} INFO - Setting next_dagrun for example_task_group to 2024-09-24T13:43:14.849447+00:00, run_after=2024-09-25T13:43:14.849447+00:00
[2024-09-25T13:43:14.873+0000] {processor.py:176} INFO - Processing /home/airflow/.local/lib/python3.7/site-packages/airflow/example_dags/example_task_group.py took 0.289 seconds
[2024-09-25T13:43:44.944+0000] {processor.py:154} INFO - Started process (PID=28225) to work on /home/airflow/.local/lib/python3.7/site-packages/airflow/example_dags/example_task_group.py
[2024-09-25T13:43:44.946+0000] {processor.py:756} INFO - Processing file /home/airflow/.local/lib/python3.7/site-packages/airflow/example_dags/example_task_group.py for tasks to queue
[2024-09-25T13:43:44.947+0000] {logging_mixin.py:120} INFO - [2024-09-25T13:43:44.947+0000] {dagbag.py:537} INFO - Filling up the DagBag from /home/airflow/.local/lib/python3.7/site-packages/airflow/example_dags/example_task_group.py
[2024-09-25T13:43:44.970+0000] {processor.py:766} INFO - DAG(s) dict_keys(['example_task_group']) retrieved from /home/airflow/.local/lib/python3.7/site-packages/airflow/example_dags/example_task_group.py
[2024-09-25T13:43:45.030+0000] {logging_mixin.py:120} INFO - [2024-09-25T13:43:45.030+0000] {dag.py:2585} INFO - Sync 1 DAGs
[2024-09-25T13:43:45.210+0000] {logging_mixin.py:120} INFO - [2024-09-25T13:43:45.210+0000] {dag.py:3340} INFO - Setting next_dagrun for example_task_group to 2024-09-24T13:43:45.209999+00:00, run_after=2024-09-25T13:43:45.209999+00:00
[2024-09-25T13:43:45.235+0000] {processor.py:176} INFO - Processing /home/airflow/.local/lib/python3.7/site-packages/airflow/example_dags/example_task_group.py took 0.295 seconds
[2024-09-25T13:44:15.343+0000] {processor.py:154} INFO - Started process (PID=28289) to work on /home/airflow/.local/lib/python3.7/site-packages/airflow/example_dags/example_task_group.py
[2024-09-25T13:44:15.345+0000] {processor.py:756} INFO - Processing file /home/airflow/.local/lib/python3.7/site-packages/airflow/example_dags/example_task_group.py for tasks to queue
[2024-09-25T13:44:15.346+0000] {logging_mixin.py:120} INFO - [2024-09-25T13:44:15.345+0000] {dagbag.py:537} INFO - Filling up the DagBag from /home/airflow/.local/lib/python3.7/site-packages/airflow/example_dags/example_task_group.py
[2024-09-25T13:44:15.370+0000] {processor.py:766} INFO - DAG(s) dict_keys(['example_task_group']) retrieved from /home/airflow/.local/lib/python3.7/site-packages/airflow/example_dags/example_task_group.py
[2024-09-25T13:44:15.429+0000] {logging_mixin.py:120} INFO - [2024-09-25T13:44:15.429+0000] {dag.py:2585} INFO - Sync 1 DAGs
[2024-09-25T13:44:15.460+0000] {logging_mixin.py:120} INFO - [2024-09-25T13:44:15.460+0000] {dag.py:3340} INFO - Setting next_dagrun for example_task_group to 2024-09-24T13:44:15.460350+00:00, run_after=2024-09-25T13:44:15.460350+00:00
[2024-09-25T13:44:15.486+0000] {processor.py:176} INFO - Processing /home/airflow/.local/lib/python3.7/site-packages/airflow/example_dags/example_task_group.py took 0.147 seconds
[2024-09-25T13:44:46.285+0000] {processor.py:154} INFO - Started process (PID=28353) to work on /home/airflow/.local/lib/python3.7/site-packages/airflow/example_dags/example_task_group.py
[2024-09-25T13:44:46.287+0000] {processor.py:756} INFO - Processing file /home/airflow/.local/lib/python3.7/site-packages/airflow/example_dags/example_task_group.py for tasks to queue
[2024-09-25T13:44:46.288+0000] {logging_mixin.py:120} INFO - [2024-09-25T13:44:46.288+0000] {dagbag.py:537} INFO - Filling up the DagBag from /home/airflow/.local/lib/python3.7/site-packages/airflow/example_dags/example_task_group.py
[2024-09-25T13:44:46.311+0000] {processor.py:766} INFO - DAG(s) dict_keys(['example_task_group']) retrieved from /home/airflow/.local/lib/python3.7/site-packages/airflow/example_dags/example_task_group.py
[2024-09-25T13:44:46.376+0000] {logging_mixin.py:120} INFO - [2024-09-25T13:44:46.376+0000] {dag.py:2585} INFO - Sync 1 DAGs
[2024-09-25T13:44:46.415+0000] {logging_mixin.py:120} INFO - [2024-09-25T13:44:46.415+0000] {dag.py:3340} INFO - Setting next_dagrun for example_task_group to 2024-09-24T13:44:46.414869+00:00, run_after=2024-09-25T13:44:46.414869+00:00
[2024-09-25T13:44:46.444+0000] {processor.py:176} INFO - Processing /home/airflow/.local/lib/python3.7/site-packages/airflow/example_dags/example_task_group.py took 0.164 seconds
[2024-09-25T13:45:17.337+0000] {processor.py:154} INFO - Started process (PID=28409) to work on /home/airflow/.local/lib/python3.7/site-packages/airflow/example_dags/example_task_group.py
[2024-09-25T13:45:17.339+0000] {processor.py:756} INFO - Processing file /home/airflow/.local/lib/python3.7/site-packages/airflow/example_dags/example_task_group.py for tasks to queue
[2024-09-25T13:45:17.340+0000] {logging_mixin.py:120} INFO - [2024-09-25T13:45:17.340+0000] {dagbag.py:537} INFO - Filling up the DagBag from /home/airflow/.local/lib/python3.7/site-packages/airflow/example_dags/example_task_group.py
[2024-09-25T13:45:17.360+0000] {processor.py:766} INFO - DAG(s) dict_keys(['example_task_group']) retrieved from /home/airflow/.local/lib/python3.7/site-packages/airflow/example_dags/example_task_group.py
[2024-09-25T13:45:17.415+0000] {logging_mixin.py:120} INFO - [2024-09-25T13:45:17.415+0000] {dag.py:2585} INFO - Sync 1 DAGs
[2024-09-25T13:45:17.448+0000] {logging_mixin.py:120} INFO - [2024-09-25T13:45:17.448+0000] {dag.py:3340} INFO - Setting next_dagrun for example_task_group to 2024-09-24T13:45:17.447785+00:00, run_after=2024-09-25T13:45:17.447785+00:00
[2024-09-25T13:45:17.656+0000] {processor.py:176} INFO - Processing /home/airflow/.local/lib/python3.7/site-packages/airflow/example_dags/example_task_group.py took 0.323 seconds
[2024-09-25T13:45:48.344+0000] {processor.py:154} INFO - Started process (PID=28473) to work on /home/airflow/.local/lib/python3.7/site-packages/airflow/example_dags/example_task_group.py
[2024-09-25T13:45:48.346+0000] {processor.py:756} INFO - Processing file /home/airflow/.local/lib/python3.7/site-packages/airflow/example_dags/example_task_group.py for tasks to queue
[2024-09-25T13:45:48.349+0000] {logging_mixin.py:120} INFO - [2024-09-25T13:45:48.349+0000] {dagbag.py:537} INFO - Filling up the DagBag from /home/airflow/.local/lib/python3.7/site-packages/airflow/example_dags/example_task_group.py
[2024-09-25T13:45:48.370+0000] {processor.py:766} INFO - DAG(s) dict_keys(['example_task_group']) retrieved from /home/airflow/.local/lib/python3.7/site-packages/airflow/example_dags/example_task_group.py
[2024-09-25T13:45:48.425+0000] {logging_mixin.py:120} INFO - [2024-09-25T13:45:48.424+0000] {dag.py:2585} INFO - Sync 1 DAGs
[2024-09-25T13:45:48.611+0000] {logging_mixin.py:120} INFO - [2024-09-25T13:45:48.611+0000] {dag.py:3340} INFO - Setting next_dagrun for example_task_group to 2024-09-24T13:45:48.610862+00:00, run_after=2024-09-25T13:45:48.610862+00:00
[2024-09-25T13:45:48.634+0000] {processor.py:176} INFO - Processing /home/airflow/.local/lib/python3.7/site-packages/airflow/example_dags/example_task_group.py took 0.296 seconds
[2024-09-25T13:46:19.345+0000] {processor.py:154} INFO - Started process (PID=28537) to work on /home/airflow/.local/lib/python3.7/site-packages/airflow/example_dags/example_task_group.py
[2024-09-25T13:46:19.347+0000] {processor.py:756} INFO - Processing file /home/airflow/.local/lib/python3.7/site-packages/airflow/example_dags/example_task_group.py for tasks to queue
[2024-09-25T13:46:19.348+0000] {logging_mixin.py:120} INFO - [2024-09-25T13:46:19.348+0000] {dagbag.py:537} INFO - Filling up the DagBag from /home/airflow/.local/lib/python3.7/site-packages/airflow/example_dags/example_task_group.py
[2024-09-25T13:46:19.370+0000] {processor.py:766} INFO - DAG(s) dict_keys(['example_task_group']) retrieved from /home/airflow/.local/lib/python3.7/site-packages/airflow/example_dags/example_task_group.py
[2024-09-25T13:46:19.425+0000] {logging_mixin.py:120} INFO - [2024-09-25T13:46:19.424+0000] {dag.py:2585} INFO - Sync 1 DAGs
[2024-09-25T13:46:19.454+0000] {logging_mixin.py:120} INFO - [2024-09-25T13:46:19.454+0000] {dag.py:3340} INFO - Setting next_dagrun for example_task_group to 2024-09-24T13:46:19.454474+00:00, run_after=2024-09-25T13:46:19.454474+00:00
[2024-09-25T13:46:19.483+0000] {processor.py:176} INFO - Processing /home/airflow/.local/lib/python3.7/site-packages/airflow/example_dags/example_task_group.py took 0.142 seconds
[2024-09-25T13:46:49.845+0000] {processor.py:154} INFO - Started process (PID=28600) to work on /home/airflow/.local/lib/python3.7/site-packages/airflow/example_dags/example_task_group.py
[2024-09-25T13:46:49.848+0000] {processor.py:756} INFO - Processing file /home/airflow/.local/lib/python3.7/site-packages/airflow/example_dags/example_task_group.py for tasks to queue
[2024-09-25T13:46:49.849+0000] {logging_mixin.py:120} INFO - [2024-09-25T13:46:49.849+0000] {dagbag.py:537} INFO - Filling up the DagBag from /home/airflow/.local/lib/python3.7/site-packages/airflow/example_dags/example_task_group.py
[2024-09-25T13:46:49.870+0000] {processor.py:766} INFO - DAG(s) dict_keys(['example_task_group']) retrieved from /home/airflow/.local/lib/python3.7/site-packages/airflow/example_dags/example_task_group.py
[2024-09-25T13:46:49.928+0000] {logging_mixin.py:120} INFO - [2024-09-25T13:46:49.928+0000] {dag.py:2585} INFO - Sync 1 DAGs
[2024-09-25T13:46:49.964+0000] {logging_mixin.py:120} INFO - [2024-09-25T13:46:49.964+0000] {dag.py:3340} INFO - Setting next_dagrun for example_task_group to 2024-09-24T13:46:49.963922+00:00, run_after=2024-09-25T13:46:49.963922+00:00
[2024-09-25T13:46:49.989+0000] {processor.py:176} INFO - Processing /home/airflow/.local/lib/python3.7/site-packages/airflow/example_dags/example_task_group.py took 0.148 seconds
[2024-09-25T13:47:20.729+0000] {processor.py:154} INFO - Started process (PID=28655) to work on /home/airflow/.local/lib/python3.7/site-packages/airflow/example_dags/example_task_group.py
[2024-09-25T13:47:20.731+0000] {processor.py:756} INFO - Processing file /home/airflow/.local/lib/python3.7/site-packages/airflow/example_dags/example_task_group.py for tasks to queue
[2024-09-25T13:47:20.732+0000] {logging_mixin.py:120} INFO - [2024-09-25T13:47:20.732+0000] {dagbag.py:537} INFO - Filling up the DagBag from /home/airflow/.local/lib/python3.7/site-packages/airflow/example_dags/example_task_group.py
[2024-09-25T13:47:20.763+0000] {processor.py:766} INFO - DAG(s) dict_keys(['example_task_group']) retrieved from /home/airflow/.local/lib/python3.7/site-packages/airflow/example_dags/example_task_group.py
[2024-09-25T13:47:20.828+0000] {logging_mixin.py:120} INFO - [2024-09-25T13:47:20.828+0000] {dag.py:2585} INFO - Sync 1 DAGs
[2024-09-25T13:47:20.868+0000] {logging_mixin.py:120} INFO - [2024-09-25T13:47:20.868+0000] {dag.py:3340} INFO - Setting next_dagrun for example_task_group to 2024-09-24T13:47:20.868347+00:00, run_after=2024-09-25T13:47:20.868347+00:00
[2024-09-25T13:47:21.048+0000] {processor.py:176} INFO - Processing /home/airflow/.local/lib/python3.7/site-packages/airflow/example_dags/example_task_group.py took 0.324 seconds
[2024-09-25T13:47:51.744+0000] {processor.py:154} INFO - Started process (PID=28719) to work on /home/airflow/.local/lib/python3.7/site-packages/airflow/example_dags/example_task_group.py
[2024-09-25T13:47:51.746+0000] {processor.py:756} INFO - Processing file /home/airflow/.local/lib/python3.7/site-packages/airflow/example_dags/example_task_group.py for tasks to queue
[2024-09-25T13:47:51.747+0000] {logging_mixin.py:120} INFO - [2024-09-25T13:47:51.747+0000] {dagbag.py:537} INFO - Filling up the DagBag from /home/airflow/.local/lib/python3.7/site-packages/airflow/example_dags/example_task_group.py
[2024-09-25T13:47:51.769+0000] {processor.py:766} INFO - DAG(s) dict_keys(['example_task_group']) retrieved from /home/airflow/.local/lib/python3.7/site-packages/airflow/example_dags/example_task_group.py
[2024-09-25T13:47:51.822+0000] {logging_mixin.py:120} INFO - [2024-09-25T13:47:51.822+0000] {dag.py:2585} INFO - Sync 1 DAGs
[2024-09-25T13:47:52.040+0000] {logging_mixin.py:120} INFO - [2024-09-25T13:47:52.040+0000] {dag.py:3340} INFO - Setting next_dagrun for example_task_group to 2024-09-24T13:47:52.040426+00:00, run_after=2024-09-25T13:47:52.040426+00:00
[2024-09-25T13:47:52.067+0000] {processor.py:176} INFO - Processing /home/airflow/.local/lib/python3.7/site-packages/airflow/example_dags/example_task_group.py took 0.327 seconds
[2024-09-25T13:48:23.062+0000] {processor.py:154} INFO - Started process (PID=28783) to work on /home/airflow/.local/lib/python3.7/site-packages/airflow/example_dags/example_task_group.py
[2024-09-25T13:48:23.064+0000] {processor.py:756} INFO - Processing file /home/airflow/.local/lib/python3.7/site-packages/airflow/example_dags/example_task_group.py for tasks to queue
[2024-09-25T13:48:23.065+0000] {logging_mixin.py:120} INFO - [2024-09-25T13:48:23.065+0000] {dagbag.py:537} INFO - Filling up the DagBag from /home/airflow/.local/lib/python3.7/site-packages/airflow/example_dags/example_task_group.py
[2024-09-25T13:48:23.088+0000] {processor.py:766} INFO - DAG(s) dict_keys(['example_task_group']) retrieved from /home/airflow/.local/lib/python3.7/site-packages/airflow/example_dags/example_task_group.py
[2024-09-25T13:48:23.144+0000] {logging_mixin.py:120} INFO - [2024-09-25T13:48:23.144+0000] {dag.py:2585} INFO - Sync 1 DAGs
[2024-09-25T13:48:23.175+0000] {logging_mixin.py:120} INFO - [2024-09-25T13:48:23.174+0000] {dag.py:3340} INFO - Setting next_dagrun for example_task_group to 2024-09-24T13:48:23.174711+00:00, run_after=2024-09-25T13:48:23.174711+00:00
[2024-09-25T13:48:23.199+0000] {processor.py:176} INFO - Processing /home/airflow/.local/lib/python3.7/site-packages/airflow/example_dags/example_task_group.py took 0.140 seconds
[2024-09-25T13:48:53.882+0000] {processor.py:154} INFO - Started process (PID=28837) to work on /home/airflow/.local/lib/python3.7/site-packages/airflow/example_dags/example_task_group.py
[2024-09-25T13:48:53.884+0000] {processor.py:756} INFO - Processing file /home/airflow/.local/lib/python3.7/site-packages/airflow/example_dags/example_task_group.py for tasks to queue
[2024-09-25T13:48:53.885+0000] {logging_mixin.py:120} INFO - [2024-09-25T13:48:53.885+0000] {dagbag.py:537} INFO - Filling up the DagBag from /home/airflow/.local/lib/python3.7/site-packages/airflow/example_dags/example_task_group.py
[2024-09-25T13:48:53.908+0000] {processor.py:766} INFO - DAG(s) dict_keys(['example_task_group']) retrieved from /home/airflow/.local/lib/python3.7/site-packages/airflow/example_dags/example_task_group.py
[2024-09-25T13:48:53.971+0000] {logging_mixin.py:120} INFO - [2024-09-25T13:48:53.971+0000] {dag.py:2585} INFO - Sync 1 DAGs
[2024-09-25T13:48:54.004+0000] {logging_mixin.py:120} INFO - [2024-09-25T13:48:54.003+0000] {dag.py:3340} INFO - Setting next_dagrun for example_task_group to 2024-09-24T13:48:54.003677+00:00, run_after=2024-09-25T13:48:54.003677+00:00
[2024-09-25T13:48:54.029+0000] {processor.py:176} INFO - Processing /home/airflow/.local/lib/python3.7/site-packages/airflow/example_dags/example_task_group.py took 0.151 seconds
[2024-09-25T13:49:24.281+0000] {processor.py:154} INFO - Started process (PID=28900) to work on /home/airflow/.local/lib/python3.7/site-packages/airflow/example_dags/example_task_group.py
[2024-09-25T13:49:24.285+0000] {processor.py:756} INFO - Processing file /home/airflow/.local/lib/python3.7/site-packages/airflow/example_dags/example_task_group.py for tasks to queue
[2024-09-25T13:49:24.286+0000] {logging_mixin.py:120} INFO - [2024-09-25T13:49:24.286+0000] {dagbag.py:537} INFO - Filling up the DagBag from /home/airflow/.local/lib/python3.7/site-packages/airflow/example_dags/example_task_group.py
[2024-09-25T13:49:24.308+0000] {processor.py:766} INFO - DAG(s) dict_keys(['example_task_group']) retrieved from /home/airflow/.local/lib/python3.7/site-packages/airflow/example_dags/example_task_group.py
[2024-09-25T13:49:24.362+0000] {logging_mixin.py:120} INFO - [2024-09-25T13:49:24.361+0000] {dag.py:2585} INFO - Sync 1 DAGs
[2024-09-25T13:49:24.393+0000] {logging_mixin.py:120} INFO - [2024-09-25T13:49:24.392+0000] {dag.py:3340} INFO - Setting next_dagrun for example_task_group to 2024-09-24T13:49:24.392601+00:00, run_after=2024-09-25T13:49:24.392601+00:00
[2024-09-25T13:49:24.572+0000] {processor.py:176} INFO - Processing /home/airflow/.local/lib/python3.7/site-packages/airflow/example_dags/example_task_group.py took 0.296 seconds
[2024-09-25T13:49:55.459+0000] {processor.py:154} INFO - Started process (PID=28964) to work on /home/airflow/.local/lib/python3.7/site-packages/airflow/example_dags/example_task_group.py
[2024-09-25T13:49:55.462+0000] {processor.py:756} INFO - Processing file /home/airflow/.local/lib/python3.7/site-packages/airflow/example_dags/example_task_group.py for tasks to queue
[2024-09-25T13:49:55.463+0000] {logging_mixin.py:120} INFO - [2024-09-25T13:49:55.463+0000] {dagbag.py:537} INFO - Filling up the DagBag from /home/airflow/.local/lib/python3.7/site-packages/airflow/example_dags/example_task_group.py
[2024-09-25T13:49:55.487+0000] {processor.py:766} INFO - DAG(s) dict_keys(['example_task_group']) retrieved from /home/airflow/.local/lib/python3.7/site-packages/airflow/example_dags/example_task_group.py
[2024-09-25T13:49:55.549+0000] {logging_mixin.py:120} INFO - [2024-09-25T13:49:55.549+0000] {dag.py:2585} INFO - Sync 1 DAGs
[2024-09-25T13:49:55.736+0000] {logging_mixin.py:120} INFO - [2024-09-25T13:49:55.736+0000] {dag.py:3340} INFO - Setting next_dagrun for example_task_group to 2024-09-24T13:49:55.735872+00:00, run_after=2024-09-25T13:49:55.735872+00:00
[2024-09-25T13:49:55.763+0000] {processor.py:176} INFO - Processing /home/airflow/.local/lib/python3.7/site-packages/airflow/example_dags/example_task_group.py took 0.310 seconds
[2024-09-25T13:50:25.877+0000] {processor.py:154} INFO - Started process (PID=29027) to work on /home/airflow/.local/lib/python3.7/site-packages/airflow/example_dags/example_task_group.py
[2024-09-25T13:50:25.881+0000] {processor.py:756} INFO - Processing file /home/airflow/.local/lib/python3.7/site-packages/airflow/example_dags/example_task_group.py for tasks to queue
[2024-09-25T13:50:25.882+0000] {logging_mixin.py:120} INFO - [2024-09-25T13:50:25.882+0000] {dagbag.py:537} INFO - Filling up the DagBag from /home/airflow/.local/lib/python3.7/site-packages/airflow/example_dags/example_task_group.py
[2024-09-25T13:50:25.907+0000] {processor.py:766} INFO - DAG(s) dict_keys(['example_task_group']) retrieved from /home/airflow/.local/lib/python3.7/site-packages/airflow/example_dags/example_task_group.py
[2024-09-25T13:50:26.112+0000] {logging_mixin.py:120} INFO - [2024-09-25T13:50:26.112+0000] {dag.py:2585} INFO - Sync 1 DAGs
[2024-09-25T13:50:26.142+0000] {logging_mixin.py:120} INFO - [2024-09-25T13:50:26.142+0000] {dag.py:3340} INFO - Setting next_dagrun for example_task_group to 2024-09-24T13:50:26.141796+00:00, run_after=2024-09-25T13:50:26.141796+00:00
[2024-09-25T13:50:26.164+0000] {processor.py:176} INFO - Processing /home/airflow/.local/lib/python3.7/site-packages/airflow/example_dags/example_task_group.py took 0.291 seconds
[2024-09-25T13:50:56.259+0000] {processor.py:154} INFO - Started process (PID=29082) to work on /home/airflow/.local/lib/python3.7/site-packages/airflow/example_dags/example_task_group.py
[2024-09-25T13:50:56.262+0000] {processor.py:756} INFO - Processing file /home/airflow/.local/lib/python3.7/site-packages/airflow/example_dags/example_task_group.py for tasks to queue
[2024-09-25T13:50:56.263+0000] {logging_mixin.py:120} INFO - [2024-09-25T13:50:56.263+0000] {dagbag.py:537} INFO - Filling up the DagBag from /home/airflow/.local/lib/python3.7/site-packages/airflow/example_dags/example_task_group.py
[2024-09-25T13:50:56.288+0000] {processor.py:766} INFO - DAG(s) dict_keys(['example_task_group']) retrieved from /home/airflow/.local/lib/python3.7/site-packages/airflow/example_dags/example_task_group.py
[2024-09-25T13:50:56.348+0000] {logging_mixin.py:120} INFO - [2024-09-25T13:50:56.347+0000] {dag.py:2585} INFO - Sync 1 DAGs
[2024-09-25T13:50:56.378+0000] {logging_mixin.py:120} INFO - [2024-09-25T13:50:56.378+0000] {dag.py:3340} INFO - Setting next_dagrun for example_task_group to 2024-09-24T13:50:56.378501+00:00, run_after=2024-09-25T13:50:56.378501+00:00
[2024-09-25T13:50:56.403+0000] {processor.py:176} INFO - Processing /home/airflow/.local/lib/python3.7/site-packages/airflow/example_dags/example_task_group.py took 0.148 seconds
[2024-09-25T13:51:26.911+0000] {processor.py:154} INFO - Started process (PID=29145) to work on /home/airflow/.local/lib/python3.7/site-packages/airflow/example_dags/example_task_group.py
[2024-09-25T13:51:26.915+0000] {processor.py:756} INFO - Processing file /home/airflow/.local/lib/python3.7/site-packages/airflow/example_dags/example_task_group.py for tasks to queue
[2024-09-25T13:51:26.916+0000] {logging_mixin.py:120} INFO - [2024-09-25T13:51:26.916+0000] {dagbag.py:537} INFO - Filling up the DagBag from /home/airflow/.local/lib/python3.7/site-packages/airflow/example_dags/example_task_group.py
[2024-09-25T13:51:26.939+0000] {processor.py:766} INFO - DAG(s) dict_keys(['example_task_group']) retrieved from /home/airflow/.local/lib/python3.7/site-packages/airflow/example_dags/example_task_group.py
[2024-09-25T13:51:26.990+0000] {logging_mixin.py:120} INFO - [2024-09-25T13:51:26.990+0000] {dag.py:2585} INFO - Sync 1 DAGs
[2024-09-25T13:51:27.020+0000] {logging_mixin.py:120} INFO - [2024-09-25T13:51:27.020+0000] {dag.py:3340} INFO - Setting next_dagrun for example_task_group to 2024-09-24T13:51:27.019780+00:00, run_after=2024-09-25T13:51:27.019780+00:00
[2024-09-25T13:51:27.195+0000] {processor.py:176} INFO - Processing /home/airflow/.local/lib/python3.7/site-packages/airflow/example_dags/example_task_group.py took 0.288 seconds
[2024-09-25T13:51:57.306+0000] {processor.py:154} INFO - Started process (PID=29209) to work on /home/airflow/.local/lib/python3.7/site-packages/airflow/example_dags/example_task_group.py
[2024-09-25T13:51:57.308+0000] {processor.py:756} INFO - Processing file /home/airflow/.local/lib/python3.7/site-packages/airflow/example_dags/example_task_group.py for tasks to queue
[2024-09-25T13:51:57.310+0000] {logging_mixin.py:120} INFO - [2024-09-25T13:51:57.309+0000] {dagbag.py:537} INFO - Filling up the DagBag from /home/airflow/.local/lib/python3.7/site-packages/airflow/example_dags/example_task_group.py
[2024-09-25T13:51:57.330+0000] {processor.py:766} INFO - DAG(s) dict_keys(['example_task_group']) retrieved from /home/airflow/.local/lib/python3.7/site-packages/airflow/example_dags/example_task_group.py
[2024-09-25T13:51:57.382+0000] {logging_mixin.py:120} INFO - [2024-09-25T13:51:57.382+0000] {dag.py:2585} INFO - Sync 1 DAGs
[2024-09-25T13:51:57.563+0000] {logging_mixin.py:120} INFO - [2024-09-25T13:51:57.563+0000] {dag.py:3340} INFO - Setting next_dagrun for example_task_group to 2024-09-24T13:51:57.563199+00:00, run_after=2024-09-25T13:51:57.563199+00:00
[2024-09-25T13:51:57.589+0000] {processor.py:176} INFO - Processing /home/airflow/.local/lib/python3.7/site-packages/airflow/example_dags/example_task_group.py took 0.287 seconds
[2024-09-25T13:52:27.804+0000] {processor.py:154} INFO - Started process (PID=29264) to work on /home/airflow/.local/lib/python3.7/site-packages/airflow/example_dags/example_task_group.py
[2024-09-25T13:52:27.806+0000] {processor.py:756} INFO - Processing file /home/airflow/.local/lib/python3.7/site-packages/airflow/example_dags/example_task_group.py for tasks to queue
[2024-09-25T13:52:27.807+0000] {logging_mixin.py:120} INFO - [2024-09-25T13:52:27.807+0000] {dagbag.py:537} INFO - Filling up the DagBag from /home/airflow/.local/lib/python3.7/site-packages/airflow/example_dags/example_task_group.py
[2024-09-25T13:52:27.831+0000] {processor.py:766} INFO - DAG(s) dict_keys(['example_task_group']) retrieved from /home/airflow/.local/lib/python3.7/site-packages/airflow/example_dags/example_task_group.py
[2024-09-25T13:52:28.031+0000] {logging_mixin.py:120} INFO - [2024-09-25T13:52:28.031+0000] {dag.py:2585} INFO - Sync 1 DAGs
[2024-09-25T13:52:28.064+0000] {logging_mixin.py:120} INFO - [2024-09-25T13:52:28.063+0000] {dag.py:3340} INFO - Setting next_dagrun for example_task_group to 2024-09-24T13:52:28.063543+00:00, run_after=2024-09-25T13:52:28.063543+00:00
[2024-09-25T13:52:28.087+0000] {processor.py:176} INFO - Processing /home/airflow/.local/lib/python3.7/site-packages/airflow/example_dags/example_task_group.py took 0.288 seconds
[2024-09-25T13:52:58.540+0000] {processor.py:154} INFO - Started process (PID=29326) to work on /home/airflow/.local/lib/python3.7/site-packages/airflow/example_dags/example_task_group.py
[2024-09-25T13:52:58.542+0000] {processor.py:756} INFO - Processing file /home/airflow/.local/lib/python3.7/site-packages/airflow/example_dags/example_task_group.py for tasks to queue
[2024-09-25T13:52:58.543+0000] {logging_mixin.py:120} INFO - [2024-09-25T13:52:58.543+0000] {dagbag.py:537} INFO - Filling up the DagBag from /home/airflow/.local/lib/python3.7/site-packages/airflow/example_dags/example_task_group.py
[2024-09-25T13:52:58.565+0000] {processor.py:766} INFO - DAG(s) dict_keys(['example_task_group']) retrieved from /home/airflow/.local/lib/python3.7/site-packages/airflow/example_dags/example_task_group.py
[2024-09-25T13:52:58.619+0000] {logging_mixin.py:120} INFO - [2024-09-25T13:52:58.618+0000] {dag.py:2585} INFO - Sync 1 DAGs
[2024-09-25T13:52:58.650+0000] {logging_mixin.py:120} INFO - [2024-09-25T13:52:58.650+0000] {dag.py:3340} INFO - Setting next_dagrun for example_task_group to 2024-09-24T13:52:58.650106+00:00, run_after=2024-09-25T13:52:58.650106+00:00
[2024-09-25T13:52:58.676+0000] {processor.py:176} INFO - Processing /home/airflow/.local/lib/python3.7/site-packages/airflow/example_dags/example_task_group.py took 0.141 seconds
[2024-09-25T13:53:29.706+0000] {processor.py:154} INFO - Started process (PID=29388) to work on /home/airflow/.local/lib/python3.7/site-packages/airflow/example_dags/example_task_group.py
[2024-09-25T13:53:29.712+0000] {processor.py:756} INFO - Processing file /home/airflow/.local/lib/python3.7/site-packages/airflow/example_dags/example_task_group.py for tasks to queue
[2024-09-25T13:53:29.714+0000] {logging_mixin.py:120} INFO - [2024-09-25T13:53:29.714+0000] {dagbag.py:537} INFO - Filling up the DagBag from /home/airflow/.local/lib/python3.7/site-packages/airflow/example_dags/example_task_group.py
[2024-09-25T13:53:29.761+0000] {processor.py:766} INFO - DAG(s) dict_keys(['example_task_group']) retrieved from /home/airflow/.local/lib/python3.7/site-packages/airflow/example_dags/example_task_group.py
[2024-09-25T13:53:29.857+0000] {logging_mixin.py:120} INFO - [2024-09-25T13:53:29.857+0000] {dag.py:2585} INFO - Sync 1 DAGs
[2024-09-25T13:53:29.897+0000] {logging_mixin.py:120} INFO - [2024-09-25T13:53:29.897+0000] {dag.py:3340} INFO - Setting next_dagrun for example_task_group to 2024-09-24T13:53:29.896736+00:00, run_after=2024-09-25T13:53:29.896736+00:00
[2024-09-25T13:53:29.927+0000] {processor.py:176} INFO - Processing /home/airflow/.local/lib/python3.7/site-packages/airflow/example_dags/example_task_group.py took 0.232 seconds
[2024-09-25T13:54:00.283+0000] {processor.py:154} INFO - Started process (PID=29444) to work on /home/airflow/.local/lib/python3.7/site-packages/airflow/example_dags/example_task_group.py
[2024-09-25T13:54:00.286+0000] {processor.py:756} INFO - Processing file /home/airflow/.local/lib/python3.7/site-packages/airflow/example_dags/example_task_group.py for tasks to queue
[2024-09-25T13:54:00.287+0000] {logging_mixin.py:120} INFO - [2024-09-25T13:54:00.286+0000] {dagbag.py:537} INFO - Filling up the DagBag from /home/airflow/.local/lib/python3.7/site-packages/airflow/example_dags/example_task_group.py
[2024-09-25T13:54:00.308+0000] {processor.py:766} INFO - DAG(s) dict_keys(['example_task_group']) retrieved from /home/airflow/.local/lib/python3.7/site-packages/airflow/example_dags/example_task_group.py
[2024-09-25T13:54:00.367+0000] {logging_mixin.py:120} INFO - [2024-09-25T13:54:00.366+0000] {dag.py:2585} INFO - Sync 1 DAGs
[2024-09-25T13:54:00.572+0000] {logging_mixin.py:120} INFO - [2024-09-25T13:54:00.571+0000] {dag.py:3340} INFO - Setting next_dagrun for example_task_group to 2024-09-24T13:54:00.571650+00:00, run_after=2024-09-25T13:54:00.571650+00:00
[2024-09-25T13:54:00.601+0000] {processor.py:176} INFO - Processing /home/airflow/.local/lib/python3.7/site-packages/airflow/example_dags/example_task_group.py took 0.322 seconds
[2024-09-25T13:54:30.815+0000] {processor.py:154} INFO - Started process (PID=29508) to work on /home/airflow/.local/lib/python3.7/site-packages/airflow/example_dags/example_task_group.py
[2024-09-25T13:54:30.818+0000] {processor.py:756} INFO - Processing file /home/airflow/.local/lib/python3.7/site-packages/airflow/example_dags/example_task_group.py for tasks to queue
[2024-09-25T13:54:30.819+0000] {logging_mixin.py:120} INFO - [2024-09-25T13:54:30.819+0000] {dagbag.py:537} INFO - Filling up the DagBag from /home/airflow/.local/lib/python3.7/site-packages/airflow/example_dags/example_task_group.py
[2024-09-25T13:54:30.841+0000] {processor.py:766} INFO - DAG(s) dict_keys(['example_task_group']) retrieved from /home/airflow/.local/lib/python3.7/site-packages/airflow/example_dags/example_task_group.py
[2024-09-25T13:54:30.906+0000] {logging_mixin.py:120} INFO - [2024-09-25T13:54:30.906+0000] {dag.py:2585} INFO - Sync 1 DAGs
[2024-09-25T13:54:31.087+0000] {logging_mixin.py:120} INFO - [2024-09-25T13:54:31.087+0000] {dag.py:3340} INFO - Setting next_dagrun for example_task_group to 2024-09-24T13:54:31.087111+00:00, run_after=2024-09-25T13:54:31.087111+00:00
[2024-09-25T13:54:31.109+0000] {processor.py:176} INFO - Processing /home/airflow/.local/lib/python3.7/site-packages/airflow/example_dags/example_task_group.py took 0.298 seconds
[2024-09-25T13:55:01.728+0000] {processor.py:154} INFO - Started process (PID=29572) to work on /home/airflow/.local/lib/python3.7/site-packages/airflow/example_dags/example_task_group.py
[2024-09-25T13:55:01.731+0000] {processor.py:756} INFO - Processing file /home/airflow/.local/lib/python3.7/site-packages/airflow/example_dags/example_task_group.py for tasks to queue
[2024-09-25T13:55:01.732+0000] {logging_mixin.py:120} INFO - [2024-09-25T13:55:01.731+0000] {dagbag.py:537} INFO - Filling up the DagBag from /home/airflow/.local/lib/python3.7/site-packages/airflow/example_dags/example_task_group.py
[2024-09-25T13:55:01.761+0000] {processor.py:766} INFO - DAG(s) dict_keys(['example_task_group']) retrieved from /home/airflow/.local/lib/python3.7/site-packages/airflow/example_dags/example_task_group.py
[2024-09-25T13:55:01.845+0000] {logging_mixin.py:120} INFO - [2024-09-25T13:55:01.845+0000] {dag.py:2585} INFO - Sync 1 DAGs
[2024-09-25T13:55:01.882+0000] {logging_mixin.py:120} INFO - [2024-09-25T13:55:01.882+0000] {dag.py:3340} INFO - Setting next_dagrun for example_task_group to 2024-09-24T13:55:01.882254+00:00, run_after=2024-09-25T13:55:01.882254+00:00
[2024-09-25T13:55:01.913+0000] {processor.py:176} INFO - Processing /home/airflow/.local/lib/python3.7/site-packages/airflow/example_dags/example_task_group.py took 0.190 seconds
[2024-09-25T13:55:33.106+0000] {processor.py:154} INFO - Started process (PID=29636) to work on /home/airflow/.local/lib/python3.7/site-packages/airflow/example_dags/example_task_group.py
[2024-09-25T13:55:33.111+0000] {processor.py:756} INFO - Processing file /home/airflow/.local/lib/python3.7/site-packages/airflow/example_dags/example_task_group.py for tasks to queue
[2024-09-25T13:55:33.112+0000] {logging_mixin.py:120} INFO - [2024-09-25T13:55:33.112+0000] {dagbag.py:537} INFO - Filling up the DagBag from /home/airflow/.local/lib/python3.7/site-packages/airflow/example_dags/example_task_group.py
[2024-09-25T13:55:33.138+0000] {processor.py:766} INFO - DAG(s) dict_keys(['example_task_group']) retrieved from /home/airflow/.local/lib/python3.7/site-packages/airflow/example_dags/example_task_group.py
[2024-09-25T13:55:33.197+0000] {logging_mixin.py:120} INFO - [2024-09-25T13:55:33.196+0000] {dag.py:2585} INFO - Sync 1 DAGs
[2024-09-25T13:55:33.228+0000] {logging_mixin.py:120} INFO - [2024-09-25T13:55:33.228+0000] {dag.py:3340} INFO - Setting next_dagrun for example_task_group to 2024-09-24T13:55:33.227882+00:00, run_after=2024-09-25T13:55:33.227882+00:00
[2024-09-25T13:55:33.253+0000] {processor.py:176} INFO - Processing /home/airflow/.local/lib/python3.7/site-packages/airflow/example_dags/example_task_group.py took 0.152 seconds
[2024-09-25T13:56:03.663+0000] {processor.py:154} INFO - Started process (PID=29691) to work on /home/airflow/.local/lib/python3.7/site-packages/airflow/example_dags/example_task_group.py
[2024-09-25T13:56:03.665+0000] {processor.py:756} INFO - Processing file /home/airflow/.local/lib/python3.7/site-packages/airflow/example_dags/example_task_group.py for tasks to queue
[2024-09-25T13:56:03.666+0000] {logging_mixin.py:120} INFO - [2024-09-25T13:56:03.666+0000] {dagbag.py:537} INFO - Filling up the DagBag from /home/airflow/.local/lib/python3.7/site-packages/airflow/example_dags/example_task_group.py
[2024-09-25T13:56:03.687+0000] {processor.py:766} INFO - DAG(s) dict_keys(['example_task_group']) retrieved from /home/airflow/.local/lib/python3.7/site-packages/airflow/example_dags/example_task_group.py
[2024-09-25T13:56:03.738+0000] {logging_mixin.py:120} INFO - [2024-09-25T13:56:03.737+0000] {dag.py:2585} INFO - Sync 1 DAGs
[2024-09-25T13:56:03.908+0000] {logging_mixin.py:120} INFO - [2024-09-25T13:56:03.908+0000] {dag.py:3340} INFO - Setting next_dagrun for example_task_group to 2024-09-24T13:56:03.907869+00:00, run_after=2024-09-25T13:56:03.907869+00:00
[2024-09-25T13:56:03.933+0000] {processor.py:176} INFO - Processing /home/airflow/.local/lib/python3.7/site-packages/airflow/example_dags/example_task_group.py took 0.274 seconds
[2024-09-25T13:56:34.975+0000] {processor.py:154} INFO - Started process (PID=29755) to work on /home/airflow/.local/lib/python3.7/site-packages/airflow/example_dags/example_task_group.py
[2024-09-25T13:56:34.977+0000] {processor.py:756} INFO - Processing file /home/airflow/.local/lib/python3.7/site-packages/airflow/example_dags/example_task_group.py for tasks to queue
[2024-09-25T13:56:34.978+0000] {logging_mixin.py:120} INFO - [2024-09-25T13:56:34.978+0000] {dagbag.py:537} INFO - Filling up the DagBag from /home/airflow/.local/lib/python3.7/site-packages/airflow/example_dags/example_task_group.py
[2024-09-25T13:56:34.999+0000] {processor.py:766} INFO - DAG(s) dict_keys(['example_task_group']) retrieved from /home/airflow/.local/lib/python3.7/site-packages/airflow/example_dags/example_task_group.py
[2024-09-25T13:56:35.051+0000] {logging_mixin.py:120} INFO - [2024-09-25T13:56:35.051+0000] {dag.py:2585} INFO - Sync 1 DAGs
[2024-09-25T13:56:35.223+0000] {logging_mixin.py:120} INFO - [2024-09-25T13:56:35.223+0000] {dag.py:3340} INFO - Setting next_dagrun for example_task_group to 2024-09-24T13:56:35.223146+00:00, run_after=2024-09-25T13:56:35.223146+00:00
[2024-09-25T13:56:35.244+0000] {processor.py:176} INFO - Processing /home/airflow/.local/lib/python3.7/site-packages/airflow/example_dags/example_task_group.py took 0.274 seconds
[2024-09-25T13:57:05.343+0000] {processor.py:154} INFO - Started process (PID=29818) to work on /home/airflow/.local/lib/python3.7/site-packages/airflow/example_dags/example_task_group.py
[2024-09-25T13:57:05.346+0000] {processor.py:756} INFO - Processing file /home/airflow/.local/lib/python3.7/site-packages/airflow/example_dags/example_task_group.py for tasks to queue
[2024-09-25T13:57:05.347+0000] {logging_mixin.py:120} INFO - [2024-09-25T13:57:05.347+0000] {dagbag.py:537} INFO - Filling up the DagBag from /home/airflow/.local/lib/python3.7/site-packages/airflow/example_dags/example_task_group.py
[2024-09-25T13:57:05.369+0000] {processor.py:766} INFO - DAG(s) dict_keys(['example_task_group']) retrieved from /home/airflow/.local/lib/python3.7/site-packages/airflow/example_dags/example_task_group.py
[2024-09-25T13:57:05.425+0000] {logging_mixin.py:120} INFO - [2024-09-25T13:57:05.424+0000] {dag.py:2585} INFO - Sync 1 DAGs
[2024-09-25T13:57:05.454+0000] {logging_mixin.py:120} INFO - [2024-09-25T13:57:05.454+0000] {dag.py:3340} INFO - Setting next_dagrun for example_task_group to 2024-09-24T13:57:05.454392+00:00, run_after=2024-09-25T13:57:05.454392+00:00
[2024-09-25T13:57:05.477+0000] {processor.py:176} INFO - Processing /home/airflow/.local/lib/python3.7/site-packages/airflow/example_dags/example_task_group.py took 0.137 seconds
[2024-09-25T13:57:36.001+0000] {processor.py:154} INFO - Started process (PID=29873) to work on /home/airflow/.local/lib/python3.7/site-packages/airflow/example_dags/example_task_group.py
[2024-09-25T13:57:36.004+0000] {processor.py:756} INFO - Processing file /home/airflow/.local/lib/python3.7/site-packages/airflow/example_dags/example_task_group.py for tasks to queue
[2024-09-25T13:57:36.005+0000] {logging_mixin.py:120} INFO - [2024-09-25T13:57:36.005+0000] {dagbag.py:537} INFO - Filling up the DagBag from /home/airflow/.local/lib/python3.7/site-packages/airflow/example_dags/example_task_group.py
[2024-09-25T13:57:36.028+0000] {processor.py:766} INFO - DAG(s) dict_keys(['example_task_group']) retrieved from /home/airflow/.local/lib/python3.7/site-packages/airflow/example_dags/example_task_group.py
[2024-09-25T13:57:36.084+0000] {logging_mixin.py:120} INFO - [2024-09-25T13:57:36.084+0000] {dag.py:2585} INFO - Sync 1 DAGs
[2024-09-25T13:57:36.113+0000] {logging_mixin.py:120} INFO - [2024-09-25T13:57:36.113+0000] {dag.py:3340} INFO - Setting next_dagrun for example_task_group to 2024-09-24T13:57:36.113039+00:00, run_after=2024-09-25T13:57:36.113039+00:00
[2024-09-25T13:57:36.135+0000] {processor.py:176} INFO - Processing /home/airflow/.local/lib/python3.7/site-packages/airflow/example_dags/example_task_group.py took 0.139 seconds
[2024-09-25T13:58:06.577+0000] {processor.py:154} INFO - Started process (PID=29936) to work on /home/airflow/.local/lib/python3.7/site-packages/airflow/example_dags/example_task_group.py
[2024-09-25T13:58:06.580+0000] {processor.py:756} INFO - Processing file /home/airflow/.local/lib/python3.7/site-packages/airflow/example_dags/example_task_group.py for tasks to queue
[2024-09-25T13:58:06.582+0000] {logging_mixin.py:120} INFO - [2024-09-25T13:58:06.582+0000] {dagbag.py:537} INFO - Filling up the DagBag from /home/airflow/.local/lib/python3.7/site-packages/airflow/example_dags/example_task_group.py
[2024-09-25T13:58:06.615+0000] {processor.py:766} INFO - DAG(s) dict_keys(['example_task_group']) retrieved from /home/airflow/.local/lib/python3.7/site-packages/airflow/example_dags/example_task_group.py
[2024-09-25T13:58:06.708+0000] {logging_mixin.py:120} INFO - [2024-09-25T13:58:06.708+0000] {dag.py:2585} INFO - Sync 1 DAGs
[2024-09-25T13:58:06.763+0000] {logging_mixin.py:120} INFO - [2024-09-25T13:58:06.763+0000] {dag.py:3340} INFO - Setting next_dagrun for example_task_group to 2024-09-24T13:58:06.762875+00:00, run_after=2024-09-25T13:58:06.762875+00:00
[2024-09-25T13:58:07.014+0000] {processor.py:176} INFO - Processing /home/airflow/.local/lib/python3.7/site-packages/airflow/example_dags/example_task_group.py took 0.443 seconds
[2024-09-25T13:58:37.428+0000] {processor.py:154} INFO - Started process (PID=30000) to work on /home/airflow/.local/lib/python3.7/site-packages/airflow/example_dags/example_task_group.py
[2024-09-25T13:58:37.431+0000] {processor.py:756} INFO - Processing file /home/airflow/.local/lib/python3.7/site-packages/airflow/example_dags/example_task_group.py for tasks to queue
[2024-09-25T13:58:37.433+0000] {logging_mixin.py:120} INFO - [2024-09-25T13:58:37.432+0000] {dagbag.py:537} INFO - Filling up the DagBag from /home/airflow/.local/lib/python3.7/site-packages/airflow/example_dags/example_task_group.py
[2024-09-25T13:58:37.460+0000] {processor.py:766} INFO - DAG(s) dict_keys(['example_task_group']) retrieved from /home/airflow/.local/lib/python3.7/site-packages/airflow/example_dags/example_task_group.py
[2024-09-25T13:58:37.515+0000] {logging_mixin.py:120} INFO - [2024-09-25T13:58:37.515+0000] {dag.py:2585} INFO - Sync 1 DAGs
[2024-09-25T13:58:37.682+0000] {logging_mixin.py:120} INFO - [2024-09-25T13:58:37.682+0000] {dag.py:3340} INFO - Setting next_dagrun for example_task_group to 2024-09-24T13:58:37.682447+00:00, run_after=2024-09-25T13:58:37.682447+00:00
[2024-09-25T13:58:37.705+0000] {processor.py:176} INFO - Processing /home/airflow/.local/lib/python3.7/site-packages/airflow/example_dags/example_task_group.py took 0.282 seconds
[2024-09-25T13:59:07.744+0000] {processor.py:154} INFO - Started process (PID=30055) to work on /home/airflow/.local/lib/python3.7/site-packages/airflow/example_dags/example_task_group.py
[2024-09-25T13:59:07.747+0000] {processor.py:756} INFO - Processing file /home/airflow/.local/lib/python3.7/site-packages/airflow/example_dags/example_task_group.py for tasks to queue
[2024-09-25T13:59:07.748+0000] {logging_mixin.py:120} INFO - [2024-09-25T13:59:07.747+0000] {dagbag.py:537} INFO - Filling up the DagBag from /home/airflow/.local/lib/python3.7/site-packages/airflow/example_dags/example_task_group.py
[2024-09-25T13:59:07.768+0000] {processor.py:766} INFO - DAG(s) dict_keys(['example_task_group']) retrieved from /home/airflow/.local/lib/python3.7/site-packages/airflow/example_dags/example_task_group.py
[2024-09-25T13:59:07.972+0000] {logging_mixin.py:120} INFO - [2024-09-25T13:59:07.972+0000] {dag.py:2585} INFO - Sync 1 DAGs
[2024-09-25T13:59:08.021+0000] {logging_mixin.py:120} INFO - [2024-09-25T13:59:08.020+0000] {dag.py:3340} INFO - Setting next_dagrun for example_task_group to 2024-09-24T13:59:08.020607+00:00, run_after=2024-09-25T13:59:08.020607+00:00
[2024-09-25T13:59:08.043+0000] {processor.py:176} INFO - Processing /home/airflow/.local/lib/python3.7/site-packages/airflow/example_dags/example_task_group.py took 0.303 seconds
[2024-09-25T13:59:38.193+0000] {processor.py:154} INFO - Started process (PID=30119) to work on /home/airflow/.local/lib/python3.7/site-packages/airflow/example_dags/example_task_group.py
[2024-09-25T13:59:38.196+0000] {processor.py:756} INFO - Processing file /home/airflow/.local/lib/python3.7/site-packages/airflow/example_dags/example_task_group.py for tasks to queue
[2024-09-25T13:59:38.198+0000] {logging_mixin.py:120} INFO - [2024-09-25T13:59:38.197+0000] {dagbag.py:537} INFO - Filling up the DagBag from /home/airflow/.local/lib/python3.7/site-packages/airflow/example_dags/example_task_group.py
[2024-09-25T13:59:38.220+0000] {processor.py:766} INFO - DAG(s) dict_keys(['example_task_group']) retrieved from /home/airflow/.local/lib/python3.7/site-packages/airflow/example_dags/example_task_group.py
[2024-09-25T13:59:38.281+0000] {logging_mixin.py:120} INFO - [2024-09-25T13:59:38.281+0000] {dag.py:2585} INFO - Sync 1 DAGs
[2024-09-25T13:59:38.319+0000] {logging_mixin.py:120} INFO - [2024-09-25T13:59:38.319+0000] {dag.py:3340} INFO - Setting next_dagrun for example_task_group to 2024-09-24T13:59:38.318779+00:00, run_after=2024-09-25T13:59:38.318779+00:00
[2024-09-25T13:59:38.345+0000] {processor.py:176} INFO - Processing /home/airflow/.local/lib/python3.7/site-packages/airflow/example_dags/example_task_group.py took 0.157 seconds
[2024-09-25T14:00:08.608+0000] {processor.py:154} INFO - Started process (PID=30183) to work on /home/airflow/.local/lib/python3.7/site-packages/airflow/example_dags/example_task_group.py
[2024-09-25T14:00:08.612+0000] {processor.py:756} INFO - Processing file /home/airflow/.local/lib/python3.7/site-packages/airflow/example_dags/example_task_group.py for tasks to queue
[2024-09-25T14:00:08.616+0000] {logging_mixin.py:120} INFO - [2024-09-25T14:00:08.616+0000] {dagbag.py:537} INFO - Filling up the DagBag from /home/airflow/.local/lib/python3.7/site-packages/airflow/example_dags/example_task_group.py
[2024-09-25T14:00:08.641+0000] {processor.py:766} INFO - DAG(s) dict_keys(['example_task_group']) retrieved from /home/airflow/.local/lib/python3.7/site-packages/airflow/example_dags/example_task_group.py
[2024-09-25T14:00:08.705+0000] {logging_mixin.py:120} INFO - [2024-09-25T14:00:08.704+0000] {dag.py:2585} INFO - Sync 1 DAGs
[2024-09-25T14:00:08.748+0000] {logging_mixin.py:120} INFO - [2024-09-25T14:00:08.748+0000] {dag.py:3340} INFO - Setting next_dagrun for example_task_group to 2024-09-24T14:00:08.748415+00:00, run_after=2024-09-25T14:00:08.748415+00:00
[2024-09-25T14:00:08.933+0000] {processor.py:176} INFO - Processing /home/airflow/.local/lib/python3.7/site-packages/airflow/example_dags/example_task_group.py took 0.330 seconds
[2024-09-25T14:00:38.995+0000] {processor.py:154} INFO - Started process (PID=30238) to work on /home/airflow/.local/lib/python3.7/site-packages/airflow/example_dags/example_task_group.py
[2024-09-25T14:00:38.997+0000] {processor.py:756} INFO - Processing file /home/airflow/.local/lib/python3.7/site-packages/airflow/example_dags/example_task_group.py for tasks to queue
[2024-09-25T14:00:38.998+0000] {logging_mixin.py:120} INFO - [2024-09-25T14:00:38.998+0000] {dagbag.py:537} INFO - Filling up the DagBag from /home/airflow/.local/lib/python3.7/site-packages/airflow/example_dags/example_task_group.py
[2024-09-25T14:00:39.020+0000] {processor.py:766} INFO - DAG(s) dict_keys(['example_task_group']) retrieved from /home/airflow/.local/lib/python3.7/site-packages/airflow/example_dags/example_task_group.py
[2024-09-25T14:00:39.080+0000] {logging_mixin.py:120} INFO - [2024-09-25T14:00:39.079+0000] {dag.py:2585} INFO - Sync 1 DAGs
[2024-09-25T14:00:39.263+0000] {logging_mixin.py:120} INFO - [2024-09-25T14:00:39.263+0000] {dag.py:3340} INFO - Setting next_dagrun for example_task_group to 2024-09-24T14:00:39.262803+00:00, run_after=2024-09-25T14:00:39.262803+00:00
[2024-09-25T14:00:39.286+0000] {processor.py:176} INFO - Processing /home/airflow/.local/lib/python3.7/site-packages/airflow/example_dags/example_task_group.py took 0.296 seconds
[2024-09-25T14:01:09.874+0000] {processor.py:154} INFO - Started process (PID=30302) to work on /home/airflow/.local/lib/python3.7/site-packages/airflow/example_dags/example_task_group.py
[2024-09-25T14:01:09.876+0000] {processor.py:756} INFO - Processing file /home/airflow/.local/lib/python3.7/site-packages/airflow/example_dags/example_task_group.py for tasks to queue
[2024-09-25T14:01:09.877+0000] {logging_mixin.py:120} INFO - [2024-09-25T14:01:09.877+0000] {dagbag.py:537} INFO - Filling up the DagBag from /home/airflow/.local/lib/python3.7/site-packages/airflow/example_dags/example_task_group.py
[2024-09-25T14:01:09.902+0000] {processor.py:766} INFO - DAG(s) dict_keys(['example_task_group']) retrieved from /home/airflow/.local/lib/python3.7/site-packages/airflow/example_dags/example_task_group.py
[2024-09-25T14:01:10.135+0000] {logging_mixin.py:120} INFO - [2024-09-25T14:01:10.135+0000] {dag.py:2585} INFO - Sync 1 DAGs
[2024-09-25T14:01:10.168+0000] {logging_mixin.py:120} INFO - [2024-09-25T14:01:10.167+0000] {dag.py:3340} INFO - Setting next_dagrun for example_task_group to 2024-09-24T14:01:10.167578+00:00, run_after=2024-09-25T14:01:10.167578+00:00
[2024-09-25T14:01:10.194+0000] {processor.py:176} INFO - Processing /home/airflow/.local/lib/python3.7/site-packages/airflow/example_dags/example_task_group.py took 0.324 seconds
[2024-09-25T14:01:40.345+0000] {processor.py:154} INFO - Started process (PID=30367) to work on /home/airflow/.local/lib/python3.7/site-packages/airflow/example_dags/example_task_group.py
[2024-09-25T14:01:40.347+0000] {processor.py:756} INFO - Processing file /home/airflow/.local/lib/python3.7/site-packages/airflow/example_dags/example_task_group.py for tasks to queue
[2024-09-25T14:01:40.348+0000] {logging_mixin.py:120} INFO - [2024-09-25T14:01:40.348+0000] {dagbag.py:537} INFO - Filling up the DagBag from /home/airflow/.local/lib/python3.7/site-packages/airflow/example_dags/example_task_group.py
[2024-09-25T14:01:40.369+0000] {processor.py:766} INFO - DAG(s) dict_keys(['example_task_group']) retrieved from /home/airflow/.local/lib/python3.7/site-packages/airflow/example_dags/example_task_group.py
[2024-09-25T14:01:40.426+0000] {logging_mixin.py:120} INFO - [2024-09-25T14:01:40.426+0000] {dag.py:2585} INFO - Sync 1 DAGs
[2024-09-25T14:01:40.482+0000] {logging_mixin.py:120} INFO - [2024-09-25T14:01:40.482+0000] {dag.py:3340} INFO - Setting next_dagrun for example_task_group to 2024-09-24T14:01:40.481821+00:00, run_after=2024-09-25T14:01:40.481821+00:00
[2024-09-25T14:01:40.507+0000] {processor.py:176} INFO - Processing /home/airflow/.local/lib/python3.7/site-packages/airflow/example_dags/example_task_group.py took 0.167 seconds
[2024-09-25T14:02:10.922+0000] {processor.py:154} INFO - Started process (PID=30422) to work on /home/airflow/.local/lib/python3.7/site-packages/airflow/example_dags/example_task_group.py
[2024-09-25T14:02:10.924+0000] {processor.py:756} INFO - Processing file /home/airflow/.local/lib/python3.7/site-packages/airflow/example_dags/example_task_group.py for tasks to queue
[2024-09-25T14:02:10.925+0000] {logging_mixin.py:120} INFO - [2024-09-25T14:02:10.925+0000] {dagbag.py:537} INFO - Filling up the DagBag from /home/airflow/.local/lib/python3.7/site-packages/airflow/example_dags/example_task_group.py
[2024-09-25T14:02:10.944+0000] {processor.py:766} INFO - DAG(s) dict_keys(['example_task_group']) retrieved from /home/airflow/.local/lib/python3.7/site-packages/airflow/example_dags/example_task_group.py
[2024-09-25T14:02:10.998+0000] {logging_mixin.py:120} INFO - [2024-09-25T14:02:10.998+0000] {dag.py:2585} INFO - Sync 1 DAGs
[2024-09-25T14:02:11.030+0000] {logging_mixin.py:120} INFO - [2024-09-25T14:02:11.030+0000] {dag.py:3340} INFO - Setting next_dagrun for example_task_group to 2024-09-24T14:02:11.030271+00:00, run_after=2024-09-25T14:02:11.030271+00:00
[2024-09-25T14:02:11.219+0000] {processor.py:176} INFO - Processing /home/airflow/.local/lib/python3.7/site-packages/airflow/example_dags/example_task_group.py took 0.302 seconds
[2024-09-25T14:02:41.374+0000] {processor.py:154} INFO - Started process (PID=30485) to work on /home/airflow/.local/lib/python3.7/site-packages/airflow/example_dags/example_task_group.py
[2024-09-25T14:02:41.376+0000] {processor.py:756} INFO - Processing file /home/airflow/.local/lib/python3.7/site-packages/airflow/example_dags/example_task_group.py for tasks to queue
[2024-09-25T14:02:41.377+0000] {logging_mixin.py:120} INFO - [2024-09-25T14:02:41.377+0000] {dagbag.py:537} INFO - Filling up the DagBag from /home/airflow/.local/lib/python3.7/site-packages/airflow/example_dags/example_task_group.py
[2024-09-25T14:02:41.398+0000] {processor.py:766} INFO - DAG(s) dict_keys(['example_task_group']) retrieved from /home/airflow/.local/lib/python3.7/site-packages/airflow/example_dags/example_task_group.py
[2024-09-25T14:02:41.466+0000] {logging_mixin.py:120} INFO - [2024-09-25T14:02:41.466+0000] {dag.py:2585} INFO - Sync 1 DAGs
[2024-09-25T14:02:41.657+0000] {logging_mixin.py:120} INFO - [2024-09-25T14:02:41.657+0000] {dag.py:3340} INFO - Setting next_dagrun for example_task_group to 2024-09-24T14:02:41.657034+00:00, run_after=2024-09-25T14:02:41.657034+00:00
[2024-09-25T14:02:41.686+0000] {processor.py:176} INFO - Processing /home/airflow/.local/lib/python3.7/site-packages/airflow/example_dags/example_task_group.py took 0.316 seconds
[2024-09-25T14:03:12.149+0000] {processor.py:154} INFO - Started process (PID=30548) to work on /home/airflow/.local/lib/python3.7/site-packages/airflow/example_dags/example_task_group.py
[2024-09-25T14:03:12.152+0000] {processor.py:756} INFO - Processing file /home/airflow/.local/lib/python3.7/site-packages/airflow/example_dags/example_task_group.py for tasks to queue
[2024-09-25T14:03:12.154+0000] {logging_mixin.py:120} INFO - [2024-09-25T14:03:12.154+0000] {dagbag.py:537} INFO - Filling up the DagBag from /home/airflow/.local/lib/python3.7/site-packages/airflow/example_dags/example_task_group.py
[2024-09-25T14:03:12.176+0000] {processor.py:766} INFO - DAG(s) dict_keys(['example_task_group']) retrieved from /home/airflow/.local/lib/python3.7/site-packages/airflow/example_dags/example_task_group.py
[2024-09-25T14:03:12.228+0000] {logging_mixin.py:120} INFO - [2024-09-25T14:03:12.228+0000] {dag.py:2585} INFO - Sync 1 DAGs
[2024-09-25T14:03:12.393+0000] {logging_mixin.py:120} INFO - [2024-09-25T14:03:12.393+0000] {dag.py:3340} INFO - Setting next_dagrun for example_task_group to 2024-09-24T14:03:12.393483+00:00, run_after=2024-09-25T14:03:12.393483+00:00
[2024-09-25T14:03:12.418+0000] {processor.py:176} INFO - Processing /home/airflow/.local/lib/python3.7/site-packages/airflow/example_dags/example_task_group.py took 0.274 seconds
[2024-09-25T14:03:42.877+0000] {processor.py:154} INFO - Started process (PID=30603) to work on /home/airflow/.local/lib/python3.7/site-packages/airflow/example_dags/example_task_group.py
[2024-09-25T14:03:42.880+0000] {processor.py:756} INFO - Processing file /home/airflow/.local/lib/python3.7/site-packages/airflow/example_dags/example_task_group.py for tasks to queue
[2024-09-25T14:03:42.881+0000] {logging_mixin.py:120} INFO - [2024-09-25T14:03:42.881+0000] {dagbag.py:537} INFO - Filling up the DagBag from /home/airflow/.local/lib/python3.7/site-packages/airflow/example_dags/example_task_group.py
[2024-09-25T14:03:42.902+0000] {processor.py:766} INFO - DAG(s) dict_keys(['example_task_group']) retrieved from /home/airflow/.local/lib/python3.7/site-packages/airflow/example_dags/example_task_group.py
[2024-09-25T14:03:43.099+0000] {logging_mixin.py:120} INFO - [2024-09-25T14:03:43.099+0000] {dag.py:2585} INFO - Sync 1 DAGs
[2024-09-25T14:03:43.128+0000] {logging_mixin.py:120} INFO - [2024-09-25T14:03:43.128+0000] {dag.py:3340} INFO - Setting next_dagrun for example_task_group to 2024-09-24T14:03:43.128151+00:00, run_after=2024-09-25T14:03:43.128151+00:00
[2024-09-25T14:03:43.150+0000] {processor.py:176} INFO - Processing /home/airflow/.local/lib/python3.7/site-packages/airflow/example_dags/example_task_group.py took 0.279 seconds
[2024-09-25T14:04:13.292+0000] {processor.py:154} INFO - Started process (PID=30667) to work on /home/airflow/.local/lib/python3.7/site-packages/airflow/example_dags/example_task_group.py
[2024-09-25T14:04:13.295+0000] {processor.py:756} INFO - Processing file /home/airflow/.local/lib/python3.7/site-packages/airflow/example_dags/example_task_group.py for tasks to queue
[2024-09-25T14:04:13.296+0000] {logging_mixin.py:120} INFO - [2024-09-25T14:04:13.296+0000] {dagbag.py:537} INFO - Filling up the DagBag from /home/airflow/.local/lib/python3.7/site-packages/airflow/example_dags/example_task_group.py
[2024-09-25T14:04:13.319+0000] {processor.py:766} INFO - DAG(s) dict_keys(['example_task_group']) retrieved from /home/airflow/.local/lib/python3.7/site-packages/airflow/example_dags/example_task_group.py
[2024-09-25T14:04:13.371+0000] {logging_mixin.py:120} INFO - [2024-09-25T14:04:13.370+0000] {dag.py:2585} INFO - Sync 1 DAGs
[2024-09-25T14:04:13.399+0000] {logging_mixin.py:120} INFO - [2024-09-25T14:04:13.399+0000] {dag.py:3340} INFO - Setting next_dagrun for example_task_group to 2024-09-24T14:04:13.398824+00:00, run_after=2024-09-25T14:04:13.398824+00:00
[2024-09-25T14:04:13.422+0000] {processor.py:176} INFO - Processing /home/airflow/.local/lib/python3.7/site-packages/airflow/example_dags/example_task_group.py took 0.134 seconds
[2024-09-25T14:04:44.059+0000] {processor.py:154} INFO - Started process (PID=30731) to work on /home/airflow/.local/lib/python3.7/site-packages/airflow/example_dags/example_task_group.py
[2024-09-25T14:04:44.062+0000] {processor.py:756} INFO - Processing file /home/airflow/.local/lib/python3.7/site-packages/airflow/example_dags/example_task_group.py for tasks to queue
[2024-09-25T14:04:44.063+0000] {logging_mixin.py:120} INFO - [2024-09-25T14:04:44.063+0000] {dagbag.py:537} INFO - Filling up the DagBag from /home/airflow/.local/lib/python3.7/site-packages/airflow/example_dags/example_task_group.py
[2024-09-25T14:04:44.085+0000] {processor.py:766} INFO - DAG(s) dict_keys(['example_task_group']) retrieved from /home/airflow/.local/lib/python3.7/site-packages/airflow/example_dags/example_task_group.py
[2024-09-25T14:04:44.136+0000] {logging_mixin.py:120} INFO - [2024-09-25T14:04:44.136+0000] {dag.py:2585} INFO - Sync 1 DAGs
[2024-09-25T14:04:44.309+0000] {logging_mixin.py:120} INFO - [2024-09-25T14:04:44.309+0000] {dag.py:3340} INFO - Setting next_dagrun for example_task_group to 2024-09-24T14:04:44.309248+00:00, run_after=2024-09-25T14:04:44.309248+00:00
[2024-09-25T14:04:44.337+0000] {processor.py:176} INFO - Processing /home/airflow/.local/lib/python3.7/site-packages/airflow/example_dags/example_task_group.py took 0.283 seconds
[2024-09-25T14:05:14.582+0000] {processor.py:154} INFO - Started process (PID=30787) to work on /home/airflow/.local/lib/python3.7/site-packages/airflow/example_dags/example_task_group.py
[2024-09-25T14:05:14.584+0000] {processor.py:756} INFO - Processing file /home/airflow/.local/lib/python3.7/site-packages/airflow/example_dags/example_task_group.py for tasks to queue
[2024-09-25T14:05:14.585+0000] {logging_mixin.py:120} INFO - [2024-09-25T14:05:14.585+0000] {dagbag.py:537} INFO - Filling up the DagBag from /home/airflow/.local/lib/python3.7/site-packages/airflow/example_dags/example_task_group.py
[2024-09-25T14:05:14.606+0000] {processor.py:766} INFO - DAG(s) dict_keys(['example_task_group']) retrieved from /home/airflow/.local/lib/python3.7/site-packages/airflow/example_dags/example_task_group.py
[2024-09-25T14:05:14.662+0000] {logging_mixin.py:120} INFO - [2024-09-25T14:05:14.662+0000] {dag.py:2585} INFO - Sync 1 DAGs
[2024-09-25T14:05:14.833+0000] {logging_mixin.py:120} INFO - [2024-09-25T14:05:14.833+0000] {dag.py:3340} INFO - Setting next_dagrun for example_task_group to 2024-09-24T14:05:14.833254+00:00, run_after=2024-09-25T14:05:14.833254+00:00
[2024-09-25T14:05:14.862+0000] {processor.py:176} INFO - Processing /home/airflow/.local/lib/python3.7/site-packages/airflow/example_dags/example_task_group.py took 0.284 seconds
[2024-09-25T14:05:44.945+0000] {processor.py:154} INFO - Started process (PID=30854) to work on /home/airflow/.local/lib/python3.7/site-packages/airflow/example_dags/example_task_group.py
[2024-09-25T14:05:44.948+0000] {processor.py:756} INFO - Processing file /home/airflow/.local/lib/python3.7/site-packages/airflow/example_dags/example_task_group.py for tasks to queue
[2024-09-25T14:05:44.950+0000] {logging_mixin.py:120} INFO - [2024-09-25T14:05:44.949+0000] {dagbag.py:537} INFO - Filling up the DagBag from /home/airflow/.local/lib/python3.7/site-packages/airflow/example_dags/example_task_group.py
[2024-09-25T14:05:44.971+0000] {processor.py:766} INFO - DAG(s) dict_keys(['example_task_group']) retrieved from /home/airflow/.local/lib/python3.7/site-packages/airflow/example_dags/example_task_group.py
[2024-09-25T14:05:45.183+0000] {logging_mixin.py:120} INFO - [2024-09-25T14:05:45.183+0000] {dag.py:2585} INFO - Sync 1 DAGs
[2024-09-25T14:05:45.214+0000] {logging_mixin.py:120} INFO - [2024-09-25T14:05:45.213+0000] {dag.py:3340} INFO - Setting next_dagrun for example_task_group to 2024-09-24T14:05:45.213573+00:00, run_after=2024-09-25T14:05:45.213573+00:00
[2024-09-25T14:05:45.240+0000] {processor.py:176} INFO - Processing /home/airflow/.local/lib/python3.7/site-packages/airflow/example_dags/example_task_group.py took 0.299 seconds
[2024-09-25T14:06:15.551+0000] {processor.py:154} INFO - Started process (PID=30919) to work on /home/airflow/.local/lib/python3.7/site-packages/airflow/example_dags/example_task_group.py
[2024-09-25T14:06:15.553+0000] {processor.py:756} INFO - Processing file /home/airflow/.local/lib/python3.7/site-packages/airflow/example_dags/example_task_group.py for tasks to queue
[2024-09-25T14:06:15.554+0000] {logging_mixin.py:120} INFO - [2024-09-25T14:06:15.554+0000] {dagbag.py:537} INFO - Filling up the DagBag from /home/airflow/.local/lib/python3.7/site-packages/airflow/example_dags/example_task_group.py
[2024-09-25T14:06:15.583+0000] {processor.py:766} INFO - DAG(s) dict_keys(['example_task_group']) retrieved from /home/airflow/.local/lib/python3.7/site-packages/airflow/example_dags/example_task_group.py
[2024-09-25T14:06:15.633+0000] {logging_mixin.py:120} INFO - [2024-09-25T14:06:15.633+0000] {dag.py:2585} INFO - Sync 1 DAGs
[2024-09-25T14:06:15.662+0000] {logging_mixin.py:120} INFO - [2024-09-25T14:06:15.662+0000] {dag.py:3340} INFO - Setting next_dagrun for example_task_group to 2024-09-24T14:06:15.662199+00:00, run_after=2024-09-25T14:06:15.662199+00:00
[2024-09-25T14:06:15.683+0000] {processor.py:176} INFO - Processing /home/airflow/.local/lib/python3.7/site-packages/airflow/example_dags/example_task_group.py took 0.137 seconds
[2024-09-25T14:06:46.429+0000] {processor.py:154} INFO - Started process (PID=30984) to work on /home/airflow/.local/lib/python3.7/site-packages/airflow/example_dags/example_task_group.py
[2024-09-25T14:06:46.432+0000] {processor.py:756} INFO - Processing file /home/airflow/.local/lib/python3.7/site-packages/airflow/example_dags/example_task_group.py for tasks to queue
[2024-09-25T14:06:46.433+0000] {logging_mixin.py:120} INFO - [2024-09-25T14:06:46.433+0000] {dagbag.py:537} INFO - Filling up the DagBag from /home/airflow/.local/lib/python3.7/site-packages/airflow/example_dags/example_task_group.py
[2024-09-25T14:06:46.455+0000] {processor.py:766} INFO - DAG(s) dict_keys(['example_task_group']) retrieved from /home/airflow/.local/lib/python3.7/site-packages/airflow/example_dags/example_task_group.py
[2024-09-25T14:06:46.508+0000] {logging_mixin.py:120} INFO - [2024-09-25T14:06:46.508+0000] {dag.py:2585} INFO - Sync 1 DAGs
[2024-09-25T14:06:46.540+0000] {logging_mixin.py:120} INFO - [2024-09-25T14:06:46.540+0000] {dag.py:3340} INFO - Setting next_dagrun for example_task_group to 2024-09-24T14:06:46.539788+00:00, run_after=2024-09-25T14:06:46.539788+00:00
[2024-09-25T14:06:46.732+0000] {processor.py:176} INFO - Processing /home/airflow/.local/lib/python3.7/site-packages/airflow/example_dags/example_task_group.py took 0.309 seconds
[2024-09-25T14:07:17.737+0000] {processor.py:154} INFO - Started process (PID=31040) to work on /home/airflow/.local/lib/python3.7/site-packages/airflow/example_dags/example_task_group.py
[2024-09-25T14:07:17.739+0000] {processor.py:756} INFO - Processing file /home/airflow/.local/lib/python3.7/site-packages/airflow/example_dags/example_task_group.py for tasks to queue
[2024-09-25T14:07:17.740+0000] {logging_mixin.py:120} INFO - [2024-09-25T14:07:17.740+0000] {dagbag.py:537} INFO - Filling up the DagBag from /home/airflow/.local/lib/python3.7/site-packages/airflow/example_dags/example_task_group.py
[2024-09-25T14:07:17.760+0000] {processor.py:766} INFO - DAG(s) dict_keys(['example_task_group']) retrieved from /home/airflow/.local/lib/python3.7/site-packages/airflow/example_dags/example_task_group.py
[2024-09-25T14:07:17.814+0000] {logging_mixin.py:120} INFO - [2024-09-25T14:07:17.814+0000] {dag.py:2585} INFO - Sync 1 DAGs
[2024-09-25T14:07:17.990+0000] {logging_mixin.py:120} INFO - [2024-09-25T14:07:17.990+0000] {dag.py:3340} INFO - Setting next_dagrun for example_task_group to 2024-09-24T14:07:17.989954+00:00, run_after=2024-09-25T14:07:17.989954+00:00
[2024-09-25T14:07:18.014+0000] {processor.py:176} INFO - Processing /home/airflow/.local/lib/python3.7/site-packages/airflow/example_dags/example_task_group.py took 0.281 seconds
[2024-09-25T14:07:48.297+0000] {processor.py:154} INFO - Started process (PID=31104) to work on /home/airflow/.local/lib/python3.7/site-packages/airflow/example_dags/example_task_group.py
[2024-09-25T14:07:48.300+0000] {processor.py:756} INFO - Processing file /home/airflow/.local/lib/python3.7/site-packages/airflow/example_dags/example_task_group.py for tasks to queue
[2024-09-25T14:07:48.301+0000] {logging_mixin.py:120} INFO - [2024-09-25T14:07:48.301+0000] {dagbag.py:537} INFO - Filling up the DagBag from /home/airflow/.local/lib/python3.7/site-packages/airflow/example_dags/example_task_group.py
[2024-09-25T14:07:48.321+0000] {processor.py:766} INFO - DAG(s) dict_keys(['example_task_group']) retrieved from /home/airflow/.local/lib/python3.7/site-packages/airflow/example_dags/example_task_group.py
[2024-09-25T14:07:48.524+0000] {logging_mixin.py:120} INFO - [2024-09-25T14:07:48.523+0000] {dag.py:2585} INFO - Sync 1 DAGs
[2024-09-25T14:07:48.555+0000] {logging_mixin.py:120} INFO - [2024-09-25T14:07:48.555+0000] {dag.py:3340} INFO - Setting next_dagrun for example_task_group to 2024-09-24T14:07:48.555460+00:00, run_after=2024-09-25T14:07:48.555460+00:00
[2024-09-25T14:07:48.580+0000] {processor.py:176} INFO - Processing /home/airflow/.local/lib/python3.7/site-packages/airflow/example_dags/example_task_group.py took 0.287 seconds
[2024-09-25T14:08:18.731+0000] {processor.py:154} INFO - Started process (PID=31171) to work on /home/airflow/.local/lib/python3.7/site-packages/airflow/example_dags/example_task_group.py
[2024-09-25T14:08:18.735+0000] {processor.py:756} INFO - Processing file /home/airflow/.local/lib/python3.7/site-packages/airflow/example_dags/example_task_group.py for tasks to queue
[2024-09-25T14:08:18.736+0000] {logging_mixin.py:120} INFO - [2024-09-25T14:08:18.736+0000] {dagbag.py:537} INFO - Filling up the DagBag from /home/airflow/.local/lib/python3.7/site-packages/airflow/example_dags/example_task_group.py
[2024-09-25T14:08:18.761+0000] {processor.py:766} INFO - DAG(s) dict_keys(['example_task_group']) retrieved from /home/airflow/.local/lib/python3.7/site-packages/airflow/example_dags/example_task_group.py
[2024-09-25T14:08:18.971+0000] {logging_mixin.py:120} INFO - [2024-09-25T14:08:18.971+0000] {dag.py:2585} INFO - Sync 1 DAGs
[2024-09-25T14:08:19.000+0000] {logging_mixin.py:120} INFO - [2024-09-25T14:08:19.000+0000] {dag.py:3340} INFO - Setting next_dagrun for example_task_group to 2024-09-24T14:08:19.000278+00:00, run_after=2024-09-25T14:08:19.000278+00:00
[2024-09-25T14:08:19.023+0000] {processor.py:176} INFO - Processing /home/airflow/.local/lib/python3.7/site-packages/airflow/example_dags/example_task_group.py took 0.298 seconds
[2024-09-25T14:08:49.429+0000] {processor.py:154} INFO - Started process (PID=31227) to work on /home/airflow/.local/lib/python3.7/site-packages/airflow/example_dags/example_task_group.py
[2024-09-25T14:08:49.432+0000] {processor.py:756} INFO - Processing file /home/airflow/.local/lib/python3.7/site-packages/airflow/example_dags/example_task_group.py for tasks to queue
[2024-09-25T14:08:49.433+0000] {logging_mixin.py:120} INFO - [2024-09-25T14:08:49.432+0000] {dagbag.py:537} INFO - Filling up the DagBag from /home/airflow/.local/lib/python3.7/site-packages/airflow/example_dags/example_task_group.py
[2024-09-25T14:08:49.455+0000] {processor.py:766} INFO - DAG(s) dict_keys(['example_task_group']) retrieved from /home/airflow/.local/lib/python3.7/site-packages/airflow/example_dags/example_task_group.py
[2024-09-25T14:08:49.514+0000] {logging_mixin.py:120} INFO - [2024-09-25T14:08:49.513+0000] {dag.py:2585} INFO - Sync 1 DAGs
[2024-09-25T14:08:49.548+0000] {logging_mixin.py:120} INFO - [2024-09-25T14:08:49.548+0000] {dag.py:3340} INFO - Setting next_dagrun for example_task_group to 2024-09-24T14:08:49.547750+00:00, run_after=2024-09-25T14:08:49.547750+00:00
[2024-09-25T14:08:49.575+0000] {processor.py:176} INFO - Processing /home/airflow/.local/lib/python3.7/site-packages/airflow/example_dags/example_task_group.py took 0.150 seconds
[2024-09-25T14:09:20.292+0000] {processor.py:154} INFO - Started process (PID=31292) to work on /home/airflow/.local/lib/python3.7/site-packages/airflow/example_dags/example_task_group.py
[2024-09-25T14:09:20.295+0000] {processor.py:756} INFO - Processing file /home/airflow/.local/lib/python3.7/site-packages/airflow/example_dags/example_task_group.py for tasks to queue
[2024-09-25T14:09:20.296+0000] {logging_mixin.py:120} INFO - [2024-09-25T14:09:20.296+0000] {dagbag.py:537} INFO - Filling up the DagBag from /home/airflow/.local/lib/python3.7/site-packages/airflow/example_dags/example_task_group.py
[2024-09-25T14:09:20.317+0000] {processor.py:766} INFO - DAG(s) dict_keys(['example_task_group']) retrieved from /home/airflow/.local/lib/python3.7/site-packages/airflow/example_dags/example_task_group.py
[2024-09-25T14:09:20.367+0000] {logging_mixin.py:120} INFO - [2024-09-25T14:09:20.367+0000] {dag.py:2585} INFO - Sync 1 DAGs
[2024-09-25T14:09:20.543+0000] {logging_mixin.py:120} INFO - [2024-09-25T14:09:20.542+0000] {dag.py:3340} INFO - Setting next_dagrun for example_task_group to 2024-09-24T14:09:20.542613+00:00, run_after=2024-09-25T14:09:20.542613+00:00
[2024-09-25T14:09:20.567+0000] {processor.py:176} INFO - Processing /home/airflow/.local/lib/python3.7/site-packages/airflow/example_dags/example_task_group.py took 0.279 seconds
[2024-09-25T14:09:50.960+0000] {processor.py:154} INFO - Started process (PID=31357) to work on /home/airflow/.local/lib/python3.7/site-packages/airflow/example_dags/example_task_group.py
[2024-09-25T14:09:50.964+0000] {processor.py:756} INFO - Processing file /home/airflow/.local/lib/python3.7/site-packages/airflow/example_dags/example_task_group.py for tasks to queue
[2024-09-25T14:09:50.965+0000] {logging_mixin.py:120} INFO - [2024-09-25T14:09:50.965+0000] {dagbag.py:537} INFO - Filling up the DagBag from /home/airflow/.local/lib/python3.7/site-packages/airflow/example_dags/example_task_group.py
[2024-09-25T14:09:50.987+0000] {processor.py:766} INFO - DAG(s) dict_keys(['example_task_group']) retrieved from /home/airflow/.local/lib/python3.7/site-packages/airflow/example_dags/example_task_group.py
[2024-09-25T14:09:51.041+0000] {logging_mixin.py:120} INFO - [2024-09-25T14:09:51.040+0000] {dag.py:2585} INFO - Sync 1 DAGs
[2024-09-25T14:09:51.220+0000] {logging_mixin.py:120} INFO - [2024-09-25T14:09:51.219+0000] {dag.py:3340} INFO - Setting next_dagrun for example_task_group to 2024-09-24T14:09:51.219640+00:00, run_after=2024-09-25T14:09:51.219640+00:00
[2024-09-25T14:09:51.247+0000] {processor.py:176} INFO - Processing /home/airflow/.local/lib/python3.7/site-packages/airflow/example_dags/example_task_group.py took 0.291 seconds
[2024-09-25T14:10:21.466+0000] {processor.py:154} INFO - Started process (PID=31413) to work on /home/airflow/.local/lib/python3.7/site-packages/airflow/example_dags/example_task_group.py
[2024-09-25T14:10:21.468+0000] {processor.py:756} INFO - Processing file /home/airflow/.local/lib/python3.7/site-packages/airflow/example_dags/example_task_group.py for tasks to queue
[2024-09-25T14:10:21.469+0000] {logging_mixin.py:120} INFO - [2024-09-25T14:10:21.469+0000] {dagbag.py:537} INFO - Filling up the DagBag from /home/airflow/.local/lib/python3.7/site-packages/airflow/example_dags/example_task_group.py
[2024-09-25T14:10:21.491+0000] {processor.py:766} INFO - DAG(s) dict_keys(['example_task_group']) retrieved from /home/airflow/.local/lib/python3.7/site-packages/airflow/example_dags/example_task_group.py
[2024-09-25T14:10:21.677+0000] {logging_mixin.py:120} INFO - [2024-09-25T14:10:21.677+0000] {dag.py:2585} INFO - Sync 1 DAGs
[2024-09-25T14:10:21.706+0000] {logging_mixin.py:120} INFO - [2024-09-25T14:10:21.706+0000] {dag.py:3340} INFO - Setting next_dagrun for example_task_group to 2024-09-24T14:10:21.705772+00:00, run_after=2024-09-25T14:10:21.705772+00:00
[2024-09-25T14:10:21.728+0000] {processor.py:176} INFO - Processing /home/airflow/.local/lib/python3.7/site-packages/airflow/example_dags/example_task_group.py took 0.266 seconds
[2024-09-25T14:10:52.284+0000] {processor.py:154} INFO - Started process (PID=31478) to work on /home/airflow/.local/lib/python3.7/site-packages/airflow/example_dags/example_task_group.py
[2024-09-25T14:10:52.287+0000] {processor.py:756} INFO - Processing file /home/airflow/.local/lib/python3.7/site-packages/airflow/example_dags/example_task_group.py for tasks to queue
[2024-09-25T14:10:52.288+0000] {logging_mixin.py:120} INFO - [2024-09-25T14:10:52.288+0000] {dagbag.py:537} INFO - Filling up the DagBag from /home/airflow/.local/lib/python3.7/site-packages/airflow/example_dags/example_task_group.py
[2024-09-25T14:10:52.311+0000] {processor.py:766} INFO - DAG(s) dict_keys(['example_task_group']) retrieved from /home/airflow/.local/lib/python3.7/site-packages/airflow/example_dags/example_task_group.py
[2024-09-25T14:10:52.370+0000] {logging_mixin.py:120} INFO - [2024-09-25T14:10:52.370+0000] {dag.py:2585} INFO - Sync 1 DAGs
[2024-09-25T14:10:52.405+0000] {logging_mixin.py:120} INFO - [2024-09-25T14:10:52.405+0000] {dag.py:3340} INFO - Setting next_dagrun for example_task_group to 2024-09-24T14:10:52.405066+00:00, run_after=2024-09-25T14:10:52.405066+00:00
[2024-09-25T14:10:52.432+0000] {processor.py:176} INFO - Processing /home/airflow/.local/lib/python3.7/site-packages/airflow/example_dags/example_task_group.py took 0.152 seconds
[2024-09-25T14:11:23.090+0000] {processor.py:154} INFO - Started process (PID=31543) to work on /home/airflow/.local/lib/python3.7/site-packages/airflow/example_dags/example_task_group.py
[2024-09-25T14:11:23.092+0000] {processor.py:756} INFO - Processing file /home/airflow/.local/lib/python3.7/site-packages/airflow/example_dags/example_task_group.py for tasks to queue
[2024-09-25T14:11:23.094+0000] {logging_mixin.py:120} INFO - [2024-09-25T14:11:23.093+0000] {dagbag.py:537} INFO - Filling up the DagBag from /home/airflow/.local/lib/python3.7/site-packages/airflow/example_dags/example_task_group.py
[2024-09-25T14:11:23.117+0000] {processor.py:766} INFO - DAG(s) dict_keys(['example_task_group']) retrieved from /home/airflow/.local/lib/python3.7/site-packages/airflow/example_dags/example_task_group.py
[2024-09-25T14:11:23.175+0000] {logging_mixin.py:120} INFO - [2024-09-25T14:11:23.175+0000] {dag.py:2585} INFO - Sync 1 DAGs
[2024-09-25T14:11:23.365+0000] {logging_mixin.py:120} INFO - [2024-09-25T14:11:23.365+0000] {dag.py:3340} INFO - Setting next_dagrun for example_task_group to 2024-09-24T14:11:23.364736+00:00, run_after=2024-09-25T14:11:23.364736+00:00
[2024-09-25T14:11:23.397+0000] {processor.py:176} INFO - Processing /home/airflow/.local/lib/python3.7/site-packages/airflow/example_dags/example_task_group.py took 0.312 seconds
[2024-09-25T14:11:54.018+0000] {processor.py:154} INFO - Started process (PID=31608) to work on /home/airflow/.local/lib/python3.7/site-packages/airflow/example_dags/example_task_group.py
[2024-09-25T14:11:54.020+0000] {processor.py:756} INFO - Processing file /home/airflow/.local/lib/python3.7/site-packages/airflow/example_dags/example_task_group.py for tasks to queue
[2024-09-25T14:11:54.021+0000] {logging_mixin.py:120} INFO - [2024-09-25T14:11:54.021+0000] {dagbag.py:537} INFO - Filling up the DagBag from /home/airflow/.local/lib/python3.7/site-packages/airflow/example_dags/example_task_group.py
[2024-09-25T14:11:54.044+0000] {processor.py:766} INFO - DAG(s) dict_keys(['example_task_group']) retrieved from /home/airflow/.local/lib/python3.7/site-packages/airflow/example_dags/example_task_group.py
[2024-09-25T14:11:54.100+0000] {logging_mixin.py:120} INFO - [2024-09-25T14:11:54.100+0000] {dag.py:2585} INFO - Sync 1 DAGs
[2024-09-25T14:11:54.270+0000] {logging_mixin.py:120} INFO - [2024-09-25T14:11:54.269+0000] {dag.py:3340} INFO - Setting next_dagrun for example_task_group to 2024-09-24T14:11:54.269728+00:00, run_after=2024-09-25T14:11:54.269728+00:00
[2024-09-25T14:11:54.295+0000] {processor.py:176} INFO - Processing /home/airflow/.local/lib/python3.7/site-packages/airflow/example_dags/example_task_group.py took 0.281 seconds
[2024-09-25T14:12:24.643+0000] {processor.py:154} INFO - Started process (PID=31664) to work on /home/airflow/.local/lib/python3.7/site-packages/airflow/example_dags/example_task_group.py
[2024-09-25T14:12:24.646+0000] {processor.py:756} INFO - Processing file /home/airflow/.local/lib/python3.7/site-packages/airflow/example_dags/example_task_group.py for tasks to queue
[2024-09-25T14:12:24.647+0000] {logging_mixin.py:120} INFO - [2024-09-25T14:12:24.647+0000] {dagbag.py:537} INFO - Filling up the DagBag from /home/airflow/.local/lib/python3.7/site-packages/airflow/example_dags/example_task_group.py
[2024-09-25T14:12:24.668+0000] {processor.py:766} INFO - DAG(s) dict_keys(['example_task_group']) retrieved from /home/airflow/.local/lib/python3.7/site-packages/airflow/example_dags/example_task_group.py
[2024-09-25T14:12:24.866+0000] {logging_mixin.py:120} INFO - [2024-09-25T14:12:24.866+0000] {dag.py:2585} INFO - Sync 1 DAGs
[2024-09-25T14:12:24.894+0000] {logging_mixin.py:120} INFO - [2024-09-25T14:12:24.894+0000] {dag.py:3340} INFO - Setting next_dagrun for example_task_group to 2024-09-24T14:12:24.894200+00:00, run_after=2024-09-25T14:12:24.894200+00:00
[2024-09-25T14:12:24.914+0000] {processor.py:176} INFO - Processing /home/airflow/.local/lib/python3.7/site-packages/airflow/example_dags/example_task_group.py took 0.276 seconds
[2024-09-25T14:12:55.274+0000] {processor.py:154} INFO - Started process (PID=31729) to work on /home/airflow/.local/lib/python3.7/site-packages/airflow/example_dags/example_task_group.py
[2024-09-25T14:12:55.276+0000] {processor.py:756} INFO - Processing file /home/airflow/.local/lib/python3.7/site-packages/airflow/example_dags/example_task_group.py for tasks to queue
[2024-09-25T14:12:55.277+0000] {logging_mixin.py:120} INFO - [2024-09-25T14:12:55.277+0000] {dagbag.py:537} INFO - Filling up the DagBag from /home/airflow/.local/lib/python3.7/site-packages/airflow/example_dags/example_task_group.py
[2024-09-25T14:12:55.301+0000] {processor.py:766} INFO - DAG(s) dict_keys(['example_task_group']) retrieved from /home/airflow/.local/lib/python3.7/site-packages/airflow/example_dags/example_task_group.py
[2024-09-25T14:12:55.356+0000] {logging_mixin.py:120} INFO - [2024-09-25T14:12:55.355+0000] {dag.py:2585} INFO - Sync 1 DAGs
[2024-09-25T14:12:55.384+0000] {logging_mixin.py:120} INFO - [2024-09-25T14:12:55.384+0000] {dag.py:3340} INFO - Setting next_dagrun for example_task_group to 2024-09-24T14:12:55.383943+00:00, run_after=2024-09-25T14:12:55.383943+00:00
[2024-09-25T14:12:55.405+0000] {processor.py:176} INFO - Processing /home/airflow/.local/lib/python3.7/site-packages/airflow/example_dags/example_task_group.py took 0.136 seconds
[2024-09-25T14:13:26.302+0000] {processor.py:154} INFO - Started process (PID=31794) to work on /home/airflow/.local/lib/python3.7/site-packages/airflow/example_dags/example_task_group.py
[2024-09-25T14:13:26.305+0000] {processor.py:756} INFO - Processing file /home/airflow/.local/lib/python3.7/site-packages/airflow/example_dags/example_task_group.py for tasks to queue
[2024-09-25T14:13:26.306+0000] {logging_mixin.py:120} INFO - [2024-09-25T14:13:26.306+0000] {dagbag.py:537} INFO - Filling up the DagBag from /home/airflow/.local/lib/python3.7/site-packages/airflow/example_dags/example_task_group.py
[2024-09-25T14:13:26.329+0000] {processor.py:766} INFO - DAG(s) dict_keys(['example_task_group']) retrieved from /home/airflow/.local/lib/python3.7/site-packages/airflow/example_dags/example_task_group.py
[2024-09-25T14:13:26.387+0000] {logging_mixin.py:120} INFO - [2024-09-25T14:13:26.386+0000] {dag.py:2585} INFO - Sync 1 DAGs
[2024-09-25T14:13:26.417+0000] {logging_mixin.py:120} INFO - [2024-09-25T14:13:26.416+0000] {dag.py:3340} INFO - Setting next_dagrun for example_task_group to 2024-09-24T14:13:26.416585+00:00, run_after=2024-09-25T14:13:26.416585+00:00
[2024-09-25T14:13:26.582+0000] {processor.py:176} INFO - Processing /home/airflow/.local/lib/python3.7/site-packages/airflow/example_dags/example_task_group.py took 0.286 seconds
[2024-09-25T14:13:57.415+0000] {processor.py:154} INFO - Started process (PID=31859) to work on /home/airflow/.local/lib/python3.7/site-packages/airflow/example_dags/example_task_group.py
[2024-09-25T14:13:57.418+0000] {processor.py:756} INFO - Processing file /home/airflow/.local/lib/python3.7/site-packages/airflow/example_dags/example_task_group.py for tasks to queue
[2024-09-25T14:13:57.419+0000] {logging_mixin.py:120} INFO - [2024-09-25T14:13:57.419+0000] {dagbag.py:537} INFO - Filling up the DagBag from /home/airflow/.local/lib/python3.7/site-packages/airflow/example_dags/example_task_group.py
[2024-09-25T14:13:57.440+0000] {processor.py:766} INFO - DAG(s) dict_keys(['example_task_group']) retrieved from /home/airflow/.local/lib/python3.7/site-packages/airflow/example_dags/example_task_group.py
[2024-09-25T14:13:57.492+0000] {logging_mixin.py:120} INFO - [2024-09-25T14:13:57.492+0000] {dag.py:2585} INFO - Sync 1 DAGs
[2024-09-25T14:13:57.656+0000] {logging_mixin.py:120} INFO - [2024-09-25T14:13:57.656+0000] {dag.py:3340} INFO - Setting next_dagrun for example_task_group to 2024-09-24T14:13:57.655801+00:00, run_after=2024-09-25T14:13:57.655801+00:00
[2024-09-25T14:13:57.681+0000] {processor.py:176} INFO - Processing /home/airflow/.local/lib/python3.7/site-packages/airflow/example_dags/example_task_group.py took 0.270 seconds
[2024-09-25T14:14:28.282+0000] {processor.py:154} INFO - Started process (PID=31915) to work on /home/airflow/.local/lib/python3.7/site-packages/airflow/example_dags/example_task_group.py
[2024-09-25T14:14:28.285+0000] {processor.py:756} INFO - Processing file /home/airflow/.local/lib/python3.7/site-packages/airflow/example_dags/example_task_group.py for tasks to queue
[2024-09-25T14:14:28.286+0000] {logging_mixin.py:120} INFO - [2024-09-25T14:14:28.286+0000] {dagbag.py:537} INFO - Filling up the DagBag from /home/airflow/.local/lib/python3.7/site-packages/airflow/example_dags/example_task_group.py
[2024-09-25T14:14:28.307+0000] {processor.py:766} INFO - DAG(s) dict_keys(['example_task_group']) retrieved from /home/airflow/.local/lib/python3.7/site-packages/airflow/example_dags/example_task_group.py
[2024-09-25T14:14:28.496+0000] {logging_mixin.py:120} INFO - [2024-09-25T14:14:28.496+0000] {dag.py:2585} INFO - Sync 1 DAGs
[2024-09-25T14:14:28.525+0000] {logging_mixin.py:120} INFO - [2024-09-25T14:14:28.525+0000] {dag.py:3340} INFO - Setting next_dagrun for example_task_group to 2024-09-24T14:14:28.524952+00:00, run_after=2024-09-25T14:14:28.524952+00:00
[2024-09-25T14:14:28.546+0000] {processor.py:176} INFO - Processing /home/airflow/.local/lib/python3.7/site-packages/airflow/example_dags/example_task_group.py took 0.268 seconds
[2024-09-25T14:14:59.208+0000] {processor.py:154} INFO - Started process (PID=31980) to work on /home/airflow/.local/lib/python3.7/site-packages/airflow/example_dags/example_task_group.py
[2024-09-25T14:14:59.211+0000] {processor.py:756} INFO - Processing file /home/airflow/.local/lib/python3.7/site-packages/airflow/example_dags/example_task_group.py for tasks to queue
[2024-09-25T14:14:59.212+0000] {logging_mixin.py:120} INFO - [2024-09-25T14:14:59.211+0000] {dagbag.py:537} INFO - Filling up the DagBag from /home/airflow/.local/lib/python3.7/site-packages/airflow/example_dags/example_task_group.py
[2024-09-25T14:14:59.232+0000] {processor.py:766} INFO - DAG(s) dict_keys(['example_task_group']) retrieved from /home/airflow/.local/lib/python3.7/site-packages/airflow/example_dags/example_task_group.py
[2024-09-25T14:14:59.433+0000] {logging_mixin.py:120} INFO - [2024-09-25T14:14:59.432+0000] {dag.py:2585} INFO - Sync 1 DAGs
[2024-09-25T14:14:59.462+0000] {logging_mixin.py:120} INFO - [2024-09-25T14:14:59.462+0000] {dag.py:3340} INFO - Setting next_dagrun for example_task_group to 2024-09-24T14:14:59.461908+00:00, run_after=2024-09-25T14:14:59.461908+00:00
[2024-09-25T14:14:59.484+0000] {processor.py:176} INFO - Processing /home/airflow/.local/lib/python3.7/site-packages/airflow/example_dags/example_task_group.py took 0.280 seconds
[2024-09-25T14:15:29.870+0000] {processor.py:154} INFO - Started process (PID=32045) to work on /home/airflow/.local/lib/python3.7/site-packages/airflow/example_dags/example_task_group.py
[2024-09-25T14:15:29.873+0000] {processor.py:756} INFO - Processing file /home/airflow/.local/lib/python3.7/site-packages/airflow/example_dags/example_task_group.py for tasks to queue
[2024-09-25T14:15:29.874+0000] {logging_mixin.py:120} INFO - [2024-09-25T14:15:29.874+0000] {dagbag.py:537} INFO - Filling up the DagBag from /home/airflow/.local/lib/python3.7/site-packages/airflow/example_dags/example_task_group.py
[2024-09-25T14:15:29.901+0000] {processor.py:766} INFO - DAG(s) dict_keys(['example_task_group']) retrieved from /home/airflow/.local/lib/python3.7/site-packages/airflow/example_dags/example_task_group.py
[2024-09-25T14:15:29.949+0000] {logging_mixin.py:120} INFO - [2024-09-25T14:15:29.949+0000] {dag.py:2585} INFO - Sync 1 DAGs
[2024-09-25T14:15:29.980+0000] {logging_mixin.py:120} INFO - [2024-09-25T14:15:29.980+0000] {dag.py:3340} INFO - Setting next_dagrun for example_task_group to 2024-09-24T14:15:29.979958+00:00, run_after=2024-09-25T14:15:29.979958+00:00
[2024-09-25T14:15:30.146+0000] {processor.py:176} INFO - Processing /home/airflow/.local/lib/python3.7/site-packages/airflow/example_dags/example_task_group.py took 0.281 seconds
[2024-09-25T14:16:00.249+0000] {processor.py:154} INFO - Started process (PID=32101) to work on /home/airflow/.local/lib/python3.7/site-packages/airflow/example_dags/example_task_group.py
[2024-09-25T14:16:00.251+0000] {processor.py:756} INFO - Processing file /home/airflow/.local/lib/python3.7/site-packages/airflow/example_dags/example_task_group.py for tasks to queue
[2024-09-25T14:16:00.253+0000] {logging_mixin.py:120} INFO - [2024-09-25T14:16:00.252+0000] {dagbag.py:537} INFO - Filling up the DagBag from /home/airflow/.local/lib/python3.7/site-packages/airflow/example_dags/example_task_group.py
[2024-09-25T14:16:00.277+0000] {processor.py:766} INFO - DAG(s) dict_keys(['example_task_group']) retrieved from /home/airflow/.local/lib/python3.7/site-packages/airflow/example_dags/example_task_group.py
[2024-09-25T14:16:00.331+0000] {logging_mixin.py:120} INFO - [2024-09-25T14:16:00.331+0000] {dag.py:2585} INFO - Sync 1 DAGs
[2024-09-25T14:16:00.508+0000] {logging_mixin.py:120} INFO - [2024-09-25T14:16:00.508+0000] {dag.py:3340} INFO - Setting next_dagrun for example_task_group to 2024-09-24T14:16:00.507772+00:00, run_after=2024-09-25T14:16:00.507772+00:00
[2024-09-25T14:16:00.532+0000] {processor.py:176} INFO - Processing /home/airflow/.local/lib/python3.7/site-packages/airflow/example_dags/example_task_group.py took 0.288 seconds
[2024-09-25T14:16:30.854+0000] {processor.py:154} INFO - Started process (PID=32166) to work on /home/airflow/.local/lib/python3.7/site-packages/airflow/example_dags/example_task_group.py
[2024-09-25T14:16:30.857+0000] {processor.py:756} INFO - Processing file /home/airflow/.local/lib/python3.7/site-packages/airflow/example_dags/example_task_group.py for tasks to queue
[2024-09-25T14:16:30.858+0000] {logging_mixin.py:120} INFO - [2024-09-25T14:16:30.858+0000] {dagbag.py:537} INFO - Filling up the DagBag from /home/airflow/.local/lib/python3.7/site-packages/airflow/example_dags/example_task_group.py
[2024-09-25T14:16:30.882+0000] {processor.py:766} INFO - DAG(s) dict_keys(['example_task_group']) retrieved from /home/airflow/.local/lib/python3.7/site-packages/airflow/example_dags/example_task_group.py
[2024-09-25T14:16:31.076+0000] {logging_mixin.py:120} INFO - [2024-09-25T14:16:31.076+0000] {dag.py:2585} INFO - Sync 1 DAGs
[2024-09-25T14:16:31.105+0000] {logging_mixin.py:120} INFO - [2024-09-25T14:16:31.105+0000] {dag.py:3340} INFO - Setting next_dagrun for example_task_group to 2024-09-24T14:16:31.105237+00:00, run_after=2024-09-25T14:16:31.105237+00:00
[2024-09-25T14:16:31.128+0000] {processor.py:176} INFO - Processing /home/airflow/.local/lib/python3.7/site-packages/airflow/example_dags/example_task_group.py took 0.278 seconds
[2024-09-25T16:13:31.780+0000] {processor.py:154} INFO - Started process (PID=32245) to work on /home/airflow/.local/lib/python3.7/site-packages/airflow/example_dags/example_task_group.py
[2024-09-25T16:13:31.784+0000] {processor.py:756} INFO - Processing file /home/airflow/.local/lib/python3.7/site-packages/airflow/example_dags/example_task_group.py for tasks to queue
[2024-09-25T16:13:31.785+0000] {logging_mixin.py:120} INFO - [2024-09-25T16:13:31.785+0000] {dagbag.py:537} INFO - Filling up the DagBag from /home/airflow/.local/lib/python3.7/site-packages/airflow/example_dags/example_task_group.py
[2024-09-25T16:13:31.820+0000] {processor.py:766} INFO - DAG(s) dict_keys(['example_task_group']) retrieved from /home/airflow/.local/lib/python3.7/site-packages/airflow/example_dags/example_task_group.py
[2024-09-25T16:13:32.059+0000] {logging_mixin.py:120} INFO - [2024-09-25T16:13:32.059+0000] {dag.py:2585} INFO - Sync 1 DAGs
[2024-09-25T16:13:32.087+0000] {logging_mixin.py:120} INFO - [2024-09-25T16:13:32.087+0000] {dag.py:3340} INFO - Setting next_dagrun for example_task_group to 2024-09-24T16:13:32.087514+00:00, run_after=2024-09-25T16:13:32.087514+00:00
[2024-09-25T16:13:32.110+0000] {processor.py:176} INFO - Processing /home/airflow/.local/lib/python3.7/site-packages/airflow/example_dags/example_task_group.py took 0.336 seconds
[2024-09-25T16:17:38.406+0000] {processor.py:154} INFO - Started process (PID=32301) to work on /home/airflow/.local/lib/python3.7/site-packages/airflow/example_dags/example_task_group.py
[2024-09-25T16:17:38.410+0000] {processor.py:756} INFO - Processing file /home/airflow/.local/lib/python3.7/site-packages/airflow/example_dags/example_task_group.py for tasks to queue
[2024-09-25T16:17:38.411+0000] {logging_mixin.py:120} INFO - [2024-09-25T16:17:38.411+0000] {dagbag.py:537} INFO - Filling up the DagBag from /home/airflow/.local/lib/python3.7/site-packages/airflow/example_dags/example_task_group.py
[2024-09-25T16:17:38.444+0000] {processor.py:766} INFO - DAG(s) dict_keys(['example_task_group']) retrieved from /home/airflow/.local/lib/python3.7/site-packages/airflow/example_dags/example_task_group.py
[2024-09-25T16:17:38.520+0000] {logging_mixin.py:120} INFO - [2024-09-25T16:17:38.520+0000] {dag.py:2585} INFO - Sync 1 DAGs
[2024-09-25T16:17:38.566+0000] {logging_mixin.py:120} INFO - [2024-09-25T16:17:38.566+0000] {dag.py:3340} INFO - Setting next_dagrun for example_task_group to 2024-09-24T16:17:38.565786+00:00, run_after=2024-09-25T16:17:38.565786+00:00
[2024-09-25T16:17:38.929+0000] {processor.py:176} INFO - Processing /home/airflow/.local/lib/python3.7/site-packages/airflow/example_dags/example_task_group.py took 0.528 seconds
[2024-09-25T17:08:26.997+0000] {processor.py:154} INFO - Started process (PID=32366) to work on /home/airflow/.local/lib/python3.7/site-packages/airflow/example_dags/example_task_group.py
[2024-09-25T17:08:27.000+0000] {processor.py:756} INFO - Processing file /home/airflow/.local/lib/python3.7/site-packages/airflow/example_dags/example_task_group.py for tasks to queue
[2024-09-25T17:08:27.001+0000] {logging_mixin.py:120} INFO - [2024-09-25T17:08:27.001+0000] {dagbag.py:537} INFO - Filling up the DagBag from /home/airflow/.local/lib/python3.7/site-packages/airflow/example_dags/example_task_group.py
[2024-09-25T17:08:27.023+0000] {processor.py:766} INFO - DAG(s) dict_keys(['example_task_group']) retrieved from /home/airflow/.local/lib/python3.7/site-packages/airflow/example_dags/example_task_group.py
[2024-09-25T17:08:27.076+0000] {logging_mixin.py:120} INFO - [2024-09-25T17:08:27.076+0000] {dag.py:2585} INFO - Sync 1 DAGs
[2024-09-25T17:08:27.264+0000] {logging_mixin.py:120} INFO - [2024-09-25T17:08:27.264+0000] {dag.py:3340} INFO - Setting next_dagrun for example_task_group to 2024-09-24T17:08:27.264467+00:00, run_after=2024-09-25T17:08:27.264467+00:00
[2024-09-25T17:08:27.291+0000] {processor.py:176} INFO - Processing /home/airflow/.local/lib/python3.7/site-packages/airflow/example_dags/example_task_group.py took 0.298 seconds
[2024-09-25T18:19:37.521+0000] {processor.py:154} INFO - Started process (PID=32431) to work on /home/airflow/.local/lib/python3.7/site-packages/airflow/example_dags/example_task_group.py
[2024-09-25T18:19:37.526+0000] {processor.py:756} INFO - Processing file /home/airflow/.local/lib/python3.7/site-packages/airflow/example_dags/example_task_group.py for tasks to queue
[2024-09-25T18:19:37.528+0000] {logging_mixin.py:120} INFO - [2024-09-25T18:19:37.527+0000] {dagbag.py:537} INFO - Filling up the DagBag from /home/airflow/.local/lib/python3.7/site-packages/airflow/example_dags/example_task_group.py
[2024-09-25T18:19:37.564+0000] {processor.py:766} INFO - DAG(s) dict_keys(['example_task_group']) retrieved from /home/airflow/.local/lib/python3.7/site-packages/airflow/example_dags/example_task_group.py
[2024-09-25T18:19:37.801+0000] {logging_mixin.py:120} INFO - [2024-09-25T18:19:37.800+0000] {dag.py:2585} INFO - Sync 1 DAGs
[2024-09-25T18:19:37.829+0000] {logging_mixin.py:120} INFO - [2024-09-25T18:19:37.829+0000] {dag.py:3340} INFO - Setting next_dagrun for example_task_group to 2024-09-24T18:19:37.829066+00:00, run_after=2024-09-25T18:19:37.829066+00:00
[2024-09-25T18:19:37.858+0000] {processor.py:176} INFO - Processing /home/airflow/.local/lib/python3.7/site-packages/airflow/example_dags/example_task_group.py took 0.343 seconds
[2024-09-25T20:00:40.735+0000] {processor.py:154} INFO - Started process (PID=32487) to work on /home/airflow/.local/lib/python3.7/site-packages/airflow/example_dags/example_task_group.py
[2024-09-25T20:00:40.739+0000] {processor.py:756} INFO - Processing file /home/airflow/.local/lib/python3.7/site-packages/airflow/example_dags/example_task_group.py for tasks to queue
[2024-09-25T20:00:40.741+0000] {logging_mixin.py:120} INFO - [2024-09-25T20:00:40.741+0000] {dagbag.py:537} INFO - Filling up the DagBag from /home/airflow/.local/lib/python3.7/site-packages/airflow/example_dags/example_task_group.py
[2024-09-25T20:00:40.772+0000] {processor.py:766} INFO - DAG(s) dict_keys(['example_task_group']) retrieved from /home/airflow/.local/lib/python3.7/site-packages/airflow/example_dags/example_task_group.py
[2024-09-25T20:00:41.006+0000] {logging_mixin.py:120} INFO - [2024-09-25T20:00:41.006+0000] {dag.py:2585} INFO - Sync 1 DAGs
[2024-09-25T20:00:41.037+0000] {logging_mixin.py:120} INFO - [2024-09-25T20:00:41.037+0000] {dag.py:3340} INFO - Setting next_dagrun for example_task_group to 2024-09-24T20:00:41.037436+00:00, run_after=2024-09-25T20:00:41.037436+00:00
[2024-09-25T20:00:41.062+0000] {processor.py:176} INFO - Processing /home/airflow/.local/lib/python3.7/site-packages/airflow/example_dags/example_task_group.py took 0.334 seconds
[2024-09-25T20:12:38.329+0000] {processor.py:154} INFO - Started process (PID=32552) to work on /home/airflow/.local/lib/python3.7/site-packages/airflow/example_dags/example_task_group.py
[2024-09-25T20:12:38.334+0000] {processor.py:756} INFO - Processing file /home/airflow/.local/lib/python3.7/site-packages/airflow/example_dags/example_task_group.py for tasks to queue
[2024-09-25T20:12:38.335+0000] {logging_mixin.py:120} INFO - [2024-09-25T20:12:38.335+0000] {dagbag.py:537} INFO - Filling up the DagBag from /home/airflow/.local/lib/python3.7/site-packages/airflow/example_dags/example_task_group.py
[2024-09-25T20:12:38.372+0000] {processor.py:766} INFO - DAG(s) dict_keys(['example_task_group']) retrieved from /home/airflow/.local/lib/python3.7/site-packages/airflow/example_dags/example_task_group.py
[2024-09-25T20:12:38.457+0000] {logging_mixin.py:120} INFO - [2024-09-25T20:12:38.456+0000] {dag.py:2585} INFO - Sync 1 DAGs
[2024-09-25T20:12:38.498+0000] {logging_mixin.py:120} INFO - [2024-09-25T20:12:38.497+0000] {dag.py:3340} INFO - Setting next_dagrun for example_task_group to 2024-09-24T20:12:38.497516+00:00, run_after=2024-09-25T20:12:38.497516+00:00
[2024-09-25T20:12:38.770+0000] {processor.py:176} INFO - Processing /home/airflow/.local/lib/python3.7/site-packages/airflow/example_dags/example_task_group.py took 0.450 seconds
[2024-09-25T21:22:43.385+0000] {processor.py:154} INFO - Started process (PID=32608) to work on /home/airflow/.local/lib/python3.7/site-packages/airflow/example_dags/example_task_group.py
[2024-09-25T21:22:43.388+0000] {processor.py:756} INFO - Processing file /home/airflow/.local/lib/python3.7/site-packages/airflow/example_dags/example_task_group.py for tasks to queue
[2024-09-25T21:22:43.389+0000] {logging_mixin.py:120} INFO - [2024-09-25T21:22:43.388+0000] {dagbag.py:537} INFO - Filling up the DagBag from /home/airflow/.local/lib/python3.7/site-packages/airflow/example_dags/example_task_group.py
[2024-09-25T21:22:43.409+0000] {processor.py:766} INFO - DAG(s) dict_keys(['example_task_group']) retrieved from /home/airflow/.local/lib/python3.7/site-packages/airflow/example_dags/example_task_group.py
[2024-09-25T21:22:43.464+0000] {logging_mixin.py:120} INFO - [2024-09-25T21:22:43.464+0000] {dag.py:2585} INFO - Sync 1 DAGs
[2024-09-25T21:22:43.648+0000] {logging_mixin.py:120} INFO - [2024-09-25T21:22:43.648+0000] {dag.py:3340} INFO - Setting next_dagrun for example_task_group to 2024-09-24T21:22:43.648288+00:00, run_after=2024-09-25T21:22:43.648288+00:00
[2024-09-25T21:22:43.670+0000] {processor.py:176} INFO - Processing /home/airflow/.local/lib/python3.7/site-packages/airflow/example_dags/example_task_group.py took 0.289 seconds
