[2024-09-25T00:10:18.976+0000] {processor.py:154} INFO - Started process (PID=17088) to work on /home/airflow/.local/lib/python3.7/site-packages/airflow/example_dags/example_task_group_decorator.py
[2024-09-25T00:10:18.981+0000] {processor.py:756} INFO - Processing file /home/airflow/.local/lib/python3.7/site-packages/airflow/example_dags/example_task_group_decorator.py for tasks to queue
[2024-09-25T00:10:18.984+0000] {logging_mixin.py:120} INFO - [2024-09-25T00:10:18.984+0000] {dagbag.py:537} INFO - Filling up the DagBag from /home/airflow/.local/lib/python3.7/site-packages/airflow/example_dags/example_task_group_decorator.py
[2024-09-25T00:10:19.040+0000] {processor.py:766} INFO - DAG(s) dict_keys(['example_task_group_decorator']) retrieved from /home/airflow/.local/lib/python3.7/site-packages/airflow/example_dags/example_task_group_decorator.py
[2024-09-25T00:10:19.119+0000] {logging_mixin.py:120} INFO - [2024-09-25T00:10:19.118+0000] {dag.py:2585} INFO - Sync 1 DAGs
[2024-09-25T00:10:19.177+0000] {logging_mixin.py:120} INFO - [2024-09-25T00:10:19.177+0000] {dag.py:3340} INFO - Setting next_dagrun for example_task_group_decorator to 2024-09-24T00:10:19.176927+00:00, run_after=2024-09-25T00:10:19.176927+00:00
[2024-09-25T00:10:19.227+0000] {processor.py:176} INFO - Processing /home/airflow/.local/lib/python3.7/site-packages/airflow/example_dags/example_task_group_decorator.py took 0.257 seconds
[2024-09-25T01:11:16.708+0000] {processor.py:154} INFO - Started process (PID=17143) to work on /home/airflow/.local/lib/python3.7/site-packages/airflow/example_dags/example_task_group_decorator.py
[2024-09-25T01:11:16.710+0000] {processor.py:756} INFO - Processing file /home/airflow/.local/lib/python3.7/site-packages/airflow/example_dags/example_task_group_decorator.py for tasks to queue
[2024-09-25T01:11:16.711+0000] {logging_mixin.py:120} INFO - [2024-09-25T01:11:16.711+0000] {dagbag.py:537} INFO - Filling up the DagBag from /home/airflow/.local/lib/python3.7/site-packages/airflow/example_dags/example_task_group_decorator.py
[2024-09-25T01:11:16.792+0000] {processor.py:766} INFO - DAG(s) dict_keys(['example_task_group_decorator']) retrieved from /home/airflow/.local/lib/python3.7/site-packages/airflow/example_dags/example_task_group_decorator.py
[2024-09-25T01:11:16.935+0000] {logging_mixin.py:120} INFO - [2024-09-25T01:11:16.935+0000] {dag.py:2585} INFO - Sync 1 DAGs
[2024-09-25T01:11:17.026+0000] {logging_mixin.py:120} INFO - [2024-09-25T01:11:17.026+0000] {dag.py:3340} INFO - Setting next_dagrun for example_task_group_decorator to 2024-09-24T01:11:17.025735+00:00, run_after=2024-09-25T01:11:17.025735+00:00
[2024-09-25T01:11:17.088+0000] {processor.py:176} INFO - Processing /home/airflow/.local/lib/python3.7/site-packages/airflow/example_dags/example_task_group_decorator.py took 0.387 seconds
[2024-09-25T01:37:14.371+0000] {processor.py:154} INFO - Started process (PID=17197) to work on /home/airflow/.local/lib/python3.7/site-packages/airflow/example_dags/example_task_group_decorator.py
[2024-09-25T01:37:14.377+0000] {processor.py:756} INFO - Processing file /home/airflow/.local/lib/python3.7/site-packages/airflow/example_dags/example_task_group_decorator.py for tasks to queue
[2024-09-25T01:37:14.383+0000] {logging_mixin.py:120} INFO - [2024-09-25T01:37:14.382+0000] {dagbag.py:537} INFO - Filling up the DagBag from /home/airflow/.local/lib/python3.7/site-packages/airflow/example_dags/example_task_group_decorator.py
[2024-09-25T01:37:14.645+0000] {processor.py:766} INFO - DAG(s) dict_keys(['example_task_group_decorator']) retrieved from /home/airflow/.local/lib/python3.7/site-packages/airflow/example_dags/example_task_group_decorator.py
[2024-09-25T01:37:15.002+0000] {logging_mixin.py:120} INFO - [2024-09-25T01:37:15.001+0000] {dag.py:2585} INFO - Sync 1 DAGs
[2024-09-25T01:37:15.225+0000] {logging_mixin.py:120} INFO - [2024-09-25T01:37:15.224+0000] {dag.py:3340} INFO - Setting next_dagrun for example_task_group_decorator to 2024-09-24T01:37:15.221731+00:00, run_after=2024-09-25T01:37:15.221731+00:00
[2024-09-25T01:37:15.410+0000] {processor.py:176} INFO - Processing /home/airflow/.local/lib/python3.7/site-packages/airflow/example_dags/example_task_group_decorator.py took 1.069 seconds
[2024-09-25T02:12:30.502+0000] {processor.py:154} INFO - Started process (PID=17242) to work on /home/airflow/.local/lib/python3.7/site-packages/airflow/example_dags/example_task_group_decorator.py
[2024-09-25T02:12:30.507+0000] {processor.py:756} INFO - Processing file /home/airflow/.local/lib/python3.7/site-packages/airflow/example_dags/example_task_group_decorator.py for tasks to queue
[2024-09-25T02:12:30.512+0000] {logging_mixin.py:120} INFO - [2024-09-25T02:12:30.511+0000] {dagbag.py:537} INFO - Filling up the DagBag from /home/airflow/.local/lib/python3.7/site-packages/airflow/example_dags/example_task_group_decorator.py
[2024-09-25T02:12:30.827+0000] {processor.py:766} INFO - DAG(s) dict_keys(['example_task_group_decorator']) retrieved from /home/airflow/.local/lib/python3.7/site-packages/airflow/example_dags/example_task_group_decorator.py
[2024-09-25T02:12:31.131+0000] {logging_mixin.py:120} INFO - [2024-09-25T02:12:31.130+0000] {dag.py:2585} INFO - Sync 1 DAGs
[2024-09-25T02:12:31.331+0000] {logging_mixin.py:120} INFO - [2024-09-25T02:12:31.329+0000] {dag.py:3340} INFO - Setting next_dagrun for example_task_group_decorator to 2024-09-24T02:12:31.326258+00:00, run_after=2024-09-25T02:12:31.326258+00:00
[2024-09-25T02:12:31.497+0000] {processor.py:176} INFO - Processing /home/airflow/.local/lib/python3.7/site-packages/airflow/example_dags/example_task_group_decorator.py took 1.016 seconds
[2024-09-25T02:52:17.057+0000] {processor.py:154} INFO - Started process (PID=17296) to work on /home/airflow/.local/lib/python3.7/site-packages/airflow/example_dags/example_task_group_decorator.py
[2024-09-25T02:52:17.060+0000] {processor.py:756} INFO - Processing file /home/airflow/.local/lib/python3.7/site-packages/airflow/example_dags/example_task_group_decorator.py for tasks to queue
[2024-09-25T02:52:17.065+0000] {logging_mixin.py:120} INFO - [2024-09-25T02:52:17.064+0000] {dagbag.py:537} INFO - Filling up the DagBag from /home/airflow/.local/lib/python3.7/site-packages/airflow/example_dags/example_task_group_decorator.py
[2024-09-25T02:52:17.189+0000] {processor.py:766} INFO - DAG(s) dict_keys(['example_task_group_decorator']) retrieved from /home/airflow/.local/lib/python3.7/site-packages/airflow/example_dags/example_task_group_decorator.py
[2024-09-25T02:52:17.355+0000] {logging_mixin.py:120} INFO - [2024-09-25T02:52:17.355+0000] {dag.py:2585} INFO - Sync 1 DAGs
[2024-09-25T02:52:17.481+0000] {logging_mixin.py:120} INFO - [2024-09-25T02:52:17.480+0000] {dag.py:3340} INFO - Setting next_dagrun for example_task_group_decorator to 2024-09-24T02:52:17.479024+00:00, run_after=2024-09-25T02:52:17.479024+00:00
[2024-09-25T02:52:17.579+0000] {processor.py:176} INFO - Processing /home/airflow/.local/lib/python3.7/site-packages/airflow/example_dags/example_task_group_decorator.py took 0.531 seconds
[2024-09-25T02:52:48.098+0000] {processor.py:154} INFO - Started process (PID=17350) to work on /home/airflow/.local/lib/python3.7/site-packages/airflow/example_dags/example_task_group_decorator.py
[2024-09-25T02:52:48.100+0000] {processor.py:756} INFO - Processing file /home/airflow/.local/lib/python3.7/site-packages/airflow/example_dags/example_task_group_decorator.py for tasks to queue
[2024-09-25T02:52:48.104+0000] {logging_mixin.py:120} INFO - [2024-09-25T02:52:48.104+0000] {dagbag.py:537} INFO - Filling up the DagBag from /home/airflow/.local/lib/python3.7/site-packages/airflow/example_dags/example_task_group_decorator.py
[2024-09-25T02:52:48.144+0000] {processor.py:766} INFO - DAG(s) dict_keys(['example_task_group_decorator']) retrieved from /home/airflow/.local/lib/python3.7/site-packages/airflow/example_dags/example_task_group_decorator.py
[2024-09-25T02:52:48.212+0000] {logging_mixin.py:120} INFO - [2024-09-25T02:52:48.212+0000] {dag.py:2585} INFO - Sync 1 DAGs
[2024-09-25T02:52:48.253+0000] {logging_mixin.py:120} INFO - [2024-09-25T02:52:48.253+0000] {dag.py:3340} INFO - Setting next_dagrun for example_task_group_decorator to 2024-09-24T02:52:48.252624+00:00, run_after=2024-09-25T02:52:48.252624+00:00
[2024-09-25T02:52:48.288+0000] {processor.py:176} INFO - Processing /home/airflow/.local/lib/python3.7/site-packages/airflow/example_dags/example_task_group_decorator.py took 0.195 seconds
[2024-09-25T02:53:18.604+0000] {processor.py:154} INFO - Started process (PID=17413) to work on /home/airflow/.local/lib/python3.7/site-packages/airflow/example_dags/example_task_group_decorator.py
[2024-09-25T02:53:18.606+0000] {processor.py:756} INFO - Processing file /home/airflow/.local/lib/python3.7/site-packages/airflow/example_dags/example_task_group_decorator.py for tasks to queue
[2024-09-25T02:53:18.607+0000] {logging_mixin.py:120} INFO - [2024-09-25T02:53:18.607+0000] {dagbag.py:537} INFO - Filling up the DagBag from /home/airflow/.local/lib/python3.7/site-packages/airflow/example_dags/example_task_group_decorator.py
[2024-09-25T02:53:18.649+0000] {processor.py:766} INFO - DAG(s) dict_keys(['example_task_group_decorator']) retrieved from /home/airflow/.local/lib/python3.7/site-packages/airflow/example_dags/example_task_group_decorator.py
[2024-09-25T02:53:18.719+0000] {logging_mixin.py:120} INFO - [2024-09-25T02:53:18.719+0000] {dag.py:2585} INFO - Sync 1 DAGs
[2024-09-25T02:53:18.769+0000] {logging_mixin.py:120} INFO - [2024-09-25T02:53:18.769+0000] {dag.py:3340} INFO - Setting next_dagrun for example_task_group_decorator to 2024-09-24T02:53:18.769040+00:00, run_after=2024-09-25T02:53:18.769040+00:00
[2024-09-25T02:53:18.810+0000] {processor.py:176} INFO - Processing /home/airflow/.local/lib/python3.7/site-packages/airflow/example_dags/example_task_group_decorator.py took 0.211 seconds
[2024-09-25T02:53:49.479+0000] {processor.py:154} INFO - Started process (PID=17476) to work on /home/airflow/.local/lib/python3.7/site-packages/airflow/example_dags/example_task_group_decorator.py
[2024-09-25T02:53:49.483+0000] {processor.py:756} INFO - Processing file /home/airflow/.local/lib/python3.7/site-packages/airflow/example_dags/example_task_group_decorator.py for tasks to queue
[2024-09-25T02:53:49.487+0000] {logging_mixin.py:120} INFO - [2024-09-25T02:53:49.486+0000] {dagbag.py:537} INFO - Filling up the DagBag from /home/airflow/.local/lib/python3.7/site-packages/airflow/example_dags/example_task_group_decorator.py
[2024-09-25T02:53:49.541+0000] {processor.py:766} INFO - DAG(s) dict_keys(['example_task_group_decorator']) retrieved from /home/airflow/.local/lib/python3.7/site-packages/airflow/example_dags/example_task_group_decorator.py
[2024-09-25T02:53:49.619+0000] {logging_mixin.py:120} INFO - [2024-09-25T02:53:49.618+0000] {dag.py:2585} INFO - Sync 1 DAGs
[2024-09-25T02:53:49.667+0000] {logging_mixin.py:120} INFO - [2024-09-25T02:53:49.666+0000] {dag.py:3340} INFO - Setting next_dagrun for example_task_group_decorator to 2024-09-24T02:53:49.666348+00:00, run_after=2024-09-25T02:53:49.666348+00:00
[2024-09-25T02:53:49.717+0000] {processor.py:176} INFO - Processing /home/airflow/.local/lib/python3.7/site-packages/airflow/example_dags/example_task_group_decorator.py took 0.244 seconds
[2024-09-25T02:54:20.412+0000] {processor.py:154} INFO - Started process (PID=17530) to work on /home/airflow/.local/lib/python3.7/site-packages/airflow/example_dags/example_task_group_decorator.py
[2024-09-25T02:54:20.413+0000] {processor.py:756} INFO - Processing file /home/airflow/.local/lib/python3.7/site-packages/airflow/example_dags/example_task_group_decorator.py for tasks to queue
[2024-09-25T02:54:20.415+0000] {logging_mixin.py:120} INFO - [2024-09-25T02:54:20.415+0000] {dagbag.py:537} INFO - Filling up the DagBag from /home/airflow/.local/lib/python3.7/site-packages/airflow/example_dags/example_task_group_decorator.py
[2024-09-25T02:54:20.467+0000] {processor.py:766} INFO - DAG(s) dict_keys(['example_task_group_decorator']) retrieved from /home/airflow/.local/lib/python3.7/site-packages/airflow/example_dags/example_task_group_decorator.py
[2024-09-25T02:54:20.539+0000] {logging_mixin.py:120} INFO - [2024-09-25T02:54:20.539+0000] {dag.py:2585} INFO - Sync 1 DAGs
[2024-09-25T02:54:20.585+0000] {logging_mixin.py:120} INFO - [2024-09-25T02:54:20.584+0000] {dag.py:3340} INFO - Setting next_dagrun for example_task_group_decorator to 2024-09-24T02:54:20.584513+00:00, run_after=2024-09-25T02:54:20.584513+00:00
[2024-09-25T02:54:20.619+0000] {processor.py:176} INFO - Processing /home/airflow/.local/lib/python3.7/site-packages/airflow/example_dags/example_task_group_decorator.py took 0.213 seconds
[2024-09-25T02:54:51.302+0000] {processor.py:154} INFO - Started process (PID=17593) to work on /home/airflow/.local/lib/python3.7/site-packages/airflow/example_dags/example_task_group_decorator.py
[2024-09-25T02:54:51.306+0000] {processor.py:756} INFO - Processing file /home/airflow/.local/lib/python3.7/site-packages/airflow/example_dags/example_task_group_decorator.py for tasks to queue
[2024-09-25T02:54:51.307+0000] {logging_mixin.py:120} INFO - [2024-09-25T02:54:51.307+0000] {dagbag.py:537} INFO - Filling up the DagBag from /home/airflow/.local/lib/python3.7/site-packages/airflow/example_dags/example_task_group_decorator.py
[2024-09-25T02:54:51.343+0000] {processor.py:766} INFO - DAG(s) dict_keys(['example_task_group_decorator']) retrieved from /home/airflow/.local/lib/python3.7/site-packages/airflow/example_dags/example_task_group_decorator.py
[2024-09-25T02:54:51.402+0000] {logging_mixin.py:120} INFO - [2024-09-25T02:54:51.402+0000] {dag.py:2585} INFO - Sync 1 DAGs
[2024-09-25T02:54:51.439+0000] {logging_mixin.py:120} INFO - [2024-09-25T02:54:51.439+0000] {dag.py:3340} INFO - Setting next_dagrun for example_task_group_decorator to 2024-09-24T02:54:51.439018+00:00, run_after=2024-09-25T02:54:51.439018+00:00
[2024-09-25T02:54:51.468+0000] {processor.py:176} INFO - Processing /home/airflow/.local/lib/python3.7/site-packages/airflow/example_dags/example_task_group_decorator.py took 0.170 seconds
[2024-09-25T02:55:21.508+0000] {processor.py:154} INFO - Started process (PID=17646) to work on /home/airflow/.local/lib/python3.7/site-packages/airflow/example_dags/example_task_group_decorator.py
[2024-09-25T02:55:21.509+0000] {processor.py:756} INFO - Processing file /home/airflow/.local/lib/python3.7/site-packages/airflow/example_dags/example_task_group_decorator.py for tasks to queue
[2024-09-25T02:55:21.510+0000] {logging_mixin.py:120} INFO - [2024-09-25T02:55:21.510+0000] {dagbag.py:537} INFO - Filling up the DagBag from /home/airflow/.local/lib/python3.7/site-packages/airflow/example_dags/example_task_group_decorator.py
[2024-09-25T02:55:21.549+0000] {processor.py:766} INFO - DAG(s) dict_keys(['example_task_group_decorator']) retrieved from /home/airflow/.local/lib/python3.7/site-packages/airflow/example_dags/example_task_group_decorator.py
[2024-09-25T02:55:21.607+0000] {logging_mixin.py:120} INFO - [2024-09-25T02:55:21.607+0000] {dag.py:2585} INFO - Sync 1 DAGs
[2024-09-25T02:55:21.641+0000] {logging_mixin.py:120} INFO - [2024-09-25T02:55:21.641+0000] {dag.py:3340} INFO - Setting next_dagrun for example_task_group_decorator to 2024-09-24T02:55:21.641118+00:00, run_after=2024-09-25T02:55:21.641118+00:00
[2024-09-25T02:55:21.672+0000] {processor.py:176} INFO - Processing /home/airflow/.local/lib/python3.7/site-packages/airflow/example_dags/example_task_group_decorator.py took 0.169 seconds
[2024-09-25T02:55:52.113+0000] {processor.py:154} INFO - Started process (PID=17709) to work on /home/airflow/.local/lib/python3.7/site-packages/airflow/example_dags/example_task_group_decorator.py
[2024-09-25T02:55:52.115+0000] {processor.py:756} INFO - Processing file /home/airflow/.local/lib/python3.7/site-packages/airflow/example_dags/example_task_group_decorator.py for tasks to queue
[2024-09-25T02:55:52.116+0000] {logging_mixin.py:120} INFO - [2024-09-25T02:55:52.116+0000] {dagbag.py:537} INFO - Filling up the DagBag from /home/airflow/.local/lib/python3.7/site-packages/airflow/example_dags/example_task_group_decorator.py
[2024-09-25T02:55:52.154+0000] {processor.py:766} INFO - DAG(s) dict_keys(['example_task_group_decorator']) retrieved from /home/airflow/.local/lib/python3.7/site-packages/airflow/example_dags/example_task_group_decorator.py
[2024-09-25T02:55:52.213+0000] {logging_mixin.py:120} INFO - [2024-09-25T02:55:52.213+0000] {dag.py:2585} INFO - Sync 1 DAGs
[2024-09-25T02:55:52.244+0000] {logging_mixin.py:120} INFO - [2024-09-25T02:55:52.244+0000] {dag.py:3340} INFO - Setting next_dagrun for example_task_group_decorator to 2024-09-24T02:55:52.244221+00:00, run_after=2024-09-25T02:55:52.244221+00:00
[2024-09-25T02:55:52.278+0000] {processor.py:176} INFO - Processing /home/airflow/.local/lib/python3.7/site-packages/airflow/example_dags/example_task_group_decorator.py took 0.169 seconds
[2024-09-25T02:56:22.592+0000] {processor.py:154} INFO - Started process (PID=17772) to work on /home/airflow/.local/lib/python3.7/site-packages/airflow/example_dags/example_task_group_decorator.py
[2024-09-25T02:56:22.594+0000] {processor.py:756} INFO - Processing file /home/airflow/.local/lib/python3.7/site-packages/airflow/example_dags/example_task_group_decorator.py for tasks to queue
[2024-09-25T02:56:22.595+0000] {logging_mixin.py:120} INFO - [2024-09-25T02:56:22.595+0000] {dagbag.py:537} INFO - Filling up the DagBag from /home/airflow/.local/lib/python3.7/site-packages/airflow/example_dags/example_task_group_decorator.py
[2024-09-25T02:56:22.643+0000] {processor.py:766} INFO - DAG(s) dict_keys(['example_task_group_decorator']) retrieved from /home/airflow/.local/lib/python3.7/site-packages/airflow/example_dags/example_task_group_decorator.py
[2024-09-25T02:56:22.728+0000] {logging_mixin.py:120} INFO - [2024-09-25T02:56:22.727+0000] {dag.py:2585} INFO - Sync 1 DAGs
[2024-09-25T02:56:22.783+0000] {logging_mixin.py:120} INFO - [2024-09-25T02:56:22.783+0000] {dag.py:3340} INFO - Setting next_dagrun for example_task_group_decorator to 2024-09-24T02:56:22.782665+00:00, run_after=2024-09-25T02:56:22.782665+00:00
[2024-09-25T02:56:22.824+0000] {processor.py:176} INFO - Processing /home/airflow/.local/lib/python3.7/site-packages/airflow/example_dags/example_task_group_decorator.py took 0.239 seconds
[2024-09-25T02:56:53.127+0000] {processor.py:154} INFO - Started process (PID=17826) to work on /home/airflow/.local/lib/python3.7/site-packages/airflow/example_dags/example_task_group_decorator.py
[2024-09-25T02:56:53.129+0000] {processor.py:756} INFO - Processing file /home/airflow/.local/lib/python3.7/site-packages/airflow/example_dags/example_task_group_decorator.py for tasks to queue
[2024-09-25T02:56:53.130+0000] {logging_mixin.py:120} INFO - [2024-09-25T02:56:53.130+0000] {dagbag.py:537} INFO - Filling up the DagBag from /home/airflow/.local/lib/python3.7/site-packages/airflow/example_dags/example_task_group_decorator.py
[2024-09-25T02:56:53.172+0000] {processor.py:766} INFO - DAG(s) dict_keys(['example_task_group_decorator']) retrieved from /home/airflow/.local/lib/python3.7/site-packages/airflow/example_dags/example_task_group_decorator.py
[2024-09-25T02:56:53.241+0000] {logging_mixin.py:120} INFO - [2024-09-25T02:56:53.241+0000] {dag.py:2585} INFO - Sync 1 DAGs
[2024-09-25T02:56:53.277+0000] {logging_mixin.py:120} INFO - [2024-09-25T02:56:53.277+0000] {dag.py:3340} INFO - Setting next_dagrun for example_task_group_decorator to 2024-09-24T02:56:53.277252+00:00, run_after=2024-09-25T02:56:53.277252+00:00
[2024-09-25T02:56:53.304+0000] {processor.py:176} INFO - Processing /home/airflow/.local/lib/python3.7/site-packages/airflow/example_dags/example_task_group_decorator.py took 0.183 seconds
[2024-09-25T02:57:24.058+0000] {processor.py:154} INFO - Started process (PID=17889) to work on /home/airflow/.local/lib/python3.7/site-packages/airflow/example_dags/example_task_group_decorator.py
[2024-09-25T02:57:24.059+0000] {processor.py:756} INFO - Processing file /home/airflow/.local/lib/python3.7/site-packages/airflow/example_dags/example_task_group_decorator.py for tasks to queue
[2024-09-25T02:57:24.060+0000] {logging_mixin.py:120} INFO - [2024-09-25T02:57:24.060+0000] {dagbag.py:537} INFO - Filling up the DagBag from /home/airflow/.local/lib/python3.7/site-packages/airflow/example_dags/example_task_group_decorator.py
[2024-09-25T02:57:24.102+0000] {processor.py:766} INFO - DAG(s) dict_keys(['example_task_group_decorator']) retrieved from /home/airflow/.local/lib/python3.7/site-packages/airflow/example_dags/example_task_group_decorator.py
[2024-09-25T02:57:24.181+0000] {logging_mixin.py:120} INFO - [2024-09-25T02:57:24.180+0000] {dag.py:2585} INFO - Sync 1 DAGs
[2024-09-25T02:57:24.230+0000] {logging_mixin.py:120} INFO - [2024-09-25T02:57:24.229+0000] {dag.py:3340} INFO - Setting next_dagrun for example_task_group_decorator to 2024-09-24T02:57:24.229190+00:00, run_after=2024-09-25T02:57:24.229190+00:00
[2024-09-25T02:57:24.268+0000] {processor.py:176} INFO - Processing /home/airflow/.local/lib/python3.7/site-packages/airflow/example_dags/example_task_group_decorator.py took 0.215 seconds
[2024-09-25T02:57:54.436+0000] {processor.py:154} INFO - Started process (PID=17952) to work on /home/airflow/.local/lib/python3.7/site-packages/airflow/example_dags/example_task_group_decorator.py
[2024-09-25T02:57:54.440+0000] {processor.py:756} INFO - Processing file /home/airflow/.local/lib/python3.7/site-packages/airflow/example_dags/example_task_group_decorator.py for tasks to queue
[2024-09-25T02:57:54.445+0000] {logging_mixin.py:120} INFO - [2024-09-25T02:57:54.444+0000] {dagbag.py:537} INFO - Filling up the DagBag from /home/airflow/.local/lib/python3.7/site-packages/airflow/example_dags/example_task_group_decorator.py
[2024-09-25T02:57:54.527+0000] {processor.py:766} INFO - DAG(s) dict_keys(['example_task_group_decorator']) retrieved from /home/airflow/.local/lib/python3.7/site-packages/airflow/example_dags/example_task_group_decorator.py
[2024-09-25T02:57:54.629+0000] {logging_mixin.py:120} INFO - [2024-09-25T02:57:54.629+0000] {dag.py:2585} INFO - Sync 1 DAGs
[2024-09-25T02:57:54.677+0000] {logging_mixin.py:120} INFO - [2024-09-25T02:57:54.677+0000] {dag.py:3340} INFO - Setting next_dagrun for example_task_group_decorator to 2024-09-24T02:57:54.676743+00:00, run_after=2024-09-25T02:57:54.676743+00:00
[2024-09-25T02:57:54.713+0000] {processor.py:176} INFO - Processing /home/airflow/.local/lib/python3.7/site-packages/airflow/example_dags/example_task_group_decorator.py took 0.285 seconds
[2024-09-25T02:58:24.950+0000] {processor.py:154} INFO - Started process (PID=18006) to work on /home/airflow/.local/lib/python3.7/site-packages/airflow/example_dags/example_task_group_decorator.py
[2024-09-25T02:58:24.952+0000] {processor.py:756} INFO - Processing file /home/airflow/.local/lib/python3.7/site-packages/airflow/example_dags/example_task_group_decorator.py for tasks to queue
[2024-09-25T02:58:24.954+0000] {logging_mixin.py:120} INFO - [2024-09-25T02:58:24.954+0000] {dagbag.py:537} INFO - Filling up the DagBag from /home/airflow/.local/lib/python3.7/site-packages/airflow/example_dags/example_task_group_decorator.py
[2024-09-25T02:58:24.994+0000] {processor.py:766} INFO - DAG(s) dict_keys(['example_task_group_decorator']) retrieved from /home/airflow/.local/lib/python3.7/site-packages/airflow/example_dags/example_task_group_decorator.py
[2024-09-25T02:58:25.049+0000] {logging_mixin.py:120} INFO - [2024-09-25T02:58:25.049+0000] {dag.py:2585} INFO - Sync 1 DAGs
[2024-09-25T02:58:25.085+0000] {logging_mixin.py:120} INFO - [2024-09-25T02:58:25.085+0000] {dag.py:3340} INFO - Setting next_dagrun for example_task_group_decorator to 2024-09-24T02:58:25.084745+00:00, run_after=2024-09-25T02:58:25.084745+00:00
[2024-09-25T02:58:25.115+0000] {processor.py:176} INFO - Processing /home/airflow/.local/lib/python3.7/site-packages/airflow/example_dags/example_task_group_decorator.py took 0.169 seconds
[2024-09-25T02:58:55.683+0000] {processor.py:154} INFO - Started process (PID=18069) to work on /home/airflow/.local/lib/python3.7/site-packages/airflow/example_dags/example_task_group_decorator.py
[2024-09-25T02:58:55.684+0000] {processor.py:756} INFO - Processing file /home/airflow/.local/lib/python3.7/site-packages/airflow/example_dags/example_task_group_decorator.py for tasks to queue
[2024-09-25T02:58:55.685+0000] {logging_mixin.py:120} INFO - [2024-09-25T02:58:55.685+0000] {dagbag.py:537} INFO - Filling up the DagBag from /home/airflow/.local/lib/python3.7/site-packages/airflow/example_dags/example_task_group_decorator.py
[2024-09-25T02:58:55.727+0000] {processor.py:766} INFO - DAG(s) dict_keys(['example_task_group_decorator']) retrieved from /home/airflow/.local/lib/python3.7/site-packages/airflow/example_dags/example_task_group_decorator.py
[2024-09-25T02:58:55.782+0000] {logging_mixin.py:120} INFO - [2024-09-25T02:58:55.782+0000] {dag.py:2585} INFO - Sync 1 DAGs
[2024-09-25T02:58:55.816+0000] {logging_mixin.py:120} INFO - [2024-09-25T02:58:55.816+0000] {dag.py:3340} INFO - Setting next_dagrun for example_task_group_decorator to 2024-09-24T02:58:55.816086+00:00, run_after=2024-09-25T02:58:55.816086+00:00
[2024-09-25T02:58:55.845+0000] {processor.py:176} INFO - Processing /home/airflow/.local/lib/python3.7/site-packages/airflow/example_dags/example_task_group_decorator.py took 0.167 seconds
[2024-09-25T02:59:26.030+0000] {processor.py:154} INFO - Started process (PID=18123) to work on /home/airflow/.local/lib/python3.7/site-packages/airflow/example_dags/example_task_group_decorator.py
[2024-09-25T02:59:26.031+0000] {processor.py:756} INFO - Processing file /home/airflow/.local/lib/python3.7/site-packages/airflow/example_dags/example_task_group_decorator.py for tasks to queue
[2024-09-25T02:59:26.033+0000] {logging_mixin.py:120} INFO - [2024-09-25T02:59:26.032+0000] {dagbag.py:537} INFO - Filling up the DagBag from /home/airflow/.local/lib/python3.7/site-packages/airflow/example_dags/example_task_group_decorator.py
[2024-09-25T02:59:26.076+0000] {processor.py:766} INFO - DAG(s) dict_keys(['example_task_group_decorator']) retrieved from /home/airflow/.local/lib/python3.7/site-packages/airflow/example_dags/example_task_group_decorator.py
[2024-09-25T02:59:26.166+0000] {logging_mixin.py:120} INFO - [2024-09-25T02:59:26.166+0000] {dag.py:2585} INFO - Sync 1 DAGs
[2024-09-25T02:59:26.213+0000] {logging_mixin.py:120} INFO - [2024-09-25T02:59:26.212+0000] {dag.py:3340} INFO - Setting next_dagrun for example_task_group_decorator to 2024-09-24T02:59:26.212659+00:00, run_after=2024-09-25T02:59:26.212659+00:00
[2024-09-25T02:59:26.245+0000] {processor.py:176} INFO - Processing /home/airflow/.local/lib/python3.7/site-packages/airflow/example_dags/example_task_group_decorator.py took 0.220 seconds
[2024-09-25T02:59:57.083+0000] {processor.py:154} INFO - Started process (PID=18186) to work on /home/airflow/.local/lib/python3.7/site-packages/airflow/example_dags/example_task_group_decorator.py
[2024-09-25T02:59:57.088+0000] {processor.py:756} INFO - Processing file /home/airflow/.local/lib/python3.7/site-packages/airflow/example_dags/example_task_group_decorator.py for tasks to queue
[2024-09-25T02:59:57.090+0000] {logging_mixin.py:120} INFO - [2024-09-25T02:59:57.090+0000] {dagbag.py:537} INFO - Filling up the DagBag from /home/airflow/.local/lib/python3.7/site-packages/airflow/example_dags/example_task_group_decorator.py
[2024-09-25T02:59:57.176+0000] {processor.py:766} INFO - DAG(s) dict_keys(['example_task_group_decorator']) retrieved from /home/airflow/.local/lib/python3.7/site-packages/airflow/example_dags/example_task_group_decorator.py
[2024-09-25T02:59:57.299+0000] {logging_mixin.py:120} INFO - [2024-09-25T02:59:57.299+0000] {dag.py:2585} INFO - Sync 1 DAGs
[2024-09-25T02:59:57.355+0000] {logging_mixin.py:120} INFO - [2024-09-25T02:59:57.355+0000] {dag.py:3340} INFO - Setting next_dagrun for example_task_group_decorator to 2024-09-24T02:59:57.354821+00:00, run_after=2024-09-25T02:59:57.354821+00:00
[2024-09-25T02:59:57.399+0000] {processor.py:176} INFO - Processing /home/airflow/.local/lib/python3.7/site-packages/airflow/example_dags/example_task_group_decorator.py took 0.326 seconds
[2024-09-25T03:00:27.873+0000] {processor.py:154} INFO - Started process (PID=18249) to work on /home/airflow/.local/lib/python3.7/site-packages/airflow/example_dags/example_task_group_decorator.py
[2024-09-25T03:00:27.875+0000] {processor.py:756} INFO - Processing file /home/airflow/.local/lib/python3.7/site-packages/airflow/example_dags/example_task_group_decorator.py for tasks to queue
[2024-09-25T03:00:27.877+0000] {logging_mixin.py:120} INFO - [2024-09-25T03:00:27.877+0000] {dagbag.py:537} INFO - Filling up the DagBag from /home/airflow/.local/lib/python3.7/site-packages/airflow/example_dags/example_task_group_decorator.py
[2024-09-25T03:00:27.931+0000] {processor.py:766} INFO - DAG(s) dict_keys(['example_task_group_decorator']) retrieved from /home/airflow/.local/lib/python3.7/site-packages/airflow/example_dags/example_task_group_decorator.py
[2024-09-25T03:00:27.993+0000] {logging_mixin.py:120} INFO - [2024-09-25T03:00:27.993+0000] {dag.py:2585} INFO - Sync 1 DAGs
[2024-09-25T03:00:28.028+0000] {logging_mixin.py:120} INFO - [2024-09-25T03:00:28.027+0000] {dag.py:3340} INFO - Setting next_dagrun for example_task_group_decorator to 2024-09-24T03:00:28.027539+00:00, run_after=2024-09-25T03:00:28.027539+00:00
[2024-09-25T03:00:28.052+0000] {processor.py:176} INFO - Processing /home/airflow/.local/lib/python3.7/site-packages/airflow/example_dags/example_task_group_decorator.py took 0.187 seconds
[2024-09-25T03:00:58.284+0000] {processor.py:154} INFO - Started process (PID=18312) to work on /home/airflow/.local/lib/python3.7/site-packages/airflow/example_dags/example_task_group_decorator.py
[2024-09-25T03:00:58.286+0000] {processor.py:756} INFO - Processing file /home/airflow/.local/lib/python3.7/site-packages/airflow/example_dags/example_task_group_decorator.py for tasks to queue
[2024-09-25T03:00:58.287+0000] {logging_mixin.py:120} INFO - [2024-09-25T03:00:58.287+0000] {dagbag.py:537} INFO - Filling up the DagBag from /home/airflow/.local/lib/python3.7/site-packages/airflow/example_dags/example_task_group_decorator.py
[2024-09-25T03:00:58.325+0000] {processor.py:766} INFO - DAG(s) dict_keys(['example_task_group_decorator']) retrieved from /home/airflow/.local/lib/python3.7/site-packages/airflow/example_dags/example_task_group_decorator.py
[2024-09-25T03:00:58.378+0000] {logging_mixin.py:120} INFO - [2024-09-25T03:00:58.377+0000] {dag.py:2585} INFO - Sync 1 DAGs
[2024-09-25T03:00:58.416+0000] {logging_mixin.py:120} INFO - [2024-09-25T03:00:58.416+0000] {dag.py:3340} INFO - Setting next_dagrun for example_task_group_decorator to 2024-09-24T03:00:58.415748+00:00, run_after=2024-09-25T03:00:58.415748+00:00
[2024-09-25T03:00:58.446+0000] {processor.py:176} INFO - Processing /home/airflow/.local/lib/python3.7/site-packages/airflow/example_dags/example_task_group_decorator.py took 0.166 seconds
[2024-09-25T03:01:29.044+0000] {processor.py:154} INFO - Started process (PID=18366) to work on /home/airflow/.local/lib/python3.7/site-packages/airflow/example_dags/example_task_group_decorator.py
[2024-09-25T03:01:29.046+0000] {processor.py:756} INFO - Processing file /home/airflow/.local/lib/python3.7/site-packages/airflow/example_dags/example_task_group_decorator.py for tasks to queue
[2024-09-25T03:01:29.047+0000] {logging_mixin.py:120} INFO - [2024-09-25T03:01:29.046+0000] {dagbag.py:537} INFO - Filling up the DagBag from /home/airflow/.local/lib/python3.7/site-packages/airflow/example_dags/example_task_group_decorator.py
[2024-09-25T03:01:29.087+0000] {processor.py:766} INFO - DAG(s) dict_keys(['example_task_group_decorator']) retrieved from /home/airflow/.local/lib/python3.7/site-packages/airflow/example_dags/example_task_group_decorator.py
[2024-09-25T03:01:29.154+0000] {logging_mixin.py:120} INFO - [2024-09-25T03:01:29.154+0000] {dag.py:2585} INFO - Sync 1 DAGs
[2024-09-25T03:01:29.194+0000] {logging_mixin.py:120} INFO - [2024-09-25T03:01:29.194+0000] {dag.py:3340} INFO - Setting next_dagrun for example_task_group_decorator to 2024-09-24T03:01:29.193749+00:00, run_after=2024-09-25T03:01:29.193749+00:00
[2024-09-25T03:01:29.222+0000] {processor.py:176} INFO - Processing /home/airflow/.local/lib/python3.7/site-packages/airflow/example_dags/example_task_group_decorator.py took 0.183 seconds
[2024-09-25T03:01:59.338+0000] {processor.py:154} INFO - Started process (PID=18429) to work on /home/airflow/.local/lib/python3.7/site-packages/airflow/example_dags/example_task_group_decorator.py
[2024-09-25T03:01:59.340+0000] {processor.py:756} INFO - Processing file /home/airflow/.local/lib/python3.7/site-packages/airflow/example_dags/example_task_group_decorator.py for tasks to queue
[2024-09-25T03:01:59.341+0000] {logging_mixin.py:120} INFO - [2024-09-25T03:01:59.341+0000] {dagbag.py:537} INFO - Filling up the DagBag from /home/airflow/.local/lib/python3.7/site-packages/airflow/example_dags/example_task_group_decorator.py
[2024-09-25T03:01:59.379+0000] {processor.py:766} INFO - DAG(s) dict_keys(['example_task_group_decorator']) retrieved from /home/airflow/.local/lib/python3.7/site-packages/airflow/example_dags/example_task_group_decorator.py
[2024-09-25T03:01:59.434+0000] {logging_mixin.py:120} INFO - [2024-09-25T03:01:59.434+0000] {dag.py:2585} INFO - Sync 1 DAGs
[2024-09-25T03:01:59.466+0000] {logging_mixin.py:120} INFO - [2024-09-25T03:01:59.466+0000] {dag.py:3340} INFO - Setting next_dagrun for example_task_group_decorator to 2024-09-24T03:01:59.466377+00:00, run_after=2024-09-25T03:01:59.466377+00:00
[2024-09-25T03:01:59.499+0000] {processor.py:176} INFO - Processing /home/airflow/.local/lib/python3.7/site-packages/airflow/example_dags/example_task_group_decorator.py took 0.165 seconds
[2024-09-25T03:02:29.902+0000] {processor.py:154} INFO - Started process (PID=18492) to work on /home/airflow/.local/lib/python3.7/site-packages/airflow/example_dags/example_task_group_decorator.py
[2024-09-25T03:02:29.903+0000] {processor.py:756} INFO - Processing file /home/airflow/.local/lib/python3.7/site-packages/airflow/example_dags/example_task_group_decorator.py for tasks to queue
[2024-09-25T03:02:29.904+0000] {logging_mixin.py:120} INFO - [2024-09-25T03:02:29.904+0000] {dagbag.py:537} INFO - Filling up the DagBag from /home/airflow/.local/lib/python3.7/site-packages/airflow/example_dags/example_task_group_decorator.py
[2024-09-25T03:02:29.941+0000] {processor.py:766} INFO - DAG(s) dict_keys(['example_task_group_decorator']) retrieved from /home/airflow/.local/lib/python3.7/site-packages/airflow/example_dags/example_task_group_decorator.py
[2024-09-25T03:02:29.992+0000] {logging_mixin.py:120} INFO - [2024-09-25T03:02:29.992+0000] {dag.py:2585} INFO - Sync 1 DAGs
[2024-09-25T03:02:30.025+0000] {logging_mixin.py:120} INFO - [2024-09-25T03:02:30.025+0000] {dag.py:3340} INFO - Setting next_dagrun for example_task_group_decorator to 2024-09-24T03:02:30.024697+00:00, run_after=2024-09-25T03:02:30.024697+00:00
[2024-09-25T03:02:30.049+0000] {processor.py:176} INFO - Processing /home/airflow/.local/lib/python3.7/site-packages/airflow/example_dags/example_task_group_decorator.py took 0.152 seconds
[2024-09-25T03:03:00.384+0000] {processor.py:154} INFO - Started process (PID=18546) to work on /home/airflow/.local/lib/python3.7/site-packages/airflow/example_dags/example_task_group_decorator.py
[2024-09-25T03:03:00.385+0000] {processor.py:756} INFO - Processing file /home/airflow/.local/lib/python3.7/site-packages/airflow/example_dags/example_task_group_decorator.py for tasks to queue
[2024-09-25T03:03:00.386+0000] {logging_mixin.py:120} INFO - [2024-09-25T03:03:00.386+0000] {dagbag.py:537} INFO - Filling up the DagBag from /home/airflow/.local/lib/python3.7/site-packages/airflow/example_dags/example_task_group_decorator.py
[2024-09-25T03:03:00.424+0000] {processor.py:766} INFO - DAG(s) dict_keys(['example_task_group_decorator']) retrieved from /home/airflow/.local/lib/python3.7/site-packages/airflow/example_dags/example_task_group_decorator.py
[2024-09-25T03:03:00.475+0000] {logging_mixin.py:120} INFO - [2024-09-25T03:03:00.475+0000] {dag.py:2585} INFO - Sync 1 DAGs
[2024-09-25T03:03:00.509+0000] {logging_mixin.py:120} INFO - [2024-09-25T03:03:00.509+0000] {dag.py:3340} INFO - Setting next_dagrun for example_task_group_decorator to 2024-09-24T03:03:00.508740+00:00, run_after=2024-09-25T03:03:00.508740+00:00
[2024-09-25T03:03:00.538+0000] {processor.py:176} INFO - Processing /home/airflow/.local/lib/python3.7/site-packages/airflow/example_dags/example_task_group_decorator.py took 0.158 seconds
[2024-09-25T03:03:30.769+0000] {processor.py:154} INFO - Started process (PID=18609) to work on /home/airflow/.local/lib/python3.7/site-packages/airflow/example_dags/example_task_group_decorator.py
[2024-09-25T03:03:30.771+0000] {processor.py:756} INFO - Processing file /home/airflow/.local/lib/python3.7/site-packages/airflow/example_dags/example_task_group_decorator.py for tasks to queue
[2024-09-25T03:03:30.773+0000] {logging_mixin.py:120} INFO - [2024-09-25T03:03:30.772+0000] {dagbag.py:537} INFO - Filling up the DagBag from /home/airflow/.local/lib/python3.7/site-packages/airflow/example_dags/example_task_group_decorator.py
[2024-09-25T03:03:30.810+0000] {processor.py:766} INFO - DAG(s) dict_keys(['example_task_group_decorator']) retrieved from /home/airflow/.local/lib/python3.7/site-packages/airflow/example_dags/example_task_group_decorator.py
[2024-09-25T03:03:30.863+0000] {logging_mixin.py:120} INFO - [2024-09-25T03:03:30.863+0000] {dag.py:2585} INFO - Sync 1 DAGs
[2024-09-25T03:03:30.894+0000] {logging_mixin.py:120} INFO - [2024-09-25T03:03:30.894+0000] {dag.py:3340} INFO - Setting next_dagrun for example_task_group_decorator to 2024-09-24T03:03:30.893784+00:00, run_after=2024-09-25T03:03:30.893784+00:00
[2024-09-25T03:03:30.922+0000] {processor.py:176} INFO - Processing /home/airflow/.local/lib/python3.7/site-packages/airflow/example_dags/example_task_group_decorator.py took 0.158 seconds
[2024-09-25T03:04:01.121+0000] {processor.py:154} INFO - Started process (PID=18672) to work on /home/airflow/.local/lib/python3.7/site-packages/airflow/example_dags/example_task_group_decorator.py
[2024-09-25T03:04:01.122+0000] {processor.py:756} INFO - Processing file /home/airflow/.local/lib/python3.7/site-packages/airflow/example_dags/example_task_group_decorator.py for tasks to queue
[2024-09-25T03:04:01.123+0000] {logging_mixin.py:120} INFO - [2024-09-25T03:04:01.123+0000] {dagbag.py:537} INFO - Filling up the DagBag from /home/airflow/.local/lib/python3.7/site-packages/airflow/example_dags/example_task_group_decorator.py
[2024-09-25T03:04:01.158+0000] {processor.py:766} INFO - DAG(s) dict_keys(['example_task_group_decorator']) retrieved from /home/airflow/.local/lib/python3.7/site-packages/airflow/example_dags/example_task_group_decorator.py
[2024-09-25T03:04:01.207+0000] {logging_mixin.py:120} INFO - [2024-09-25T03:04:01.207+0000] {dag.py:2585} INFO - Sync 1 DAGs
[2024-09-25T03:04:01.237+0000] {logging_mixin.py:120} INFO - [2024-09-25T03:04:01.237+0000] {dag.py:3340} INFO - Setting next_dagrun for example_task_group_decorator to 2024-09-24T03:04:01.236988+00:00, run_after=2024-09-25T03:04:01.236988+00:00
[2024-09-25T03:04:01.264+0000] {processor.py:176} INFO - Processing /home/airflow/.local/lib/python3.7/site-packages/airflow/example_dags/example_task_group_decorator.py took 0.148 seconds
[2024-09-25T03:04:31.659+0000] {processor.py:154} INFO - Started process (PID=18726) to work on /home/airflow/.local/lib/python3.7/site-packages/airflow/example_dags/example_task_group_decorator.py
[2024-09-25T03:04:31.660+0000] {processor.py:756} INFO - Processing file /home/airflow/.local/lib/python3.7/site-packages/airflow/example_dags/example_task_group_decorator.py for tasks to queue
[2024-09-25T03:04:31.661+0000] {logging_mixin.py:120} INFO - [2024-09-25T03:04:31.661+0000] {dagbag.py:537} INFO - Filling up the DagBag from /home/airflow/.local/lib/python3.7/site-packages/airflow/example_dags/example_task_group_decorator.py
[2024-09-25T03:04:31.695+0000] {processor.py:766} INFO - DAG(s) dict_keys(['example_task_group_decorator']) retrieved from /home/airflow/.local/lib/python3.7/site-packages/airflow/example_dags/example_task_group_decorator.py
[2024-09-25T03:04:31.755+0000] {logging_mixin.py:120} INFO - [2024-09-25T03:04:31.755+0000] {dag.py:2585} INFO - Sync 1 DAGs
[2024-09-25T03:04:31.796+0000] {logging_mixin.py:120} INFO - [2024-09-25T03:04:31.796+0000] {dag.py:3340} INFO - Setting next_dagrun for example_task_group_decorator to 2024-09-24T03:04:31.796320+00:00, run_after=2024-09-25T03:04:31.796320+00:00
[2024-09-25T03:04:31.823+0000] {processor.py:176} INFO - Processing /home/airflow/.local/lib/python3.7/site-packages/airflow/example_dags/example_task_group_decorator.py took 0.170 seconds
[2024-09-25T03:05:02.000+0000] {processor.py:154} INFO - Started process (PID=18789) to work on /home/airflow/.local/lib/python3.7/site-packages/airflow/example_dags/example_task_group_decorator.py
[2024-09-25T03:05:02.001+0000] {processor.py:756} INFO - Processing file /home/airflow/.local/lib/python3.7/site-packages/airflow/example_dags/example_task_group_decorator.py for tasks to queue
[2024-09-25T03:05:02.002+0000] {logging_mixin.py:120} INFO - [2024-09-25T03:05:02.002+0000] {dagbag.py:537} INFO - Filling up the DagBag from /home/airflow/.local/lib/python3.7/site-packages/airflow/example_dags/example_task_group_decorator.py
[2024-09-25T03:05:02.037+0000] {processor.py:766} INFO - DAG(s) dict_keys(['example_task_group_decorator']) retrieved from /home/airflow/.local/lib/python3.7/site-packages/airflow/example_dags/example_task_group_decorator.py
[2024-09-25T03:05:02.088+0000] {logging_mixin.py:120} INFO - [2024-09-25T03:05:02.088+0000] {dag.py:2585} INFO - Sync 1 DAGs
[2024-09-25T03:05:02.120+0000] {logging_mixin.py:120} INFO - [2024-09-25T03:05:02.119+0000] {dag.py:3340} INFO - Setting next_dagrun for example_task_group_decorator to 2024-09-24T03:05:02.119477+00:00, run_after=2024-09-25T03:05:02.119477+00:00
[2024-09-25T03:05:02.148+0000] {processor.py:176} INFO - Processing /home/airflow/.local/lib/python3.7/site-packages/airflow/example_dags/example_task_group_decorator.py took 0.153 seconds
[2024-09-25T03:05:32.373+0000] {processor.py:154} INFO - Started process (PID=18852) to work on /home/airflow/.local/lib/python3.7/site-packages/airflow/example_dags/example_task_group_decorator.py
[2024-09-25T03:05:32.374+0000] {processor.py:756} INFO - Processing file /home/airflow/.local/lib/python3.7/site-packages/airflow/example_dags/example_task_group_decorator.py for tasks to queue
[2024-09-25T03:05:32.375+0000] {logging_mixin.py:120} INFO - [2024-09-25T03:05:32.375+0000] {dagbag.py:537} INFO - Filling up the DagBag from /home/airflow/.local/lib/python3.7/site-packages/airflow/example_dags/example_task_group_decorator.py
[2024-09-25T03:05:32.410+0000] {processor.py:766} INFO - DAG(s) dict_keys(['example_task_group_decorator']) retrieved from /home/airflow/.local/lib/python3.7/site-packages/airflow/example_dags/example_task_group_decorator.py
[2024-09-25T03:05:32.461+0000] {logging_mixin.py:120} INFO - [2024-09-25T03:05:32.460+0000] {dag.py:2585} INFO - Sync 1 DAGs
[2024-09-25T03:05:32.491+0000] {logging_mixin.py:120} INFO - [2024-09-25T03:05:32.491+0000] {dag.py:3340} INFO - Setting next_dagrun for example_task_group_decorator to 2024-09-24T03:05:32.491183+00:00, run_after=2024-09-25T03:05:32.491183+00:00
[2024-09-25T03:05:32.518+0000] {processor.py:176} INFO - Processing /home/airflow/.local/lib/python3.7/site-packages/airflow/example_dags/example_task_group_decorator.py took 0.149 seconds
[2024-09-25T03:06:02.858+0000] {processor.py:154} INFO - Started process (PID=18906) to work on /home/airflow/.local/lib/python3.7/site-packages/airflow/example_dags/example_task_group_decorator.py
[2024-09-25T03:06:02.859+0000] {processor.py:756} INFO - Processing file /home/airflow/.local/lib/python3.7/site-packages/airflow/example_dags/example_task_group_decorator.py for tasks to queue
[2024-09-25T03:06:02.860+0000] {logging_mixin.py:120} INFO - [2024-09-25T03:06:02.860+0000] {dagbag.py:537} INFO - Filling up the DagBag from /home/airflow/.local/lib/python3.7/site-packages/airflow/example_dags/example_task_group_decorator.py
[2024-09-25T03:06:02.897+0000] {processor.py:766} INFO - DAG(s) dict_keys(['example_task_group_decorator']) retrieved from /home/airflow/.local/lib/python3.7/site-packages/airflow/example_dags/example_task_group_decorator.py
[2024-09-25T03:06:02.955+0000] {logging_mixin.py:120} INFO - [2024-09-25T03:06:02.955+0000] {dag.py:2585} INFO - Sync 1 DAGs
[2024-09-25T03:06:02.998+0000] {logging_mixin.py:120} INFO - [2024-09-25T03:06:02.998+0000] {dag.py:3340} INFO - Setting next_dagrun for example_task_group_decorator to 2024-09-24T03:06:02.997901+00:00, run_after=2024-09-25T03:06:02.997901+00:00
[2024-09-25T03:06:03.056+0000] {processor.py:176} INFO - Processing /home/airflow/.local/lib/python3.7/site-packages/airflow/example_dags/example_task_group_decorator.py took 0.203 seconds
[2024-09-25T03:06:34.049+0000] {processor.py:154} INFO - Started process (PID=18969) to work on /home/airflow/.local/lib/python3.7/site-packages/airflow/example_dags/example_task_group_decorator.py
[2024-09-25T03:06:34.051+0000] {processor.py:756} INFO - Processing file /home/airflow/.local/lib/python3.7/site-packages/airflow/example_dags/example_task_group_decorator.py for tasks to queue
[2024-09-25T03:06:34.052+0000] {logging_mixin.py:120} INFO - [2024-09-25T03:06:34.052+0000] {dagbag.py:537} INFO - Filling up the DagBag from /home/airflow/.local/lib/python3.7/site-packages/airflow/example_dags/example_task_group_decorator.py
[2024-09-25T03:06:34.090+0000] {processor.py:766} INFO - DAG(s) dict_keys(['example_task_group_decorator']) retrieved from /home/airflow/.local/lib/python3.7/site-packages/airflow/example_dags/example_task_group_decorator.py
[2024-09-25T03:06:34.141+0000] {logging_mixin.py:120} INFO - [2024-09-25T03:06:34.141+0000] {dag.py:2585} INFO - Sync 1 DAGs
[2024-09-25T03:06:34.171+0000] {logging_mixin.py:120} INFO - [2024-09-25T03:06:34.171+0000] {dag.py:3340} INFO - Setting next_dagrun for example_task_group_decorator to 2024-09-24T03:06:34.171197+00:00, run_after=2024-09-25T03:06:34.171197+00:00
[2024-09-25T03:06:34.193+0000] {processor.py:176} INFO - Processing /home/airflow/.local/lib/python3.7/site-packages/airflow/example_dags/example_task_group_decorator.py took 0.149 seconds
[2024-09-25T03:07:04.372+0000] {processor.py:154} INFO - Started process (PID=19032) to work on /home/airflow/.local/lib/python3.7/site-packages/airflow/example_dags/example_task_group_decorator.py
[2024-09-25T03:07:04.375+0000] {processor.py:756} INFO - Processing file /home/airflow/.local/lib/python3.7/site-packages/airflow/example_dags/example_task_group_decorator.py for tasks to queue
[2024-09-25T03:07:04.376+0000] {logging_mixin.py:120} INFO - [2024-09-25T03:07:04.376+0000] {dagbag.py:537} INFO - Filling up the DagBag from /home/airflow/.local/lib/python3.7/site-packages/airflow/example_dags/example_task_group_decorator.py
[2024-09-25T03:07:04.431+0000] {processor.py:766} INFO - DAG(s) dict_keys(['example_task_group_decorator']) retrieved from /home/airflow/.local/lib/python3.7/site-packages/airflow/example_dags/example_task_group_decorator.py
[2024-09-25T03:07:04.495+0000] {logging_mixin.py:120} INFO - [2024-09-25T03:07:04.495+0000] {dag.py:2585} INFO - Sync 1 DAGs
[2024-09-25T03:07:04.531+0000] {logging_mixin.py:120} INFO - [2024-09-25T03:07:04.531+0000] {dag.py:3340} INFO - Setting next_dagrun for example_task_group_decorator to 2024-09-24T03:07:04.531284+00:00, run_after=2024-09-25T03:07:04.531284+00:00
[2024-09-25T03:07:04.565+0000] {processor.py:176} INFO - Processing /home/airflow/.local/lib/python3.7/site-packages/airflow/example_dags/example_task_group_decorator.py took 0.200 seconds
[2024-09-25T03:07:34.816+0000] {processor.py:154} INFO - Started process (PID=19093) to work on /home/airflow/.local/lib/python3.7/site-packages/airflow/example_dags/example_task_group_decorator.py
[2024-09-25T03:07:34.817+0000] {processor.py:756} INFO - Processing file /home/airflow/.local/lib/python3.7/site-packages/airflow/example_dags/example_task_group_decorator.py for tasks to queue
[2024-09-25T03:07:34.818+0000] {logging_mixin.py:120} INFO - [2024-09-25T03:07:34.818+0000] {dagbag.py:537} INFO - Filling up the DagBag from /home/airflow/.local/lib/python3.7/site-packages/airflow/example_dags/example_task_group_decorator.py
[2024-09-25T03:07:34.849+0000] {processor.py:766} INFO - DAG(s) dict_keys(['example_task_group_decorator']) retrieved from /home/airflow/.local/lib/python3.7/site-packages/airflow/example_dags/example_task_group_decorator.py
[2024-09-25T03:07:34.917+0000] {logging_mixin.py:120} INFO - [2024-09-25T03:07:34.916+0000] {dag.py:2585} INFO - Sync 1 DAGs
[2024-09-25T03:07:34.948+0000] {logging_mixin.py:120} INFO - [2024-09-25T03:07:34.948+0000] {dag.py:3340} INFO - Setting next_dagrun for example_task_group_decorator to 2024-09-24T03:07:34.948186+00:00, run_after=2024-09-25T03:07:34.948186+00:00
[2024-09-25T03:07:34.973+0000] {processor.py:176} INFO - Processing /home/airflow/.local/lib/python3.7/site-packages/airflow/example_dags/example_task_group_decorator.py took 0.160 seconds
[2024-09-25T03:08:05.195+0000] {processor.py:154} INFO - Started process (PID=19149) to work on /home/airflow/.local/lib/python3.7/site-packages/airflow/example_dags/example_task_group_decorator.py
[2024-09-25T03:08:05.197+0000] {processor.py:756} INFO - Processing file /home/airflow/.local/lib/python3.7/site-packages/airflow/example_dags/example_task_group_decorator.py for tasks to queue
[2024-09-25T03:08:05.198+0000] {logging_mixin.py:120} INFO - [2024-09-25T03:08:05.198+0000] {dagbag.py:537} INFO - Filling up the DagBag from /home/airflow/.local/lib/python3.7/site-packages/airflow/example_dags/example_task_group_decorator.py
[2024-09-25T03:08:05.236+0000] {processor.py:766} INFO - DAG(s) dict_keys(['example_task_group_decorator']) retrieved from /home/airflow/.local/lib/python3.7/site-packages/airflow/example_dags/example_task_group_decorator.py
[2024-09-25T03:08:05.289+0000] {logging_mixin.py:120} INFO - [2024-09-25T03:08:05.289+0000] {dag.py:2585} INFO - Sync 1 DAGs
[2024-09-25T03:08:05.319+0000] {logging_mixin.py:120} INFO - [2024-09-25T03:08:05.319+0000] {dag.py:3340} INFO - Setting next_dagrun for example_task_group_decorator to 2024-09-24T03:08:05.318849+00:00, run_after=2024-09-25T03:08:05.318849+00:00
[2024-09-25T03:08:05.341+0000] {processor.py:176} INFO - Processing /home/airflow/.local/lib/python3.7/site-packages/airflow/example_dags/example_task_group_decorator.py took 0.151 seconds
[2024-09-25T03:08:35.504+0000] {processor.py:154} INFO - Started process (PID=19211) to work on /home/airflow/.local/lib/python3.7/site-packages/airflow/example_dags/example_task_group_decorator.py
[2024-09-25T03:08:35.506+0000] {processor.py:756} INFO - Processing file /home/airflow/.local/lib/python3.7/site-packages/airflow/example_dags/example_task_group_decorator.py for tasks to queue
[2024-09-25T03:08:35.507+0000] {logging_mixin.py:120} INFO - [2024-09-25T03:08:35.507+0000] {dagbag.py:537} INFO - Filling up the DagBag from /home/airflow/.local/lib/python3.7/site-packages/airflow/example_dags/example_task_group_decorator.py
[2024-09-25T03:08:35.546+0000] {processor.py:766} INFO - DAG(s) dict_keys(['example_task_group_decorator']) retrieved from /home/airflow/.local/lib/python3.7/site-packages/airflow/example_dags/example_task_group_decorator.py
[2024-09-25T03:08:35.596+0000] {logging_mixin.py:120} INFO - [2024-09-25T03:08:35.596+0000] {dag.py:2585} INFO - Sync 1 DAGs
[2024-09-25T03:08:35.627+0000] {logging_mixin.py:120} INFO - [2024-09-25T03:08:35.627+0000] {dag.py:3340} INFO - Setting next_dagrun for example_task_group_decorator to 2024-09-24T03:08:35.627157+00:00, run_after=2024-09-25T03:08:35.627157+00:00
[2024-09-25T03:08:35.652+0000] {processor.py:176} INFO - Processing /home/airflow/.local/lib/python3.7/site-packages/airflow/example_dags/example_task_group_decorator.py took 0.152 seconds
[2024-09-25T03:09:06.013+0000] {processor.py:154} INFO - Started process (PID=19273) to work on /home/airflow/.local/lib/python3.7/site-packages/airflow/example_dags/example_task_group_decorator.py
[2024-09-25T03:09:06.015+0000] {processor.py:756} INFO - Processing file /home/airflow/.local/lib/python3.7/site-packages/airflow/example_dags/example_task_group_decorator.py for tasks to queue
[2024-09-25T03:09:06.016+0000] {logging_mixin.py:120} INFO - [2024-09-25T03:09:06.016+0000] {dagbag.py:537} INFO - Filling up the DagBag from /home/airflow/.local/lib/python3.7/site-packages/airflow/example_dags/example_task_group_decorator.py
[2024-09-25T03:09:06.050+0000] {processor.py:766} INFO - DAG(s) dict_keys(['example_task_group_decorator']) retrieved from /home/airflow/.local/lib/python3.7/site-packages/airflow/example_dags/example_task_group_decorator.py
[2024-09-25T03:09:06.101+0000] {logging_mixin.py:120} INFO - [2024-09-25T03:09:06.100+0000] {dag.py:2585} INFO - Sync 1 DAGs
[2024-09-25T03:09:06.138+0000] {logging_mixin.py:120} INFO - [2024-09-25T03:09:06.138+0000] {dag.py:3340} INFO - Setting next_dagrun for example_task_group_decorator to 2024-09-24T03:09:06.137730+00:00, run_after=2024-09-25T03:09:06.137730+00:00
[2024-09-25T03:09:06.166+0000] {processor.py:176} INFO - Processing /home/airflow/.local/lib/python3.7/site-packages/airflow/example_dags/example_task_group_decorator.py took 0.158 seconds
[2024-09-25T03:09:36.289+0000] {processor.py:154} INFO - Started process (PID=19327) to work on /home/airflow/.local/lib/python3.7/site-packages/airflow/example_dags/example_task_group_decorator.py
[2024-09-25T03:09:36.291+0000] {processor.py:756} INFO - Processing file /home/airflow/.local/lib/python3.7/site-packages/airflow/example_dags/example_task_group_decorator.py for tasks to queue
[2024-09-25T03:09:36.292+0000] {logging_mixin.py:120} INFO - [2024-09-25T03:09:36.291+0000] {dagbag.py:537} INFO - Filling up the DagBag from /home/airflow/.local/lib/python3.7/site-packages/airflow/example_dags/example_task_group_decorator.py
[2024-09-25T03:09:36.333+0000] {processor.py:766} INFO - DAG(s) dict_keys(['example_task_group_decorator']) retrieved from /home/airflow/.local/lib/python3.7/site-packages/airflow/example_dags/example_task_group_decorator.py
[2024-09-25T03:09:36.390+0000] {logging_mixin.py:120} INFO - [2024-09-25T03:09:36.390+0000] {dag.py:2585} INFO - Sync 1 DAGs
[2024-09-25T03:09:36.423+0000] {logging_mixin.py:120} INFO - [2024-09-25T03:09:36.423+0000] {dag.py:3340} INFO - Setting next_dagrun for example_task_group_decorator to 2024-09-24T03:09:36.423246+00:00, run_after=2024-09-25T03:09:36.423246+00:00
[2024-09-25T03:09:36.447+0000] {processor.py:176} INFO - Processing /home/airflow/.local/lib/python3.7/site-packages/airflow/example_dags/example_task_group_decorator.py took 0.162 seconds
[2024-09-25T03:10:06.501+0000] {processor.py:154} INFO - Started process (PID=19390) to work on /home/airflow/.local/lib/python3.7/site-packages/airflow/example_dags/example_task_group_decorator.py
[2024-09-25T03:10:06.504+0000] {processor.py:756} INFO - Processing file /home/airflow/.local/lib/python3.7/site-packages/airflow/example_dags/example_task_group_decorator.py for tasks to queue
[2024-09-25T03:10:06.505+0000] {logging_mixin.py:120} INFO - [2024-09-25T03:10:06.504+0000] {dagbag.py:537} INFO - Filling up the DagBag from /home/airflow/.local/lib/python3.7/site-packages/airflow/example_dags/example_task_group_decorator.py
[2024-09-25T03:10:06.543+0000] {processor.py:766} INFO - DAG(s) dict_keys(['example_task_group_decorator']) retrieved from /home/airflow/.local/lib/python3.7/site-packages/airflow/example_dags/example_task_group_decorator.py
[2024-09-25T03:10:06.595+0000] {logging_mixin.py:120} INFO - [2024-09-25T03:10:06.595+0000] {dag.py:2585} INFO - Sync 1 DAGs
[2024-09-25T03:10:06.626+0000] {logging_mixin.py:120} INFO - [2024-09-25T03:10:06.626+0000] {dag.py:3340} INFO - Setting next_dagrun for example_task_group_decorator to 2024-09-24T03:10:06.626282+00:00, run_after=2024-09-25T03:10:06.626282+00:00
[2024-09-25T03:10:06.649+0000] {processor.py:176} INFO - Processing /home/airflow/.local/lib/python3.7/site-packages/airflow/example_dags/example_task_group_decorator.py took 0.152 seconds
[2024-09-25T03:10:36.685+0000] {processor.py:154} INFO - Started process (PID=19453) to work on /home/airflow/.local/lib/python3.7/site-packages/airflow/example_dags/example_task_group_decorator.py
[2024-09-25T03:10:36.687+0000] {processor.py:756} INFO - Processing file /home/airflow/.local/lib/python3.7/site-packages/airflow/example_dags/example_task_group_decorator.py for tasks to queue
[2024-09-25T03:10:36.689+0000] {logging_mixin.py:120} INFO - [2024-09-25T03:10:36.689+0000] {dagbag.py:537} INFO - Filling up the DagBag from /home/airflow/.local/lib/python3.7/site-packages/airflow/example_dags/example_task_group_decorator.py
[2024-09-25T03:10:36.735+0000] {processor.py:766} INFO - DAG(s) dict_keys(['example_task_group_decorator']) retrieved from /home/airflow/.local/lib/python3.7/site-packages/airflow/example_dags/example_task_group_decorator.py
[2024-09-25T03:10:36.799+0000] {logging_mixin.py:120} INFO - [2024-09-25T03:10:36.799+0000] {dag.py:2585} INFO - Sync 1 DAGs
[2024-09-25T03:10:36.836+0000] {logging_mixin.py:120} INFO - [2024-09-25T03:10:36.836+0000] {dag.py:3340} INFO - Setting next_dagrun for example_task_group_decorator to 2024-09-24T03:10:36.836226+00:00, run_after=2024-09-25T03:10:36.836226+00:00
[2024-09-25T03:10:36.861+0000] {processor.py:176} INFO - Processing /home/airflow/.local/lib/python3.7/site-packages/airflow/example_dags/example_task_group_decorator.py took 0.182 seconds
[2024-09-25T03:11:06.889+0000] {processor.py:154} INFO - Started process (PID=19507) to work on /home/airflow/.local/lib/python3.7/site-packages/airflow/example_dags/example_task_group_decorator.py
[2024-09-25T03:11:06.891+0000] {processor.py:756} INFO - Processing file /home/airflow/.local/lib/python3.7/site-packages/airflow/example_dags/example_task_group_decorator.py for tasks to queue
[2024-09-25T03:11:06.892+0000] {logging_mixin.py:120} INFO - [2024-09-25T03:11:06.892+0000] {dagbag.py:537} INFO - Filling up the DagBag from /home/airflow/.local/lib/python3.7/site-packages/airflow/example_dags/example_task_group_decorator.py
[2024-09-25T03:11:06.930+0000] {processor.py:766} INFO - DAG(s) dict_keys(['example_task_group_decorator']) retrieved from /home/airflow/.local/lib/python3.7/site-packages/airflow/example_dags/example_task_group_decorator.py
[2024-09-25T03:11:06.987+0000] {logging_mixin.py:120} INFO - [2024-09-25T03:11:06.987+0000] {dag.py:2585} INFO - Sync 1 DAGs
[2024-09-25T03:11:07.018+0000] {logging_mixin.py:120} INFO - [2024-09-25T03:11:07.018+0000] {dag.py:3340} INFO - Setting next_dagrun for example_task_group_decorator to 2024-09-24T03:11:07.018483+00:00, run_after=2024-09-25T03:11:07.018483+00:00
[2024-09-25T03:11:07.041+0000] {processor.py:176} INFO - Processing /home/airflow/.local/lib/python3.7/site-packages/airflow/example_dags/example_task_group_decorator.py took 0.157 seconds
[2024-09-25T03:11:37.310+0000] {processor.py:154} INFO - Started process (PID=19570) to work on /home/airflow/.local/lib/python3.7/site-packages/airflow/example_dags/example_task_group_decorator.py
[2024-09-25T03:11:37.311+0000] {processor.py:756} INFO - Processing file /home/airflow/.local/lib/python3.7/site-packages/airflow/example_dags/example_task_group_decorator.py for tasks to queue
[2024-09-25T03:11:37.313+0000] {logging_mixin.py:120} INFO - [2024-09-25T03:11:37.312+0000] {dagbag.py:537} INFO - Filling up the DagBag from /home/airflow/.local/lib/python3.7/site-packages/airflow/example_dags/example_task_group_decorator.py
[2024-09-25T03:11:37.353+0000] {processor.py:766} INFO - DAG(s) dict_keys(['example_task_group_decorator']) retrieved from /home/airflow/.local/lib/python3.7/site-packages/airflow/example_dags/example_task_group_decorator.py
[2024-09-25T03:11:37.407+0000] {logging_mixin.py:120} INFO - [2024-09-25T03:11:37.407+0000] {dag.py:2585} INFO - Sync 1 DAGs
[2024-09-25T03:11:37.436+0000] {logging_mixin.py:120} INFO - [2024-09-25T03:11:37.436+0000] {dag.py:3340} INFO - Setting next_dagrun for example_task_group_decorator to 2024-09-24T03:11:37.436530+00:00, run_after=2024-09-25T03:11:37.436530+00:00
[2024-09-25T03:11:37.460+0000] {processor.py:176} INFO - Processing /home/airflow/.local/lib/python3.7/site-packages/airflow/example_dags/example_task_group_decorator.py took 0.155 seconds
[2024-09-25T03:12:07.764+0000] {processor.py:154} INFO - Started process (PID=19633) to work on /home/airflow/.local/lib/python3.7/site-packages/airflow/example_dags/example_task_group_decorator.py
[2024-09-25T03:12:07.768+0000] {processor.py:756} INFO - Processing file /home/airflow/.local/lib/python3.7/site-packages/airflow/example_dags/example_task_group_decorator.py for tasks to queue
[2024-09-25T03:12:07.773+0000] {logging_mixin.py:120} INFO - [2024-09-25T03:12:07.772+0000] {dagbag.py:537} INFO - Filling up the DagBag from /home/airflow/.local/lib/python3.7/site-packages/airflow/example_dags/example_task_group_decorator.py
[2024-09-25T03:12:07.904+0000] {processor.py:766} INFO - DAG(s) dict_keys(['example_task_group_decorator']) retrieved from /home/airflow/.local/lib/python3.7/site-packages/airflow/example_dags/example_task_group_decorator.py
[2024-09-25T03:12:08.106+0000] {logging_mixin.py:120} INFO - [2024-09-25T03:12:08.106+0000] {dag.py:2585} INFO - Sync 1 DAGs
[2024-09-25T03:12:08.187+0000] {logging_mixin.py:120} INFO - [2024-09-25T03:12:08.187+0000] {dag.py:3340} INFO - Setting next_dagrun for example_task_group_decorator to 2024-09-24T03:12:08.186581+00:00, run_after=2024-09-25T03:12:08.186581+00:00
[2024-09-25T03:12:08.235+0000] {processor.py:176} INFO - Processing /home/airflow/.local/lib/python3.7/site-packages/airflow/example_dags/example_task_group_decorator.py took 0.483 seconds
[2024-09-25T03:16:07.641+0000] {processor.py:154} INFO - Started process (PID=19653) to work on /home/airflow/.local/lib/python3.7/site-packages/airflow/example_dags/example_task_group_decorator.py
[2024-09-25T03:16:07.664+0000] {processor.py:756} INFO - Processing file /home/airflow/.local/lib/python3.7/site-packages/airflow/example_dags/example_task_group_decorator.py for tasks to queue
[2024-09-25T03:16:07.666+0000] {logging_mixin.py:120} INFO - [2024-09-25T03:16:07.666+0000] {dagbag.py:537} INFO - Filling up the DagBag from /home/airflow/.local/lib/python3.7/site-packages/airflow/example_dags/example_task_group_decorator.py
[2024-09-25T03:16:07.768+0000] {processor.py:766} INFO - DAG(s) dict_keys(['example_task_group_decorator']) retrieved from /home/airflow/.local/lib/python3.7/site-packages/airflow/example_dags/example_task_group_decorator.py
[2024-09-25T03:16:07.924+0000] {logging_mixin.py:120} INFO - [2024-09-25T03:16:07.923+0000] {dag.py:2585} INFO - Sync 1 DAGs
[2024-09-25T03:16:07.993+0000] {logging_mixin.py:120} INFO - [2024-09-25T03:16:07.993+0000] {dag.py:3340} INFO - Setting next_dagrun for example_task_group_decorator to 2024-09-24T03:16:07.993058+00:00, run_after=2024-09-25T03:16:07.993058+00:00
[2024-09-25T03:16:08.070+0000] {processor.py:176} INFO - Processing /home/airflow/.local/lib/python3.7/site-packages/airflow/example_dags/example_task_group_decorator.py took 0.438 seconds
[2024-09-25T03:16:38.925+0000] {processor.py:154} INFO - Started process (PID=19716) to work on /home/airflow/.local/lib/python3.7/site-packages/airflow/example_dags/example_task_group_decorator.py
[2024-09-25T03:16:38.926+0000] {processor.py:756} INFO - Processing file /home/airflow/.local/lib/python3.7/site-packages/airflow/example_dags/example_task_group_decorator.py for tasks to queue
[2024-09-25T03:16:38.927+0000] {logging_mixin.py:120} INFO - [2024-09-25T03:16:38.927+0000] {dagbag.py:537} INFO - Filling up the DagBag from /home/airflow/.local/lib/python3.7/site-packages/airflow/example_dags/example_task_group_decorator.py
[2024-09-25T03:16:38.964+0000] {processor.py:766} INFO - DAG(s) dict_keys(['example_task_group_decorator']) retrieved from /home/airflow/.local/lib/python3.7/site-packages/airflow/example_dags/example_task_group_decorator.py
[2024-09-25T03:16:39.015+0000] {logging_mixin.py:120} INFO - [2024-09-25T03:16:39.015+0000] {dag.py:2585} INFO - Sync 1 DAGs
[2024-09-25T03:16:39.046+0000] {logging_mixin.py:120} INFO - [2024-09-25T03:16:39.046+0000] {dag.py:3340} INFO - Setting next_dagrun for example_task_group_decorator to 2024-09-24T03:16:39.045676+00:00, run_after=2024-09-25T03:16:39.045676+00:00
[2024-09-25T03:16:39.069+0000] {processor.py:176} INFO - Processing /home/airflow/.local/lib/python3.7/site-packages/airflow/example_dags/example_task_group_decorator.py took 0.148 seconds
[2024-09-25T03:17:09.549+0000] {processor.py:154} INFO - Started process (PID=19770) to work on /home/airflow/.local/lib/python3.7/site-packages/airflow/example_dags/example_task_group_decorator.py
[2024-09-25T03:17:09.551+0000] {processor.py:756} INFO - Processing file /home/airflow/.local/lib/python3.7/site-packages/airflow/example_dags/example_task_group_decorator.py for tasks to queue
[2024-09-25T03:17:09.552+0000] {logging_mixin.py:120} INFO - [2024-09-25T03:17:09.552+0000] {dagbag.py:537} INFO - Filling up the DagBag from /home/airflow/.local/lib/python3.7/site-packages/airflow/example_dags/example_task_group_decorator.py
[2024-09-25T03:17:09.591+0000] {processor.py:766} INFO - DAG(s) dict_keys(['example_task_group_decorator']) retrieved from /home/airflow/.local/lib/python3.7/site-packages/airflow/example_dags/example_task_group_decorator.py
[2024-09-25T03:17:09.644+0000] {logging_mixin.py:120} INFO - [2024-09-25T03:17:09.644+0000] {dag.py:2585} INFO - Sync 1 DAGs
[2024-09-25T03:17:09.673+0000] {logging_mixin.py:120} INFO - [2024-09-25T03:17:09.673+0000] {dag.py:3340} INFO - Setting next_dagrun for example_task_group_decorator to 2024-09-24T03:17:09.672976+00:00, run_after=2024-09-25T03:17:09.672976+00:00
[2024-09-25T03:17:09.695+0000] {processor.py:176} INFO - Processing /home/airflow/.local/lib/python3.7/site-packages/airflow/example_dags/example_task_group_decorator.py took 0.151 seconds
[2024-09-25T03:17:40.119+0000] {processor.py:154} INFO - Started process (PID=19833) to work on /home/airflow/.local/lib/python3.7/site-packages/airflow/example_dags/example_task_group_decorator.py
[2024-09-25T03:17:40.121+0000] {processor.py:756} INFO - Processing file /home/airflow/.local/lib/python3.7/site-packages/airflow/example_dags/example_task_group_decorator.py for tasks to queue
[2024-09-25T03:17:40.122+0000] {logging_mixin.py:120} INFO - [2024-09-25T03:17:40.122+0000] {dagbag.py:537} INFO - Filling up the DagBag from /home/airflow/.local/lib/python3.7/site-packages/airflow/example_dags/example_task_group_decorator.py
[2024-09-25T03:17:40.161+0000] {processor.py:766} INFO - DAG(s) dict_keys(['example_task_group_decorator']) retrieved from /home/airflow/.local/lib/python3.7/site-packages/airflow/example_dags/example_task_group_decorator.py
[2024-09-25T03:17:40.211+0000] {logging_mixin.py:120} INFO - [2024-09-25T03:17:40.211+0000] {dag.py:2585} INFO - Sync 1 DAGs
[2024-09-25T03:17:40.240+0000] {logging_mixin.py:120} INFO - [2024-09-25T03:17:40.240+0000] {dag.py:3340} INFO - Setting next_dagrun for example_task_group_decorator to 2024-09-24T03:17:40.240017+00:00, run_after=2024-09-25T03:17:40.240017+00:00
[2024-09-25T03:17:40.262+0000] {processor.py:176} INFO - Processing /home/airflow/.local/lib/python3.7/site-packages/airflow/example_dags/example_task_group_decorator.py took 0.148 seconds
[2024-09-25T03:18:10.542+0000] {processor.py:154} INFO - Started process (PID=19896) to work on /home/airflow/.local/lib/python3.7/site-packages/airflow/example_dags/example_task_group_decorator.py
[2024-09-25T03:18:10.543+0000] {processor.py:756} INFO - Processing file /home/airflow/.local/lib/python3.7/site-packages/airflow/example_dags/example_task_group_decorator.py for tasks to queue
[2024-09-25T03:18:10.544+0000] {logging_mixin.py:120} INFO - [2024-09-25T03:18:10.544+0000] {dagbag.py:537} INFO - Filling up the DagBag from /home/airflow/.local/lib/python3.7/site-packages/airflow/example_dags/example_task_group_decorator.py
[2024-09-25T03:18:10.583+0000] {processor.py:766} INFO - DAG(s) dict_keys(['example_task_group_decorator']) retrieved from /home/airflow/.local/lib/python3.7/site-packages/airflow/example_dags/example_task_group_decorator.py
[2024-09-25T03:18:10.633+0000] {logging_mixin.py:120} INFO - [2024-09-25T03:18:10.633+0000] {dag.py:2585} INFO - Sync 1 DAGs
[2024-09-25T03:18:10.662+0000] {logging_mixin.py:120} INFO - [2024-09-25T03:18:10.662+0000] {dag.py:3340} INFO - Setting next_dagrun for example_task_group_decorator to 2024-09-24T03:18:10.662322+00:00, run_after=2024-09-25T03:18:10.662322+00:00
[2024-09-25T03:18:10.686+0000] {processor.py:176} INFO - Processing /home/airflow/.local/lib/python3.7/site-packages/airflow/example_dags/example_task_group_decorator.py took 0.149 seconds
[2024-09-25T03:18:40.836+0000] {processor.py:154} INFO - Started process (PID=19957) to work on /home/airflow/.local/lib/python3.7/site-packages/airflow/example_dags/example_task_group_decorator.py
[2024-09-25T03:18:40.838+0000] {processor.py:756} INFO - Processing file /home/airflow/.local/lib/python3.7/site-packages/airflow/example_dags/example_task_group_decorator.py for tasks to queue
[2024-09-25T03:18:40.839+0000] {logging_mixin.py:120} INFO - [2024-09-25T03:18:40.839+0000] {dagbag.py:537} INFO - Filling up the DagBag from /home/airflow/.local/lib/python3.7/site-packages/airflow/example_dags/example_task_group_decorator.py
[2024-09-25T03:18:40.874+0000] {processor.py:766} INFO - DAG(s) dict_keys(['example_task_group_decorator']) retrieved from /home/airflow/.local/lib/python3.7/site-packages/airflow/example_dags/example_task_group_decorator.py
[2024-09-25T03:18:40.929+0000] {logging_mixin.py:120} INFO - [2024-09-25T03:18:40.929+0000] {dag.py:2585} INFO - Sync 1 DAGs
[2024-09-25T03:18:40.960+0000] {logging_mixin.py:120} INFO - [2024-09-25T03:18:40.960+0000] {dag.py:3340} INFO - Setting next_dagrun for example_task_group_decorator to 2024-09-24T03:18:40.960488+00:00, run_after=2024-09-25T03:18:40.960488+00:00
[2024-09-25T03:18:40.986+0000] {processor.py:176} INFO - Processing /home/airflow/.local/lib/python3.7/site-packages/airflow/example_dags/example_task_group_decorator.py took 0.153 seconds
[2024-09-25T03:19:11.207+0000] {processor.py:154} INFO - Started process (PID=20013) to work on /home/airflow/.local/lib/python3.7/site-packages/airflow/example_dags/example_task_group_decorator.py
[2024-09-25T03:19:11.209+0000] {processor.py:756} INFO - Processing file /home/airflow/.local/lib/python3.7/site-packages/airflow/example_dags/example_task_group_decorator.py for tasks to queue
[2024-09-25T03:19:11.210+0000] {logging_mixin.py:120} INFO - [2024-09-25T03:19:11.210+0000] {dagbag.py:537} INFO - Filling up the DagBag from /home/airflow/.local/lib/python3.7/site-packages/airflow/example_dags/example_task_group_decorator.py
[2024-09-25T03:19:11.248+0000] {processor.py:766} INFO - DAG(s) dict_keys(['example_task_group_decorator']) retrieved from /home/airflow/.local/lib/python3.7/site-packages/airflow/example_dags/example_task_group_decorator.py
[2024-09-25T03:19:11.300+0000] {logging_mixin.py:120} INFO - [2024-09-25T03:19:11.300+0000] {dag.py:2585} INFO - Sync 1 DAGs
[2024-09-25T03:19:11.329+0000] {logging_mixin.py:120} INFO - [2024-09-25T03:19:11.329+0000] {dag.py:3340} INFO - Setting next_dagrun for example_task_group_decorator to 2024-09-24T03:19:11.329483+00:00, run_after=2024-09-25T03:19:11.329483+00:00
[2024-09-25T03:19:11.355+0000] {processor.py:176} INFO - Processing /home/airflow/.local/lib/python3.7/site-packages/airflow/example_dags/example_task_group_decorator.py took 0.152 seconds
[2024-09-25T03:19:42.147+0000] {processor.py:154} INFO - Started process (PID=20076) to work on /home/airflow/.local/lib/python3.7/site-packages/airflow/example_dags/example_task_group_decorator.py
[2024-09-25T03:19:42.150+0000] {processor.py:756} INFO - Processing file /home/airflow/.local/lib/python3.7/site-packages/airflow/example_dags/example_task_group_decorator.py for tasks to queue
[2024-09-25T03:19:42.151+0000] {logging_mixin.py:120} INFO - [2024-09-25T03:19:42.151+0000] {dagbag.py:537} INFO - Filling up the DagBag from /home/airflow/.local/lib/python3.7/site-packages/airflow/example_dags/example_task_group_decorator.py
[2024-09-25T03:19:42.188+0000] {processor.py:766} INFO - DAG(s) dict_keys(['example_task_group_decorator']) retrieved from /home/airflow/.local/lib/python3.7/site-packages/airflow/example_dags/example_task_group_decorator.py
[2024-09-25T03:19:42.240+0000] {logging_mixin.py:120} INFO - [2024-09-25T03:19:42.240+0000] {dag.py:2585} INFO - Sync 1 DAGs
[2024-09-25T03:19:42.269+0000] {logging_mixin.py:120} INFO - [2024-09-25T03:19:42.269+0000] {dag.py:3340} INFO - Setting next_dagrun for example_task_group_decorator to 2024-09-24T03:19:42.268840+00:00, run_after=2024-09-25T03:19:42.268840+00:00
[2024-09-25T03:19:42.291+0000] {processor.py:176} INFO - Processing /home/airflow/.local/lib/python3.7/site-packages/airflow/example_dags/example_task_group_decorator.py took 0.148 seconds
[2024-09-25T03:20:12.723+0000] {processor.py:154} INFO - Started process (PID=20139) to work on /home/airflow/.local/lib/python3.7/site-packages/airflow/example_dags/example_task_group_decorator.py
[2024-09-25T03:20:12.727+0000] {processor.py:756} INFO - Processing file /home/airflow/.local/lib/python3.7/site-packages/airflow/example_dags/example_task_group_decorator.py for tasks to queue
[2024-09-25T03:20:12.728+0000] {logging_mixin.py:120} INFO - [2024-09-25T03:20:12.728+0000] {dagbag.py:537} INFO - Filling up the DagBag from /home/airflow/.local/lib/python3.7/site-packages/airflow/example_dags/example_task_group_decorator.py
[2024-09-25T03:20:12.764+0000] {processor.py:766} INFO - DAG(s) dict_keys(['example_task_group_decorator']) retrieved from /home/airflow/.local/lib/python3.7/site-packages/airflow/example_dags/example_task_group_decorator.py
[2024-09-25T03:20:12.814+0000] {logging_mixin.py:120} INFO - [2024-09-25T03:20:12.813+0000] {dag.py:2585} INFO - Sync 1 DAGs
[2024-09-25T03:20:12.843+0000] {logging_mixin.py:120} INFO - [2024-09-25T03:20:12.843+0000] {dag.py:3340} INFO - Setting next_dagrun for example_task_group_decorator to 2024-09-24T03:20:12.843163+00:00, run_after=2024-09-25T03:20:12.843163+00:00
[2024-09-25T03:20:12.866+0000] {processor.py:176} INFO - Processing /home/airflow/.local/lib/python3.7/site-packages/airflow/example_dags/example_task_group_decorator.py took 0.147 seconds
[2024-09-25T03:20:42.969+0000] {processor.py:154} INFO - Started process (PID=20193) to work on /home/airflow/.local/lib/python3.7/site-packages/airflow/example_dags/example_task_group_decorator.py
[2024-09-25T03:20:42.970+0000] {processor.py:756} INFO - Processing file /home/airflow/.local/lib/python3.7/site-packages/airflow/example_dags/example_task_group_decorator.py for tasks to queue
[2024-09-25T03:20:42.971+0000] {logging_mixin.py:120} INFO - [2024-09-25T03:20:42.971+0000] {dagbag.py:537} INFO - Filling up the DagBag from /home/airflow/.local/lib/python3.7/site-packages/airflow/example_dags/example_task_group_decorator.py
[2024-09-25T03:20:43.005+0000] {processor.py:766} INFO - DAG(s) dict_keys(['example_task_group_decorator']) retrieved from /home/airflow/.local/lib/python3.7/site-packages/airflow/example_dags/example_task_group_decorator.py
[2024-09-25T03:20:43.055+0000] {logging_mixin.py:120} INFO - [2024-09-25T03:20:43.054+0000] {dag.py:2585} INFO - Sync 1 DAGs
[2024-09-25T03:20:43.085+0000] {logging_mixin.py:120} INFO - [2024-09-25T03:20:43.085+0000] {dag.py:3340} INFO - Setting next_dagrun for example_task_group_decorator to 2024-09-24T03:20:43.084841+00:00, run_after=2024-09-25T03:20:43.084841+00:00
[2024-09-25T03:20:43.107+0000] {processor.py:176} INFO - Processing /home/airflow/.local/lib/python3.7/site-packages/airflow/example_dags/example_task_group_decorator.py took 0.143 seconds
[2024-09-25T03:21:13.401+0000] {processor.py:154} INFO - Started process (PID=20256) to work on /home/airflow/.local/lib/python3.7/site-packages/airflow/example_dags/example_task_group_decorator.py
[2024-09-25T03:21:13.404+0000] {processor.py:756} INFO - Processing file /home/airflow/.local/lib/python3.7/site-packages/airflow/example_dags/example_task_group_decorator.py for tasks to queue
[2024-09-25T03:21:13.405+0000] {logging_mixin.py:120} INFO - [2024-09-25T03:21:13.405+0000] {dagbag.py:537} INFO - Filling up the DagBag from /home/airflow/.local/lib/python3.7/site-packages/airflow/example_dags/example_task_group_decorator.py
[2024-09-25T03:21:13.443+0000] {processor.py:766} INFO - DAG(s) dict_keys(['example_task_group_decorator']) retrieved from /home/airflow/.local/lib/python3.7/site-packages/airflow/example_dags/example_task_group_decorator.py
[2024-09-25T03:21:13.494+0000] {logging_mixin.py:120} INFO - [2024-09-25T03:21:13.494+0000] {dag.py:2585} INFO - Sync 1 DAGs
[2024-09-25T03:21:13.523+0000] {logging_mixin.py:120} INFO - [2024-09-25T03:21:13.523+0000] {dag.py:3340} INFO - Setting next_dagrun for example_task_group_decorator to 2024-09-24T03:21:13.522995+00:00, run_after=2024-09-25T03:21:13.522995+00:00
[2024-09-25T03:21:13.547+0000] {processor.py:176} INFO - Processing /home/airflow/.local/lib/python3.7/site-packages/airflow/example_dags/example_task_group_decorator.py took 0.150 seconds
[2024-09-25T03:21:43.865+0000] {processor.py:154} INFO - Started process (PID=20318) to work on /home/airflow/.local/lib/python3.7/site-packages/airflow/example_dags/example_task_group_decorator.py
[2024-09-25T03:21:43.866+0000] {processor.py:756} INFO - Processing file /home/airflow/.local/lib/python3.7/site-packages/airflow/example_dags/example_task_group_decorator.py for tasks to queue
[2024-09-25T03:21:43.868+0000] {logging_mixin.py:120} INFO - [2024-09-25T03:21:43.867+0000] {dagbag.py:537} INFO - Filling up the DagBag from /home/airflow/.local/lib/python3.7/site-packages/airflow/example_dags/example_task_group_decorator.py
[2024-09-25T03:21:43.908+0000] {processor.py:766} INFO - DAG(s) dict_keys(['example_task_group_decorator']) retrieved from /home/airflow/.local/lib/python3.7/site-packages/airflow/example_dags/example_task_group_decorator.py
[2024-09-25T03:21:43.970+0000] {logging_mixin.py:120} INFO - [2024-09-25T03:21:43.969+0000] {dag.py:2585} INFO - Sync 1 DAGs
[2024-09-25T03:21:44.001+0000] {logging_mixin.py:120} INFO - [2024-09-25T03:21:44.001+0000] {dag.py:3340} INFO - Setting next_dagrun for example_task_group_decorator to 2024-09-24T03:21:44.001254+00:00, run_after=2024-09-25T03:21:44.001254+00:00
[2024-09-25T03:21:44.026+0000] {processor.py:176} INFO - Processing /home/airflow/.local/lib/python3.7/site-packages/airflow/example_dags/example_task_group_decorator.py took 0.167 seconds
[2024-09-25T06:15:26.837+0000] {processor.py:154} INFO - Started process (PID=20370) to work on /home/airflow/.local/lib/python3.7/site-packages/airflow/example_dags/example_task_group_decorator.py
[2024-09-25T06:15:26.840+0000] {processor.py:756} INFO - Processing file /home/airflow/.local/lib/python3.7/site-packages/airflow/example_dags/example_task_group_decorator.py for tasks to queue
[2024-09-25T06:15:26.843+0000] {logging_mixin.py:120} INFO - [2024-09-25T06:15:26.842+0000] {dagbag.py:537} INFO - Filling up the DagBag from /home/airflow/.local/lib/python3.7/site-packages/airflow/example_dags/example_task_group_decorator.py
[2024-09-25T06:15:26.959+0000] {processor.py:766} INFO - DAG(s) dict_keys(['example_task_group_decorator']) retrieved from /home/airflow/.local/lib/python3.7/site-packages/airflow/example_dags/example_task_group_decorator.py
[2024-09-25T06:15:27.081+0000] {logging_mixin.py:120} INFO - [2024-09-25T06:15:27.081+0000] {dag.py:2585} INFO - Sync 1 DAGs
[2024-09-25T06:15:27.141+0000] {logging_mixin.py:120} INFO - [2024-09-25T06:15:27.141+0000] {dag.py:3340} INFO - Setting next_dagrun for example_task_group_decorator to 2024-09-24T06:15:27.140521+00:00, run_after=2024-09-25T06:15:27.140521+00:00
[2024-09-25T06:15:27.184+0000] {processor.py:176} INFO - Processing /home/airflow/.local/lib/python3.7/site-packages/airflow/example_dags/example_task_group_decorator.py took 0.357 seconds
[2024-09-25T06:31:01.718+0000] {processor.py:154} INFO - Started process (PID=20424) to work on /home/airflow/.local/lib/python3.7/site-packages/airflow/example_dags/example_task_group_decorator.py
[2024-09-25T06:31:01.719+0000] {processor.py:756} INFO - Processing file /home/airflow/.local/lib/python3.7/site-packages/airflow/example_dags/example_task_group_decorator.py for tasks to queue
[2024-09-25T06:31:01.720+0000] {logging_mixin.py:120} INFO - [2024-09-25T06:31:01.720+0000] {dagbag.py:537} INFO - Filling up the DagBag from /home/airflow/.local/lib/python3.7/site-packages/airflow/example_dags/example_task_group_decorator.py
[2024-09-25T06:31:01.753+0000] {processor.py:766} INFO - DAG(s) dict_keys(['example_task_group_decorator']) retrieved from /home/airflow/.local/lib/python3.7/site-packages/airflow/example_dags/example_task_group_decorator.py
[2024-09-25T06:31:01.803+0000] {logging_mixin.py:120} INFO - [2024-09-25T06:31:01.803+0000] {dag.py:2585} INFO - Sync 1 DAGs
[2024-09-25T06:31:01.837+0000] {logging_mixin.py:120} INFO - [2024-09-25T06:31:01.837+0000] {dag.py:3340} INFO - Setting next_dagrun for example_task_group_decorator to 2024-09-24T06:31:01.836757+00:00, run_after=2024-09-25T06:31:01.836757+00:00
[2024-09-25T06:31:01.861+0000] {processor.py:176} INFO - Processing /home/airflow/.local/lib/python3.7/site-packages/airflow/example_dags/example_task_group_decorator.py took 0.148 seconds
[2024-09-25T08:25:09.798+0000] {processor.py:154} INFO - Started process (PID=20487) to work on /home/airflow/.local/lib/python3.7/site-packages/airflow/example_dags/example_task_group_decorator.py
[2024-09-25T08:25:09.801+0000] {processor.py:756} INFO - Processing file /home/airflow/.local/lib/python3.7/site-packages/airflow/example_dags/example_task_group_decorator.py for tasks to queue
[2024-09-25T08:25:09.803+0000] {logging_mixin.py:120} INFO - [2024-09-25T08:25:09.803+0000] {dagbag.py:537} INFO - Filling up the DagBag from /home/airflow/.local/lib/python3.7/site-packages/airflow/example_dags/example_task_group_decorator.py
[2024-09-25T08:25:09.851+0000] {processor.py:766} INFO - DAG(s) dict_keys(['example_task_group_decorator']) retrieved from /home/airflow/.local/lib/python3.7/site-packages/airflow/example_dags/example_task_group_decorator.py
[2024-09-25T08:25:09.931+0000] {logging_mixin.py:120} INFO - [2024-09-25T08:25:09.931+0000] {dag.py:2585} INFO - Sync 1 DAGs
[2024-09-25T08:25:09.994+0000] {logging_mixin.py:120} INFO - [2024-09-25T08:25:09.994+0000] {dag.py:3340} INFO - Setting next_dagrun for example_task_group_decorator to 2024-09-24T08:25:09.994208+00:00, run_after=2024-09-25T08:25:09.994208+00:00
[2024-09-25T08:25:10.034+0000] {processor.py:176} INFO - Processing /home/airflow/.local/lib/python3.7/site-packages/airflow/example_dags/example_task_group_decorator.py took 0.241 seconds
[2024-09-25T11:37:29.463+0000] {processor.py:154} INFO - Started process (PID=20550) to work on /home/airflow/.local/lib/python3.7/site-packages/airflow/example_dags/example_task_group_decorator.py
[2024-09-25T11:37:29.467+0000] {processor.py:756} INFO - Processing file /home/airflow/.local/lib/python3.7/site-packages/airflow/example_dags/example_task_group_decorator.py for tasks to queue
[2024-09-25T11:37:29.468+0000] {logging_mixin.py:120} INFO - [2024-09-25T11:37:29.468+0000] {dagbag.py:537} INFO - Filling up the DagBag from /home/airflow/.local/lib/python3.7/site-packages/airflow/example_dags/example_task_group_decorator.py
[2024-09-25T11:37:29.524+0000] {processor.py:766} INFO - DAG(s) dict_keys(['example_task_group_decorator']) retrieved from /home/airflow/.local/lib/python3.7/site-packages/airflow/example_dags/example_task_group_decorator.py
[2024-09-25T11:37:31.218+0000] {logging_mixin.py:120} INFO - [2024-09-25T11:37:31.217+0000] {dag.py:2585} INFO - Sync 1 DAGs
[2024-09-25T11:37:31.332+0000] {logging_mixin.py:120} INFO - [2024-09-25T11:37:31.332+0000] {dag.py:3340} INFO - Setting next_dagrun for example_task_group_decorator to 2024-09-24T11:37:31.331949+00:00, run_after=2024-09-25T11:37:31.331949+00:00
[2024-09-25T11:37:31.386+0000] {processor.py:176} INFO - Processing /home/airflow/.local/lib/python3.7/site-packages/airflow/example_dags/example_task_group_decorator.py took 1.930 seconds
[2024-09-25T12:39:52.312+0000] {processor.py:154} INFO - Started process (PID=20604) to work on /home/airflow/.local/lib/python3.7/site-packages/airflow/example_dags/example_task_group_decorator.py
[2024-09-25T12:39:52.316+0000] {processor.py:756} INFO - Processing file /home/airflow/.local/lib/python3.7/site-packages/airflow/example_dags/example_task_group_decorator.py for tasks to queue
[2024-09-25T12:39:52.319+0000] {logging_mixin.py:120} INFO - [2024-09-25T12:39:52.318+0000] {dagbag.py:537} INFO - Filling up the DagBag from /home/airflow/.local/lib/python3.7/site-packages/airflow/example_dags/example_task_group_decorator.py
[2024-09-25T12:39:52.390+0000] {processor.py:766} INFO - DAG(s) dict_keys(['example_task_group_decorator']) retrieved from /home/airflow/.local/lib/python3.7/site-packages/airflow/example_dags/example_task_group_decorator.py
[2024-09-25T12:39:52.490+0000] {logging_mixin.py:120} INFO - [2024-09-25T12:39:52.490+0000] {dag.py:2585} INFO - Sync 1 DAGs
[2024-09-25T12:39:52.556+0000] {logging_mixin.py:120} INFO - [2024-09-25T12:39:52.555+0000] {dag.py:3340} INFO - Setting next_dagrun for example_task_group_decorator to 2024-09-24T12:39:52.555177+00:00, run_after=2024-09-25T12:39:52.555177+00:00
[2024-09-25T12:39:52.596+0000] {processor.py:176} INFO - Processing /home/airflow/.local/lib/python3.7/site-packages/airflow/example_dags/example_task_group_decorator.py took 0.291 seconds
[2024-09-25T12:40:23.325+0000] {processor.py:154} INFO - Started process (PID=20667) to work on /home/airflow/.local/lib/python3.7/site-packages/airflow/example_dags/example_task_group_decorator.py
[2024-09-25T12:40:23.328+0000] {processor.py:756} INFO - Processing file /home/airflow/.local/lib/python3.7/site-packages/airflow/example_dags/example_task_group_decorator.py for tasks to queue
[2024-09-25T12:40:23.328+0000] {logging_mixin.py:120} INFO - [2024-09-25T12:40:23.328+0000] {dagbag.py:537} INFO - Filling up the DagBag from /home/airflow/.local/lib/python3.7/site-packages/airflow/example_dags/example_task_group_decorator.py
[2024-09-25T12:40:23.363+0000] {processor.py:766} INFO - DAG(s) dict_keys(['example_task_group_decorator']) retrieved from /home/airflow/.local/lib/python3.7/site-packages/airflow/example_dags/example_task_group_decorator.py
[2024-09-25T12:40:23.420+0000] {logging_mixin.py:120} INFO - [2024-09-25T12:40:23.420+0000] {dag.py:2585} INFO - Sync 1 DAGs
[2024-09-25T12:40:23.453+0000] {logging_mixin.py:120} INFO - [2024-09-25T12:40:23.452+0000] {dag.py:3340} INFO - Setting next_dagrun for example_task_group_decorator to 2024-09-24T12:40:23.452617+00:00, run_after=2024-09-25T12:40:23.452617+00:00
[2024-09-25T12:40:23.478+0000] {processor.py:176} INFO - Processing /home/airflow/.local/lib/python3.7/site-packages/airflow/example_dags/example_task_group_decorator.py took 0.157 seconds
[2024-09-25T12:40:54.080+0000] {processor.py:154} INFO - Started process (PID=20721) to work on /home/airflow/.local/lib/python3.7/site-packages/airflow/example_dags/example_task_group_decorator.py
[2024-09-25T12:40:54.082+0000] {processor.py:756} INFO - Processing file /home/airflow/.local/lib/python3.7/site-packages/airflow/example_dags/example_task_group_decorator.py for tasks to queue
[2024-09-25T12:40:54.084+0000] {logging_mixin.py:120} INFO - [2024-09-25T12:40:54.083+0000] {dagbag.py:537} INFO - Filling up the DagBag from /home/airflow/.local/lib/python3.7/site-packages/airflow/example_dags/example_task_group_decorator.py
[2024-09-25T12:40:54.117+0000] {processor.py:766} INFO - DAG(s) dict_keys(['example_task_group_decorator']) retrieved from /home/airflow/.local/lib/python3.7/site-packages/airflow/example_dags/example_task_group_decorator.py
[2024-09-25T12:40:54.174+0000] {logging_mixin.py:120} INFO - [2024-09-25T12:40:54.174+0000] {dag.py:2585} INFO - Sync 1 DAGs
[2024-09-25T12:40:54.205+0000] {logging_mixin.py:120} INFO - [2024-09-25T12:40:54.205+0000] {dag.py:3340} INFO - Setting next_dagrun for example_task_group_decorator to 2024-09-24T12:40:54.205219+00:00, run_after=2024-09-25T12:40:54.205219+00:00
[2024-09-25T12:40:54.229+0000] {processor.py:176} INFO - Processing /home/airflow/.local/lib/python3.7/site-packages/airflow/example_dags/example_task_group_decorator.py took 0.153 seconds
[2024-09-25T12:41:24.719+0000] {processor.py:154} INFO - Started process (PID=20784) to work on /home/airflow/.local/lib/python3.7/site-packages/airflow/example_dags/example_task_group_decorator.py
[2024-09-25T12:41:24.720+0000] {processor.py:756} INFO - Processing file /home/airflow/.local/lib/python3.7/site-packages/airflow/example_dags/example_task_group_decorator.py for tasks to queue
[2024-09-25T12:41:24.721+0000] {logging_mixin.py:120} INFO - [2024-09-25T12:41:24.721+0000] {dagbag.py:537} INFO - Filling up the DagBag from /home/airflow/.local/lib/python3.7/site-packages/airflow/example_dags/example_task_group_decorator.py
[2024-09-25T12:41:24.756+0000] {processor.py:766} INFO - DAG(s) dict_keys(['example_task_group_decorator']) retrieved from /home/airflow/.local/lib/python3.7/site-packages/airflow/example_dags/example_task_group_decorator.py
[2024-09-25T12:41:24.811+0000] {logging_mixin.py:120} INFO - [2024-09-25T12:41:24.811+0000] {dag.py:2585} INFO - Sync 1 DAGs
[2024-09-25T12:41:24.845+0000] {logging_mixin.py:120} INFO - [2024-09-25T12:41:24.845+0000] {dag.py:3340} INFO - Setting next_dagrun for example_task_group_decorator to 2024-09-24T12:41:24.844857+00:00, run_after=2024-09-25T12:41:24.844857+00:00
[2024-09-25T12:41:24.870+0000] {processor.py:176} INFO - Processing /home/airflow/.local/lib/python3.7/site-packages/airflow/example_dags/example_task_group_decorator.py took 0.156 seconds
[2024-09-25T12:41:54.936+0000] {processor.py:154} INFO - Started process (PID=20846) to work on /home/airflow/.local/lib/python3.7/site-packages/airflow/example_dags/example_task_group_decorator.py
[2024-09-25T12:41:54.939+0000] {processor.py:756} INFO - Processing file /home/airflow/.local/lib/python3.7/site-packages/airflow/example_dags/example_task_group_decorator.py for tasks to queue
[2024-09-25T12:41:54.940+0000] {logging_mixin.py:120} INFO - [2024-09-25T12:41:54.940+0000] {dagbag.py:537} INFO - Filling up the DagBag from /home/airflow/.local/lib/python3.7/site-packages/airflow/example_dags/example_task_group_decorator.py
[2024-09-25T12:41:54.976+0000] {processor.py:766} INFO - DAG(s) dict_keys(['example_task_group_decorator']) retrieved from /home/airflow/.local/lib/python3.7/site-packages/airflow/example_dags/example_task_group_decorator.py
[2024-09-25T12:41:55.033+0000] {logging_mixin.py:120} INFO - [2024-09-25T12:41:55.033+0000] {dag.py:2585} INFO - Sync 1 DAGs
[2024-09-25T12:41:55.070+0000] {logging_mixin.py:120} INFO - [2024-09-25T12:41:55.069+0000] {dag.py:3340} INFO - Setting next_dagrun for example_task_group_decorator to 2024-09-24T12:41:55.069455+00:00, run_after=2024-09-25T12:41:55.069455+00:00
[2024-09-25T12:41:55.097+0000] {processor.py:176} INFO - Processing /home/airflow/.local/lib/python3.7/site-packages/airflow/example_dags/example_task_group_decorator.py took 0.165 seconds
[2024-09-25T12:42:25.377+0000] {processor.py:154} INFO - Started process (PID=20909) to work on /home/airflow/.local/lib/python3.7/site-packages/airflow/example_dags/example_task_group_decorator.py
[2024-09-25T12:42:25.379+0000] {processor.py:756} INFO - Processing file /home/airflow/.local/lib/python3.7/site-packages/airflow/example_dags/example_task_group_decorator.py for tasks to queue
[2024-09-25T12:42:25.380+0000] {logging_mixin.py:120} INFO - [2024-09-25T12:42:25.380+0000] {dagbag.py:537} INFO - Filling up the DagBag from /home/airflow/.local/lib/python3.7/site-packages/airflow/example_dags/example_task_group_decorator.py
[2024-09-25T12:42:25.415+0000] {processor.py:766} INFO - DAG(s) dict_keys(['example_task_group_decorator']) retrieved from /home/airflow/.local/lib/python3.7/site-packages/airflow/example_dags/example_task_group_decorator.py
[2024-09-25T12:42:25.466+0000] {logging_mixin.py:120} INFO - [2024-09-25T12:42:25.466+0000] {dag.py:2585} INFO - Sync 1 DAGs
[2024-09-25T12:42:25.497+0000] {logging_mixin.py:120} INFO - [2024-09-25T12:42:25.497+0000] {dag.py:3340} INFO - Setting next_dagrun for example_task_group_decorator to 2024-09-24T12:42:25.497458+00:00, run_after=2024-09-25T12:42:25.497458+00:00
[2024-09-25T12:42:25.522+0000] {processor.py:176} INFO - Processing /home/airflow/.local/lib/python3.7/site-packages/airflow/example_dags/example_task_group_decorator.py took 0.148 seconds
[2024-09-25T12:42:55.773+0000] {processor.py:154} INFO - Started process (PID=20963) to work on /home/airflow/.local/lib/python3.7/site-packages/airflow/example_dags/example_task_group_decorator.py
[2024-09-25T12:42:55.778+0000] {processor.py:756} INFO - Processing file /home/airflow/.local/lib/python3.7/site-packages/airflow/example_dags/example_task_group_decorator.py for tasks to queue
[2024-09-25T12:42:55.779+0000] {logging_mixin.py:120} INFO - [2024-09-25T12:42:55.779+0000] {dagbag.py:537} INFO - Filling up the DagBag from /home/airflow/.local/lib/python3.7/site-packages/airflow/example_dags/example_task_group_decorator.py
[2024-09-25T12:42:55.826+0000] {processor.py:766} INFO - DAG(s) dict_keys(['example_task_group_decorator']) retrieved from /home/airflow/.local/lib/python3.7/site-packages/airflow/example_dags/example_task_group_decorator.py
[2024-09-25T12:42:55.907+0000] {logging_mixin.py:120} INFO - [2024-09-25T12:42:55.907+0000] {dag.py:2585} INFO - Sync 1 DAGs
[2024-09-25T12:42:55.957+0000] {logging_mixin.py:120} INFO - [2024-09-25T12:42:55.957+0000] {dag.py:3340} INFO - Setting next_dagrun for example_task_group_decorator to 2024-09-24T12:42:55.956972+00:00, run_after=2024-09-25T12:42:55.956972+00:00
[2024-09-25T12:42:56.006+0000] {processor.py:176} INFO - Processing /home/airflow/.local/lib/python3.7/site-packages/airflow/example_dags/example_task_group_decorator.py took 0.238 seconds
[2024-09-25T12:43:26.666+0000] {processor.py:154} INFO - Started process (PID=21026) to work on /home/airflow/.local/lib/python3.7/site-packages/airflow/example_dags/example_task_group_decorator.py
[2024-09-25T12:43:26.667+0000] {processor.py:756} INFO - Processing file /home/airflow/.local/lib/python3.7/site-packages/airflow/example_dags/example_task_group_decorator.py for tasks to queue
[2024-09-25T12:43:26.668+0000] {logging_mixin.py:120} INFO - [2024-09-25T12:43:26.668+0000] {dagbag.py:537} INFO - Filling up the DagBag from /home/airflow/.local/lib/python3.7/site-packages/airflow/example_dags/example_task_group_decorator.py
[2024-09-25T12:43:26.702+0000] {processor.py:766} INFO - DAG(s) dict_keys(['example_task_group_decorator']) retrieved from /home/airflow/.local/lib/python3.7/site-packages/airflow/example_dags/example_task_group_decorator.py
[2024-09-25T12:43:26.756+0000] {logging_mixin.py:120} INFO - [2024-09-25T12:43:26.756+0000] {dag.py:2585} INFO - Sync 1 DAGs
[2024-09-25T12:43:26.787+0000] {logging_mixin.py:120} INFO - [2024-09-25T12:43:26.786+0000] {dag.py:3340} INFO - Setting next_dagrun for example_task_group_decorator to 2024-09-24T12:43:26.786611+00:00, run_after=2024-09-25T12:43:26.786611+00:00
[2024-09-25T12:43:26.812+0000] {processor.py:176} INFO - Processing /home/airflow/.local/lib/python3.7/site-packages/airflow/example_dags/example_task_group_decorator.py took 0.151 seconds
[2024-09-25T12:43:56.913+0000] {processor.py:154} INFO - Started process (PID=21089) to work on /home/airflow/.local/lib/python3.7/site-packages/airflow/example_dags/example_task_group_decorator.py
[2024-09-25T12:43:56.915+0000] {processor.py:756} INFO - Processing file /home/airflow/.local/lib/python3.7/site-packages/airflow/example_dags/example_task_group_decorator.py for tasks to queue
[2024-09-25T12:43:56.917+0000] {logging_mixin.py:120} INFO - [2024-09-25T12:43:56.916+0000] {dagbag.py:537} INFO - Filling up the DagBag from /home/airflow/.local/lib/python3.7/site-packages/airflow/example_dags/example_task_group_decorator.py
[2024-09-25T12:43:56.959+0000] {processor.py:766} INFO - DAG(s) dict_keys(['example_task_group_decorator']) retrieved from /home/airflow/.local/lib/python3.7/site-packages/airflow/example_dags/example_task_group_decorator.py
[2024-09-25T12:43:57.016+0000] {logging_mixin.py:120} INFO - [2024-09-25T12:43:57.016+0000] {dag.py:2585} INFO - Sync 1 DAGs
[2024-09-25T12:43:57.049+0000] {logging_mixin.py:120} INFO - [2024-09-25T12:43:57.049+0000] {dag.py:3340} INFO - Setting next_dagrun for example_task_group_decorator to 2024-09-24T12:43:57.049289+00:00, run_after=2024-09-25T12:43:57.049289+00:00
[2024-09-25T12:43:57.078+0000] {processor.py:176} INFO - Processing /home/airflow/.local/lib/python3.7/site-packages/airflow/example_dags/example_task_group_decorator.py took 0.172 seconds
[2024-09-25T12:44:27.784+0000] {processor.py:154} INFO - Started process (PID=21143) to work on /home/airflow/.local/lib/python3.7/site-packages/airflow/example_dags/example_task_group_decorator.py
[2024-09-25T12:44:27.786+0000] {processor.py:756} INFO - Processing file /home/airflow/.local/lib/python3.7/site-packages/airflow/example_dags/example_task_group_decorator.py for tasks to queue
[2024-09-25T12:44:27.787+0000] {logging_mixin.py:120} INFO - [2024-09-25T12:44:27.787+0000] {dagbag.py:537} INFO - Filling up the DagBag from /home/airflow/.local/lib/python3.7/site-packages/airflow/example_dags/example_task_group_decorator.py
[2024-09-25T12:44:27.824+0000] {processor.py:766} INFO - DAG(s) dict_keys(['example_task_group_decorator']) retrieved from /home/airflow/.local/lib/python3.7/site-packages/airflow/example_dags/example_task_group_decorator.py
[2024-09-25T12:44:27.874+0000] {logging_mixin.py:120} INFO - [2024-09-25T12:44:27.874+0000] {dag.py:2585} INFO - Sync 1 DAGs
[2024-09-25T12:44:27.906+0000] {logging_mixin.py:120} INFO - [2024-09-25T12:44:27.906+0000] {dag.py:3340} INFO - Setting next_dagrun for example_task_group_decorator to 2024-09-24T12:44:27.906187+00:00, run_after=2024-09-25T12:44:27.906187+00:00
[2024-09-25T12:44:27.929+0000] {processor.py:176} INFO - Processing /home/airflow/.local/lib/python3.7/site-packages/airflow/example_dags/example_task_group_decorator.py took 0.149 seconds
[2024-09-25T12:44:58.037+0000] {processor.py:154} INFO - Started process (PID=21207) to work on /home/airflow/.local/lib/python3.7/site-packages/airflow/example_dags/example_task_group_decorator.py
[2024-09-25T12:44:58.039+0000] {processor.py:756} INFO - Processing file /home/airflow/.local/lib/python3.7/site-packages/airflow/example_dags/example_task_group_decorator.py for tasks to queue
[2024-09-25T12:44:58.040+0000] {logging_mixin.py:120} INFO - [2024-09-25T12:44:58.040+0000] {dagbag.py:537} INFO - Filling up the DagBag from /home/airflow/.local/lib/python3.7/site-packages/airflow/example_dags/example_task_group_decorator.py
[2024-09-25T12:44:58.077+0000] {processor.py:766} INFO - DAG(s) dict_keys(['example_task_group_decorator']) retrieved from /home/airflow/.local/lib/python3.7/site-packages/airflow/example_dags/example_task_group_decorator.py
[2024-09-25T12:44:58.128+0000] {logging_mixin.py:120} INFO - [2024-09-25T12:44:58.128+0000] {dag.py:2585} INFO - Sync 1 DAGs
[2024-09-25T12:44:58.159+0000] {logging_mixin.py:120} INFO - [2024-09-25T12:44:58.158+0000] {dag.py:3340} INFO - Setting next_dagrun for example_task_group_decorator to 2024-09-24T12:44:58.158693+00:00, run_after=2024-09-25T12:44:58.158693+00:00
[2024-09-25T12:44:58.185+0000] {processor.py:176} INFO - Processing /home/airflow/.local/lib/python3.7/site-packages/airflow/example_dags/example_task_group_decorator.py took 0.153 seconds
[2024-09-25T12:45:28.364+0000] {processor.py:154} INFO - Started process (PID=21270) to work on /home/airflow/.local/lib/python3.7/site-packages/airflow/example_dags/example_task_group_decorator.py
[2024-09-25T12:45:28.368+0000] {processor.py:756} INFO - Processing file /home/airflow/.local/lib/python3.7/site-packages/airflow/example_dags/example_task_group_decorator.py for tasks to queue
[2024-09-25T12:45:28.369+0000] {logging_mixin.py:120} INFO - [2024-09-25T12:45:28.369+0000] {dagbag.py:537} INFO - Filling up the DagBag from /home/airflow/.local/lib/python3.7/site-packages/airflow/example_dags/example_task_group_decorator.py
[2024-09-25T12:45:28.410+0000] {processor.py:766} INFO - DAG(s) dict_keys(['example_task_group_decorator']) retrieved from /home/airflow/.local/lib/python3.7/site-packages/airflow/example_dags/example_task_group_decorator.py
[2024-09-25T12:45:28.466+0000] {logging_mixin.py:120} INFO - [2024-09-25T12:45:28.465+0000] {dag.py:2585} INFO - Sync 1 DAGs
[2024-09-25T12:45:28.497+0000] {logging_mixin.py:120} INFO - [2024-09-25T12:45:28.497+0000] {dag.py:3340} INFO - Setting next_dagrun for example_task_group_decorator to 2024-09-24T12:45:28.497061+00:00, run_after=2024-09-25T12:45:28.497061+00:00
[2024-09-25T12:45:28.521+0000] {processor.py:176} INFO - Processing /home/airflow/.local/lib/python3.7/site-packages/airflow/example_dags/example_task_group_decorator.py took 0.161 seconds
[2024-09-25T12:45:58.557+0000] {processor.py:154} INFO - Started process (PID=21324) to work on /home/airflow/.local/lib/python3.7/site-packages/airflow/example_dags/example_task_group_decorator.py
[2024-09-25T12:45:58.559+0000] {processor.py:756} INFO - Processing file /home/airflow/.local/lib/python3.7/site-packages/airflow/example_dags/example_task_group_decorator.py for tasks to queue
[2024-09-25T12:45:58.560+0000] {logging_mixin.py:120} INFO - [2024-09-25T12:45:58.559+0000] {dagbag.py:537} INFO - Filling up the DagBag from /home/airflow/.local/lib/python3.7/site-packages/airflow/example_dags/example_task_group_decorator.py
[2024-09-25T12:45:58.594+0000] {processor.py:766} INFO - DAG(s) dict_keys(['example_task_group_decorator']) retrieved from /home/airflow/.local/lib/python3.7/site-packages/airflow/example_dags/example_task_group_decorator.py
[2024-09-25T12:45:58.646+0000] {logging_mixin.py:120} INFO - [2024-09-25T12:45:58.645+0000] {dag.py:2585} INFO - Sync 1 DAGs
[2024-09-25T12:45:58.676+0000] {logging_mixin.py:120} INFO - [2024-09-25T12:45:58.676+0000] {dag.py:3340} INFO - Setting next_dagrun for example_task_group_decorator to 2024-09-24T12:45:58.676272+00:00, run_after=2024-09-25T12:45:58.676272+00:00
[2024-09-25T12:45:58.701+0000] {processor.py:176} INFO - Processing /home/airflow/.local/lib/python3.7/site-packages/airflow/example_dags/example_task_group_decorator.py took 0.149 seconds
[2024-09-25T12:46:29.002+0000] {processor.py:154} INFO - Started process (PID=21387) to work on /home/airflow/.local/lib/python3.7/site-packages/airflow/example_dags/example_task_group_decorator.py
[2024-09-25T12:46:29.004+0000] {processor.py:756} INFO - Processing file /home/airflow/.local/lib/python3.7/site-packages/airflow/example_dags/example_task_group_decorator.py for tasks to queue
[2024-09-25T12:46:29.005+0000] {logging_mixin.py:120} INFO - [2024-09-25T12:46:29.005+0000] {dagbag.py:537} INFO - Filling up the DagBag from /home/airflow/.local/lib/python3.7/site-packages/airflow/example_dags/example_task_group_decorator.py
[2024-09-25T12:46:29.040+0000] {processor.py:766} INFO - DAG(s) dict_keys(['example_task_group_decorator']) retrieved from /home/airflow/.local/lib/python3.7/site-packages/airflow/example_dags/example_task_group_decorator.py
[2024-09-25T12:46:29.090+0000] {logging_mixin.py:120} INFO - [2024-09-25T12:46:29.090+0000] {dag.py:2585} INFO - Sync 1 DAGs
[2024-09-25T12:46:29.122+0000] {logging_mixin.py:120} INFO - [2024-09-25T12:46:29.121+0000] {dag.py:3340} INFO - Setting next_dagrun for example_task_group_decorator to 2024-09-24T12:46:29.121549+00:00, run_after=2024-09-25T12:46:29.121549+00:00
[2024-09-25T12:46:29.144+0000] {processor.py:176} INFO - Processing /home/airflow/.local/lib/python3.7/site-packages/airflow/example_dags/example_task_group_decorator.py took 0.146 seconds
[2024-09-25T12:47:00.341+0000] {processor.py:154} INFO - Started process (PID=21449) to work on /home/airflow/.local/lib/python3.7/site-packages/airflow/example_dags/example_task_group_decorator.py
[2024-09-25T12:47:00.343+0000] {processor.py:756} INFO - Processing file /home/airflow/.local/lib/python3.7/site-packages/airflow/example_dags/example_task_group_decorator.py for tasks to queue
[2024-09-25T12:47:00.344+0000] {logging_mixin.py:120} INFO - [2024-09-25T12:47:00.344+0000] {dagbag.py:537} INFO - Filling up the DagBag from /home/airflow/.local/lib/python3.7/site-packages/airflow/example_dags/example_task_group_decorator.py
[2024-09-25T12:47:00.391+0000] {processor.py:766} INFO - DAG(s) dict_keys(['example_task_group_decorator']) retrieved from /home/airflow/.local/lib/python3.7/site-packages/airflow/example_dags/example_task_group_decorator.py
[2024-09-25T12:47:00.457+0000] {logging_mixin.py:120} INFO - [2024-09-25T12:47:00.457+0000] {dag.py:2585} INFO - Sync 1 DAGs
[2024-09-25T12:47:00.489+0000] {logging_mixin.py:120} INFO - [2024-09-25T12:47:00.489+0000] {dag.py:3340} INFO - Setting next_dagrun for example_task_group_decorator to 2024-09-24T12:47:00.489207+00:00, run_after=2024-09-25T12:47:00.489207+00:00
[2024-09-25T12:47:00.512+0000] {processor.py:176} INFO - Processing /home/airflow/.local/lib/python3.7/site-packages/airflow/example_dags/example_task_group_decorator.py took 0.176 seconds
[2024-09-25T12:47:31.385+0000] {processor.py:154} INFO - Started process (PID=21512) to work on /home/airflow/.local/lib/python3.7/site-packages/airflow/example_dags/example_task_group_decorator.py
[2024-09-25T12:47:31.388+0000] {processor.py:756} INFO - Processing file /home/airflow/.local/lib/python3.7/site-packages/airflow/example_dags/example_task_group_decorator.py for tasks to queue
[2024-09-25T12:47:31.391+0000] {logging_mixin.py:120} INFO - [2024-09-25T12:47:31.390+0000] {dagbag.py:537} INFO - Filling up the DagBag from /home/airflow/.local/lib/python3.7/site-packages/airflow/example_dags/example_task_group_decorator.py
[2024-09-25T12:47:31.431+0000] {processor.py:766} INFO - DAG(s) dict_keys(['example_task_group_decorator']) retrieved from /home/airflow/.local/lib/python3.7/site-packages/airflow/example_dags/example_task_group_decorator.py
[2024-09-25T12:47:31.479+0000] {logging_mixin.py:120} INFO - [2024-09-25T12:47:31.479+0000] {dag.py:2585} INFO - Sync 1 DAGs
[2024-09-25T12:47:31.504+0000] {logging_mixin.py:120} INFO - [2024-09-25T12:47:31.504+0000] {dag.py:3340} INFO - Setting next_dagrun for example_task_group_decorator to 2024-09-24T12:47:31.504343+00:00, run_after=2024-09-25T12:47:31.504343+00:00
[2024-09-25T12:47:31.526+0000] {processor.py:176} INFO - Processing /home/airflow/.local/lib/python3.7/site-packages/airflow/example_dags/example_task_group_decorator.py took 0.150 seconds
[2024-09-25T12:48:01.661+0000] {processor.py:154} INFO - Started process (PID=21566) to work on /home/airflow/.local/lib/python3.7/site-packages/airflow/example_dags/example_task_group_decorator.py
[2024-09-25T12:48:01.663+0000] {processor.py:756} INFO - Processing file /home/airflow/.local/lib/python3.7/site-packages/airflow/example_dags/example_task_group_decorator.py for tasks to queue
[2024-09-25T12:48:01.664+0000] {logging_mixin.py:120} INFO - [2024-09-25T12:48:01.663+0000] {dagbag.py:537} INFO - Filling up the DagBag from /home/airflow/.local/lib/python3.7/site-packages/airflow/example_dags/example_task_group_decorator.py
[2024-09-25T12:48:01.701+0000] {processor.py:766} INFO - DAG(s) dict_keys(['example_task_group_decorator']) retrieved from /home/airflow/.local/lib/python3.7/site-packages/airflow/example_dags/example_task_group_decorator.py
[2024-09-25T12:48:01.752+0000] {logging_mixin.py:120} INFO - [2024-09-25T12:48:01.752+0000] {dag.py:2585} INFO - Sync 1 DAGs
[2024-09-25T12:48:01.782+0000] {logging_mixin.py:120} INFO - [2024-09-25T12:48:01.782+0000] {dag.py:3340} INFO - Setting next_dagrun for example_task_group_decorator to 2024-09-24T12:48:01.781992+00:00, run_after=2024-09-25T12:48:01.781992+00:00
[2024-09-25T12:48:01.805+0000] {processor.py:176} INFO - Processing /home/airflow/.local/lib/python3.7/site-packages/airflow/example_dags/example_task_group_decorator.py took 0.148 seconds
[2024-09-25T12:48:32.088+0000] {processor.py:154} INFO - Started process (PID=21628) to work on /home/airflow/.local/lib/python3.7/site-packages/airflow/example_dags/example_task_group_decorator.py
[2024-09-25T12:48:32.090+0000] {processor.py:756} INFO - Processing file /home/airflow/.local/lib/python3.7/site-packages/airflow/example_dags/example_task_group_decorator.py for tasks to queue
[2024-09-25T12:48:32.091+0000] {logging_mixin.py:120} INFO - [2024-09-25T12:48:32.091+0000] {dagbag.py:537} INFO - Filling up the DagBag from /home/airflow/.local/lib/python3.7/site-packages/airflow/example_dags/example_task_group_decorator.py
[2024-09-25T12:48:32.132+0000] {processor.py:766} INFO - DAG(s) dict_keys(['example_task_group_decorator']) retrieved from /home/airflow/.local/lib/python3.7/site-packages/airflow/example_dags/example_task_group_decorator.py
[2024-09-25T12:48:32.183+0000] {logging_mixin.py:120} INFO - [2024-09-25T12:48:32.183+0000] {dag.py:2585} INFO - Sync 1 DAGs
[2024-09-25T12:48:32.214+0000] {logging_mixin.py:120} INFO - [2024-09-25T12:48:32.213+0000] {dag.py:3340} INFO - Setting next_dagrun for example_task_group_decorator to 2024-09-24T12:48:32.213636+00:00, run_after=2024-09-25T12:48:32.213636+00:00
[2024-09-25T12:48:32.237+0000] {processor.py:176} INFO - Processing /home/airflow/.local/lib/python3.7/site-packages/airflow/example_dags/example_task_group_decorator.py took 0.154 seconds
[2024-09-25T12:49:02.347+0000] {processor.py:154} INFO - Started process (PID=21691) to work on /home/airflow/.local/lib/python3.7/site-packages/airflow/example_dags/example_task_group_decorator.py
[2024-09-25T12:49:02.349+0000] {processor.py:756} INFO - Processing file /home/airflow/.local/lib/python3.7/site-packages/airflow/example_dags/example_task_group_decorator.py for tasks to queue
[2024-09-25T12:49:02.350+0000] {logging_mixin.py:120} INFO - [2024-09-25T12:49:02.350+0000] {dagbag.py:537} INFO - Filling up the DagBag from /home/airflow/.local/lib/python3.7/site-packages/airflow/example_dags/example_task_group_decorator.py
[2024-09-25T12:49:02.388+0000] {processor.py:766} INFO - DAG(s) dict_keys(['example_task_group_decorator']) retrieved from /home/airflow/.local/lib/python3.7/site-packages/airflow/example_dags/example_task_group_decorator.py
[2024-09-25T12:49:02.443+0000] {logging_mixin.py:120} INFO - [2024-09-25T12:49:02.443+0000] {dag.py:2585} INFO - Sync 1 DAGs
[2024-09-25T12:49:02.474+0000] {logging_mixin.py:120} INFO - [2024-09-25T12:49:02.474+0000] {dag.py:3340} INFO - Setting next_dagrun for example_task_group_decorator to 2024-09-24T12:49:02.473955+00:00, run_after=2024-09-25T12:49:02.473955+00:00
[2024-09-25T12:49:02.496+0000] {processor.py:176} INFO - Processing /home/airflow/.local/lib/python3.7/site-packages/airflow/example_dags/example_task_group_decorator.py took 0.154 seconds
[2024-09-25T12:49:32.612+0000] {processor.py:154} INFO - Started process (PID=21754) to work on /home/airflow/.local/lib/python3.7/site-packages/airflow/example_dags/example_task_group_decorator.py
[2024-09-25T12:49:32.614+0000] {processor.py:756} INFO - Processing file /home/airflow/.local/lib/python3.7/site-packages/airflow/example_dags/example_task_group_decorator.py for tasks to queue
[2024-09-25T12:49:32.615+0000] {logging_mixin.py:120} INFO - [2024-09-25T12:49:32.615+0000] {dagbag.py:537} INFO - Filling up the DagBag from /home/airflow/.local/lib/python3.7/site-packages/airflow/example_dags/example_task_group_decorator.py
[2024-09-25T12:49:32.649+0000] {processor.py:766} INFO - DAG(s) dict_keys(['example_task_group_decorator']) retrieved from /home/airflow/.local/lib/python3.7/site-packages/airflow/example_dags/example_task_group_decorator.py
[2024-09-25T12:49:32.703+0000] {logging_mixin.py:120} INFO - [2024-09-25T12:49:32.702+0000] {dag.py:2585} INFO - Sync 1 DAGs
[2024-09-25T12:49:32.731+0000] {logging_mixin.py:120} INFO - [2024-09-25T12:49:32.731+0000] {dag.py:3340} INFO - Setting next_dagrun for example_task_group_decorator to 2024-09-24T12:49:32.731400+00:00, run_after=2024-09-25T12:49:32.731400+00:00
[2024-09-25T12:49:32.755+0000] {processor.py:176} INFO - Processing /home/airflow/.local/lib/python3.7/site-packages/airflow/example_dags/example_task_group_decorator.py took 0.146 seconds
[2024-09-25T12:50:03.082+0000] {processor.py:154} INFO - Started process (PID=21808) to work on /home/airflow/.local/lib/python3.7/site-packages/airflow/example_dags/example_task_group_decorator.py
[2024-09-25T12:50:03.084+0000] {processor.py:756} INFO - Processing file /home/airflow/.local/lib/python3.7/site-packages/airflow/example_dags/example_task_group_decorator.py for tasks to queue
[2024-09-25T12:50:03.087+0000] {logging_mixin.py:120} INFO - [2024-09-25T12:50:03.087+0000] {dagbag.py:537} INFO - Filling up the DagBag from /home/airflow/.local/lib/python3.7/site-packages/airflow/example_dags/example_task_group_decorator.py
[2024-09-25T12:50:03.121+0000] {processor.py:766} INFO - DAG(s) dict_keys(['example_task_group_decorator']) retrieved from /home/airflow/.local/lib/python3.7/site-packages/airflow/example_dags/example_task_group_decorator.py
[2024-09-25T12:50:03.172+0000] {logging_mixin.py:120} INFO - [2024-09-25T12:50:03.172+0000] {dag.py:2585} INFO - Sync 1 DAGs
[2024-09-25T12:50:03.202+0000] {logging_mixin.py:120} INFO - [2024-09-25T12:50:03.202+0000] {dag.py:3340} INFO - Setting next_dagrun for example_task_group_decorator to 2024-09-24T12:50:03.202213+00:00, run_after=2024-09-25T12:50:03.202213+00:00
[2024-09-25T12:50:03.224+0000] {processor.py:176} INFO - Processing /home/airflow/.local/lib/python3.7/site-packages/airflow/example_dags/example_task_group_decorator.py took 0.147 seconds
[2024-09-25T12:50:33.517+0000] {processor.py:154} INFO - Started process (PID=21870) to work on /home/airflow/.local/lib/python3.7/site-packages/airflow/example_dags/example_task_group_decorator.py
[2024-09-25T12:50:33.519+0000] {processor.py:756} INFO - Processing file /home/airflow/.local/lib/python3.7/site-packages/airflow/example_dags/example_task_group_decorator.py for tasks to queue
[2024-09-25T12:50:33.522+0000] {logging_mixin.py:120} INFO - [2024-09-25T12:50:33.522+0000] {dagbag.py:537} INFO - Filling up the DagBag from /home/airflow/.local/lib/python3.7/site-packages/airflow/example_dags/example_task_group_decorator.py
[2024-09-25T12:50:33.561+0000] {processor.py:766} INFO - DAG(s) dict_keys(['example_task_group_decorator']) retrieved from /home/airflow/.local/lib/python3.7/site-packages/airflow/example_dags/example_task_group_decorator.py
[2024-09-25T12:50:33.611+0000] {logging_mixin.py:120} INFO - [2024-09-25T12:50:33.611+0000] {dag.py:2585} INFO - Sync 1 DAGs
[2024-09-25T12:50:33.642+0000] {logging_mixin.py:120} INFO - [2024-09-25T12:50:33.642+0000] {dag.py:3340} INFO - Setting next_dagrun for example_task_group_decorator to 2024-09-24T12:50:33.641829+00:00, run_after=2024-09-25T12:50:33.641829+00:00
[2024-09-25T12:50:33.671+0000] {processor.py:176} INFO - Processing /home/airflow/.local/lib/python3.7/site-packages/airflow/example_dags/example_task_group_decorator.py took 0.157 seconds
[2024-09-25T12:51:03.947+0000] {processor.py:154} INFO - Started process (PID=21933) to work on /home/airflow/.local/lib/python3.7/site-packages/airflow/example_dags/example_task_group_decorator.py
[2024-09-25T12:51:03.949+0000] {processor.py:756} INFO - Processing file /home/airflow/.local/lib/python3.7/site-packages/airflow/example_dags/example_task_group_decorator.py for tasks to queue
[2024-09-25T12:51:03.950+0000] {logging_mixin.py:120} INFO - [2024-09-25T12:51:03.950+0000] {dagbag.py:537} INFO - Filling up the DagBag from /home/airflow/.local/lib/python3.7/site-packages/airflow/example_dags/example_task_group_decorator.py
[2024-09-25T12:51:03.986+0000] {processor.py:766} INFO - DAG(s) dict_keys(['example_task_group_decorator']) retrieved from /home/airflow/.local/lib/python3.7/site-packages/airflow/example_dags/example_task_group_decorator.py
[2024-09-25T12:51:04.037+0000] {logging_mixin.py:120} INFO - [2024-09-25T12:51:04.037+0000] {dag.py:2585} INFO - Sync 1 DAGs
[2024-09-25T12:51:04.069+0000] {logging_mixin.py:120} INFO - [2024-09-25T12:51:04.069+0000] {dag.py:3340} INFO - Setting next_dagrun for example_task_group_decorator to 2024-09-24T12:51:04.068954+00:00, run_after=2024-09-25T12:51:04.068954+00:00
[2024-09-25T12:51:04.092+0000] {processor.py:176} INFO - Processing /home/airflow/.local/lib/python3.7/site-packages/airflow/example_dags/example_task_group_decorator.py took 0.149 seconds
[2024-09-25T12:51:34.126+0000] {processor.py:154} INFO - Started process (PID=21987) to work on /home/airflow/.local/lib/python3.7/site-packages/airflow/example_dags/example_task_group_decorator.py
[2024-09-25T12:51:34.128+0000] {processor.py:756} INFO - Processing file /home/airflow/.local/lib/python3.7/site-packages/airflow/example_dags/example_task_group_decorator.py for tasks to queue
[2024-09-25T12:51:34.129+0000] {logging_mixin.py:120} INFO - [2024-09-25T12:51:34.129+0000] {dagbag.py:537} INFO - Filling up the DagBag from /home/airflow/.local/lib/python3.7/site-packages/airflow/example_dags/example_task_group_decorator.py
[2024-09-25T12:51:34.169+0000] {processor.py:766} INFO - DAG(s) dict_keys(['example_task_group_decorator']) retrieved from /home/airflow/.local/lib/python3.7/site-packages/airflow/example_dags/example_task_group_decorator.py
[2024-09-25T12:51:34.231+0000] {logging_mixin.py:120} INFO - [2024-09-25T12:51:34.231+0000] {dag.py:2585} INFO - Sync 1 DAGs
[2024-09-25T12:51:34.266+0000] {logging_mixin.py:120} INFO - [2024-09-25T12:51:34.266+0000] {dag.py:3340} INFO - Setting next_dagrun for example_task_group_decorator to 2024-09-24T12:51:34.266286+00:00, run_after=2024-09-25T12:51:34.266286+00:00
[2024-09-25T12:51:34.293+0000] {processor.py:176} INFO - Processing /home/airflow/.local/lib/python3.7/site-packages/airflow/example_dags/example_task_group_decorator.py took 0.172 seconds
[2024-09-25T12:52:04.473+0000] {processor.py:154} INFO - Started process (PID=22050) to work on /home/airflow/.local/lib/python3.7/site-packages/airflow/example_dags/example_task_group_decorator.py
[2024-09-25T12:52:04.475+0000] {processor.py:756} INFO - Processing file /home/airflow/.local/lib/python3.7/site-packages/airflow/example_dags/example_task_group_decorator.py for tasks to queue
[2024-09-25T12:52:04.476+0000] {logging_mixin.py:120} INFO - [2024-09-25T12:52:04.475+0000] {dagbag.py:537} INFO - Filling up the DagBag from /home/airflow/.local/lib/python3.7/site-packages/airflow/example_dags/example_task_group_decorator.py
[2024-09-25T12:52:04.512+0000] {processor.py:766} INFO - DAG(s) dict_keys(['example_task_group_decorator']) retrieved from /home/airflow/.local/lib/python3.7/site-packages/airflow/example_dags/example_task_group_decorator.py
[2024-09-25T12:52:04.570+0000] {logging_mixin.py:120} INFO - [2024-09-25T12:52:04.570+0000] {dag.py:2585} INFO - Sync 1 DAGs
[2024-09-25T12:52:04.599+0000] {logging_mixin.py:120} INFO - [2024-09-25T12:52:04.599+0000] {dag.py:3340} INFO - Setting next_dagrun for example_task_group_decorator to 2024-09-24T12:52:04.599388+00:00, run_after=2024-09-25T12:52:04.599388+00:00
[2024-09-25T12:52:04.623+0000] {processor.py:176} INFO - Processing /home/airflow/.local/lib/python3.7/site-packages/airflow/example_dags/example_task_group_decorator.py took 0.155 seconds
[2024-09-25T12:52:34.809+0000] {processor.py:154} INFO - Started process (PID=22113) to work on /home/airflow/.local/lib/python3.7/site-packages/airflow/example_dags/example_task_group_decorator.py
[2024-09-25T12:52:34.811+0000] {processor.py:756} INFO - Processing file /home/airflow/.local/lib/python3.7/site-packages/airflow/example_dags/example_task_group_decorator.py for tasks to queue
[2024-09-25T12:52:34.812+0000] {logging_mixin.py:120} INFO - [2024-09-25T12:52:34.812+0000] {dagbag.py:537} INFO - Filling up the DagBag from /home/airflow/.local/lib/python3.7/site-packages/airflow/example_dags/example_task_group_decorator.py
[2024-09-25T12:52:34.851+0000] {processor.py:766} INFO - DAG(s) dict_keys(['example_task_group_decorator']) retrieved from /home/airflow/.local/lib/python3.7/site-packages/airflow/example_dags/example_task_group_decorator.py
[2024-09-25T12:52:34.902+0000] {logging_mixin.py:120} INFO - [2024-09-25T12:52:34.902+0000] {dag.py:2585} INFO - Sync 1 DAGs
[2024-09-25T12:52:34.932+0000] {logging_mixin.py:120} INFO - [2024-09-25T12:52:34.932+0000] {dag.py:3340} INFO - Setting next_dagrun for example_task_group_decorator to 2024-09-24T12:52:34.932409+00:00, run_after=2024-09-25T12:52:34.932409+00:00
[2024-09-25T12:52:34.955+0000] {processor.py:176} INFO - Processing /home/airflow/.local/lib/python3.7/site-packages/airflow/example_dags/example_task_group_decorator.py took 0.150 seconds
[2024-09-25T12:53:05.106+0000] {processor.py:154} INFO - Started process (PID=22175) to work on /home/airflow/.local/lib/python3.7/site-packages/airflow/example_dags/example_task_group_decorator.py
[2024-09-25T12:53:05.108+0000] {processor.py:756} INFO - Processing file /home/airflow/.local/lib/python3.7/site-packages/airflow/example_dags/example_task_group_decorator.py for tasks to queue
[2024-09-25T12:53:05.109+0000] {logging_mixin.py:120} INFO - [2024-09-25T12:53:05.109+0000] {dagbag.py:537} INFO - Filling up the DagBag from /home/airflow/.local/lib/python3.7/site-packages/airflow/example_dags/example_task_group_decorator.py
[2024-09-25T12:53:05.144+0000] {processor.py:766} INFO - DAG(s) dict_keys(['example_task_group_decorator']) retrieved from /home/airflow/.local/lib/python3.7/site-packages/airflow/example_dags/example_task_group_decorator.py
[2024-09-25T12:53:05.194+0000] {logging_mixin.py:120} INFO - [2024-09-25T12:53:05.194+0000] {dag.py:2585} INFO - Sync 1 DAGs
[2024-09-25T12:53:05.224+0000] {logging_mixin.py:120} INFO - [2024-09-25T12:53:05.224+0000] {dag.py:3340} INFO - Setting next_dagrun for example_task_group_decorator to 2024-09-24T12:53:05.223830+00:00, run_after=2024-09-25T12:53:05.223830+00:00
[2024-09-25T12:53:05.246+0000] {processor.py:176} INFO - Processing /home/airflow/.local/lib/python3.7/site-packages/airflow/example_dags/example_task_group_decorator.py took 0.144 seconds
[2024-09-25T12:53:35.368+0000] {processor.py:154} INFO - Started process (PID=22230) to work on /home/airflow/.local/lib/python3.7/site-packages/airflow/example_dags/example_task_group_decorator.py
[2024-09-25T12:53:35.370+0000] {processor.py:756} INFO - Processing file /home/airflow/.local/lib/python3.7/site-packages/airflow/example_dags/example_task_group_decorator.py for tasks to queue
[2024-09-25T12:53:35.371+0000] {logging_mixin.py:120} INFO - [2024-09-25T12:53:35.370+0000] {dagbag.py:537} INFO - Filling up the DagBag from /home/airflow/.local/lib/python3.7/site-packages/airflow/example_dags/example_task_group_decorator.py
[2024-09-25T12:53:35.408+0000] {processor.py:766} INFO - DAG(s) dict_keys(['example_task_group_decorator']) retrieved from /home/airflow/.local/lib/python3.7/site-packages/airflow/example_dags/example_task_group_decorator.py
[2024-09-25T12:53:35.459+0000] {logging_mixin.py:120} INFO - [2024-09-25T12:53:35.459+0000] {dag.py:2585} INFO - Sync 1 DAGs
[2024-09-25T12:53:35.490+0000] {logging_mixin.py:120} INFO - [2024-09-25T12:53:35.490+0000] {dag.py:3340} INFO - Setting next_dagrun for example_task_group_decorator to 2024-09-24T12:53:35.490297+00:00, run_after=2024-09-25T12:53:35.490297+00:00
[2024-09-25T12:53:35.512+0000] {processor.py:176} INFO - Processing /home/airflow/.local/lib/python3.7/site-packages/airflow/example_dags/example_task_group_decorator.py took 0.149 seconds
[2024-09-25T12:54:05.822+0000] {processor.py:154} INFO - Started process (PID=22293) to work on /home/airflow/.local/lib/python3.7/site-packages/airflow/example_dags/example_task_group_decorator.py
[2024-09-25T12:54:05.824+0000] {processor.py:756} INFO - Processing file /home/airflow/.local/lib/python3.7/site-packages/airflow/example_dags/example_task_group_decorator.py for tasks to queue
[2024-09-25T12:54:05.825+0000] {logging_mixin.py:120} INFO - [2024-09-25T12:54:05.825+0000] {dagbag.py:537} INFO - Filling up the DagBag from /home/airflow/.local/lib/python3.7/site-packages/airflow/example_dags/example_task_group_decorator.py
[2024-09-25T12:54:05.862+0000] {processor.py:766} INFO - DAG(s) dict_keys(['example_task_group_decorator']) retrieved from /home/airflow/.local/lib/python3.7/site-packages/airflow/example_dags/example_task_group_decorator.py
[2024-09-25T12:54:05.913+0000] {logging_mixin.py:120} INFO - [2024-09-25T12:54:05.913+0000] {dag.py:2585} INFO - Sync 1 DAGs
[2024-09-25T12:54:05.947+0000] {logging_mixin.py:120} INFO - [2024-09-25T12:54:05.947+0000] {dag.py:3340} INFO - Setting next_dagrun for example_task_group_decorator to 2024-09-24T12:54:05.947127+00:00, run_after=2024-09-25T12:54:05.947127+00:00
[2024-09-25T12:54:05.969+0000] {processor.py:176} INFO - Processing /home/airflow/.local/lib/python3.7/site-packages/airflow/example_dags/example_task_group_decorator.py took 0.152 seconds
[2024-09-25T12:54:36.201+0000] {processor.py:154} INFO - Started process (PID=22356) to work on /home/airflow/.local/lib/python3.7/site-packages/airflow/example_dags/example_task_group_decorator.py
[2024-09-25T12:54:36.202+0000] {processor.py:756} INFO - Processing file /home/airflow/.local/lib/python3.7/site-packages/airflow/example_dags/example_task_group_decorator.py for tasks to queue
[2024-09-25T12:54:36.203+0000] {logging_mixin.py:120} INFO - [2024-09-25T12:54:36.203+0000] {dagbag.py:537} INFO - Filling up the DagBag from /home/airflow/.local/lib/python3.7/site-packages/airflow/example_dags/example_task_group_decorator.py
[2024-09-25T12:54:36.243+0000] {processor.py:766} INFO - DAG(s) dict_keys(['example_task_group_decorator']) retrieved from /home/airflow/.local/lib/python3.7/site-packages/airflow/example_dags/example_task_group_decorator.py
[2024-09-25T12:54:36.294+0000] {logging_mixin.py:120} INFO - [2024-09-25T12:54:36.294+0000] {dag.py:2585} INFO - Sync 1 DAGs
[2024-09-25T12:54:36.323+0000] {logging_mixin.py:120} INFO - [2024-09-25T12:54:36.323+0000] {dag.py:3340} INFO - Setting next_dagrun for example_task_group_decorator to 2024-09-24T12:54:36.323283+00:00, run_after=2024-09-25T12:54:36.323283+00:00
[2024-09-25T12:54:36.350+0000] {processor.py:176} INFO - Processing /home/airflow/.local/lib/python3.7/site-packages/airflow/example_dags/example_task_group_decorator.py took 0.154 seconds
[2024-09-25T12:55:06.381+0000] {processor.py:154} INFO - Started process (PID=22410) to work on /home/airflow/.local/lib/python3.7/site-packages/airflow/example_dags/example_task_group_decorator.py
[2024-09-25T12:55:06.383+0000] {processor.py:756} INFO - Processing file /home/airflow/.local/lib/python3.7/site-packages/airflow/example_dags/example_task_group_decorator.py for tasks to queue
[2024-09-25T12:55:06.384+0000] {logging_mixin.py:120} INFO - [2024-09-25T12:55:06.384+0000] {dagbag.py:537} INFO - Filling up the DagBag from /home/airflow/.local/lib/python3.7/site-packages/airflow/example_dags/example_task_group_decorator.py
[2024-09-25T12:55:06.424+0000] {processor.py:766} INFO - DAG(s) dict_keys(['example_task_group_decorator']) retrieved from /home/airflow/.local/lib/python3.7/site-packages/airflow/example_dags/example_task_group_decorator.py
[2024-09-25T12:55:06.477+0000] {logging_mixin.py:120} INFO - [2024-09-25T12:55:06.476+0000] {dag.py:2585} INFO - Sync 1 DAGs
[2024-09-25T12:55:06.509+0000] {logging_mixin.py:120} INFO - [2024-09-25T12:55:06.509+0000] {dag.py:3340} INFO - Setting next_dagrun for example_task_group_decorator to 2024-09-24T12:55:06.509363+00:00, run_after=2024-09-25T12:55:06.509363+00:00
[2024-09-25T12:55:06.532+0000] {processor.py:176} INFO - Processing /home/airflow/.local/lib/python3.7/site-packages/airflow/example_dags/example_task_group_decorator.py took 0.156 seconds
[2024-09-25T12:55:36.605+0000] {processor.py:154} INFO - Started process (PID=22473) to work on /home/airflow/.local/lib/python3.7/site-packages/airflow/example_dags/example_task_group_decorator.py
[2024-09-25T12:55:36.608+0000] {processor.py:756} INFO - Processing file /home/airflow/.local/lib/python3.7/site-packages/airflow/example_dags/example_task_group_decorator.py for tasks to queue
[2024-09-25T12:55:36.610+0000] {logging_mixin.py:120} INFO - [2024-09-25T12:55:36.610+0000] {dagbag.py:537} INFO - Filling up the DagBag from /home/airflow/.local/lib/python3.7/site-packages/airflow/example_dags/example_task_group_decorator.py
[2024-09-25T12:55:36.644+0000] {processor.py:766} INFO - DAG(s) dict_keys(['example_task_group_decorator']) retrieved from /home/airflow/.local/lib/python3.7/site-packages/airflow/example_dags/example_task_group_decorator.py
[2024-09-25T12:55:36.697+0000] {logging_mixin.py:120} INFO - [2024-09-25T12:55:36.696+0000] {dag.py:2585} INFO - Sync 1 DAGs
[2024-09-25T12:55:36.727+0000] {logging_mixin.py:120} INFO - [2024-09-25T12:55:36.727+0000] {dag.py:3340} INFO - Setting next_dagrun for example_task_group_decorator to 2024-09-24T12:55:36.727431+00:00, run_after=2024-09-25T12:55:36.727431+00:00
[2024-09-25T12:55:36.752+0000] {processor.py:176} INFO - Processing /home/airflow/.local/lib/python3.7/site-packages/airflow/example_dags/example_task_group_decorator.py took 0.150 seconds
[2024-09-25T12:56:06.924+0000] {processor.py:154} INFO - Started process (PID=22535) to work on /home/airflow/.local/lib/python3.7/site-packages/airflow/example_dags/example_task_group_decorator.py
[2024-09-25T12:56:06.926+0000] {processor.py:756} INFO - Processing file /home/airflow/.local/lib/python3.7/site-packages/airflow/example_dags/example_task_group_decorator.py for tasks to queue
[2024-09-25T12:56:06.927+0000] {logging_mixin.py:120} INFO - [2024-09-25T12:56:06.927+0000] {dagbag.py:537} INFO - Filling up the DagBag from /home/airflow/.local/lib/python3.7/site-packages/airflow/example_dags/example_task_group_decorator.py
[2024-09-25T12:56:06.965+0000] {processor.py:766} INFO - DAG(s) dict_keys(['example_task_group_decorator']) retrieved from /home/airflow/.local/lib/python3.7/site-packages/airflow/example_dags/example_task_group_decorator.py
[2024-09-25T12:56:07.024+0000] {logging_mixin.py:120} INFO - [2024-09-25T12:56:07.024+0000] {dag.py:2585} INFO - Sync 1 DAGs
[2024-09-25T12:56:07.060+0000] {logging_mixin.py:120} INFO - [2024-09-25T12:56:07.060+0000] {dag.py:3340} INFO - Setting next_dagrun for example_task_group_decorator to 2024-09-24T12:56:07.060358+00:00, run_after=2024-09-25T12:56:07.060358+00:00
[2024-09-25T12:56:07.090+0000] {processor.py:176} INFO - Processing /home/airflow/.local/lib/python3.7/site-packages/airflow/example_dags/example_task_group_decorator.py took 0.170 seconds
[2024-09-25T12:56:37.300+0000] {processor.py:154} INFO - Started process (PID=22589) to work on /home/airflow/.local/lib/python3.7/site-packages/airflow/example_dags/example_task_group_decorator.py
[2024-09-25T12:56:37.302+0000] {processor.py:756} INFO - Processing file /home/airflow/.local/lib/python3.7/site-packages/airflow/example_dags/example_task_group_decorator.py for tasks to queue
[2024-09-25T12:56:37.303+0000] {logging_mixin.py:120} INFO - [2024-09-25T12:56:37.303+0000] {dagbag.py:537} INFO - Filling up the DagBag from /home/airflow/.local/lib/python3.7/site-packages/airflow/example_dags/example_task_group_decorator.py
[2024-09-25T12:56:37.342+0000] {processor.py:766} INFO - DAG(s) dict_keys(['example_task_group_decorator']) retrieved from /home/airflow/.local/lib/python3.7/site-packages/airflow/example_dags/example_task_group_decorator.py
[2024-09-25T12:56:37.392+0000] {logging_mixin.py:120} INFO - [2024-09-25T12:56:37.392+0000] {dag.py:2585} INFO - Sync 1 DAGs
[2024-09-25T12:56:37.422+0000] {logging_mixin.py:120} INFO - [2024-09-25T12:56:37.422+0000] {dag.py:3340} INFO - Setting next_dagrun for example_task_group_decorator to 2024-09-24T12:56:37.421929+00:00, run_after=2024-09-25T12:56:37.421929+00:00
[2024-09-25T12:56:37.443+0000] {processor.py:176} INFO - Processing /home/airflow/.local/lib/python3.7/site-packages/airflow/example_dags/example_task_group_decorator.py took 0.148 seconds
[2024-09-25T12:57:07.534+0000] {processor.py:154} INFO - Started process (PID=22651) to work on /home/airflow/.local/lib/python3.7/site-packages/airflow/example_dags/example_task_group_decorator.py
[2024-09-25T12:57:07.538+0000] {processor.py:756} INFO - Processing file /home/airflow/.local/lib/python3.7/site-packages/airflow/example_dags/example_task_group_decorator.py for tasks to queue
[2024-09-25T12:57:07.542+0000] {logging_mixin.py:120} INFO - [2024-09-25T12:57:07.541+0000] {dagbag.py:537} INFO - Filling up the DagBag from /home/airflow/.local/lib/python3.7/site-packages/airflow/example_dags/example_task_group_decorator.py
[2024-09-25T12:57:07.577+0000] {processor.py:766} INFO - DAG(s) dict_keys(['example_task_group_decorator']) retrieved from /home/airflow/.local/lib/python3.7/site-packages/airflow/example_dags/example_task_group_decorator.py
[2024-09-25T12:57:07.630+0000] {logging_mixin.py:120} INFO - [2024-09-25T12:57:07.630+0000] {dag.py:2585} INFO - Sync 1 DAGs
[2024-09-25T12:57:07.662+0000] {logging_mixin.py:120} INFO - [2024-09-25T12:57:07.661+0000] {dag.py:3340} INFO - Setting next_dagrun for example_task_group_decorator to 2024-09-24T12:57:07.661647+00:00, run_after=2024-09-25T12:57:07.661647+00:00
[2024-09-25T12:57:07.685+0000] {processor.py:176} INFO - Processing /home/airflow/.local/lib/python3.7/site-packages/airflow/example_dags/example_task_group_decorator.py took 0.155 seconds
[2024-09-25T12:57:38.110+0000] {processor.py:154} INFO - Started process (PID=22714) to work on /home/airflow/.local/lib/python3.7/site-packages/airflow/example_dags/example_task_group_decorator.py
[2024-09-25T12:57:38.113+0000] {processor.py:756} INFO - Processing file /home/airflow/.local/lib/python3.7/site-packages/airflow/example_dags/example_task_group_decorator.py for tasks to queue
[2024-09-25T12:57:38.114+0000] {logging_mixin.py:120} INFO - [2024-09-25T12:57:38.114+0000] {dagbag.py:537} INFO - Filling up the DagBag from /home/airflow/.local/lib/python3.7/site-packages/airflow/example_dags/example_task_group_decorator.py
[2024-09-25T12:57:38.159+0000] {processor.py:766} INFO - DAG(s) dict_keys(['example_task_group_decorator']) retrieved from /home/airflow/.local/lib/python3.7/site-packages/airflow/example_dags/example_task_group_decorator.py
[2024-09-25T12:57:38.224+0000] {logging_mixin.py:120} INFO - [2024-09-25T12:57:38.224+0000] {dag.py:2585} INFO - Sync 1 DAGs
[2024-09-25T12:57:38.281+0000] {logging_mixin.py:120} INFO - [2024-09-25T12:57:38.280+0000] {dag.py:3340} INFO - Setting next_dagrun for example_task_group_decorator to 2024-09-24T12:57:38.280585+00:00, run_after=2024-09-25T12:57:38.280585+00:00
[2024-09-25T12:57:38.306+0000] {processor.py:176} INFO - Processing /home/airflow/.local/lib/python3.7/site-packages/airflow/example_dags/example_task_group_decorator.py took 0.202 seconds
[2024-09-25T12:58:08.781+0000] {processor.py:154} INFO - Started process (PID=22768) to work on /home/airflow/.local/lib/python3.7/site-packages/airflow/example_dags/example_task_group_decorator.py
[2024-09-25T12:58:08.783+0000] {processor.py:756} INFO - Processing file /home/airflow/.local/lib/python3.7/site-packages/airflow/example_dags/example_task_group_decorator.py for tasks to queue
[2024-09-25T12:58:08.784+0000] {logging_mixin.py:120} INFO - [2024-09-25T12:58:08.784+0000] {dagbag.py:537} INFO - Filling up the DagBag from /home/airflow/.local/lib/python3.7/site-packages/airflow/example_dags/example_task_group_decorator.py
[2024-09-25T12:58:08.822+0000] {processor.py:766} INFO - DAG(s) dict_keys(['example_task_group_decorator']) retrieved from /home/airflow/.local/lib/python3.7/site-packages/airflow/example_dags/example_task_group_decorator.py
[2024-09-25T12:58:08.873+0000] {logging_mixin.py:120} INFO - [2024-09-25T12:58:08.873+0000] {dag.py:2585} INFO - Sync 1 DAGs
[2024-09-25T12:58:08.903+0000] {logging_mixin.py:120} INFO - [2024-09-25T12:58:08.903+0000] {dag.py:3340} INFO - Setting next_dagrun for example_task_group_decorator to 2024-09-24T12:58:08.903473+00:00, run_after=2024-09-25T12:58:08.903473+00:00
[2024-09-25T12:58:08.929+0000] {processor.py:176} INFO - Processing /home/airflow/.local/lib/python3.7/site-packages/airflow/example_dags/example_task_group_decorator.py took 0.153 seconds
[2024-09-25T12:58:39.657+0000] {processor.py:154} INFO - Started process (PID=22831) to work on /home/airflow/.local/lib/python3.7/site-packages/airflow/example_dags/example_task_group_decorator.py
[2024-09-25T12:58:39.660+0000] {processor.py:756} INFO - Processing file /home/airflow/.local/lib/python3.7/site-packages/airflow/example_dags/example_task_group_decorator.py for tasks to queue
[2024-09-25T12:58:39.661+0000] {logging_mixin.py:120} INFO - [2024-09-25T12:58:39.661+0000] {dagbag.py:537} INFO - Filling up the DagBag from /home/airflow/.local/lib/python3.7/site-packages/airflow/example_dags/example_task_group_decorator.py
[2024-09-25T12:58:39.731+0000] {processor.py:766} INFO - DAG(s) dict_keys(['example_task_group_decorator']) retrieved from /home/airflow/.local/lib/python3.7/site-packages/airflow/example_dags/example_task_group_decorator.py
[2024-09-25T12:58:39.805+0000] {logging_mixin.py:120} INFO - [2024-09-25T12:58:39.805+0000] {dag.py:2585} INFO - Sync 1 DAGs
[2024-09-25T12:58:39.870+0000] {logging_mixin.py:120} INFO - [2024-09-25T12:58:39.867+0000] {dag.py:3340} INFO - Setting next_dagrun for example_task_group_decorator to 2024-09-24T12:58:39.866959+00:00, run_after=2024-09-25T12:58:39.866959+00:00
[2024-09-25T12:58:40.321+0000] {processor.py:176} INFO - Processing /home/airflow/.local/lib/python3.7/site-packages/airflow/example_dags/example_task_group_decorator.py took 0.671 seconds
[2024-09-25T12:59:10.361+0000] {processor.py:154} INFO - Started process (PID=22895) to work on /home/airflow/.local/lib/python3.7/site-packages/airflow/example_dags/example_task_group_decorator.py
[2024-09-25T12:59:10.364+0000] {processor.py:756} INFO - Processing file /home/airflow/.local/lib/python3.7/site-packages/airflow/example_dags/example_task_group_decorator.py for tasks to queue
[2024-09-25T12:59:10.365+0000] {logging_mixin.py:120} INFO - [2024-09-25T12:59:10.365+0000] {dagbag.py:537} INFO - Filling up the DagBag from /home/airflow/.local/lib/python3.7/site-packages/airflow/example_dags/example_task_group_decorator.py
[2024-09-25T12:59:10.412+0000] {processor.py:766} INFO - DAG(s) dict_keys(['example_task_group_decorator']) retrieved from /home/airflow/.local/lib/python3.7/site-packages/airflow/example_dags/example_task_group_decorator.py
[2024-09-25T12:59:10.473+0000] {logging_mixin.py:120} INFO - [2024-09-25T12:59:10.472+0000] {dag.py:2585} INFO - Sync 1 DAGs
[2024-09-25T12:59:10.510+0000] {logging_mixin.py:120} INFO - [2024-09-25T12:59:10.510+0000] {dag.py:3340} INFO - Setting next_dagrun for example_task_group_decorator to 2024-09-24T12:59:10.510192+00:00, run_after=2024-09-25T12:59:10.510192+00:00
[2024-09-25T12:59:10.538+0000] {processor.py:176} INFO - Processing /home/airflow/.local/lib/python3.7/site-packages/airflow/example_dags/example_task_group_decorator.py took 0.183 seconds
[2024-09-25T12:59:40.818+0000] {processor.py:154} INFO - Started process (PID=22948) to work on /home/airflow/.local/lib/python3.7/site-packages/airflow/example_dags/example_task_group_decorator.py
[2024-09-25T12:59:40.820+0000] {processor.py:756} INFO - Processing file /home/airflow/.local/lib/python3.7/site-packages/airflow/example_dags/example_task_group_decorator.py for tasks to queue
[2024-09-25T12:59:40.821+0000] {logging_mixin.py:120} INFO - [2024-09-25T12:59:40.820+0000] {dagbag.py:537} INFO - Filling up the DagBag from /home/airflow/.local/lib/python3.7/site-packages/airflow/example_dags/example_task_group_decorator.py
[2024-09-25T12:59:40.861+0000] {processor.py:766} INFO - DAG(s) dict_keys(['example_task_group_decorator']) retrieved from /home/airflow/.local/lib/python3.7/site-packages/airflow/example_dags/example_task_group_decorator.py
[2024-09-25T12:59:40.916+0000] {logging_mixin.py:120} INFO - [2024-09-25T12:59:40.916+0000] {dag.py:2585} INFO - Sync 1 DAGs
[2024-09-25T12:59:40.949+0000] {logging_mixin.py:120} INFO - [2024-09-25T12:59:40.949+0000] {dag.py:3340} INFO - Setting next_dagrun for example_task_group_decorator to 2024-09-24T12:59:40.949344+00:00, run_after=2024-09-25T12:59:40.949344+00:00
[2024-09-25T12:59:40.976+0000] {processor.py:176} INFO - Processing /home/airflow/.local/lib/python3.7/site-packages/airflow/example_dags/example_task_group_decorator.py took 0.163 seconds
[2024-09-25T13:00:11.477+0000] {processor.py:154} INFO - Started process (PID=23011) to work on /home/airflow/.local/lib/python3.7/site-packages/airflow/example_dags/example_task_group_decorator.py
[2024-09-25T13:00:11.479+0000] {processor.py:756} INFO - Processing file /home/airflow/.local/lib/python3.7/site-packages/airflow/example_dags/example_task_group_decorator.py for tasks to queue
[2024-09-25T13:00:11.480+0000] {logging_mixin.py:120} INFO - [2024-09-25T13:00:11.480+0000] {dagbag.py:537} INFO - Filling up the DagBag from /home/airflow/.local/lib/python3.7/site-packages/airflow/example_dags/example_task_group_decorator.py
[2024-09-25T13:00:11.524+0000] {processor.py:766} INFO - DAG(s) dict_keys(['example_task_group_decorator']) retrieved from /home/airflow/.local/lib/python3.7/site-packages/airflow/example_dags/example_task_group_decorator.py
[2024-09-25T13:00:11.585+0000] {logging_mixin.py:120} INFO - [2024-09-25T13:00:11.585+0000] {dag.py:2585} INFO - Sync 1 DAGs
[2024-09-25T13:00:11.618+0000] {logging_mixin.py:120} INFO - [2024-09-25T13:00:11.618+0000] {dag.py:3340} INFO - Setting next_dagrun for example_task_group_decorator to 2024-09-24T13:00:11.617726+00:00, run_after=2024-09-25T13:00:11.617726+00:00
[2024-09-25T13:00:11.643+0000] {processor.py:176} INFO - Processing /home/airflow/.local/lib/python3.7/site-packages/airflow/example_dags/example_task_group_decorator.py took 0.171 seconds
[2024-09-25T13:00:41.928+0000] {processor.py:154} INFO - Started process (PID=23074) to work on /home/airflow/.local/lib/python3.7/site-packages/airflow/example_dags/example_task_group_decorator.py
[2024-09-25T13:00:41.930+0000] {processor.py:756} INFO - Processing file /home/airflow/.local/lib/python3.7/site-packages/airflow/example_dags/example_task_group_decorator.py for tasks to queue
[2024-09-25T13:00:41.932+0000] {logging_mixin.py:120} INFO - [2024-09-25T13:00:41.931+0000] {dagbag.py:537} INFO - Filling up the DagBag from /home/airflow/.local/lib/python3.7/site-packages/airflow/example_dags/example_task_group_decorator.py
[2024-09-25T13:00:41.982+0000] {processor.py:766} INFO - DAG(s) dict_keys(['example_task_group_decorator']) retrieved from /home/airflow/.local/lib/python3.7/site-packages/airflow/example_dags/example_task_group_decorator.py
[2024-09-25T13:00:42.042+0000] {logging_mixin.py:120} INFO - [2024-09-25T13:00:42.042+0000] {dag.py:2585} INFO - Sync 1 DAGs
[2024-09-25T13:00:42.077+0000] {logging_mixin.py:120} INFO - [2024-09-25T13:00:42.075+0000] {dag.py:3340} INFO - Setting next_dagrun for example_task_group_decorator to 2024-09-24T13:00:42.075279+00:00, run_after=2024-09-25T13:00:42.075279+00:00
[2024-09-25T13:00:42.255+0000] {processor.py:176} INFO - Processing /home/airflow/.local/lib/python3.7/site-packages/airflow/example_dags/example_task_group_decorator.py took 0.332 seconds
[2024-09-25T13:01:12.298+0000] {processor.py:154} INFO - Started process (PID=23129) to work on /home/airflow/.local/lib/python3.7/site-packages/airflow/example_dags/example_task_group_decorator.py
[2024-09-25T13:01:12.301+0000] {processor.py:756} INFO - Processing file /home/airflow/.local/lib/python3.7/site-packages/airflow/example_dags/example_task_group_decorator.py for tasks to queue
[2024-09-25T13:01:12.302+0000] {logging_mixin.py:120} INFO - [2024-09-25T13:01:12.301+0000] {dagbag.py:537} INFO - Filling up the DagBag from /home/airflow/.local/lib/python3.7/site-packages/airflow/example_dags/example_task_group_decorator.py
[2024-09-25T13:01:12.336+0000] {processor.py:766} INFO - DAG(s) dict_keys(['example_task_group_decorator']) retrieved from /home/airflow/.local/lib/python3.7/site-packages/airflow/example_dags/example_task_group_decorator.py
[2024-09-25T13:01:12.385+0000] {logging_mixin.py:120} INFO - [2024-09-25T13:01:12.384+0000] {dag.py:2585} INFO - Sync 1 DAGs
[2024-09-25T13:01:12.414+0000] {logging_mixin.py:120} INFO - [2024-09-25T13:01:12.414+0000] {dag.py:3340} INFO - Setting next_dagrun for example_task_group_decorator to 2024-09-24T13:01:12.414153+00:00, run_after=2024-09-25T13:01:12.414153+00:00
[2024-09-25T13:01:12.435+0000] {processor.py:176} INFO - Processing /home/airflow/.local/lib/python3.7/site-packages/airflow/example_dags/example_task_group_decorator.py took 0.141 seconds
[2024-09-25T13:01:42.664+0000] {processor.py:154} INFO - Started process (PID=23191) to work on /home/airflow/.local/lib/python3.7/site-packages/airflow/example_dags/example_task_group_decorator.py
[2024-09-25T13:01:42.667+0000] {processor.py:756} INFO - Processing file /home/airflow/.local/lib/python3.7/site-packages/airflow/example_dags/example_task_group_decorator.py for tasks to queue
[2024-09-25T13:01:42.668+0000] {logging_mixin.py:120} INFO - [2024-09-25T13:01:42.668+0000] {dagbag.py:537} INFO - Filling up the DagBag from /home/airflow/.local/lib/python3.7/site-packages/airflow/example_dags/example_task_group_decorator.py
[2024-09-25T13:01:42.709+0000] {processor.py:766} INFO - DAG(s) dict_keys(['example_task_group_decorator']) retrieved from /home/airflow/.local/lib/python3.7/site-packages/airflow/example_dags/example_task_group_decorator.py
[2024-09-25T13:01:42.771+0000] {logging_mixin.py:120} INFO - [2024-09-25T13:01:42.771+0000] {dag.py:2585} INFO - Sync 1 DAGs
[2024-09-25T13:01:42.802+0000] {logging_mixin.py:120} INFO - [2024-09-25T13:01:42.802+0000] {dag.py:3340} INFO - Setting next_dagrun for example_task_group_decorator to 2024-09-24T13:01:42.802249+00:00, run_after=2024-09-25T13:01:42.802249+00:00
[2024-09-25T13:01:42.829+0000] {processor.py:176} INFO - Processing /home/airflow/.local/lib/python3.7/site-packages/airflow/example_dags/example_task_group_decorator.py took 0.169 seconds
[2024-09-25T13:02:13.184+0000] {processor.py:154} INFO - Started process (PID=23254) to work on /home/airflow/.local/lib/python3.7/site-packages/airflow/example_dags/example_task_group_decorator.py
[2024-09-25T13:02:13.186+0000] {processor.py:756} INFO - Processing file /home/airflow/.local/lib/python3.7/site-packages/airflow/example_dags/example_task_group_decorator.py for tasks to queue
[2024-09-25T13:02:13.187+0000] {logging_mixin.py:120} INFO - [2024-09-25T13:02:13.187+0000] {dagbag.py:537} INFO - Filling up the DagBag from /home/airflow/.local/lib/python3.7/site-packages/airflow/example_dags/example_task_group_decorator.py
[2024-09-25T13:02:13.217+0000] {processor.py:766} INFO - DAG(s) dict_keys(['example_task_group_decorator']) retrieved from /home/airflow/.local/lib/python3.7/site-packages/airflow/example_dags/example_task_group_decorator.py
[2024-09-25T13:02:13.266+0000] {logging_mixin.py:120} INFO - [2024-09-25T13:02:13.266+0000] {dag.py:2585} INFO - Sync 1 DAGs
[2024-09-25T13:02:13.296+0000] {logging_mixin.py:120} INFO - [2024-09-25T13:02:13.296+0000] {dag.py:3340} INFO - Setting next_dagrun for example_task_group_decorator to 2024-09-24T13:02:13.295886+00:00, run_after=2024-09-25T13:02:13.295886+00:00
[2024-09-25T13:02:13.320+0000] {processor.py:176} INFO - Processing /home/airflow/.local/lib/python3.7/site-packages/airflow/example_dags/example_task_group_decorator.py took 0.141 seconds
[2024-09-25T13:02:43.791+0000] {processor.py:154} INFO - Started process (PID=23308) to work on /home/airflow/.local/lib/python3.7/site-packages/airflow/example_dags/example_task_group_decorator.py
[2024-09-25T13:02:43.794+0000] {processor.py:756} INFO - Processing file /home/airflow/.local/lib/python3.7/site-packages/airflow/example_dags/example_task_group_decorator.py for tasks to queue
[2024-09-25T13:02:43.795+0000] {logging_mixin.py:120} INFO - [2024-09-25T13:02:43.795+0000] {dagbag.py:537} INFO - Filling up the DagBag from /home/airflow/.local/lib/python3.7/site-packages/airflow/example_dags/example_task_group_decorator.py
[2024-09-25T13:02:43.836+0000] {processor.py:766} INFO - DAG(s) dict_keys(['example_task_group_decorator']) retrieved from /home/airflow/.local/lib/python3.7/site-packages/airflow/example_dags/example_task_group_decorator.py
[2024-09-25T13:02:43.898+0000] {logging_mixin.py:120} INFO - [2024-09-25T13:02:43.898+0000] {dag.py:2585} INFO - Sync 1 DAGs
[2024-09-25T13:02:43.933+0000] {logging_mixin.py:120} INFO - [2024-09-25T13:02:43.933+0000] {dag.py:3340} INFO - Setting next_dagrun for example_task_group_decorator to 2024-09-24T13:02:43.933330+00:00, run_after=2024-09-25T13:02:43.933330+00:00
[2024-09-25T13:02:44.124+0000] {processor.py:176} INFO - Processing /home/airflow/.local/lib/python3.7/site-packages/airflow/example_dags/example_task_group_decorator.py took 0.337 seconds
[2024-09-25T13:03:14.239+0000] {processor.py:154} INFO - Started process (PID=23371) to work on /home/airflow/.local/lib/python3.7/site-packages/airflow/example_dags/example_task_group_decorator.py
[2024-09-25T13:03:14.241+0000] {processor.py:756} INFO - Processing file /home/airflow/.local/lib/python3.7/site-packages/airflow/example_dags/example_task_group_decorator.py for tasks to queue
[2024-09-25T13:03:14.242+0000] {logging_mixin.py:120} INFO - [2024-09-25T13:03:14.241+0000] {dagbag.py:537} INFO - Filling up the DagBag from /home/airflow/.local/lib/python3.7/site-packages/airflow/example_dags/example_task_group_decorator.py
[2024-09-25T13:03:14.288+0000] {processor.py:766} INFO - DAG(s) dict_keys(['example_task_group_decorator']) retrieved from /home/airflow/.local/lib/python3.7/site-packages/airflow/example_dags/example_task_group_decorator.py
[2024-09-25T13:03:14.349+0000] {logging_mixin.py:120} INFO - [2024-09-25T13:03:14.348+0000] {dag.py:2585} INFO - Sync 1 DAGs
[2024-09-25T13:03:14.384+0000] {logging_mixin.py:120} INFO - [2024-09-25T13:03:14.384+0000] {dag.py:3340} INFO - Setting next_dagrun for example_task_group_decorator to 2024-09-24T13:03:14.384005+00:00, run_after=2024-09-25T13:03:14.384005+00:00
[2024-09-25T13:03:14.414+0000] {processor.py:176} INFO - Processing /home/airflow/.local/lib/python3.7/site-packages/airflow/example_dags/example_task_group_decorator.py took 0.180 seconds
[2024-09-25T13:03:45.091+0000] {processor.py:154} INFO - Started process (PID=23434) to work on /home/airflow/.local/lib/python3.7/site-packages/airflow/example_dags/example_task_group_decorator.py
[2024-09-25T13:03:45.094+0000] {processor.py:756} INFO - Processing file /home/airflow/.local/lib/python3.7/site-packages/airflow/example_dags/example_task_group_decorator.py for tasks to queue
[2024-09-25T13:03:45.095+0000] {logging_mixin.py:120} INFO - [2024-09-25T13:03:45.095+0000] {dagbag.py:537} INFO - Filling up the DagBag from /home/airflow/.local/lib/python3.7/site-packages/airflow/example_dags/example_task_group_decorator.py
[2024-09-25T13:03:45.143+0000] {processor.py:766} INFO - DAG(s) dict_keys(['example_task_group_decorator']) retrieved from /home/airflow/.local/lib/python3.7/site-packages/airflow/example_dags/example_task_group_decorator.py
[2024-09-25T13:03:45.213+0000] {logging_mixin.py:120} INFO - [2024-09-25T13:03:45.213+0000] {dag.py:2585} INFO - Sync 1 DAGs
[2024-09-25T13:03:45.252+0000] {logging_mixin.py:120} INFO - [2024-09-25T13:03:45.252+0000] {dag.py:3340} INFO - Setting next_dagrun for example_task_group_decorator to 2024-09-24T13:03:45.252079+00:00, run_after=2024-09-25T13:03:45.252079+00:00
[2024-09-25T13:03:45.283+0000] {processor.py:176} INFO - Processing /home/airflow/.local/lib/python3.7/site-packages/airflow/example_dags/example_task_group_decorator.py took 0.196 seconds
[2024-09-25T13:04:15.325+0000] {processor.py:154} INFO - Started process (PID=23488) to work on /home/airflow/.local/lib/python3.7/site-packages/airflow/example_dags/example_task_group_decorator.py
[2024-09-25T13:04:15.328+0000] {processor.py:756} INFO - Processing file /home/airflow/.local/lib/python3.7/site-packages/airflow/example_dags/example_task_group_decorator.py for tasks to queue
[2024-09-25T13:04:15.329+0000] {logging_mixin.py:120} INFO - [2024-09-25T13:04:15.329+0000] {dagbag.py:537} INFO - Filling up the DagBag from /home/airflow/.local/lib/python3.7/site-packages/airflow/example_dags/example_task_group_decorator.py
[2024-09-25T13:04:15.374+0000] {processor.py:766} INFO - DAG(s) dict_keys(['example_task_group_decorator']) retrieved from /home/airflow/.local/lib/python3.7/site-packages/airflow/example_dags/example_task_group_decorator.py
[2024-09-25T13:04:15.445+0000] {logging_mixin.py:120} INFO - [2024-09-25T13:04:15.444+0000] {dag.py:2585} INFO - Sync 1 DAGs
[2024-09-25T13:04:15.489+0000] {logging_mixin.py:120} INFO - [2024-09-25T13:04:15.489+0000] {dag.py:3340} INFO - Setting next_dagrun for example_task_group_decorator to 2024-09-24T13:04:15.488662+00:00, run_after=2024-09-25T13:04:15.488662+00:00
[2024-09-25T13:04:15.522+0000] {processor.py:176} INFO - Processing /home/airflow/.local/lib/python3.7/site-packages/airflow/example_dags/example_task_group_decorator.py took 0.201 seconds
[2024-09-25T13:04:45.553+0000] {processor.py:154} INFO - Started process (PID=23550) to work on /home/airflow/.local/lib/python3.7/site-packages/airflow/example_dags/example_task_group_decorator.py
[2024-09-25T13:04:45.557+0000] {processor.py:756} INFO - Processing file /home/airflow/.local/lib/python3.7/site-packages/airflow/example_dags/example_task_group_decorator.py for tasks to queue
[2024-09-25T13:04:45.559+0000] {logging_mixin.py:120} INFO - [2024-09-25T13:04:45.559+0000] {dagbag.py:537} INFO - Filling up the DagBag from /home/airflow/.local/lib/python3.7/site-packages/airflow/example_dags/example_task_group_decorator.py
[2024-09-25T13:04:45.611+0000] {processor.py:766} INFO - DAG(s) dict_keys(['example_task_group_decorator']) retrieved from /home/airflow/.local/lib/python3.7/site-packages/airflow/example_dags/example_task_group_decorator.py
[2024-09-25T13:04:45.679+0000] {logging_mixin.py:120} INFO - [2024-09-25T13:04:45.679+0000] {dag.py:2585} INFO - Sync 1 DAGs
[2024-09-25T13:04:45.719+0000] {logging_mixin.py:120} INFO - [2024-09-25T13:04:45.719+0000] {dag.py:3340} INFO - Setting next_dagrun for example_task_group_decorator to 2024-09-24T13:04:45.718996+00:00, run_after=2024-09-25T13:04:45.718996+00:00
[2024-09-25T13:04:45.756+0000] {processor.py:176} INFO - Processing /home/airflow/.local/lib/python3.7/site-packages/airflow/example_dags/example_task_group_decorator.py took 0.211 seconds
[2024-09-25T13:05:16.326+0000] {processor.py:154} INFO - Started process (PID=23613) to work on /home/airflow/.local/lib/python3.7/site-packages/airflow/example_dags/example_task_group_decorator.py
[2024-09-25T13:05:16.329+0000] {processor.py:756} INFO - Processing file /home/airflow/.local/lib/python3.7/site-packages/airflow/example_dags/example_task_group_decorator.py for tasks to queue
[2024-09-25T13:05:16.330+0000] {logging_mixin.py:120} INFO - [2024-09-25T13:05:16.330+0000] {dagbag.py:537} INFO - Filling up the DagBag from /home/airflow/.local/lib/python3.7/site-packages/airflow/example_dags/example_task_group_decorator.py
[2024-09-25T13:05:16.364+0000] {processor.py:766} INFO - DAG(s) dict_keys(['example_task_group_decorator']) retrieved from /home/airflow/.local/lib/python3.7/site-packages/airflow/example_dags/example_task_group_decorator.py
[2024-09-25T13:05:16.413+0000] {logging_mixin.py:120} INFO - [2024-09-25T13:05:16.412+0000] {dag.py:2585} INFO - Sync 1 DAGs
[2024-09-25T13:05:16.449+0000] {logging_mixin.py:120} INFO - [2024-09-25T13:05:16.449+0000] {dag.py:3340} INFO - Setting next_dagrun for example_task_group_decorator to 2024-09-24T13:05:16.449366+00:00, run_after=2024-09-25T13:05:16.449366+00:00
[2024-09-25T13:05:16.474+0000] {processor.py:176} INFO - Processing /home/airflow/.local/lib/python3.7/site-packages/airflow/example_dags/example_task_group_decorator.py took 0.152 seconds
[2024-09-25T13:05:46.591+0000] {processor.py:154} INFO - Started process (PID=23667) to work on /home/airflow/.local/lib/python3.7/site-packages/airflow/example_dags/example_task_group_decorator.py
[2024-09-25T13:05:46.593+0000] {processor.py:756} INFO - Processing file /home/airflow/.local/lib/python3.7/site-packages/airflow/example_dags/example_task_group_decorator.py for tasks to queue
[2024-09-25T13:05:46.594+0000] {logging_mixin.py:120} INFO - [2024-09-25T13:05:46.594+0000] {dagbag.py:537} INFO - Filling up the DagBag from /home/airflow/.local/lib/python3.7/site-packages/airflow/example_dags/example_task_group_decorator.py
[2024-09-25T13:05:46.631+0000] {processor.py:766} INFO - DAG(s) dict_keys(['example_task_group_decorator']) retrieved from /home/airflow/.local/lib/python3.7/site-packages/airflow/example_dags/example_task_group_decorator.py
[2024-09-25T13:05:46.683+0000] {logging_mixin.py:120} INFO - [2024-09-25T13:05:46.683+0000] {dag.py:2585} INFO - Sync 1 DAGs
[2024-09-25T13:05:46.713+0000] {logging_mixin.py:120} INFO - [2024-09-25T13:05:46.713+0000] {dag.py:3340} INFO - Setting next_dagrun for example_task_group_decorator to 2024-09-24T13:05:46.713236+00:00, run_after=2024-09-25T13:05:46.713236+00:00
[2024-09-25T13:05:46.735+0000] {processor.py:176} INFO - Processing /home/airflow/.local/lib/python3.7/site-packages/airflow/example_dags/example_task_group_decorator.py took 0.149 seconds
[2024-09-25T13:06:16.806+0000] {processor.py:154} INFO - Started process (PID=23731) to work on /home/airflow/.local/lib/python3.7/site-packages/airflow/example_dags/example_task_group_decorator.py
[2024-09-25T13:06:16.809+0000] {processor.py:756} INFO - Processing file /home/airflow/.local/lib/python3.7/site-packages/airflow/example_dags/example_task_group_decorator.py for tasks to queue
[2024-09-25T13:06:16.810+0000] {logging_mixin.py:120} INFO - [2024-09-25T13:06:16.810+0000] {dagbag.py:537} INFO - Filling up the DagBag from /home/airflow/.local/lib/python3.7/site-packages/airflow/example_dags/example_task_group_decorator.py
[2024-09-25T13:06:16.848+0000] {processor.py:766} INFO - DAG(s) dict_keys(['example_task_group_decorator']) retrieved from /home/airflow/.local/lib/python3.7/site-packages/airflow/example_dags/example_task_group_decorator.py
[2024-09-25T13:06:16.901+0000] {logging_mixin.py:120} INFO - [2024-09-25T13:06:16.901+0000] {dag.py:2585} INFO - Sync 1 DAGs
[2024-09-25T13:06:16.931+0000] {logging_mixin.py:120} INFO - [2024-09-25T13:06:16.931+0000] {dag.py:3340} INFO - Setting next_dagrun for example_task_group_decorator to 2024-09-24T13:06:16.930812+00:00, run_after=2024-09-25T13:06:16.930812+00:00
[2024-09-25T13:06:16.954+0000] {processor.py:176} INFO - Processing /home/airflow/.local/lib/python3.7/site-packages/airflow/example_dags/example_task_group_decorator.py took 0.153 seconds
[2024-09-25T13:06:47.358+0000] {processor.py:154} INFO - Started process (PID=23793) to work on /home/airflow/.local/lib/python3.7/site-packages/airflow/example_dags/example_task_group_decorator.py
[2024-09-25T13:06:47.361+0000] {processor.py:756} INFO - Processing file /home/airflow/.local/lib/python3.7/site-packages/airflow/example_dags/example_task_group_decorator.py for tasks to queue
[2024-09-25T13:06:47.362+0000] {logging_mixin.py:120} INFO - [2024-09-25T13:06:47.362+0000] {dagbag.py:537} INFO - Filling up the DagBag from /home/airflow/.local/lib/python3.7/site-packages/airflow/example_dags/example_task_group_decorator.py
[2024-09-25T13:06:47.398+0000] {processor.py:766} INFO - DAG(s) dict_keys(['example_task_group_decorator']) retrieved from /home/airflow/.local/lib/python3.7/site-packages/airflow/example_dags/example_task_group_decorator.py
[2024-09-25T13:06:47.479+0000] {logging_mixin.py:120} INFO - [2024-09-25T13:06:47.479+0000] {dag.py:2585} INFO - Sync 1 DAGs
[2024-09-25T13:06:47.523+0000] {logging_mixin.py:120} INFO - [2024-09-25T13:06:47.522+0000] {dag.py:3340} INFO - Setting next_dagrun for example_task_group_decorator to 2024-09-24T13:06:47.522619+00:00, run_after=2024-09-25T13:06:47.522619+00:00
[2024-09-25T13:06:47.767+0000] {processor.py:176} INFO - Processing /home/airflow/.local/lib/python3.7/site-packages/airflow/example_dags/example_task_group_decorator.py took 0.413 seconds
[2024-09-25T13:07:17.869+0000] {processor.py:154} INFO - Started process (PID=23847) to work on /home/airflow/.local/lib/python3.7/site-packages/airflow/example_dags/example_task_group_decorator.py
[2024-09-25T13:07:17.871+0000] {processor.py:756} INFO - Processing file /home/airflow/.local/lib/python3.7/site-packages/airflow/example_dags/example_task_group_decorator.py for tasks to queue
[2024-09-25T13:07:17.873+0000] {logging_mixin.py:120} INFO - [2024-09-25T13:07:17.872+0000] {dagbag.py:537} INFO - Filling up the DagBag from /home/airflow/.local/lib/python3.7/site-packages/airflow/example_dags/example_task_group_decorator.py
[2024-09-25T13:07:17.911+0000] {processor.py:766} INFO - DAG(s) dict_keys(['example_task_group_decorator']) retrieved from /home/airflow/.local/lib/python3.7/site-packages/airflow/example_dags/example_task_group_decorator.py
[2024-09-25T13:07:17.963+0000] {logging_mixin.py:120} INFO - [2024-09-25T13:07:17.962+0000] {dag.py:2585} INFO - Sync 1 DAGs
[2024-09-25T13:07:17.993+0000] {logging_mixin.py:120} INFO - [2024-09-25T13:07:17.993+0000] {dag.py:3340} INFO - Setting next_dagrun for example_task_group_decorator to 2024-09-24T13:07:17.993041+00:00, run_after=2024-09-25T13:07:17.993041+00:00
[2024-09-25T13:07:18.020+0000] {processor.py:176} INFO - Processing /home/airflow/.local/lib/python3.7/site-packages/airflow/example_dags/example_task_group_decorator.py took 0.156 seconds
[2024-09-25T13:07:48.249+0000] {processor.py:154} INFO - Started process (PID=23910) to work on /home/airflow/.local/lib/python3.7/site-packages/airflow/example_dags/example_task_group_decorator.py
[2024-09-25T13:07:48.253+0000] {processor.py:756} INFO - Processing file /home/airflow/.local/lib/python3.7/site-packages/airflow/example_dags/example_task_group_decorator.py for tasks to queue
[2024-09-25T13:07:48.256+0000] {logging_mixin.py:120} INFO - [2024-09-25T13:07:48.255+0000] {dagbag.py:537} INFO - Filling up the DagBag from /home/airflow/.local/lib/python3.7/site-packages/airflow/example_dags/example_task_group_decorator.py
[2024-09-25T13:07:48.315+0000] {processor.py:766} INFO - DAG(s) dict_keys(['example_task_group_decorator']) retrieved from /home/airflow/.local/lib/python3.7/site-packages/airflow/example_dags/example_task_group_decorator.py
[2024-09-25T13:07:48.378+0000] {logging_mixin.py:120} INFO - [2024-09-25T13:07:48.378+0000] {dag.py:2585} INFO - Sync 1 DAGs
[2024-09-25T13:07:48.414+0000] {logging_mixin.py:120} INFO - [2024-09-25T13:07:48.414+0000] {dag.py:3340} INFO - Setting next_dagrun for example_task_group_decorator to 2024-09-24T13:07:48.414341+00:00, run_after=2024-09-25T13:07:48.414341+00:00
[2024-09-25T13:07:48.453+0000] {processor.py:176} INFO - Processing /home/airflow/.local/lib/python3.7/site-packages/airflow/example_dags/example_task_group_decorator.py took 0.212 seconds
[2024-09-25T13:08:18.565+0000] {processor.py:154} INFO - Started process (PID=23973) to work on /home/airflow/.local/lib/python3.7/site-packages/airflow/example_dags/example_task_group_decorator.py
[2024-09-25T13:08:18.568+0000] {processor.py:756} INFO - Processing file /home/airflow/.local/lib/python3.7/site-packages/airflow/example_dags/example_task_group_decorator.py for tasks to queue
[2024-09-25T13:08:18.569+0000] {logging_mixin.py:120} INFO - [2024-09-25T13:08:18.569+0000] {dagbag.py:537} INFO - Filling up the DagBag from /home/airflow/.local/lib/python3.7/site-packages/airflow/example_dags/example_task_group_decorator.py
[2024-09-25T13:08:18.611+0000] {processor.py:766} INFO - DAG(s) dict_keys(['example_task_group_decorator']) retrieved from /home/airflow/.local/lib/python3.7/site-packages/airflow/example_dags/example_task_group_decorator.py
[2024-09-25T13:08:18.670+0000] {logging_mixin.py:120} INFO - [2024-09-25T13:08:18.670+0000] {dag.py:2585} INFO - Sync 1 DAGs
[2024-09-25T13:08:18.708+0000] {logging_mixin.py:120} INFO - [2024-09-25T13:08:18.708+0000] {dag.py:3340} INFO - Setting next_dagrun for example_task_group_decorator to 2024-09-24T13:08:18.707852+00:00, run_after=2024-09-25T13:08:18.707852+00:00
[2024-09-25T13:08:18.739+0000] {processor.py:176} INFO - Processing /home/airflow/.local/lib/python3.7/site-packages/airflow/example_dags/example_task_group_decorator.py took 0.178 seconds
[2024-09-25T13:08:48.922+0000] {processor.py:154} INFO - Started process (PID=24027) to work on /home/airflow/.local/lib/python3.7/site-packages/airflow/example_dags/example_task_group_decorator.py
[2024-09-25T13:08:48.924+0000] {processor.py:756} INFO - Processing file /home/airflow/.local/lib/python3.7/site-packages/airflow/example_dags/example_task_group_decorator.py for tasks to queue
[2024-09-25T13:08:48.925+0000] {logging_mixin.py:120} INFO - [2024-09-25T13:08:48.925+0000] {dagbag.py:537} INFO - Filling up the DagBag from /home/airflow/.local/lib/python3.7/site-packages/airflow/example_dags/example_task_group_decorator.py
[2024-09-25T13:08:48.964+0000] {processor.py:766} INFO - DAG(s) dict_keys(['example_task_group_decorator']) retrieved from /home/airflow/.local/lib/python3.7/site-packages/airflow/example_dags/example_task_group_decorator.py
[2024-09-25T13:08:49.022+0000] {logging_mixin.py:120} INFO - [2024-09-25T13:08:49.022+0000] {dag.py:2585} INFO - Sync 1 DAGs
[2024-09-25T13:08:49.053+0000] {logging_mixin.py:120} INFO - [2024-09-25T13:08:49.053+0000] {dag.py:3340} INFO - Setting next_dagrun for example_task_group_decorator to 2024-09-24T13:08:49.053306+00:00, run_after=2024-09-25T13:08:49.053306+00:00
[2024-09-25T13:08:49.079+0000] {processor.py:176} INFO - Processing /home/airflow/.local/lib/python3.7/site-packages/airflow/example_dags/example_task_group_decorator.py took 0.161 seconds
[2024-09-25T13:09:19.916+0000] {processor.py:154} INFO - Started process (PID=24090) to work on /home/airflow/.local/lib/python3.7/site-packages/airflow/example_dags/example_task_group_decorator.py
[2024-09-25T13:09:19.920+0000] {processor.py:756} INFO - Processing file /home/airflow/.local/lib/python3.7/site-packages/airflow/example_dags/example_task_group_decorator.py for tasks to queue
[2024-09-25T13:09:19.921+0000] {logging_mixin.py:120} INFO - [2024-09-25T13:09:19.921+0000] {dagbag.py:537} INFO - Filling up the DagBag from /home/airflow/.local/lib/python3.7/site-packages/airflow/example_dags/example_task_group_decorator.py
[2024-09-25T13:09:19.959+0000] {processor.py:766} INFO - DAG(s) dict_keys(['example_task_group_decorator']) retrieved from /home/airflow/.local/lib/python3.7/site-packages/airflow/example_dags/example_task_group_decorator.py
[2024-09-25T13:09:20.012+0000] {logging_mixin.py:120} INFO - [2024-09-25T13:09:20.012+0000] {dag.py:2585} INFO - Sync 1 DAGs
[2024-09-25T13:09:20.044+0000] {logging_mixin.py:120} INFO - [2024-09-25T13:09:20.044+0000] {dag.py:3340} INFO - Setting next_dagrun for example_task_group_decorator to 2024-09-24T13:09:20.044355+00:00, run_after=2024-09-25T13:09:20.044355+00:00
[2024-09-25T13:09:20.066+0000] {processor.py:176} INFO - Processing /home/airflow/.local/lib/python3.7/site-packages/airflow/example_dags/example_task_group_decorator.py took 0.154 seconds
[2024-09-25T13:09:50.111+0000] {processor.py:154} INFO - Started process (PID=24152) to work on /home/airflow/.local/lib/python3.7/site-packages/airflow/example_dags/example_task_group_decorator.py
[2024-09-25T13:09:50.113+0000] {processor.py:756} INFO - Processing file /home/airflow/.local/lib/python3.7/site-packages/airflow/example_dags/example_task_group_decorator.py for tasks to queue
[2024-09-25T13:09:50.114+0000] {logging_mixin.py:120} INFO - [2024-09-25T13:09:50.114+0000] {dagbag.py:537} INFO - Filling up the DagBag from /home/airflow/.local/lib/python3.7/site-packages/airflow/example_dags/example_task_group_decorator.py
[2024-09-25T13:09:50.150+0000] {processor.py:766} INFO - DAG(s) dict_keys(['example_task_group_decorator']) retrieved from /home/airflow/.local/lib/python3.7/site-packages/airflow/example_dags/example_task_group_decorator.py
[2024-09-25T13:09:50.201+0000] {logging_mixin.py:120} INFO - [2024-09-25T13:09:50.201+0000] {dag.py:2585} INFO - Sync 1 DAGs
[2024-09-25T13:09:50.229+0000] {logging_mixin.py:120} INFO - [2024-09-25T13:09:50.229+0000] {dag.py:3340} INFO - Setting next_dagrun for example_task_group_decorator to 2024-09-24T13:09:50.229121+00:00, run_after=2024-09-25T13:09:50.229121+00:00
[2024-09-25T13:09:50.252+0000] {processor.py:176} INFO - Processing /home/airflow/.local/lib/python3.7/site-packages/airflow/example_dags/example_task_group_decorator.py took 0.145 seconds
[2024-09-25T13:10:20.501+0000] {processor.py:154} INFO - Started process (PID=24206) to work on /home/airflow/.local/lib/python3.7/site-packages/airflow/example_dags/example_task_group_decorator.py
[2024-09-25T13:10:20.503+0000] {processor.py:756} INFO - Processing file /home/airflow/.local/lib/python3.7/site-packages/airflow/example_dags/example_task_group_decorator.py for tasks to queue
[2024-09-25T13:10:20.504+0000] {logging_mixin.py:120} INFO - [2024-09-25T13:10:20.504+0000] {dagbag.py:537} INFO - Filling up the DagBag from /home/airflow/.local/lib/python3.7/site-packages/airflow/example_dags/example_task_group_decorator.py
[2024-09-25T13:10:20.540+0000] {processor.py:766} INFO - DAG(s) dict_keys(['example_task_group_decorator']) retrieved from /home/airflow/.local/lib/python3.7/site-packages/airflow/example_dags/example_task_group_decorator.py
[2024-09-25T13:10:20.597+0000] {logging_mixin.py:120} INFO - [2024-09-25T13:10:20.597+0000] {dag.py:2585} INFO - Sync 1 DAGs
[2024-09-25T13:10:20.628+0000] {logging_mixin.py:120} INFO - [2024-09-25T13:10:20.627+0000] {dag.py:3340} INFO - Setting next_dagrun for example_task_group_decorator to 2024-09-24T13:10:20.627671+00:00, run_after=2024-09-25T13:10:20.627671+00:00
[2024-09-25T13:10:20.655+0000] {processor.py:176} INFO - Processing /home/airflow/.local/lib/python3.7/site-packages/airflow/example_dags/example_task_group_decorator.py took 0.159 seconds
[2024-09-25T13:10:50.755+0000] {processor.py:154} INFO - Started process (PID=24270) to work on /home/airflow/.local/lib/python3.7/site-packages/airflow/example_dags/example_task_group_decorator.py
[2024-09-25T13:10:50.759+0000] {processor.py:756} INFO - Processing file /home/airflow/.local/lib/python3.7/site-packages/airflow/example_dags/example_task_group_decorator.py for tasks to queue
[2024-09-25T13:10:50.760+0000] {logging_mixin.py:120} INFO - [2024-09-25T13:10:50.760+0000] {dagbag.py:537} INFO - Filling up the DagBag from /home/airflow/.local/lib/python3.7/site-packages/airflow/example_dags/example_task_group_decorator.py
[2024-09-25T13:10:50.797+0000] {processor.py:766} INFO - DAG(s) dict_keys(['example_task_group_decorator']) retrieved from /home/airflow/.local/lib/python3.7/site-packages/airflow/example_dags/example_task_group_decorator.py
[2024-09-25T13:10:50.853+0000] {logging_mixin.py:120} INFO - [2024-09-25T13:10:50.852+0000] {dag.py:2585} INFO - Sync 1 DAGs
[2024-09-25T13:10:50.882+0000] {logging_mixin.py:120} INFO - [2024-09-25T13:10:50.882+0000] {dag.py:3340} INFO - Setting next_dagrun for example_task_group_decorator to 2024-09-24T13:10:50.881952+00:00, run_after=2024-09-25T13:10:50.881952+00:00
[2024-09-25T13:10:50.907+0000] {processor.py:176} INFO - Processing /home/airflow/.local/lib/python3.7/site-packages/airflow/example_dags/example_task_group_decorator.py took 0.157 seconds
[2024-09-25T13:11:21.595+0000] {processor.py:154} INFO - Started process (PID=24332) to work on /home/airflow/.local/lib/python3.7/site-packages/airflow/example_dags/example_task_group_decorator.py
[2024-09-25T13:11:21.596+0000] {processor.py:756} INFO - Processing file /home/airflow/.local/lib/python3.7/site-packages/airflow/example_dags/example_task_group_decorator.py for tasks to queue
[2024-09-25T13:11:21.597+0000] {logging_mixin.py:120} INFO - [2024-09-25T13:11:21.597+0000] {dagbag.py:537} INFO - Filling up the DagBag from /home/airflow/.local/lib/python3.7/site-packages/airflow/example_dags/example_task_group_decorator.py
[2024-09-25T13:11:21.633+0000] {processor.py:766} INFO - DAG(s) dict_keys(['example_task_group_decorator']) retrieved from /home/airflow/.local/lib/python3.7/site-packages/airflow/example_dags/example_task_group_decorator.py
[2024-09-25T13:11:21.682+0000] {logging_mixin.py:120} INFO - [2024-09-25T13:11:21.682+0000] {dag.py:2585} INFO - Sync 1 DAGs
[2024-09-25T13:11:21.865+0000] {logging_mixin.py:120} INFO - [2024-09-25T13:11:21.865+0000] {dag.py:3340} INFO - Setting next_dagrun for example_task_group_decorator to 2024-09-24T13:11:21.864769+00:00, run_after=2024-09-25T13:11:21.864769+00:00
[2024-09-25T13:11:21.892+0000] {processor.py:176} INFO - Processing /home/airflow/.local/lib/python3.7/site-packages/airflow/example_dags/example_task_group_decorator.py took 0.302 seconds
[2024-09-25T13:11:52.013+0000] {processor.py:154} INFO - Started process (PID=24395) to work on /home/airflow/.local/lib/python3.7/site-packages/airflow/example_dags/example_task_group_decorator.py
[2024-09-25T13:11:52.015+0000] {processor.py:756} INFO - Processing file /home/airflow/.local/lib/python3.7/site-packages/airflow/example_dags/example_task_group_decorator.py for tasks to queue
[2024-09-25T13:11:52.016+0000] {logging_mixin.py:120} INFO - [2024-09-25T13:11:52.016+0000] {dagbag.py:537} INFO - Filling up the DagBag from /home/airflow/.local/lib/python3.7/site-packages/airflow/example_dags/example_task_group_decorator.py
[2024-09-25T13:11:52.048+0000] {processor.py:766} INFO - DAG(s) dict_keys(['example_task_group_decorator']) retrieved from /home/airflow/.local/lib/python3.7/site-packages/airflow/example_dags/example_task_group_decorator.py
[2024-09-25T13:11:52.101+0000] {logging_mixin.py:120} INFO - [2024-09-25T13:11:52.100+0000] {dag.py:2585} INFO - Sync 1 DAGs
[2024-09-25T13:11:52.130+0000] {logging_mixin.py:120} INFO - [2024-09-25T13:11:52.130+0000] {dag.py:3340} INFO - Setting next_dagrun for example_task_group_decorator to 2024-09-24T13:11:52.130393+00:00, run_after=2024-09-25T13:11:52.130393+00:00
[2024-09-25T13:11:52.157+0000] {processor.py:176} INFO - Processing /home/airflow/.local/lib/python3.7/site-packages/airflow/example_dags/example_task_group_decorator.py took 0.148 seconds
[2024-09-25T13:12:22.217+0000] {processor.py:154} INFO - Started process (PID=24449) to work on /home/airflow/.local/lib/python3.7/site-packages/airflow/example_dags/example_task_group_decorator.py
[2024-09-25T13:12:22.219+0000] {processor.py:756} INFO - Processing file /home/airflow/.local/lib/python3.7/site-packages/airflow/example_dags/example_task_group_decorator.py for tasks to queue
[2024-09-25T13:12:22.220+0000] {logging_mixin.py:120} INFO - [2024-09-25T13:12:22.219+0000] {dagbag.py:537} INFO - Filling up the DagBag from /home/airflow/.local/lib/python3.7/site-packages/airflow/example_dags/example_task_group_decorator.py
[2024-09-25T13:12:22.255+0000] {processor.py:766} INFO - DAG(s) dict_keys(['example_task_group_decorator']) retrieved from /home/airflow/.local/lib/python3.7/site-packages/airflow/example_dags/example_task_group_decorator.py
[2024-09-25T13:12:22.309+0000] {logging_mixin.py:120} INFO - [2024-09-25T13:12:22.309+0000] {dag.py:2585} INFO - Sync 1 DAGs
[2024-09-25T13:12:22.339+0000] {logging_mixin.py:120} INFO - [2024-09-25T13:12:22.338+0000] {dag.py:3340} INFO - Setting next_dagrun for example_task_group_decorator to 2024-09-24T13:12:22.338481+00:00, run_after=2024-09-25T13:12:22.338481+00:00
[2024-09-25T13:12:22.363+0000] {processor.py:176} INFO - Processing /home/airflow/.local/lib/python3.7/site-packages/airflow/example_dags/example_task_group_decorator.py took 0.152 seconds
[2024-09-25T13:12:52.454+0000] {processor.py:154} INFO - Started process (PID=24511) to work on /home/airflow/.local/lib/python3.7/site-packages/airflow/example_dags/example_task_group_decorator.py
[2024-09-25T13:12:52.456+0000] {processor.py:756} INFO - Processing file /home/airflow/.local/lib/python3.7/site-packages/airflow/example_dags/example_task_group_decorator.py for tasks to queue
[2024-09-25T13:12:52.457+0000] {logging_mixin.py:120} INFO - [2024-09-25T13:12:52.457+0000] {dagbag.py:537} INFO - Filling up the DagBag from /home/airflow/.local/lib/python3.7/site-packages/airflow/example_dags/example_task_group_decorator.py
[2024-09-25T13:12:52.497+0000] {processor.py:766} INFO - DAG(s) dict_keys(['example_task_group_decorator']) retrieved from /home/airflow/.local/lib/python3.7/site-packages/airflow/example_dags/example_task_group_decorator.py
[2024-09-25T13:12:52.548+0000] {logging_mixin.py:120} INFO - [2024-09-25T13:12:52.548+0000] {dag.py:2585} INFO - Sync 1 DAGs
[2024-09-25T13:12:52.581+0000] {logging_mixin.py:120} INFO - [2024-09-25T13:12:52.581+0000] {dag.py:3340} INFO - Setting next_dagrun for example_task_group_decorator to 2024-09-24T13:12:52.580820+00:00, run_after=2024-09-25T13:12:52.580820+00:00
[2024-09-25T13:12:52.605+0000] {processor.py:176} INFO - Processing /home/airflow/.local/lib/python3.7/site-packages/airflow/example_dags/example_task_group_decorator.py took 0.158 seconds
[2024-09-25T13:13:23.201+0000] {processor.py:154} INFO - Started process (PID=24574) to work on /home/airflow/.local/lib/python3.7/site-packages/airflow/example_dags/example_task_group_decorator.py
[2024-09-25T13:13:23.204+0000] {processor.py:756} INFO - Processing file /home/airflow/.local/lib/python3.7/site-packages/airflow/example_dags/example_task_group_decorator.py for tasks to queue
[2024-09-25T13:13:23.205+0000] {logging_mixin.py:120} INFO - [2024-09-25T13:13:23.205+0000] {dagbag.py:537} INFO - Filling up the DagBag from /home/airflow/.local/lib/python3.7/site-packages/airflow/example_dags/example_task_group_decorator.py
[2024-09-25T13:13:23.243+0000] {processor.py:766} INFO - DAG(s) dict_keys(['example_task_group_decorator']) retrieved from /home/airflow/.local/lib/python3.7/site-packages/airflow/example_dags/example_task_group_decorator.py
[2024-09-25T13:13:23.303+0000] {logging_mixin.py:120} INFO - [2024-09-25T13:13:23.303+0000] {dag.py:2585} INFO - Sync 1 DAGs
[2024-09-25T13:13:23.483+0000] {logging_mixin.py:120} INFO - [2024-09-25T13:13:23.483+0000] {dag.py:3340} INFO - Setting next_dagrun for example_task_group_decorator to 2024-09-24T13:13:23.483151+00:00, run_after=2024-09-25T13:13:23.483151+00:00
[2024-09-25T13:13:23.509+0000] {processor.py:176} INFO - Processing /home/airflow/.local/lib/python3.7/site-packages/airflow/example_dags/example_task_group_decorator.py took 0.313 seconds
[2024-09-25T13:13:54.376+0000] {processor.py:154} INFO - Started process (PID=24628) to work on /home/airflow/.local/lib/python3.7/site-packages/airflow/example_dags/example_task_group_decorator.py
[2024-09-25T13:13:54.377+0000] {processor.py:756} INFO - Processing file /home/airflow/.local/lib/python3.7/site-packages/airflow/example_dags/example_task_group_decorator.py for tasks to queue
[2024-09-25T13:13:54.378+0000] {logging_mixin.py:120} INFO - [2024-09-25T13:13:54.378+0000] {dagbag.py:537} INFO - Filling up the DagBag from /home/airflow/.local/lib/python3.7/site-packages/airflow/example_dags/example_task_group_decorator.py
[2024-09-25T13:13:54.415+0000] {processor.py:766} INFO - DAG(s) dict_keys(['example_task_group_decorator']) retrieved from /home/airflow/.local/lib/python3.7/site-packages/airflow/example_dags/example_task_group_decorator.py
[2024-09-25T13:13:54.471+0000] {logging_mixin.py:120} INFO - [2024-09-25T13:13:54.471+0000] {dag.py:2585} INFO - Sync 1 DAGs
[2024-09-25T13:13:54.500+0000] {logging_mixin.py:120} INFO - [2024-09-25T13:13:54.500+0000] {dag.py:3340} INFO - Setting next_dagrun for example_task_group_decorator to 2024-09-24T13:13:54.500421+00:00, run_after=2024-09-25T13:13:54.500421+00:00
[2024-09-25T13:13:54.522+0000] {processor.py:176} INFO - Processing /home/airflow/.local/lib/python3.7/site-packages/airflow/example_dags/example_task_group_decorator.py took 0.151 seconds
[2024-09-25T13:14:24.613+0000] {processor.py:154} INFO - Started process (PID=24691) to work on /home/airflow/.local/lib/python3.7/site-packages/airflow/example_dags/example_task_group_decorator.py
[2024-09-25T13:14:24.616+0000] {processor.py:756} INFO - Processing file /home/airflow/.local/lib/python3.7/site-packages/airflow/example_dags/example_task_group_decorator.py for tasks to queue
[2024-09-25T13:14:24.617+0000] {logging_mixin.py:120} INFO - [2024-09-25T13:14:24.617+0000] {dagbag.py:537} INFO - Filling up the DagBag from /home/airflow/.local/lib/python3.7/site-packages/airflow/example_dags/example_task_group_decorator.py
[2024-09-25T13:14:24.657+0000] {processor.py:766} INFO - DAG(s) dict_keys(['example_task_group_decorator']) retrieved from /home/airflow/.local/lib/python3.7/site-packages/airflow/example_dags/example_task_group_decorator.py
[2024-09-25T13:14:24.712+0000] {logging_mixin.py:120} INFO - [2024-09-25T13:14:24.712+0000] {dag.py:2585} INFO - Sync 1 DAGs
[2024-09-25T13:14:24.745+0000] {logging_mixin.py:120} INFO - [2024-09-25T13:14:24.744+0000] {dag.py:3340} INFO - Setting next_dagrun for example_task_group_decorator to 2024-09-24T13:14:24.744530+00:00, run_after=2024-09-25T13:14:24.744530+00:00
[2024-09-25T13:14:24.774+0000] {processor.py:176} INFO - Processing /home/airflow/.local/lib/python3.7/site-packages/airflow/example_dags/example_task_group_decorator.py took 0.165 seconds
[2024-09-25T13:14:55.179+0000] {processor.py:154} INFO - Started process (PID=24755) to work on /home/airflow/.local/lib/python3.7/site-packages/airflow/example_dags/example_task_group_decorator.py
[2024-09-25T13:14:55.180+0000] {processor.py:756} INFO - Processing file /home/airflow/.local/lib/python3.7/site-packages/airflow/example_dags/example_task_group_decorator.py for tasks to queue
[2024-09-25T13:14:55.184+0000] {logging_mixin.py:120} INFO - [2024-09-25T13:14:55.184+0000] {dagbag.py:537} INFO - Filling up the DagBag from /home/airflow/.local/lib/python3.7/site-packages/airflow/example_dags/example_task_group_decorator.py
[2024-09-25T13:14:55.219+0000] {processor.py:766} INFO - DAG(s) dict_keys(['example_task_group_decorator']) retrieved from /home/airflow/.local/lib/python3.7/site-packages/airflow/example_dags/example_task_group_decorator.py
[2024-09-25T13:14:55.272+0000] {logging_mixin.py:120} INFO - [2024-09-25T13:14:55.272+0000] {dag.py:2585} INFO - Sync 1 DAGs
[2024-09-25T13:14:55.304+0000] {logging_mixin.py:120} INFO - [2024-09-25T13:14:55.304+0000] {dag.py:3340} INFO - Setting next_dagrun for example_task_group_decorator to 2024-09-24T13:14:55.304152+00:00, run_after=2024-09-25T13:14:55.304152+00:00
[2024-09-25T13:14:55.340+0000] {processor.py:176} INFO - Processing /home/airflow/.local/lib/python3.7/site-packages/airflow/example_dags/example_task_group_decorator.py took 0.166 seconds
[2024-09-25T13:15:25.754+0000] {processor.py:154} INFO - Started process (PID=24819) to work on /home/airflow/.local/lib/python3.7/site-packages/airflow/example_dags/example_task_group_decorator.py
[2024-09-25T13:15:25.757+0000] {processor.py:756} INFO - Processing file /home/airflow/.local/lib/python3.7/site-packages/airflow/example_dags/example_task_group_decorator.py for tasks to queue
[2024-09-25T13:15:25.759+0000] {logging_mixin.py:120} INFO - [2024-09-25T13:15:25.759+0000] {dagbag.py:537} INFO - Filling up the DagBag from /home/airflow/.local/lib/python3.7/site-packages/airflow/example_dags/example_task_group_decorator.py
[2024-09-25T13:15:25.798+0000] {processor.py:766} INFO - DAG(s) dict_keys(['example_task_group_decorator']) retrieved from /home/airflow/.local/lib/python3.7/site-packages/airflow/example_dags/example_task_group_decorator.py
[2024-09-25T13:15:25.857+0000] {logging_mixin.py:120} INFO - [2024-09-25T13:15:25.857+0000] {dag.py:2585} INFO - Sync 1 DAGs
[2024-09-25T13:15:26.059+0000] {logging_mixin.py:120} INFO - [2024-09-25T13:15:26.059+0000] {dag.py:3340} INFO - Setting next_dagrun for example_task_group_decorator to 2024-09-24T13:15:26.058792+00:00, run_after=2024-09-25T13:15:26.058792+00:00
[2024-09-25T13:15:26.084+0000] {processor.py:176} INFO - Processing /home/airflow/.local/lib/python3.7/site-packages/airflow/example_dags/example_task_group_decorator.py took 0.335 seconds
[2024-09-25T13:15:56.922+0000] {processor.py:154} INFO - Started process (PID=24874) to work on /home/airflow/.local/lib/python3.7/site-packages/airflow/example_dags/example_task_group_decorator.py
[2024-09-25T13:15:56.925+0000] {processor.py:756} INFO - Processing file /home/airflow/.local/lib/python3.7/site-packages/airflow/example_dags/example_task_group_decorator.py for tasks to queue
[2024-09-25T13:15:56.927+0000] {logging_mixin.py:120} INFO - [2024-09-25T13:15:56.927+0000] {dagbag.py:537} INFO - Filling up the DagBag from /home/airflow/.local/lib/python3.7/site-packages/airflow/example_dags/example_task_group_decorator.py
[2024-09-25T13:15:56.964+0000] {processor.py:766} INFO - DAG(s) dict_keys(['example_task_group_decorator']) retrieved from /home/airflow/.local/lib/python3.7/site-packages/airflow/example_dags/example_task_group_decorator.py
[2024-09-25T13:15:57.024+0000] {logging_mixin.py:120} INFO - [2024-09-25T13:15:57.024+0000] {dag.py:2585} INFO - Sync 1 DAGs
[2024-09-25T13:15:57.057+0000] {logging_mixin.py:120} INFO - [2024-09-25T13:15:57.056+0000] {dag.py:3340} INFO - Setting next_dagrun for example_task_group_decorator to 2024-09-24T13:15:57.056591+00:00, run_after=2024-09-25T13:15:57.056591+00:00
[2024-09-25T13:15:57.083+0000] {processor.py:176} INFO - Processing /home/airflow/.local/lib/python3.7/site-packages/airflow/example_dags/example_task_group_decorator.py took 0.166 seconds
[2024-09-25T13:16:27.137+0000] {processor.py:154} INFO - Started process (PID=24938) to work on /home/airflow/.local/lib/python3.7/site-packages/airflow/example_dags/example_task_group_decorator.py
[2024-09-25T13:16:27.142+0000] {processor.py:756} INFO - Processing file /home/airflow/.local/lib/python3.7/site-packages/airflow/example_dags/example_task_group_decorator.py for tasks to queue
[2024-09-25T13:16:27.143+0000] {logging_mixin.py:120} INFO - [2024-09-25T13:16:27.143+0000] {dagbag.py:537} INFO - Filling up the DagBag from /home/airflow/.local/lib/python3.7/site-packages/airflow/example_dags/example_task_group_decorator.py
[2024-09-25T13:16:27.177+0000] {processor.py:766} INFO - DAG(s) dict_keys(['example_task_group_decorator']) retrieved from /home/airflow/.local/lib/python3.7/site-packages/airflow/example_dags/example_task_group_decorator.py
[2024-09-25T13:16:27.228+0000] {logging_mixin.py:120} INFO - [2024-09-25T13:16:27.228+0000] {dag.py:2585} INFO - Sync 1 DAGs
[2024-09-25T13:16:27.258+0000] {logging_mixin.py:120} INFO - [2024-09-25T13:16:27.258+0000] {dag.py:3340} INFO - Setting next_dagrun for example_task_group_decorator to 2024-09-24T13:16:27.257652+00:00, run_after=2024-09-25T13:16:27.257652+00:00
[2024-09-25T13:16:27.284+0000] {processor.py:176} INFO - Processing /home/airflow/.local/lib/python3.7/site-packages/airflow/example_dags/example_task_group_decorator.py took 0.150 seconds
[2024-09-25T13:16:57.624+0000] {processor.py:154} INFO - Started process (PID=25001) to work on /home/airflow/.local/lib/python3.7/site-packages/airflow/example_dags/example_task_group_decorator.py
[2024-09-25T13:16:57.626+0000] {processor.py:756} INFO - Processing file /home/airflow/.local/lib/python3.7/site-packages/airflow/example_dags/example_task_group_decorator.py for tasks to queue
[2024-09-25T13:16:57.627+0000] {logging_mixin.py:120} INFO - [2024-09-25T13:16:57.627+0000] {dagbag.py:537} INFO - Filling up the DagBag from /home/airflow/.local/lib/python3.7/site-packages/airflow/example_dags/example_task_group_decorator.py
[2024-09-25T13:16:57.667+0000] {processor.py:766} INFO - DAG(s) dict_keys(['example_task_group_decorator']) retrieved from /home/airflow/.local/lib/python3.7/site-packages/airflow/example_dags/example_task_group_decorator.py
[2024-09-25T13:16:57.718+0000] {logging_mixin.py:120} INFO - [2024-09-25T13:16:57.718+0000] {dag.py:2585} INFO - Sync 1 DAGs
[2024-09-25T13:16:57.749+0000] {logging_mixin.py:120} INFO - [2024-09-25T13:16:57.749+0000] {dag.py:3340} INFO - Setting next_dagrun for example_task_group_decorator to 2024-09-24T13:16:57.749459+00:00, run_after=2024-09-25T13:16:57.749459+00:00
[2024-09-25T13:16:57.774+0000] {processor.py:176} INFO - Processing /home/airflow/.local/lib/python3.7/site-packages/airflow/example_dags/example_task_group_decorator.py took 0.154 seconds
[2024-09-25T13:17:28.568+0000] {processor.py:154} INFO - Started process (PID=25056) to work on /home/airflow/.local/lib/python3.7/site-packages/airflow/example_dags/example_task_group_decorator.py
[2024-09-25T13:17:28.570+0000] {processor.py:756} INFO - Processing file /home/airflow/.local/lib/python3.7/site-packages/airflow/example_dags/example_task_group_decorator.py for tasks to queue
[2024-09-25T13:17:28.572+0000] {logging_mixin.py:120} INFO - [2024-09-25T13:17:28.572+0000] {dagbag.py:537} INFO - Filling up the DagBag from /home/airflow/.local/lib/python3.7/site-packages/airflow/example_dags/example_task_group_decorator.py
[2024-09-25T13:17:28.612+0000] {processor.py:766} INFO - DAG(s) dict_keys(['example_task_group_decorator']) retrieved from /home/airflow/.local/lib/python3.7/site-packages/airflow/example_dags/example_task_group_decorator.py
[2024-09-25T13:17:28.672+0000] {logging_mixin.py:120} INFO - [2024-09-25T13:17:28.672+0000] {dag.py:2585} INFO - Sync 1 DAGs
[2024-09-25T13:17:28.711+0000] {logging_mixin.py:120} INFO - [2024-09-25T13:17:28.711+0000] {dag.py:3340} INFO - Setting next_dagrun for example_task_group_decorator to 2024-09-24T13:17:28.710946+00:00, run_after=2024-09-25T13:17:28.710946+00:00
[2024-09-25T13:17:28.904+0000] {processor.py:176} INFO - Processing /home/airflow/.local/lib/python3.7/site-packages/airflow/example_dags/example_task_group_decorator.py took 0.341 seconds
[2024-09-25T13:17:59.231+0000] {processor.py:154} INFO - Started process (PID=25121) to work on /home/airflow/.local/lib/python3.7/site-packages/airflow/example_dags/example_task_group_decorator.py
[2024-09-25T13:17:59.234+0000] {processor.py:756} INFO - Processing file /home/airflow/.local/lib/python3.7/site-packages/airflow/example_dags/example_task_group_decorator.py for tasks to queue
[2024-09-25T13:17:59.235+0000] {logging_mixin.py:120} INFO - [2024-09-25T13:17:59.235+0000] {dagbag.py:537} INFO - Filling up the DagBag from /home/airflow/.local/lib/python3.7/site-packages/airflow/example_dags/example_task_group_decorator.py
[2024-09-25T13:17:59.271+0000] {processor.py:766} INFO - DAG(s) dict_keys(['example_task_group_decorator']) retrieved from /home/airflow/.local/lib/python3.7/site-packages/airflow/example_dags/example_task_group_decorator.py
[2024-09-25T13:17:59.321+0000] {logging_mixin.py:120} INFO - [2024-09-25T13:17:59.321+0000] {dag.py:2585} INFO - Sync 1 DAGs
[2024-09-25T13:17:59.352+0000] {logging_mixin.py:120} INFO - [2024-09-25T13:17:59.352+0000] {dag.py:3340} INFO - Setting next_dagrun for example_task_group_decorator to 2024-09-24T13:17:59.351750+00:00, run_after=2024-09-25T13:17:59.351750+00:00
[2024-09-25T13:17:59.375+0000] {processor.py:176} INFO - Processing /home/airflow/.local/lib/python3.7/site-packages/airflow/example_dags/example_task_group_decorator.py took 0.149 seconds
[2024-09-25T13:18:29.433+0000] {processor.py:154} INFO - Started process (PID=25185) to work on /home/airflow/.local/lib/python3.7/site-packages/airflow/example_dags/example_task_group_decorator.py
[2024-09-25T13:18:29.435+0000] {processor.py:756} INFO - Processing file /home/airflow/.local/lib/python3.7/site-packages/airflow/example_dags/example_task_group_decorator.py for tasks to queue
[2024-09-25T13:18:29.436+0000] {logging_mixin.py:120} INFO - [2024-09-25T13:18:29.436+0000] {dagbag.py:537} INFO - Filling up the DagBag from /home/airflow/.local/lib/python3.7/site-packages/airflow/example_dags/example_task_group_decorator.py
[2024-09-25T13:18:29.472+0000] {processor.py:766} INFO - DAG(s) dict_keys(['example_task_group_decorator']) retrieved from /home/airflow/.local/lib/python3.7/site-packages/airflow/example_dags/example_task_group_decorator.py
[2024-09-25T13:18:29.527+0000] {logging_mixin.py:120} INFO - [2024-09-25T13:18:29.527+0000] {dag.py:2585} INFO - Sync 1 DAGs
[2024-09-25T13:18:29.559+0000] {logging_mixin.py:120} INFO - [2024-09-25T13:18:29.558+0000] {dag.py:3340} INFO - Setting next_dagrun for example_task_group_decorator to 2024-09-24T13:18:29.558635+00:00, run_after=2024-09-25T13:18:29.558635+00:00
[2024-09-25T13:18:29.582+0000] {processor.py:176} INFO - Processing /home/airflow/.local/lib/python3.7/site-packages/airflow/example_dags/example_task_group_decorator.py took 0.155 seconds
[2024-09-25T13:18:59.858+0000] {processor.py:154} INFO - Started process (PID=25239) to work on /home/airflow/.local/lib/python3.7/site-packages/airflow/example_dags/example_task_group_decorator.py
[2024-09-25T13:18:59.859+0000] {processor.py:756} INFO - Processing file /home/airflow/.local/lib/python3.7/site-packages/airflow/example_dags/example_task_group_decorator.py for tasks to queue
[2024-09-25T13:18:59.860+0000] {logging_mixin.py:120} INFO - [2024-09-25T13:18:59.860+0000] {dagbag.py:537} INFO - Filling up the DagBag from /home/airflow/.local/lib/python3.7/site-packages/airflow/example_dags/example_task_group_decorator.py
[2024-09-25T13:18:59.898+0000] {processor.py:766} INFO - DAG(s) dict_keys(['example_task_group_decorator']) retrieved from /home/airflow/.local/lib/python3.7/site-packages/airflow/example_dags/example_task_group_decorator.py
[2024-09-25T13:18:59.948+0000] {logging_mixin.py:120} INFO - [2024-09-25T13:18:59.948+0000] {dag.py:2585} INFO - Sync 1 DAGs
[2024-09-25T13:18:59.983+0000] {logging_mixin.py:120} INFO - [2024-09-25T13:18:59.983+0000] {dag.py:3340} INFO - Setting next_dagrun for example_task_group_decorator to 2024-09-24T13:18:59.983101+00:00, run_after=2024-09-25T13:18:59.983101+00:00
[2024-09-25T13:19:00.020+0000] {processor.py:176} INFO - Processing /home/airflow/.local/lib/python3.7/site-packages/airflow/example_dags/example_task_group_decorator.py took 0.166 seconds
[2024-09-25T13:19:30.670+0000] {processor.py:154} INFO - Started process (PID=25303) to work on /home/airflow/.local/lib/python3.7/site-packages/airflow/example_dags/example_task_group_decorator.py
[2024-09-25T13:19:30.672+0000] {processor.py:756} INFO - Processing file /home/airflow/.local/lib/python3.7/site-packages/airflow/example_dags/example_task_group_decorator.py for tasks to queue
[2024-09-25T13:19:30.673+0000] {logging_mixin.py:120} INFO - [2024-09-25T13:19:30.673+0000] {dagbag.py:537} INFO - Filling up the DagBag from /home/airflow/.local/lib/python3.7/site-packages/airflow/example_dags/example_task_group_decorator.py
[2024-09-25T13:19:30.708+0000] {processor.py:766} INFO - DAG(s) dict_keys(['example_task_group_decorator']) retrieved from /home/airflow/.local/lib/python3.7/site-packages/airflow/example_dags/example_task_group_decorator.py
[2024-09-25T13:19:30.759+0000] {logging_mixin.py:120} INFO - [2024-09-25T13:19:30.759+0000] {dag.py:2585} INFO - Sync 1 DAGs
[2024-09-25T13:19:30.789+0000] {logging_mixin.py:120} INFO - [2024-09-25T13:19:30.789+0000] {dag.py:3340} INFO - Setting next_dagrun for example_task_group_decorator to 2024-09-24T13:19:30.789093+00:00, run_after=2024-09-25T13:19:30.789093+00:00
[2024-09-25T13:19:30.961+0000] {processor.py:176} INFO - Processing /home/airflow/.local/lib/python3.7/site-packages/airflow/example_dags/example_task_group_decorator.py took 0.296 seconds
[2024-09-25T13:20:01.341+0000] {processor.py:154} INFO - Started process (PID=25367) to work on /home/airflow/.local/lib/python3.7/site-packages/airflow/example_dags/example_task_group_decorator.py
[2024-09-25T13:20:01.344+0000] {processor.py:756} INFO - Processing file /home/airflow/.local/lib/python3.7/site-packages/airflow/example_dags/example_task_group_decorator.py for tasks to queue
[2024-09-25T13:20:01.345+0000] {logging_mixin.py:120} INFO - [2024-09-25T13:20:01.345+0000] {dagbag.py:537} INFO - Filling up the DagBag from /home/airflow/.local/lib/python3.7/site-packages/airflow/example_dags/example_task_group_decorator.py
[2024-09-25T13:20:01.392+0000] {processor.py:766} INFO - DAG(s) dict_keys(['example_task_group_decorator']) retrieved from /home/airflow/.local/lib/python3.7/site-packages/airflow/example_dags/example_task_group_decorator.py
[2024-09-25T13:20:01.448+0000] {logging_mixin.py:120} INFO - [2024-09-25T13:20:01.448+0000] {dag.py:2585} INFO - Sync 1 DAGs
[2024-09-25T13:20:01.481+0000] {logging_mixin.py:120} INFO - [2024-09-25T13:20:01.481+0000] {dag.py:3340} INFO - Setting next_dagrun for example_task_group_decorator to 2024-09-24T13:20:01.480966+00:00, run_after=2024-09-25T13:20:01.480966+00:00
[2024-09-25T13:20:01.505+0000] {processor.py:176} INFO - Processing /home/airflow/.local/lib/python3.7/site-packages/airflow/example_dags/example_task_group_decorator.py took 0.169 seconds
[2024-09-25T13:20:31.624+0000] {processor.py:154} INFO - Started process (PID=25422) to work on /home/airflow/.local/lib/python3.7/site-packages/airflow/example_dags/example_task_group_decorator.py
[2024-09-25T13:20:31.625+0000] {processor.py:756} INFO - Processing file /home/airflow/.local/lib/python3.7/site-packages/airflow/example_dags/example_task_group_decorator.py for tasks to queue
[2024-09-25T13:20:31.626+0000] {logging_mixin.py:120} INFO - [2024-09-25T13:20:31.626+0000] {dagbag.py:537} INFO - Filling up the DagBag from /home/airflow/.local/lib/python3.7/site-packages/airflow/example_dags/example_task_group_decorator.py
[2024-09-25T13:20:31.663+0000] {processor.py:766} INFO - DAG(s) dict_keys(['example_task_group_decorator']) retrieved from /home/airflow/.local/lib/python3.7/site-packages/airflow/example_dags/example_task_group_decorator.py
[2024-09-25T13:20:31.715+0000] {logging_mixin.py:120} INFO - [2024-09-25T13:20:31.714+0000] {dag.py:2585} INFO - Sync 1 DAGs
[2024-09-25T13:20:31.743+0000] {logging_mixin.py:120} INFO - [2024-09-25T13:20:31.743+0000] {dag.py:3340} INFO - Setting next_dagrun for example_task_group_decorator to 2024-09-24T13:20:31.742985+00:00, run_after=2024-09-25T13:20:31.742985+00:00
[2024-09-25T13:20:31.770+0000] {processor.py:176} INFO - Processing /home/airflow/.local/lib/python3.7/site-packages/airflow/example_dags/example_task_group_decorator.py took 0.151 seconds
[2024-09-25T13:21:01.889+0000] {processor.py:154} INFO - Started process (PID=25486) to work on /home/airflow/.local/lib/python3.7/site-packages/airflow/example_dags/example_task_group_decorator.py
[2024-09-25T13:21:01.892+0000] {processor.py:756} INFO - Processing file /home/airflow/.local/lib/python3.7/site-packages/airflow/example_dags/example_task_group_decorator.py for tasks to queue
[2024-09-25T13:21:01.893+0000] {logging_mixin.py:120} INFO - [2024-09-25T13:21:01.893+0000] {dagbag.py:537} INFO - Filling up the DagBag from /home/airflow/.local/lib/python3.7/site-packages/airflow/example_dags/example_task_group_decorator.py
[2024-09-25T13:21:01.928+0000] {processor.py:766} INFO - DAG(s) dict_keys(['example_task_group_decorator']) retrieved from /home/airflow/.local/lib/python3.7/site-packages/airflow/example_dags/example_task_group_decorator.py
[2024-09-25T13:21:01.985+0000] {logging_mixin.py:120} INFO - [2024-09-25T13:21:01.985+0000] {dag.py:2585} INFO - Sync 1 DAGs
[2024-09-25T13:21:02.014+0000] {logging_mixin.py:120} INFO - [2024-09-25T13:21:02.014+0000] {dag.py:3340} INFO - Setting next_dagrun for example_task_group_decorator to 2024-09-24T13:21:02.014392+00:00, run_after=2024-09-25T13:21:02.014392+00:00
[2024-09-25T13:21:02.041+0000] {processor.py:176} INFO - Processing /home/airflow/.local/lib/python3.7/site-packages/airflow/example_dags/example_task_group_decorator.py took 0.157 seconds
[2024-09-25T13:21:32.625+0000] {processor.py:154} INFO - Started process (PID=25550) to work on /home/airflow/.local/lib/python3.7/site-packages/airflow/example_dags/example_task_group_decorator.py
[2024-09-25T13:21:32.628+0000] {processor.py:756} INFO - Processing file /home/airflow/.local/lib/python3.7/site-packages/airflow/example_dags/example_task_group_decorator.py for tasks to queue
[2024-09-25T13:21:32.632+0000] {logging_mixin.py:120} INFO - [2024-09-25T13:21:32.631+0000] {dagbag.py:537} INFO - Filling up the DagBag from /home/airflow/.local/lib/python3.7/site-packages/airflow/example_dags/example_task_group_decorator.py
[2024-09-25T13:21:32.668+0000] {processor.py:766} INFO - DAG(s) dict_keys(['example_task_group_decorator']) retrieved from /home/airflow/.local/lib/python3.7/site-packages/airflow/example_dags/example_task_group_decorator.py
[2024-09-25T13:21:32.718+0000] {logging_mixin.py:120} INFO - [2024-09-25T13:21:32.718+0000] {dag.py:2585} INFO - Sync 1 DAGs
[2024-09-25T13:21:32.749+0000] {logging_mixin.py:120} INFO - [2024-09-25T13:21:32.749+0000] {dag.py:3340} INFO - Setting next_dagrun for example_task_group_decorator to 2024-09-24T13:21:32.748228+00:00, run_after=2024-09-25T13:21:32.748228+00:00
[2024-09-25T13:21:32.950+0000] {processor.py:176} INFO - Processing /home/airflow/.local/lib/python3.7/site-packages/airflow/example_dags/example_task_group_decorator.py took 0.329 seconds
[2024-09-25T13:22:03.013+0000] {processor.py:154} INFO - Started process (PID=25613) to work on /home/airflow/.local/lib/python3.7/site-packages/airflow/example_dags/example_task_group_decorator.py
[2024-09-25T13:22:03.015+0000] {processor.py:756} INFO - Processing file /home/airflow/.local/lib/python3.7/site-packages/airflow/example_dags/example_task_group_decorator.py for tasks to queue
[2024-09-25T13:22:03.016+0000] {logging_mixin.py:120} INFO - [2024-09-25T13:22:03.016+0000] {dagbag.py:537} INFO - Filling up the DagBag from /home/airflow/.local/lib/python3.7/site-packages/airflow/example_dags/example_task_group_decorator.py
[2024-09-25T13:22:03.054+0000] {processor.py:766} INFO - DAG(s) dict_keys(['example_task_group_decorator']) retrieved from /home/airflow/.local/lib/python3.7/site-packages/airflow/example_dags/example_task_group_decorator.py
[2024-09-25T13:22:03.104+0000] {logging_mixin.py:120} INFO - [2024-09-25T13:22:03.104+0000] {dag.py:2585} INFO - Sync 1 DAGs
[2024-09-25T13:22:03.273+0000] {logging_mixin.py:120} INFO - [2024-09-25T13:22:03.273+0000] {dag.py:3340} INFO - Setting next_dagrun for example_task_group_decorator to 2024-09-24T13:22:03.273175+00:00, run_after=2024-09-25T13:22:03.273175+00:00
[2024-09-25T13:22:03.297+0000] {processor.py:176} INFO - Processing /home/airflow/.local/lib/python3.7/site-packages/airflow/example_dags/example_task_group_decorator.py took 0.290 seconds
[2024-09-25T13:22:34.280+0000] {processor.py:154} INFO - Started process (PID=25669) to work on /home/airflow/.local/lib/python3.7/site-packages/airflow/example_dags/example_task_group_decorator.py
[2024-09-25T13:22:34.283+0000] {processor.py:756} INFO - Processing file /home/airflow/.local/lib/python3.7/site-packages/airflow/example_dags/example_task_group_decorator.py for tasks to queue
[2024-09-25T13:22:34.284+0000] {logging_mixin.py:120} INFO - [2024-09-25T13:22:34.284+0000] {dagbag.py:537} INFO - Filling up the DagBag from /home/airflow/.local/lib/python3.7/site-packages/airflow/example_dags/example_task_group_decorator.py
[2024-09-25T13:22:34.322+0000] {processor.py:766} INFO - DAG(s) dict_keys(['example_task_group_decorator']) retrieved from /home/airflow/.local/lib/python3.7/site-packages/airflow/example_dags/example_task_group_decorator.py
[2024-09-25T13:22:34.374+0000] {logging_mixin.py:120} INFO - [2024-09-25T13:22:34.374+0000] {dag.py:2585} INFO - Sync 1 DAGs
[2024-09-25T13:22:34.404+0000] {logging_mixin.py:120} INFO - [2024-09-25T13:22:34.404+0000] {dag.py:3340} INFO - Setting next_dagrun for example_task_group_decorator to 2024-09-24T13:22:34.404559+00:00, run_after=2024-09-25T13:22:34.404559+00:00
[2024-09-25T13:22:34.429+0000] {processor.py:176} INFO - Processing /home/airflow/.local/lib/python3.7/site-packages/airflow/example_dags/example_task_group_decorator.py took 0.154 seconds
[2024-09-25T13:23:05.092+0000] {processor.py:154} INFO - Started process (PID=25733) to work on /home/airflow/.local/lib/python3.7/site-packages/airflow/example_dags/example_task_group_decorator.py
[2024-09-25T13:23:05.094+0000] {processor.py:756} INFO - Processing file /home/airflow/.local/lib/python3.7/site-packages/airflow/example_dags/example_task_group_decorator.py for tasks to queue
[2024-09-25T13:23:05.095+0000] {logging_mixin.py:120} INFO - [2024-09-25T13:23:05.095+0000] {dagbag.py:537} INFO - Filling up the DagBag from /home/airflow/.local/lib/python3.7/site-packages/airflow/example_dags/example_task_group_decorator.py
[2024-09-25T13:23:05.132+0000] {processor.py:766} INFO - DAG(s) dict_keys(['example_task_group_decorator']) retrieved from /home/airflow/.local/lib/python3.7/site-packages/airflow/example_dags/example_task_group_decorator.py
[2024-09-25T13:23:05.189+0000] {logging_mixin.py:120} INFO - [2024-09-25T13:23:05.189+0000] {dag.py:2585} INFO - Sync 1 DAGs
[2024-09-25T13:23:05.220+0000] {logging_mixin.py:120} INFO - [2024-09-25T13:23:05.220+0000] {dag.py:3340} INFO - Setting next_dagrun for example_task_group_decorator to 2024-09-24T13:23:05.219745+00:00, run_after=2024-09-25T13:23:05.219745+00:00
[2024-09-25T13:23:05.242+0000] {processor.py:176} INFO - Processing /home/airflow/.local/lib/python3.7/site-packages/airflow/example_dags/example_task_group_decorator.py took 0.154 seconds
[2024-09-25T13:23:35.571+0000] {processor.py:154} INFO - Started process (PID=25807) to work on /home/airflow/.local/lib/python3.7/site-packages/airflow/example_dags/example_task_group_decorator.py
[2024-09-25T13:23:35.573+0000] {processor.py:756} INFO - Processing file /home/airflow/.local/lib/python3.7/site-packages/airflow/example_dags/example_task_group_decorator.py for tasks to queue
[2024-09-25T13:23:35.577+0000] {logging_mixin.py:120} INFO - [2024-09-25T13:23:35.577+0000] {dagbag.py:537} INFO - Filling up the DagBag from /home/airflow/.local/lib/python3.7/site-packages/airflow/example_dags/example_task_group_decorator.py
[2024-09-25T13:23:35.615+0000] {processor.py:766} INFO - DAG(s) dict_keys(['example_task_group_decorator']) retrieved from /home/airflow/.local/lib/python3.7/site-packages/airflow/example_dags/example_task_group_decorator.py
[2024-09-25T13:23:35.669+0000] {logging_mixin.py:120} INFO - [2024-09-25T13:23:35.669+0000] {dag.py:2585} INFO - Sync 1 DAGs
[2024-09-25T13:23:35.700+0000] {logging_mixin.py:120} INFO - [2024-09-25T13:23:35.700+0000] {dag.py:3340} INFO - Setting next_dagrun for example_task_group_decorator to 2024-09-24T13:23:35.700356+00:00, run_after=2024-09-25T13:23:35.700356+00:00
[2024-09-25T13:23:35.876+0000] {processor.py:176} INFO - Processing /home/airflow/.local/lib/python3.7/site-packages/airflow/example_dags/example_task_group_decorator.py took 0.310 seconds
[2024-09-25T13:24:05.908+0000] {processor.py:154} INFO - Started process (PID=25862) to work on /home/airflow/.local/lib/python3.7/site-packages/airflow/example_dags/example_task_group_decorator.py
[2024-09-25T13:24:05.910+0000] {processor.py:756} INFO - Processing file /home/airflow/.local/lib/python3.7/site-packages/airflow/example_dags/example_task_group_decorator.py for tasks to queue
[2024-09-25T13:24:05.911+0000] {logging_mixin.py:120} INFO - [2024-09-25T13:24:05.911+0000] {dagbag.py:537} INFO - Filling up the DagBag from /home/airflow/.local/lib/python3.7/site-packages/airflow/example_dags/example_task_group_decorator.py
[2024-09-25T13:24:05.949+0000] {processor.py:766} INFO - DAG(s) dict_keys(['example_task_group_decorator']) retrieved from /home/airflow/.local/lib/python3.7/site-packages/airflow/example_dags/example_task_group_decorator.py
[2024-09-25T13:24:06.006+0000] {logging_mixin.py:120} INFO - [2024-09-25T13:24:06.005+0000] {dag.py:2585} INFO - Sync 1 DAGs
[2024-09-25T13:24:06.193+0000] {logging_mixin.py:120} INFO - [2024-09-25T13:24:06.193+0000] {dag.py:3340} INFO - Setting next_dagrun for example_task_group_decorator to 2024-09-24T13:24:06.193355+00:00, run_after=2024-09-25T13:24:06.193355+00:00
[2024-09-25T13:24:06.216+0000] {processor.py:176} INFO - Processing /home/airflow/.local/lib/python3.7/site-packages/airflow/example_dags/example_task_group_decorator.py took 0.313 seconds
[2024-09-25T13:24:36.263+0000] {processor.py:154} INFO - Started process (PID=25928) to work on /home/airflow/.local/lib/python3.7/site-packages/airflow/example_dags/example_task_group_decorator.py
[2024-09-25T13:24:36.265+0000] {processor.py:756} INFO - Processing file /home/airflow/.local/lib/python3.7/site-packages/airflow/example_dags/example_task_group_decorator.py for tasks to queue
[2024-09-25T13:24:36.266+0000] {logging_mixin.py:120} INFO - [2024-09-25T13:24:36.266+0000] {dagbag.py:537} INFO - Filling up the DagBag from /home/airflow/.local/lib/python3.7/site-packages/airflow/example_dags/example_task_group_decorator.py
[2024-09-25T13:24:36.302+0000] {processor.py:766} INFO - DAG(s) dict_keys(['example_task_group_decorator']) retrieved from /home/airflow/.local/lib/python3.7/site-packages/airflow/example_dags/example_task_group_decorator.py
[2024-09-25T13:24:36.353+0000] {logging_mixin.py:120} INFO - [2024-09-25T13:24:36.353+0000] {dag.py:2585} INFO - Sync 1 DAGs
[2024-09-25T13:24:36.381+0000] {logging_mixin.py:120} INFO - [2024-09-25T13:24:36.381+0000] {dag.py:3340} INFO - Setting next_dagrun for example_task_group_decorator to 2024-09-24T13:24:36.381172+00:00, run_after=2024-09-25T13:24:36.381172+00:00
[2024-09-25T13:24:36.403+0000] {processor.py:176} INFO - Processing /home/airflow/.local/lib/python3.7/site-packages/airflow/example_dags/example_task_group_decorator.py took 0.143 seconds
[2024-09-25T13:25:06.535+0000] {processor.py:154} INFO - Started process (PID=25995) to work on /home/airflow/.local/lib/python3.7/site-packages/airflow/example_dags/example_task_group_decorator.py
[2024-09-25T13:25:06.538+0000] {processor.py:756} INFO - Processing file /home/airflow/.local/lib/python3.7/site-packages/airflow/example_dags/example_task_group_decorator.py for tasks to queue
[2024-09-25T13:25:06.539+0000] {logging_mixin.py:120} INFO - [2024-09-25T13:25:06.539+0000] {dagbag.py:537} INFO - Filling up the DagBag from /home/airflow/.local/lib/python3.7/site-packages/airflow/example_dags/example_task_group_decorator.py
[2024-09-25T13:25:06.571+0000] {processor.py:766} INFO - DAG(s) dict_keys(['example_task_group_decorator']) retrieved from /home/airflow/.local/lib/python3.7/site-packages/airflow/example_dags/example_task_group_decorator.py
[2024-09-25T13:25:06.620+0000] {logging_mixin.py:120} INFO - [2024-09-25T13:25:06.620+0000] {dag.py:2585} INFO - Sync 1 DAGs
[2024-09-25T13:25:06.648+0000] {logging_mixin.py:120} INFO - [2024-09-25T13:25:06.648+0000] {dag.py:3340} INFO - Setting next_dagrun for example_task_group_decorator to 2024-09-24T13:25:06.647869+00:00, run_after=2024-09-25T13:25:06.647869+00:00
[2024-09-25T13:25:06.670+0000] {processor.py:176} INFO - Processing /home/airflow/.local/lib/python3.7/site-packages/airflow/example_dags/example_task_group_decorator.py took 0.140 seconds
[2024-09-25T13:25:37.054+0000] {processor.py:154} INFO - Started process (PID=26059) to work on /home/airflow/.local/lib/python3.7/site-packages/airflow/example_dags/example_task_group_decorator.py
[2024-09-25T13:25:37.056+0000] {processor.py:756} INFO - Processing file /home/airflow/.local/lib/python3.7/site-packages/airflow/example_dags/example_task_group_decorator.py for tasks to queue
[2024-09-25T13:25:37.057+0000] {logging_mixin.py:120} INFO - [2024-09-25T13:25:37.057+0000] {dagbag.py:537} INFO - Filling up the DagBag from /home/airflow/.local/lib/python3.7/site-packages/airflow/example_dags/example_task_group_decorator.py
[2024-09-25T13:25:37.091+0000] {processor.py:766} INFO - DAG(s) dict_keys(['example_task_group_decorator']) retrieved from /home/airflow/.local/lib/python3.7/site-packages/airflow/example_dags/example_task_group_decorator.py
[2024-09-25T13:25:37.151+0000] {logging_mixin.py:120} INFO - [2024-09-25T13:25:37.150+0000] {dag.py:2585} INFO - Sync 1 DAGs
[2024-09-25T13:25:37.193+0000] {logging_mixin.py:120} INFO - [2024-09-25T13:25:37.192+0000] {dag.py:3340} INFO - Setting next_dagrun for example_task_group_decorator to 2024-09-24T13:25:37.192555+00:00, run_after=2024-09-25T13:25:37.192555+00:00
[2024-09-25T13:25:37.366+0000] {processor.py:176} INFO - Processing /home/airflow/.local/lib/python3.7/site-packages/airflow/example_dags/example_task_group_decorator.py took 0.317 seconds
[2024-09-25T13:26:07.983+0000] {processor.py:154} INFO - Started process (PID=26114) to work on /home/airflow/.local/lib/python3.7/site-packages/airflow/example_dags/example_task_group_decorator.py
[2024-09-25T13:26:07.986+0000] {processor.py:756} INFO - Processing file /home/airflow/.local/lib/python3.7/site-packages/airflow/example_dags/example_task_group_decorator.py for tasks to queue
[2024-09-25T13:26:07.987+0000] {logging_mixin.py:120} INFO - [2024-09-25T13:26:07.987+0000] {dagbag.py:537} INFO - Filling up the DagBag from /home/airflow/.local/lib/python3.7/site-packages/airflow/example_dags/example_task_group_decorator.py
[2024-09-25T13:26:08.034+0000] {processor.py:766} INFO - DAG(s) dict_keys(['example_task_group_decorator']) retrieved from /home/airflow/.local/lib/python3.7/site-packages/airflow/example_dags/example_task_group_decorator.py
[2024-09-25T13:26:08.098+0000] {logging_mixin.py:120} INFO - [2024-09-25T13:26:08.098+0000] {dag.py:2585} INFO - Sync 1 DAGs
[2024-09-25T13:26:08.329+0000] {logging_mixin.py:120} INFO - [2024-09-25T13:26:08.329+0000] {dag.py:3340} INFO - Setting next_dagrun for example_task_group_decorator to 2024-09-24T13:26:08.329159+00:00, run_after=2024-09-25T13:26:08.329159+00:00
[2024-09-25T13:26:08.354+0000] {processor.py:176} INFO - Processing /home/airflow/.local/lib/python3.7/site-packages/airflow/example_dags/example_task_group_decorator.py took 0.376 seconds
[2024-09-25T13:26:38.475+0000] {processor.py:154} INFO - Started process (PID=26177) to work on /home/airflow/.local/lib/python3.7/site-packages/airflow/example_dags/example_task_group_decorator.py
[2024-09-25T13:26:38.480+0000] {processor.py:756} INFO - Processing file /home/airflow/.local/lib/python3.7/site-packages/airflow/example_dags/example_task_group_decorator.py for tasks to queue
[2024-09-25T13:26:38.481+0000] {logging_mixin.py:120} INFO - [2024-09-25T13:26:38.481+0000] {dagbag.py:537} INFO - Filling up the DagBag from /home/airflow/.local/lib/python3.7/site-packages/airflow/example_dags/example_task_group_decorator.py
[2024-09-25T13:26:38.520+0000] {processor.py:766} INFO - DAG(s) dict_keys(['example_task_group_decorator']) retrieved from /home/airflow/.local/lib/python3.7/site-packages/airflow/example_dags/example_task_group_decorator.py
[2024-09-25T13:26:38.585+0000] {logging_mixin.py:120} INFO - [2024-09-25T13:26:38.585+0000] {dag.py:2585} INFO - Sync 1 DAGs
[2024-09-25T13:26:38.616+0000] {logging_mixin.py:120} INFO - [2024-09-25T13:26:38.616+0000] {dag.py:3340} INFO - Setting next_dagrun for example_task_group_decorator to 2024-09-24T13:26:38.616005+00:00, run_after=2024-09-25T13:26:38.616005+00:00
[2024-09-25T13:26:38.642+0000] {processor.py:176} INFO - Processing /home/airflow/.local/lib/python3.7/site-packages/airflow/example_dags/example_task_group_decorator.py took 0.173 seconds
[2024-09-25T13:27:08.824+0000] {processor.py:154} INFO - Started process (PID=26238) to work on /home/airflow/.local/lib/python3.7/site-packages/airflow/example_dags/example_task_group_decorator.py
[2024-09-25T13:27:08.826+0000] {processor.py:756} INFO - Processing file /home/airflow/.local/lib/python3.7/site-packages/airflow/example_dags/example_task_group_decorator.py for tasks to queue
[2024-09-25T13:27:08.827+0000] {logging_mixin.py:120} INFO - [2024-09-25T13:27:08.827+0000] {dagbag.py:537} INFO - Filling up the DagBag from /home/airflow/.local/lib/python3.7/site-packages/airflow/example_dags/example_task_group_decorator.py
[2024-09-25T13:27:08.863+0000] {processor.py:766} INFO - DAG(s) dict_keys(['example_task_group_decorator']) retrieved from /home/airflow/.local/lib/python3.7/site-packages/airflow/example_dags/example_task_group_decorator.py
[2024-09-25T13:27:08.918+0000] {logging_mixin.py:120} INFO - [2024-09-25T13:27:08.917+0000] {dag.py:2585} INFO - Sync 1 DAGs
[2024-09-25T13:27:08.948+0000] {logging_mixin.py:120} INFO - [2024-09-25T13:27:08.947+0000] {dag.py:3340} INFO - Setting next_dagrun for example_task_group_decorator to 2024-09-24T13:27:08.947433+00:00, run_after=2024-09-25T13:27:08.947433+00:00
[2024-09-25T13:27:08.970+0000] {processor.py:176} INFO - Processing /home/airflow/.local/lib/python3.7/site-packages/airflow/example_dags/example_task_group_decorator.py took 0.150 seconds
[2024-09-25T13:27:39.503+0000] {processor.py:154} INFO - Started process (PID=26294) to work on /home/airflow/.local/lib/python3.7/site-packages/airflow/example_dags/example_task_group_decorator.py
[2024-09-25T13:27:39.506+0000] {processor.py:756} INFO - Processing file /home/airflow/.local/lib/python3.7/site-packages/airflow/example_dags/example_task_group_decorator.py for tasks to queue
[2024-09-25T13:27:39.507+0000] {logging_mixin.py:120} INFO - [2024-09-25T13:27:39.506+0000] {dagbag.py:537} INFO - Filling up the DagBag from /home/airflow/.local/lib/python3.7/site-packages/airflow/example_dags/example_task_group_decorator.py
[2024-09-25T13:27:39.545+0000] {processor.py:766} INFO - DAG(s) dict_keys(['example_task_group_decorator']) retrieved from /home/airflow/.local/lib/python3.7/site-packages/airflow/example_dags/example_task_group_decorator.py
[2024-09-25T13:27:39.600+0000] {logging_mixin.py:120} INFO - [2024-09-25T13:27:39.600+0000] {dag.py:2585} INFO - Sync 1 DAGs
[2024-09-25T13:27:39.629+0000] {logging_mixin.py:120} INFO - [2024-09-25T13:27:39.629+0000] {dag.py:3340} INFO - Setting next_dagrun for example_task_group_decorator to 2024-09-24T13:27:39.629300+00:00, run_after=2024-09-25T13:27:39.629300+00:00
[2024-09-25T13:27:39.654+0000] {processor.py:176} INFO - Processing /home/airflow/.local/lib/python3.7/site-packages/airflow/example_dags/example_task_group_decorator.py took 0.155 seconds
[2024-09-25T13:28:10.076+0000] {processor.py:154} INFO - Started process (PID=26358) to work on /home/airflow/.local/lib/python3.7/site-packages/airflow/example_dags/example_task_group_decorator.py
[2024-09-25T13:28:10.078+0000] {processor.py:756} INFO - Processing file /home/airflow/.local/lib/python3.7/site-packages/airflow/example_dags/example_task_group_decorator.py for tasks to queue
[2024-09-25T13:28:10.079+0000] {logging_mixin.py:120} INFO - [2024-09-25T13:28:10.079+0000] {dagbag.py:537} INFO - Filling up the DagBag from /home/airflow/.local/lib/python3.7/site-packages/airflow/example_dags/example_task_group_decorator.py
[2024-09-25T13:28:10.120+0000] {processor.py:766} INFO - DAG(s) dict_keys(['example_task_group_decorator']) retrieved from /home/airflow/.local/lib/python3.7/site-packages/airflow/example_dags/example_task_group_decorator.py
[2024-09-25T13:28:10.178+0000] {logging_mixin.py:120} INFO - [2024-09-25T13:28:10.178+0000] {dag.py:2585} INFO - Sync 1 DAGs
[2024-09-25T13:28:10.378+0000] {logging_mixin.py:120} INFO - [2024-09-25T13:28:10.378+0000] {dag.py:3340} INFO - Setting next_dagrun for example_task_group_decorator to 2024-09-24T13:28:10.378466+00:00, run_after=2024-09-25T13:28:10.378466+00:00
[2024-09-25T13:28:10.404+0000] {processor.py:176} INFO - Processing /home/airflow/.local/lib/python3.7/site-packages/airflow/example_dags/example_task_group_decorator.py took 0.333 seconds
[2024-09-25T13:28:40.571+0000] {processor.py:154} INFO - Started process (PID=26422) to work on /home/airflow/.local/lib/python3.7/site-packages/airflow/example_dags/example_task_group_decorator.py
[2024-09-25T13:28:40.572+0000] {processor.py:756} INFO - Processing file /home/airflow/.local/lib/python3.7/site-packages/airflow/example_dags/example_task_group_decorator.py for tasks to queue
[2024-09-25T13:28:40.573+0000] {logging_mixin.py:120} INFO - [2024-09-25T13:28:40.573+0000] {dagbag.py:537} INFO - Filling up the DagBag from /home/airflow/.local/lib/python3.7/site-packages/airflow/example_dags/example_task_group_decorator.py
[2024-09-25T13:28:40.607+0000] {processor.py:766} INFO - DAG(s) dict_keys(['example_task_group_decorator']) retrieved from /home/airflow/.local/lib/python3.7/site-packages/airflow/example_dags/example_task_group_decorator.py
[2024-09-25T13:28:40.663+0000] {logging_mixin.py:120} INFO - [2024-09-25T13:28:40.663+0000] {dag.py:2585} INFO - Sync 1 DAGs
[2024-09-25T13:28:40.982+0000] {logging_mixin.py:120} INFO - [2024-09-25T13:28:40.982+0000] {dag.py:3340} INFO - Setting next_dagrun for example_task_group_decorator to 2024-09-24T13:28:40.981005+00:00, run_after=2024-09-25T13:28:40.981005+00:00
[2024-09-25T13:28:41.005+0000] {processor.py:176} INFO - Processing /home/airflow/.local/lib/python3.7/site-packages/airflow/example_dags/example_task_group_decorator.py took 0.438 seconds
[2024-09-25T13:29:11.134+0000] {processor.py:154} INFO - Started process (PID=26476) to work on /home/airflow/.local/lib/python3.7/site-packages/airflow/example_dags/example_task_group_decorator.py
[2024-09-25T13:29:11.136+0000] {processor.py:756} INFO - Processing file /home/airflow/.local/lib/python3.7/site-packages/airflow/example_dags/example_task_group_decorator.py for tasks to queue
[2024-09-25T13:29:11.137+0000] {logging_mixin.py:120} INFO - [2024-09-25T13:29:11.136+0000] {dagbag.py:537} INFO - Filling up the DagBag from /home/airflow/.local/lib/python3.7/site-packages/airflow/example_dags/example_task_group_decorator.py
[2024-09-25T13:29:11.172+0000] {processor.py:766} INFO - DAG(s) dict_keys(['example_task_group_decorator']) retrieved from /home/airflow/.local/lib/python3.7/site-packages/airflow/example_dags/example_task_group_decorator.py
[2024-09-25T13:29:11.232+0000] {logging_mixin.py:120} INFO - [2024-09-25T13:29:11.232+0000] {dag.py:2585} INFO - Sync 1 DAGs
[2024-09-25T13:29:11.266+0000] {logging_mixin.py:120} INFO - [2024-09-25T13:29:11.265+0000] {dag.py:3340} INFO - Setting next_dagrun for example_task_group_decorator to 2024-09-24T13:29:11.265595+00:00, run_after=2024-09-25T13:29:11.265595+00:00
[2024-09-25T13:29:11.308+0000] {processor.py:176} INFO - Processing /home/airflow/.local/lib/python3.7/site-packages/airflow/example_dags/example_task_group_decorator.py took 0.178 seconds
[2024-09-25T13:29:41.470+0000] {processor.py:154} INFO - Started process (PID=26540) to work on /home/airflow/.local/lib/python3.7/site-packages/airflow/example_dags/example_task_group_decorator.py
[2024-09-25T13:29:41.472+0000] {processor.py:756} INFO - Processing file /home/airflow/.local/lib/python3.7/site-packages/airflow/example_dags/example_task_group_decorator.py for tasks to queue
[2024-09-25T13:29:41.473+0000] {logging_mixin.py:120} INFO - [2024-09-25T13:29:41.473+0000] {dagbag.py:537} INFO - Filling up the DagBag from /home/airflow/.local/lib/python3.7/site-packages/airflow/example_dags/example_task_group_decorator.py
[2024-09-25T13:29:41.511+0000] {processor.py:766} INFO - DAG(s) dict_keys(['example_task_group_decorator']) retrieved from /home/airflow/.local/lib/python3.7/site-packages/airflow/example_dags/example_task_group_decorator.py
[2024-09-25T13:29:41.569+0000] {logging_mixin.py:120} INFO - [2024-09-25T13:29:41.569+0000] {dag.py:2585} INFO - Sync 1 DAGs
[2024-09-25T13:29:41.605+0000] {logging_mixin.py:120} INFO - [2024-09-25T13:29:41.605+0000] {dag.py:3340} INFO - Setting next_dagrun for example_task_group_decorator to 2024-09-24T13:29:41.604676+00:00, run_after=2024-09-25T13:29:41.604676+00:00
[2024-09-25T13:29:41.631+0000] {processor.py:176} INFO - Processing /home/airflow/.local/lib/python3.7/site-packages/airflow/example_dags/example_task_group_decorator.py took 0.165 seconds
[2024-09-25T13:30:12.009+0000] {processor.py:154} INFO - Started process (PID=26604) to work on /home/airflow/.local/lib/python3.7/site-packages/airflow/example_dags/example_task_group_decorator.py
[2024-09-25T13:30:12.011+0000] {processor.py:756} INFO - Processing file /home/airflow/.local/lib/python3.7/site-packages/airflow/example_dags/example_task_group_decorator.py for tasks to queue
[2024-09-25T13:30:12.012+0000] {logging_mixin.py:120} INFO - [2024-09-25T13:30:12.012+0000] {dagbag.py:537} INFO - Filling up the DagBag from /home/airflow/.local/lib/python3.7/site-packages/airflow/example_dags/example_task_group_decorator.py
[2024-09-25T13:30:12.058+0000] {processor.py:766} INFO - DAG(s) dict_keys(['example_task_group_decorator']) retrieved from /home/airflow/.local/lib/python3.7/site-packages/airflow/example_dags/example_task_group_decorator.py
[2024-09-25T13:30:12.121+0000] {logging_mixin.py:120} INFO - [2024-09-25T13:30:12.121+0000] {dag.py:2585} INFO - Sync 1 DAGs
[2024-09-25T13:30:12.327+0000] {logging_mixin.py:120} INFO - [2024-09-25T13:30:12.327+0000] {dag.py:3340} INFO - Setting next_dagrun for example_task_group_decorator to 2024-09-24T13:30:12.327090+00:00, run_after=2024-09-25T13:30:12.327090+00:00
[2024-09-25T13:30:12.358+0000] {processor.py:176} INFO - Processing /home/airflow/.local/lib/python3.7/site-packages/airflow/example_dags/example_task_group_decorator.py took 0.353 seconds
[2024-09-25T13:30:42.521+0000] {processor.py:154} INFO - Started process (PID=26659) to work on /home/airflow/.local/lib/python3.7/site-packages/airflow/example_dags/example_task_group_decorator.py
[2024-09-25T13:30:42.523+0000] {processor.py:756} INFO - Processing file /home/airflow/.local/lib/python3.7/site-packages/airflow/example_dags/example_task_group_decorator.py for tasks to queue
[2024-09-25T13:30:42.524+0000] {logging_mixin.py:120} INFO - [2024-09-25T13:30:42.524+0000] {dagbag.py:537} INFO - Filling up the DagBag from /home/airflow/.local/lib/python3.7/site-packages/airflow/example_dags/example_task_group_decorator.py
[2024-09-25T13:30:42.559+0000] {processor.py:766} INFO - DAG(s) dict_keys(['example_task_group_decorator']) retrieved from /home/airflow/.local/lib/python3.7/site-packages/airflow/example_dags/example_task_group_decorator.py
[2024-09-25T13:30:42.613+0000] {logging_mixin.py:120} INFO - [2024-09-25T13:30:42.613+0000] {dag.py:2585} INFO - Sync 1 DAGs
[2024-09-25T13:30:42.797+0000] {logging_mixin.py:120} INFO - [2024-09-25T13:30:42.797+0000] {dag.py:3340} INFO - Setting next_dagrun for example_task_group_decorator to 2024-09-24T13:30:42.796970+00:00, run_after=2024-09-25T13:30:42.796970+00:00
[2024-09-25T13:30:42.823+0000] {processor.py:176} INFO - Processing /home/airflow/.local/lib/python3.7/site-packages/airflow/example_dags/example_task_group_decorator.py took 0.307 seconds
[2024-09-25T13:31:13.540+0000] {processor.py:154} INFO - Started process (PID=26722) to work on /home/airflow/.local/lib/python3.7/site-packages/airflow/example_dags/example_task_group_decorator.py
[2024-09-25T13:31:13.542+0000] {processor.py:756} INFO - Processing file /home/airflow/.local/lib/python3.7/site-packages/airflow/example_dags/example_task_group_decorator.py for tasks to queue
[2024-09-25T13:31:13.542+0000] {logging_mixin.py:120} INFO - [2024-09-25T13:31:13.542+0000] {dagbag.py:537} INFO - Filling up the DagBag from /home/airflow/.local/lib/python3.7/site-packages/airflow/example_dags/example_task_group_decorator.py
[2024-09-25T13:31:13.579+0000] {processor.py:766} INFO - DAG(s) dict_keys(['example_task_group_decorator']) retrieved from /home/airflow/.local/lib/python3.7/site-packages/airflow/example_dags/example_task_group_decorator.py
[2024-09-25T13:31:13.634+0000] {logging_mixin.py:120} INFO - [2024-09-25T13:31:13.634+0000] {dag.py:2585} INFO - Sync 1 DAGs
[2024-09-25T13:31:13.664+0000] {logging_mixin.py:120} INFO - [2024-09-25T13:31:13.664+0000] {dag.py:3340} INFO - Setting next_dagrun for example_task_group_decorator to 2024-09-24T13:31:13.664170+00:00, run_after=2024-09-25T13:31:13.664170+00:00
[2024-09-25T13:31:13.688+0000] {processor.py:176} INFO - Processing /home/airflow/.local/lib/python3.7/site-packages/airflow/example_dags/example_task_group_decorator.py took 0.152 seconds
[2024-09-25T13:31:44.092+0000] {processor.py:154} INFO - Started process (PID=26785) to work on /home/airflow/.local/lib/python3.7/site-packages/airflow/example_dags/example_task_group_decorator.py
[2024-09-25T13:31:44.094+0000] {processor.py:756} INFO - Processing file /home/airflow/.local/lib/python3.7/site-packages/airflow/example_dags/example_task_group_decorator.py for tasks to queue
[2024-09-25T13:31:44.095+0000] {logging_mixin.py:120} INFO - [2024-09-25T13:31:44.094+0000] {dagbag.py:537} INFO - Filling up the DagBag from /home/airflow/.local/lib/python3.7/site-packages/airflow/example_dags/example_task_group_decorator.py
[2024-09-25T13:31:44.135+0000] {processor.py:766} INFO - DAG(s) dict_keys(['example_task_group_decorator']) retrieved from /home/airflow/.local/lib/python3.7/site-packages/airflow/example_dags/example_task_group_decorator.py
[2024-09-25T13:31:44.189+0000] {logging_mixin.py:120} INFO - [2024-09-25T13:31:44.189+0000] {dag.py:2585} INFO - Sync 1 DAGs
[2024-09-25T13:31:44.223+0000] {logging_mixin.py:120} INFO - [2024-09-25T13:31:44.223+0000] {dag.py:3340} INFO - Setting next_dagrun for example_task_group_decorator to 2024-09-24T13:31:44.222649+00:00, run_after=2024-09-25T13:31:44.222649+00:00
[2024-09-25T13:31:44.251+0000] {processor.py:176} INFO - Processing /home/airflow/.local/lib/python3.7/site-packages/airflow/example_dags/example_task_group_decorator.py took 0.163 seconds
[2024-09-25T13:32:14.817+0000] {processor.py:154} INFO - Started process (PID=26847) to work on /home/airflow/.local/lib/python3.7/site-packages/airflow/example_dags/example_task_group_decorator.py
[2024-09-25T13:32:14.820+0000] {processor.py:756} INFO - Processing file /home/airflow/.local/lib/python3.7/site-packages/airflow/example_dags/example_task_group_decorator.py for tasks to queue
[2024-09-25T13:32:14.821+0000] {logging_mixin.py:120} INFO - [2024-09-25T13:32:14.821+0000] {dagbag.py:537} INFO - Filling up the DagBag from /home/airflow/.local/lib/python3.7/site-packages/airflow/example_dags/example_task_group_decorator.py
[2024-09-25T13:32:14.865+0000] {processor.py:766} INFO - DAG(s) dict_keys(['example_task_group_decorator']) retrieved from /home/airflow/.local/lib/python3.7/site-packages/airflow/example_dags/example_task_group_decorator.py
[2024-09-25T13:32:14.926+0000] {logging_mixin.py:120} INFO - [2024-09-25T13:32:14.926+0000] {dag.py:2585} INFO - Sync 1 DAGs
[2024-09-25T13:32:15.122+0000] {logging_mixin.py:120} INFO - [2024-09-25T13:32:14.961+0000] {dag.py:3340} INFO - Setting next_dagrun for example_task_group_decorator to 2024-09-24T13:32:14.961124+00:00, run_after=2024-09-25T13:32:14.961124+00:00
[2024-09-25T13:32:15.154+0000] {processor.py:176} INFO - Processing /home/airflow/.local/lib/python3.7/site-packages/airflow/example_dags/example_task_group_decorator.py took 0.342 seconds
[2024-09-25T13:32:45.625+0000] {processor.py:154} INFO - Started process (PID=26905) to work on /home/airflow/.local/lib/python3.7/site-packages/airflow/example_dags/example_task_group_decorator.py
[2024-09-25T13:32:45.627+0000] {processor.py:756} INFO - Processing file /home/airflow/.local/lib/python3.7/site-packages/airflow/example_dags/example_task_group_decorator.py for tasks to queue
[2024-09-25T13:32:45.628+0000] {logging_mixin.py:120} INFO - [2024-09-25T13:32:45.628+0000] {dagbag.py:537} INFO - Filling up the DagBag from /home/airflow/.local/lib/python3.7/site-packages/airflow/example_dags/example_task_group_decorator.py
[2024-09-25T13:32:45.673+0000] {processor.py:766} INFO - DAG(s) dict_keys(['example_task_group_decorator']) retrieved from /home/airflow/.local/lib/python3.7/site-packages/airflow/example_dags/example_task_group_decorator.py
[2024-09-25T13:32:45.730+0000] {logging_mixin.py:120} INFO - [2024-09-25T13:32:45.730+0000] {dag.py:2585} INFO - Sync 1 DAGs
[2024-09-25T13:32:45.914+0000] {logging_mixin.py:120} INFO - [2024-09-25T13:32:45.914+0000] {dag.py:3340} INFO - Setting next_dagrun for example_task_group_decorator to 2024-09-24T13:32:45.914352+00:00, run_after=2024-09-25T13:32:45.914352+00:00
[2024-09-25T13:32:45.942+0000] {processor.py:176} INFO - Processing /home/airflow/.local/lib/python3.7/site-packages/airflow/example_dags/example_task_group_decorator.py took 0.321 seconds
[2024-09-25T13:33:16.132+0000] {processor.py:154} INFO - Started process (PID=26969) to work on /home/airflow/.local/lib/python3.7/site-packages/airflow/example_dags/example_task_group_decorator.py
[2024-09-25T13:33:16.134+0000] {processor.py:756} INFO - Processing file /home/airflow/.local/lib/python3.7/site-packages/airflow/example_dags/example_task_group_decorator.py for tasks to queue
[2024-09-25T13:33:16.136+0000] {logging_mixin.py:120} INFO - [2024-09-25T13:33:16.135+0000] {dagbag.py:537} INFO - Filling up the DagBag from /home/airflow/.local/lib/python3.7/site-packages/airflow/example_dags/example_task_group_decorator.py
[2024-09-25T13:33:16.173+0000] {processor.py:766} INFO - DAG(s) dict_keys(['example_task_group_decorator']) retrieved from /home/airflow/.local/lib/python3.7/site-packages/airflow/example_dags/example_task_group_decorator.py
[2024-09-25T13:33:16.228+0000] {logging_mixin.py:120} INFO - [2024-09-25T13:33:16.228+0000] {dag.py:2585} INFO - Sync 1 DAGs
[2024-09-25T13:33:16.256+0000] {logging_mixin.py:120} INFO - [2024-09-25T13:33:16.256+0000] {dag.py:3340} INFO - Setting next_dagrun for example_task_group_decorator to 2024-09-24T13:33:16.256081+00:00, run_after=2024-09-25T13:33:16.256081+00:00
[2024-09-25T13:33:16.276+0000] {processor.py:176} INFO - Processing /home/airflow/.local/lib/python3.7/site-packages/airflow/example_dags/example_task_group_decorator.py took 0.148 seconds
[2024-09-25T13:33:46.342+0000] {processor.py:154} INFO - Started process (PID=27024) to work on /home/airflow/.local/lib/python3.7/site-packages/airflow/example_dags/example_task_group_decorator.py
[2024-09-25T13:33:46.344+0000] {processor.py:756} INFO - Processing file /home/airflow/.local/lib/python3.7/site-packages/airflow/example_dags/example_task_group_decorator.py for tasks to queue
[2024-09-25T13:33:46.345+0000] {logging_mixin.py:120} INFO - [2024-09-25T13:33:46.345+0000] {dagbag.py:537} INFO - Filling up the DagBag from /home/airflow/.local/lib/python3.7/site-packages/airflow/example_dags/example_task_group_decorator.py
[2024-09-25T13:33:46.385+0000] {processor.py:766} INFO - DAG(s) dict_keys(['example_task_group_decorator']) retrieved from /home/airflow/.local/lib/python3.7/site-packages/airflow/example_dags/example_task_group_decorator.py
[2024-09-25T13:33:46.453+0000] {logging_mixin.py:120} INFO - [2024-09-25T13:33:46.453+0000] {dag.py:2585} INFO - Sync 1 DAGs
[2024-09-25T13:33:46.484+0000] {logging_mixin.py:120} INFO - [2024-09-25T13:33:46.484+0000] {dag.py:3340} INFO - Setting next_dagrun for example_task_group_decorator to 2024-09-24T13:33:46.484140+00:00, run_after=2024-09-25T13:33:46.484140+00:00
[2024-09-25T13:33:46.512+0000] {processor.py:176} INFO - Processing /home/airflow/.local/lib/python3.7/site-packages/airflow/example_dags/example_task_group_decorator.py took 0.175 seconds
[2024-09-25T13:34:16.583+0000] {processor.py:154} INFO - Started process (PID=27088) to work on /home/airflow/.local/lib/python3.7/site-packages/airflow/example_dags/example_task_group_decorator.py
[2024-09-25T13:34:16.585+0000] {processor.py:756} INFO - Processing file /home/airflow/.local/lib/python3.7/site-packages/airflow/example_dags/example_task_group_decorator.py for tasks to queue
[2024-09-25T13:34:16.586+0000] {logging_mixin.py:120} INFO - [2024-09-25T13:34:16.586+0000] {dagbag.py:537} INFO - Filling up the DagBag from /home/airflow/.local/lib/python3.7/site-packages/airflow/example_dags/example_task_group_decorator.py
[2024-09-25T13:34:16.627+0000] {processor.py:766} INFO - DAG(s) dict_keys(['example_task_group_decorator']) retrieved from /home/airflow/.local/lib/python3.7/site-packages/airflow/example_dags/example_task_group_decorator.py
[2024-09-25T13:34:16.688+0000] {logging_mixin.py:120} INFO - [2024-09-25T13:34:16.688+0000] {dag.py:2585} INFO - Sync 1 DAGs
[2024-09-25T13:34:16.723+0000] {logging_mixin.py:120} INFO - [2024-09-25T13:34:16.723+0000] {dag.py:3340} INFO - Setting next_dagrun for example_task_group_decorator to 2024-09-24T13:34:16.723001+00:00, run_after=2024-09-25T13:34:16.723001+00:00
[2024-09-25T13:34:16.901+0000] {processor.py:176} INFO - Processing /home/airflow/.local/lib/python3.7/site-packages/airflow/example_dags/example_task_group_decorator.py took 0.322 seconds
[2024-09-25T13:34:47.093+0000] {processor.py:154} INFO - Started process (PID=27151) to work on /home/airflow/.local/lib/python3.7/site-packages/airflow/example_dags/example_task_group_decorator.py
[2024-09-25T13:34:47.096+0000] {processor.py:756} INFO - Processing file /home/airflow/.local/lib/python3.7/site-packages/airflow/example_dags/example_task_group_decorator.py for tasks to queue
[2024-09-25T13:34:47.097+0000] {logging_mixin.py:120} INFO - [2024-09-25T13:34:47.097+0000] {dagbag.py:537} INFO - Filling up the DagBag from /home/airflow/.local/lib/python3.7/site-packages/airflow/example_dags/example_task_group_decorator.py
[2024-09-25T13:34:47.132+0000] {processor.py:766} INFO - DAG(s) dict_keys(['example_task_group_decorator']) retrieved from /home/airflow/.local/lib/python3.7/site-packages/airflow/example_dags/example_task_group_decorator.py
[2024-09-25T13:34:47.194+0000] {logging_mixin.py:120} INFO - [2024-09-25T13:34:47.194+0000] {dag.py:2585} INFO - Sync 1 DAGs
[2024-09-25T13:34:47.392+0000] {logging_mixin.py:120} INFO - [2024-09-25T13:34:47.391+0000] {dag.py:3340} INFO - Setting next_dagrun for example_task_group_decorator to 2024-09-24T13:34:47.391489+00:00, run_after=2024-09-25T13:34:47.391489+00:00
[2024-09-25T13:34:47.422+0000] {processor.py:176} INFO - Processing /home/airflow/.local/lib/python3.7/site-packages/airflow/example_dags/example_task_group_decorator.py took 0.332 seconds
[2024-09-25T13:35:17.888+0000] {processor.py:154} INFO - Started process (PID=27206) to work on /home/airflow/.local/lib/python3.7/site-packages/airflow/example_dags/example_task_group_decorator.py
[2024-09-25T13:35:17.890+0000] {processor.py:756} INFO - Processing file /home/airflow/.local/lib/python3.7/site-packages/airflow/example_dags/example_task_group_decorator.py for tasks to queue
[2024-09-25T13:35:17.891+0000] {logging_mixin.py:120} INFO - [2024-09-25T13:35:17.891+0000] {dagbag.py:537} INFO - Filling up the DagBag from /home/airflow/.local/lib/python3.7/site-packages/airflow/example_dags/example_task_group_decorator.py
[2024-09-25T13:35:17.926+0000] {processor.py:766} INFO - DAG(s) dict_keys(['example_task_group_decorator']) retrieved from /home/airflow/.local/lib/python3.7/site-packages/airflow/example_dags/example_task_group_decorator.py
[2024-09-25T13:35:17.982+0000] {logging_mixin.py:120} INFO - [2024-09-25T13:35:17.982+0000] {dag.py:2585} INFO - Sync 1 DAGs
[2024-09-25T13:35:18.010+0000] {logging_mixin.py:120} INFO - [2024-09-25T13:35:18.010+0000] {dag.py:3340} INFO - Setting next_dagrun for example_task_group_decorator to 2024-09-24T13:35:18.010476+00:00, run_after=2024-09-25T13:35:18.010476+00:00
[2024-09-25T13:35:18.034+0000] {processor.py:176} INFO - Processing /home/airflow/.local/lib/python3.7/site-packages/airflow/example_dags/example_task_group_decorator.py took 0.151 seconds
[2024-09-25T13:35:48.086+0000] {processor.py:154} INFO - Started process (PID=27270) to work on /home/airflow/.local/lib/python3.7/site-packages/airflow/example_dags/example_task_group_decorator.py
[2024-09-25T13:35:48.098+0000] {processor.py:756} INFO - Processing file /home/airflow/.local/lib/python3.7/site-packages/airflow/example_dags/example_task_group_decorator.py for tasks to queue
[2024-09-25T13:35:48.100+0000] {logging_mixin.py:120} INFO - [2024-09-25T13:35:48.099+0000] {dagbag.py:537} INFO - Filling up the DagBag from /home/airflow/.local/lib/python3.7/site-packages/airflow/example_dags/example_task_group_decorator.py
[2024-09-25T13:35:48.137+0000] {processor.py:766} INFO - DAG(s) dict_keys(['example_task_group_decorator']) retrieved from /home/airflow/.local/lib/python3.7/site-packages/airflow/example_dags/example_task_group_decorator.py
[2024-09-25T13:35:48.193+0000] {logging_mixin.py:120} INFO - [2024-09-25T13:35:48.193+0000] {dag.py:2585} INFO - Sync 1 DAGs
[2024-09-25T13:35:48.223+0000] {logging_mixin.py:120} INFO - [2024-09-25T13:35:48.223+0000] {dag.py:3340} INFO - Setting next_dagrun for example_task_group_decorator to 2024-09-24T13:35:48.222762+00:00, run_after=2024-09-25T13:35:48.222762+00:00
[2024-09-25T13:35:48.247+0000] {processor.py:176} INFO - Processing /home/airflow/.local/lib/python3.7/site-packages/airflow/example_dags/example_task_group_decorator.py took 0.166 seconds
[2024-09-25T13:36:18.292+0000] {processor.py:154} INFO - Started process (PID=27334) to work on /home/airflow/.local/lib/python3.7/site-packages/airflow/example_dags/example_task_group_decorator.py
[2024-09-25T13:36:18.294+0000] {processor.py:756} INFO - Processing file /home/airflow/.local/lib/python3.7/site-packages/airflow/example_dags/example_task_group_decorator.py for tasks to queue
[2024-09-25T13:36:18.295+0000] {logging_mixin.py:120} INFO - [2024-09-25T13:36:18.295+0000] {dagbag.py:537} INFO - Filling up the DagBag from /home/airflow/.local/lib/python3.7/site-packages/airflow/example_dags/example_task_group_decorator.py
[2024-09-25T13:36:18.332+0000] {processor.py:766} INFO - DAG(s) dict_keys(['example_task_group_decorator']) retrieved from /home/airflow/.local/lib/python3.7/site-packages/airflow/example_dags/example_task_group_decorator.py
[2024-09-25T13:36:18.385+0000] {logging_mixin.py:120} INFO - [2024-09-25T13:36:18.385+0000] {dag.py:2585} INFO - Sync 1 DAGs
[2024-09-25T13:36:18.421+0000] {logging_mixin.py:120} INFO - [2024-09-25T13:36:18.421+0000] {dag.py:3340} INFO - Setting next_dagrun for example_task_group_decorator to 2024-09-24T13:36:18.421184+00:00, run_after=2024-09-25T13:36:18.421184+00:00
[2024-09-25T13:36:18.609+0000] {processor.py:176} INFO - Processing /home/airflow/.local/lib/python3.7/site-packages/airflow/example_dags/example_task_group_decorator.py took 0.321 seconds
[2024-09-25T13:36:48.950+0000] {processor.py:154} INFO - Started process (PID=27396) to work on /home/airflow/.local/lib/python3.7/site-packages/airflow/example_dags/example_task_group_decorator.py
[2024-09-25T13:36:48.952+0000] {processor.py:756} INFO - Processing file /home/airflow/.local/lib/python3.7/site-packages/airflow/example_dags/example_task_group_decorator.py for tasks to queue
[2024-09-25T13:36:48.953+0000] {logging_mixin.py:120} INFO - [2024-09-25T13:36:48.953+0000] {dagbag.py:537} INFO - Filling up the DagBag from /home/airflow/.local/lib/python3.7/site-packages/airflow/example_dags/example_task_group_decorator.py
[2024-09-25T13:36:48.987+0000] {processor.py:766} INFO - DAG(s) dict_keys(['example_task_group_decorator']) retrieved from /home/airflow/.local/lib/python3.7/site-packages/airflow/example_dags/example_task_group_decorator.py
[2024-09-25T13:36:49.036+0000] {logging_mixin.py:120} INFO - [2024-09-25T13:36:49.036+0000] {dag.py:2585} INFO - Sync 1 DAGs
[2024-09-25T13:36:49.234+0000] {logging_mixin.py:120} INFO - [2024-09-25T13:36:49.234+0000] {dag.py:3340} INFO - Setting next_dagrun for example_task_group_decorator to 2024-09-24T13:36:49.234186+00:00, run_after=2024-09-25T13:36:49.234186+00:00
[2024-09-25T13:36:49.258+0000] {processor.py:176} INFO - Processing /home/airflow/.local/lib/python3.7/site-packages/airflow/example_dags/example_task_group_decorator.py took 0.312 seconds
[2024-09-25T13:37:19.595+0000] {processor.py:154} INFO - Started process (PID=27453) to work on /home/airflow/.local/lib/python3.7/site-packages/airflow/example_dags/example_task_group_decorator.py
[2024-09-25T13:37:19.598+0000] {processor.py:756} INFO - Processing file /home/airflow/.local/lib/python3.7/site-packages/airflow/example_dags/example_task_group_decorator.py for tasks to queue
[2024-09-25T13:37:19.601+0000] {logging_mixin.py:120} INFO - [2024-09-25T13:37:19.600+0000] {dagbag.py:537} INFO - Filling up the DagBag from /home/airflow/.local/lib/python3.7/site-packages/airflow/example_dags/example_task_group_decorator.py
[2024-09-25T13:37:19.653+0000] {processor.py:766} INFO - DAG(s) dict_keys(['example_task_group_decorator']) retrieved from /home/airflow/.local/lib/python3.7/site-packages/airflow/example_dags/example_task_group_decorator.py
[2024-09-25T13:37:19.889+0000] {logging_mixin.py:120} INFO - [2024-09-25T13:37:19.889+0000] {dag.py:2585} INFO - Sync 1 DAGs
[2024-09-25T13:37:19.921+0000] {logging_mixin.py:120} INFO - [2024-09-25T13:37:19.920+0000] {dag.py:3340} INFO - Setting next_dagrun for example_task_group_decorator to 2024-09-24T13:37:19.920600+00:00, run_after=2024-09-25T13:37:19.920600+00:00
[2024-09-25T13:37:19.947+0000] {processor.py:176} INFO - Processing /home/airflow/.local/lib/python3.7/site-packages/airflow/example_dags/example_task_group_decorator.py took 0.358 seconds
[2024-09-25T13:37:50.059+0000] {processor.py:154} INFO - Started process (PID=27517) to work on /home/airflow/.local/lib/python3.7/site-packages/airflow/example_dags/example_task_group_decorator.py
[2024-09-25T13:37:50.061+0000] {processor.py:756} INFO - Processing file /home/airflow/.local/lib/python3.7/site-packages/airflow/example_dags/example_task_group_decorator.py for tasks to queue
[2024-09-25T13:37:50.062+0000] {logging_mixin.py:120} INFO - [2024-09-25T13:37:50.062+0000] {dagbag.py:537} INFO - Filling up the DagBag from /home/airflow/.local/lib/python3.7/site-packages/airflow/example_dags/example_task_group_decorator.py
[2024-09-25T13:37:50.099+0000] {processor.py:766} INFO - DAG(s) dict_keys(['example_task_group_decorator']) retrieved from /home/airflow/.local/lib/python3.7/site-packages/airflow/example_dags/example_task_group_decorator.py
[2024-09-25T13:37:50.161+0000] {logging_mixin.py:120} INFO - [2024-09-25T13:37:50.160+0000] {dag.py:2585} INFO - Sync 1 DAGs
[2024-09-25T13:37:50.193+0000] {logging_mixin.py:120} INFO - [2024-09-25T13:37:50.193+0000] {dag.py:3340} INFO - Setting next_dagrun for example_task_group_decorator to 2024-09-24T13:37:50.193090+00:00, run_after=2024-09-25T13:37:50.193090+00:00
[2024-09-25T13:37:50.217+0000] {processor.py:176} INFO - Processing /home/airflow/.local/lib/python3.7/site-packages/airflow/example_dags/example_task_group_decorator.py took 0.163 seconds
[2024-09-25T13:38:20.805+0000] {processor.py:154} INFO - Started process (PID=27581) to work on /home/airflow/.local/lib/python3.7/site-packages/airflow/example_dags/example_task_group_decorator.py
[2024-09-25T13:38:20.807+0000] {processor.py:756} INFO - Processing file /home/airflow/.local/lib/python3.7/site-packages/airflow/example_dags/example_task_group_decorator.py for tasks to queue
[2024-09-25T13:38:20.808+0000] {logging_mixin.py:120} INFO - [2024-09-25T13:38:20.808+0000] {dagbag.py:537} INFO - Filling up the DagBag from /home/airflow/.local/lib/python3.7/site-packages/airflow/example_dags/example_task_group_decorator.py
[2024-09-25T13:38:20.846+0000] {processor.py:766} INFO - DAG(s) dict_keys(['example_task_group_decorator']) retrieved from /home/airflow/.local/lib/python3.7/site-packages/airflow/example_dags/example_task_group_decorator.py
[2024-09-25T13:38:20.902+0000] {logging_mixin.py:120} INFO - [2024-09-25T13:38:20.902+0000] {dag.py:2585} INFO - Sync 1 DAGs
[2024-09-25T13:38:20.932+0000] {logging_mixin.py:120} INFO - [2024-09-25T13:38:20.932+0000] {dag.py:3340} INFO - Setting next_dagrun for example_task_group_decorator to 2024-09-24T13:38:20.931916+00:00, run_after=2024-09-25T13:38:20.931916+00:00
[2024-09-25T13:38:21.111+0000] {processor.py:176} INFO - Processing /home/airflow/.local/lib/python3.7/site-packages/airflow/example_dags/example_task_group_decorator.py took 0.310 seconds
[2024-09-25T13:38:51.674+0000] {processor.py:154} INFO - Started process (PID=27636) to work on /home/airflow/.local/lib/python3.7/site-packages/airflow/example_dags/example_task_group_decorator.py
[2024-09-25T13:38:51.676+0000] {processor.py:756} INFO - Processing file /home/airflow/.local/lib/python3.7/site-packages/airflow/example_dags/example_task_group_decorator.py for tasks to queue
[2024-09-25T13:38:51.678+0000] {logging_mixin.py:120} INFO - [2024-09-25T13:38:51.677+0000] {dagbag.py:537} INFO - Filling up the DagBag from /home/airflow/.local/lib/python3.7/site-packages/airflow/example_dags/example_task_group_decorator.py
[2024-09-25T13:38:51.720+0000] {processor.py:766} INFO - DAG(s) dict_keys(['example_task_group_decorator']) retrieved from /home/airflow/.local/lib/python3.7/site-packages/airflow/example_dags/example_task_group_decorator.py
[2024-09-25T13:38:51.774+0000] {logging_mixin.py:120} INFO - [2024-09-25T13:38:51.774+0000] {dag.py:2585} INFO - Sync 1 DAGs
[2024-09-25T13:38:51.995+0000] {logging_mixin.py:120} INFO - [2024-09-25T13:38:51.994+0000] {dag.py:3340} INFO - Setting next_dagrun for example_task_group_decorator to 2024-09-24T13:38:51.994706+00:00, run_after=2024-09-25T13:38:51.994706+00:00
[2024-09-25T13:38:52.020+0000] {processor.py:176} INFO - Processing /home/airflow/.local/lib/python3.7/site-packages/airflow/example_dags/example_task_group_decorator.py took 0.352 seconds
[2024-09-25T13:39:22.248+0000] {processor.py:154} INFO - Started process (PID=27700) to work on /home/airflow/.local/lib/python3.7/site-packages/airflow/example_dags/example_task_group_decorator.py
[2024-09-25T13:39:22.251+0000] {processor.py:756} INFO - Processing file /home/airflow/.local/lib/python3.7/site-packages/airflow/example_dags/example_task_group_decorator.py for tasks to queue
[2024-09-25T13:39:22.252+0000] {logging_mixin.py:120} INFO - [2024-09-25T13:39:22.252+0000] {dagbag.py:537} INFO - Filling up the DagBag from /home/airflow/.local/lib/python3.7/site-packages/airflow/example_dags/example_task_group_decorator.py
[2024-09-25T13:39:22.294+0000] {processor.py:766} INFO - DAG(s) dict_keys(['example_task_group_decorator']) retrieved from /home/airflow/.local/lib/python3.7/site-packages/airflow/example_dags/example_task_group_decorator.py
[2024-09-25T13:39:22.521+0000] {logging_mixin.py:120} INFO - [2024-09-25T13:39:22.521+0000] {dag.py:2585} INFO - Sync 1 DAGs
[2024-09-25T13:39:22.551+0000] {logging_mixin.py:120} INFO - [2024-09-25T13:39:22.551+0000] {dag.py:3340} INFO - Setting next_dagrun for example_task_group_decorator to 2024-09-24T13:39:22.551412+00:00, run_after=2024-09-25T13:39:22.551412+00:00
[2024-09-25T13:39:22.575+0000] {processor.py:176} INFO - Processing /home/airflow/.local/lib/python3.7/site-packages/airflow/example_dags/example_task_group_decorator.py took 0.332 seconds
[2024-09-25T13:39:53.319+0000] {processor.py:154} INFO - Started process (PID=27762) to work on /home/airflow/.local/lib/python3.7/site-packages/airflow/example_dags/example_task_group_decorator.py
[2024-09-25T13:39:53.321+0000] {processor.py:756} INFO - Processing file /home/airflow/.local/lib/python3.7/site-packages/airflow/example_dags/example_task_group_decorator.py for tasks to queue
[2024-09-25T13:39:53.322+0000] {logging_mixin.py:120} INFO - [2024-09-25T13:39:53.322+0000] {dagbag.py:537} INFO - Filling up the DagBag from /home/airflow/.local/lib/python3.7/site-packages/airflow/example_dags/example_task_group_decorator.py
[2024-09-25T13:39:53.362+0000] {processor.py:766} INFO - DAG(s) dict_keys(['example_task_group_decorator']) retrieved from /home/airflow/.local/lib/python3.7/site-packages/airflow/example_dags/example_task_group_decorator.py
[2024-09-25T13:39:53.420+0000] {logging_mixin.py:120} INFO - [2024-09-25T13:39:53.420+0000] {dag.py:2585} INFO - Sync 1 DAGs
[2024-09-25T13:39:53.452+0000] {logging_mixin.py:120} INFO - [2024-09-25T13:39:53.452+0000] {dag.py:3340} INFO - Setting next_dagrun for example_task_group_decorator to 2024-09-24T13:39:53.452304+00:00, run_after=2024-09-25T13:39:53.452304+00:00
[2024-09-25T13:39:53.478+0000] {processor.py:176} INFO - Processing /home/airflow/.local/lib/python3.7/site-packages/airflow/example_dags/example_task_group_decorator.py took 0.163 seconds
[2024-09-25T13:40:23.974+0000] {processor.py:154} INFO - Started process (PID=27817) to work on /home/airflow/.local/lib/python3.7/site-packages/airflow/example_dags/example_task_group_decorator.py
[2024-09-25T13:40:23.976+0000] {processor.py:756} INFO - Processing file /home/airflow/.local/lib/python3.7/site-packages/airflow/example_dags/example_task_group_decorator.py for tasks to queue
[2024-09-25T13:40:23.977+0000] {logging_mixin.py:120} INFO - [2024-09-25T13:40:23.977+0000] {dagbag.py:537} INFO - Filling up the DagBag from /home/airflow/.local/lib/python3.7/site-packages/airflow/example_dags/example_task_group_decorator.py
[2024-09-25T13:40:24.023+0000] {processor.py:766} INFO - DAG(s) dict_keys(['example_task_group_decorator']) retrieved from /home/airflow/.local/lib/python3.7/site-packages/airflow/example_dags/example_task_group_decorator.py
[2024-09-25T13:40:24.083+0000] {logging_mixin.py:120} INFO - [2024-09-25T13:40:24.083+0000] {dag.py:2585} INFO - Sync 1 DAGs
[2024-09-25T13:40:24.113+0000] {logging_mixin.py:120} INFO - [2024-09-25T13:40:24.112+0000] {dag.py:3340} INFO - Setting next_dagrun for example_task_group_decorator to 2024-09-24T13:40:24.112658+00:00, run_after=2024-09-25T13:40:24.112658+00:00
[2024-09-25T13:40:24.306+0000] {processor.py:176} INFO - Processing /home/airflow/.local/lib/python3.7/site-packages/airflow/example_dags/example_task_group_decorator.py took 0.337 seconds
[2024-09-25T13:40:54.694+0000] {processor.py:154} INFO - Started process (PID=27881) to work on /home/airflow/.local/lib/python3.7/site-packages/airflow/example_dags/example_task_group_decorator.py
[2024-09-25T13:40:54.696+0000] {processor.py:756} INFO - Processing file /home/airflow/.local/lib/python3.7/site-packages/airflow/example_dags/example_task_group_decorator.py for tasks to queue
[2024-09-25T13:40:54.697+0000] {logging_mixin.py:120} INFO - [2024-09-25T13:40:54.697+0000] {dagbag.py:537} INFO - Filling up the DagBag from /home/airflow/.local/lib/python3.7/site-packages/airflow/example_dags/example_task_group_decorator.py
[2024-09-25T13:40:54.737+0000] {processor.py:766} INFO - DAG(s) dict_keys(['example_task_group_decorator']) retrieved from /home/airflow/.local/lib/python3.7/site-packages/airflow/example_dags/example_task_group_decorator.py
[2024-09-25T13:40:54.793+0000] {logging_mixin.py:120} INFO - [2024-09-25T13:40:54.793+0000] {dag.py:2585} INFO - Sync 1 DAGs
[2024-09-25T13:40:54.971+0000] {logging_mixin.py:120} INFO - [2024-09-25T13:40:54.971+0000] {dag.py:3340} INFO - Setting next_dagrun for example_task_group_decorator to 2024-09-24T13:40:54.970899+00:00, run_after=2024-09-25T13:40:54.970899+00:00
[2024-09-25T13:40:54.996+0000] {processor.py:176} INFO - Processing /home/airflow/.local/lib/python3.7/site-packages/airflow/example_dags/example_task_group_decorator.py took 0.307 seconds
[2024-09-25T13:41:25.449+0000] {processor.py:154} INFO - Started process (PID=27945) to work on /home/airflow/.local/lib/python3.7/site-packages/airflow/example_dags/example_task_group_decorator.py
[2024-09-25T13:41:25.450+0000] {processor.py:756} INFO - Processing file /home/airflow/.local/lib/python3.7/site-packages/airflow/example_dags/example_task_group_decorator.py for tasks to queue
[2024-09-25T13:41:25.451+0000] {logging_mixin.py:120} INFO - [2024-09-25T13:41:25.451+0000] {dagbag.py:537} INFO - Filling up the DagBag from /home/airflow/.local/lib/python3.7/site-packages/airflow/example_dags/example_task_group_decorator.py
[2024-09-25T13:41:25.480+0000] {processor.py:766} INFO - DAG(s) dict_keys(['example_task_group_decorator']) retrieved from /home/airflow/.local/lib/python3.7/site-packages/airflow/example_dags/example_task_group_decorator.py
[2024-09-25T13:41:25.537+0000] {logging_mixin.py:120} INFO - [2024-09-25T13:41:25.537+0000] {dag.py:2585} INFO - Sync 1 DAGs
[2024-09-25T13:41:25.734+0000] {logging_mixin.py:120} INFO - [2024-09-25T13:41:25.734+0000] {dag.py:3340} INFO - Setting next_dagrun for example_task_group_decorator to 2024-09-24T13:41:25.734084+00:00, run_after=2024-09-25T13:41:25.734084+00:00
[2024-09-25T13:41:25.758+0000] {processor.py:176} INFO - Processing /home/airflow/.local/lib/python3.7/site-packages/airflow/example_dags/example_task_group_decorator.py took 0.313 seconds
[2024-09-25T13:41:56.429+0000] {processor.py:154} INFO - Started process (PID=28009) to work on /home/airflow/.local/lib/python3.7/site-packages/airflow/example_dags/example_task_group_decorator.py
[2024-09-25T13:41:56.431+0000] {processor.py:756} INFO - Processing file /home/airflow/.local/lib/python3.7/site-packages/airflow/example_dags/example_task_group_decorator.py for tasks to queue
[2024-09-25T13:41:56.432+0000] {logging_mixin.py:120} INFO - [2024-09-25T13:41:56.432+0000] {dagbag.py:537} INFO - Filling up the DagBag from /home/airflow/.local/lib/python3.7/site-packages/airflow/example_dags/example_task_group_decorator.py
[2024-09-25T13:41:56.471+0000] {processor.py:766} INFO - DAG(s) dict_keys(['example_task_group_decorator']) retrieved from /home/airflow/.local/lib/python3.7/site-packages/airflow/example_dags/example_task_group_decorator.py
[2024-09-25T13:41:56.528+0000] {logging_mixin.py:120} INFO - [2024-09-25T13:41:56.528+0000] {dag.py:2585} INFO - Sync 1 DAGs
[2024-09-25T13:41:56.560+0000] {logging_mixin.py:120} INFO - [2024-09-25T13:41:56.559+0000] {dag.py:3340} INFO - Setting next_dagrun for example_task_group_decorator to 2024-09-24T13:41:56.559611+00:00, run_after=2024-09-25T13:41:56.559611+00:00
[2024-09-25T13:41:56.588+0000] {processor.py:176} INFO - Processing /home/airflow/.local/lib/python3.7/site-packages/airflow/example_dags/example_task_group_decorator.py took 0.164 seconds
[2024-09-25T13:42:26.999+0000] {processor.py:154} INFO - Started process (PID=28064) to work on /home/airflow/.local/lib/python3.7/site-packages/airflow/example_dags/example_task_group_decorator.py
[2024-09-25T13:42:27.001+0000] {processor.py:756} INFO - Processing file /home/airflow/.local/lib/python3.7/site-packages/airflow/example_dags/example_task_group_decorator.py for tasks to queue
[2024-09-25T13:42:27.002+0000] {logging_mixin.py:120} INFO - [2024-09-25T13:42:27.002+0000] {dagbag.py:537} INFO - Filling up the DagBag from /home/airflow/.local/lib/python3.7/site-packages/airflow/example_dags/example_task_group_decorator.py
[2024-09-25T13:42:27.039+0000] {processor.py:766} INFO - DAG(s) dict_keys(['example_task_group_decorator']) retrieved from /home/airflow/.local/lib/python3.7/site-packages/airflow/example_dags/example_task_group_decorator.py
[2024-09-25T13:42:27.092+0000] {logging_mixin.py:120} INFO - [2024-09-25T13:42:27.092+0000] {dag.py:2585} INFO - Sync 1 DAGs
[2024-09-25T13:42:27.122+0000] {logging_mixin.py:120} INFO - [2024-09-25T13:42:27.122+0000] {dag.py:3340} INFO - Setting next_dagrun for example_task_group_decorator to 2024-09-24T13:42:27.122406+00:00, run_after=2024-09-25T13:42:27.122406+00:00
[2024-09-25T13:42:27.147+0000] {processor.py:176} INFO - Processing /home/airflow/.local/lib/python3.7/site-packages/airflow/example_dags/example_task_group_decorator.py took 0.154 seconds
[2024-09-25T13:42:57.571+0000] {processor.py:154} INFO - Started process (PID=28128) to work on /home/airflow/.local/lib/python3.7/site-packages/airflow/example_dags/example_task_group_decorator.py
[2024-09-25T13:42:57.573+0000] {processor.py:756} INFO - Processing file /home/airflow/.local/lib/python3.7/site-packages/airflow/example_dags/example_task_group_decorator.py for tasks to queue
[2024-09-25T13:42:57.574+0000] {logging_mixin.py:120} INFO - [2024-09-25T13:42:57.574+0000] {dagbag.py:537} INFO - Filling up the DagBag from /home/airflow/.local/lib/python3.7/site-packages/airflow/example_dags/example_task_group_decorator.py
[2024-09-25T13:42:57.610+0000] {processor.py:766} INFO - DAG(s) dict_keys(['example_task_group_decorator']) retrieved from /home/airflow/.local/lib/python3.7/site-packages/airflow/example_dags/example_task_group_decorator.py
[2024-09-25T13:42:57.667+0000] {logging_mixin.py:120} INFO - [2024-09-25T13:42:57.666+0000] {dag.py:2585} INFO - Sync 1 DAGs
[2024-09-25T13:42:57.854+0000] {logging_mixin.py:120} INFO - [2024-09-25T13:42:57.854+0000] {dag.py:3340} INFO - Setting next_dagrun for example_task_group_decorator to 2024-09-24T13:42:57.853909+00:00, run_after=2024-09-25T13:42:57.853909+00:00
[2024-09-25T13:42:57.878+0000] {processor.py:176} INFO - Processing /home/airflow/.local/lib/python3.7/site-packages/airflow/example_dags/example_task_group_decorator.py took 0.314 seconds
[2024-09-25T13:43:28.257+0000] {processor.py:154} INFO - Started process (PID=28191) to work on /home/airflow/.local/lib/python3.7/site-packages/airflow/example_dags/example_task_group_decorator.py
[2024-09-25T13:43:28.260+0000] {processor.py:756} INFO - Processing file /home/airflow/.local/lib/python3.7/site-packages/airflow/example_dags/example_task_group_decorator.py for tasks to queue
[2024-09-25T13:43:28.261+0000] {logging_mixin.py:120} INFO - [2024-09-25T13:43:28.261+0000] {dagbag.py:537} INFO - Filling up the DagBag from /home/airflow/.local/lib/python3.7/site-packages/airflow/example_dags/example_task_group_decorator.py
[2024-09-25T13:43:28.299+0000] {processor.py:766} INFO - DAG(s) dict_keys(['example_task_group_decorator']) retrieved from /home/airflow/.local/lib/python3.7/site-packages/airflow/example_dags/example_task_group_decorator.py
[2024-09-25T13:43:28.357+0000] {logging_mixin.py:120} INFO - [2024-09-25T13:43:28.357+0000] {dag.py:2585} INFO - Sync 1 DAGs
[2024-09-25T13:43:28.548+0000] {logging_mixin.py:120} INFO - [2024-09-25T13:43:28.547+0000] {dag.py:3340} INFO - Setting next_dagrun for example_task_group_decorator to 2024-09-24T13:43:28.547649+00:00, run_after=2024-09-25T13:43:28.547649+00:00
[2024-09-25T13:43:28.571+0000] {processor.py:176} INFO - Processing /home/airflow/.local/lib/python3.7/site-packages/airflow/example_dags/example_task_group_decorator.py took 0.318 seconds
[2024-09-25T13:43:58.954+0000] {processor.py:154} INFO - Started process (PID=28247) to work on /home/airflow/.local/lib/python3.7/site-packages/airflow/example_dags/example_task_group_decorator.py
[2024-09-25T13:43:58.957+0000] {processor.py:756} INFO - Processing file /home/airflow/.local/lib/python3.7/site-packages/airflow/example_dags/example_task_group_decorator.py for tasks to queue
[2024-09-25T13:43:58.958+0000] {logging_mixin.py:120} INFO - [2024-09-25T13:43:58.958+0000] {dagbag.py:537} INFO - Filling up the DagBag from /home/airflow/.local/lib/python3.7/site-packages/airflow/example_dags/example_task_group_decorator.py
[2024-09-25T13:43:59.006+0000] {processor.py:766} INFO - DAG(s) dict_keys(['example_task_group_decorator']) retrieved from /home/airflow/.local/lib/python3.7/site-packages/airflow/example_dags/example_task_group_decorator.py
[2024-09-25T13:43:59.078+0000] {logging_mixin.py:120} INFO - [2024-09-25T13:43:59.078+0000] {dag.py:2585} INFO - Sync 1 DAGs
[2024-09-25T13:43:59.117+0000] {logging_mixin.py:120} INFO - [2024-09-25T13:43:59.117+0000] {dag.py:3340} INFO - Setting next_dagrun for example_task_group_decorator to 2024-09-24T13:43:59.116720+00:00, run_after=2024-09-25T13:43:59.116720+00:00
[2024-09-25T13:43:59.147+0000] {processor.py:176} INFO - Processing /home/airflow/.local/lib/python3.7/site-packages/airflow/example_dags/example_task_group_decorator.py took 0.198 seconds
[2024-09-25T13:44:29.653+0000] {processor.py:154} INFO - Started process (PID=28311) to work on /home/airflow/.local/lib/python3.7/site-packages/airflow/example_dags/example_task_group_decorator.py
[2024-09-25T13:44:29.655+0000] {processor.py:756} INFO - Processing file /home/airflow/.local/lib/python3.7/site-packages/airflow/example_dags/example_task_group_decorator.py for tasks to queue
[2024-09-25T13:44:29.656+0000] {logging_mixin.py:120} INFO - [2024-09-25T13:44:29.655+0000] {dagbag.py:537} INFO - Filling up the DagBag from /home/airflow/.local/lib/python3.7/site-packages/airflow/example_dags/example_task_group_decorator.py
[2024-09-25T13:44:29.692+0000] {processor.py:766} INFO - DAG(s) dict_keys(['example_task_group_decorator']) retrieved from /home/airflow/.local/lib/python3.7/site-packages/airflow/example_dags/example_task_group_decorator.py
[2024-09-25T13:44:29.781+0000] {logging_mixin.py:120} INFO - [2024-09-25T13:44:29.781+0000] {dag.py:2585} INFO - Sync 1 DAGs
[2024-09-25T13:44:29.819+0000] {logging_mixin.py:120} INFO - [2024-09-25T13:44:29.819+0000] {dag.py:3340} INFO - Setting next_dagrun for example_task_group_decorator to 2024-09-24T13:44:29.818865+00:00, run_after=2024-09-25T13:44:29.818865+00:00
[2024-09-25T13:44:29.849+0000] {processor.py:176} INFO - Processing /home/airflow/.local/lib/python3.7/site-packages/airflow/example_dags/example_task_group_decorator.py took 0.200 seconds
[2024-09-25T13:45:00.214+0000] {processor.py:154} INFO - Started process (PID=28375) to work on /home/airflow/.local/lib/python3.7/site-packages/airflow/example_dags/example_task_group_decorator.py
[2024-09-25T13:45:00.216+0000] {processor.py:756} INFO - Processing file /home/airflow/.local/lib/python3.7/site-packages/airflow/example_dags/example_task_group_decorator.py for tasks to queue
[2024-09-25T13:45:00.218+0000] {logging_mixin.py:120} INFO - [2024-09-25T13:45:00.218+0000] {dagbag.py:537} INFO - Filling up the DagBag from /home/airflow/.local/lib/python3.7/site-packages/airflow/example_dags/example_task_group_decorator.py
[2024-09-25T13:45:00.270+0000] {processor.py:766} INFO - DAG(s) dict_keys(['example_task_group_decorator']) retrieved from /home/airflow/.local/lib/python3.7/site-packages/airflow/example_dags/example_task_group_decorator.py
[2024-09-25T13:45:00.332+0000] {logging_mixin.py:120} INFO - [2024-09-25T13:45:00.332+0000] {dag.py:2585} INFO - Sync 1 DAGs
[2024-09-25T13:45:00.514+0000] {logging_mixin.py:120} INFO - [2024-09-25T13:45:00.513+0000] {dag.py:3340} INFO - Setting next_dagrun for example_task_group_decorator to 2024-09-24T13:45:00.513598+00:00, run_after=2024-09-25T13:45:00.513598+00:00
[2024-09-25T13:45:00.543+0000] {processor.py:176} INFO - Processing /home/airflow/.local/lib/python3.7/site-packages/airflow/example_dags/example_task_group_decorator.py took 0.335 seconds
[2024-09-25T13:45:31.253+0000] {processor.py:154} INFO - Started process (PID=28440) to work on /home/airflow/.local/lib/python3.7/site-packages/airflow/example_dags/example_task_group_decorator.py
[2024-09-25T13:45:31.256+0000] {processor.py:756} INFO - Processing file /home/airflow/.local/lib/python3.7/site-packages/airflow/example_dags/example_task_group_decorator.py for tasks to queue
[2024-09-25T13:45:31.257+0000] {logging_mixin.py:120} INFO - [2024-09-25T13:45:31.257+0000] {dagbag.py:537} INFO - Filling up the DagBag from /home/airflow/.local/lib/python3.7/site-packages/airflow/example_dags/example_task_group_decorator.py
[2024-09-25T13:45:31.297+0000] {processor.py:766} INFO - DAG(s) dict_keys(['example_task_group_decorator']) retrieved from /home/airflow/.local/lib/python3.7/site-packages/airflow/example_dags/example_task_group_decorator.py
[2024-09-25T13:45:31.364+0000] {logging_mixin.py:120} INFO - [2024-09-25T13:45:31.364+0000] {dag.py:2585} INFO - Sync 1 DAGs
[2024-09-25T13:45:31.631+0000] {logging_mixin.py:120} INFO - [2024-09-25T13:45:31.630+0000] {dag.py:3340} INFO - Setting next_dagrun for example_task_group_decorator to 2024-09-24T13:45:31.630569+00:00, run_after=2024-09-25T13:45:31.630569+00:00
[2024-09-25T13:45:31.662+0000] {processor.py:176} INFO - Processing /home/airflow/.local/lib/python3.7/site-packages/airflow/example_dags/example_task_group_decorator.py took 0.413 seconds
[2024-09-25T13:46:01.983+0000] {processor.py:154} INFO - Started process (PID=28494) to work on /home/airflow/.local/lib/python3.7/site-packages/airflow/example_dags/example_task_group_decorator.py
[2024-09-25T13:46:01.985+0000] {processor.py:756} INFO - Processing file /home/airflow/.local/lib/python3.7/site-packages/airflow/example_dags/example_task_group_decorator.py for tasks to queue
[2024-09-25T13:46:01.987+0000] {logging_mixin.py:120} INFO - [2024-09-25T13:46:01.987+0000] {dagbag.py:537} INFO - Filling up the DagBag from /home/airflow/.local/lib/python3.7/site-packages/airflow/example_dags/example_task_group_decorator.py
[2024-09-25T13:46:02.028+0000] {processor.py:766} INFO - DAG(s) dict_keys(['example_task_group_decorator']) retrieved from /home/airflow/.local/lib/python3.7/site-packages/airflow/example_dags/example_task_group_decorator.py
[2024-09-25T13:46:02.248+0000] {logging_mixin.py:120} INFO - [2024-09-25T13:46:02.248+0000] {dag.py:2585} INFO - Sync 1 DAGs
[2024-09-25T13:46:02.277+0000] {logging_mixin.py:120} INFO - [2024-09-25T13:46:02.277+0000] {dag.py:3340} INFO - Setting next_dagrun for example_task_group_decorator to 2024-09-24T13:46:02.277515+00:00, run_after=2024-09-25T13:46:02.277515+00:00
[2024-09-25T13:46:02.304+0000] {processor.py:176} INFO - Processing /home/airflow/.local/lib/python3.7/site-packages/airflow/example_dags/example_task_group_decorator.py took 0.325 seconds
[2024-09-25T13:46:32.374+0000] {processor.py:154} INFO - Started process (PID=28558) to work on /home/airflow/.local/lib/python3.7/site-packages/airflow/example_dags/example_task_group_decorator.py
[2024-09-25T13:46:32.378+0000] {processor.py:756} INFO - Processing file /home/airflow/.local/lib/python3.7/site-packages/airflow/example_dags/example_task_group_decorator.py for tasks to queue
[2024-09-25T13:46:32.379+0000] {logging_mixin.py:120} INFO - [2024-09-25T13:46:32.379+0000] {dagbag.py:537} INFO - Filling up the DagBag from /home/airflow/.local/lib/python3.7/site-packages/airflow/example_dags/example_task_group_decorator.py
[2024-09-25T13:46:32.415+0000] {processor.py:766} INFO - DAG(s) dict_keys(['example_task_group_decorator']) retrieved from /home/airflow/.local/lib/python3.7/site-packages/airflow/example_dags/example_task_group_decorator.py
[2024-09-25T13:46:32.471+0000] {logging_mixin.py:120} INFO - [2024-09-25T13:46:32.471+0000] {dag.py:2585} INFO - Sync 1 DAGs
[2024-09-25T13:46:32.501+0000] {logging_mixin.py:120} INFO - [2024-09-25T13:46:32.501+0000] {dag.py:3340} INFO - Setting next_dagrun for example_task_group_decorator to 2024-09-24T13:46:32.501115+00:00, run_after=2024-09-25T13:46:32.501115+00:00
[2024-09-25T13:46:32.525+0000] {processor.py:176} INFO - Processing /home/airflow/.local/lib/python3.7/site-packages/airflow/example_dags/example_task_group_decorator.py took 0.157 seconds
[2024-09-25T13:47:03.377+0000] {processor.py:154} INFO - Started process (PID=28621) to work on /home/airflow/.local/lib/python3.7/site-packages/airflow/example_dags/example_task_group_decorator.py
[2024-09-25T13:47:03.379+0000] {processor.py:756} INFO - Processing file /home/airflow/.local/lib/python3.7/site-packages/airflow/example_dags/example_task_group_decorator.py for tasks to queue
[2024-09-25T13:47:03.380+0000] {logging_mixin.py:120} INFO - [2024-09-25T13:47:03.380+0000] {dagbag.py:537} INFO - Filling up the DagBag from /home/airflow/.local/lib/python3.7/site-packages/airflow/example_dags/example_task_group_decorator.py
[2024-09-25T13:47:03.419+0000] {processor.py:766} INFO - DAG(s) dict_keys(['example_task_group_decorator']) retrieved from /home/airflow/.local/lib/python3.7/site-packages/airflow/example_dags/example_task_group_decorator.py
[2024-09-25T13:47:03.481+0000] {logging_mixin.py:120} INFO - [2024-09-25T13:47:03.480+0000] {dag.py:2585} INFO - Sync 1 DAGs
[2024-09-25T13:47:03.516+0000] {logging_mixin.py:120} INFO - [2024-09-25T13:47:03.516+0000] {dag.py:3340} INFO - Setting next_dagrun for example_task_group_decorator to 2024-09-24T13:47:03.516456+00:00, run_after=2024-09-25T13:47:03.516456+00:00
[2024-09-25T13:47:03.719+0000] {processor.py:176} INFO - Processing /home/airflow/.local/lib/python3.7/site-packages/airflow/example_dags/example_task_group_decorator.py took 0.346 seconds
[2024-09-25T13:47:34.012+0000] {processor.py:154} INFO - Started process (PID=28676) to work on /home/airflow/.local/lib/python3.7/site-packages/airflow/example_dags/example_task_group_decorator.py
[2024-09-25T13:47:34.015+0000] {processor.py:756} INFO - Processing file /home/airflow/.local/lib/python3.7/site-packages/airflow/example_dags/example_task_group_decorator.py for tasks to queue
[2024-09-25T13:47:34.016+0000] {logging_mixin.py:120} INFO - [2024-09-25T13:47:34.016+0000] {dagbag.py:537} INFO - Filling up the DagBag from /home/airflow/.local/lib/python3.7/site-packages/airflow/example_dags/example_task_group_decorator.py
[2024-09-25T13:47:34.054+0000] {processor.py:766} INFO - DAG(s) dict_keys(['example_task_group_decorator']) retrieved from /home/airflow/.local/lib/python3.7/site-packages/airflow/example_dags/example_task_group_decorator.py
[2024-09-25T13:47:34.113+0000] {logging_mixin.py:120} INFO - [2024-09-25T13:47:34.113+0000] {dag.py:2585} INFO - Sync 1 DAGs
[2024-09-25T13:47:34.315+0000] {logging_mixin.py:120} INFO - [2024-09-25T13:47:34.315+0000] {dag.py:3340} INFO - Setting next_dagrun for example_task_group_decorator to 2024-09-24T13:47:34.314937+00:00, run_after=2024-09-25T13:47:34.314937+00:00
[2024-09-25T13:47:34.342+0000] {processor.py:176} INFO - Processing /home/airflow/.local/lib/python3.7/site-packages/airflow/example_dags/example_task_group_decorator.py took 0.334 seconds
[2024-09-25T13:48:04.582+0000] {processor.py:154} INFO - Started process (PID=28740) to work on /home/airflow/.local/lib/python3.7/site-packages/airflow/example_dags/example_task_group_decorator.py
[2024-09-25T13:48:04.585+0000] {processor.py:756} INFO - Processing file /home/airflow/.local/lib/python3.7/site-packages/airflow/example_dags/example_task_group_decorator.py for tasks to queue
[2024-09-25T13:48:04.585+0000] {logging_mixin.py:120} INFO - [2024-09-25T13:48:04.585+0000] {dagbag.py:537} INFO - Filling up the DagBag from /home/airflow/.local/lib/python3.7/site-packages/airflow/example_dags/example_task_group_decorator.py
[2024-09-25T13:48:04.626+0000] {processor.py:766} INFO - DAG(s) dict_keys(['example_task_group_decorator']) retrieved from /home/airflow/.local/lib/python3.7/site-packages/airflow/example_dags/example_task_group_decorator.py
[2024-09-25T13:48:04.840+0000] {logging_mixin.py:120} INFO - [2024-09-25T13:48:04.839+0000] {dag.py:2585} INFO - Sync 1 DAGs
[2024-09-25T13:48:04.873+0000] {logging_mixin.py:120} INFO - [2024-09-25T13:48:04.873+0000] {dag.py:3340} INFO - Setting next_dagrun for example_task_group_decorator to 2024-09-24T13:48:04.873415+00:00, run_after=2024-09-25T13:48:04.873415+00:00
[2024-09-25T13:48:04.901+0000] {processor.py:176} INFO - Processing /home/airflow/.local/lib/python3.7/site-packages/airflow/example_dags/example_task_group_decorator.py took 0.323 seconds
[2024-09-25T13:48:35.187+0000] {processor.py:154} INFO - Started process (PID=28804) to work on /home/airflow/.local/lib/python3.7/site-packages/airflow/example_dags/example_task_group_decorator.py
[2024-09-25T13:48:35.189+0000] {processor.py:756} INFO - Processing file /home/airflow/.local/lib/python3.7/site-packages/airflow/example_dags/example_task_group_decorator.py for tasks to queue
[2024-09-25T13:48:35.190+0000] {logging_mixin.py:120} INFO - [2024-09-25T13:48:35.190+0000] {dagbag.py:537} INFO - Filling up the DagBag from /home/airflow/.local/lib/python3.7/site-packages/airflow/example_dags/example_task_group_decorator.py
[2024-09-25T13:48:35.228+0000] {processor.py:766} INFO - DAG(s) dict_keys(['example_task_group_decorator']) retrieved from /home/airflow/.local/lib/python3.7/site-packages/airflow/example_dags/example_task_group_decorator.py
[2024-09-25T13:48:35.283+0000] {logging_mixin.py:120} INFO - [2024-09-25T13:48:35.283+0000] {dag.py:2585} INFO - Sync 1 DAGs
[2024-09-25T13:48:35.314+0000] {logging_mixin.py:120} INFO - [2024-09-25T13:48:35.314+0000] {dag.py:3340} INFO - Setting next_dagrun for example_task_group_decorator to 2024-09-24T13:48:35.313824+00:00, run_after=2024-09-25T13:48:35.313824+00:00
[2024-09-25T13:48:35.337+0000] {processor.py:176} INFO - Processing /home/airflow/.local/lib/python3.7/site-packages/airflow/example_dags/example_task_group_decorator.py took 0.154 seconds
[2024-09-25T13:49:05.364+0000] {processor.py:154} INFO - Started process (PID=28858) to work on /home/airflow/.local/lib/python3.7/site-packages/airflow/example_dags/example_task_group_decorator.py
[2024-09-25T13:49:05.366+0000] {processor.py:756} INFO - Processing file /home/airflow/.local/lib/python3.7/site-packages/airflow/example_dags/example_task_group_decorator.py for tasks to queue
[2024-09-25T13:49:05.367+0000] {logging_mixin.py:120} INFO - [2024-09-25T13:49:05.367+0000] {dagbag.py:537} INFO - Filling up the DagBag from /home/airflow/.local/lib/python3.7/site-packages/airflow/example_dags/example_task_group_decorator.py
[2024-09-25T13:49:05.396+0000] {processor.py:766} INFO - DAG(s) dict_keys(['example_task_group_decorator']) retrieved from /home/airflow/.local/lib/python3.7/site-packages/airflow/example_dags/example_task_group_decorator.py
[2024-09-25T13:49:05.442+0000] {logging_mixin.py:120} INFO - [2024-09-25T13:49:05.442+0000] {dag.py:2585} INFO - Sync 1 DAGs
[2024-09-25T13:49:05.467+0000] {logging_mixin.py:120} INFO - [2024-09-25T13:49:05.466+0000] {dag.py:3340} INFO - Setting next_dagrun for example_task_group_decorator to 2024-09-24T13:49:05.466513+00:00, run_after=2024-09-25T13:49:05.466513+00:00
[2024-09-25T13:49:05.605+0000] {processor.py:176} INFO - Processing /home/airflow/.local/lib/python3.7/site-packages/airflow/example_dags/example_task_group_decorator.py took 0.245 seconds
[2024-09-25T13:49:35.873+0000] {processor.py:154} INFO - Started process (PID=28921) to work on /home/airflow/.local/lib/python3.7/site-packages/airflow/example_dags/example_task_group_decorator.py
[2024-09-25T13:49:35.875+0000] {processor.py:756} INFO - Processing file /home/airflow/.local/lib/python3.7/site-packages/airflow/example_dags/example_task_group_decorator.py for tasks to queue
[2024-09-25T13:49:35.878+0000] {logging_mixin.py:120} INFO - [2024-09-25T13:49:35.878+0000] {dagbag.py:537} INFO - Filling up the DagBag from /home/airflow/.local/lib/python3.7/site-packages/airflow/example_dags/example_task_group_decorator.py
[2024-09-25T13:49:35.910+0000] {processor.py:766} INFO - DAG(s) dict_keys(['example_task_group_decorator']) retrieved from /home/airflow/.local/lib/python3.7/site-packages/airflow/example_dags/example_task_group_decorator.py
[2024-09-25T13:49:35.961+0000] {logging_mixin.py:120} INFO - [2024-09-25T13:49:35.961+0000] {dag.py:2585} INFO - Sync 1 DAGs
[2024-09-25T13:49:36.137+0000] {logging_mixin.py:120} INFO - [2024-09-25T13:49:36.136+0000] {dag.py:3340} INFO - Setting next_dagrun for example_task_group_decorator to 2024-09-24T13:49:36.136731+00:00, run_after=2024-09-25T13:49:36.136731+00:00
[2024-09-25T13:49:36.164+0000] {processor.py:176} INFO - Processing /home/airflow/.local/lib/python3.7/site-packages/airflow/example_dags/example_task_group_decorator.py took 0.295 seconds
[2024-09-25T13:50:06.390+0000] {processor.py:154} INFO - Started process (PID=28984) to work on /home/airflow/.local/lib/python3.7/site-packages/airflow/example_dags/example_task_group_decorator.py
[2024-09-25T13:50:06.393+0000] {processor.py:756} INFO - Processing file /home/airflow/.local/lib/python3.7/site-packages/airflow/example_dags/example_task_group_decorator.py for tasks to queue
[2024-09-25T13:50:06.394+0000] {logging_mixin.py:120} INFO - [2024-09-25T13:50:06.394+0000] {dagbag.py:537} INFO - Filling up the DagBag from /home/airflow/.local/lib/python3.7/site-packages/airflow/example_dags/example_task_group_decorator.py
[2024-09-25T13:50:06.432+0000] {processor.py:766} INFO - DAG(s) dict_keys(['example_task_group_decorator']) retrieved from /home/airflow/.local/lib/python3.7/site-packages/airflow/example_dags/example_task_group_decorator.py
[2024-09-25T13:50:06.635+0000] {logging_mixin.py:120} INFO - [2024-09-25T13:50:06.635+0000] {dag.py:2585} INFO - Sync 1 DAGs
[2024-09-25T13:50:06.665+0000] {logging_mixin.py:120} INFO - [2024-09-25T13:50:06.665+0000] {dag.py:3340} INFO - Setting next_dagrun for example_task_group_decorator to 2024-09-24T13:50:06.664921+00:00, run_after=2024-09-25T13:50:06.664921+00:00
[2024-09-25T13:50:06.690+0000] {processor.py:176} INFO - Processing /home/airflow/.local/lib/python3.7/site-packages/airflow/example_dags/example_task_group_decorator.py took 0.304 seconds
[2024-09-25T13:50:37.192+0000] {processor.py:154} INFO - Started process (PID=29049) to work on /home/airflow/.local/lib/python3.7/site-packages/airflow/example_dags/example_task_group_decorator.py
[2024-09-25T13:50:37.194+0000] {processor.py:756} INFO - Processing file /home/airflow/.local/lib/python3.7/site-packages/airflow/example_dags/example_task_group_decorator.py for tasks to queue
[2024-09-25T13:50:37.195+0000] {logging_mixin.py:120} INFO - [2024-09-25T13:50:37.195+0000] {dagbag.py:537} INFO - Filling up the DagBag from /home/airflow/.local/lib/python3.7/site-packages/airflow/example_dags/example_task_group_decorator.py
[2024-09-25T13:50:37.230+0000] {processor.py:766} INFO - DAG(s) dict_keys(['example_task_group_decorator']) retrieved from /home/airflow/.local/lib/python3.7/site-packages/airflow/example_dags/example_task_group_decorator.py
[2024-09-25T13:50:37.296+0000] {logging_mixin.py:120} INFO - [2024-09-25T13:50:37.296+0000] {dag.py:2585} INFO - Sync 1 DAGs
[2024-09-25T13:50:37.332+0000] {logging_mixin.py:120} INFO - [2024-09-25T13:50:37.331+0000] {dag.py:3340} INFO - Setting next_dagrun for example_task_group_decorator to 2024-09-24T13:50:37.331667+00:00, run_after=2024-09-25T13:50:37.331667+00:00
[2024-09-25T13:50:37.361+0000] {processor.py:176} INFO - Processing /home/airflow/.local/lib/python3.7/site-packages/airflow/example_dags/example_task_group_decorator.py took 0.173 seconds
[2024-09-25T13:51:08.083+0000] {processor.py:154} INFO - Started process (PID=29104) to work on /home/airflow/.local/lib/python3.7/site-packages/airflow/example_dags/example_task_group_decorator.py
[2024-09-25T13:51:08.085+0000] {processor.py:756} INFO - Processing file /home/airflow/.local/lib/python3.7/site-packages/airflow/example_dags/example_task_group_decorator.py for tasks to queue
[2024-09-25T13:51:08.086+0000] {logging_mixin.py:120} INFO - [2024-09-25T13:51:08.086+0000] {dagbag.py:537} INFO - Filling up the DagBag from /home/airflow/.local/lib/python3.7/site-packages/airflow/example_dags/example_task_group_decorator.py
[2024-09-25T13:51:08.127+0000] {processor.py:766} INFO - DAG(s) dict_keys(['example_task_group_decorator']) retrieved from /home/airflow/.local/lib/python3.7/site-packages/airflow/example_dags/example_task_group_decorator.py
[2024-09-25T13:51:08.190+0000] {logging_mixin.py:120} INFO - [2024-09-25T13:51:08.189+0000] {dag.py:2585} INFO - Sync 1 DAGs
[2024-09-25T13:51:08.223+0000] {logging_mixin.py:120} INFO - [2024-09-25T13:51:08.223+0000] {dag.py:3340} INFO - Setting next_dagrun for example_task_group_decorator to 2024-09-24T13:51:08.222736+00:00, run_after=2024-09-25T13:51:08.222736+00:00
[2024-09-25T13:51:08.403+0000] {processor.py:176} INFO - Processing /home/airflow/.local/lib/python3.7/site-packages/airflow/example_dags/example_task_group_decorator.py took 0.326 seconds
[2024-09-25T13:51:38.829+0000] {processor.py:154} INFO - Started process (PID=29167) to work on /home/airflow/.local/lib/python3.7/site-packages/airflow/example_dags/example_task_group_decorator.py
[2024-09-25T13:51:38.831+0000] {processor.py:756} INFO - Processing file /home/airflow/.local/lib/python3.7/site-packages/airflow/example_dags/example_task_group_decorator.py for tasks to queue
[2024-09-25T13:51:38.832+0000] {logging_mixin.py:120} INFO - [2024-09-25T13:51:38.831+0000] {dagbag.py:537} INFO - Filling up the DagBag from /home/airflow/.local/lib/python3.7/site-packages/airflow/example_dags/example_task_group_decorator.py
[2024-09-25T13:51:38.866+0000] {processor.py:766} INFO - DAG(s) dict_keys(['example_task_group_decorator']) retrieved from /home/airflow/.local/lib/python3.7/site-packages/airflow/example_dags/example_task_group_decorator.py
[2024-09-25T13:51:38.923+0000] {logging_mixin.py:120} INFO - [2024-09-25T13:51:38.923+0000] {dag.py:2585} INFO - Sync 1 DAGs
[2024-09-25T13:51:39.114+0000] {logging_mixin.py:120} INFO - [2024-09-25T13:51:39.114+0000] {dag.py:3340} INFO - Setting next_dagrun for example_task_group_decorator to 2024-09-24T13:51:39.114428+00:00, run_after=2024-09-25T13:51:39.114428+00:00
[2024-09-25T13:51:39.142+0000] {processor.py:176} INFO - Processing /home/airflow/.local/lib/python3.7/site-packages/airflow/example_dags/example_task_group_decorator.py took 0.317 seconds
[2024-09-25T13:52:09.240+0000] {processor.py:154} INFO - Started process (PID=29231) to work on /home/airflow/.local/lib/python3.7/site-packages/airflow/example_dags/example_task_group_decorator.py
[2024-09-25T13:52:09.242+0000] {processor.py:756} INFO - Processing file /home/airflow/.local/lib/python3.7/site-packages/airflow/example_dags/example_task_group_decorator.py for tasks to queue
[2024-09-25T13:52:09.244+0000] {logging_mixin.py:120} INFO - [2024-09-25T13:52:09.243+0000] {dagbag.py:537} INFO - Filling up the DagBag from /home/airflow/.local/lib/python3.7/site-packages/airflow/example_dags/example_task_group_decorator.py
[2024-09-25T13:52:09.275+0000] {processor.py:766} INFO - DAG(s) dict_keys(['example_task_group_decorator']) retrieved from /home/airflow/.local/lib/python3.7/site-packages/airflow/example_dags/example_task_group_decorator.py
[2024-09-25T13:52:09.476+0000] {logging_mixin.py:120} INFO - [2024-09-25T13:52:09.476+0000] {dag.py:2585} INFO - Sync 1 DAGs
[2024-09-25T13:52:09.507+0000] {logging_mixin.py:120} INFO - [2024-09-25T13:52:09.507+0000] {dag.py:3340} INFO - Setting next_dagrun for example_task_group_decorator to 2024-09-24T13:52:09.507239+00:00, run_after=2024-09-25T13:52:09.507239+00:00
[2024-09-25T13:52:09.533+0000] {processor.py:176} INFO - Processing /home/airflow/.local/lib/python3.7/site-packages/airflow/example_dags/example_task_group_decorator.py took 0.297 seconds
[2024-09-25T13:52:40.288+0000] {processor.py:154} INFO - Started process (PID=29286) to work on /home/airflow/.local/lib/python3.7/site-packages/airflow/example_dags/example_task_group_decorator.py
[2024-09-25T13:52:40.291+0000] {processor.py:756} INFO - Processing file /home/airflow/.local/lib/python3.7/site-packages/airflow/example_dags/example_task_group_decorator.py for tasks to queue
[2024-09-25T13:52:40.292+0000] {logging_mixin.py:120} INFO - [2024-09-25T13:52:40.292+0000] {dagbag.py:537} INFO - Filling up the DagBag from /home/airflow/.local/lib/python3.7/site-packages/airflow/example_dags/example_task_group_decorator.py
[2024-09-25T13:52:40.329+0000] {processor.py:766} INFO - DAG(s) dict_keys(['example_task_group_decorator']) retrieved from /home/airflow/.local/lib/python3.7/site-packages/airflow/example_dags/example_task_group_decorator.py
[2024-09-25T13:52:40.382+0000] {logging_mixin.py:120} INFO - [2024-09-25T13:52:40.381+0000] {dag.py:2585} INFO - Sync 1 DAGs
[2024-09-25T13:52:40.418+0000] {logging_mixin.py:120} INFO - [2024-09-25T13:52:40.418+0000] {dag.py:3340} INFO - Setting next_dagrun for example_task_group_decorator to 2024-09-24T13:52:40.417613+00:00, run_after=2024-09-25T13:52:40.417613+00:00
[2024-09-25T13:52:40.442+0000] {processor.py:176} INFO - Processing /home/airflow/.local/lib/python3.7/site-packages/airflow/example_dags/example_task_group_decorator.py took 0.158 seconds
[2024-09-25T13:53:10.714+0000] {processor.py:154} INFO - Started process (PID=29347) to work on /home/airflow/.local/lib/python3.7/site-packages/airflow/example_dags/example_task_group_decorator.py
[2024-09-25T13:53:10.717+0000] {processor.py:756} INFO - Processing file /home/airflow/.local/lib/python3.7/site-packages/airflow/example_dags/example_task_group_decorator.py for tasks to queue
[2024-09-25T13:53:10.718+0000] {logging_mixin.py:120} INFO - [2024-09-25T13:53:10.718+0000] {dagbag.py:537} INFO - Filling up the DagBag from /home/airflow/.local/lib/python3.7/site-packages/airflow/example_dags/example_task_group_decorator.py
[2024-09-25T13:53:10.754+0000] {processor.py:766} INFO - DAG(s) dict_keys(['example_task_group_decorator']) retrieved from /home/airflow/.local/lib/python3.7/site-packages/airflow/example_dags/example_task_group_decorator.py
[2024-09-25T13:53:10.807+0000] {logging_mixin.py:120} INFO - [2024-09-25T13:53:10.807+0000] {dag.py:2585} INFO - Sync 1 DAGs
[2024-09-25T13:53:10.837+0000] {logging_mixin.py:120} INFO - [2024-09-25T13:53:10.837+0000] {dag.py:3340} INFO - Setting next_dagrun for example_task_group_decorator to 2024-09-24T13:53:10.837541+00:00, run_after=2024-09-25T13:53:10.837541+00:00
[2024-09-25T13:53:11.003+0000] {processor.py:176} INFO - Processing /home/airflow/.local/lib/python3.7/site-packages/airflow/example_dags/example_task_group_decorator.py took 0.293 seconds
[2024-09-25T13:53:41.484+0000] {processor.py:154} INFO - Started process (PID=29410) to work on /home/airflow/.local/lib/python3.7/site-packages/airflow/example_dags/example_task_group_decorator.py
[2024-09-25T13:53:41.486+0000] {processor.py:756} INFO - Processing file /home/airflow/.local/lib/python3.7/site-packages/airflow/example_dags/example_task_group_decorator.py for tasks to queue
[2024-09-25T13:53:41.487+0000] {logging_mixin.py:120} INFO - [2024-09-25T13:53:41.487+0000] {dagbag.py:537} INFO - Filling up the DagBag from /home/airflow/.local/lib/python3.7/site-packages/airflow/example_dags/example_task_group_decorator.py
[2024-09-25T13:53:41.520+0000] {processor.py:766} INFO - DAG(s) dict_keys(['example_task_group_decorator']) retrieved from /home/airflow/.local/lib/python3.7/site-packages/airflow/example_dags/example_task_group_decorator.py
[2024-09-25T13:53:41.574+0000] {logging_mixin.py:120} INFO - [2024-09-25T13:53:41.574+0000] {dag.py:2585} INFO - Sync 1 DAGs
[2024-09-25T13:53:41.793+0000] {logging_mixin.py:120} INFO - [2024-09-25T13:53:41.793+0000] {dag.py:3340} INFO - Setting next_dagrun for example_task_group_decorator to 2024-09-24T13:53:41.793550+00:00, run_after=2024-09-25T13:53:41.793550+00:00
[2024-09-25T13:53:41.823+0000] {processor.py:176} INFO - Processing /home/airflow/.local/lib/python3.7/site-packages/airflow/example_dags/example_task_group_decorator.py took 0.342 seconds
[2024-09-25T13:54:12.294+0000] {processor.py:154} INFO - Started process (PID=29465) to work on /home/airflow/.local/lib/python3.7/site-packages/airflow/example_dags/example_task_group_decorator.py
[2024-09-25T13:54:12.296+0000] {processor.py:756} INFO - Processing file /home/airflow/.local/lib/python3.7/site-packages/airflow/example_dags/example_task_group_decorator.py for tasks to queue
[2024-09-25T13:54:12.297+0000] {logging_mixin.py:120} INFO - [2024-09-25T13:54:12.297+0000] {dagbag.py:537} INFO - Filling up the DagBag from /home/airflow/.local/lib/python3.7/site-packages/airflow/example_dags/example_task_group_decorator.py
[2024-09-25T13:54:12.334+0000] {processor.py:766} INFO - DAG(s) dict_keys(['example_task_group_decorator']) retrieved from /home/airflow/.local/lib/python3.7/site-packages/airflow/example_dags/example_task_group_decorator.py
[2024-09-25T13:54:12.537+0000] {logging_mixin.py:120} INFO - [2024-09-25T13:54:12.537+0000] {dag.py:2585} INFO - Sync 1 DAGs
[2024-09-25T13:54:12.573+0000] {logging_mixin.py:120} INFO - [2024-09-25T13:54:12.572+0000] {dag.py:3340} INFO - Setting next_dagrun for example_task_group_decorator to 2024-09-24T13:54:12.572623+00:00, run_after=2024-09-25T13:54:12.572623+00:00
[2024-09-25T13:54:12.606+0000] {processor.py:176} INFO - Processing /home/airflow/.local/lib/python3.7/site-packages/airflow/example_dags/example_task_group_decorator.py took 0.317 seconds
[2024-09-25T13:54:43.002+0000] {processor.py:154} INFO - Started process (PID=29529) to work on /home/airflow/.local/lib/python3.7/site-packages/airflow/example_dags/example_task_group_decorator.py
[2024-09-25T13:54:43.004+0000] {processor.py:756} INFO - Processing file /home/airflow/.local/lib/python3.7/site-packages/airflow/example_dags/example_task_group_decorator.py for tasks to queue
[2024-09-25T13:54:43.005+0000] {logging_mixin.py:120} INFO - [2024-09-25T13:54:43.005+0000] {dagbag.py:537} INFO - Filling up the DagBag from /home/airflow/.local/lib/python3.7/site-packages/airflow/example_dags/example_task_group_decorator.py
[2024-09-25T13:54:43.037+0000] {processor.py:766} INFO - DAG(s) dict_keys(['example_task_group_decorator']) retrieved from /home/airflow/.local/lib/python3.7/site-packages/airflow/example_dags/example_task_group_decorator.py
[2024-09-25T13:54:43.240+0000] {logging_mixin.py:120} INFO - [2024-09-25T13:54:43.240+0000] {dag.py:2585} INFO - Sync 1 DAGs
[2024-09-25T13:54:43.269+0000] {logging_mixin.py:120} INFO - [2024-09-25T13:54:43.269+0000] {dag.py:3340} INFO - Setting next_dagrun for example_task_group_decorator to 2024-09-24T13:54:43.269277+00:00, run_after=2024-09-25T13:54:43.269277+00:00
[2024-09-25T13:54:43.292+0000] {processor.py:176} INFO - Processing /home/airflow/.local/lib/python3.7/site-packages/airflow/example_dags/example_task_group_decorator.py took 0.293 seconds
[2024-09-25T13:55:13.672+0000] {processor.py:154} INFO - Started process (PID=29593) to work on /home/airflow/.local/lib/python3.7/site-packages/airflow/example_dags/example_task_group_decorator.py
[2024-09-25T13:55:13.674+0000] {processor.py:756} INFO - Processing file /home/airflow/.local/lib/python3.7/site-packages/airflow/example_dags/example_task_group_decorator.py for tasks to queue
[2024-09-25T13:55:13.675+0000] {logging_mixin.py:120} INFO - [2024-09-25T13:55:13.675+0000] {dagbag.py:537} INFO - Filling up the DagBag from /home/airflow/.local/lib/python3.7/site-packages/airflow/example_dags/example_task_group_decorator.py
[2024-09-25T13:55:13.708+0000] {processor.py:766} INFO - DAG(s) dict_keys(['example_task_group_decorator']) retrieved from /home/airflow/.local/lib/python3.7/site-packages/airflow/example_dags/example_task_group_decorator.py
[2024-09-25T13:55:13.761+0000] {logging_mixin.py:120} INFO - [2024-09-25T13:55:13.761+0000] {dag.py:2585} INFO - Sync 1 DAGs
[2024-09-25T13:55:13.792+0000] {logging_mixin.py:120} INFO - [2024-09-25T13:55:13.792+0000] {dag.py:3340} INFO - Setting next_dagrun for example_task_group_decorator to 2024-09-24T13:55:13.791884+00:00, run_after=2024-09-25T13:55:13.791884+00:00
[2024-09-25T13:55:13.986+0000] {processor.py:176} INFO - Processing /home/airflow/.local/lib/python3.7/site-packages/airflow/example_dags/example_task_group_decorator.py took 0.317 seconds
[2024-09-25T13:55:44.515+0000] {processor.py:154} INFO - Started process (PID=29657) to work on /home/airflow/.local/lib/python3.7/site-packages/airflow/example_dags/example_task_group_decorator.py
[2024-09-25T13:55:44.517+0000] {processor.py:756} INFO - Processing file /home/airflow/.local/lib/python3.7/site-packages/airflow/example_dags/example_task_group_decorator.py for tasks to queue
[2024-09-25T13:55:44.519+0000] {logging_mixin.py:120} INFO - [2024-09-25T13:55:44.519+0000] {dagbag.py:537} INFO - Filling up the DagBag from /home/airflow/.local/lib/python3.7/site-packages/airflow/example_dags/example_task_group_decorator.py
[2024-09-25T13:55:44.556+0000] {processor.py:766} INFO - DAG(s) dict_keys(['example_task_group_decorator']) retrieved from /home/airflow/.local/lib/python3.7/site-packages/airflow/example_dags/example_task_group_decorator.py
[2024-09-25T13:55:44.619+0000] {logging_mixin.py:120} INFO - [2024-09-25T13:55:44.618+0000] {dag.py:2585} INFO - Sync 1 DAGs
[2024-09-25T13:55:44.813+0000] {logging_mixin.py:120} INFO - [2024-09-25T13:55:44.813+0000] {dag.py:3340} INFO - Setting next_dagrun for example_task_group_decorator to 2024-09-24T13:55:44.813009+00:00, run_after=2024-09-25T13:55:44.813009+00:00
[2024-09-25T13:55:44.838+0000] {processor.py:176} INFO - Processing /home/airflow/.local/lib/python3.7/site-packages/airflow/example_dags/example_task_group_decorator.py took 0.329 seconds
[2024-09-25T13:56:15.205+0000] {processor.py:154} INFO - Started process (PID=29712) to work on /home/airflow/.local/lib/python3.7/site-packages/airflow/example_dags/example_task_group_decorator.py
[2024-09-25T13:56:15.209+0000] {processor.py:756} INFO - Processing file /home/airflow/.local/lib/python3.7/site-packages/airflow/example_dags/example_task_group_decorator.py for tasks to queue
[2024-09-25T13:56:15.210+0000] {logging_mixin.py:120} INFO - [2024-09-25T13:56:15.210+0000] {dagbag.py:537} INFO - Filling up the DagBag from /home/airflow/.local/lib/python3.7/site-packages/airflow/example_dags/example_task_group_decorator.py
[2024-09-25T13:56:15.246+0000] {processor.py:766} INFO - DAG(s) dict_keys(['example_task_group_decorator']) retrieved from /home/airflow/.local/lib/python3.7/site-packages/airflow/example_dags/example_task_group_decorator.py
[2024-09-25T13:56:15.303+0000] {logging_mixin.py:120} INFO - [2024-09-25T13:56:15.303+0000] {dag.py:2585} INFO - Sync 1 DAGs
[2024-09-25T13:56:15.488+0000] {logging_mixin.py:120} INFO - [2024-09-25T13:56:15.488+0000] {dag.py:3340} INFO - Setting next_dagrun for example_task_group_decorator to 2024-09-24T13:56:15.488189+00:00, run_after=2024-09-25T13:56:15.488189+00:00
[2024-09-25T13:56:15.511+0000] {processor.py:176} INFO - Processing /home/airflow/.local/lib/python3.7/site-packages/airflow/example_dags/example_task_group_decorator.py took 0.311 seconds
[2024-09-25T13:56:45.572+0000] {processor.py:154} INFO - Started process (PID=29775) to work on /home/airflow/.local/lib/python3.7/site-packages/airflow/example_dags/example_task_group_decorator.py
[2024-09-25T13:56:45.576+0000] {processor.py:756} INFO - Processing file /home/airflow/.local/lib/python3.7/site-packages/airflow/example_dags/example_task_group_decorator.py for tasks to queue
[2024-09-25T13:56:45.577+0000] {logging_mixin.py:120} INFO - [2024-09-25T13:56:45.577+0000] {dagbag.py:537} INFO - Filling up the DagBag from /home/airflow/.local/lib/python3.7/site-packages/airflow/example_dags/example_task_group_decorator.py
[2024-09-25T13:56:45.616+0000] {processor.py:766} INFO - DAG(s) dict_keys(['example_task_group_decorator']) retrieved from /home/airflow/.local/lib/python3.7/site-packages/airflow/example_dags/example_task_group_decorator.py
[2024-09-25T13:56:45.827+0000] {logging_mixin.py:120} INFO - [2024-09-25T13:56:45.827+0000] {dag.py:2585} INFO - Sync 1 DAGs
[2024-09-25T13:56:45.857+0000] {logging_mixin.py:120} INFO - [2024-09-25T13:56:45.857+0000] {dag.py:3340} INFO - Setting next_dagrun for example_task_group_decorator to 2024-09-24T13:56:45.857143+00:00, run_after=2024-09-25T13:56:45.857143+00:00
[2024-09-25T13:56:45.881+0000] {processor.py:176} INFO - Processing /home/airflow/.local/lib/python3.7/site-packages/airflow/example_dags/example_task_group_decorator.py took 0.314 seconds
[2024-09-25T13:57:16.162+0000] {processor.py:154} INFO - Started process (PID=29839) to work on /home/airflow/.local/lib/python3.7/site-packages/airflow/example_dags/example_task_group_decorator.py
[2024-09-25T13:57:16.164+0000] {processor.py:756} INFO - Processing file /home/airflow/.local/lib/python3.7/site-packages/airflow/example_dags/example_task_group_decorator.py for tasks to queue
[2024-09-25T13:57:16.165+0000] {logging_mixin.py:120} INFO - [2024-09-25T13:57:16.165+0000] {dagbag.py:537} INFO - Filling up the DagBag from /home/airflow/.local/lib/python3.7/site-packages/airflow/example_dags/example_task_group_decorator.py
[2024-09-25T13:57:16.201+0000] {processor.py:766} INFO - DAG(s) dict_keys(['example_task_group_decorator']) retrieved from /home/airflow/.local/lib/python3.7/site-packages/airflow/example_dags/example_task_group_decorator.py
[2024-09-25T13:57:16.260+0000] {logging_mixin.py:120} INFO - [2024-09-25T13:57:16.260+0000] {dag.py:2585} INFO - Sync 1 DAGs
[2024-09-25T13:57:16.292+0000] {logging_mixin.py:120} INFO - [2024-09-25T13:57:16.292+0000] {dag.py:3340} INFO - Setting next_dagrun for example_task_group_decorator to 2024-09-24T13:57:16.291996+00:00, run_after=2024-09-25T13:57:16.291996+00:00
[2024-09-25T13:57:16.356+0000] {processor.py:176} INFO - Processing /home/airflow/.local/lib/python3.7/site-packages/airflow/example_dags/example_task_group_decorator.py took 0.199 seconds
[2024-09-25T13:57:46.572+0000] {processor.py:154} INFO - Started process (PID=29894) to work on /home/airflow/.local/lib/python3.7/site-packages/airflow/example_dags/example_task_group_decorator.py
[2024-09-25T13:57:46.576+0000] {processor.py:756} INFO - Processing file /home/airflow/.local/lib/python3.7/site-packages/airflow/example_dags/example_task_group_decorator.py for tasks to queue
[2024-09-25T13:57:46.577+0000] {logging_mixin.py:120} INFO - [2024-09-25T13:57:46.577+0000] {dagbag.py:537} INFO - Filling up the DagBag from /home/airflow/.local/lib/python3.7/site-packages/airflow/example_dags/example_task_group_decorator.py
[2024-09-25T13:57:46.613+0000] {processor.py:766} INFO - DAG(s) dict_keys(['example_task_group_decorator']) retrieved from /home/airflow/.local/lib/python3.7/site-packages/airflow/example_dags/example_task_group_decorator.py
[2024-09-25T13:57:46.665+0000] {logging_mixin.py:120} INFO - [2024-09-25T13:57:46.665+0000] {dag.py:2585} INFO - Sync 1 DAGs
[2024-09-25T13:57:46.905+0000] {logging_mixin.py:120} INFO - [2024-09-25T13:57:46.905+0000] {dag.py:3340} INFO - Setting next_dagrun for example_task_group_decorator to 2024-09-24T13:57:46.696712+00:00, run_after=2024-09-25T13:57:46.696712+00:00
[2024-09-25T13:57:46.939+0000] {processor.py:176} INFO - Processing /home/airflow/.local/lib/python3.7/site-packages/airflow/example_dags/example_task_group_decorator.py took 0.372 seconds
[2024-09-25T13:58:17.195+0000] {processor.py:154} INFO - Started process (PID=29957) to work on /home/airflow/.local/lib/python3.7/site-packages/airflow/example_dags/example_task_group_decorator.py
[2024-09-25T13:58:17.199+0000] {processor.py:756} INFO - Processing file /home/airflow/.local/lib/python3.7/site-packages/airflow/example_dags/example_task_group_decorator.py for tasks to queue
[2024-09-25T13:58:17.202+0000] {logging_mixin.py:120} INFO - [2024-09-25T13:58:17.202+0000] {dagbag.py:537} INFO - Filling up the DagBag from /home/airflow/.local/lib/python3.7/site-packages/airflow/example_dags/example_task_group_decorator.py
[2024-09-25T13:58:17.239+0000] {processor.py:766} INFO - DAG(s) dict_keys(['example_task_group_decorator']) retrieved from /home/airflow/.local/lib/python3.7/site-packages/airflow/example_dags/example_task_group_decorator.py
[2024-09-25T13:58:17.293+0000] {logging_mixin.py:120} INFO - [2024-09-25T13:58:17.292+0000] {dag.py:2585} INFO - Sync 1 DAGs
[2024-09-25T13:58:17.475+0000] {logging_mixin.py:120} INFO - [2024-09-25T13:58:17.474+0000] {dag.py:3340} INFO - Setting next_dagrun for example_task_group_decorator to 2024-09-24T13:58:17.474747+00:00, run_after=2024-09-25T13:58:17.474747+00:00
[2024-09-25T13:58:17.503+0000] {processor.py:176} INFO - Processing /home/airflow/.local/lib/python3.7/site-packages/airflow/example_dags/example_task_group_decorator.py took 0.312 seconds
[2024-09-25T13:58:47.984+0000] {processor.py:154} INFO - Started process (PID=30021) to work on /home/airflow/.local/lib/python3.7/site-packages/airflow/example_dags/example_task_group_decorator.py
[2024-09-25T13:58:47.987+0000] {processor.py:756} INFO - Processing file /home/airflow/.local/lib/python3.7/site-packages/airflow/example_dags/example_task_group_decorator.py for tasks to queue
[2024-09-25T13:58:47.988+0000] {logging_mixin.py:120} INFO - [2024-09-25T13:58:47.988+0000] {dagbag.py:537} INFO - Filling up the DagBag from /home/airflow/.local/lib/python3.7/site-packages/airflow/example_dags/example_task_group_decorator.py
[2024-09-25T13:58:48.024+0000] {processor.py:766} INFO - DAG(s) dict_keys(['example_task_group_decorator']) retrieved from /home/airflow/.local/lib/python3.7/site-packages/airflow/example_dags/example_task_group_decorator.py
[2024-09-25T13:58:48.224+0000] {logging_mixin.py:120} INFO - [2024-09-25T13:58:48.224+0000] {dag.py:2585} INFO - Sync 1 DAGs
[2024-09-25T13:58:48.262+0000] {logging_mixin.py:120} INFO - [2024-09-25T13:58:48.262+0000] {dag.py:3340} INFO - Setting next_dagrun for example_task_group_decorator to 2024-09-24T13:58:48.262179+00:00, run_after=2024-09-25T13:58:48.262179+00:00
[2024-09-25T13:58:48.290+0000] {processor.py:176} INFO - Processing /home/airflow/.local/lib/python3.7/site-packages/airflow/example_dags/example_task_group_decorator.py took 0.310 seconds
[2024-09-25T13:59:18.382+0000] {processor.py:154} INFO - Started process (PID=30076) to work on /home/airflow/.local/lib/python3.7/site-packages/airflow/example_dags/example_task_group_decorator.py
[2024-09-25T13:59:18.385+0000] {processor.py:756} INFO - Processing file /home/airflow/.local/lib/python3.7/site-packages/airflow/example_dags/example_task_group_decorator.py for tasks to queue
[2024-09-25T13:59:18.386+0000] {logging_mixin.py:120} INFO - [2024-09-25T13:59:18.386+0000] {dagbag.py:537} INFO - Filling up the DagBag from /home/airflow/.local/lib/python3.7/site-packages/airflow/example_dags/example_task_group_decorator.py
[2024-09-25T13:59:18.426+0000] {processor.py:766} INFO - DAG(s) dict_keys(['example_task_group_decorator']) retrieved from /home/airflow/.local/lib/python3.7/site-packages/airflow/example_dags/example_task_group_decorator.py
[2024-09-25T13:59:18.663+0000] {logging_mixin.py:120} INFO - [2024-09-25T13:59:18.663+0000] {dag.py:2585} INFO - Sync 1 DAGs
[2024-09-25T13:59:18.698+0000] {logging_mixin.py:120} INFO - [2024-09-25T13:59:18.698+0000] {dag.py:3340} INFO - Setting next_dagrun for example_task_group_decorator to 2024-09-24T13:59:18.698415+00:00, run_after=2024-09-25T13:59:18.698415+00:00
[2024-09-25T13:59:18.734+0000] {processor.py:176} INFO - Processing /home/airflow/.local/lib/python3.7/site-packages/airflow/example_dags/example_task_group_decorator.py took 0.356 seconds
[2024-09-25T13:59:48.839+0000] {processor.py:154} INFO - Started process (PID=30140) to work on /home/airflow/.local/lib/python3.7/site-packages/airflow/example_dags/example_task_group_decorator.py
[2024-09-25T13:59:48.841+0000] {processor.py:756} INFO - Processing file /home/airflow/.local/lib/python3.7/site-packages/airflow/example_dags/example_task_group_decorator.py for tasks to queue
[2024-09-25T13:59:48.842+0000] {logging_mixin.py:120} INFO - [2024-09-25T13:59:48.842+0000] {dagbag.py:537} INFO - Filling up the DagBag from /home/airflow/.local/lib/python3.7/site-packages/airflow/example_dags/example_task_group_decorator.py
[2024-09-25T13:59:48.877+0000] {processor.py:766} INFO - DAG(s) dict_keys(['example_task_group_decorator']) retrieved from /home/airflow/.local/lib/python3.7/site-packages/airflow/example_dags/example_task_group_decorator.py
[2024-09-25T13:59:48.930+0000] {logging_mixin.py:120} INFO - [2024-09-25T13:59:48.930+0000] {dag.py:2585} INFO - Sync 1 DAGs
[2024-09-25T13:59:48.961+0000] {logging_mixin.py:120} INFO - [2024-09-25T13:59:48.960+0000] {dag.py:3340} INFO - Setting next_dagrun for example_task_group_decorator to 2024-09-24T13:59:48.959398+00:00, run_after=2024-09-25T13:59:48.959398+00:00
[2024-09-25T13:59:49.137+0000] {processor.py:176} INFO - Processing /home/airflow/.local/lib/python3.7/site-packages/airflow/example_dags/example_task_group_decorator.py took 0.302 seconds
[2024-09-25T14:00:19.377+0000] {processor.py:154} INFO - Started process (PID=30204) to work on /home/airflow/.local/lib/python3.7/site-packages/airflow/example_dags/example_task_group_decorator.py
[2024-09-25T14:00:19.380+0000] {processor.py:756} INFO - Processing file /home/airflow/.local/lib/python3.7/site-packages/airflow/example_dags/example_task_group_decorator.py for tasks to queue
[2024-09-25T14:00:19.381+0000] {logging_mixin.py:120} INFO - [2024-09-25T14:00:19.381+0000] {dagbag.py:537} INFO - Filling up the DagBag from /home/airflow/.local/lib/python3.7/site-packages/airflow/example_dags/example_task_group_decorator.py
[2024-09-25T14:00:19.423+0000] {processor.py:766} INFO - DAG(s) dict_keys(['example_task_group_decorator']) retrieved from /home/airflow/.local/lib/python3.7/site-packages/airflow/example_dags/example_task_group_decorator.py
[2024-09-25T14:00:19.487+0000] {logging_mixin.py:120} INFO - [2024-09-25T14:00:19.487+0000] {dag.py:2585} INFO - Sync 1 DAGs
[2024-09-25T14:00:19.690+0000] {logging_mixin.py:120} INFO - [2024-09-25T14:00:19.690+0000] {dag.py:3340} INFO - Setting next_dagrun for example_task_group_decorator to 2024-09-24T14:00:19.690096+00:00, run_after=2024-09-25T14:00:19.690096+00:00
[2024-09-25T14:00:19.716+0000] {processor.py:176} INFO - Processing /home/airflow/.local/lib/python3.7/site-packages/airflow/example_dags/example_task_group_decorator.py took 0.346 seconds
[2024-09-25T14:00:50.265+0000] {processor.py:154} INFO - Started process (PID=30259) to work on /home/airflow/.local/lib/python3.7/site-packages/airflow/example_dags/example_task_group_decorator.py
[2024-09-25T14:00:50.268+0000] {processor.py:756} INFO - Processing file /home/airflow/.local/lib/python3.7/site-packages/airflow/example_dags/example_task_group_decorator.py for tasks to queue
[2024-09-25T14:00:50.269+0000] {logging_mixin.py:120} INFO - [2024-09-25T14:00:50.269+0000] {dagbag.py:537} INFO - Filling up the DagBag from /home/airflow/.local/lib/python3.7/site-packages/airflow/example_dags/example_task_group_decorator.py
[2024-09-25T14:00:50.317+0000] {processor.py:766} INFO - DAG(s) dict_keys(['example_task_group_decorator']) retrieved from /home/airflow/.local/lib/python3.7/site-packages/airflow/example_dags/example_task_group_decorator.py
[2024-09-25T14:00:50.517+0000] {logging_mixin.py:120} INFO - [2024-09-25T14:00:50.517+0000] {dag.py:2585} INFO - Sync 1 DAGs
[2024-09-25T14:00:50.546+0000] {logging_mixin.py:120} INFO - [2024-09-25T14:00:50.546+0000] {dag.py:3340} INFO - Setting next_dagrun for example_task_group_decorator to 2024-09-24T14:00:50.546382+00:00, run_after=2024-09-25T14:00:50.546382+00:00
[2024-09-25T14:00:50.568+0000] {processor.py:176} INFO - Processing /home/airflow/.local/lib/python3.7/site-packages/airflow/example_dags/example_task_group_decorator.py took 0.308 seconds
[2024-09-25T14:01:21.273+0000] {processor.py:154} INFO - Started process (PID=30323) to work on /home/airflow/.local/lib/python3.7/site-packages/airflow/example_dags/example_task_group_decorator.py
[2024-09-25T14:01:21.275+0000] {processor.py:756} INFO - Processing file /home/airflow/.local/lib/python3.7/site-packages/airflow/example_dags/example_task_group_decorator.py for tasks to queue
[2024-09-25T14:01:21.276+0000] {logging_mixin.py:120} INFO - [2024-09-25T14:01:21.276+0000] {dagbag.py:537} INFO - Filling up the DagBag from /home/airflow/.local/lib/python3.7/site-packages/airflow/example_dags/example_task_group_decorator.py
[2024-09-25T14:01:21.317+0000] {processor.py:766} INFO - DAG(s) dict_keys(['example_task_group_decorator']) retrieved from /home/airflow/.local/lib/python3.7/site-packages/airflow/example_dags/example_task_group_decorator.py
[2024-09-25T14:01:21.519+0000] {logging_mixin.py:120} INFO - [2024-09-25T14:01:21.519+0000] {dag.py:2585} INFO - Sync 1 DAGs
[2024-09-25T14:01:21.547+0000] {logging_mixin.py:120} INFO - [2024-09-25T14:01:21.547+0000] {dag.py:3340} INFO - Setting next_dagrun for example_task_group_decorator to 2024-09-24T14:01:21.546998+00:00, run_after=2024-09-25T14:01:21.546998+00:00
[2024-09-25T14:01:21.568+0000] {processor.py:176} INFO - Processing /home/airflow/.local/lib/python3.7/site-packages/airflow/example_dags/example_task_group_decorator.py took 0.300 seconds
[2024-09-25T14:01:52.276+0000] {processor.py:154} INFO - Started process (PID=30388) to work on /home/airflow/.local/lib/python3.7/site-packages/airflow/example_dags/example_task_group_decorator.py
[2024-09-25T14:01:52.282+0000] {processor.py:756} INFO - Processing file /home/airflow/.local/lib/python3.7/site-packages/airflow/example_dags/example_task_group_decorator.py for tasks to queue
[2024-09-25T14:01:52.284+0000] {logging_mixin.py:120} INFO - [2024-09-25T14:01:52.284+0000] {dagbag.py:537} INFO - Filling up the DagBag from /home/airflow/.local/lib/python3.7/site-packages/airflow/example_dags/example_task_group_decorator.py
[2024-09-25T14:01:52.349+0000] {processor.py:766} INFO - DAG(s) dict_keys(['example_task_group_decorator']) retrieved from /home/airflow/.local/lib/python3.7/site-packages/airflow/example_dags/example_task_group_decorator.py
[2024-09-25T14:01:52.433+0000] {logging_mixin.py:120} INFO - [2024-09-25T14:01:52.433+0000] {dag.py:2585} INFO - Sync 1 DAGs
[2024-09-25T14:01:52.482+0000] {logging_mixin.py:120} INFO - [2024-09-25T14:01:52.482+0000] {dag.py:3340} INFO - Setting next_dagrun for example_task_group_decorator to 2024-09-24T14:01:52.479998+00:00, run_after=2024-09-25T14:01:52.479998+00:00
[2024-09-25T14:01:52.817+0000] {processor.py:176} INFO - Processing /home/airflow/.local/lib/python3.7/site-packages/airflow/example_dags/example_task_group_decorator.py took 0.549 seconds
[2024-09-25T14:02:23.151+0000] {processor.py:154} INFO - Started process (PID=30443) to work on /home/airflow/.local/lib/python3.7/site-packages/airflow/example_dags/example_task_group_decorator.py
[2024-09-25T14:02:23.157+0000] {processor.py:756} INFO - Processing file /home/airflow/.local/lib/python3.7/site-packages/airflow/example_dags/example_task_group_decorator.py for tasks to queue
[2024-09-25T14:02:23.160+0000] {logging_mixin.py:120} INFO - [2024-09-25T14:02:23.160+0000] {dagbag.py:537} INFO - Filling up the DagBag from /home/airflow/.local/lib/python3.7/site-packages/airflow/example_dags/example_task_group_decorator.py
[2024-09-25T14:02:23.199+0000] {processor.py:766} INFO - DAG(s) dict_keys(['example_task_group_decorator']) retrieved from /home/airflow/.local/lib/python3.7/site-packages/airflow/example_dags/example_task_group_decorator.py
[2024-09-25T14:02:23.252+0000] {logging_mixin.py:120} INFO - [2024-09-25T14:02:23.252+0000] {dag.py:2585} INFO - Sync 1 DAGs
[2024-09-25T14:02:23.417+0000] {logging_mixin.py:120} INFO - [2024-09-25T14:02:23.417+0000] {dag.py:3340} INFO - Setting next_dagrun for example_task_group_decorator to 2024-09-24T14:02:23.417474+00:00, run_after=2024-09-25T14:02:23.417474+00:00
[2024-09-25T14:02:23.442+0000] {processor.py:176} INFO - Processing /home/airflow/.local/lib/python3.7/site-packages/airflow/example_dags/example_task_group_decorator.py took 0.299 seconds
[2024-09-25T14:02:53.912+0000] {processor.py:154} INFO - Started process (PID=30506) to work on /home/airflow/.local/lib/python3.7/site-packages/airflow/example_dags/example_task_group_decorator.py
[2024-09-25T14:02:53.915+0000] {processor.py:756} INFO - Processing file /home/airflow/.local/lib/python3.7/site-packages/airflow/example_dags/example_task_group_decorator.py for tasks to queue
[2024-09-25T14:02:53.916+0000] {logging_mixin.py:120} INFO - [2024-09-25T14:02:53.915+0000] {dagbag.py:537} INFO - Filling up the DagBag from /home/airflow/.local/lib/python3.7/site-packages/airflow/example_dags/example_task_group_decorator.py
[2024-09-25T14:02:53.951+0000] {processor.py:766} INFO - DAG(s) dict_keys(['example_task_group_decorator']) retrieved from /home/airflow/.local/lib/python3.7/site-packages/airflow/example_dags/example_task_group_decorator.py
[2024-09-25T14:02:54.146+0000] {logging_mixin.py:120} INFO - [2024-09-25T14:02:54.146+0000] {dag.py:2585} INFO - Sync 1 DAGs
[2024-09-25T14:02:54.175+0000] {logging_mixin.py:120} INFO - [2024-09-25T14:02:54.175+0000] {dag.py:3340} INFO - Setting next_dagrun for example_task_group_decorator to 2024-09-24T14:02:54.175312+00:00, run_after=2024-09-25T14:02:54.175312+00:00
[2024-09-25T14:02:54.197+0000] {processor.py:176} INFO - Processing /home/airflow/.local/lib/python3.7/site-packages/airflow/example_dags/example_task_group_decorator.py took 0.289 seconds
[2024-09-25T14:03:24.569+0000] {processor.py:154} INFO - Started process (PID=30569) to work on /home/airflow/.local/lib/python3.7/site-packages/airflow/example_dags/example_task_group_decorator.py
[2024-09-25T14:03:24.572+0000] {processor.py:756} INFO - Processing file /home/airflow/.local/lib/python3.7/site-packages/airflow/example_dags/example_task_group_decorator.py for tasks to queue
[2024-09-25T14:03:24.573+0000] {logging_mixin.py:120} INFO - [2024-09-25T14:03:24.573+0000] {dagbag.py:537} INFO - Filling up the DagBag from /home/airflow/.local/lib/python3.7/site-packages/airflow/example_dags/example_task_group_decorator.py
[2024-09-25T14:03:24.612+0000] {processor.py:766} INFO - DAG(s) dict_keys(['example_task_group_decorator']) retrieved from /home/airflow/.local/lib/python3.7/site-packages/airflow/example_dags/example_task_group_decorator.py
[2024-09-25T14:03:24.824+0000] {logging_mixin.py:120} INFO - [2024-09-25T14:03:24.823+0000] {dag.py:2585} INFO - Sync 1 DAGs
[2024-09-25T14:03:24.857+0000] {logging_mixin.py:120} INFO - [2024-09-25T14:03:24.856+0000] {dag.py:3340} INFO - Setting next_dagrun for example_task_group_decorator to 2024-09-24T14:03:24.856568+00:00, run_after=2024-09-25T14:03:24.856568+00:00
[2024-09-25T14:03:24.882+0000] {processor.py:176} INFO - Processing /home/airflow/.local/lib/python3.7/site-packages/airflow/example_dags/example_task_group_decorator.py took 0.318 seconds
[2024-09-25T14:03:55.365+0000] {processor.py:154} INFO - Started process (PID=30631) to work on /home/airflow/.local/lib/python3.7/site-packages/airflow/example_dags/example_task_group_decorator.py
[2024-09-25T14:03:55.368+0000] {processor.py:756} INFO - Processing file /home/airflow/.local/lib/python3.7/site-packages/airflow/example_dags/example_task_group_decorator.py for tasks to queue
[2024-09-25T14:03:55.369+0000] {logging_mixin.py:120} INFO - [2024-09-25T14:03:55.368+0000] {dagbag.py:537} INFO - Filling up the DagBag from /home/airflow/.local/lib/python3.7/site-packages/airflow/example_dags/example_task_group_decorator.py
[2024-09-25T14:03:55.405+0000] {processor.py:766} INFO - DAG(s) dict_keys(['example_task_group_decorator']) retrieved from /home/airflow/.local/lib/python3.7/site-packages/airflow/example_dags/example_task_group_decorator.py
[2024-09-25T14:03:55.457+0000] {logging_mixin.py:120} INFO - [2024-09-25T14:03:55.456+0000] {dag.py:2585} INFO - Sync 1 DAGs
[2024-09-25T14:03:55.486+0000] {logging_mixin.py:120} INFO - [2024-09-25T14:03:55.486+0000] {dag.py:3340} INFO - Setting next_dagrun for example_task_group_decorator to 2024-09-24T14:03:55.486437+00:00, run_after=2024-09-25T14:03:55.486437+00:00
[2024-09-25T14:03:55.511+0000] {processor.py:176} INFO - Processing /home/airflow/.local/lib/python3.7/site-packages/airflow/example_dags/example_task_group_decorator.py took 0.150 seconds
[2024-09-25T14:04:25.781+0000] {processor.py:154} INFO - Started process (PID=30688) to work on /home/airflow/.local/lib/python3.7/site-packages/airflow/example_dags/example_task_group_decorator.py
[2024-09-25T14:04:25.784+0000] {processor.py:756} INFO - Processing file /home/airflow/.local/lib/python3.7/site-packages/airflow/example_dags/example_task_group_decorator.py for tasks to queue
[2024-09-25T14:04:25.786+0000] {logging_mixin.py:120} INFO - [2024-09-25T14:04:25.785+0000] {dagbag.py:537} INFO - Filling up the DagBag from /home/airflow/.local/lib/python3.7/site-packages/airflow/example_dags/example_task_group_decorator.py
[2024-09-25T14:04:25.829+0000] {processor.py:766} INFO - DAG(s) dict_keys(['example_task_group_decorator']) retrieved from /home/airflow/.local/lib/python3.7/site-packages/airflow/example_dags/example_task_group_decorator.py
[2024-09-25T14:04:25.899+0000] {logging_mixin.py:120} INFO - [2024-09-25T14:04:25.899+0000] {dag.py:2585} INFO - Sync 1 DAGs
[2024-09-25T14:04:26.092+0000] {logging_mixin.py:120} INFO - [2024-09-25T14:04:26.092+0000] {dag.py:3340} INFO - Setting next_dagrun for example_task_group_decorator to 2024-09-24T14:04:26.092323+00:00, run_after=2024-09-25T14:04:26.092323+00:00
[2024-09-25T14:04:26.117+0000] {processor.py:176} INFO - Processing /home/airflow/.local/lib/python3.7/site-packages/airflow/example_dags/example_task_group_decorator.py took 0.340 seconds
[2024-09-25T14:04:56.262+0000] {processor.py:154} INFO - Started process (PID=30753) to work on /home/airflow/.local/lib/python3.7/site-packages/airflow/example_dags/example_task_group_decorator.py
[2024-09-25T14:04:56.264+0000] {processor.py:756} INFO - Processing file /home/airflow/.local/lib/python3.7/site-packages/airflow/example_dags/example_task_group_decorator.py for tasks to queue
[2024-09-25T14:04:56.266+0000] {logging_mixin.py:120} INFO - [2024-09-25T14:04:56.265+0000] {dagbag.py:537} INFO - Filling up the DagBag from /home/airflow/.local/lib/python3.7/site-packages/airflow/example_dags/example_task_group_decorator.py
[2024-09-25T14:04:56.305+0000] {processor.py:766} INFO - DAG(s) dict_keys(['example_task_group_decorator']) retrieved from /home/airflow/.local/lib/python3.7/site-packages/airflow/example_dags/example_task_group_decorator.py
[2024-09-25T14:04:56.361+0000] {logging_mixin.py:120} INFO - [2024-09-25T14:04:56.361+0000] {dag.py:2585} INFO - Sync 1 DAGs
[2024-09-25T14:04:56.535+0000] {logging_mixin.py:120} INFO - [2024-09-25T14:04:56.535+0000] {dag.py:3340} INFO - Setting next_dagrun for example_task_group_decorator to 2024-09-24T14:04:56.535038+00:00, run_after=2024-09-25T14:04:56.535038+00:00
[2024-09-25T14:04:56.557+0000] {processor.py:176} INFO - Processing /home/airflow/.local/lib/python3.7/site-packages/airflow/example_dags/example_task_group_decorator.py took 0.301 seconds
[2024-09-25T14:05:26.903+0000] {processor.py:154} INFO - Started process (PID=30820) to work on /home/airflow/.local/lib/python3.7/site-packages/airflow/example_dags/example_task_group_decorator.py
[2024-09-25T14:05:26.908+0000] {processor.py:756} INFO - Processing file /home/airflow/.local/lib/python3.7/site-packages/airflow/example_dags/example_task_group_decorator.py for tasks to queue
[2024-09-25T14:05:26.911+0000] {logging_mixin.py:120} INFO - [2024-09-25T14:05:26.910+0000] {dagbag.py:537} INFO - Filling up the DagBag from /home/airflow/.local/lib/python3.7/site-packages/airflow/example_dags/example_task_group_decorator.py
[2024-09-25T14:05:26.998+0000] {processor.py:766} INFO - DAG(s) dict_keys(['example_task_group_decorator']) retrieved from /home/airflow/.local/lib/python3.7/site-packages/airflow/example_dags/example_task_group_decorator.py
[2024-09-25T14:05:27.301+0000] {logging_mixin.py:120} INFO - [2024-09-25T14:05:27.301+0000] {dag.py:2585} INFO - Sync 1 DAGs
[2024-09-25T14:05:27.341+0000] {logging_mixin.py:120} INFO - [2024-09-25T14:05:27.340+0000] {dag.py:3340} INFO - Setting next_dagrun for example_task_group_decorator to 2024-09-24T14:05:27.340643+00:00, run_after=2024-09-25T14:05:27.340643+00:00
[2024-09-25T14:05:27.369+0000] {processor.py:176} INFO - Processing /home/airflow/.local/lib/python3.7/site-packages/airflow/example_dags/example_task_group_decorator.py took 0.475 seconds
[2024-09-25T14:05:57.702+0000] {processor.py:154} INFO - Started process (PID=30875) to work on /home/airflow/.local/lib/python3.7/site-packages/airflow/example_dags/example_task_group_decorator.py
[2024-09-25T14:05:57.704+0000] {processor.py:756} INFO - Processing file /home/airflow/.local/lib/python3.7/site-packages/airflow/example_dags/example_task_group_decorator.py for tasks to queue
[2024-09-25T14:05:57.705+0000] {logging_mixin.py:120} INFO - [2024-09-25T14:05:57.705+0000] {dagbag.py:537} INFO - Filling up the DagBag from /home/airflow/.local/lib/python3.7/site-packages/airflow/example_dags/example_task_group_decorator.py
[2024-09-25T14:05:57.741+0000] {processor.py:766} INFO - DAG(s) dict_keys(['example_task_group_decorator']) retrieved from /home/airflow/.local/lib/python3.7/site-packages/airflow/example_dags/example_task_group_decorator.py
[2024-09-25T14:05:57.950+0000] {logging_mixin.py:120} INFO - [2024-09-25T14:05:57.950+0000] {dag.py:2585} INFO - Sync 1 DAGs
[2024-09-25T14:05:57.980+0000] {logging_mixin.py:120} INFO - [2024-09-25T14:05:57.980+0000] {dag.py:3340} INFO - Setting next_dagrun for example_task_group_decorator to 2024-09-24T14:05:57.980491+00:00, run_after=2024-09-25T14:05:57.980491+00:00
[2024-09-25T14:05:58.001+0000] {processor.py:176} INFO - Processing /home/airflow/.local/lib/python3.7/site-packages/airflow/example_dags/example_task_group_decorator.py took 0.304 seconds
[2024-09-25T14:06:28.128+0000] {processor.py:154} INFO - Started process (PID=30940) to work on /home/airflow/.local/lib/python3.7/site-packages/airflow/example_dags/example_task_group_decorator.py
[2024-09-25T14:06:28.131+0000] {processor.py:756} INFO - Processing file /home/airflow/.local/lib/python3.7/site-packages/airflow/example_dags/example_task_group_decorator.py for tasks to queue
[2024-09-25T14:06:28.132+0000] {logging_mixin.py:120} INFO - [2024-09-25T14:06:28.132+0000] {dagbag.py:537} INFO - Filling up the DagBag from /home/airflow/.local/lib/python3.7/site-packages/airflow/example_dags/example_task_group_decorator.py
[2024-09-25T14:06:28.176+0000] {processor.py:766} INFO - DAG(s) dict_keys(['example_task_group_decorator']) retrieved from /home/airflow/.local/lib/python3.7/site-packages/airflow/example_dags/example_task_group_decorator.py
[2024-09-25T14:06:28.246+0000] {logging_mixin.py:120} INFO - [2024-09-25T14:06:28.246+0000] {dag.py:2585} INFO - Sync 1 DAGs
[2024-09-25T14:06:28.284+0000] {logging_mixin.py:120} INFO - [2024-09-25T14:06:28.284+0000] {dag.py:3340} INFO - Setting next_dagrun for example_task_group_decorator to 2024-09-24T14:06:28.283604+00:00, run_after=2024-09-25T14:06:28.283604+00:00
[2024-09-25T14:06:28.483+0000] {processor.py:176} INFO - Processing /home/airflow/.local/lib/python3.7/site-packages/airflow/example_dags/example_task_group_decorator.py took 0.360 seconds
[2024-09-25T14:06:58.613+0000] {processor.py:154} INFO - Started process (PID=31005) to work on /home/airflow/.local/lib/python3.7/site-packages/airflow/example_dags/example_task_group_decorator.py
[2024-09-25T14:06:58.617+0000] {processor.py:756} INFO - Processing file /home/airflow/.local/lib/python3.7/site-packages/airflow/example_dags/example_task_group_decorator.py for tasks to queue
[2024-09-25T14:06:58.618+0000] {logging_mixin.py:120} INFO - [2024-09-25T14:06:58.618+0000] {dagbag.py:537} INFO - Filling up the DagBag from /home/airflow/.local/lib/python3.7/site-packages/airflow/example_dags/example_task_group_decorator.py
[2024-09-25T14:06:58.662+0000] {processor.py:766} INFO - DAG(s) dict_keys(['example_task_group_decorator']) retrieved from /home/airflow/.local/lib/python3.7/site-packages/airflow/example_dags/example_task_group_decorator.py
[2024-09-25T14:06:58.721+0000] {logging_mixin.py:120} INFO - [2024-09-25T14:06:58.721+0000] {dag.py:2585} INFO - Sync 1 DAGs
[2024-09-25T14:06:58.894+0000] {logging_mixin.py:120} INFO - [2024-09-25T14:06:58.893+0000] {dag.py:3340} INFO - Setting next_dagrun for example_task_group_decorator to 2024-09-24T14:06:58.893703+00:00, run_after=2024-09-25T14:06:58.893703+00:00
[2024-09-25T14:06:58.919+0000] {processor.py:176} INFO - Processing /home/airflow/.local/lib/python3.7/site-packages/airflow/example_dags/example_task_group_decorator.py took 0.310 seconds
[2024-09-25T14:07:29.102+0000] {processor.py:154} INFO - Started process (PID=31061) to work on /home/airflow/.local/lib/python3.7/site-packages/airflow/example_dags/example_task_group_decorator.py
[2024-09-25T14:07:29.104+0000] {processor.py:756} INFO - Processing file /home/airflow/.local/lib/python3.7/site-packages/airflow/example_dags/example_task_group_decorator.py for tasks to queue
[2024-09-25T14:07:29.105+0000] {logging_mixin.py:120} INFO - [2024-09-25T14:07:29.105+0000] {dagbag.py:537} INFO - Filling up the DagBag from /home/airflow/.local/lib/python3.7/site-packages/airflow/example_dags/example_task_group_decorator.py
[2024-09-25T14:07:29.140+0000] {processor.py:766} INFO - DAG(s) dict_keys(['example_task_group_decorator']) retrieved from /home/airflow/.local/lib/python3.7/site-packages/airflow/example_dags/example_task_group_decorator.py
[2024-09-25T14:07:29.329+0000] {logging_mixin.py:120} INFO - [2024-09-25T14:07:29.329+0000] {dag.py:2585} INFO - Sync 1 DAGs
[2024-09-25T14:07:29.364+0000] {logging_mixin.py:120} INFO - [2024-09-25T14:07:29.364+0000] {dag.py:3340} INFO - Setting next_dagrun for example_task_group_decorator to 2024-09-24T14:07:29.363864+00:00, run_after=2024-09-25T14:07:29.363864+00:00
[2024-09-25T14:07:29.389+0000] {processor.py:176} INFO - Processing /home/airflow/.local/lib/python3.7/site-packages/airflow/example_dags/example_task_group_decorator.py took 0.291 seconds
[2024-09-25T14:07:59.459+0000] {processor.py:154} INFO - Started process (PID=31127) to work on /home/airflow/.local/lib/python3.7/site-packages/airflow/example_dags/example_task_group_decorator.py
[2024-09-25T14:07:59.463+0000] {processor.py:756} INFO - Processing file /home/airflow/.local/lib/python3.7/site-packages/airflow/example_dags/example_task_group_decorator.py for tasks to queue
[2024-09-25T14:07:59.464+0000] {logging_mixin.py:120} INFO - [2024-09-25T14:07:59.464+0000] {dagbag.py:537} INFO - Filling up the DagBag from /home/airflow/.local/lib/python3.7/site-packages/airflow/example_dags/example_task_group_decorator.py
[2024-09-25T14:07:59.505+0000] {processor.py:766} INFO - DAG(s) dict_keys(['example_task_group_decorator']) retrieved from /home/airflow/.local/lib/python3.7/site-packages/airflow/example_dags/example_task_group_decorator.py
[2024-09-25T14:07:59.717+0000] {logging_mixin.py:120} INFO - [2024-09-25T14:07:59.716+0000] {dag.py:2585} INFO - Sync 1 DAGs
[2024-09-25T14:07:59.749+0000] {logging_mixin.py:120} INFO - [2024-09-25T14:07:59.749+0000] {dag.py:3340} INFO - Setting next_dagrun for example_task_group_decorator to 2024-09-24T14:07:59.749383+00:00, run_after=2024-09-25T14:07:59.749383+00:00
[2024-09-25T14:07:59.776+0000] {processor.py:176} INFO - Processing /home/airflow/.local/lib/python3.7/site-packages/airflow/example_dags/example_task_group_decorator.py took 0.322 seconds
[2024-09-25T14:08:30.146+0000] {processor.py:154} INFO - Started process (PID=31192) to work on /home/airflow/.local/lib/python3.7/site-packages/airflow/example_dags/example_task_group_decorator.py
[2024-09-25T14:08:30.149+0000] {processor.py:756} INFO - Processing file /home/airflow/.local/lib/python3.7/site-packages/airflow/example_dags/example_task_group_decorator.py for tasks to queue
[2024-09-25T14:08:30.149+0000] {logging_mixin.py:120} INFO - [2024-09-25T14:08:30.149+0000] {dagbag.py:537} INFO - Filling up the DagBag from /home/airflow/.local/lib/python3.7/site-packages/airflow/example_dags/example_task_group_decorator.py
[2024-09-25T14:08:30.181+0000] {processor.py:766} INFO - DAG(s) dict_keys(['example_task_group_decorator']) retrieved from /home/airflow/.local/lib/python3.7/site-packages/airflow/example_dags/example_task_group_decorator.py
[2024-09-25T14:08:30.233+0000] {logging_mixin.py:120} INFO - [2024-09-25T14:08:30.233+0000] {dag.py:2585} INFO - Sync 1 DAGs
[2024-09-25T14:08:30.259+0000] {logging_mixin.py:120} INFO - [2024-09-25T14:08:30.259+0000] {dag.py:3340} INFO - Setting next_dagrun for example_task_group_decorator to 2024-09-24T14:08:30.258843+00:00, run_after=2024-09-25T14:08:30.258843+00:00
[2024-09-25T14:08:30.418+0000] {processor.py:176} INFO - Processing /home/airflow/.local/lib/python3.7/site-packages/airflow/example_dags/example_task_group_decorator.py took 0.277 seconds
[2024-09-25T14:09:00.868+0000] {processor.py:154} INFO - Started process (PID=31248) to work on /home/airflow/.local/lib/python3.7/site-packages/airflow/example_dags/example_task_group_decorator.py
[2024-09-25T14:09:00.871+0000] {processor.py:756} INFO - Processing file /home/airflow/.local/lib/python3.7/site-packages/airflow/example_dags/example_task_group_decorator.py for tasks to queue
[2024-09-25T14:09:00.873+0000] {logging_mixin.py:120} INFO - [2024-09-25T14:09:00.872+0000] {dagbag.py:537} INFO - Filling up the DagBag from /home/airflow/.local/lib/python3.7/site-packages/airflow/example_dags/example_task_group_decorator.py
[2024-09-25T14:09:00.918+0000] {processor.py:766} INFO - DAG(s) dict_keys(['example_task_group_decorator']) retrieved from /home/airflow/.local/lib/python3.7/site-packages/airflow/example_dags/example_task_group_decorator.py
[2024-09-25T14:09:00.986+0000] {logging_mixin.py:120} INFO - [2024-09-25T14:09:00.986+0000] {dag.py:2585} INFO - Sync 1 DAGs
[2024-09-25T14:09:01.198+0000] {logging_mixin.py:120} INFO - [2024-09-25T14:09:01.197+0000] {dag.py:3340} INFO - Setting next_dagrun for example_task_group_decorator to 2024-09-24T14:09:01.197605+00:00, run_after=2024-09-25T14:09:01.197605+00:00
[2024-09-25T14:09:01.227+0000] {processor.py:176} INFO - Processing /home/airflow/.local/lib/python3.7/site-packages/airflow/example_dags/example_task_group_decorator.py took 0.363 seconds
[2024-09-25T14:09:31.695+0000] {processor.py:154} INFO - Started process (PID=31312) to work on /home/airflow/.local/lib/python3.7/site-packages/airflow/example_dags/example_task_group_decorator.py
[2024-09-25T14:09:31.697+0000] {processor.py:756} INFO - Processing file /home/airflow/.local/lib/python3.7/site-packages/airflow/example_dags/example_task_group_decorator.py for tasks to queue
[2024-09-25T14:09:31.698+0000] {logging_mixin.py:120} INFO - [2024-09-25T14:09:31.698+0000] {dagbag.py:537} INFO - Filling up the DagBag from /home/airflow/.local/lib/python3.7/site-packages/airflow/example_dags/example_task_group_decorator.py
[2024-09-25T14:09:31.740+0000] {processor.py:766} INFO - DAG(s) dict_keys(['example_task_group_decorator']) retrieved from /home/airflow/.local/lib/python3.7/site-packages/airflow/example_dags/example_task_group_decorator.py
[2024-09-25T14:09:31.955+0000] {logging_mixin.py:120} INFO - [2024-09-25T14:09:31.954+0000] {dag.py:2585} INFO - Sync 1 DAGs
[2024-09-25T14:09:31.991+0000] {logging_mixin.py:120} INFO - [2024-09-25T14:09:31.991+0000] {dag.py:3340} INFO - Setting next_dagrun for example_task_group_decorator to 2024-09-24T14:09:31.991192+00:00, run_after=2024-09-25T14:09:31.991192+00:00
[2024-09-25T14:09:32.020+0000] {processor.py:176} INFO - Processing /home/airflow/.local/lib/python3.7/site-packages/airflow/example_dags/example_task_group_decorator.py took 0.329 seconds
[2024-09-25T14:10:02.356+0000] {processor.py:154} INFO - Started process (PID=31376) to work on /home/airflow/.local/lib/python3.7/site-packages/airflow/example_dags/example_task_group_decorator.py
[2024-09-25T14:10:02.359+0000] {processor.py:756} INFO - Processing file /home/airflow/.local/lib/python3.7/site-packages/airflow/example_dags/example_task_group_decorator.py for tasks to queue
[2024-09-25T14:10:02.360+0000] {logging_mixin.py:120} INFO - [2024-09-25T14:10:02.360+0000] {dagbag.py:537} INFO - Filling up the DagBag from /home/airflow/.local/lib/python3.7/site-packages/airflow/example_dags/example_task_group_decorator.py
[2024-09-25T14:10:02.403+0000] {processor.py:766} INFO - DAG(s) dict_keys(['example_task_group_decorator']) retrieved from /home/airflow/.local/lib/python3.7/site-packages/airflow/example_dags/example_task_group_decorator.py
[2024-09-25T14:10:02.602+0000] {logging_mixin.py:120} INFO - [2024-09-25T14:10:02.601+0000] {dag.py:2585} INFO - Sync 1 DAGs
[2024-09-25T14:10:02.630+0000] {logging_mixin.py:120} INFO - [2024-09-25T14:10:02.630+0000] {dag.py:3340} INFO - Setting next_dagrun for example_task_group_decorator to 2024-09-24T14:10:02.630062+00:00, run_after=2024-09-25T14:10:02.630062+00:00
[2024-09-25T14:10:02.651+0000] {processor.py:176} INFO - Processing /home/airflow/.local/lib/python3.7/site-packages/airflow/example_dags/example_task_group_decorator.py took 0.300 seconds
[2024-09-25T14:10:32.825+0000] {processor.py:154} INFO - Started process (PID=31432) to work on /home/airflow/.local/lib/python3.7/site-packages/airflow/example_dags/example_task_group_decorator.py
[2024-09-25T14:10:32.828+0000] {processor.py:756} INFO - Processing file /home/airflow/.local/lib/python3.7/site-packages/airflow/example_dags/example_task_group_decorator.py for tasks to queue
[2024-09-25T14:10:32.829+0000] {logging_mixin.py:120} INFO - [2024-09-25T14:10:32.829+0000] {dagbag.py:537} INFO - Filling up the DagBag from /home/airflow/.local/lib/python3.7/site-packages/airflow/example_dags/example_task_group_decorator.py
[2024-09-25T14:10:32.868+0000] {processor.py:766} INFO - DAG(s) dict_keys(['example_task_group_decorator']) retrieved from /home/airflow/.local/lib/python3.7/site-packages/airflow/example_dags/example_task_group_decorator.py
[2024-09-25T14:10:33.057+0000] {logging_mixin.py:120} INFO - [2024-09-25T14:10:33.057+0000] {dag.py:2585} INFO - Sync 1 DAGs
[2024-09-25T14:10:33.081+0000] {logging_mixin.py:120} INFO - [2024-09-25T14:10:33.080+0000] {dag.py:3340} INFO - Setting next_dagrun for example_task_group_decorator to 2024-09-24T14:10:33.080715+00:00, run_after=2024-09-25T14:10:33.080715+00:00
[2024-09-25T14:10:33.101+0000] {processor.py:176} INFO - Processing /home/airflow/.local/lib/python3.7/site-packages/airflow/example_dags/example_task_group_decorator.py took 0.280 seconds
[2024-09-25T14:11:03.659+0000] {processor.py:154} INFO - Started process (PID=31497) to work on /home/airflow/.local/lib/python3.7/site-packages/airflow/example_dags/example_task_group_decorator.py
[2024-09-25T14:11:03.662+0000] {processor.py:756} INFO - Processing file /home/airflow/.local/lib/python3.7/site-packages/airflow/example_dags/example_task_group_decorator.py for tasks to queue
[2024-09-25T14:11:03.663+0000] {logging_mixin.py:120} INFO - [2024-09-25T14:11:03.663+0000] {dagbag.py:537} INFO - Filling up the DagBag from /home/airflow/.local/lib/python3.7/site-packages/airflow/example_dags/example_task_group_decorator.py
[2024-09-25T14:11:03.705+0000] {processor.py:766} INFO - DAG(s) dict_keys(['example_task_group_decorator']) retrieved from /home/airflow/.local/lib/python3.7/site-packages/airflow/example_dags/example_task_group_decorator.py
[2024-09-25T14:11:03.758+0000] {logging_mixin.py:120} INFO - [2024-09-25T14:11:03.758+0000] {dag.py:2585} INFO - Sync 1 DAGs
[2024-09-25T14:11:03.928+0000] {logging_mixin.py:120} INFO - [2024-09-25T14:11:03.928+0000] {dag.py:3340} INFO - Setting next_dagrun for example_task_group_decorator to 2024-09-24T14:11:03.927755+00:00, run_after=2024-09-25T14:11:03.927755+00:00
[2024-09-25T14:11:03.952+0000] {processor.py:176} INFO - Processing /home/airflow/.local/lib/python3.7/site-packages/airflow/example_dags/example_task_group_decorator.py took 0.298 seconds
[2024-09-25T14:11:34.449+0000] {processor.py:154} INFO - Started process (PID=31562) to work on /home/airflow/.local/lib/python3.7/site-packages/airflow/example_dags/example_task_group_decorator.py
[2024-09-25T14:11:34.452+0000] {processor.py:756} INFO - Processing file /home/airflow/.local/lib/python3.7/site-packages/airflow/example_dags/example_task_group_decorator.py for tasks to queue
[2024-09-25T14:11:34.455+0000] {logging_mixin.py:120} INFO - [2024-09-25T14:11:34.455+0000] {dagbag.py:537} INFO - Filling up the DagBag from /home/airflow/.local/lib/python3.7/site-packages/airflow/example_dags/example_task_group_decorator.py
[2024-09-25T14:11:34.493+0000] {processor.py:766} INFO - DAG(s) dict_keys(['example_task_group_decorator']) retrieved from /home/airflow/.local/lib/python3.7/site-packages/airflow/example_dags/example_task_group_decorator.py
[2024-09-25T14:11:34.542+0000] {logging_mixin.py:120} INFO - [2024-09-25T14:11:34.542+0000] {dag.py:2585} INFO - Sync 1 DAGs
[2024-09-25T14:11:34.714+0000] {logging_mixin.py:120} INFO - [2024-09-25T14:11:34.714+0000] {dag.py:3340} INFO - Setting next_dagrun for example_task_group_decorator to 2024-09-24T14:11:34.713985+00:00, run_after=2024-09-25T14:11:34.713985+00:00
[2024-09-25T14:11:34.738+0000] {processor.py:176} INFO - Processing /home/airflow/.local/lib/python3.7/site-packages/airflow/example_dags/example_task_group_decorator.py took 0.294 seconds
[2024-09-25T14:12:05.402+0000] {processor.py:154} INFO - Started process (PID=31627) to work on /home/airflow/.local/lib/python3.7/site-packages/airflow/example_dags/example_task_group_decorator.py
[2024-09-25T14:12:05.405+0000] {processor.py:756} INFO - Processing file /home/airflow/.local/lib/python3.7/site-packages/airflow/example_dags/example_task_group_decorator.py for tasks to queue
[2024-09-25T14:12:05.407+0000] {logging_mixin.py:120} INFO - [2024-09-25T14:12:05.407+0000] {dagbag.py:537} INFO - Filling up the DagBag from /home/airflow/.local/lib/python3.7/site-packages/airflow/example_dags/example_task_group_decorator.py
[2024-09-25T14:12:05.451+0000] {processor.py:766} INFO - DAG(s) dict_keys(['example_task_group_decorator']) retrieved from /home/airflow/.local/lib/python3.7/site-packages/airflow/example_dags/example_task_group_decorator.py
[2024-09-25T14:12:05.635+0000] {logging_mixin.py:120} INFO - [2024-09-25T14:12:05.635+0000] {dag.py:2585} INFO - Sync 1 DAGs
[2024-09-25T14:12:05.663+0000] {logging_mixin.py:120} INFO - [2024-09-25T14:12:05.663+0000] {dag.py:3340} INFO - Setting next_dagrun for example_task_group_decorator to 2024-09-24T14:12:05.662879+00:00, run_after=2024-09-25T14:12:05.662879+00:00
[2024-09-25T14:12:05.683+0000] {processor.py:176} INFO - Processing /home/airflow/.local/lib/python3.7/site-packages/airflow/example_dags/example_task_group_decorator.py took 0.285 seconds
[2024-09-25T14:12:36.021+0000] {processor.py:154} INFO - Started process (PID=31683) to work on /home/airflow/.local/lib/python3.7/site-packages/airflow/example_dags/example_task_group_decorator.py
[2024-09-25T14:12:36.023+0000] {processor.py:756} INFO - Processing file /home/airflow/.local/lib/python3.7/site-packages/airflow/example_dags/example_task_group_decorator.py for tasks to queue
[2024-09-25T14:12:36.024+0000] {logging_mixin.py:120} INFO - [2024-09-25T14:12:36.024+0000] {dagbag.py:537} INFO - Filling up the DagBag from /home/airflow/.local/lib/python3.7/site-packages/airflow/example_dags/example_task_group_decorator.py
[2024-09-25T14:12:36.056+0000] {processor.py:766} INFO - DAG(s) dict_keys(['example_task_group_decorator']) retrieved from /home/airflow/.local/lib/python3.7/site-packages/airflow/example_dags/example_task_group_decorator.py
[2024-09-25T14:12:36.235+0000] {logging_mixin.py:120} INFO - [2024-09-25T14:12:36.235+0000] {dag.py:2585} INFO - Sync 1 DAGs
[2024-09-25T14:12:36.261+0000] {logging_mixin.py:120} INFO - [2024-09-25T14:12:36.261+0000] {dag.py:3340} INFO - Setting next_dagrun for example_task_group_decorator to 2024-09-24T14:12:36.261087+00:00, run_after=2024-09-25T14:12:36.261087+00:00
[2024-09-25T14:12:36.281+0000] {processor.py:176} INFO - Processing /home/airflow/.local/lib/python3.7/site-packages/airflow/example_dags/example_task_group_decorator.py took 0.264 seconds
[2024-09-25T14:13:06.546+0000] {processor.py:154} INFO - Started process (PID=31748) to work on /home/airflow/.local/lib/python3.7/site-packages/airflow/example_dags/example_task_group_decorator.py
[2024-09-25T14:13:06.549+0000] {processor.py:756} INFO - Processing file /home/airflow/.local/lib/python3.7/site-packages/airflow/example_dags/example_task_group_decorator.py for tasks to queue
[2024-09-25T14:13:06.550+0000] {logging_mixin.py:120} INFO - [2024-09-25T14:13:06.550+0000] {dagbag.py:537} INFO - Filling up the DagBag from /home/airflow/.local/lib/python3.7/site-packages/airflow/example_dags/example_task_group_decorator.py
[2024-09-25T14:13:06.587+0000] {processor.py:766} INFO - DAG(s) dict_keys(['example_task_group_decorator']) retrieved from /home/airflow/.local/lib/python3.7/site-packages/airflow/example_dags/example_task_group_decorator.py
[2024-09-25T14:13:06.634+0000] {logging_mixin.py:120} INFO - [2024-09-25T14:13:06.633+0000] {dag.py:2585} INFO - Sync 1 DAGs
[2024-09-25T14:13:06.664+0000] {logging_mixin.py:120} INFO - [2024-09-25T14:13:06.664+0000] {dag.py:3340} INFO - Setting next_dagrun for example_task_group_decorator to 2024-09-24T14:13:06.663868+00:00, run_after=2024-09-25T14:13:06.663868+00:00
[2024-09-25T14:13:06.824+0000] {processor.py:176} INFO - Processing /home/airflow/.local/lib/python3.7/site-packages/airflow/example_dags/example_task_group_decorator.py took 0.282 seconds
[2024-09-25T14:13:37.739+0000] {processor.py:154} INFO - Started process (PID=31813) to work on /home/airflow/.local/lib/python3.7/site-packages/airflow/example_dags/example_task_group_decorator.py
[2024-09-25T14:13:37.742+0000] {processor.py:756} INFO - Processing file /home/airflow/.local/lib/python3.7/site-packages/airflow/example_dags/example_task_group_decorator.py for tasks to queue
[2024-09-25T14:13:37.743+0000] {logging_mixin.py:120} INFO - [2024-09-25T14:13:37.743+0000] {dagbag.py:537} INFO - Filling up the DagBag from /home/airflow/.local/lib/python3.7/site-packages/airflow/example_dags/example_task_group_decorator.py
[2024-09-25T14:13:37.782+0000] {processor.py:766} INFO - DAG(s) dict_keys(['example_task_group_decorator']) retrieved from /home/airflow/.local/lib/python3.7/site-packages/airflow/example_dags/example_task_group_decorator.py
[2024-09-25T14:13:37.829+0000] {logging_mixin.py:120} INFO - [2024-09-25T14:13:37.829+0000] {dag.py:2585} INFO - Sync 1 DAGs
[2024-09-25T14:13:38.002+0000] {logging_mixin.py:120} INFO - [2024-09-25T14:13:38.002+0000] {dag.py:3340} INFO - Setting next_dagrun for example_task_group_decorator to 2024-09-24T14:13:38.002213+00:00, run_after=2024-09-25T14:13:38.002213+00:00
[2024-09-25T14:13:38.025+0000] {processor.py:176} INFO - Processing /home/airflow/.local/lib/python3.7/site-packages/airflow/example_dags/example_task_group_decorator.py took 0.291 seconds
[2024-09-25T14:14:08.075+0000] {processor.py:154} INFO - Started process (PID=31876) to work on /home/airflow/.local/lib/python3.7/site-packages/airflow/example_dags/example_task_group_decorator.py
[2024-09-25T14:14:08.078+0000] {processor.py:756} INFO - Processing file /home/airflow/.local/lib/python3.7/site-packages/airflow/example_dags/example_task_group_decorator.py for tasks to queue
[2024-09-25T14:14:08.078+0000] {logging_mixin.py:120} INFO - [2024-09-25T14:14:08.078+0000] {dagbag.py:537} INFO - Filling up the DagBag from /home/airflow/.local/lib/python3.7/site-packages/airflow/example_dags/example_task_group_decorator.py
[2024-09-25T14:14:08.114+0000] {processor.py:766} INFO - DAG(s) dict_keys(['example_task_group_decorator']) retrieved from /home/airflow/.local/lib/python3.7/site-packages/airflow/example_dags/example_task_group_decorator.py
[2024-09-25T14:14:08.298+0000] {logging_mixin.py:120} INFO - [2024-09-25T14:14:08.298+0000] {dag.py:2585} INFO - Sync 1 DAGs
[2024-09-25T14:14:08.326+0000] {logging_mixin.py:120} INFO - [2024-09-25T14:14:08.326+0000] {dag.py:3340} INFO - Setting next_dagrun for example_task_group_decorator to 2024-09-24T14:14:08.325934+00:00, run_after=2024-09-25T14:14:08.325934+00:00
[2024-09-25T14:14:08.347+0000] {processor.py:176} INFO - Processing /home/airflow/.local/lib/python3.7/site-packages/airflow/example_dags/example_task_group_decorator.py took 0.276 seconds
[2024-09-25T14:14:38.680+0000] {processor.py:154} INFO - Started process (PID=31934) to work on /home/airflow/.local/lib/python3.7/site-packages/airflow/example_dags/example_task_group_decorator.py
[2024-09-25T14:14:38.684+0000] {processor.py:756} INFO - Processing file /home/airflow/.local/lib/python3.7/site-packages/airflow/example_dags/example_task_group_decorator.py for tasks to queue
[2024-09-25T14:14:38.685+0000] {logging_mixin.py:120} INFO - [2024-09-25T14:14:38.685+0000] {dagbag.py:537} INFO - Filling up the DagBag from /home/airflow/.local/lib/python3.7/site-packages/airflow/example_dags/example_task_group_decorator.py
[2024-09-25T14:14:38.725+0000] {processor.py:766} INFO - DAG(s) dict_keys(['example_task_group_decorator']) retrieved from /home/airflow/.local/lib/python3.7/site-packages/airflow/example_dags/example_task_group_decorator.py
[2024-09-25T14:14:38.916+0000] {logging_mixin.py:120} INFO - [2024-09-25T14:14:38.915+0000] {dag.py:2585} INFO - Sync 1 DAGs
[2024-09-25T14:14:38.943+0000] {logging_mixin.py:120} INFO - [2024-09-25T14:14:38.943+0000] {dag.py:3340} INFO - Setting next_dagrun for example_task_group_decorator to 2024-09-24T14:14:38.942878+00:00, run_after=2024-09-25T14:14:38.942878+00:00
[2024-09-25T14:14:38.963+0000] {processor.py:176} INFO - Processing /home/airflow/.local/lib/python3.7/site-packages/airflow/example_dags/example_task_group_decorator.py took 0.286 seconds
[2024-09-25T14:15:09.300+0000] {processor.py:154} INFO - Started process (PID=31999) to work on /home/airflow/.local/lib/python3.7/site-packages/airflow/example_dags/example_task_group_decorator.py
[2024-09-25T14:15:09.304+0000] {processor.py:756} INFO - Processing file /home/airflow/.local/lib/python3.7/site-packages/airflow/example_dags/example_task_group_decorator.py for tasks to queue
[2024-09-25T14:15:09.305+0000] {logging_mixin.py:120} INFO - [2024-09-25T14:15:09.305+0000] {dagbag.py:537} INFO - Filling up the DagBag from /home/airflow/.local/lib/python3.7/site-packages/airflow/example_dags/example_task_group_decorator.py
[2024-09-25T14:15:09.344+0000] {processor.py:766} INFO - DAG(s) dict_keys(['example_task_group_decorator']) retrieved from /home/airflow/.local/lib/python3.7/site-packages/airflow/example_dags/example_task_group_decorator.py
[2024-09-25T14:15:09.392+0000] {logging_mixin.py:120} INFO - [2024-09-25T14:15:09.392+0000] {dag.py:2585} INFO - Sync 1 DAGs
[2024-09-25T14:15:09.420+0000] {logging_mixin.py:120} INFO - [2024-09-25T14:15:09.419+0000] {dag.py:3340} INFO - Setting next_dagrun for example_task_group_decorator to 2024-09-24T14:15:09.419736+00:00, run_after=2024-09-25T14:15:09.419736+00:00
[2024-09-25T14:15:09.580+0000] {processor.py:176} INFO - Processing /home/airflow/.local/lib/python3.7/site-packages/airflow/example_dags/example_task_group_decorator.py took 0.286 seconds
[2024-09-25T14:15:40.250+0000] {processor.py:154} INFO - Started process (PID=32064) to work on /home/airflow/.local/lib/python3.7/site-packages/airflow/example_dags/example_task_group_decorator.py
[2024-09-25T14:15:40.253+0000] {processor.py:756} INFO - Processing file /home/airflow/.local/lib/python3.7/site-packages/airflow/example_dags/example_task_group_decorator.py for tasks to queue
[2024-09-25T14:15:40.254+0000] {logging_mixin.py:120} INFO - [2024-09-25T14:15:40.253+0000] {dagbag.py:537} INFO - Filling up the DagBag from /home/airflow/.local/lib/python3.7/site-packages/airflow/example_dags/example_task_group_decorator.py
[2024-09-25T14:15:40.286+0000] {processor.py:766} INFO - DAG(s) dict_keys(['example_task_group_decorator']) retrieved from /home/airflow/.local/lib/python3.7/site-packages/airflow/example_dags/example_task_group_decorator.py
[2024-09-25T14:15:40.328+0000] {logging_mixin.py:120} INFO - [2024-09-25T14:15:40.328+0000] {dag.py:2585} INFO - Sync 1 DAGs
[2024-09-25T14:15:40.495+0000] {logging_mixin.py:120} INFO - [2024-09-25T14:15:40.495+0000] {dag.py:3340} INFO - Setting next_dagrun for example_task_group_decorator to 2024-09-24T14:15:40.495055+00:00, run_after=2024-09-25T14:15:40.495055+00:00
[2024-09-25T14:15:40.518+0000] {processor.py:176} INFO - Processing /home/airflow/.local/lib/python3.7/site-packages/airflow/example_dags/example_task_group_decorator.py took 0.271 seconds
[2024-09-25T14:16:10.615+0000] {processor.py:154} INFO - Started process (PID=32120) to work on /home/airflow/.local/lib/python3.7/site-packages/airflow/example_dags/example_task_group_decorator.py
[2024-09-25T14:16:10.619+0000] {processor.py:756} INFO - Processing file /home/airflow/.local/lib/python3.7/site-packages/airflow/example_dags/example_task_group_decorator.py for tasks to queue
[2024-09-25T14:16:10.620+0000] {logging_mixin.py:120} INFO - [2024-09-25T14:16:10.620+0000] {dagbag.py:537} INFO - Filling up the DagBag from /home/airflow/.local/lib/python3.7/site-packages/airflow/example_dags/example_task_group_decorator.py
[2024-09-25T14:16:10.658+0000] {processor.py:766} INFO - DAG(s) dict_keys(['example_task_group_decorator']) retrieved from /home/airflow/.local/lib/python3.7/site-packages/airflow/example_dags/example_task_group_decorator.py
[2024-09-25T14:16:10.852+0000] {logging_mixin.py:120} INFO - [2024-09-25T14:16:10.852+0000] {dag.py:2585} INFO - Sync 1 DAGs
[2024-09-25T14:16:10.881+0000] {logging_mixin.py:120} INFO - [2024-09-25T14:16:10.881+0000] {dag.py:3340} INFO - Setting next_dagrun for example_task_group_decorator to 2024-09-24T14:16:10.881496+00:00, run_after=2024-09-25T14:16:10.881496+00:00
[2024-09-25T14:16:10.905+0000] {processor.py:176} INFO - Processing /home/airflow/.local/lib/python3.7/site-packages/airflow/example_dags/example_task_group_decorator.py took 0.294 seconds
[2024-09-25T14:16:41.191+0000] {processor.py:154} INFO - Started process (PID=32185) to work on /home/airflow/.local/lib/python3.7/site-packages/airflow/example_dags/example_task_group_decorator.py
[2024-09-25T14:16:41.197+0000] {processor.py:756} INFO - Processing file /home/airflow/.local/lib/python3.7/site-packages/airflow/example_dags/example_task_group_decorator.py for tasks to queue
[2024-09-25T14:16:41.199+0000] {logging_mixin.py:120} INFO - [2024-09-25T14:16:41.198+0000] {dagbag.py:537} INFO - Filling up the DagBag from /home/airflow/.local/lib/python3.7/site-packages/airflow/example_dags/example_task_group_decorator.py
[2024-09-25T14:16:41.241+0000] {processor.py:766} INFO - DAG(s) dict_keys(['example_task_group_decorator']) retrieved from /home/airflow/.local/lib/python3.7/site-packages/airflow/example_dags/example_task_group_decorator.py
[2024-09-25T14:16:41.442+0000] {logging_mixin.py:120} INFO - [2024-09-25T14:16:41.442+0000] {dag.py:2585} INFO - Sync 1 DAGs
[2024-09-25T14:16:41.470+0000] {logging_mixin.py:120} INFO - [2024-09-25T14:16:41.469+0000] {dag.py:3340} INFO - Setting next_dagrun for example_task_group_decorator to 2024-09-24T14:16:41.469675+00:00, run_after=2024-09-25T14:16:41.469675+00:00
[2024-09-25T14:16:41.495+0000] {processor.py:176} INFO - Processing /home/airflow/.local/lib/python3.7/site-packages/airflow/example_dags/example_task_group_decorator.py took 0.311 seconds
[2024-09-25T16:13:26.056+0000] {processor.py:154} INFO - Started process (PID=32211) to work on /home/airflow/.local/lib/python3.7/site-packages/airflow/example_dags/example_task_group_decorator.py
[2024-09-25T16:13:26.060+0000] {processor.py:756} INFO - Processing file /home/airflow/.local/lib/python3.7/site-packages/airflow/example_dags/example_task_group_decorator.py for tasks to queue
[2024-09-25T16:13:26.062+0000] {logging_mixin.py:120} INFO - [2024-09-25T16:13:26.062+0000] {dagbag.py:537} INFO - Filling up the DagBag from /home/airflow/.local/lib/python3.7/site-packages/airflow/example_dags/example_task_group_decorator.py
[2024-09-25T16:13:26.115+0000] {processor.py:766} INFO - DAG(s) dict_keys(['example_task_group_decorator']) retrieved from /home/airflow/.local/lib/python3.7/site-packages/airflow/example_dags/example_task_group_decorator.py
[2024-09-25T16:13:26.466+0000] {logging_mixin.py:120} INFO - [2024-09-25T16:13:26.465+0000] {dag.py:2585} INFO - Sync 1 DAGs
[2024-09-25T16:13:26.520+0000] {logging_mixin.py:120} INFO - [2024-09-25T16:13:26.519+0000] {dag.py:3340} INFO - Setting next_dagrun for example_task_group_decorator to 2024-09-24T16:13:26.519564+00:00, run_after=2024-09-25T16:13:26.519564+00:00
[2024-09-25T16:13:26.562+0000] {processor.py:176} INFO - Processing /home/airflow/.local/lib/python3.7/site-packages/airflow/example_dags/example_task_group_decorator.py took 0.512 seconds
[2024-09-25T16:17:32.593+0000] {processor.py:154} INFO - Started process (PID=32275) to work on /home/airflow/.local/lib/python3.7/site-packages/airflow/example_dags/example_task_group_decorator.py
[2024-09-25T16:17:32.598+0000] {processor.py:756} INFO - Processing file /home/airflow/.local/lib/python3.7/site-packages/airflow/example_dags/example_task_group_decorator.py for tasks to queue
[2024-09-25T16:17:32.600+0000] {logging_mixin.py:120} INFO - [2024-09-25T16:17:32.599+0000] {dagbag.py:537} INFO - Filling up the DagBag from /home/airflow/.local/lib/python3.7/site-packages/airflow/example_dags/example_task_group_decorator.py
[2024-09-25T16:17:32.688+0000] {processor.py:766} INFO - DAG(s) dict_keys(['example_task_group_decorator']) retrieved from /home/airflow/.local/lib/python3.7/site-packages/airflow/example_dags/example_task_group_decorator.py
[2024-09-25T16:17:32.803+0000] {logging_mixin.py:120} INFO - [2024-09-25T16:17:32.803+0000] {dag.py:2585} INFO - Sync 1 DAGs
[2024-09-25T16:17:32.877+0000] {logging_mixin.py:120} INFO - [2024-09-25T16:17:32.877+0000] {dag.py:3340} INFO - Setting next_dagrun for example_task_group_decorator to 2024-09-24T16:17:32.876665+00:00, run_after=2024-09-25T16:17:32.876665+00:00
[2024-09-25T16:17:33.184+0000] {processor.py:176} INFO - Processing /home/airflow/.local/lib/python3.7/site-packages/airflow/example_dags/example_task_group_decorator.py took 0.599 seconds
[2024-09-25T17:08:20.329+0000] {processor.py:154} INFO - Started process (PID=32331) to work on /home/airflow/.local/lib/python3.7/site-packages/airflow/example_dags/example_task_group_decorator.py
[2024-09-25T17:08:20.333+0000] {processor.py:756} INFO - Processing file /home/airflow/.local/lib/python3.7/site-packages/airflow/example_dags/example_task_group_decorator.py for tasks to queue
[2024-09-25T17:08:20.334+0000] {logging_mixin.py:120} INFO - [2024-09-25T17:08:20.334+0000] {dagbag.py:537} INFO - Filling up the DagBag from /home/airflow/.local/lib/python3.7/site-packages/airflow/example_dags/example_task_group_decorator.py
[2024-09-25T17:08:20.376+0000] {processor.py:766} INFO - DAG(s) dict_keys(['example_task_group_decorator']) retrieved from /home/airflow/.local/lib/python3.7/site-packages/airflow/example_dags/example_task_group_decorator.py
[2024-09-25T17:08:20.434+0000] {logging_mixin.py:120} INFO - [2024-09-25T17:08:20.434+0000] {dag.py:2585} INFO - Sync 1 DAGs
[2024-09-25T17:08:20.614+0000] {logging_mixin.py:120} INFO - [2024-09-25T17:08:20.613+0000] {dag.py:3340} INFO - Setting next_dagrun for example_task_group_decorator to 2024-09-24T17:08:20.613700+00:00, run_after=2024-09-25T17:08:20.613700+00:00
[2024-09-25T17:08:20.640+0000] {processor.py:176} INFO - Processing /home/airflow/.local/lib/python3.7/site-packages/airflow/example_dags/example_task_group_decorator.py took 0.316 seconds
[2024-09-25T18:19:29.489+0000] {processor.py:154} INFO - Started process (PID=32396) to work on /home/airflow/.local/lib/python3.7/site-packages/airflow/example_dags/example_task_group_decorator.py
[2024-09-25T18:19:29.494+0000] {processor.py:756} INFO - Processing file /home/airflow/.local/lib/python3.7/site-packages/airflow/example_dags/example_task_group_decorator.py for tasks to queue
[2024-09-25T18:19:29.496+0000] {logging_mixin.py:120} INFO - [2024-09-25T18:19:29.496+0000] {dagbag.py:537} INFO - Filling up the DagBag from /home/airflow/.local/lib/python3.7/site-packages/airflow/example_dags/example_task_group_decorator.py
[2024-09-25T18:19:29.559+0000] {processor.py:766} INFO - DAG(s) dict_keys(['example_task_group_decorator']) retrieved from /home/airflow/.local/lib/python3.7/site-packages/airflow/example_dags/example_task_group_decorator.py
[2024-09-25T18:19:29.830+0000] {logging_mixin.py:120} INFO - [2024-09-25T18:19:29.830+0000] {dag.py:2585} INFO - Sync 1 DAGs
[2024-09-25T18:19:29.878+0000] {logging_mixin.py:120} INFO - [2024-09-25T18:19:29.877+0000] {dag.py:3340} INFO - Setting next_dagrun for example_task_group_decorator to 2024-09-24T18:19:29.877584+00:00, run_after=2024-09-25T18:19:29.877584+00:00
[2024-09-25T18:19:29.913+0000] {processor.py:176} INFO - Processing /home/airflow/.local/lib/python3.7/site-packages/airflow/example_dags/example_task_group_decorator.py took 0.432 seconds
[2024-09-25T20:00:32.885+0000] {processor.py:154} INFO - Started process (PID=32452) to work on /home/airflow/.local/lib/python3.7/site-packages/airflow/example_dags/example_task_group_decorator.py
[2024-09-25T20:00:32.889+0000] {processor.py:756} INFO - Processing file /home/airflow/.local/lib/python3.7/site-packages/airflow/example_dags/example_task_group_decorator.py for tasks to queue
[2024-09-25T20:00:32.893+0000] {logging_mixin.py:120} INFO - [2024-09-25T20:00:32.893+0000] {dagbag.py:537} INFO - Filling up the DagBag from /home/airflow/.local/lib/python3.7/site-packages/airflow/example_dags/example_task_group_decorator.py
[2024-09-25T20:00:32.948+0000] {processor.py:766} INFO - DAG(s) dict_keys(['example_task_group_decorator']) retrieved from /home/airflow/.local/lib/python3.7/site-packages/airflow/example_dags/example_task_group_decorator.py
[2024-09-25T20:00:33.232+0000] {logging_mixin.py:120} INFO - [2024-09-25T20:00:33.232+0000] {dag.py:2585} INFO - Sync 1 DAGs
[2024-09-25T20:00:33.277+0000] {logging_mixin.py:120} INFO - [2024-09-25T20:00:33.277+0000] {dag.py:3340} INFO - Setting next_dagrun for example_task_group_decorator to 2024-09-24T20:00:33.276973+00:00, run_after=2024-09-25T20:00:33.276973+00:00
[2024-09-25T20:00:33.310+0000] {processor.py:176} INFO - Processing /home/airflow/.local/lib/python3.7/site-packages/airflow/example_dags/example_task_group_decorator.py took 0.431 seconds
[2024-09-25T20:12:32.785+0000] {processor.py:154} INFO - Started process (PID=32517) to work on /home/airflow/.local/lib/python3.7/site-packages/airflow/example_dags/example_task_group_decorator.py
[2024-09-25T20:12:32.788+0000] {processor.py:756} INFO - Processing file /home/airflow/.local/lib/python3.7/site-packages/airflow/example_dags/example_task_group_decorator.py for tasks to queue
[2024-09-25T20:12:32.790+0000] {logging_mixin.py:120} INFO - [2024-09-25T20:12:32.790+0000] {dagbag.py:537} INFO - Filling up the DagBag from /home/airflow/.local/lib/python3.7/site-packages/airflow/example_dags/example_task_group_decorator.py
[2024-09-25T20:12:33.051+0000] {processor.py:766} INFO - DAG(s) dict_keys(['example_task_group_decorator']) retrieved from /home/airflow/.local/lib/python3.7/site-packages/airflow/example_dags/example_task_group_decorator.py
[2024-09-25T20:12:33.118+0000] {logging_mixin.py:120} INFO - [2024-09-25T20:12:33.118+0000] {dag.py:2585} INFO - Sync 1 DAGs
[2024-09-25T20:12:33.159+0000] {logging_mixin.py:120} INFO - [2024-09-25T20:12:33.159+0000] {dag.py:3340} INFO - Setting next_dagrun for example_task_group_decorator to 2024-09-24T20:12:33.159048+00:00, run_after=2024-09-25T20:12:33.159048+00:00
[2024-09-25T20:12:33.192+0000] {processor.py:176} INFO - Processing /home/airflow/.local/lib/python3.7/site-packages/airflow/example_dags/example_task_group_decorator.py took 0.412 seconds
[2024-09-25T21:22:38.552+0000] {processor.py:154} INFO - Started process (PID=32573) to work on /home/airflow/.local/lib/python3.7/site-packages/airflow/example_dags/example_task_group_decorator.py
[2024-09-25T21:22:38.554+0000] {processor.py:756} INFO - Processing file /home/airflow/.local/lib/python3.7/site-packages/airflow/example_dags/example_task_group_decorator.py for tasks to queue
[2024-09-25T21:22:38.555+0000] {logging_mixin.py:120} INFO - [2024-09-25T21:22:38.555+0000] {dagbag.py:537} INFO - Filling up the DagBag from /home/airflow/.local/lib/python3.7/site-packages/airflow/example_dags/example_task_group_decorator.py
[2024-09-25T21:22:38.607+0000] {processor.py:766} INFO - DAG(s) dict_keys(['example_task_group_decorator']) retrieved from /home/airflow/.local/lib/python3.7/site-packages/airflow/example_dags/example_task_group_decorator.py
[2024-09-25T21:22:38.670+0000] {logging_mixin.py:120} INFO - [2024-09-25T21:22:38.670+0000] {dag.py:2585} INFO - Sync 1 DAGs
[2024-09-25T21:22:38.853+0000] {logging_mixin.py:120} INFO - [2024-09-25T21:22:38.853+0000] {dag.py:3340} INFO - Setting next_dagrun for example_task_group_decorator to 2024-09-24T21:22:38.852978+00:00, run_after=2024-09-25T21:22:38.852978+00:00
[2024-09-25T21:22:38.882+0000] {processor.py:176} INFO - Processing /home/airflow/.local/lib/python3.7/site-packages/airflow/example_dags/example_task_group_decorator.py took 0.335 seconds
