[2024-09-28T00:22:02.276+0000] {processor.py:154} INFO - Started process (PID=15553) to work on /home/airflow/.local/lib/python3.7/site-packages/airflow/example_dags/example_latest_only_with_trigger.py
[2024-09-28T00:22:02.297+0000] {processor.py:756} INFO - Processing file /home/airflow/.local/lib/python3.7/site-packages/airflow/example_dags/example_latest_only_with_trigger.py for tasks to queue
[2024-09-28T00:22:02.307+0000] {logging_mixin.py:120} INFO - [2024-09-28T00:22:02.306+0000] {dagbag.py:537} INFO - Filling up the DagBag from /home/airflow/.local/lib/python3.7/site-packages/airflow/example_dags/example_latest_only_with_trigger.py
[2024-09-28T00:22:02.482+0000] {processor.py:766} INFO - DAG(s) dict_keys(['latest_only_with_trigger']) retrieved from /home/airflow/.local/lib/python3.7/site-packages/airflow/example_dags/example_latest_only_with_trigger.py
[2024-09-28T00:22:03.042+0000] {logging_mixin.py:120} INFO - [2024-09-28T00:22:03.040+0000] {dag.py:2585} INFO - Sync 1 DAGs
[2024-09-28T00:22:03.354+0000] {logging_mixin.py:120} INFO - [2024-09-28T00:22:03.351+0000] {dag.py:3340} INFO - Setting next_dagrun for latest_only_with_trigger to 2024-09-27T20:22:03.350272+00:00, run_after=2024-09-28T00:22:03.350272+00:00
[2024-09-28T00:22:03.587+0000] {processor.py:176} INFO - Processing /home/airflow/.local/lib/python3.7/site-packages/airflow/example_dags/example_latest_only_with_trigger.py took 1.383 seconds
[2024-09-28T00:22:45.269+0000] {processor.py:154} INFO - Started process (PID=15621) to work on /home/airflow/.local/lib/python3.7/site-packages/airflow/example_dags/example_latest_only_with_trigger.py
[2024-09-28T00:22:45.272+0000] {processor.py:756} INFO - Processing file /home/airflow/.local/lib/python3.7/site-packages/airflow/example_dags/example_latest_only_with_trigger.py for tasks to queue
[2024-09-28T00:22:45.276+0000] {logging_mixin.py:120} INFO - [2024-09-28T00:22:45.275+0000] {dagbag.py:537} INFO - Filling up the DagBag from /home/airflow/.local/lib/python3.7/site-packages/airflow/example_dags/example_latest_only_with_trigger.py
[2024-09-28T00:22:45.311+0000] {processor.py:766} INFO - DAG(s) dict_keys(['latest_only_with_trigger']) retrieved from /home/airflow/.local/lib/python3.7/site-packages/airflow/example_dags/example_latest_only_with_trigger.py
[2024-09-28T00:22:45.408+0000] {logging_mixin.py:120} INFO - [2024-09-28T00:22:45.407+0000] {dag.py:2585} INFO - Sync 1 DAGs
[2024-09-28T00:22:45.476+0000] {logging_mixin.py:120} INFO - [2024-09-28T00:22:45.476+0000] {dag.py:3340} INFO - Setting next_dagrun for latest_only_with_trigger to 2024-09-27T20:22:45.475248+00:00, run_after=2024-09-28T00:22:45.475248+00:00
[2024-09-28T00:22:45.523+0000] {processor.py:176} INFO - Processing /home/airflow/.local/lib/python3.7/site-packages/airflow/example_dags/example_latest_only_with_trigger.py took 0.262 seconds
[2024-09-28T00:38:06.643+0000] {processor.py:154} INFO - Started process (PID=15666) to work on /home/airflow/.local/lib/python3.7/site-packages/airflow/example_dags/example_latest_only_with_trigger.py
[2024-09-28T00:38:06.645+0000] {processor.py:756} INFO - Processing file /home/airflow/.local/lib/python3.7/site-packages/airflow/example_dags/example_latest_only_with_trigger.py for tasks to queue
[2024-09-28T00:38:06.648+0000] {logging_mixin.py:120} INFO - [2024-09-28T00:38:06.647+0000] {dagbag.py:537} INFO - Filling up the DagBag from /home/airflow/.local/lib/python3.7/site-packages/airflow/example_dags/example_latest_only_with_trigger.py
[2024-09-28T00:38:06.675+0000] {processor.py:766} INFO - DAG(s) dict_keys(['latest_only_with_trigger']) retrieved from /home/airflow/.local/lib/python3.7/site-packages/airflow/example_dags/example_latest_only_with_trigger.py
[2024-09-28T00:38:06.746+0000] {logging_mixin.py:120} INFO - [2024-09-28T00:38:06.745+0000] {dag.py:2585} INFO - Sync 1 DAGs
[2024-09-28T00:38:06.796+0000] {logging_mixin.py:120} INFO - [2024-09-28T00:38:06.796+0000] {dag.py:3340} INFO - Setting next_dagrun for latest_only_with_trigger to 2024-09-27T20:38:06.796260+00:00, run_after=2024-09-28T00:38:06.796260+00:00
[2024-09-28T00:38:06.838+0000] {processor.py:176} INFO - Processing /home/airflow/.local/lib/python3.7/site-packages/airflow/example_dags/example_latest_only_with_trigger.py took 0.201 seconds
[2024-09-28T00:38:51.303+0000] {processor.py:154} INFO - Started process (PID=15738) to work on /home/airflow/.local/lib/python3.7/site-packages/airflow/example_dags/example_latest_only_with_trigger.py
[2024-09-28T00:38:51.305+0000] {processor.py:756} INFO - Processing file /home/airflow/.local/lib/python3.7/site-packages/airflow/example_dags/example_latest_only_with_trigger.py for tasks to queue
[2024-09-28T00:38:51.306+0000] {logging_mixin.py:120} INFO - [2024-09-28T00:38:51.306+0000] {dagbag.py:537} INFO - Filling up the DagBag from /home/airflow/.local/lib/python3.7/site-packages/airflow/example_dags/example_latest_only_with_trigger.py
[2024-09-28T00:38:51.327+0000] {processor.py:766} INFO - DAG(s) dict_keys(['latest_only_with_trigger']) retrieved from /home/airflow/.local/lib/python3.7/site-packages/airflow/example_dags/example_latest_only_with_trigger.py
[2024-09-28T00:38:51.379+0000] {logging_mixin.py:120} INFO - [2024-09-28T00:38:51.379+0000] {dag.py:2585} INFO - Sync 1 DAGs
[2024-09-28T00:38:51.411+0000] {logging_mixin.py:120} INFO - [2024-09-28T00:38:51.411+0000] {dag.py:3340} INFO - Setting next_dagrun for latest_only_with_trigger to 2024-09-27T20:38:51.411219+00:00, run_after=2024-09-28T00:38:51.411219+00:00
[2024-09-28T00:38:51.441+0000] {processor.py:176} INFO - Processing /home/airflow/.local/lib/python3.7/site-packages/airflow/example_dags/example_latest_only_with_trigger.py took 0.143 seconds
[2024-09-28T00:52:44.261+0000] {processor.py:154} INFO - Started process (PID=15797) to work on /home/airflow/.local/lib/python3.7/site-packages/airflow/example_dags/example_latest_only_with_trigger.py
[2024-09-28T00:52:44.267+0000] {processor.py:756} INFO - Processing file /home/airflow/.local/lib/python3.7/site-packages/airflow/example_dags/example_latest_only_with_trigger.py for tasks to queue
[2024-09-28T00:52:44.274+0000] {logging_mixin.py:120} INFO - [2024-09-28T00:52:44.273+0000] {dagbag.py:537} INFO - Filling up the DagBag from /home/airflow/.local/lib/python3.7/site-packages/airflow/example_dags/example_latest_only_with_trigger.py
[2024-09-28T00:52:44.404+0000] {processor.py:766} INFO - DAG(s) dict_keys(['latest_only_with_trigger']) retrieved from /home/airflow/.local/lib/python3.7/site-packages/airflow/example_dags/example_latest_only_with_trigger.py
[2024-09-28T00:52:44.802+0000] {logging_mixin.py:120} INFO - [2024-09-28T00:52:44.801+0000] {dag.py:2585} INFO - Sync 1 DAGs
[2024-09-28T00:52:45.104+0000] {logging_mixin.py:120} INFO - [2024-09-28T00:52:45.103+0000] {dag.py:3340} INFO - Setting next_dagrun for latest_only_with_trigger to 2024-09-27T20:52:45.101918+00:00, run_after=2024-09-28T00:52:45.101918+00:00
[2024-09-28T00:52:45.306+0000] {processor.py:176} INFO - Processing /home/airflow/.local/lib/python3.7/site-packages/airflow/example_dags/example_latest_only_with_trigger.py took 1.075 seconds
[2024-09-28T01:00:03.762+0000] {processor.py:154} INFO - Started process (PID=15901) to work on /home/airflow/.local/lib/python3.7/site-packages/airflow/example_dags/example_latest_only_with_trigger.py
[2024-09-28T01:00:03.771+0000] {processor.py:756} INFO - Processing file /home/airflow/.local/lib/python3.7/site-packages/airflow/example_dags/example_latest_only_with_trigger.py for tasks to queue
[2024-09-28T01:00:03.783+0000] {logging_mixin.py:120} INFO - [2024-09-28T01:00:03.782+0000] {dagbag.py:537} INFO - Filling up the DagBag from /home/airflow/.local/lib/python3.7/site-packages/airflow/example_dags/example_latest_only_with_trigger.py
[2024-09-28T01:00:04.020+0000] {processor.py:766} INFO - DAG(s) dict_keys(['latest_only_with_trigger']) retrieved from /home/airflow/.local/lib/python3.7/site-packages/airflow/example_dags/example_latest_only_with_trigger.py
[2024-09-28T01:00:04.419+0000] {logging_mixin.py:120} INFO - [2024-09-28T01:00:04.418+0000] {dag.py:2585} INFO - Sync 1 DAGs
[2024-09-28T01:00:04.702+0000] {logging_mixin.py:120} INFO - [2024-09-28T01:00:04.700+0000] {dag.py:3340} INFO - Setting next_dagrun for latest_only_with_trigger to 2024-09-27T21:00:04.698749+00:00, run_after=2024-09-28T01:00:04.698749+00:00
[2024-09-28T01:00:04.896+0000] {processor.py:176} INFO - Processing /home/airflow/.local/lib/python3.7/site-packages/airflow/example_dags/example_latest_only_with_trigger.py took 1.165 seconds
[2024-09-28T01:00:35.999+0000] {processor.py:154} INFO - Started process (PID=15964) to work on /home/airflow/.local/lib/python3.7/site-packages/airflow/example_dags/example_latest_only_with_trigger.py
[2024-09-28T01:00:36.006+0000] {processor.py:756} INFO - Processing file /home/airflow/.local/lib/python3.7/site-packages/airflow/example_dags/example_latest_only_with_trigger.py for tasks to queue
[2024-09-28T01:00:36.016+0000] {logging_mixin.py:120} INFO - [2024-09-28T01:00:36.013+0000] {dagbag.py:537} INFO - Filling up the DagBag from /home/airflow/.local/lib/python3.7/site-packages/airflow/example_dags/example_latest_only_with_trigger.py
[2024-09-28T01:00:36.179+0000] {processor.py:766} INFO - DAG(s) dict_keys(['latest_only_with_trigger']) retrieved from /home/airflow/.local/lib/python3.7/site-packages/airflow/example_dags/example_latest_only_with_trigger.py
[2024-09-28T01:00:36.574+0000] {logging_mixin.py:120} INFO - [2024-09-28T01:00:36.573+0000] {dag.py:2585} INFO - Sync 1 DAGs
[2024-09-28T01:00:36.785+0000] {logging_mixin.py:120} INFO - [2024-09-28T01:00:36.784+0000] {dag.py:3340} INFO - Setting next_dagrun for latest_only_with_trigger to 2024-09-27T21:00:36.781309+00:00, run_after=2024-09-28T01:00:36.781309+00:00
[2024-09-28T01:00:36.940+0000] {processor.py:176} INFO - Processing /home/airflow/.local/lib/python3.7/site-packages/airflow/example_dags/example_latest_only_with_trigger.py took 0.973 seconds
[2024-09-28T01:17:04.303+0000] {processor.py:154} INFO - Started process (PID=16012) to work on /home/airflow/.local/lib/python3.7/site-packages/airflow/example_dags/example_latest_only_with_trigger.py
[2024-09-28T01:17:04.312+0000] {processor.py:756} INFO - Processing file /home/airflow/.local/lib/python3.7/site-packages/airflow/example_dags/example_latest_only_with_trigger.py for tasks to queue
[2024-09-28T01:17:04.322+0000] {logging_mixin.py:120} INFO - [2024-09-28T01:17:04.321+0000] {dagbag.py:537} INFO - Filling up the DagBag from /home/airflow/.local/lib/python3.7/site-packages/airflow/example_dags/example_latest_only_with_trigger.py
[2024-09-28T01:17:04.469+0000] {processor.py:766} INFO - DAG(s) dict_keys(['latest_only_with_trigger']) retrieved from /home/airflow/.local/lib/python3.7/site-packages/airflow/example_dags/example_latest_only_with_trigger.py
[2024-09-28T01:17:04.871+0000] {logging_mixin.py:120} INFO - [2024-09-28T01:17:04.870+0000] {dag.py:2585} INFO - Sync 1 DAGs
[2024-09-28T01:17:05.220+0000] {logging_mixin.py:120} INFO - [2024-09-28T01:17:05.217+0000] {dag.py:3340} INFO - Setting next_dagrun for latest_only_with_trigger to 2024-09-27T21:17:05.215695+00:00, run_after=2024-09-28T01:17:05.215695+00:00
[2024-09-28T01:17:05.404+0000] {processor.py:176} INFO - Processing /home/airflow/.local/lib/python3.7/site-packages/airflow/example_dags/example_latest_only_with_trigger.py took 1.134 seconds
[2024-09-28T01:17:36.375+0000] {processor.py:154} INFO - Started process (PID=16075) to work on /home/airflow/.local/lib/python3.7/site-packages/airflow/example_dags/example_latest_only_with_trigger.py
[2024-09-28T01:17:36.381+0000] {processor.py:756} INFO - Processing file /home/airflow/.local/lib/python3.7/site-packages/airflow/example_dags/example_latest_only_with_trigger.py for tasks to queue
[2024-09-28T01:17:36.390+0000] {logging_mixin.py:120} INFO - [2024-09-28T01:17:36.388+0000] {dagbag.py:537} INFO - Filling up the DagBag from /home/airflow/.local/lib/python3.7/site-packages/airflow/example_dags/example_latest_only_with_trigger.py
[2024-09-28T01:17:36.559+0000] {processor.py:766} INFO - DAG(s) dict_keys(['latest_only_with_trigger']) retrieved from /home/airflow/.local/lib/python3.7/site-packages/airflow/example_dags/example_latest_only_with_trigger.py
[2024-09-28T01:17:36.929+0000] {logging_mixin.py:120} INFO - [2024-09-28T01:17:36.927+0000] {dag.py:2585} INFO - Sync 1 DAGs
[2024-09-28T01:17:37.188+0000] {logging_mixin.py:120} INFO - [2024-09-28T01:17:37.187+0000] {dag.py:3340} INFO - Setting next_dagrun for latest_only_with_trigger to 2024-09-27T21:17:37.186453+00:00, run_after=2024-09-28T01:17:37.186453+00:00
[2024-09-28T01:17:37.355+0000] {processor.py:176} INFO - Processing /home/airflow/.local/lib/python3.7/site-packages/airflow/example_dags/example_latest_only_with_trigger.py took 1.013 seconds
[2024-09-28T01:36:00.825+0000] {processor.py:154} INFO - Started process (PID=16167) to work on /home/airflow/.local/lib/python3.7/site-packages/airflow/example_dags/example_latest_only_with_trigger.py
[2024-09-28T01:36:00.830+0000] {processor.py:756} INFO - Processing file /home/airflow/.local/lib/python3.7/site-packages/airflow/example_dags/example_latest_only_with_trigger.py for tasks to queue
[2024-09-28T01:36:00.835+0000] {logging_mixin.py:120} INFO - [2024-09-28T01:36:00.835+0000] {dagbag.py:537} INFO - Filling up the DagBag from /home/airflow/.local/lib/python3.7/site-packages/airflow/example_dags/example_latest_only_with_trigger.py
[2024-09-28T01:36:00.926+0000] {processor.py:766} INFO - DAG(s) dict_keys(['latest_only_with_trigger']) retrieved from /home/airflow/.local/lib/python3.7/site-packages/airflow/example_dags/example_latest_only_with_trigger.py
[2024-09-28T01:36:01.231+0000] {logging_mixin.py:120} INFO - [2024-09-28T01:36:01.231+0000] {dag.py:2585} INFO - Sync 1 DAGs
[2024-09-28T01:36:01.399+0000] {logging_mixin.py:120} INFO - [2024-09-28T01:36:01.398+0000] {dag.py:3340} INFO - Setting next_dagrun for latest_only_with_trigger to 2024-09-27T21:36:01.397547+00:00, run_after=2024-09-28T01:36:01.397547+00:00
[2024-09-28T01:36:01.526+0000] {processor.py:176} INFO - Processing /home/airflow/.local/lib/python3.7/site-packages/airflow/example_dags/example_latest_only_with_trigger.py took 0.720 seconds
[2024-09-28T01:49:19.373+0000] {processor.py:154} INFO - Started process (PID=16221) to work on /home/airflow/.local/lib/python3.7/site-packages/airflow/example_dags/example_latest_only_with_trigger.py
[2024-09-28T01:49:19.376+0000] {processor.py:756} INFO - Processing file /home/airflow/.local/lib/python3.7/site-packages/airflow/example_dags/example_latest_only_with_trigger.py for tasks to queue
[2024-09-28T01:49:19.377+0000] {logging_mixin.py:120} INFO - [2024-09-28T01:49:19.377+0000] {dagbag.py:537} INFO - Filling up the DagBag from /home/airflow/.local/lib/python3.7/site-packages/airflow/example_dags/example_latest_only_with_trigger.py
[2024-09-28T01:49:19.402+0000] {processor.py:766} INFO - DAG(s) dict_keys(['latest_only_with_trigger']) retrieved from /home/airflow/.local/lib/python3.7/site-packages/airflow/example_dags/example_latest_only_with_trigger.py
[2024-09-28T01:49:19.496+0000] {logging_mixin.py:120} INFO - [2024-09-28T01:49:19.496+0000] {dag.py:2585} INFO - Sync 1 DAGs
[2024-09-28T01:49:19.549+0000] {logging_mixin.py:120} INFO - [2024-09-28T01:49:19.549+0000] {dag.py:3340} INFO - Setting next_dagrun for latest_only_with_trigger to 2024-09-27T21:49:19.549293+00:00, run_after=2024-09-28T01:49:19.549293+00:00
[2024-09-28T01:49:19.598+0000] {processor.py:176} INFO - Processing /home/airflow/.local/lib/python3.7/site-packages/airflow/example_dags/example_latest_only_with_trigger.py took 0.231 seconds
[2024-09-28T01:50:04.845+0000] {processor.py:154} INFO - Started process (PID=16293) to work on /home/airflow/.local/lib/python3.7/site-packages/airflow/example_dags/example_latest_only_with_trigger.py
[2024-09-28T01:50:04.847+0000] {processor.py:756} INFO - Processing file /home/airflow/.local/lib/python3.7/site-packages/airflow/example_dags/example_latest_only_with_trigger.py for tasks to queue
[2024-09-28T01:50:04.848+0000] {logging_mixin.py:120} INFO - [2024-09-28T01:50:04.848+0000] {dagbag.py:537} INFO - Filling up the DagBag from /home/airflow/.local/lib/python3.7/site-packages/airflow/example_dags/example_latest_only_with_trigger.py
[2024-09-28T01:50:04.871+0000] {processor.py:766} INFO - DAG(s) dict_keys(['latest_only_with_trigger']) retrieved from /home/airflow/.local/lib/python3.7/site-packages/airflow/example_dags/example_latest_only_with_trigger.py
[2024-09-28T01:50:04.936+0000] {logging_mixin.py:120} INFO - [2024-09-28T01:50:04.935+0000] {dag.py:2585} INFO - Sync 1 DAGs
[2024-09-28T01:50:04.993+0000] {logging_mixin.py:120} INFO - [2024-09-28T01:50:04.993+0000] {dag.py:3340} INFO - Setting next_dagrun for latest_only_with_trigger to 2024-09-27T21:50:04.993276+00:00, run_after=2024-09-28T01:50:04.993276+00:00
[2024-09-28T01:50:05.027+0000] {processor.py:176} INFO - Processing /home/airflow/.local/lib/python3.7/site-packages/airflow/example_dags/example_latest_only_with_trigger.py took 0.190 seconds
[2024-09-28T01:50:57.225+0000] {processor.py:154} INFO - Started process (PID=16347) to work on /home/airflow/.local/lib/python3.7/site-packages/airflow/example_dags/example_latest_only_with_trigger.py
[2024-09-28T01:50:57.232+0000] {processor.py:756} INFO - Processing file /home/airflow/.local/lib/python3.7/site-packages/airflow/example_dags/example_latest_only_with_trigger.py for tasks to queue
[2024-09-28T01:50:57.239+0000] {logging_mixin.py:120} INFO - [2024-09-28T01:50:57.238+0000] {dagbag.py:537} INFO - Filling up the DagBag from /home/airflow/.local/lib/python3.7/site-packages/airflow/example_dags/example_latest_only_with_trigger.py
[2024-09-28T01:50:57.355+0000] {processor.py:766} INFO - DAG(s) dict_keys(['latest_only_with_trigger']) retrieved from /home/airflow/.local/lib/python3.7/site-packages/airflow/example_dags/example_latest_only_with_trigger.py
[2024-09-28T01:50:57.642+0000] {logging_mixin.py:120} INFO - [2024-09-28T01:50:57.641+0000] {dag.py:2585} INFO - Sync 1 DAGs
[2024-09-28T01:50:57.897+0000] {logging_mixin.py:120} INFO - [2024-09-28T01:50:57.896+0000] {dag.py:3340} INFO - Setting next_dagrun for latest_only_with_trigger to 2024-09-27T21:50:57.895612+00:00, run_after=2024-09-28T01:50:57.895612+00:00
[2024-09-28T01:50:58.028+0000] {processor.py:176} INFO - Processing /home/airflow/.local/lib/python3.7/site-packages/airflow/example_dags/example_latest_only_with_trigger.py took 0.831 seconds
[2024-09-28T01:51:28.959+0000] {processor.py:154} INFO - Started process (PID=16410) to work on /home/airflow/.local/lib/python3.7/site-packages/airflow/example_dags/example_latest_only_with_trigger.py
[2024-09-28T01:51:28.969+0000] {processor.py:756} INFO - Processing file /home/airflow/.local/lib/python3.7/site-packages/airflow/example_dags/example_latest_only_with_trigger.py for tasks to queue
[2024-09-28T01:51:28.977+0000] {logging_mixin.py:120} INFO - [2024-09-28T01:51:28.975+0000] {dagbag.py:537} INFO - Filling up the DagBag from /home/airflow/.local/lib/python3.7/site-packages/airflow/example_dags/example_latest_only_with_trigger.py
[2024-09-28T01:51:29.113+0000] {processor.py:766} INFO - DAG(s) dict_keys(['latest_only_with_trigger']) retrieved from /home/airflow/.local/lib/python3.7/site-packages/airflow/example_dags/example_latest_only_with_trigger.py
[2024-09-28T01:51:29.454+0000] {logging_mixin.py:120} INFO - [2024-09-28T01:51:29.453+0000] {dag.py:2585} INFO - Sync 1 DAGs
[2024-09-28T01:51:29.659+0000] {logging_mixin.py:120} INFO - [2024-09-28T01:51:29.658+0000] {dag.py:3340} INFO - Setting next_dagrun for latest_only_with_trigger to 2024-09-27T21:51:29.657097+00:00, run_after=2024-09-28T01:51:29.657097+00:00
[2024-09-28T01:51:29.811+0000] {processor.py:176} INFO - Processing /home/airflow/.local/lib/python3.7/site-packages/airflow/example_dags/example_latest_only_with_trigger.py took 0.886 seconds
[2024-09-28T02:09:36.083+0000] {processor.py:154} INFO - Started process (PID=16473) to work on /home/airflow/.local/lib/python3.7/site-packages/airflow/example_dags/example_latest_only_with_trigger.py
[2024-09-28T02:09:36.093+0000] {processor.py:756} INFO - Processing file /home/airflow/.local/lib/python3.7/site-packages/airflow/example_dags/example_latest_only_with_trigger.py for tasks to queue
[2024-09-28T02:09:36.101+0000] {logging_mixin.py:120} INFO - [2024-09-28T02:09:36.100+0000] {dagbag.py:537} INFO - Filling up the DagBag from /home/airflow/.local/lib/python3.7/site-packages/airflow/example_dags/example_latest_only_with_trigger.py
[2024-09-28T02:09:36.253+0000] {processor.py:766} INFO - DAG(s) dict_keys(['latest_only_with_trigger']) retrieved from /home/airflow/.local/lib/python3.7/site-packages/airflow/example_dags/example_latest_only_with_trigger.py
[2024-09-28T02:09:36.655+0000] {logging_mixin.py:120} INFO - [2024-09-28T02:09:36.654+0000] {dag.py:2585} INFO - Sync 1 DAGs
[2024-09-28T02:09:36.949+0000] {logging_mixin.py:120} INFO - [2024-09-28T02:09:36.947+0000] {dag.py:3340} INFO - Setting next_dagrun for latest_only_with_trigger to 2024-09-27T22:09:36.945213+00:00, run_after=2024-09-28T02:09:36.945213+00:00
[2024-09-28T02:09:37.144+0000] {processor.py:176} INFO - Processing /home/airflow/.local/lib/python3.7/site-packages/airflow/example_dags/example_latest_only_with_trigger.py took 1.098 seconds
[2024-09-28T02:10:12.189+0000] {processor.py:154} INFO - Started process (PID=16536) to work on /home/airflow/.local/lib/python3.7/site-packages/airflow/example_dags/example_latest_only_with_trigger.py
[2024-09-28T02:10:12.201+0000] {processor.py:756} INFO - Processing file /home/airflow/.local/lib/python3.7/site-packages/airflow/example_dags/example_latest_only_with_trigger.py for tasks to queue
[2024-09-28T02:10:12.211+0000] {logging_mixin.py:120} INFO - [2024-09-28T02:10:12.210+0000] {dagbag.py:537} INFO - Filling up the DagBag from /home/airflow/.local/lib/python3.7/site-packages/airflow/example_dags/example_latest_only_with_trigger.py
[2024-09-28T02:10:12.337+0000] {processor.py:766} INFO - DAG(s) dict_keys(['latest_only_with_trigger']) retrieved from /home/airflow/.local/lib/python3.7/site-packages/airflow/example_dags/example_latest_only_with_trigger.py
[2024-09-28T02:10:12.735+0000] {logging_mixin.py:120} INFO - [2024-09-28T02:10:12.734+0000] {dag.py:2585} INFO - Sync 1 DAGs
[2024-09-28T02:10:13.026+0000] {logging_mixin.py:120} INFO - [2024-09-28T02:10:13.024+0000] {dag.py:3340} INFO - Setting next_dagrun for latest_only_with_trigger to 2024-09-27T22:10:13.022361+00:00, run_after=2024-09-28T02:10:13.022361+00:00
[2024-09-28T02:10:13.191+0000] {processor.py:176} INFO - Processing /home/airflow/.local/lib/python3.7/site-packages/airflow/example_dags/example_latest_only_with_trigger.py took 1.029 seconds
[2024-09-28T02:10:47.851+0000] {processor.py:154} INFO - Started process (PID=16599) to work on /home/airflow/.local/lib/python3.7/site-packages/airflow/example_dags/example_latest_only_with_trigger.py
[2024-09-28T02:10:47.863+0000] {processor.py:756} INFO - Processing file /home/airflow/.local/lib/python3.7/site-packages/airflow/example_dags/example_latest_only_with_trigger.py for tasks to queue
[2024-09-28T02:10:47.874+0000] {logging_mixin.py:120} INFO - [2024-09-28T02:10:47.873+0000] {dagbag.py:537} INFO - Filling up the DagBag from /home/airflow/.local/lib/python3.7/site-packages/airflow/example_dags/example_latest_only_with_trigger.py
[2024-09-28T02:10:48.406+0000] {processor.py:766} INFO - DAG(s) dict_keys(['latest_only_with_trigger']) retrieved from /home/airflow/.local/lib/python3.7/site-packages/airflow/example_dags/example_latest_only_with_trigger.py
[2024-09-28T02:10:49.451+0000] {logging_mixin.py:120} INFO - [2024-09-28T02:10:49.449+0000] {dag.py:2585} INFO - Sync 1 DAGs
[2024-09-28T02:10:49.806+0000] {logging_mixin.py:120} INFO - [2024-09-28T02:10:49.805+0000] {dag.py:3340} INFO - Setting next_dagrun for latest_only_with_trigger to 2024-09-27T22:10:49.803668+00:00, run_after=2024-09-28T02:10:49.803668+00:00
[2024-09-28T02:10:50.020+0000] {processor.py:176} INFO - Processing /home/airflow/.local/lib/python3.7/site-packages/airflow/example_dags/example_latest_only_with_trigger.py took 2.210 seconds
[2024-09-28T02:11:20.368+0000] {processor.py:154} INFO - Started process (PID=16660) to work on /home/airflow/.local/lib/python3.7/site-packages/airflow/example_dags/example_latest_only_with_trigger.py
[2024-09-28T02:11:20.375+0000] {processor.py:756} INFO - Processing file /home/airflow/.local/lib/python3.7/site-packages/airflow/example_dags/example_latest_only_with_trigger.py for tasks to queue
[2024-09-28T02:11:20.383+0000] {logging_mixin.py:120} INFO - [2024-09-28T02:11:20.382+0000] {dagbag.py:537} INFO - Filling up the DagBag from /home/airflow/.local/lib/python3.7/site-packages/airflow/example_dags/example_latest_only_with_trigger.py
[2024-09-28T02:11:20.486+0000] {processor.py:766} INFO - DAG(s) dict_keys(['latest_only_with_trigger']) retrieved from /home/airflow/.local/lib/python3.7/site-packages/airflow/example_dags/example_latest_only_with_trigger.py
[2024-09-28T02:11:20.759+0000] {logging_mixin.py:120} INFO - [2024-09-28T02:11:20.759+0000] {dag.py:2585} INFO - Sync 1 DAGs
[2024-09-28T02:11:20.958+0000] {logging_mixin.py:120} INFO - [2024-09-28T02:11:20.957+0000] {dag.py:3340} INFO - Setting next_dagrun for latest_only_with_trigger to 2024-09-27T22:11:20.956158+00:00, run_after=2024-09-28T02:11:20.956158+00:00
[2024-09-28T02:11:21.078+0000] {processor.py:176} INFO - Processing /home/airflow/.local/lib/python3.7/site-packages/airflow/example_dags/example_latest_only_with_trigger.py took 0.732 seconds
[2024-09-28T02:11:53.054+0000] {processor.py:154} INFO - Started process (PID=16716) to work on /home/airflow/.local/lib/python3.7/site-packages/airflow/example_dags/example_latest_only_with_trigger.py
[2024-09-28T02:11:53.060+0000] {processor.py:756} INFO - Processing file /home/airflow/.local/lib/python3.7/site-packages/airflow/example_dags/example_latest_only_with_trigger.py for tasks to queue
[2024-09-28T02:11:53.065+0000] {logging_mixin.py:120} INFO - [2024-09-28T02:11:53.064+0000] {dagbag.py:537} INFO - Filling up the DagBag from /home/airflow/.local/lib/python3.7/site-packages/airflow/example_dags/example_latest_only_with_trigger.py
[2024-09-28T02:11:53.135+0000] {processor.py:766} INFO - DAG(s) dict_keys(['latest_only_with_trigger']) retrieved from /home/airflow/.local/lib/python3.7/site-packages/airflow/example_dags/example_latest_only_with_trigger.py
[2024-09-28T02:11:53.359+0000] {logging_mixin.py:120} INFO - [2024-09-28T02:11:53.358+0000] {dag.py:2585} INFO - Sync 1 DAGs
[2024-09-28T02:11:53.496+0000] {logging_mixin.py:120} INFO - [2024-09-28T02:11:53.495+0000] {dag.py:3340} INFO - Setting next_dagrun for latest_only_with_trigger to 2024-09-27T22:11:53.494375+00:00, run_after=2024-09-28T02:11:53.494375+00:00
[2024-09-28T02:11:53.587+0000] {processor.py:176} INFO - Processing /home/airflow/.local/lib/python3.7/site-packages/airflow/example_dags/example_latest_only_with_trigger.py took 0.552 seconds
[2024-09-28T02:28:24.453+0000] {processor.py:154} INFO - Started process (PID=16788) to work on /home/airflow/.local/lib/python3.7/site-packages/airflow/example_dags/example_latest_only_with_trigger.py
[2024-09-28T02:28:24.461+0000] {processor.py:756} INFO - Processing file /home/airflow/.local/lib/python3.7/site-packages/airflow/example_dags/example_latest_only_with_trigger.py for tasks to queue
[2024-09-28T02:28:24.471+0000] {logging_mixin.py:120} INFO - [2024-09-28T02:28:24.468+0000] {dagbag.py:537} INFO - Filling up the DagBag from /home/airflow/.local/lib/python3.7/site-packages/airflow/example_dags/example_latest_only_with_trigger.py
[2024-09-28T02:28:24.621+0000] {processor.py:766} INFO - DAG(s) dict_keys(['latest_only_with_trigger']) retrieved from /home/airflow/.local/lib/python3.7/site-packages/airflow/example_dags/example_latest_only_with_trigger.py
[2024-09-28T02:28:25.061+0000] {logging_mixin.py:120} INFO - [2024-09-28T02:28:25.060+0000] {dag.py:2585} INFO - Sync 1 DAGs
[2024-09-28T02:28:25.323+0000] {logging_mixin.py:120} INFO - [2024-09-28T02:28:25.322+0000] {dag.py:3340} INFO - Setting next_dagrun for latest_only_with_trigger to 2024-09-27T22:28:25.321903+00:00, run_after=2024-09-28T02:28:25.321903+00:00
[2024-09-28T02:28:25.508+0000] {processor.py:176} INFO - Processing /home/airflow/.local/lib/python3.7/site-packages/airflow/example_dags/example_latest_only_with_trigger.py took 1.095 seconds
[2024-09-28T02:29:01.153+0000] {processor.py:154} INFO - Started process (PID=16851) to work on /home/airflow/.local/lib/python3.7/site-packages/airflow/example_dags/example_latest_only_with_trigger.py
[2024-09-28T02:29:01.166+0000] {processor.py:756} INFO - Processing file /home/airflow/.local/lib/python3.7/site-packages/airflow/example_dags/example_latest_only_with_trigger.py for tasks to queue
[2024-09-28T02:29:01.175+0000] {logging_mixin.py:120} INFO - [2024-09-28T02:29:01.173+0000] {dagbag.py:537} INFO - Filling up the DagBag from /home/airflow/.local/lib/python3.7/site-packages/airflow/example_dags/example_latest_only_with_trigger.py
[2024-09-28T02:29:01.331+0000] {processor.py:766} INFO - DAG(s) dict_keys(['latest_only_with_trigger']) retrieved from /home/airflow/.local/lib/python3.7/site-packages/airflow/example_dags/example_latest_only_with_trigger.py
[2024-09-28T02:29:01.674+0000] {logging_mixin.py:120} INFO - [2024-09-28T02:29:01.673+0000] {dag.py:2585} INFO - Sync 1 DAGs
[2024-09-28T02:29:01.885+0000] {logging_mixin.py:120} INFO - [2024-09-28T02:29:01.885+0000] {dag.py:3340} INFO - Setting next_dagrun for latest_only_with_trigger to 2024-09-27T22:29:01.883903+00:00, run_after=2024-09-28T02:29:01.883903+00:00
[2024-09-28T02:29:02.005+0000] {processor.py:176} INFO - Processing /home/airflow/.local/lib/python3.7/site-packages/airflow/example_dags/example_latest_only_with_trigger.py took 0.879 seconds
[2024-09-28T02:29:34.422+0000] {processor.py:154} INFO - Started process (PID=16905) to work on /home/airflow/.local/lib/python3.7/site-packages/airflow/example_dags/example_latest_only_with_trigger.py
[2024-09-28T02:29:34.428+0000] {processor.py:756} INFO - Processing file /home/airflow/.local/lib/python3.7/site-packages/airflow/example_dags/example_latest_only_with_trigger.py for tasks to queue
[2024-09-28T02:29:34.435+0000] {logging_mixin.py:120} INFO - [2024-09-28T02:29:34.434+0000] {dagbag.py:537} INFO - Filling up the DagBag from /home/airflow/.local/lib/python3.7/site-packages/airflow/example_dags/example_latest_only_with_trigger.py
[2024-09-28T02:29:34.528+0000] {processor.py:766} INFO - DAG(s) dict_keys(['latest_only_with_trigger']) retrieved from /home/airflow/.local/lib/python3.7/site-packages/airflow/example_dags/example_latest_only_with_trigger.py
[2024-09-28T02:29:34.756+0000] {logging_mixin.py:120} INFO - [2024-09-28T02:29:34.755+0000] {dag.py:2585} INFO - Sync 1 DAGs
[2024-09-28T02:29:34.911+0000] {logging_mixin.py:120} INFO - [2024-09-28T02:29:34.909+0000] {dag.py:3340} INFO - Setting next_dagrun for latest_only_with_trigger to 2024-09-27T22:29:34.908630+00:00, run_after=2024-09-28T02:29:34.908630+00:00
[2024-09-28T02:29:35.019+0000] {processor.py:176} INFO - Processing /home/airflow/.local/lib/python3.7/site-packages/airflow/example_dags/example_latest_only_with_trigger.py took 0.625 seconds
[2024-09-28T02:30:08.134+0000] {processor.py:154} INFO - Started process (PID=16968) to work on /home/airflow/.local/lib/python3.7/site-packages/airflow/example_dags/example_latest_only_with_trigger.py
[2024-09-28T02:30:08.142+0000] {processor.py:756} INFO - Processing file /home/airflow/.local/lib/python3.7/site-packages/airflow/example_dags/example_latest_only_with_trigger.py for tasks to queue
[2024-09-28T02:30:08.147+0000] {logging_mixin.py:120} INFO - [2024-09-28T02:30:08.146+0000] {dagbag.py:537} INFO - Filling up the DagBag from /home/airflow/.local/lib/python3.7/site-packages/airflow/example_dags/example_latest_only_with_trigger.py
[2024-09-28T02:30:08.239+0000] {processor.py:766} INFO - DAG(s) dict_keys(['latest_only_with_trigger']) retrieved from /home/airflow/.local/lib/python3.7/site-packages/airflow/example_dags/example_latest_only_with_trigger.py
[2024-09-28T02:30:08.523+0000] {logging_mixin.py:120} INFO - [2024-09-28T02:30:08.522+0000] {dag.py:2585} INFO - Sync 1 DAGs
[2024-09-28T02:30:08.721+0000] {logging_mixin.py:120} INFO - [2024-09-28T02:30:08.720+0000] {dag.py:3340} INFO - Setting next_dagrun for latest_only_with_trigger to 2024-09-27T22:30:08.717848+00:00, run_after=2024-09-28T02:30:08.717848+00:00
[2024-09-28T02:30:08.834+0000] {processor.py:176} INFO - Processing /home/airflow/.local/lib/python3.7/site-packages/airflow/example_dags/example_latest_only_with_trigger.py took 0.727 seconds
[2024-09-28T02:30:39.212+0000] {processor.py:154} INFO - Started process (PID=17031) to work on /home/airflow/.local/lib/python3.7/site-packages/airflow/example_dags/example_latest_only_with_trigger.py
[2024-09-28T02:30:39.219+0000] {processor.py:756} INFO - Processing file /home/airflow/.local/lib/python3.7/site-packages/airflow/example_dags/example_latest_only_with_trigger.py for tasks to queue
[2024-09-28T02:30:39.225+0000] {logging_mixin.py:120} INFO - [2024-09-28T02:30:39.224+0000] {dagbag.py:537} INFO - Filling up the DagBag from /home/airflow/.local/lib/python3.7/site-packages/airflow/example_dags/example_latest_only_with_trigger.py
[2024-09-28T02:30:39.326+0000] {processor.py:766} INFO - DAG(s) dict_keys(['latest_only_with_trigger']) retrieved from /home/airflow/.local/lib/python3.7/site-packages/airflow/example_dags/example_latest_only_with_trigger.py
[2024-09-28T02:30:39.524+0000] {logging_mixin.py:120} INFO - [2024-09-28T02:30:39.523+0000] {dag.py:2585} INFO - Sync 1 DAGs
[2024-09-28T02:30:39.655+0000] {logging_mixin.py:120} INFO - [2024-09-28T02:30:39.655+0000] {dag.py:3340} INFO - Setting next_dagrun for latest_only_with_trigger to 2024-09-27T22:30:39.654270+00:00, run_after=2024-09-28T02:30:39.654270+00:00
[2024-09-28T02:30:39.758+0000] {processor.py:176} INFO - Processing /home/airflow/.local/lib/python3.7/site-packages/airflow/example_dags/example_latest_only_with_trigger.py took 0.561 seconds
[2024-09-28T02:31:12.070+0000] {processor.py:154} INFO - Started process (PID=17094) to work on /home/airflow/.local/lib/python3.7/site-packages/airflow/example_dags/example_latest_only_with_trigger.py
[2024-09-28T02:31:12.077+0000] {processor.py:756} INFO - Processing file /home/airflow/.local/lib/python3.7/site-packages/airflow/example_dags/example_latest_only_with_trigger.py for tasks to queue
[2024-09-28T02:31:12.082+0000] {logging_mixin.py:120} INFO - [2024-09-28T02:31:12.082+0000] {dagbag.py:537} INFO - Filling up the DagBag from /home/airflow/.local/lib/python3.7/site-packages/airflow/example_dags/example_latest_only_with_trigger.py
[2024-09-28T02:31:12.182+0000] {processor.py:766} INFO - DAG(s) dict_keys(['latest_only_with_trigger']) retrieved from /home/airflow/.local/lib/python3.7/site-packages/airflow/example_dags/example_latest_only_with_trigger.py
[2024-09-28T02:31:12.411+0000] {logging_mixin.py:120} INFO - [2024-09-28T02:31:12.410+0000] {dag.py:2585} INFO - Sync 1 DAGs
[2024-09-28T02:31:12.555+0000] {logging_mixin.py:120} INFO - [2024-09-28T02:31:12.555+0000] {dag.py:3340} INFO - Setting next_dagrun for latest_only_with_trigger to 2024-09-27T22:31:12.553956+00:00, run_after=2024-09-28T02:31:12.553956+00:00
[2024-09-28T02:31:12.645+0000] {processor.py:176} INFO - Processing /home/airflow/.local/lib/python3.7/site-packages/airflow/example_dags/example_latest_only_with_trigger.py took 0.600 seconds
[2024-09-28T02:31:44.094+0000] {processor.py:154} INFO - Started process (PID=17157) to work on /home/airflow/.local/lib/python3.7/site-packages/airflow/example_dags/example_latest_only_with_trigger.py
[2024-09-28T02:31:44.101+0000] {processor.py:756} INFO - Processing file /home/airflow/.local/lib/python3.7/site-packages/airflow/example_dags/example_latest_only_with_trigger.py for tasks to queue
[2024-09-28T02:31:44.105+0000] {logging_mixin.py:120} INFO - [2024-09-28T02:31:44.105+0000] {dagbag.py:537} INFO - Filling up the DagBag from /home/airflow/.local/lib/python3.7/site-packages/airflow/example_dags/example_latest_only_with_trigger.py
[2024-09-28T02:31:44.182+0000] {processor.py:766} INFO - DAG(s) dict_keys(['latest_only_with_trigger']) retrieved from /home/airflow/.local/lib/python3.7/site-packages/airflow/example_dags/example_latest_only_with_trigger.py
[2024-09-28T02:31:44.389+0000] {logging_mixin.py:120} INFO - [2024-09-28T02:31:44.388+0000] {dag.py:2585} INFO - Sync 1 DAGs
[2024-09-28T02:31:44.520+0000] {logging_mixin.py:120} INFO - [2024-09-28T02:31:44.520+0000] {dag.py:3340} INFO - Setting next_dagrun for latest_only_with_trigger to 2024-09-27T22:31:44.519297+00:00, run_after=2024-09-28T02:31:44.519297+00:00
[2024-09-28T02:31:44.613+0000] {processor.py:176} INFO - Processing /home/airflow/.local/lib/python3.7/site-packages/airflow/example_dags/example_latest_only_with_trigger.py took 0.547 seconds
[2024-09-28T02:43:39.795+0000] {processor.py:154} INFO - Started process (PID=17252) to work on /home/airflow/.local/lib/python3.7/site-packages/airflow/example_dags/example_latest_only_with_trigger.py
[2024-09-28T02:43:39.804+0000] {processor.py:756} INFO - Processing file /home/airflow/.local/lib/python3.7/site-packages/airflow/example_dags/example_latest_only_with_trigger.py for tasks to queue
[2024-09-28T02:43:39.810+0000] {logging_mixin.py:120} INFO - [2024-09-28T02:43:39.809+0000] {dagbag.py:537} INFO - Filling up the DagBag from /home/airflow/.local/lib/python3.7/site-packages/airflow/example_dags/example_latest_only_with_trigger.py
[2024-09-28T02:43:39.960+0000] {processor.py:766} INFO - DAG(s) dict_keys(['latest_only_with_trigger']) retrieved from /home/airflow/.local/lib/python3.7/site-packages/airflow/example_dags/example_latest_only_with_trigger.py
[2024-09-28T02:43:40.352+0000] {logging_mixin.py:120} INFO - [2024-09-28T02:43:40.350+0000] {dag.py:2585} INFO - Sync 1 DAGs
[2024-09-28T02:43:40.639+0000] {logging_mixin.py:120} INFO - [2024-09-28T02:43:40.638+0000] {dag.py:3340} INFO - Setting next_dagrun for latest_only_with_trigger to 2024-09-27T22:43:40.635925+00:00, run_after=2024-09-28T02:43:40.635925+00:00
[2024-09-28T02:43:40.812+0000] {processor.py:176} INFO - Processing /home/airflow/.local/lib/python3.7/site-packages/airflow/example_dags/example_latest_only_with_trigger.py took 1.046 seconds
[2024-09-28T02:44:10.963+0000] {processor.py:154} INFO - Started process (PID=17316) to work on /home/airflow/.local/lib/python3.7/site-packages/airflow/example_dags/example_latest_only_with_trigger.py
[2024-09-28T02:44:10.969+0000] {processor.py:756} INFO - Processing file /home/airflow/.local/lib/python3.7/site-packages/airflow/example_dags/example_latest_only_with_trigger.py for tasks to queue
[2024-09-28T02:44:10.973+0000] {logging_mixin.py:120} INFO - [2024-09-28T02:44:10.973+0000] {dagbag.py:537} INFO - Filling up the DagBag from /home/airflow/.local/lib/python3.7/site-packages/airflow/example_dags/example_latest_only_with_trigger.py
[2024-09-28T02:44:11.057+0000] {processor.py:766} INFO - DAG(s) dict_keys(['latest_only_with_trigger']) retrieved from /home/airflow/.local/lib/python3.7/site-packages/airflow/example_dags/example_latest_only_with_trigger.py
[2024-09-28T02:44:11.277+0000] {logging_mixin.py:120} INFO - [2024-09-28T02:44:11.276+0000] {dag.py:2585} INFO - Sync 1 DAGs
[2024-09-28T02:44:11.415+0000] {logging_mixin.py:120} INFO - [2024-09-28T02:44:11.414+0000] {dag.py:3340} INFO - Setting next_dagrun for latest_only_with_trigger to 2024-09-27T22:44:11.413440+00:00, run_after=2024-09-28T02:44:11.413440+00:00
[2024-09-28T02:44:11.529+0000] {processor.py:176} INFO - Processing /home/airflow/.local/lib/python3.7/site-packages/airflow/example_dags/example_latest_only_with_trigger.py took 0.584 seconds
[2024-09-28T02:51:34.324+0000] {processor.py:154} INFO - Started process (PID=17374) to work on /home/airflow/.local/lib/python3.7/site-packages/airflow/example_dags/example_latest_only_with_trigger.py
[2024-09-28T02:51:34.333+0000] {processor.py:756} INFO - Processing file /home/airflow/.local/lib/python3.7/site-packages/airflow/example_dags/example_latest_only_with_trigger.py for tasks to queue
[2024-09-28T02:51:34.340+0000] {logging_mixin.py:120} INFO - [2024-09-28T02:51:34.339+0000] {dagbag.py:537} INFO - Filling up the DagBag from /home/airflow/.local/lib/python3.7/site-packages/airflow/example_dags/example_latest_only_with_trigger.py
[2024-09-28T02:51:34.498+0000] {processor.py:766} INFO - DAG(s) dict_keys(['latest_only_with_trigger']) retrieved from /home/airflow/.local/lib/python3.7/site-packages/airflow/example_dags/example_latest_only_with_trigger.py
[2024-09-28T02:51:34.887+0000] {logging_mixin.py:120} INFO - [2024-09-28T02:51:34.886+0000] {dag.py:2585} INFO - Sync 1 DAGs
[2024-09-28T02:51:35.174+0000] {logging_mixin.py:120} INFO - [2024-09-28T02:51:35.173+0000] {dag.py:3340} INFO - Setting next_dagrun for latest_only_with_trigger to 2024-09-27T22:51:35.170520+00:00, run_after=2024-09-28T02:51:35.170520+00:00
[2024-09-28T02:51:35.375+0000] {processor.py:176} INFO - Processing /home/airflow/.local/lib/python3.7/site-packages/airflow/example_dags/example_latest_only_with_trigger.py took 1.084 seconds
[2024-09-28T02:52:05.991+0000] {processor.py:154} INFO - Started process (PID=17428) to work on /home/airflow/.local/lib/python3.7/site-packages/airflow/example_dags/example_latest_only_with_trigger.py
[2024-09-28T02:52:06.000+0000] {processor.py:756} INFO - Processing file /home/airflow/.local/lib/python3.7/site-packages/airflow/example_dags/example_latest_only_with_trigger.py for tasks to queue
[2024-09-28T02:52:06.005+0000] {logging_mixin.py:120} INFO - [2024-09-28T02:52:06.004+0000] {dagbag.py:537} INFO - Filling up the DagBag from /home/airflow/.local/lib/python3.7/site-packages/airflow/example_dags/example_latest_only_with_trigger.py
[2024-09-28T02:52:06.106+0000] {processor.py:766} INFO - DAG(s) dict_keys(['latest_only_with_trigger']) retrieved from /home/airflow/.local/lib/python3.7/site-packages/airflow/example_dags/example_latest_only_with_trigger.py
[2024-09-28T02:52:06.360+0000] {logging_mixin.py:120} INFO - [2024-09-28T02:52:06.359+0000] {dag.py:2585} INFO - Sync 1 DAGs
[2024-09-28T02:52:06.519+0000] {logging_mixin.py:120} INFO - [2024-09-28T02:52:06.519+0000] {dag.py:3340} INFO - Setting next_dagrun for latest_only_with_trigger to 2024-09-27T22:52:06.518096+00:00, run_after=2024-09-28T02:52:06.518096+00:00
[2024-09-28T02:52:06.640+0000] {processor.py:176} INFO - Processing /home/airflow/.local/lib/python3.7/site-packages/airflow/example_dags/example_latest_only_with_trigger.py took 0.672 seconds
[2024-09-28T02:52:37.444+0000] {processor.py:154} INFO - Started process (PID=17491) to work on /home/airflow/.local/lib/python3.7/site-packages/airflow/example_dags/example_latest_only_with_trigger.py
[2024-09-28T02:52:37.450+0000] {processor.py:756} INFO - Processing file /home/airflow/.local/lib/python3.7/site-packages/airflow/example_dags/example_latest_only_with_trigger.py for tasks to queue
[2024-09-28T02:52:37.454+0000] {logging_mixin.py:120} INFO - [2024-09-28T02:52:37.453+0000] {dagbag.py:537} INFO - Filling up the DagBag from /home/airflow/.local/lib/python3.7/site-packages/airflow/example_dags/example_latest_only_with_trigger.py
[2024-09-28T02:52:37.544+0000] {processor.py:766} INFO - DAG(s) dict_keys(['latest_only_with_trigger']) retrieved from /home/airflow/.local/lib/python3.7/site-packages/airflow/example_dags/example_latest_only_with_trigger.py
[2024-09-28T02:52:37.805+0000] {logging_mixin.py:120} INFO - [2024-09-28T02:52:37.804+0000] {dag.py:2585} INFO - Sync 1 DAGs
[2024-09-28T02:52:37.992+0000] {logging_mixin.py:120} INFO - [2024-09-28T02:52:37.992+0000] {dag.py:3340} INFO - Setting next_dagrun for latest_only_with_trigger to 2024-09-27T22:52:37.991003+00:00, run_after=2024-09-28T02:52:37.991003+00:00
[2024-09-28T02:52:38.099+0000] {processor.py:176} INFO - Processing /home/airflow/.local/lib/python3.7/site-packages/airflow/example_dags/example_latest_only_with_trigger.py took 0.678 seconds
[2024-09-28T02:53:09.997+0000] {processor.py:154} INFO - Started process (PID=17554) to work on /home/airflow/.local/lib/python3.7/site-packages/airflow/example_dags/example_latest_only_with_trigger.py
[2024-09-28T02:53:10.005+0000] {processor.py:756} INFO - Processing file /home/airflow/.local/lib/python3.7/site-packages/airflow/example_dags/example_latest_only_with_trigger.py for tasks to queue
[2024-09-28T02:53:10.010+0000] {logging_mixin.py:120} INFO - [2024-09-28T02:53:10.009+0000] {dagbag.py:537} INFO - Filling up the DagBag from /home/airflow/.local/lib/python3.7/site-packages/airflow/example_dags/example_latest_only_with_trigger.py
[2024-09-28T02:53:10.129+0000] {processor.py:766} INFO - DAG(s) dict_keys(['latest_only_with_trigger']) retrieved from /home/airflow/.local/lib/python3.7/site-packages/airflow/example_dags/example_latest_only_with_trigger.py
[2024-09-28T02:53:10.401+0000] {logging_mixin.py:120} INFO - [2024-09-28T02:53:10.400+0000] {dag.py:2585} INFO - Sync 1 DAGs
[2024-09-28T02:53:10.611+0000] {logging_mixin.py:120} INFO - [2024-09-28T02:53:10.610+0000] {dag.py:3340} INFO - Setting next_dagrun for latest_only_with_trigger to 2024-09-27T22:53:10.609309+00:00, run_after=2024-09-28T02:53:10.609309+00:00
[2024-09-28T02:53:10.759+0000] {processor.py:176} INFO - Processing /home/airflow/.local/lib/python3.7/site-packages/airflow/example_dags/example_latest_only_with_trigger.py took 0.788 seconds
[2024-09-28T02:53:41.223+0000] {processor.py:154} INFO - Started process (PID=17615) to work on /home/airflow/.local/lib/python3.7/site-packages/airflow/example_dags/example_latest_only_with_trigger.py
[2024-09-28T02:53:41.228+0000] {processor.py:756} INFO - Processing file /home/airflow/.local/lib/python3.7/site-packages/airflow/example_dags/example_latest_only_with_trigger.py for tasks to queue
[2024-09-28T02:53:41.233+0000] {logging_mixin.py:120} INFO - [2024-09-28T02:53:41.232+0000] {dagbag.py:537} INFO - Filling up the DagBag from /home/airflow/.local/lib/python3.7/site-packages/airflow/example_dags/example_latest_only_with_trigger.py
[2024-09-28T02:53:41.309+0000] {processor.py:766} INFO - DAG(s) dict_keys(['latest_only_with_trigger']) retrieved from /home/airflow/.local/lib/python3.7/site-packages/airflow/example_dags/example_latest_only_with_trigger.py
[2024-09-28T02:53:41.509+0000] {logging_mixin.py:120} INFO - [2024-09-28T02:53:41.508+0000] {dag.py:2585} INFO - Sync 1 DAGs
[2024-09-28T02:53:41.645+0000] {logging_mixin.py:120} INFO - [2024-09-28T02:53:41.644+0000] {dag.py:3340} INFO - Setting next_dagrun for latest_only_with_trigger to 2024-09-27T22:53:41.643587+00:00, run_after=2024-09-28T02:53:41.643587+00:00
[2024-09-28T02:53:41.742+0000] {processor.py:176} INFO - Processing /home/airflow/.local/lib/python3.7/site-packages/airflow/example_dags/example_latest_only_with_trigger.py took 0.536 seconds
[2024-09-28T02:54:11.884+0000] {processor.py:154} INFO - Started process (PID=17671) to work on /home/airflow/.local/lib/python3.7/site-packages/airflow/example_dags/example_latest_only_with_trigger.py
[2024-09-28T02:54:11.890+0000] {processor.py:756} INFO - Processing file /home/airflow/.local/lib/python3.7/site-packages/airflow/example_dags/example_latest_only_with_trigger.py for tasks to queue
[2024-09-28T02:54:11.894+0000] {logging_mixin.py:120} INFO - [2024-09-28T02:54:11.894+0000] {dagbag.py:537} INFO - Filling up the DagBag from /home/airflow/.local/lib/python3.7/site-packages/airflow/example_dags/example_latest_only_with_trigger.py
[2024-09-28T02:54:11.976+0000] {processor.py:766} INFO - DAG(s) dict_keys(['latest_only_with_trigger']) retrieved from /home/airflow/.local/lib/python3.7/site-packages/airflow/example_dags/example_latest_only_with_trigger.py
[2024-09-28T02:54:12.162+0000] {logging_mixin.py:120} INFO - [2024-09-28T02:54:12.161+0000] {dag.py:2585} INFO - Sync 1 DAGs
[2024-09-28T02:54:12.277+0000] {logging_mixin.py:120} INFO - [2024-09-28T02:54:12.276+0000] {dag.py:3340} INFO - Setting next_dagrun for latest_only_with_trigger to 2024-09-27T22:54:12.275669+00:00, run_after=2024-09-28T02:54:12.275669+00:00
[2024-09-28T02:54:12.358+0000] {processor.py:176} INFO - Processing /home/airflow/.local/lib/python3.7/site-packages/airflow/example_dags/example_latest_only_with_trigger.py took 0.492 seconds
[2024-09-28T02:54:42.998+0000] {processor.py:154} INFO - Started process (PID=17733) to work on /home/airflow/.local/lib/python3.7/site-packages/airflow/example_dags/example_latest_only_with_trigger.py
[2024-09-28T02:54:43.004+0000] {processor.py:756} INFO - Processing file /home/airflow/.local/lib/python3.7/site-packages/airflow/example_dags/example_latest_only_with_trigger.py for tasks to queue
[2024-09-28T02:54:43.007+0000] {logging_mixin.py:120} INFO - [2024-09-28T02:54:43.007+0000] {dagbag.py:537} INFO - Filling up the DagBag from /home/airflow/.local/lib/python3.7/site-packages/airflow/example_dags/example_latest_only_with_trigger.py
[2024-09-28T02:54:43.074+0000] {processor.py:766} INFO - DAG(s) dict_keys(['latest_only_with_trigger']) retrieved from /home/airflow/.local/lib/python3.7/site-packages/airflow/example_dags/example_latest_only_with_trigger.py
[2024-09-28T02:54:43.275+0000] {logging_mixin.py:120} INFO - [2024-09-28T02:54:43.274+0000] {dag.py:2585} INFO - Sync 1 DAGs
[2024-09-28T02:54:43.406+0000] {logging_mixin.py:120} INFO - [2024-09-28T02:54:43.406+0000] {dag.py:3340} INFO - Setting next_dagrun for latest_only_with_trigger to 2024-09-27T22:54:43.405167+00:00, run_after=2024-09-28T02:54:43.405167+00:00
[2024-09-28T02:54:43.490+0000] {processor.py:176} INFO - Processing /home/airflow/.local/lib/python3.7/site-packages/airflow/example_dags/example_latest_only_with_trigger.py took 0.505 seconds
[2024-09-28T02:55:14.553+0000] {processor.py:154} INFO - Started process (PID=17796) to work on /home/airflow/.local/lib/python3.7/site-packages/airflow/example_dags/example_latest_only_with_trigger.py
[2024-09-28T02:55:14.558+0000] {processor.py:756} INFO - Processing file /home/airflow/.local/lib/python3.7/site-packages/airflow/example_dags/example_latest_only_with_trigger.py for tasks to queue
[2024-09-28T02:55:14.561+0000] {logging_mixin.py:120} INFO - [2024-09-28T02:55:14.560+0000] {dagbag.py:537} INFO - Filling up the DagBag from /home/airflow/.local/lib/python3.7/site-packages/airflow/example_dags/example_latest_only_with_trigger.py
[2024-09-28T02:55:14.632+0000] {processor.py:766} INFO - DAG(s) dict_keys(['latest_only_with_trigger']) retrieved from /home/airflow/.local/lib/python3.7/site-packages/airflow/example_dags/example_latest_only_with_trigger.py
[2024-09-28T02:55:14.772+0000] {logging_mixin.py:120} INFO - [2024-09-28T02:55:14.771+0000] {dag.py:2585} INFO - Sync 1 DAGs
[2024-09-28T02:55:14.860+0000] {logging_mixin.py:120} INFO - [2024-09-28T02:55:14.860+0000] {dag.py:3340} INFO - Setting next_dagrun for latest_only_with_trigger to 2024-09-27T22:55:14.859450+00:00, run_after=2024-09-28T02:55:14.859450+00:00
[2024-09-28T02:55:14.923+0000] {processor.py:176} INFO - Processing /home/airflow/.local/lib/python3.7/site-packages/airflow/example_dags/example_latest_only_with_trigger.py took 0.382 seconds
[2024-09-28T02:55:45.343+0000] {processor.py:154} INFO - Started process (PID=17859) to work on /home/airflow/.local/lib/python3.7/site-packages/airflow/example_dags/example_latest_only_with_trigger.py
[2024-09-28T02:55:45.345+0000] {processor.py:756} INFO - Processing file /home/airflow/.local/lib/python3.7/site-packages/airflow/example_dags/example_latest_only_with_trigger.py for tasks to queue
[2024-09-28T02:55:45.346+0000] {logging_mixin.py:120} INFO - [2024-09-28T02:55:45.346+0000] {dagbag.py:537} INFO - Filling up the DagBag from /home/airflow/.local/lib/python3.7/site-packages/airflow/example_dags/example_latest_only_with_trigger.py
[2024-09-28T02:55:45.362+0000] {processor.py:766} INFO - DAG(s) dict_keys(['latest_only_with_trigger']) retrieved from /home/airflow/.local/lib/python3.7/site-packages/airflow/example_dags/example_latest_only_with_trigger.py
[2024-09-28T02:55:45.410+0000] {logging_mixin.py:120} INFO - [2024-09-28T02:55:45.409+0000] {dag.py:2585} INFO - Sync 1 DAGs
[2024-09-28T02:55:45.440+0000] {logging_mixin.py:120} INFO - [2024-09-28T02:55:45.440+0000] {dag.py:3340} INFO - Setting next_dagrun for latest_only_with_trigger to 2024-09-27T22:55:45.439796+00:00, run_after=2024-09-28T02:55:45.439796+00:00
[2024-09-28T02:55:45.466+0000] {processor.py:176} INFO - Processing /home/airflow/.local/lib/python3.7/site-packages/airflow/example_dags/example_latest_only_with_trigger.py took 0.127 seconds
[2024-09-28T03:11:57.330+0000] {processor.py:154} INFO - Started process (PID=17951) to work on /home/airflow/.local/lib/python3.7/site-packages/airflow/example_dags/example_latest_only_with_trigger.py
[2024-09-28T03:11:57.342+0000] {processor.py:756} INFO - Processing file /home/airflow/.local/lib/python3.7/site-packages/airflow/example_dags/example_latest_only_with_trigger.py for tasks to queue
[2024-09-28T03:11:57.358+0000] {logging_mixin.py:120} INFO - [2024-09-28T03:11:57.354+0000] {dagbag.py:537} INFO - Filling up the DagBag from /home/airflow/.local/lib/python3.7/site-packages/airflow/example_dags/example_latest_only_with_trigger.py
[2024-09-28T03:11:57.525+0000] {processor.py:766} INFO - DAG(s) dict_keys(['latest_only_with_trigger']) retrieved from /home/airflow/.local/lib/python3.7/site-packages/airflow/example_dags/example_latest_only_with_trigger.py
[2024-09-28T03:11:57.915+0000] {logging_mixin.py:120} INFO - [2024-09-28T03:11:57.914+0000] {dag.py:2585} INFO - Sync 1 DAGs
[2024-09-28T03:11:58.224+0000] {logging_mixin.py:120} INFO - [2024-09-28T03:11:58.223+0000] {dag.py:3340} INFO - Setting next_dagrun for latest_only_with_trigger to 2024-09-27T23:11:58.220499+00:00, run_after=2024-09-28T03:11:58.220499+00:00
[2024-09-28T03:11:58.435+0000] {processor.py:176} INFO - Processing /home/airflow/.local/lib/python3.7/site-packages/airflow/example_dags/example_latest_only_with_trigger.py took 1.147 seconds
[2024-09-28T03:12:28.979+0000] {processor.py:154} INFO - Started process (PID=18013) to work on /home/airflow/.local/lib/python3.7/site-packages/airflow/example_dags/example_latest_only_with_trigger.py
[2024-09-28T03:12:28.985+0000] {processor.py:756} INFO - Processing file /home/airflow/.local/lib/python3.7/site-packages/airflow/example_dags/example_latest_only_with_trigger.py for tasks to queue
[2024-09-28T03:12:28.990+0000] {logging_mixin.py:120} INFO - [2024-09-28T03:12:28.989+0000] {dagbag.py:537} INFO - Filling up the DagBag from /home/airflow/.local/lib/python3.7/site-packages/airflow/example_dags/example_latest_only_with_trigger.py
[2024-09-28T03:12:29.083+0000] {processor.py:766} INFO - DAG(s) dict_keys(['latest_only_with_trigger']) retrieved from /home/airflow/.local/lib/python3.7/site-packages/airflow/example_dags/example_latest_only_with_trigger.py
[2024-09-28T03:12:29.333+0000] {logging_mixin.py:120} INFO - [2024-09-28T03:12:29.333+0000] {dag.py:2585} INFO - Sync 1 DAGs
[2024-09-28T03:12:29.489+0000] {logging_mixin.py:120} INFO - [2024-09-28T03:12:29.489+0000] {dag.py:3340} INFO - Setting next_dagrun for latest_only_with_trigger to 2024-09-27T23:12:29.487543+00:00, run_after=2024-09-28T03:12:29.487543+00:00
[2024-09-28T03:12:29.603+0000] {processor.py:176} INFO - Processing /home/airflow/.local/lib/python3.7/site-packages/airflow/example_dags/example_latest_only_with_trigger.py took 0.645 seconds
[2024-09-28T03:13:00.786+0000] {processor.py:154} INFO - Started process (PID=18074) to work on /home/airflow/.local/lib/python3.7/site-packages/airflow/example_dags/example_latest_only_with_trigger.py
[2024-09-28T03:13:00.795+0000] {processor.py:756} INFO - Processing file /home/airflow/.local/lib/python3.7/site-packages/airflow/example_dags/example_latest_only_with_trigger.py for tasks to queue
[2024-09-28T03:13:00.801+0000] {logging_mixin.py:120} INFO - [2024-09-28T03:13:00.800+0000] {dagbag.py:537} INFO - Filling up the DagBag from /home/airflow/.local/lib/python3.7/site-packages/airflow/example_dags/example_latest_only_with_trigger.py
[2024-09-28T03:13:00.936+0000] {processor.py:766} INFO - DAG(s) dict_keys(['latest_only_with_trigger']) retrieved from /home/airflow/.local/lib/python3.7/site-packages/airflow/example_dags/example_latest_only_with_trigger.py
[2024-09-28T03:13:01.239+0000] {logging_mixin.py:120} INFO - [2024-09-28T03:13:01.238+0000] {dag.py:2585} INFO - Sync 1 DAGs
[2024-09-28T03:13:01.406+0000] {logging_mixin.py:120} INFO - [2024-09-28T03:13:01.405+0000] {dag.py:3340} INFO - Setting next_dagrun for latest_only_with_trigger to 2024-09-27T23:13:01.404454+00:00, run_after=2024-09-28T03:13:01.404454+00:00
[2024-09-28T03:13:01.536+0000] {processor.py:176} INFO - Processing /home/airflow/.local/lib/python3.7/site-packages/airflow/example_dags/example_latest_only_with_trigger.py took 0.771 seconds
[2024-09-28T03:13:32.652+0000] {processor.py:154} INFO - Started process (PID=18130) to work on /home/airflow/.local/lib/python3.7/site-packages/airflow/example_dags/example_latest_only_with_trigger.py
[2024-09-28T03:13:32.657+0000] {processor.py:756} INFO - Processing file /home/airflow/.local/lib/python3.7/site-packages/airflow/example_dags/example_latest_only_with_trigger.py for tasks to queue
[2024-09-28T03:13:32.662+0000] {logging_mixin.py:120} INFO - [2024-09-28T03:13:32.661+0000] {dagbag.py:537} INFO - Filling up the DagBag from /home/airflow/.local/lib/python3.7/site-packages/airflow/example_dags/example_latest_only_with_trigger.py
[2024-09-28T03:13:32.740+0000] {processor.py:766} INFO - DAG(s) dict_keys(['latest_only_with_trigger']) retrieved from /home/airflow/.local/lib/python3.7/site-packages/airflow/example_dags/example_latest_only_with_trigger.py
[2024-09-28T03:13:32.928+0000] {logging_mixin.py:120} INFO - [2024-09-28T03:13:32.927+0000] {dag.py:2585} INFO - Sync 1 DAGs
[2024-09-28T03:13:33.053+0000] {logging_mixin.py:120} INFO - [2024-09-28T03:13:33.053+0000] {dag.py:3340} INFO - Setting next_dagrun for latest_only_with_trigger to 2024-09-27T23:13:33.052259+00:00, run_after=2024-09-28T03:13:33.052259+00:00
[2024-09-28T03:13:33.143+0000] {processor.py:176} INFO - Processing /home/airflow/.local/lib/python3.7/site-packages/airflow/example_dags/example_latest_only_with_trigger.py took 0.508 seconds
[2024-09-28T03:14:03.407+0000] {processor.py:154} INFO - Started process (PID=18193) to work on /home/airflow/.local/lib/python3.7/site-packages/airflow/example_dags/example_latest_only_with_trigger.py
[2024-09-28T03:14:03.417+0000] {processor.py:756} INFO - Processing file /home/airflow/.local/lib/python3.7/site-packages/airflow/example_dags/example_latest_only_with_trigger.py for tasks to queue
[2024-09-28T03:14:03.422+0000] {logging_mixin.py:120} INFO - [2024-09-28T03:14:03.422+0000] {dagbag.py:537} INFO - Filling up the DagBag from /home/airflow/.local/lib/python3.7/site-packages/airflow/example_dags/example_latest_only_with_trigger.py
[2024-09-28T03:14:03.505+0000] {processor.py:766} INFO - DAG(s) dict_keys(['latest_only_with_trigger']) retrieved from /home/airflow/.local/lib/python3.7/site-packages/airflow/example_dags/example_latest_only_with_trigger.py
[2024-09-28T03:14:03.702+0000] {logging_mixin.py:120} INFO - [2024-09-28T03:14:03.701+0000] {dag.py:2585} INFO - Sync 1 DAGs
[2024-09-28T03:14:03.820+0000] {logging_mixin.py:120} INFO - [2024-09-28T03:14:03.820+0000] {dag.py:3340} INFO - Setting next_dagrun for latest_only_with_trigger to 2024-09-27T23:14:03.819172+00:00, run_after=2024-09-28T03:14:03.819172+00:00
[2024-09-28T03:14:03.902+0000] {processor.py:176} INFO - Processing /home/airflow/.local/lib/python3.7/site-packages/airflow/example_dags/example_latest_only_with_trigger.py took 0.520 seconds
[2024-09-28T03:14:34.308+0000] {processor.py:154} INFO - Started process (PID=18255) to work on /home/airflow/.local/lib/python3.7/site-packages/airflow/example_dags/example_latest_only_with_trigger.py
[2024-09-28T03:14:34.312+0000] {processor.py:756} INFO - Processing file /home/airflow/.local/lib/python3.7/site-packages/airflow/example_dags/example_latest_only_with_trigger.py for tasks to queue
[2024-09-28T03:14:34.314+0000] {logging_mixin.py:120} INFO - [2024-09-28T03:14:34.314+0000] {dagbag.py:537} INFO - Filling up the DagBag from /home/airflow/.local/lib/python3.7/site-packages/airflow/example_dags/example_latest_only_with_trigger.py
[2024-09-28T03:14:34.370+0000] {processor.py:766} INFO - DAG(s) dict_keys(['latest_only_with_trigger']) retrieved from /home/airflow/.local/lib/python3.7/site-packages/airflow/example_dags/example_latest_only_with_trigger.py
[2024-09-28T03:14:34.523+0000] {logging_mixin.py:120} INFO - [2024-09-28T03:14:34.523+0000] {dag.py:2585} INFO - Sync 1 DAGs
[2024-09-28T03:14:34.606+0000] {logging_mixin.py:120} INFO - [2024-09-28T03:14:34.605+0000] {dag.py:3340} INFO - Setting next_dagrun for latest_only_with_trigger to 2024-09-27T23:14:34.604818+00:00, run_after=2024-09-28T03:14:34.604818+00:00
[2024-09-28T03:14:34.667+0000] {processor.py:176} INFO - Processing /home/airflow/.local/lib/python3.7/site-packages/airflow/example_dags/example_latest_only_with_trigger.py took 0.371 seconds
[2024-09-28T03:30:55.012+0000] {processor.py:154} INFO - Started process (PID=18358) to work on /home/airflow/.local/lib/python3.7/site-packages/airflow/example_dags/example_latest_only_with_trigger.py
[2024-09-28T03:30:55.023+0000] {processor.py:756} INFO - Processing file /home/airflow/.local/lib/python3.7/site-packages/airflow/example_dags/example_latest_only_with_trigger.py for tasks to queue
[2024-09-28T03:30:55.041+0000] {logging_mixin.py:120} INFO - [2024-09-28T03:30:55.038+0000] {dagbag.py:537} INFO - Filling up the DagBag from /home/airflow/.local/lib/python3.7/site-packages/airflow/example_dags/example_latest_only_with_trigger.py
[2024-09-28T03:30:55.214+0000] {processor.py:766} INFO - DAG(s) dict_keys(['latest_only_with_trigger']) retrieved from /home/airflow/.local/lib/python3.7/site-packages/airflow/example_dags/example_latest_only_with_trigger.py
[2024-09-28T03:30:55.624+0000] {logging_mixin.py:120} INFO - [2024-09-28T03:30:55.622+0000] {dag.py:2585} INFO - Sync 1 DAGs
[2024-09-28T03:30:55.898+0000] {logging_mixin.py:120} INFO - [2024-09-28T03:30:55.896+0000] {dag.py:3340} INFO - Setting next_dagrun for latest_only_with_trigger to 2024-09-27T23:30:55.894194+00:00, run_after=2024-09-28T03:30:55.894194+00:00
[2024-09-28T03:30:56.090+0000] {processor.py:176} INFO - Processing /home/airflow/.local/lib/python3.7/site-packages/airflow/example_dags/example_latest_only_with_trigger.py took 1.115 seconds
[2024-09-28T03:31:27.280+0000] {processor.py:154} INFO - Started process (PID=18412) to work on /home/airflow/.local/lib/python3.7/site-packages/airflow/example_dags/example_latest_only_with_trigger.py
[2024-09-28T03:31:27.287+0000] {processor.py:756} INFO - Processing file /home/airflow/.local/lib/python3.7/site-packages/airflow/example_dags/example_latest_only_with_trigger.py for tasks to queue
[2024-09-28T03:31:27.292+0000] {logging_mixin.py:120} INFO - [2024-09-28T03:31:27.291+0000] {dagbag.py:537} INFO - Filling up the DagBag from /home/airflow/.local/lib/python3.7/site-packages/airflow/example_dags/example_latest_only_with_trigger.py
[2024-09-28T03:31:27.390+0000] {processor.py:766} INFO - DAG(s) dict_keys(['latest_only_with_trigger']) retrieved from /home/airflow/.local/lib/python3.7/site-packages/airflow/example_dags/example_latest_only_with_trigger.py
[2024-09-28T03:31:27.686+0000] {logging_mixin.py:120} INFO - [2024-09-28T03:31:27.685+0000] {dag.py:2585} INFO - Sync 1 DAGs
[2024-09-28T03:31:27.898+0000] {logging_mixin.py:120} INFO - [2024-09-28T03:31:27.897+0000] {dag.py:3340} INFO - Setting next_dagrun for latest_only_with_trigger to 2024-09-27T23:31:27.896260+00:00, run_after=2024-09-28T03:31:27.896260+00:00
[2024-09-28T03:31:28.030+0000] {processor.py:176} INFO - Processing /home/airflow/.local/lib/python3.7/site-packages/airflow/example_dags/example_latest_only_with_trigger.py took 0.776 seconds
[2024-09-28T03:31:58.526+0000] {processor.py:154} INFO - Started process (PID=18475) to work on /home/airflow/.local/lib/python3.7/site-packages/airflow/example_dags/example_latest_only_with_trigger.py
[2024-09-28T03:31:58.534+0000] {processor.py:756} INFO - Processing file /home/airflow/.local/lib/python3.7/site-packages/airflow/example_dags/example_latest_only_with_trigger.py for tasks to queue
[2024-09-28T03:31:58.546+0000] {logging_mixin.py:120} INFO - [2024-09-28T03:31:58.544+0000] {dagbag.py:537} INFO - Filling up the DagBag from /home/airflow/.local/lib/python3.7/site-packages/airflow/example_dags/example_latest_only_with_trigger.py
[2024-09-28T03:31:58.642+0000] {processor.py:766} INFO - DAG(s) dict_keys(['latest_only_with_trigger']) retrieved from /home/airflow/.local/lib/python3.7/site-packages/airflow/example_dags/example_latest_only_with_trigger.py
[2024-09-28T03:31:58.954+0000] {logging_mixin.py:120} INFO - [2024-09-28T03:31:58.953+0000] {dag.py:2585} INFO - Sync 1 DAGs
[2024-09-28T03:31:59.185+0000] {logging_mixin.py:120} INFO - [2024-09-28T03:31:59.183+0000] {dag.py:3340} INFO - Setting next_dagrun for latest_only_with_trigger to 2024-09-27T23:31:59.181672+00:00, run_after=2024-09-28T03:31:59.181672+00:00
[2024-09-28T03:31:59.332+0000] {processor.py:176} INFO - Processing /home/airflow/.local/lib/python3.7/site-packages/airflow/example_dags/example_latest_only_with_trigger.py took 0.829 seconds
[2024-09-28T03:32:30.642+0000] {processor.py:154} INFO - Started process (PID=18538) to work on /home/airflow/.local/lib/python3.7/site-packages/airflow/example_dags/example_latest_only_with_trigger.py
[2024-09-28T03:32:30.648+0000] {processor.py:756} INFO - Processing file /home/airflow/.local/lib/python3.7/site-packages/airflow/example_dags/example_latest_only_with_trigger.py for tasks to queue
[2024-09-28T03:32:30.653+0000] {logging_mixin.py:120} INFO - [2024-09-28T03:32:30.652+0000] {dagbag.py:537} INFO - Filling up the DagBag from /home/airflow/.local/lib/python3.7/site-packages/airflow/example_dags/example_latest_only_with_trigger.py
[2024-09-28T03:32:30.729+0000] {processor.py:766} INFO - DAG(s) dict_keys(['latest_only_with_trigger']) retrieved from /home/airflow/.local/lib/python3.7/site-packages/airflow/example_dags/example_latest_only_with_trigger.py
[2024-09-28T03:32:30.932+0000] {logging_mixin.py:120} INFO - [2024-09-28T03:32:30.931+0000] {dag.py:2585} INFO - Sync 1 DAGs
[2024-09-28T03:32:31.084+0000] {logging_mixin.py:120} INFO - [2024-09-28T03:32:31.083+0000] {dag.py:3340} INFO - Setting next_dagrun for latest_only_with_trigger to 2024-09-27T23:32:31.082420+00:00, run_after=2024-09-28T03:32:31.082420+00:00
[2024-09-28T03:32:31.179+0000] {processor.py:176} INFO - Processing /home/airflow/.local/lib/python3.7/site-packages/airflow/example_dags/example_latest_only_with_trigger.py took 0.554 seconds
[2024-09-28T03:33:01.353+0000] {processor.py:154} INFO - Started process (PID=18592) to work on /home/airflow/.local/lib/python3.7/site-packages/airflow/example_dags/example_latest_only_with_trigger.py
[2024-09-28T03:33:01.358+0000] {processor.py:756} INFO - Processing file /home/airflow/.local/lib/python3.7/site-packages/airflow/example_dags/example_latest_only_with_trigger.py for tasks to queue
[2024-09-28T03:33:01.361+0000] {logging_mixin.py:120} INFO - [2024-09-28T03:33:01.361+0000] {dagbag.py:537} INFO - Filling up the DagBag from /home/airflow/.local/lib/python3.7/site-packages/airflow/example_dags/example_latest_only_with_trigger.py
[2024-09-28T03:33:01.429+0000] {processor.py:766} INFO - DAG(s) dict_keys(['latest_only_with_trigger']) retrieved from /home/airflow/.local/lib/python3.7/site-packages/airflow/example_dags/example_latest_only_with_trigger.py
[2024-09-28T03:33:01.671+0000] {logging_mixin.py:120} INFO - [2024-09-28T03:33:01.670+0000] {dag.py:2585} INFO - Sync 1 DAGs
[2024-09-28T03:33:01.835+0000] {logging_mixin.py:120} INFO - [2024-09-28T03:33:01.834+0000] {dag.py:3340} INFO - Setting next_dagrun for latest_only_with_trigger to 2024-09-27T23:33:01.833007+00:00, run_after=2024-09-28T03:33:01.833007+00:00
[2024-09-28T03:33:01.931+0000] {processor.py:176} INFO - Processing /home/airflow/.local/lib/python3.7/site-packages/airflow/example_dags/example_latest_only_with_trigger.py took 0.592 seconds
[2024-09-28T03:33:32.306+0000] {processor.py:154} INFO - Started process (PID=18654) to work on /home/airflow/.local/lib/python3.7/site-packages/airflow/example_dags/example_latest_only_with_trigger.py
[2024-09-28T03:33:32.312+0000] {processor.py:756} INFO - Processing file /home/airflow/.local/lib/python3.7/site-packages/airflow/example_dags/example_latest_only_with_trigger.py for tasks to queue
[2024-09-28T03:33:32.316+0000] {logging_mixin.py:120} INFO - [2024-09-28T03:33:32.315+0000] {dagbag.py:537} INFO - Filling up the DagBag from /home/airflow/.local/lib/python3.7/site-packages/airflow/example_dags/example_latest_only_with_trigger.py
[2024-09-28T03:33:32.396+0000] {processor.py:766} INFO - DAG(s) dict_keys(['latest_only_with_trigger']) retrieved from /home/airflow/.local/lib/python3.7/site-packages/airflow/example_dags/example_latest_only_with_trigger.py
[2024-09-28T03:33:32.590+0000] {logging_mixin.py:120} INFO - [2024-09-28T03:33:32.590+0000] {dag.py:2585} INFO - Sync 1 DAGs
[2024-09-28T03:33:32.731+0000] {logging_mixin.py:120} INFO - [2024-09-28T03:33:32.730+0000] {dag.py:3340} INFO - Setting next_dagrun for latest_only_with_trigger to 2024-09-27T23:33:32.729465+00:00, run_after=2024-09-28T03:33:32.729465+00:00
[2024-09-28T03:33:32.839+0000] {processor.py:176} INFO - Processing /home/airflow/.local/lib/python3.7/site-packages/airflow/example_dags/example_latest_only_with_trigger.py took 0.549 seconds
[2024-09-28T03:34:40.787+0000] {processor.py:154} INFO - Started process (PID=18748) to work on /home/airflow/.local/lib/python3.7/site-packages/airflow/example_dags/example_latest_only_with_trigger.py
[2024-09-28T03:34:40.797+0000] {processor.py:756} INFO - Processing file /home/airflow/.local/lib/python3.7/site-packages/airflow/example_dags/example_latest_only_with_trigger.py for tasks to queue
[2024-09-28T03:34:40.811+0000] {logging_mixin.py:120} INFO - [2024-09-28T03:34:40.809+0000] {dagbag.py:537} INFO - Filling up the DagBag from /home/airflow/.local/lib/python3.7/site-packages/airflow/example_dags/example_latest_only_with_trigger.py
[2024-09-28T03:34:40.994+0000] {processor.py:766} INFO - DAG(s) dict_keys(['latest_only_with_trigger']) retrieved from /home/airflow/.local/lib/python3.7/site-packages/airflow/example_dags/example_latest_only_with_trigger.py
[2024-09-28T03:34:41.358+0000] {logging_mixin.py:120} INFO - [2024-09-28T03:34:41.357+0000] {dag.py:2585} INFO - Sync 1 DAGs
[2024-09-28T03:34:41.596+0000] {logging_mixin.py:120} INFO - [2024-09-28T03:34:41.595+0000] {dag.py:3340} INFO - Setting next_dagrun for latest_only_with_trigger to 2024-09-27T23:34:41.593751+00:00, run_after=2024-09-28T03:34:41.593751+00:00
[2024-09-28T03:34:41.727+0000] {processor.py:176} INFO - Processing /home/airflow/.local/lib/python3.7/site-packages/airflow/example_dags/example_latest_only_with_trigger.py took 0.976 seconds
[2024-09-28T03:35:14.364+0000] {processor.py:154} INFO - Started process (PID=18811) to work on /home/airflow/.local/lib/python3.7/site-packages/airflow/example_dags/example_latest_only_with_trigger.py
[2024-09-28T03:35:14.370+0000] {processor.py:756} INFO - Processing file /home/airflow/.local/lib/python3.7/site-packages/airflow/example_dags/example_latest_only_with_trigger.py for tasks to queue
[2024-09-28T03:35:14.375+0000] {logging_mixin.py:120} INFO - [2024-09-28T03:35:14.374+0000] {dagbag.py:537} INFO - Filling up the DagBag from /home/airflow/.local/lib/python3.7/site-packages/airflow/example_dags/example_latest_only_with_trigger.py
[2024-09-28T03:35:14.474+0000] {processor.py:766} INFO - DAG(s) dict_keys(['latest_only_with_trigger']) retrieved from /home/airflow/.local/lib/python3.7/site-packages/airflow/example_dags/example_latest_only_with_trigger.py
[2024-09-28T03:35:14.725+0000] {logging_mixin.py:120} INFO - [2024-09-28T03:35:14.724+0000] {dag.py:2585} INFO - Sync 1 DAGs
[2024-09-28T03:35:14.938+0000] {logging_mixin.py:120} INFO - [2024-09-28T03:35:14.937+0000] {dag.py:3340} INFO - Setting next_dagrun for latest_only_with_trigger to 2024-09-27T23:35:14.935451+00:00, run_after=2024-09-28T03:35:14.935451+00:00
[2024-09-28T03:35:15.065+0000] {processor.py:176} INFO - Processing /home/airflow/.local/lib/python3.7/site-packages/airflow/example_dags/example_latest_only_with_trigger.py took 0.723 seconds
[2024-09-28T03:35:46.522+0000] {processor.py:154} INFO - Started process (PID=18865) to work on /home/airflow/.local/lib/python3.7/site-packages/airflow/example_dags/example_latest_only_with_trigger.py
[2024-09-28T03:35:46.529+0000] {processor.py:756} INFO - Processing file /home/airflow/.local/lib/python3.7/site-packages/airflow/example_dags/example_latest_only_with_trigger.py for tasks to queue
[2024-09-28T03:35:46.533+0000] {logging_mixin.py:120} INFO - [2024-09-28T03:35:46.533+0000] {dagbag.py:537} INFO - Filling up the DagBag from /home/airflow/.local/lib/python3.7/site-packages/airflow/example_dags/example_latest_only_with_trigger.py
[2024-09-28T03:35:46.627+0000] {processor.py:766} INFO - DAG(s) dict_keys(['latest_only_with_trigger']) retrieved from /home/airflow/.local/lib/python3.7/site-packages/airflow/example_dags/example_latest_only_with_trigger.py
[2024-09-28T03:35:46.930+0000] {logging_mixin.py:120} INFO - [2024-09-28T03:35:46.929+0000] {dag.py:2585} INFO - Sync 1 DAGs
[2024-09-28T03:35:47.103+0000] {logging_mixin.py:120} INFO - [2024-09-28T03:35:47.103+0000] {dag.py:3340} INFO - Setting next_dagrun for latest_only_with_trigger to 2024-09-27T23:35:47.101592+00:00, run_after=2024-09-28T03:35:47.101592+00:00
[2024-09-28T03:35:47.240+0000] {processor.py:176} INFO - Processing /home/airflow/.local/lib/python3.7/site-packages/airflow/example_dags/example_latest_only_with_trigger.py took 0.738 seconds
[2024-09-28T03:36:19.372+0000] {processor.py:154} INFO - Started process (PID=18928) to work on /home/airflow/.local/lib/python3.7/site-packages/airflow/example_dags/example_latest_only_with_trigger.py
[2024-09-28T03:36:19.378+0000] {processor.py:756} INFO - Processing file /home/airflow/.local/lib/python3.7/site-packages/airflow/example_dags/example_latest_only_with_trigger.py for tasks to queue
[2024-09-28T03:36:19.382+0000] {logging_mixin.py:120} INFO - [2024-09-28T03:36:19.382+0000] {dagbag.py:537} INFO - Filling up the DagBag from /home/airflow/.local/lib/python3.7/site-packages/airflow/example_dags/example_latest_only_with_trigger.py
[2024-09-28T03:36:19.463+0000] {processor.py:766} INFO - DAG(s) dict_keys(['latest_only_with_trigger']) retrieved from /home/airflow/.local/lib/python3.7/site-packages/airflow/example_dags/example_latest_only_with_trigger.py
[2024-09-28T03:36:19.701+0000] {logging_mixin.py:120} INFO - [2024-09-28T03:36:19.700+0000] {dag.py:2585} INFO - Sync 1 DAGs
[2024-09-28T03:36:19.874+0000] {logging_mixin.py:120} INFO - [2024-09-28T03:36:19.874+0000] {dag.py:3340} INFO - Setting next_dagrun for latest_only_with_trigger to 2024-09-27T23:36:19.872751+00:00, run_after=2024-09-28T03:36:19.872751+00:00
[2024-09-28T03:36:20.011+0000] {processor.py:176} INFO - Processing /home/airflow/.local/lib/python3.7/site-packages/airflow/example_dags/example_latest_only_with_trigger.py took 0.657 seconds
[2024-09-28T03:36:52.707+0000] {processor.py:154} INFO - Started process (PID=18991) to work on /home/airflow/.local/lib/python3.7/site-packages/airflow/example_dags/example_latest_only_with_trigger.py
[2024-09-28T03:36:52.709+0000] {processor.py:756} INFO - Processing file /home/airflow/.local/lib/python3.7/site-packages/airflow/example_dags/example_latest_only_with_trigger.py for tasks to queue
[2024-09-28T03:36:52.710+0000] {logging_mixin.py:120} INFO - [2024-09-28T03:36:52.710+0000] {dagbag.py:537} INFO - Filling up the DagBag from /home/airflow/.local/lib/python3.7/site-packages/airflow/example_dags/example_latest_only_with_trigger.py
[2024-09-28T03:36:52.726+0000] {processor.py:766} INFO - DAG(s) dict_keys(['latest_only_with_trigger']) retrieved from /home/airflow/.local/lib/python3.7/site-packages/airflow/example_dags/example_latest_only_with_trigger.py
[2024-09-28T03:36:52.772+0000] {logging_mixin.py:120} INFO - [2024-09-28T03:36:52.772+0000] {dag.py:2585} INFO - Sync 1 DAGs
[2024-09-28T03:36:52.810+0000] {logging_mixin.py:120} INFO - [2024-09-28T03:36:52.810+0000] {dag.py:3340} INFO - Setting next_dagrun for latest_only_with_trigger to 2024-09-27T23:36:52.809701+00:00, run_after=2024-09-28T03:36:52.809701+00:00
[2024-09-28T03:36:52.839+0000] {processor.py:176} INFO - Processing /home/airflow/.local/lib/python3.7/site-packages/airflow/example_dags/example_latest_only_with_trigger.py took 0.138 seconds
[2024-09-28T03:51:22.079+0000] {processor.py:154} INFO - Started process (PID=19045) to work on /home/airflow/.local/lib/python3.7/site-packages/airflow/example_dags/example_latest_only_with_trigger.py
[2024-09-28T03:51:22.081+0000] {processor.py:756} INFO - Processing file /home/airflow/.local/lib/python3.7/site-packages/airflow/example_dags/example_latest_only_with_trigger.py for tasks to queue
[2024-09-28T03:51:22.083+0000] {logging_mixin.py:120} INFO - [2024-09-28T03:51:22.082+0000] {dagbag.py:537} INFO - Filling up the DagBag from /home/airflow/.local/lib/python3.7/site-packages/airflow/example_dags/example_latest_only_with_trigger.py
[2024-09-28T03:51:22.114+0000] {processor.py:766} INFO - DAG(s) dict_keys(['latest_only_with_trigger']) retrieved from /home/airflow/.local/lib/python3.7/site-packages/airflow/example_dags/example_latest_only_with_trigger.py
[2024-09-28T03:51:22.203+0000] {logging_mixin.py:120} INFO - [2024-09-28T03:51:22.203+0000] {dag.py:2585} INFO - Sync 1 DAGs
[2024-09-28T03:51:22.265+0000] {logging_mixin.py:120} INFO - [2024-09-28T03:51:22.265+0000] {dag.py:3340} INFO - Setting next_dagrun for latest_only_with_trigger to 2024-09-27T23:51:22.264809+00:00, run_after=2024-09-28T03:51:22.264809+00:00
[2024-09-28T03:51:22.322+0000] {processor.py:176} INFO - Processing /home/airflow/.local/lib/python3.7/site-packages/airflow/example_dags/example_latest_only_with_trigger.py took 0.249 seconds
[2024-09-28T03:52:09.524+0000] {processor.py:154} INFO - Started process (PID=19107) to work on /home/airflow/.local/lib/python3.7/site-packages/airflow/example_dags/example_latest_only_with_trigger.py
[2024-09-28T03:52:09.535+0000] {processor.py:756} INFO - Processing file /home/airflow/.local/lib/python3.7/site-packages/airflow/example_dags/example_latest_only_with_trigger.py for tasks to queue
[2024-09-28T03:52:09.543+0000] {logging_mixin.py:120} INFO - [2024-09-28T03:52:09.542+0000] {dagbag.py:537} INFO - Filling up the DagBag from /home/airflow/.local/lib/python3.7/site-packages/airflow/example_dags/example_latest_only_with_trigger.py
[2024-09-28T03:52:09.694+0000] {processor.py:766} INFO - DAG(s) dict_keys(['latest_only_with_trigger']) retrieved from /home/airflow/.local/lib/python3.7/site-packages/airflow/example_dags/example_latest_only_with_trigger.py
[2024-09-28T03:52:10.046+0000] {logging_mixin.py:120} INFO - [2024-09-28T03:52:10.045+0000] {dag.py:2585} INFO - Sync 1 DAGs
[2024-09-28T03:52:10.256+0000] {logging_mixin.py:120} INFO - [2024-09-28T03:52:10.255+0000] {dag.py:3340} INFO - Setting next_dagrun for latest_only_with_trigger to 2024-09-27T23:52:10.253203+00:00, run_after=2024-09-28T03:52:10.253203+00:00
[2024-09-28T03:52:10.419+0000] {processor.py:176} INFO - Processing /home/airflow/.local/lib/python3.7/site-packages/airflow/example_dags/example_latest_only_with_trigger.py took 0.922 seconds
[2024-09-28T03:52:44.062+0000] {processor.py:154} INFO - Started process (PID=19170) to work on /home/airflow/.local/lib/python3.7/site-packages/airflow/example_dags/example_latest_only_with_trigger.py
[2024-09-28T03:52:44.070+0000] {processor.py:756} INFO - Processing file /home/airflow/.local/lib/python3.7/site-packages/airflow/example_dags/example_latest_only_with_trigger.py for tasks to queue
[2024-09-28T03:52:44.074+0000] {logging_mixin.py:120} INFO - [2024-09-28T03:52:44.074+0000] {dagbag.py:537} INFO - Filling up the DagBag from /home/airflow/.local/lib/python3.7/site-packages/airflow/example_dags/example_latest_only_with_trigger.py
[2024-09-28T03:52:44.168+0000] {processor.py:766} INFO - DAG(s) dict_keys(['latest_only_with_trigger']) retrieved from /home/airflow/.local/lib/python3.7/site-packages/airflow/example_dags/example_latest_only_with_trigger.py
[2024-09-28T03:52:44.448+0000] {logging_mixin.py:120} INFO - [2024-09-28T03:52:44.446+0000] {dag.py:2585} INFO - Sync 1 DAGs
[2024-09-28T03:52:44.624+0000] {logging_mixin.py:120} INFO - [2024-09-28T03:52:44.623+0000] {dag.py:3340} INFO - Setting next_dagrun for latest_only_with_trigger to 2024-09-27T23:52:44.622793+00:00, run_after=2024-09-28T03:52:44.622793+00:00
[2024-09-28T03:52:44.748+0000] {processor.py:176} INFO - Processing /home/airflow/.local/lib/python3.7/site-packages/airflow/example_dags/example_latest_only_with_trigger.py took 0.713 seconds
[2024-09-28T03:53:16.231+0000] {processor.py:154} INFO - Started process (PID=19233) to work on /home/airflow/.local/lib/python3.7/site-packages/airflow/example_dags/example_latest_only_with_trigger.py
[2024-09-28T03:53:16.240+0000] {processor.py:756} INFO - Processing file /home/airflow/.local/lib/python3.7/site-packages/airflow/example_dags/example_latest_only_with_trigger.py for tasks to queue
[2024-09-28T03:53:16.252+0000] {logging_mixin.py:120} INFO - [2024-09-28T03:53:16.250+0000] {dagbag.py:537} INFO - Filling up the DagBag from /home/airflow/.local/lib/python3.7/site-packages/airflow/example_dags/example_latest_only_with_trigger.py
[2024-09-28T03:53:16.392+0000] {processor.py:766} INFO - DAG(s) dict_keys(['latest_only_with_trigger']) retrieved from /home/airflow/.local/lib/python3.7/site-packages/airflow/example_dags/example_latest_only_with_trigger.py
[2024-09-28T03:53:16.683+0000] {logging_mixin.py:120} INFO - [2024-09-28T03:53:16.681+0000] {dag.py:2585} INFO - Sync 1 DAGs
[2024-09-28T03:53:16.891+0000] {logging_mixin.py:120} INFO - [2024-09-28T03:53:16.890+0000] {dag.py:3340} INFO - Setting next_dagrun for latest_only_with_trigger to 2024-09-27T23:53:16.887651+00:00, run_after=2024-09-28T03:53:16.887651+00:00
[2024-09-28T03:53:17.051+0000] {processor.py:176} INFO - Processing /home/airflow/.local/lib/python3.7/site-packages/airflow/example_dags/example_latest_only_with_trigger.py took 0.842 seconds
[2024-09-28T03:53:47.666+0000] {processor.py:154} INFO - Started process (PID=19294) to work on /home/airflow/.local/lib/python3.7/site-packages/airflow/example_dags/example_latest_only_with_trigger.py
[2024-09-28T03:53:47.674+0000] {processor.py:756} INFO - Processing file /home/airflow/.local/lib/python3.7/site-packages/airflow/example_dags/example_latest_only_with_trigger.py for tasks to queue
[2024-09-28T03:53:47.680+0000] {logging_mixin.py:120} INFO - [2024-09-28T03:53:47.679+0000] {dagbag.py:537} INFO - Filling up the DagBag from /home/airflow/.local/lib/python3.7/site-packages/airflow/example_dags/example_latest_only_with_trigger.py
[2024-09-28T03:53:47.799+0000] {processor.py:766} INFO - DAG(s) dict_keys(['latest_only_with_trigger']) retrieved from /home/airflow/.local/lib/python3.7/site-packages/airflow/example_dags/example_latest_only_with_trigger.py
[2024-09-28T03:53:48.063+0000] {logging_mixin.py:120} INFO - [2024-09-28T03:53:48.062+0000] {dag.py:2585} INFO - Sync 1 DAGs
[2024-09-28T03:53:48.287+0000] {logging_mixin.py:120} INFO - [2024-09-28T03:53:48.285+0000] {dag.py:3340} INFO - Setting next_dagrun for latest_only_with_trigger to 2024-09-27T23:53:48.284277+00:00, run_after=2024-09-28T03:53:48.284277+00:00
[2024-09-28T03:53:48.410+0000] {processor.py:176} INFO - Processing /home/airflow/.local/lib/python3.7/site-packages/airflow/example_dags/example_latest_only_with_trigger.py took 0.771 seconds
[2024-09-28T03:54:18.544+0000] {processor.py:154} INFO - Started process (PID=19349) to work on /home/airflow/.local/lib/python3.7/site-packages/airflow/example_dags/example_latest_only_with_trigger.py
[2024-09-28T03:54:18.549+0000] {processor.py:756} INFO - Processing file /home/airflow/.local/lib/python3.7/site-packages/airflow/example_dags/example_latest_only_with_trigger.py for tasks to queue
[2024-09-28T03:54:18.553+0000] {logging_mixin.py:120} INFO - [2024-09-28T03:54:18.552+0000] {dagbag.py:537} INFO - Filling up the DagBag from /home/airflow/.local/lib/python3.7/site-packages/airflow/example_dags/example_latest_only_with_trigger.py
[2024-09-28T03:54:18.621+0000] {processor.py:766} INFO - DAG(s) dict_keys(['latest_only_with_trigger']) retrieved from /home/airflow/.local/lib/python3.7/site-packages/airflow/example_dags/example_latest_only_with_trigger.py
[2024-09-28T03:54:18.803+0000] {logging_mixin.py:120} INFO - [2024-09-28T03:54:18.802+0000] {dag.py:2585} INFO - Sync 1 DAGs
[2024-09-28T03:54:18.914+0000] {logging_mixin.py:120} INFO - [2024-09-28T03:54:18.914+0000] {dag.py:3340} INFO - Setting next_dagrun for latest_only_with_trigger to 2024-09-27T23:54:18.913163+00:00, run_after=2024-09-28T03:54:18.913163+00:00
[2024-09-28T03:54:18.996+0000] {processor.py:176} INFO - Processing /home/airflow/.local/lib/python3.7/site-packages/airflow/example_dags/example_latest_only_with_trigger.py took 0.467 seconds
[2024-09-28T03:54:51.938+0000] {processor.py:154} INFO - Started process (PID=19413) to work on /home/airflow/.local/lib/python3.7/site-packages/airflow/example_dags/example_latest_only_with_trigger.py
[2024-09-28T03:54:51.947+0000] {processor.py:756} INFO - Processing file /home/airflow/.local/lib/python3.7/site-packages/airflow/example_dags/example_latest_only_with_trigger.py for tasks to queue
[2024-09-28T03:54:51.952+0000] {logging_mixin.py:120} INFO - [2024-09-28T03:54:51.951+0000] {dagbag.py:537} INFO - Filling up the DagBag from /home/airflow/.local/lib/python3.7/site-packages/airflow/example_dags/example_latest_only_with_trigger.py
[2024-09-28T03:54:52.036+0000] {processor.py:766} INFO - DAG(s) dict_keys(['latest_only_with_trigger']) retrieved from /home/airflow/.local/lib/python3.7/site-packages/airflow/example_dags/example_latest_only_with_trigger.py
[2024-09-28T03:54:52.304+0000] {logging_mixin.py:120} INFO - [2024-09-28T03:54:52.303+0000] {dag.py:2585} INFO - Sync 1 DAGs
[2024-09-28T03:54:52.532+0000] {logging_mixin.py:120} INFO - [2024-09-28T03:54:52.532+0000] {dag.py:3340} INFO - Setting next_dagrun for latest_only_with_trigger to 2024-09-27T23:54:52.529928+00:00, run_after=2024-09-28T03:54:52.529928+00:00
[2024-09-28T03:54:52.660+0000] {processor.py:176} INFO - Processing /home/airflow/.local/lib/python3.7/site-packages/airflow/example_dags/example_latest_only_with_trigger.py took 0.750 seconds
[2024-09-28T03:55:23.670+0000] {processor.py:154} INFO - Started process (PID=19477) to work on /home/airflow/.local/lib/python3.7/site-packages/airflow/example_dags/example_latest_only_with_trigger.py
[2024-09-28T03:55:23.674+0000] {processor.py:756} INFO - Processing file /home/airflow/.local/lib/python3.7/site-packages/airflow/example_dags/example_latest_only_with_trigger.py for tasks to queue
[2024-09-28T03:55:23.677+0000] {logging_mixin.py:120} INFO - [2024-09-28T03:55:23.677+0000] {dagbag.py:537} INFO - Filling up the DagBag from /home/airflow/.local/lib/python3.7/site-packages/airflow/example_dags/example_latest_only_with_trigger.py
[2024-09-28T03:55:23.741+0000] {processor.py:766} INFO - DAG(s) dict_keys(['latest_only_with_trigger']) retrieved from /home/airflow/.local/lib/python3.7/site-packages/airflow/example_dags/example_latest_only_with_trigger.py
[2024-09-28T03:55:23.932+0000] {logging_mixin.py:120} INFO - [2024-09-28T03:55:23.931+0000] {dag.py:2585} INFO - Sync 1 DAGs
[2024-09-28T03:55:24.069+0000] {logging_mixin.py:120} INFO - [2024-09-28T03:55:24.068+0000] {dag.py:3340} INFO - Setting next_dagrun for latest_only_with_trigger to 2024-09-27T23:55:24.065597+00:00, run_after=2024-09-28T03:55:24.065597+00:00
[2024-09-28T03:55:24.166+0000] {processor.py:176} INFO - Processing /home/airflow/.local/lib/python3.7/site-packages/airflow/example_dags/example_latest_only_with_trigger.py took 0.510 seconds
[2024-09-28T03:55:55.900+0000] {processor.py:154} INFO - Started process (PID=19540) to work on /home/airflow/.local/lib/python3.7/site-packages/airflow/example_dags/example_latest_only_with_trigger.py
[2024-09-28T03:55:55.904+0000] {processor.py:756} INFO - Processing file /home/airflow/.local/lib/python3.7/site-packages/airflow/example_dags/example_latest_only_with_trigger.py for tasks to queue
[2024-09-28T03:55:55.907+0000] {logging_mixin.py:120} INFO - [2024-09-28T03:55:55.907+0000] {dagbag.py:537} INFO - Filling up the DagBag from /home/airflow/.local/lib/python3.7/site-packages/airflow/example_dags/example_latest_only_with_trigger.py
[2024-09-28T03:55:55.973+0000] {processor.py:766} INFO - DAG(s) dict_keys(['latest_only_with_trigger']) retrieved from /home/airflow/.local/lib/python3.7/site-packages/airflow/example_dags/example_latest_only_with_trigger.py
[2024-09-28T03:55:56.153+0000] {logging_mixin.py:120} INFO - [2024-09-28T03:55:56.153+0000] {dag.py:2585} INFO - Sync 1 DAGs
[2024-09-28T03:55:56.279+0000] {logging_mixin.py:120} INFO - [2024-09-28T03:55:56.279+0000] {dag.py:3340} INFO - Setting next_dagrun for latest_only_with_trigger to 2024-09-27T23:55:56.277958+00:00, run_after=2024-09-28T03:55:56.277958+00:00
[2024-09-28T03:55:56.365+0000] {processor.py:176} INFO - Processing /home/airflow/.local/lib/python3.7/site-packages/airflow/example_dags/example_latest_only_with_trigger.py took 0.483 seconds
[2024-09-28T03:56:28.508+0000] {processor.py:154} INFO - Started process (PID=19604) to work on /home/airflow/.local/lib/python3.7/site-packages/airflow/example_dags/example_latest_only_with_trigger.py
[2024-09-28T03:56:28.515+0000] {processor.py:756} INFO - Processing file /home/airflow/.local/lib/python3.7/site-packages/airflow/example_dags/example_latest_only_with_trigger.py for tasks to queue
[2024-09-28T03:56:28.519+0000] {logging_mixin.py:120} INFO - [2024-09-28T03:56:28.519+0000] {dagbag.py:537} INFO - Filling up the DagBag from /home/airflow/.local/lib/python3.7/site-packages/airflow/example_dags/example_latest_only_with_trigger.py
[2024-09-28T03:56:28.620+0000] {processor.py:766} INFO - DAG(s) dict_keys(['latest_only_with_trigger']) retrieved from /home/airflow/.local/lib/python3.7/site-packages/airflow/example_dags/example_latest_only_with_trigger.py
[2024-09-28T03:56:28.915+0000] {logging_mixin.py:120} INFO - [2024-09-28T03:56:28.915+0000] {dag.py:2585} INFO - Sync 1 DAGs
[2024-09-28T03:56:29.048+0000] {logging_mixin.py:120} INFO - [2024-09-28T03:56:29.048+0000] {dag.py:3340} INFO - Setting next_dagrun for latest_only_with_trigger to 2024-09-27T23:56:29.047415+00:00, run_after=2024-09-28T03:56:29.047415+00:00
[2024-09-28T03:56:29.156+0000] {processor.py:176} INFO - Processing /home/airflow/.local/lib/python3.7/site-packages/airflow/example_dags/example_latest_only_with_trigger.py took 0.667 seconds
[2024-09-28T03:57:00.488+0000] {processor.py:154} INFO - Started process (PID=19667) to work on /home/airflow/.local/lib/python3.7/site-packages/airflow/example_dags/example_latest_only_with_trigger.py
[2024-09-28T03:57:00.494+0000] {processor.py:756} INFO - Processing file /home/airflow/.local/lib/python3.7/site-packages/airflow/example_dags/example_latest_only_with_trigger.py for tasks to queue
[2024-09-28T03:57:00.498+0000] {logging_mixin.py:120} INFO - [2024-09-28T03:57:00.497+0000] {dagbag.py:537} INFO - Filling up the DagBag from /home/airflow/.local/lib/python3.7/site-packages/airflow/example_dags/example_latest_only_with_trigger.py
[2024-09-28T03:57:00.571+0000] {processor.py:766} INFO - DAG(s) dict_keys(['latest_only_with_trigger']) retrieved from /home/airflow/.local/lib/python3.7/site-packages/airflow/example_dags/example_latest_only_with_trigger.py
[2024-09-28T03:57:00.732+0000] {logging_mixin.py:120} INFO - [2024-09-28T03:57:00.732+0000] {dag.py:2585} INFO - Sync 1 DAGs
[2024-09-28T03:57:00.845+0000] {logging_mixin.py:120} INFO - [2024-09-28T03:57:00.844+0000] {dag.py:3340} INFO - Setting next_dagrun for latest_only_with_trigger to 2024-09-27T23:57:00.843018+00:00, run_after=2024-09-28T03:57:00.843018+00:00
[2024-09-28T03:57:00.921+0000] {processor.py:176} INFO - Processing /home/airflow/.local/lib/python3.7/site-packages/airflow/example_dags/example_latest_only_with_trigger.py took 0.448 seconds
[2024-09-28T03:57:34.061+0000] {processor.py:154} INFO - Started process (PID=19742) to work on /home/airflow/.local/lib/python3.7/site-packages/airflow/example_dags/example_latest_only_with_trigger.py
[2024-09-28T03:57:34.068+0000] {processor.py:756} INFO - Processing file /home/airflow/.local/lib/python3.7/site-packages/airflow/example_dags/example_latest_only_with_trigger.py for tasks to queue
[2024-09-28T03:57:34.072+0000] {logging_mixin.py:120} INFO - [2024-09-28T03:57:34.071+0000] {dagbag.py:537} INFO - Filling up the DagBag from /home/airflow/.local/lib/python3.7/site-packages/airflow/example_dags/example_latest_only_with_trigger.py
[2024-09-28T03:57:34.141+0000] {processor.py:766} INFO - DAG(s) dict_keys(['latest_only_with_trigger']) retrieved from /home/airflow/.local/lib/python3.7/site-packages/airflow/example_dags/example_latest_only_with_trigger.py
[2024-09-28T03:57:34.342+0000] {logging_mixin.py:120} INFO - [2024-09-28T03:57:34.341+0000] {dag.py:2585} INFO - Sync 1 DAGs
[2024-09-28T03:57:34.480+0000] {logging_mixin.py:120} INFO - [2024-09-28T03:57:34.479+0000] {dag.py:3340} INFO - Setting next_dagrun for latest_only_with_trigger to 2024-09-27T23:57:34.478328+00:00, run_after=2024-09-28T03:57:34.478328+00:00
[2024-09-28T03:57:34.580+0000] {processor.py:176} INFO - Processing /home/airflow/.local/lib/python3.7/site-packages/airflow/example_dags/example_latest_only_with_trigger.py took 0.534 seconds
[2024-09-28T03:58:06.829+0000] {processor.py:154} INFO - Started process (PID=19806) to work on /home/airflow/.local/lib/python3.7/site-packages/airflow/example_dags/example_latest_only_with_trigger.py
[2024-09-28T03:58:06.836+0000] {processor.py:756} INFO - Processing file /home/airflow/.local/lib/python3.7/site-packages/airflow/example_dags/example_latest_only_with_trigger.py for tasks to queue
[2024-09-28T03:58:06.840+0000] {logging_mixin.py:120} INFO - [2024-09-28T03:58:06.840+0000] {dagbag.py:537} INFO - Filling up the DagBag from /home/airflow/.local/lib/python3.7/site-packages/airflow/example_dags/example_latest_only_with_trigger.py
[2024-09-28T03:58:06.902+0000] {processor.py:766} INFO - DAG(s) dict_keys(['latest_only_with_trigger']) retrieved from /home/airflow/.local/lib/python3.7/site-packages/airflow/example_dags/example_latest_only_with_trigger.py
[2024-09-28T03:58:07.126+0000] {logging_mixin.py:120} INFO - [2024-09-28T03:58:07.125+0000] {dag.py:2585} INFO - Sync 1 DAGs
[2024-09-28T03:58:07.277+0000] {logging_mixin.py:120} INFO - [2024-09-28T03:58:07.277+0000] {dag.py:3340} INFO - Setting next_dagrun for latest_only_with_trigger to 2024-09-27T23:58:07.275787+00:00, run_after=2024-09-28T03:58:07.275787+00:00
[2024-09-28T03:58:07.367+0000] {processor.py:176} INFO - Processing /home/airflow/.local/lib/python3.7/site-packages/airflow/example_dags/example_latest_only_with_trigger.py took 0.556 seconds
[2024-09-28T03:58:38.091+0000] {processor.py:154} INFO - Started process (PID=19869) to work on /home/airflow/.local/lib/python3.7/site-packages/airflow/example_dags/example_latest_only_with_trigger.py
[2024-09-28T03:58:38.097+0000] {processor.py:756} INFO - Processing file /home/airflow/.local/lib/python3.7/site-packages/airflow/example_dags/example_latest_only_with_trigger.py for tasks to queue
[2024-09-28T03:58:38.102+0000] {logging_mixin.py:120} INFO - [2024-09-28T03:58:38.101+0000] {dagbag.py:537} INFO - Filling up the DagBag from /home/airflow/.local/lib/python3.7/site-packages/airflow/example_dags/example_latest_only_with_trigger.py
[2024-09-28T03:58:38.175+0000] {processor.py:766} INFO - DAG(s) dict_keys(['latest_only_with_trigger']) retrieved from /home/airflow/.local/lib/python3.7/site-packages/airflow/example_dags/example_latest_only_with_trigger.py
[2024-09-28T03:58:38.370+0000] {logging_mixin.py:120} INFO - [2024-09-28T03:58:38.369+0000] {dag.py:2585} INFO - Sync 1 DAGs
[2024-09-28T03:58:38.490+0000] {logging_mixin.py:120} INFO - [2024-09-28T03:58:38.489+0000] {dag.py:3340} INFO - Setting next_dagrun for latest_only_with_trigger to 2024-09-27T23:58:38.488909+00:00, run_after=2024-09-28T03:58:38.488909+00:00
[2024-09-28T03:58:38.568+0000] {processor.py:176} INFO - Processing /home/airflow/.local/lib/python3.7/site-packages/airflow/example_dags/example_latest_only_with_trigger.py took 0.493 seconds
[2024-09-28T03:59:08.730+0000] {processor.py:154} INFO - Started process (PID=19930) to work on /home/airflow/.local/lib/python3.7/site-packages/airflow/example_dags/example_latest_only_with_trigger.py
[2024-09-28T03:59:08.737+0000] {processor.py:756} INFO - Processing file /home/airflow/.local/lib/python3.7/site-packages/airflow/example_dags/example_latest_only_with_trigger.py for tasks to queue
[2024-09-28T03:59:08.741+0000] {logging_mixin.py:120} INFO - [2024-09-28T03:59:08.741+0000] {dagbag.py:537} INFO - Filling up the DagBag from /home/airflow/.local/lib/python3.7/site-packages/airflow/example_dags/example_latest_only_with_trigger.py
[2024-09-28T03:59:08.820+0000] {processor.py:766} INFO - DAG(s) dict_keys(['latest_only_with_trigger']) retrieved from /home/airflow/.local/lib/python3.7/site-packages/airflow/example_dags/example_latest_only_with_trigger.py
[2024-09-28T03:59:08.987+0000] {logging_mixin.py:120} INFO - [2024-09-28T03:59:08.986+0000] {dag.py:2585} INFO - Sync 1 DAGs
[2024-09-28T03:59:09.115+0000] {logging_mixin.py:120} INFO - [2024-09-28T03:59:09.114+0000] {dag.py:3340} INFO - Setting next_dagrun for latest_only_with_trigger to 2024-09-27T23:59:09.113921+00:00, run_after=2024-09-28T03:59:09.113921+00:00
[2024-09-28T03:59:09.177+0000] {processor.py:176} INFO - Processing /home/airflow/.local/lib/python3.7/site-packages/airflow/example_dags/example_latest_only_with_trigger.py took 0.467 seconds
[2024-09-28T03:59:39.242+0000] {processor.py:154} INFO - Started process (PID=19994) to work on /home/airflow/.local/lib/python3.7/site-packages/airflow/example_dags/example_latest_only_with_trigger.py
[2024-09-28T03:59:39.248+0000] {processor.py:756} INFO - Processing file /home/airflow/.local/lib/python3.7/site-packages/airflow/example_dags/example_latest_only_with_trigger.py for tasks to queue
[2024-09-28T03:59:39.252+0000] {logging_mixin.py:120} INFO - [2024-09-28T03:59:39.251+0000] {dagbag.py:537} INFO - Filling up the DagBag from /home/airflow/.local/lib/python3.7/site-packages/airflow/example_dags/example_latest_only_with_trigger.py
[2024-09-28T03:59:39.328+0000] {processor.py:766} INFO - DAG(s) dict_keys(['latest_only_with_trigger']) retrieved from /home/airflow/.local/lib/python3.7/site-packages/airflow/example_dags/example_latest_only_with_trigger.py
[2024-09-28T03:59:39.493+0000] {logging_mixin.py:120} INFO - [2024-09-28T03:59:39.492+0000] {dag.py:2585} INFO - Sync 1 DAGs
[2024-09-28T03:59:39.605+0000] {logging_mixin.py:120} INFO - [2024-09-28T03:59:39.604+0000] {dag.py:3340} INFO - Setting next_dagrun for latest_only_with_trigger to 2024-09-27T23:59:39.603855+00:00, run_after=2024-09-28T03:59:39.603855+00:00
[2024-09-28T03:59:39.686+0000] {processor.py:176} INFO - Processing /home/airflow/.local/lib/python3.7/site-packages/airflow/example_dags/example_latest_only_with_trigger.py took 0.458 seconds
[2024-09-28T04:00:10.455+0000] {processor.py:154} INFO - Started process (PID=20057) to work on /home/airflow/.local/lib/python3.7/site-packages/airflow/example_dags/example_latest_only_with_trigger.py
[2024-09-28T04:00:10.461+0000] {processor.py:756} INFO - Processing file /home/airflow/.local/lib/python3.7/site-packages/airflow/example_dags/example_latest_only_with_trigger.py for tasks to queue
[2024-09-28T04:00:10.466+0000] {logging_mixin.py:120} INFO - [2024-09-28T04:00:10.465+0000] {dagbag.py:537} INFO - Filling up the DagBag from /home/airflow/.local/lib/python3.7/site-packages/airflow/example_dags/example_latest_only_with_trigger.py
[2024-09-28T04:00:10.525+0000] {processor.py:766} INFO - DAG(s) dict_keys(['latest_only_with_trigger']) retrieved from /home/airflow/.local/lib/python3.7/site-packages/airflow/example_dags/example_latest_only_with_trigger.py
[2024-09-28T04:00:10.681+0000] {logging_mixin.py:120} INFO - [2024-09-28T04:00:10.681+0000] {dag.py:2585} INFO - Sync 1 DAGs
[2024-09-28T04:00:10.804+0000] {logging_mixin.py:120} INFO - [2024-09-28T04:00:10.803+0000] {dag.py:3340} INFO - Setting next_dagrun for latest_only_with_trigger to 2024-09-28T00:00:10.802854+00:00, run_after=2024-09-28T04:00:10.802854+00:00
[2024-09-28T04:00:10.888+0000] {processor.py:176} INFO - Processing /home/airflow/.local/lib/python3.7/site-packages/airflow/example_dags/example_latest_only_with_trigger.py took 0.454 seconds
[2024-09-28T04:00:41.013+0000] {processor.py:154} INFO - Started process (PID=20120) to work on /home/airflow/.local/lib/python3.7/site-packages/airflow/example_dags/example_latest_only_with_trigger.py
[2024-09-28T04:00:41.017+0000] {processor.py:756} INFO - Processing file /home/airflow/.local/lib/python3.7/site-packages/airflow/example_dags/example_latest_only_with_trigger.py for tasks to queue
[2024-09-28T04:00:41.020+0000] {logging_mixin.py:120} INFO - [2024-09-28T04:00:41.020+0000] {dagbag.py:537} INFO - Filling up the DagBag from /home/airflow/.local/lib/python3.7/site-packages/airflow/example_dags/example_latest_only_with_trigger.py
[2024-09-28T04:00:41.088+0000] {processor.py:766} INFO - DAG(s) dict_keys(['latest_only_with_trigger']) retrieved from /home/airflow/.local/lib/python3.7/site-packages/airflow/example_dags/example_latest_only_with_trigger.py
[2024-09-28T04:00:41.260+0000] {logging_mixin.py:120} INFO - [2024-09-28T04:00:41.260+0000] {dag.py:2585} INFO - Sync 1 DAGs
[2024-09-28T04:00:41.384+0000] {logging_mixin.py:120} INFO - [2024-09-28T04:00:41.384+0000] {dag.py:3340} INFO - Setting next_dagrun for latest_only_with_trigger to 2024-09-28T00:00:41.383191+00:00, run_after=2024-09-28T04:00:41.383191+00:00
[2024-09-28T04:00:41.455+0000] {processor.py:176} INFO - Processing /home/airflow/.local/lib/python3.7/site-packages/airflow/example_dags/example_latest_only_with_trigger.py took 0.454 seconds
[2024-09-28T04:01:12.021+0000] {processor.py:154} INFO - Started process (PID=20182) to work on /home/airflow/.local/lib/python3.7/site-packages/airflow/example_dags/example_latest_only_with_trigger.py
[2024-09-28T04:01:12.029+0000] {processor.py:756} INFO - Processing file /home/airflow/.local/lib/python3.7/site-packages/airflow/example_dags/example_latest_only_with_trigger.py for tasks to queue
[2024-09-28T04:01:12.034+0000] {logging_mixin.py:120} INFO - [2024-09-28T04:01:12.034+0000] {dagbag.py:537} INFO - Filling up the DagBag from /home/airflow/.local/lib/python3.7/site-packages/airflow/example_dags/example_latest_only_with_trigger.py
[2024-09-28T04:01:12.124+0000] {processor.py:766} INFO - DAG(s) dict_keys(['latest_only_with_trigger']) retrieved from /home/airflow/.local/lib/python3.7/site-packages/airflow/example_dags/example_latest_only_with_trigger.py
[2024-09-28T04:01:12.378+0000] {logging_mixin.py:120} INFO - [2024-09-28T04:01:12.377+0000] {dag.py:2585} INFO - Sync 1 DAGs
[2024-09-28T04:01:12.569+0000] {logging_mixin.py:120} INFO - [2024-09-28T04:01:12.568+0000] {dag.py:3340} INFO - Setting next_dagrun for latest_only_with_trigger to 2024-09-28T00:01:12.566976+00:00, run_after=2024-09-28T04:01:12.566976+00:00
[2024-09-28T04:01:12.699+0000] {processor.py:176} INFO - Processing /home/airflow/.local/lib/python3.7/site-packages/airflow/example_dags/example_latest_only_with_trigger.py took 0.698 seconds
[2024-09-28T04:01:43.130+0000] {processor.py:154} INFO - Started process (PID=20245) to work on /home/airflow/.local/lib/python3.7/site-packages/airflow/example_dags/example_latest_only_with_trigger.py
[2024-09-28T04:01:43.136+0000] {processor.py:756} INFO - Processing file /home/airflow/.local/lib/python3.7/site-packages/airflow/example_dags/example_latest_only_with_trigger.py for tasks to queue
[2024-09-28T04:01:43.139+0000] {logging_mixin.py:120} INFO - [2024-09-28T04:01:43.138+0000] {dagbag.py:537} INFO - Filling up the DagBag from /home/airflow/.local/lib/python3.7/site-packages/airflow/example_dags/example_latest_only_with_trigger.py
[2024-09-28T04:01:43.206+0000] {processor.py:766} INFO - DAG(s) dict_keys(['latest_only_with_trigger']) retrieved from /home/airflow/.local/lib/python3.7/site-packages/airflow/example_dags/example_latest_only_with_trigger.py
[2024-09-28T04:01:43.418+0000] {logging_mixin.py:120} INFO - [2024-09-28T04:01:43.417+0000] {dag.py:2585} INFO - Sync 1 DAGs
[2024-09-28T04:01:43.575+0000] {logging_mixin.py:120} INFO - [2024-09-28T04:01:43.574+0000] {dag.py:3340} INFO - Setting next_dagrun for latest_only_with_trigger to 2024-09-28T00:01:43.569146+00:00, run_after=2024-09-28T04:01:43.569146+00:00
[2024-09-28T04:01:43.682+0000] {processor.py:176} INFO - Processing /home/airflow/.local/lib/python3.7/site-packages/airflow/example_dags/example_latest_only_with_trigger.py took 0.566 seconds
[2024-09-28T04:02:13.763+0000] {processor.py:154} INFO - Started process (PID=20308) to work on /home/airflow/.local/lib/python3.7/site-packages/airflow/example_dags/example_latest_only_with_trigger.py
[2024-09-28T04:02:13.768+0000] {processor.py:756} INFO - Processing file /home/airflow/.local/lib/python3.7/site-packages/airflow/example_dags/example_latest_only_with_trigger.py for tasks to queue
[2024-09-28T04:02:13.773+0000] {logging_mixin.py:120} INFO - [2024-09-28T04:02:13.772+0000] {dagbag.py:537} INFO - Filling up the DagBag from /home/airflow/.local/lib/python3.7/site-packages/airflow/example_dags/example_latest_only_with_trigger.py
[2024-09-28T04:02:13.839+0000] {processor.py:766} INFO - DAG(s) dict_keys(['latest_only_with_trigger']) retrieved from /home/airflow/.local/lib/python3.7/site-packages/airflow/example_dags/example_latest_only_with_trigger.py
[2024-09-28T04:02:13.988+0000] {logging_mixin.py:120} INFO - [2024-09-28T04:02:13.987+0000] {dag.py:2585} INFO - Sync 1 DAGs
[2024-09-28T04:02:14.088+0000] {logging_mixin.py:120} INFO - [2024-09-28T04:02:14.088+0000] {dag.py:3340} INFO - Setting next_dagrun for latest_only_with_trigger to 2024-09-28T00:02:14.087366+00:00, run_after=2024-09-28T04:02:14.087366+00:00
[2024-09-28T04:02:14.164+0000] {processor.py:176} INFO - Processing /home/airflow/.local/lib/python3.7/site-packages/airflow/example_dags/example_latest_only_with_trigger.py took 0.414 seconds
[2024-09-28T04:17:22.957+0000] {processor.py:154} INFO - Started process (PID=20347) to work on /home/airflow/.local/lib/python3.7/site-packages/airflow/example_dags/example_latest_only_with_trigger.py
[2024-09-28T04:17:22.959+0000] {processor.py:756} INFO - Processing file /home/airflow/.local/lib/python3.7/site-packages/airflow/example_dags/example_latest_only_with_trigger.py for tasks to queue
[2024-09-28T04:17:22.961+0000] {logging_mixin.py:120} INFO - [2024-09-28T04:17:22.961+0000] {dagbag.py:537} INFO - Filling up the DagBag from /home/airflow/.local/lib/python3.7/site-packages/airflow/example_dags/example_latest_only_with_trigger.py
[2024-09-28T04:17:22.993+0000] {processor.py:766} INFO - DAG(s) dict_keys(['latest_only_with_trigger']) retrieved from /home/airflow/.local/lib/python3.7/site-packages/airflow/example_dags/example_latest_only_with_trigger.py
[2024-09-28T04:17:23.075+0000] {logging_mixin.py:120} INFO - [2024-09-28T04:17:23.075+0000] {dag.py:2585} INFO - Sync 1 DAGs
[2024-09-28T04:17:23.135+0000] {logging_mixin.py:120} INFO - [2024-09-28T04:17:23.134+0000] {dag.py:3340} INFO - Setting next_dagrun for latest_only_with_trigger to 2024-09-28T00:17:23.134204+00:00, run_after=2024-09-28T04:17:23.134204+00:00
[2024-09-28T04:17:23.186+0000] {processor.py:176} INFO - Processing /home/airflow/.local/lib/python3.7/site-packages/airflow/example_dags/example_latest_only_with_trigger.py took 0.237 seconds
[2024-09-28T04:18:06.661+0000] {processor.py:154} INFO - Started process (PID=20420) to work on /home/airflow/.local/lib/python3.7/site-packages/airflow/example_dags/example_latest_only_with_trigger.py
[2024-09-28T04:18:06.668+0000] {processor.py:756} INFO - Processing file /home/airflow/.local/lib/python3.7/site-packages/airflow/example_dags/example_latest_only_with_trigger.py for tasks to queue
[2024-09-28T04:18:06.673+0000] {logging_mixin.py:120} INFO - [2024-09-28T04:18:06.672+0000] {dagbag.py:537} INFO - Filling up the DagBag from /home/airflow/.local/lib/python3.7/site-packages/airflow/example_dags/example_latest_only_with_trigger.py
[2024-09-28T04:18:06.783+0000] {processor.py:766} INFO - DAG(s) dict_keys(['latest_only_with_trigger']) retrieved from /home/airflow/.local/lib/python3.7/site-packages/airflow/example_dags/example_latest_only_with_trigger.py
[2024-09-28T04:18:07.096+0000] {logging_mixin.py:120} INFO - [2024-09-28T04:18:07.095+0000] {dag.py:2585} INFO - Sync 1 DAGs
[2024-09-28T04:18:07.266+0000] {logging_mixin.py:120} INFO - [2024-09-28T04:18:07.265+0000] {dag.py:3340} INFO - Setting next_dagrun for latest_only_with_trigger to 2024-09-28T00:18:07.264015+00:00, run_after=2024-09-28T04:18:07.264015+00:00
[2024-09-28T04:18:07.389+0000] {processor.py:176} INFO - Processing /home/airflow/.local/lib/python3.7/site-packages/airflow/example_dags/example_latest_only_with_trigger.py took 0.753 seconds
[2024-09-28T04:18:40.086+0000] {processor.py:154} INFO - Started process (PID=20474) to work on /home/airflow/.local/lib/python3.7/site-packages/airflow/example_dags/example_latest_only_with_trigger.py
[2024-09-28T04:18:40.094+0000] {processor.py:756} INFO - Processing file /home/airflow/.local/lib/python3.7/site-packages/airflow/example_dags/example_latest_only_with_trigger.py for tasks to queue
[2024-09-28T04:18:40.099+0000] {logging_mixin.py:120} INFO - [2024-09-28T04:18:40.098+0000] {dagbag.py:537} INFO - Filling up the DagBag from /home/airflow/.local/lib/python3.7/site-packages/airflow/example_dags/example_latest_only_with_trigger.py
[2024-09-28T04:18:40.199+0000] {processor.py:766} INFO - DAG(s) dict_keys(['latest_only_with_trigger']) retrieved from /home/airflow/.local/lib/python3.7/site-packages/airflow/example_dags/example_latest_only_with_trigger.py
[2024-09-28T04:18:40.545+0000] {logging_mixin.py:120} INFO - [2024-09-28T04:18:40.542+0000] {dag.py:2585} INFO - Sync 1 DAGs
[2024-09-28T04:18:40.705+0000] {logging_mixin.py:120} INFO - [2024-09-28T04:18:40.704+0000] {dag.py:3340} INFO - Setting next_dagrun for latest_only_with_trigger to 2024-09-28T00:18:40.703327+00:00, run_after=2024-09-28T04:18:40.703327+00:00
[2024-09-28T04:18:40.809+0000] {processor.py:176} INFO - Processing /home/airflow/.local/lib/python3.7/site-packages/airflow/example_dags/example_latest_only_with_trigger.py took 0.744 seconds
[2024-09-28T04:19:14.287+0000] {processor.py:154} INFO - Started process (PID=20537) to work on /home/airflow/.local/lib/python3.7/site-packages/airflow/example_dags/example_latest_only_with_trigger.py
[2024-09-28T04:19:14.293+0000] {processor.py:756} INFO - Processing file /home/airflow/.local/lib/python3.7/site-packages/airflow/example_dags/example_latest_only_with_trigger.py for tasks to queue
[2024-09-28T04:19:14.297+0000] {logging_mixin.py:120} INFO - [2024-09-28T04:19:14.296+0000] {dagbag.py:537} INFO - Filling up the DagBag from /home/airflow/.local/lib/python3.7/site-packages/airflow/example_dags/example_latest_only_with_trigger.py
[2024-09-28T04:19:14.389+0000] {processor.py:766} INFO - DAG(s) dict_keys(['latest_only_with_trigger']) retrieved from /home/airflow/.local/lib/python3.7/site-packages/airflow/example_dags/example_latest_only_with_trigger.py
[2024-09-28T04:19:14.619+0000] {logging_mixin.py:120} INFO - [2024-09-28T04:19:14.619+0000] {dag.py:2585} INFO - Sync 1 DAGs
[2024-09-28T04:19:14.785+0000] {logging_mixin.py:120} INFO - [2024-09-28T04:19:14.784+0000] {dag.py:3340} INFO - Setting next_dagrun for latest_only_with_trigger to 2024-09-28T00:19:14.783468+00:00, run_after=2024-09-28T04:19:14.783468+00:00
[2024-09-28T04:19:14.908+0000] {processor.py:176} INFO - Processing /home/airflow/.local/lib/python3.7/site-packages/airflow/example_dags/example_latest_only_with_trigger.py took 0.643 seconds
[2024-09-28T04:19:46.534+0000] {processor.py:154} INFO - Started process (PID=20600) to work on /home/airflow/.local/lib/python3.7/site-packages/airflow/example_dags/example_latest_only_with_trigger.py
[2024-09-28T04:19:46.541+0000] {processor.py:756} INFO - Processing file /home/airflow/.local/lib/python3.7/site-packages/airflow/example_dags/example_latest_only_with_trigger.py for tasks to queue
[2024-09-28T04:19:46.545+0000] {logging_mixin.py:120} INFO - [2024-09-28T04:19:46.544+0000] {dagbag.py:537} INFO - Filling up the DagBag from /home/airflow/.local/lib/python3.7/site-packages/airflow/example_dags/example_latest_only_with_trigger.py
[2024-09-28T04:19:46.646+0000] {processor.py:766} INFO - DAG(s) dict_keys(['latest_only_with_trigger']) retrieved from /home/airflow/.local/lib/python3.7/site-packages/airflow/example_dags/example_latest_only_with_trigger.py
[2024-09-28T04:19:46.929+0000] {logging_mixin.py:120} INFO - [2024-09-28T04:19:46.928+0000] {dag.py:2585} INFO - Sync 1 DAGs
[2024-09-28T04:19:47.120+0000] {logging_mixin.py:120} INFO - [2024-09-28T04:19:47.119+0000] {dag.py:3340} INFO - Setting next_dagrun for latest_only_with_trigger to 2024-09-28T00:19:47.117829+00:00, run_after=2024-09-28T04:19:47.117829+00:00
[2024-09-28T04:19:47.232+0000] {processor.py:176} INFO - Processing /home/airflow/.local/lib/python3.7/site-packages/airflow/example_dags/example_latest_only_with_trigger.py took 0.718 seconds
[2024-09-28T04:20:18.344+0000] {processor.py:154} INFO - Started process (PID=20663) to work on /home/airflow/.local/lib/python3.7/site-packages/airflow/example_dags/example_latest_only_with_trigger.py
[2024-09-28T04:20:18.352+0000] {processor.py:756} INFO - Processing file /home/airflow/.local/lib/python3.7/site-packages/airflow/example_dags/example_latest_only_with_trigger.py for tasks to queue
[2024-09-28T04:20:18.356+0000] {logging_mixin.py:120} INFO - [2024-09-28T04:20:18.356+0000] {dagbag.py:537} INFO - Filling up the DagBag from /home/airflow/.local/lib/python3.7/site-packages/airflow/example_dags/example_latest_only_with_trigger.py
[2024-09-28T04:20:18.443+0000] {processor.py:766} INFO - DAG(s) dict_keys(['latest_only_with_trigger']) retrieved from /home/airflow/.local/lib/python3.7/site-packages/airflow/example_dags/example_latest_only_with_trigger.py
[2024-09-28T04:20:18.663+0000] {logging_mixin.py:120} INFO - [2024-09-28T04:20:18.663+0000] {dag.py:2585} INFO - Sync 1 DAGs
[2024-09-28T04:20:18.788+0000] {logging_mixin.py:120} INFO - [2024-09-28T04:20:18.788+0000] {dag.py:3340} INFO - Setting next_dagrun for latest_only_with_trigger to 2024-09-28T00:20:18.786952+00:00, run_after=2024-09-28T04:20:18.786952+00:00
[2024-09-28T04:20:18.880+0000] {processor.py:176} INFO - Processing /home/airflow/.local/lib/python3.7/site-packages/airflow/example_dags/example_latest_only_with_trigger.py took 0.555 seconds
[2024-09-28T04:20:49.864+0000] {processor.py:154} INFO - Started process (PID=20726) to work on /home/airflow/.local/lib/python3.7/site-packages/airflow/example_dags/example_latest_only_with_trigger.py
[2024-09-28T04:20:49.868+0000] {processor.py:756} INFO - Processing file /home/airflow/.local/lib/python3.7/site-packages/airflow/example_dags/example_latest_only_with_trigger.py for tasks to queue
[2024-09-28T04:20:49.870+0000] {logging_mixin.py:120} INFO - [2024-09-28T04:20:49.870+0000] {dagbag.py:537} INFO - Filling up the DagBag from /home/airflow/.local/lib/python3.7/site-packages/airflow/example_dags/example_latest_only_with_trigger.py
[2024-09-28T04:20:49.926+0000] {processor.py:766} INFO - DAG(s) dict_keys(['latest_only_with_trigger']) retrieved from /home/airflow/.local/lib/python3.7/site-packages/airflow/example_dags/example_latest_only_with_trigger.py
[2024-09-28T04:20:50.072+0000] {logging_mixin.py:120} INFO - [2024-09-28T04:20:50.071+0000] {dag.py:2585} INFO - Sync 1 DAGs
[2024-09-28T04:20:50.167+0000] {logging_mixin.py:120} INFO - [2024-09-28T04:20:50.166+0000] {dag.py:3340} INFO - Setting next_dagrun for latest_only_with_trigger to 2024-09-28T00:20:50.165842+00:00, run_after=2024-09-28T04:20:50.165842+00:00
[2024-09-28T04:20:50.238+0000] {processor.py:176} INFO - Processing /home/airflow/.local/lib/python3.7/site-packages/airflow/example_dags/example_latest_only_with_trigger.py took 0.385 seconds
[2024-09-28T04:25:40.929+0000] {processor.py:154} INFO - Started process (PID=20823) to work on /home/airflow/.local/lib/python3.7/site-packages/airflow/example_dags/example_latest_only_with_trigger.py
[2024-09-28T04:25:40.938+0000] {processor.py:756} INFO - Processing file /home/airflow/.local/lib/python3.7/site-packages/airflow/example_dags/example_latest_only_with_trigger.py for tasks to queue
[2024-09-28T04:25:40.947+0000] {logging_mixin.py:120} INFO - [2024-09-28T04:25:40.944+0000] {dagbag.py:537} INFO - Filling up the DagBag from /home/airflow/.local/lib/python3.7/site-packages/airflow/example_dags/example_latest_only_with_trigger.py
[2024-09-28T04:25:41.104+0000] {processor.py:766} INFO - DAG(s) dict_keys(['latest_only_with_trigger']) retrieved from /home/airflow/.local/lib/python3.7/site-packages/airflow/example_dags/example_latest_only_with_trigger.py
[2024-09-28T04:25:41.599+0000] {logging_mixin.py:120} INFO - [2024-09-28T04:25:41.598+0000] {dag.py:2585} INFO - Sync 1 DAGs
[2024-09-28T04:25:41.886+0000] {logging_mixin.py:120} INFO - [2024-09-28T04:25:41.885+0000] {dag.py:3340} INFO - Setting next_dagrun for latest_only_with_trigger to 2024-09-28T00:25:41.883911+00:00, run_after=2024-09-28T04:25:41.883911+00:00
[2024-09-28T04:25:42.039+0000] {processor.py:176} INFO - Processing /home/airflow/.local/lib/python3.7/site-packages/airflow/example_dags/example_latest_only_with_trigger.py took 1.151 seconds
[2024-09-28T04:27:50.141+0000] {processor.py:154} INFO - Started process (PID=20928) to work on /home/airflow/.local/lib/python3.7/site-packages/airflow/example_dags/example_latest_only_with_trigger.py
[2024-09-28T04:27:50.154+0000] {processor.py:756} INFO - Processing file /home/airflow/.local/lib/python3.7/site-packages/airflow/example_dags/example_latest_only_with_trigger.py for tasks to queue
[2024-09-28T04:27:50.159+0000] {logging_mixin.py:120} INFO - [2024-09-28T04:27:50.158+0000] {dagbag.py:537} INFO - Filling up the DagBag from /home/airflow/.local/lib/python3.7/site-packages/airflow/example_dags/example_latest_only_with_trigger.py
[2024-09-28T04:27:50.281+0000] {processor.py:766} INFO - DAG(s) dict_keys(['latest_only_with_trigger']) retrieved from /home/airflow/.local/lib/python3.7/site-packages/airflow/example_dags/example_latest_only_with_trigger.py
[2024-09-28T04:27:50.615+0000] {logging_mixin.py:120} INFO - [2024-09-28T04:27:50.613+0000] {dag.py:2585} INFO - Sync 1 DAGs
[2024-09-28T04:27:50.840+0000] {logging_mixin.py:120} INFO - [2024-09-28T04:27:50.839+0000] {dag.py:3340} INFO - Setting next_dagrun for latest_only_with_trigger to 2024-09-28T00:27:50.838293+00:00, run_after=2024-09-28T04:27:50.838293+00:00
[2024-09-28T04:27:50.972+0000] {processor.py:176} INFO - Processing /home/airflow/.local/lib/python3.7/site-packages/airflow/example_dags/example_latest_only_with_trigger.py took 0.856 seconds
[2024-09-28T04:28:22.047+0000] {processor.py:154} INFO - Started process (PID=20992) to work on /home/airflow/.local/lib/python3.7/site-packages/airflow/example_dags/example_latest_only_with_trigger.py
[2024-09-28T04:28:22.056+0000] {processor.py:756} INFO - Processing file /home/airflow/.local/lib/python3.7/site-packages/airflow/example_dags/example_latest_only_with_trigger.py for tasks to queue
[2024-09-28T04:28:22.066+0000] {logging_mixin.py:120} INFO - [2024-09-28T04:28:22.064+0000] {dagbag.py:537} INFO - Filling up the DagBag from /home/airflow/.local/lib/python3.7/site-packages/airflow/example_dags/example_latest_only_with_trigger.py
[2024-09-28T04:28:22.225+0000] {processor.py:766} INFO - DAG(s) dict_keys(['latest_only_with_trigger']) retrieved from /home/airflow/.local/lib/python3.7/site-packages/airflow/example_dags/example_latest_only_with_trigger.py
[2024-09-28T04:28:22.550+0000] {logging_mixin.py:120} INFO - [2024-09-28T04:28:22.549+0000] {dag.py:2585} INFO - Sync 1 DAGs
[2024-09-28T04:28:22.770+0000] {logging_mixin.py:120} INFO - [2024-09-28T04:28:22.769+0000] {dag.py:3340} INFO - Setting next_dagrun for latest_only_with_trigger to 2024-09-28T00:28:22.767326+00:00, run_after=2024-09-28T04:28:22.767326+00:00
[2024-09-28T04:28:22.912+0000] {processor.py:176} INFO - Processing /home/airflow/.local/lib/python3.7/site-packages/airflow/example_dags/example_latest_only_with_trigger.py took 0.902 seconds
[2024-09-28T04:44:57.866+0000] {processor.py:154} INFO - Started process (PID=21046) to work on /home/airflow/.local/lib/python3.7/site-packages/airflow/example_dags/example_latest_only_with_trigger.py
[2024-09-28T04:44:57.877+0000] {processor.py:756} INFO - Processing file /home/airflow/.local/lib/python3.7/site-packages/airflow/example_dags/example_latest_only_with_trigger.py for tasks to queue
[2024-09-28T04:44:57.881+0000] {logging_mixin.py:120} INFO - [2024-09-28T04:44:57.880+0000] {dagbag.py:537} INFO - Filling up the DagBag from /home/airflow/.local/lib/python3.7/site-packages/airflow/example_dags/example_latest_only_with_trigger.py
[2024-09-28T04:44:57.994+0000] {processor.py:766} INFO - DAG(s) dict_keys(['latest_only_with_trigger']) retrieved from /home/airflow/.local/lib/python3.7/site-packages/airflow/example_dags/example_latest_only_with_trigger.py
[2024-09-28T04:44:58.294+0000] {logging_mixin.py:120} INFO - [2024-09-28T04:44:58.292+0000] {dag.py:2585} INFO - Sync 1 DAGs
[2024-09-28T04:44:58.606+0000] {logging_mixin.py:120} INFO - [2024-09-28T04:44:58.605+0000] {dag.py:3340} INFO - Setting next_dagrun for latest_only_with_trigger to 2024-09-28T00:44:58.604394+00:00, run_after=2024-09-28T04:44:58.604394+00:00
[2024-09-28T04:44:58.727+0000] {processor.py:176} INFO - Processing /home/airflow/.local/lib/python3.7/site-packages/airflow/example_dags/example_latest_only_with_trigger.py took 0.881 seconds
[2024-09-28T04:45:29.942+0000] {processor.py:154} INFO - Started process (PID=21109) to work on /home/airflow/.local/lib/python3.7/site-packages/airflow/example_dags/example_latest_only_with_trigger.py
[2024-09-28T04:45:29.954+0000] {processor.py:756} INFO - Processing file /home/airflow/.local/lib/python3.7/site-packages/airflow/example_dags/example_latest_only_with_trigger.py for tasks to queue
[2024-09-28T04:45:29.959+0000] {logging_mixin.py:120} INFO - [2024-09-28T04:45:29.958+0000] {dagbag.py:537} INFO - Filling up the DagBag from /home/airflow/.local/lib/python3.7/site-packages/airflow/example_dags/example_latest_only_with_trigger.py
[2024-09-28T04:45:30.070+0000] {processor.py:766} INFO - DAG(s) dict_keys(['latest_only_with_trigger']) retrieved from /home/airflow/.local/lib/python3.7/site-packages/airflow/example_dags/example_latest_only_with_trigger.py
[2024-09-28T04:45:30.424+0000] {logging_mixin.py:120} INFO - [2024-09-28T04:45:30.423+0000] {dag.py:2585} INFO - Sync 1 DAGs
[2024-09-28T04:45:30.708+0000] {logging_mixin.py:120} INFO - [2024-09-28T04:45:30.707+0000] {dag.py:3340} INFO - Setting next_dagrun for latest_only_with_trigger to 2024-09-28T00:45:30.706422+00:00, run_after=2024-09-28T04:45:30.706422+00:00
[2024-09-28T04:45:30.859+0000] {processor.py:176} INFO - Processing /home/airflow/.local/lib/python3.7/site-packages/airflow/example_dags/example_latest_only_with_trigger.py took 0.954 seconds
[2024-09-28T04:46:01.415+0000] {processor.py:154} INFO - Started process (PID=21163) to work on /home/airflow/.local/lib/python3.7/site-packages/airflow/example_dags/example_latest_only_with_trigger.py
[2024-09-28T04:46:01.424+0000] {processor.py:756} INFO - Processing file /home/airflow/.local/lib/python3.7/site-packages/airflow/example_dags/example_latest_only_with_trigger.py for tasks to queue
[2024-09-28T04:46:01.436+0000] {logging_mixin.py:120} INFO - [2024-09-28T04:46:01.435+0000] {dagbag.py:537} INFO - Filling up the DagBag from /home/airflow/.local/lib/python3.7/site-packages/airflow/example_dags/example_latest_only_with_trigger.py
[2024-09-28T04:46:01.548+0000] {processor.py:766} INFO - DAG(s) dict_keys(['latest_only_with_trigger']) retrieved from /home/airflow/.local/lib/python3.7/site-packages/airflow/example_dags/example_latest_only_with_trigger.py
[2024-09-28T04:46:01.811+0000] {logging_mixin.py:120} INFO - [2024-09-28T04:46:01.810+0000] {dag.py:2585} INFO - Sync 1 DAGs
[2024-09-28T04:46:01.979+0000] {logging_mixin.py:120} INFO - [2024-09-28T04:46:01.977+0000] {dag.py:3340} INFO - Setting next_dagrun for latest_only_with_trigger to 2024-09-28T00:46:01.976380+00:00, run_after=2024-09-28T04:46:01.976380+00:00
[2024-09-28T04:46:02.089+0000] {processor.py:176} INFO - Processing /home/airflow/.local/lib/python3.7/site-packages/airflow/example_dags/example_latest_only_with_trigger.py took 0.699 seconds
[2024-09-28T04:46:35.682+0000] {processor.py:154} INFO - Started process (PID=21226) to work on /home/airflow/.local/lib/python3.7/site-packages/airflow/example_dags/example_latest_only_with_trigger.py
[2024-09-28T04:46:35.689+0000] {processor.py:756} INFO - Processing file /home/airflow/.local/lib/python3.7/site-packages/airflow/example_dags/example_latest_only_with_trigger.py for tasks to queue
[2024-09-28T04:46:35.694+0000] {logging_mixin.py:120} INFO - [2024-09-28T04:46:35.693+0000] {dagbag.py:537} INFO - Filling up the DagBag from /home/airflow/.local/lib/python3.7/site-packages/airflow/example_dags/example_latest_only_with_trigger.py
[2024-09-28T04:46:35.813+0000] {processor.py:766} INFO - DAG(s) dict_keys(['latest_only_with_trigger']) retrieved from /home/airflow/.local/lib/python3.7/site-packages/airflow/example_dags/example_latest_only_with_trigger.py
[2024-09-28T04:46:36.087+0000] {logging_mixin.py:120} INFO - [2024-09-28T04:46:36.086+0000] {dag.py:2585} INFO - Sync 1 DAGs
[2024-09-28T04:46:36.239+0000] {logging_mixin.py:120} INFO - [2024-09-28T04:46:36.238+0000] {dag.py:3340} INFO - Setting next_dagrun for latest_only_with_trigger to 2024-09-28T00:46:36.237601+00:00, run_after=2024-09-28T04:46:36.237601+00:00
[2024-09-28T04:46:36.336+0000] {processor.py:176} INFO - Processing /home/airflow/.local/lib/python3.7/site-packages/airflow/example_dags/example_latest_only_with_trigger.py took 0.692 seconds
[2024-09-28T04:47:06.848+0000] {processor.py:154} INFO - Started process (PID=21289) to work on /home/airflow/.local/lib/python3.7/site-packages/airflow/example_dags/example_latest_only_with_trigger.py
[2024-09-28T04:47:06.854+0000] {processor.py:756} INFO - Processing file /home/airflow/.local/lib/python3.7/site-packages/airflow/example_dags/example_latest_only_with_trigger.py for tasks to queue
[2024-09-28T04:47:06.858+0000] {logging_mixin.py:120} INFO - [2024-09-28T04:47:06.857+0000] {dagbag.py:537} INFO - Filling up the DagBag from /home/airflow/.local/lib/python3.7/site-packages/airflow/example_dags/example_latest_only_with_trigger.py
[2024-09-28T04:47:06.929+0000] {processor.py:766} INFO - DAG(s) dict_keys(['latest_only_with_trigger']) retrieved from /home/airflow/.local/lib/python3.7/site-packages/airflow/example_dags/example_latest_only_with_trigger.py
[2024-09-28T04:47:07.146+0000] {logging_mixin.py:120} INFO - [2024-09-28T04:47:07.145+0000] {dag.py:2585} INFO - Sync 1 DAGs
[2024-09-28T04:47:07.278+0000] {logging_mixin.py:120} INFO - [2024-09-28T04:47:07.277+0000] {dag.py:3340} INFO - Setting next_dagrun for latest_only_with_trigger to 2024-09-28T00:47:07.275841+00:00, run_after=2024-09-28T04:47:07.275841+00:00
[2024-09-28T04:47:07.368+0000] {processor.py:176} INFO - Processing /home/airflow/.local/lib/python3.7/site-packages/airflow/example_dags/example_latest_only_with_trigger.py took 0.537 seconds
[2024-09-28T04:47:38.578+0000] {processor.py:154} INFO - Started process (PID=21352) to work on /home/airflow/.local/lib/python3.7/site-packages/airflow/example_dags/example_latest_only_with_trigger.py
[2024-09-28T04:47:38.585+0000] {processor.py:756} INFO - Processing file /home/airflow/.local/lib/python3.7/site-packages/airflow/example_dags/example_latest_only_with_trigger.py for tasks to queue
[2024-09-28T04:47:38.592+0000] {logging_mixin.py:120} INFO - [2024-09-28T04:47:38.590+0000] {dagbag.py:537} INFO - Filling up the DagBag from /home/airflow/.local/lib/python3.7/site-packages/airflow/example_dags/example_latest_only_with_trigger.py
[2024-09-28T04:47:38.664+0000] {processor.py:766} INFO - DAG(s) dict_keys(['latest_only_with_trigger']) retrieved from /home/airflow/.local/lib/python3.7/site-packages/airflow/example_dags/example_latest_only_with_trigger.py
[2024-09-28T04:47:38.864+0000] {logging_mixin.py:120} INFO - [2024-09-28T04:47:38.863+0000] {dag.py:2585} INFO - Sync 1 DAGs
[2024-09-28T04:47:38.986+0000] {logging_mixin.py:120} INFO - [2024-09-28T04:47:38.985+0000] {dag.py:3340} INFO - Setting next_dagrun for latest_only_with_trigger to 2024-09-28T00:47:38.984113+00:00, run_after=2024-09-28T04:47:38.984113+00:00
[2024-09-28T04:47:39.084+0000] {processor.py:176} INFO - Processing /home/airflow/.local/lib/python3.7/site-packages/airflow/example_dags/example_latest_only_with_trigger.py took 0.521 seconds
[2024-09-28T04:48:09.440+0000] {processor.py:154} INFO - Started process (PID=21415) to work on /home/airflow/.local/lib/python3.7/site-packages/airflow/example_dags/example_latest_only_with_trigger.py
[2024-09-28T04:48:09.444+0000] {processor.py:756} INFO - Processing file /home/airflow/.local/lib/python3.7/site-packages/airflow/example_dags/example_latest_only_with_trigger.py for tasks to queue
[2024-09-28T04:48:09.447+0000] {logging_mixin.py:120} INFO - [2024-09-28T04:48:09.446+0000] {dagbag.py:537} INFO - Filling up the DagBag from /home/airflow/.local/lib/python3.7/site-packages/airflow/example_dags/example_latest_only_with_trigger.py
[2024-09-28T04:48:09.497+0000] {processor.py:766} INFO - DAG(s) dict_keys(['latest_only_with_trigger']) retrieved from /home/airflow/.local/lib/python3.7/site-packages/airflow/example_dags/example_latest_only_with_trigger.py
[2024-09-28T04:48:09.635+0000] {logging_mixin.py:120} INFO - [2024-09-28T04:48:09.634+0000] {dag.py:2585} INFO - Sync 1 DAGs
[2024-09-28T04:48:09.721+0000] {logging_mixin.py:120} INFO - [2024-09-28T04:48:09.720+0000] {dag.py:3340} INFO - Setting next_dagrun for latest_only_with_trigger to 2024-09-28T00:48:09.719979+00:00, run_after=2024-09-28T04:48:09.719979+00:00
[2024-09-28T04:48:09.792+0000] {processor.py:176} INFO - Processing /home/airflow/.local/lib/python3.7/site-packages/airflow/example_dags/example_latest_only_with_trigger.py took 0.363 seconds
[2024-09-28T04:48:40.863+0000] {processor.py:154} INFO - Started process (PID=21483) to work on /home/airflow/.local/lib/python3.7/site-packages/airflow/example_dags/example_latest_only_with_trigger.py
[2024-09-28T04:48:40.868+0000] {processor.py:756} INFO - Processing file /home/airflow/.local/lib/python3.7/site-packages/airflow/example_dags/example_latest_only_with_trigger.py for tasks to queue
[2024-09-28T04:48:40.870+0000] {logging_mixin.py:120} INFO - [2024-09-28T04:48:40.870+0000] {dagbag.py:537} INFO - Filling up the DagBag from /home/airflow/.local/lib/python3.7/site-packages/airflow/example_dags/example_latest_only_with_trigger.py
[2024-09-28T04:48:40.916+0000] {processor.py:766} INFO - DAG(s) dict_keys(['latest_only_with_trigger']) retrieved from /home/airflow/.local/lib/python3.7/site-packages/airflow/example_dags/example_latest_only_with_trigger.py
[2024-09-28T04:48:41.050+0000] {logging_mixin.py:120} INFO - [2024-09-28T04:48:41.050+0000] {dag.py:2585} INFO - Sync 1 DAGs
[2024-09-28T04:48:41.139+0000] {logging_mixin.py:120} INFO - [2024-09-28T04:48:41.138+0000] {dag.py:3340} INFO - Setting next_dagrun for latest_only_with_trigger to 2024-09-28T00:48:41.138200+00:00, run_after=2024-09-28T04:48:41.138200+00:00
[2024-09-28T04:48:41.195+0000] {processor.py:176} INFO - Processing /home/airflow/.local/lib/python3.7/site-packages/airflow/example_dags/example_latest_only_with_trigger.py took 0.344 seconds
[2024-09-28T04:52:46.597+0000] {processor.py:154} INFO - Started process (PID=21569) to work on /home/airflow/.local/lib/python3.7/site-packages/airflow/example_dags/example_latest_only_with_trigger.py
[2024-09-28T04:52:46.611+0000] {processor.py:756} INFO - Processing file /home/airflow/.local/lib/python3.7/site-packages/airflow/example_dags/example_latest_only_with_trigger.py for tasks to queue
[2024-09-28T04:52:46.618+0000] {logging_mixin.py:120} INFO - [2024-09-28T04:52:46.617+0000] {dagbag.py:537} INFO - Filling up the DagBag from /home/airflow/.local/lib/python3.7/site-packages/airflow/example_dags/example_latest_only_with_trigger.py
[2024-09-28T04:52:46.784+0000] {processor.py:766} INFO - DAG(s) dict_keys(['latest_only_with_trigger']) retrieved from /home/airflow/.local/lib/python3.7/site-packages/airflow/example_dags/example_latest_only_with_trigger.py
[2024-09-28T04:52:47.226+0000] {logging_mixin.py:120} INFO - [2024-09-28T04:52:47.224+0000] {dag.py:2585} INFO - Sync 1 DAGs
[2024-09-28T04:52:47.492+0000] {logging_mixin.py:120} INFO - [2024-09-28T04:52:47.491+0000] {dag.py:3340} INFO - Setting next_dagrun for latest_only_with_trigger to 2024-09-28T00:52:47.489679+00:00, run_after=2024-09-28T04:52:47.489679+00:00
[2024-09-28T04:52:47.706+0000] {processor.py:176} INFO - Processing /home/airflow/.local/lib/python3.7/site-packages/airflow/example_dags/example_latest_only_with_trigger.py took 1.144 seconds
[2024-09-28T04:53:20.775+0000] {processor.py:154} INFO - Started process (PID=21632) to work on /home/airflow/.local/lib/python3.7/site-packages/airflow/example_dags/example_latest_only_with_trigger.py
[2024-09-28T04:53:20.783+0000] {processor.py:756} INFO - Processing file /home/airflow/.local/lib/python3.7/site-packages/airflow/example_dags/example_latest_only_with_trigger.py for tasks to queue
[2024-09-28T04:53:20.788+0000] {logging_mixin.py:120} INFO - [2024-09-28T04:53:20.787+0000] {dagbag.py:537} INFO - Filling up the DagBag from /home/airflow/.local/lib/python3.7/site-packages/airflow/example_dags/example_latest_only_with_trigger.py
[2024-09-28T04:53:20.888+0000] {processor.py:766} INFO - DAG(s) dict_keys(['latest_only_with_trigger']) retrieved from /home/airflow/.local/lib/python3.7/site-packages/airflow/example_dags/example_latest_only_with_trigger.py
[2024-09-28T04:53:21.129+0000] {logging_mixin.py:120} INFO - [2024-09-28T04:53:21.128+0000] {dag.py:2585} INFO - Sync 1 DAGs
[2024-09-28T04:53:21.347+0000] {logging_mixin.py:120} INFO - [2024-09-28T04:53:21.346+0000] {dag.py:3340} INFO - Setting next_dagrun for latest_only_with_trigger to 2024-09-28T00:53:21.345198+00:00, run_after=2024-09-28T04:53:21.345198+00:00
[2024-09-28T04:53:21.493+0000] {processor.py:176} INFO - Processing /home/airflow/.local/lib/python3.7/site-packages/airflow/example_dags/example_latest_only_with_trigger.py took 0.739 seconds
[2024-09-28T04:53:53.327+0000] {processor.py:154} INFO - Started process (PID=21695) to work on /home/airflow/.local/lib/python3.7/site-packages/airflow/example_dags/example_latest_only_with_trigger.py
[2024-09-28T04:53:53.337+0000] {processor.py:756} INFO - Processing file /home/airflow/.local/lib/python3.7/site-packages/airflow/example_dags/example_latest_only_with_trigger.py for tasks to queue
[2024-09-28T04:53:53.342+0000] {logging_mixin.py:120} INFO - [2024-09-28T04:53:53.341+0000] {dagbag.py:537} INFO - Filling up the DagBag from /home/airflow/.local/lib/python3.7/site-packages/airflow/example_dags/example_latest_only_with_trigger.py
[2024-09-28T04:53:53.464+0000] {processor.py:766} INFO - DAG(s) dict_keys(['latest_only_with_trigger']) retrieved from /home/airflow/.local/lib/python3.7/site-packages/airflow/example_dags/example_latest_only_with_trigger.py
[2024-09-28T04:53:53.775+0000] {logging_mixin.py:120} INFO - [2024-09-28T04:53:53.774+0000] {dag.py:2585} INFO - Sync 1 DAGs
[2024-09-28T04:53:54.019+0000] {logging_mixin.py:120} INFO - [2024-09-28T04:53:54.018+0000] {dag.py:3340} INFO - Setting next_dagrun for latest_only_with_trigger to 2024-09-28T00:53:54.015879+00:00, run_after=2024-09-28T04:53:54.015879+00:00
[2024-09-28T04:53:54.193+0000] {processor.py:176} INFO - Processing /home/airflow/.local/lib/python3.7/site-packages/airflow/example_dags/example_latest_only_with_trigger.py took 0.898 seconds
[2024-09-28T04:54:24.669+0000] {processor.py:154} INFO - Started process (PID=21749) to work on /home/airflow/.local/lib/python3.7/site-packages/airflow/example_dags/example_latest_only_with_trigger.py
[2024-09-28T04:54:24.678+0000] {processor.py:756} INFO - Processing file /home/airflow/.local/lib/python3.7/site-packages/airflow/example_dags/example_latest_only_with_trigger.py for tasks to queue
[2024-09-28T04:54:24.684+0000] {logging_mixin.py:120} INFO - [2024-09-28T04:54:24.684+0000] {dagbag.py:537} INFO - Filling up the DagBag from /home/airflow/.local/lib/python3.7/site-packages/airflow/example_dags/example_latest_only_with_trigger.py
[2024-09-28T04:54:24.815+0000] {processor.py:766} INFO - DAG(s) dict_keys(['latest_only_with_trigger']) retrieved from /home/airflow/.local/lib/python3.7/site-packages/airflow/example_dags/example_latest_only_with_trigger.py
[2024-09-28T04:54:25.081+0000] {logging_mixin.py:120} INFO - [2024-09-28T04:54:25.080+0000] {dag.py:2585} INFO - Sync 1 DAGs
[2024-09-28T04:54:25.241+0000] {logging_mixin.py:120} INFO - [2024-09-28T04:54:25.240+0000] {dag.py:3340} INFO - Setting next_dagrun for latest_only_with_trigger to 2024-09-28T00:54:25.238945+00:00, run_after=2024-09-28T04:54:25.238945+00:00
[2024-09-28T04:54:25.340+0000] {processor.py:176} INFO - Processing /home/airflow/.local/lib/python3.7/site-packages/airflow/example_dags/example_latest_only_with_trigger.py took 0.692 seconds
[2024-09-28T04:54:57.151+0000] {processor.py:154} INFO - Started process (PID=21812) to work on /home/airflow/.local/lib/python3.7/site-packages/airflow/example_dags/example_latest_only_with_trigger.py
[2024-09-28T04:54:57.158+0000] {processor.py:756} INFO - Processing file /home/airflow/.local/lib/python3.7/site-packages/airflow/example_dags/example_latest_only_with_trigger.py for tasks to queue
[2024-09-28T04:54:57.164+0000] {logging_mixin.py:120} INFO - [2024-09-28T04:54:57.163+0000] {dagbag.py:537} INFO - Filling up the DagBag from /home/airflow/.local/lib/python3.7/site-packages/airflow/example_dags/example_latest_only_with_trigger.py
[2024-09-28T04:54:57.250+0000] {processor.py:766} INFO - DAG(s) dict_keys(['latest_only_with_trigger']) retrieved from /home/airflow/.local/lib/python3.7/site-packages/airflow/example_dags/example_latest_only_with_trigger.py
[2024-09-28T04:54:57.447+0000] {logging_mixin.py:120} INFO - [2024-09-28T04:54:57.446+0000] {dag.py:2585} INFO - Sync 1 DAGs
[2024-09-28T04:54:57.570+0000] {logging_mixin.py:120} INFO - [2024-09-28T04:54:57.569+0000] {dag.py:3340} INFO - Setting next_dagrun for latest_only_with_trigger to 2024-09-28T00:54:57.568429+00:00, run_after=2024-09-28T04:54:57.568429+00:00
[2024-09-28T04:54:57.657+0000] {processor.py:176} INFO - Processing /home/airflow/.local/lib/python3.7/site-packages/airflow/example_dags/example_latest_only_with_trigger.py took 0.524 seconds
[2024-09-28T04:55:29.194+0000] {processor.py:154} INFO - Started process (PID=21875) to work on /home/airflow/.local/lib/python3.7/site-packages/airflow/example_dags/example_latest_only_with_trigger.py
[2024-09-28T04:55:29.201+0000] {processor.py:756} INFO - Processing file /home/airflow/.local/lib/python3.7/site-packages/airflow/example_dags/example_latest_only_with_trigger.py for tasks to queue
[2024-09-28T04:55:29.210+0000] {logging_mixin.py:120} INFO - [2024-09-28T04:55:29.209+0000] {dagbag.py:537} INFO - Filling up the DagBag from /home/airflow/.local/lib/python3.7/site-packages/airflow/example_dags/example_latest_only_with_trigger.py
[2024-09-28T04:55:29.334+0000] {processor.py:766} INFO - DAG(s) dict_keys(['latest_only_with_trigger']) retrieved from /home/airflow/.local/lib/python3.7/site-packages/airflow/example_dags/example_latest_only_with_trigger.py
[2024-09-28T04:55:29.648+0000] {logging_mixin.py:120} INFO - [2024-09-28T04:55:29.647+0000] {dag.py:2585} INFO - Sync 1 DAGs
[2024-09-28T04:55:29.866+0000] {logging_mixin.py:120} INFO - [2024-09-28T04:55:29.865+0000] {dag.py:3340} INFO - Setting next_dagrun for latest_only_with_trigger to 2024-09-28T00:55:29.863934+00:00, run_after=2024-09-28T04:55:29.863934+00:00
[2024-09-28T04:55:30.006+0000] {processor.py:176} INFO - Processing /home/airflow/.local/lib/python3.7/site-packages/airflow/example_dags/example_latest_only_with_trigger.py took 0.838 seconds
[2024-09-28T05:12:21.337+0000] {processor.py:154} INFO - Started process (PID=21959) to work on /home/airflow/.local/lib/python3.7/site-packages/airflow/example_dags/example_latest_only_with_trigger.py
[2024-09-28T05:12:21.340+0000] {processor.py:756} INFO - Processing file /home/airflow/.local/lib/python3.7/site-packages/airflow/example_dags/example_latest_only_with_trigger.py for tasks to queue
[2024-09-28T05:12:21.341+0000] {logging_mixin.py:120} INFO - [2024-09-28T05:12:21.341+0000] {dagbag.py:537} INFO - Filling up the DagBag from /home/airflow/.local/lib/python3.7/site-packages/airflow/example_dags/example_latest_only_with_trigger.py
[2024-09-28T05:12:21.373+0000] {processor.py:766} INFO - DAG(s) dict_keys(['latest_only_with_trigger']) retrieved from /home/airflow/.local/lib/python3.7/site-packages/airflow/example_dags/example_latest_only_with_trigger.py
[2024-09-28T05:12:21.454+0000] {logging_mixin.py:120} INFO - [2024-09-28T05:12:21.454+0000] {dag.py:2585} INFO - Sync 1 DAGs
[2024-09-28T05:12:21.511+0000] {logging_mixin.py:120} INFO - [2024-09-28T05:12:21.510+0000] {dag.py:3340} INFO - Setting next_dagrun for latest_only_with_trigger to 2024-09-28T01:12:21.510406+00:00, run_after=2024-09-28T05:12:21.510406+00:00
[2024-09-28T05:12:21.551+0000] {processor.py:176} INFO - Processing /home/airflow/.local/lib/python3.7/site-packages/airflow/example_dags/example_latest_only_with_trigger.py took 0.220 seconds
[2024-09-28T05:13:07.103+0000] {processor.py:154} INFO - Started process (PID=22022) to work on /home/airflow/.local/lib/python3.7/site-packages/airflow/example_dags/example_latest_only_with_trigger.py
[2024-09-28T05:13:07.115+0000] {processor.py:756} INFO - Processing file /home/airflow/.local/lib/python3.7/site-packages/airflow/example_dags/example_latest_only_with_trigger.py for tasks to queue
[2024-09-28T05:13:07.121+0000] {logging_mixin.py:120} INFO - [2024-09-28T05:13:07.120+0000] {dagbag.py:537} INFO - Filling up the DagBag from /home/airflow/.local/lib/python3.7/site-packages/airflow/example_dags/example_latest_only_with_trigger.py
[2024-09-28T05:13:07.273+0000] {processor.py:766} INFO - DAG(s) dict_keys(['latest_only_with_trigger']) retrieved from /home/airflow/.local/lib/python3.7/site-packages/airflow/example_dags/example_latest_only_with_trigger.py
[2024-09-28T05:13:07.565+0000] {logging_mixin.py:120} INFO - [2024-09-28T05:13:07.564+0000] {dag.py:2585} INFO - Sync 1 DAGs
[2024-09-28T05:13:07.760+0000] {logging_mixin.py:120} INFO - [2024-09-28T05:13:07.759+0000] {dag.py:3340} INFO - Setting next_dagrun for latest_only_with_trigger to 2024-09-28T01:13:07.758125+00:00, run_after=2024-09-28T05:13:07.758125+00:00
[2024-09-28T05:13:07.872+0000] {processor.py:176} INFO - Processing /home/airflow/.local/lib/python3.7/site-packages/airflow/example_dags/example_latest_only_with_trigger.py took 0.799 seconds
[2024-09-28T05:13:39.054+0000] {processor.py:154} INFO - Started process (PID=22085) to work on /home/airflow/.local/lib/python3.7/site-packages/airflow/example_dags/example_latest_only_with_trigger.py
[2024-09-28T05:13:39.061+0000] {processor.py:756} INFO - Processing file /home/airflow/.local/lib/python3.7/site-packages/airflow/example_dags/example_latest_only_with_trigger.py for tasks to queue
[2024-09-28T05:13:39.067+0000] {logging_mixin.py:120} INFO - [2024-09-28T05:13:39.066+0000] {dagbag.py:537} INFO - Filling up the DagBag from /home/airflow/.local/lib/python3.7/site-packages/airflow/example_dags/example_latest_only_with_trigger.py
[2024-09-28T05:13:39.170+0000] {processor.py:766} INFO - DAG(s) dict_keys(['latest_only_with_trigger']) retrieved from /home/airflow/.local/lib/python3.7/site-packages/airflow/example_dags/example_latest_only_with_trigger.py
[2024-09-28T05:13:39.470+0000] {logging_mixin.py:120} INFO - [2024-09-28T05:13:39.469+0000] {dag.py:2585} INFO - Sync 1 DAGs
[2024-09-28T05:13:39.672+0000] {logging_mixin.py:120} INFO - [2024-09-28T05:13:39.670+0000] {dag.py:3340} INFO - Setting next_dagrun for latest_only_with_trigger to 2024-09-28T01:13:39.668994+00:00, run_after=2024-09-28T05:13:39.668994+00:00
[2024-09-28T05:13:39.854+0000] {processor.py:176} INFO - Processing /home/airflow/.local/lib/python3.7/site-packages/airflow/example_dags/example_latest_only_with_trigger.py took 0.825 seconds
[2024-09-28T05:14:13.039+0000] {processor.py:154} INFO - Started process (PID=22148) to work on /home/airflow/.local/lib/python3.7/site-packages/airflow/example_dags/example_latest_only_with_trigger.py
[2024-09-28T05:14:13.049+0000] {processor.py:756} INFO - Processing file /home/airflow/.local/lib/python3.7/site-packages/airflow/example_dags/example_latest_only_with_trigger.py for tasks to queue
[2024-09-28T05:14:13.054+0000] {logging_mixin.py:120} INFO - [2024-09-28T05:14:13.053+0000] {dagbag.py:537} INFO - Filling up the DagBag from /home/airflow/.local/lib/python3.7/site-packages/airflow/example_dags/example_latest_only_with_trigger.py
[2024-09-28T05:14:13.148+0000] {processor.py:766} INFO - DAG(s) dict_keys(['latest_only_with_trigger']) retrieved from /home/airflow/.local/lib/python3.7/site-packages/airflow/example_dags/example_latest_only_with_trigger.py
[2024-09-28T05:14:13.376+0000] {logging_mixin.py:120} INFO - [2024-09-28T05:14:13.375+0000] {dag.py:2585} INFO - Sync 1 DAGs
[2024-09-28T05:14:13.525+0000] {logging_mixin.py:120} INFO - [2024-09-28T05:14:13.524+0000] {dag.py:3340} INFO - Setting next_dagrun for latest_only_with_trigger to 2024-09-28T01:14:13.523047+00:00, run_after=2024-09-28T05:14:13.523047+00:00
[2024-09-28T05:14:13.631+0000] {processor.py:176} INFO - Processing /home/airflow/.local/lib/python3.7/site-packages/airflow/example_dags/example_latest_only_with_trigger.py took 0.613 seconds
[2024-09-28T05:14:44.362+0000] {processor.py:154} INFO - Started process (PID=22211) to work on /home/airflow/.local/lib/python3.7/site-packages/airflow/example_dags/example_latest_only_with_trigger.py
[2024-09-28T05:14:44.368+0000] {processor.py:756} INFO - Processing file /home/airflow/.local/lib/python3.7/site-packages/airflow/example_dags/example_latest_only_with_trigger.py for tasks to queue
[2024-09-28T05:14:44.372+0000] {logging_mixin.py:120} INFO - [2024-09-28T05:14:44.371+0000] {dagbag.py:537} INFO - Filling up the DagBag from /home/airflow/.local/lib/python3.7/site-packages/airflow/example_dags/example_latest_only_with_trigger.py
[2024-09-28T05:14:44.450+0000] {processor.py:766} INFO - DAG(s) dict_keys(['latest_only_with_trigger']) retrieved from /home/airflow/.local/lib/python3.7/site-packages/airflow/example_dags/example_latest_only_with_trigger.py
[2024-09-28T05:14:44.694+0000] {logging_mixin.py:120} INFO - [2024-09-28T05:14:44.693+0000] {dag.py:2585} INFO - Sync 1 DAGs
[2024-09-28T05:14:44.885+0000] {logging_mixin.py:120} INFO - [2024-09-28T05:14:44.884+0000] {dag.py:3340} INFO - Setting next_dagrun for latest_only_with_trigger to 2024-09-28T01:14:44.883339+00:00, run_after=2024-09-28T05:14:44.883339+00:00
[2024-09-28T05:14:44.993+0000] {processor.py:176} INFO - Processing /home/airflow/.local/lib/python3.7/site-packages/airflow/example_dags/example_latest_only_with_trigger.py took 0.652 seconds
[2024-09-28T05:15:16.884+0000] {processor.py:154} INFO - Started process (PID=22273) to work on /home/airflow/.local/lib/python3.7/site-packages/airflow/example_dags/example_latest_only_with_trigger.py
[2024-09-28T05:15:16.889+0000] {processor.py:756} INFO - Processing file /home/airflow/.local/lib/python3.7/site-packages/airflow/example_dags/example_latest_only_with_trigger.py for tasks to queue
[2024-09-28T05:15:16.893+0000] {logging_mixin.py:120} INFO - [2024-09-28T05:15:16.892+0000] {dagbag.py:537} INFO - Filling up the DagBag from /home/airflow/.local/lib/python3.7/site-packages/airflow/example_dags/example_latest_only_with_trigger.py
[2024-09-28T05:15:17.008+0000] {processor.py:766} INFO - DAG(s) dict_keys(['latest_only_with_trigger']) retrieved from /home/airflow/.local/lib/python3.7/site-packages/airflow/example_dags/example_latest_only_with_trigger.py
[2024-09-28T05:15:17.261+0000] {logging_mixin.py:120} INFO - [2024-09-28T05:15:17.260+0000] {dag.py:2585} INFO - Sync 1 DAGs
[2024-09-28T05:15:17.389+0000] {logging_mixin.py:120} INFO - [2024-09-28T05:15:17.389+0000] {dag.py:3340} INFO - Setting next_dagrun for latest_only_with_trigger to 2024-09-28T01:15:17.388270+00:00, run_after=2024-09-28T05:15:17.388270+00:00
[2024-09-28T05:15:17.483+0000] {processor.py:176} INFO - Processing /home/airflow/.local/lib/python3.7/site-packages/airflow/example_dags/example_latest_only_with_trigger.py took 0.616 seconds
[2024-09-28T05:15:47.789+0000] {processor.py:154} INFO - Started process (PID=22337) to work on /home/airflow/.local/lib/python3.7/site-packages/airflow/example_dags/example_latest_only_with_trigger.py
[2024-09-28T05:15:47.793+0000] {processor.py:756} INFO - Processing file /home/airflow/.local/lib/python3.7/site-packages/airflow/example_dags/example_latest_only_with_trigger.py for tasks to queue
[2024-09-28T05:15:47.796+0000] {logging_mixin.py:120} INFO - [2024-09-28T05:15:47.795+0000] {dagbag.py:537} INFO - Filling up the DagBag from /home/airflow/.local/lib/python3.7/site-packages/airflow/example_dags/example_latest_only_with_trigger.py
[2024-09-28T05:15:47.853+0000] {processor.py:766} INFO - DAG(s) dict_keys(['latest_only_with_trigger']) retrieved from /home/airflow/.local/lib/python3.7/site-packages/airflow/example_dags/example_latest_only_with_trigger.py
[2024-09-28T05:15:47.999+0000] {logging_mixin.py:120} INFO - [2024-09-28T05:15:47.998+0000] {dag.py:2585} INFO - Sync 1 DAGs
[2024-09-28T05:15:48.097+0000] {logging_mixin.py:120} INFO - [2024-09-28T05:15:48.097+0000] {dag.py:3340} INFO - Setting next_dagrun for latest_only_with_trigger to 2024-09-28T01:15:48.096210+00:00, run_after=2024-09-28T05:15:48.096210+00:00
[2024-09-28T05:15:48.173+0000] {processor.py:176} INFO - Processing /home/airflow/.local/lib/python3.7/site-packages/airflow/example_dags/example_latest_only_with_trigger.py took 0.396 seconds
[2024-09-28T05:34:06.789+0000] {processor.py:154} INFO - Started process (PID=22434) to work on /home/airflow/.local/lib/python3.7/site-packages/airflow/example_dags/example_latest_only_with_trigger.py
[2024-09-28T05:34:06.802+0000] {processor.py:756} INFO - Processing file /home/airflow/.local/lib/python3.7/site-packages/airflow/example_dags/example_latest_only_with_trigger.py for tasks to queue
[2024-09-28T05:34:06.812+0000] {logging_mixin.py:120} INFO - [2024-09-28T05:34:06.812+0000] {dagbag.py:537} INFO - Filling up the DagBag from /home/airflow/.local/lib/python3.7/site-packages/airflow/example_dags/example_latest_only_with_trigger.py
[2024-09-28T05:34:06.953+0000] {processor.py:766} INFO - DAG(s) dict_keys(['latest_only_with_trigger']) retrieved from /home/airflow/.local/lib/python3.7/site-packages/airflow/example_dags/example_latest_only_with_trigger.py
[2024-09-28T05:34:07.331+0000] {logging_mixin.py:120} INFO - [2024-09-28T05:34:07.330+0000] {dag.py:2585} INFO - Sync 1 DAGs
[2024-09-28T05:34:07.607+0000] {logging_mixin.py:120} INFO - [2024-09-28T05:34:07.605+0000] {dag.py:3340} INFO - Setting next_dagrun for latest_only_with_trigger to 2024-09-28T01:34:07.603879+00:00, run_after=2024-09-28T05:34:07.603879+00:00
[2024-09-28T05:34:07.796+0000] {processor.py:176} INFO - Processing /home/airflow/.local/lib/python3.7/site-packages/airflow/example_dags/example_latest_only_with_trigger.py took 1.041 seconds
[2024-09-28T05:34:45.360+0000] {processor.py:154} INFO - Started process (PID=22497) to work on /home/airflow/.local/lib/python3.7/site-packages/airflow/example_dags/example_latest_only_with_trigger.py
[2024-09-28T05:34:45.371+0000] {processor.py:756} INFO - Processing file /home/airflow/.local/lib/python3.7/site-packages/airflow/example_dags/example_latest_only_with_trigger.py for tasks to queue
[2024-09-28T05:34:45.377+0000] {logging_mixin.py:120} INFO - [2024-09-28T05:34:45.376+0000] {dagbag.py:537} INFO - Filling up the DagBag from /home/airflow/.local/lib/python3.7/site-packages/airflow/example_dags/example_latest_only_with_trigger.py
[2024-09-28T05:34:45.498+0000] {processor.py:766} INFO - DAG(s) dict_keys(['latest_only_with_trigger']) retrieved from /home/airflow/.local/lib/python3.7/site-packages/airflow/example_dags/example_latest_only_with_trigger.py
[2024-09-28T05:34:45.860+0000] {logging_mixin.py:120} INFO - [2024-09-28T05:34:45.859+0000] {dag.py:2585} INFO - Sync 1 DAGs
[2024-09-28T05:34:46.126+0000] {logging_mixin.py:120} INFO - [2024-09-28T05:34:46.124+0000] {dag.py:3340} INFO - Setting next_dagrun for latest_only_with_trigger to 2024-09-28T01:34:46.119234+00:00, run_after=2024-09-28T05:34:46.119234+00:00
[2024-09-28T05:34:46.247+0000] {processor.py:176} INFO - Processing /home/airflow/.local/lib/python3.7/site-packages/airflow/example_dags/example_latest_only_with_trigger.py took 0.916 seconds
[2024-09-28T05:35:17.136+0000] {processor.py:154} INFO - Started process (PID=22551) to work on /home/airflow/.local/lib/python3.7/site-packages/airflow/example_dags/example_latest_only_with_trigger.py
[2024-09-28T05:35:17.145+0000] {processor.py:756} INFO - Processing file /home/airflow/.local/lib/python3.7/site-packages/airflow/example_dags/example_latest_only_with_trigger.py for tasks to queue
[2024-09-28T05:35:17.151+0000] {logging_mixin.py:120} INFO - [2024-09-28T05:35:17.150+0000] {dagbag.py:537} INFO - Filling up the DagBag from /home/airflow/.local/lib/python3.7/site-packages/airflow/example_dags/example_latest_only_with_trigger.py
[2024-09-28T05:35:17.270+0000] {processor.py:766} INFO - DAG(s) dict_keys(['latest_only_with_trigger']) retrieved from /home/airflow/.local/lib/python3.7/site-packages/airflow/example_dags/example_latest_only_with_trigger.py
[2024-09-28T05:35:17.517+0000] {logging_mixin.py:120} INFO - [2024-09-28T05:35:17.515+0000] {dag.py:2585} INFO - Sync 1 DAGs
[2024-09-28T05:35:17.761+0000] {logging_mixin.py:120} INFO - [2024-09-28T05:35:17.760+0000] {dag.py:3340} INFO - Setting next_dagrun for latest_only_with_trigger to 2024-09-28T01:35:17.759107+00:00, run_after=2024-09-28T05:35:17.759107+00:00
[2024-09-28T05:35:17.874+0000] {processor.py:176} INFO - Processing /home/airflow/.local/lib/python3.7/site-packages/airflow/example_dags/example_latest_only_with_trigger.py took 0.765 seconds
[2024-09-28T05:35:50.436+0000] {processor.py:154} INFO - Started process (PID=22613) to work on /home/airflow/.local/lib/python3.7/site-packages/airflow/example_dags/example_latest_only_with_trigger.py
[2024-09-28T05:35:50.444+0000] {processor.py:756} INFO - Processing file /home/airflow/.local/lib/python3.7/site-packages/airflow/example_dags/example_latest_only_with_trigger.py for tasks to queue
[2024-09-28T05:35:50.462+0000] {logging_mixin.py:120} INFO - [2024-09-28T05:35:50.461+0000] {dagbag.py:537} INFO - Filling up the DagBag from /home/airflow/.local/lib/python3.7/site-packages/airflow/example_dags/example_latest_only_with_trigger.py
[2024-09-28T05:35:50.559+0000] {processor.py:766} INFO - DAG(s) dict_keys(['latest_only_with_trigger']) retrieved from /home/airflow/.local/lib/python3.7/site-packages/airflow/example_dags/example_latest_only_with_trigger.py
[2024-09-28T05:35:50.780+0000] {logging_mixin.py:120} INFO - [2024-09-28T05:35:50.779+0000] {dag.py:2585} INFO - Sync 1 DAGs
[2024-09-28T05:35:50.923+0000] {logging_mixin.py:120} INFO - [2024-09-28T05:35:50.923+0000] {dag.py:3340} INFO - Setting next_dagrun for latest_only_with_trigger to 2024-09-28T01:35:50.921626+00:00, run_after=2024-09-28T05:35:50.921626+00:00
[2024-09-28T05:35:51.028+0000] {processor.py:176} INFO - Processing /home/airflow/.local/lib/python3.7/site-packages/airflow/example_dags/example_latest_only_with_trigger.py took 0.613 seconds
[2024-09-28T05:36:21.920+0000] {processor.py:154} INFO - Started process (PID=22676) to work on /home/airflow/.local/lib/python3.7/site-packages/airflow/example_dags/example_latest_only_with_trigger.py
[2024-09-28T05:36:21.926+0000] {processor.py:756} INFO - Processing file /home/airflow/.local/lib/python3.7/site-packages/airflow/example_dags/example_latest_only_with_trigger.py for tasks to queue
[2024-09-28T05:36:21.929+0000] {logging_mixin.py:120} INFO - [2024-09-28T05:36:21.929+0000] {dagbag.py:537} INFO - Filling up the DagBag from /home/airflow/.local/lib/python3.7/site-packages/airflow/example_dags/example_latest_only_with_trigger.py
[2024-09-28T05:36:22.000+0000] {processor.py:766} INFO - DAG(s) dict_keys(['latest_only_with_trigger']) retrieved from /home/airflow/.local/lib/python3.7/site-packages/airflow/example_dags/example_latest_only_with_trigger.py
[2024-09-28T05:36:22.185+0000] {logging_mixin.py:120} INFO - [2024-09-28T05:36:22.184+0000] {dag.py:2585} INFO - Sync 1 DAGs
[2024-09-28T05:36:22.310+0000] {logging_mixin.py:120} INFO - [2024-09-28T05:36:22.309+0000] {dag.py:3340} INFO - Setting next_dagrun for latest_only_with_trigger to 2024-09-28T01:36:22.308871+00:00, run_after=2024-09-28T05:36:22.308871+00:00
[2024-09-28T05:36:22.407+0000] {processor.py:176} INFO - Processing /home/airflow/.local/lib/python3.7/site-packages/airflow/example_dags/example_latest_only_with_trigger.py took 0.503 seconds
[2024-09-28T05:36:53.792+0000] {processor.py:154} INFO - Started process (PID=22739) to work on /home/airflow/.local/lib/python3.7/site-packages/airflow/example_dags/example_latest_only_with_trigger.py
[2024-09-28T05:36:53.799+0000] {processor.py:756} INFO - Processing file /home/airflow/.local/lib/python3.7/site-packages/airflow/example_dags/example_latest_only_with_trigger.py for tasks to queue
[2024-09-28T05:36:53.804+0000] {logging_mixin.py:120} INFO - [2024-09-28T05:36:53.803+0000] {dagbag.py:537} INFO - Filling up the DagBag from /home/airflow/.local/lib/python3.7/site-packages/airflow/example_dags/example_latest_only_with_trigger.py
[2024-09-28T05:36:53.892+0000] {processor.py:766} INFO - DAG(s) dict_keys(['latest_only_with_trigger']) retrieved from /home/airflow/.local/lib/python3.7/site-packages/airflow/example_dags/example_latest_only_with_trigger.py
[2024-09-28T05:36:54.135+0000] {logging_mixin.py:120} INFO - [2024-09-28T05:36:54.134+0000] {dag.py:2585} INFO - Sync 1 DAGs
[2024-09-28T05:36:54.301+0000] {logging_mixin.py:120} INFO - [2024-09-28T05:36:54.300+0000] {dag.py:3340} INFO - Setting next_dagrun for latest_only_with_trigger to 2024-09-28T01:36:54.299226+00:00, run_after=2024-09-28T05:36:54.299226+00:00
[2024-09-28T05:36:54.406+0000] {processor.py:176} INFO - Processing /home/airflow/.local/lib/python3.7/site-packages/airflow/example_dags/example_latest_only_with_trigger.py took 0.632 seconds
[2024-09-28T05:53:45.050+0000] {processor.py:154} INFO - Started process (PID=22834) to work on /home/airflow/.local/lib/python3.7/site-packages/airflow/example_dags/example_latest_only_with_trigger.py
[2024-09-28T05:53:45.060+0000] {processor.py:756} INFO - Processing file /home/airflow/.local/lib/python3.7/site-packages/airflow/example_dags/example_latest_only_with_trigger.py for tasks to queue
[2024-09-28T05:53:45.066+0000] {logging_mixin.py:120} INFO - [2024-09-28T05:53:45.065+0000] {dagbag.py:537} INFO - Filling up the DagBag from /home/airflow/.local/lib/python3.7/site-packages/airflow/example_dags/example_latest_only_with_trigger.py
[2024-09-28T05:53:45.198+0000] {processor.py:766} INFO - DAG(s) dict_keys(['latest_only_with_trigger']) retrieved from /home/airflow/.local/lib/python3.7/site-packages/airflow/example_dags/example_latest_only_with_trigger.py
[2024-09-28T05:53:45.628+0000] {logging_mixin.py:120} INFO - [2024-09-28T05:53:45.626+0000] {dag.py:2585} INFO - Sync 1 DAGs
[2024-09-28T05:53:45.867+0000] {logging_mixin.py:120} INFO - [2024-09-28T05:53:45.866+0000] {dag.py:3340} INFO - Setting next_dagrun for latest_only_with_trigger to 2024-09-28T01:53:45.865839+00:00, run_after=2024-09-28T05:53:45.865839+00:00
[2024-09-28T05:53:46.051+0000] {processor.py:176} INFO - Processing /home/airflow/.local/lib/python3.7/site-packages/airflow/example_dags/example_latest_only_with_trigger.py took 1.033 seconds
[2024-09-28T05:54:17.361+0000] {processor.py:154} INFO - Started process (PID=22896) to work on /home/airflow/.local/lib/python3.7/site-packages/airflow/example_dags/example_latest_only_with_trigger.py
[2024-09-28T05:54:17.379+0000] {processor.py:756} INFO - Processing file /home/airflow/.local/lib/python3.7/site-packages/airflow/example_dags/example_latest_only_with_trigger.py for tasks to queue
[2024-09-28T05:54:17.386+0000] {logging_mixin.py:120} INFO - [2024-09-28T05:54:17.384+0000] {dagbag.py:537} INFO - Filling up the DagBag from /home/airflow/.local/lib/python3.7/site-packages/airflow/example_dags/example_latest_only_with_trigger.py
[2024-09-28T05:54:17.500+0000] {processor.py:766} INFO - DAG(s) dict_keys(['latest_only_with_trigger']) retrieved from /home/airflow/.local/lib/python3.7/site-packages/airflow/example_dags/example_latest_only_with_trigger.py
[2024-09-28T05:54:17.851+0000] {logging_mixin.py:120} INFO - [2024-09-28T05:54:17.850+0000] {dag.py:2585} INFO - Sync 1 DAGs
[2024-09-28T05:54:18.075+0000] {logging_mixin.py:120} INFO - [2024-09-28T05:54:18.074+0000] {dag.py:3340} INFO - Setting next_dagrun for latest_only_with_trigger to 2024-09-28T01:54:18.072845+00:00, run_after=2024-09-28T05:54:18.072845+00:00
[2024-09-28T05:54:18.229+0000] {processor.py:176} INFO - Processing /home/airflow/.local/lib/python3.7/site-packages/airflow/example_dags/example_latest_only_with_trigger.py took 0.891 seconds
[2024-09-28T05:54:49.020+0000] {processor.py:154} INFO - Started process (PID=22950) to work on /home/airflow/.local/lib/python3.7/site-packages/airflow/example_dags/example_latest_only_with_trigger.py
[2024-09-28T05:54:49.027+0000] {processor.py:756} INFO - Processing file /home/airflow/.local/lib/python3.7/site-packages/airflow/example_dags/example_latest_only_with_trigger.py for tasks to queue
[2024-09-28T05:54:49.031+0000] {logging_mixin.py:120} INFO - [2024-09-28T05:54:49.030+0000] {dagbag.py:537} INFO - Filling up the DagBag from /home/airflow/.local/lib/python3.7/site-packages/airflow/example_dags/example_latest_only_with_trigger.py
[2024-09-28T05:54:49.124+0000] {processor.py:766} INFO - DAG(s) dict_keys(['latest_only_with_trigger']) retrieved from /home/airflow/.local/lib/python3.7/site-packages/airflow/example_dags/example_latest_only_with_trigger.py
[2024-09-28T05:54:49.372+0000] {logging_mixin.py:120} INFO - [2024-09-28T05:54:49.371+0000] {dag.py:2585} INFO - Sync 1 DAGs
[2024-09-28T05:54:49.551+0000] {logging_mixin.py:120} INFO - [2024-09-28T05:54:49.550+0000] {dag.py:3340} INFO - Setting next_dagrun for latest_only_with_trigger to 2024-09-28T01:54:49.549602+00:00, run_after=2024-09-28T05:54:49.549602+00:00
[2024-09-28T05:54:49.661+0000] {processor.py:176} INFO - Processing /home/airflow/.local/lib/python3.7/site-packages/airflow/example_dags/example_latest_only_with_trigger.py took 0.660 seconds
[2024-09-28T06:10:20.330+0000] {processor.py:154} INFO - Started process (PID=23040) to work on /home/airflow/.local/lib/python3.7/site-packages/airflow/example_dags/example_latest_only_with_trigger.py
[2024-09-28T06:10:20.332+0000] {processor.py:756} INFO - Processing file /home/airflow/.local/lib/python3.7/site-packages/airflow/example_dags/example_latest_only_with_trigger.py for tasks to queue
[2024-09-28T06:10:20.334+0000] {logging_mixin.py:120} INFO - [2024-09-28T06:10:20.333+0000] {dagbag.py:537} INFO - Filling up the DagBag from /home/airflow/.local/lib/python3.7/site-packages/airflow/example_dags/example_latest_only_with_trigger.py
[2024-09-28T06:10:20.359+0000] {processor.py:766} INFO - DAG(s) dict_keys(['latest_only_with_trigger']) retrieved from /home/airflow/.local/lib/python3.7/site-packages/airflow/example_dags/example_latest_only_with_trigger.py
[2024-09-28T06:10:20.437+0000] {logging_mixin.py:120} INFO - [2024-09-28T06:10:20.437+0000] {dag.py:2585} INFO - Sync 1 DAGs
[2024-09-28T06:10:20.488+0000] {logging_mixin.py:120} INFO - [2024-09-28T06:10:20.488+0000] {dag.py:3340} INFO - Setting next_dagrun for latest_only_with_trigger to 2024-09-28T02:10:20.487965+00:00, run_after=2024-09-28T06:10:20.487965+00:00
[2024-09-28T06:10:20.532+0000] {processor.py:176} INFO - Processing /home/airflow/.local/lib/python3.7/site-packages/airflow/example_dags/example_latest_only_with_trigger.py took 0.207 seconds
[2024-09-28T06:11:06.602+0000] {processor.py:154} INFO - Started process (PID=23112) to work on /home/airflow/.local/lib/python3.7/site-packages/airflow/example_dags/example_latest_only_with_trigger.py
[2024-09-28T06:11:06.613+0000] {processor.py:756} INFO - Processing file /home/airflow/.local/lib/python3.7/site-packages/airflow/example_dags/example_latest_only_with_trigger.py for tasks to queue
[2024-09-28T06:11:06.620+0000] {logging_mixin.py:120} INFO - [2024-09-28T06:11:06.618+0000] {dagbag.py:537} INFO - Filling up the DagBag from /home/airflow/.local/lib/python3.7/site-packages/airflow/example_dags/example_latest_only_with_trigger.py
[2024-09-28T06:11:06.750+0000] {processor.py:766} INFO - DAG(s) dict_keys(['latest_only_with_trigger']) retrieved from /home/airflow/.local/lib/python3.7/site-packages/airflow/example_dags/example_latest_only_with_trigger.py
[2024-09-28T06:11:07.209+0000] {logging_mixin.py:120} INFO - [2024-09-28T06:11:07.207+0000] {dag.py:2585} INFO - Sync 1 DAGs
[2024-09-28T06:11:07.475+0000] {logging_mixin.py:120} INFO - [2024-09-28T06:11:07.475+0000] {dag.py:3340} INFO - Setting next_dagrun for latest_only_with_trigger to 2024-09-28T02:11:07.473238+00:00, run_after=2024-09-28T06:11:07.473238+00:00
[2024-09-28T06:11:07.611+0000] {processor.py:176} INFO - Processing /home/airflow/.local/lib/python3.7/site-packages/airflow/example_dags/example_latest_only_with_trigger.py took 1.042 seconds
[2024-09-28T06:11:39.845+0000] {processor.py:154} INFO - Started process (PID=23166) to work on /home/airflow/.local/lib/python3.7/site-packages/airflow/example_dags/example_latest_only_with_trigger.py
[2024-09-28T06:11:39.851+0000] {processor.py:756} INFO - Processing file /home/airflow/.local/lib/python3.7/site-packages/airflow/example_dags/example_latest_only_with_trigger.py for tasks to queue
[2024-09-28T06:11:39.858+0000] {logging_mixin.py:120} INFO - [2024-09-28T06:11:39.857+0000] {dagbag.py:537} INFO - Filling up the DagBag from /home/airflow/.local/lib/python3.7/site-packages/airflow/example_dags/example_latest_only_with_trigger.py
[2024-09-28T06:11:39.959+0000] {processor.py:766} INFO - DAG(s) dict_keys(['latest_only_with_trigger']) retrieved from /home/airflow/.local/lib/python3.7/site-packages/airflow/example_dags/example_latest_only_with_trigger.py
[2024-09-28T06:11:40.260+0000] {logging_mixin.py:120} INFO - [2024-09-28T06:11:40.259+0000] {dag.py:2585} INFO - Sync 1 DAGs
[2024-09-28T06:11:40.445+0000] {logging_mixin.py:120} INFO - [2024-09-28T06:11:40.444+0000] {dag.py:3340} INFO - Setting next_dagrun for latest_only_with_trigger to 2024-09-28T02:11:40.443785+00:00, run_after=2024-09-28T06:11:40.443785+00:00
[2024-09-28T06:11:40.552+0000] {processor.py:176} INFO - Processing /home/airflow/.local/lib/python3.7/site-packages/airflow/example_dags/example_latest_only_with_trigger.py took 0.729 seconds
[2024-09-28T06:12:13.530+0000] {processor.py:154} INFO - Started process (PID=23229) to work on /home/airflow/.local/lib/python3.7/site-packages/airflow/example_dags/example_latest_only_with_trigger.py
[2024-09-28T06:12:13.543+0000] {processor.py:756} INFO - Processing file /home/airflow/.local/lib/python3.7/site-packages/airflow/example_dags/example_latest_only_with_trigger.py for tasks to queue
[2024-09-28T06:12:13.548+0000] {logging_mixin.py:120} INFO - [2024-09-28T06:12:13.547+0000] {dagbag.py:537} INFO - Filling up the DagBag from /home/airflow/.local/lib/python3.7/site-packages/airflow/example_dags/example_latest_only_with_trigger.py
[2024-09-28T06:12:13.644+0000] {processor.py:766} INFO - DAG(s) dict_keys(['latest_only_with_trigger']) retrieved from /home/airflow/.local/lib/python3.7/site-packages/airflow/example_dags/example_latest_only_with_trigger.py
[2024-09-28T06:12:13.925+0000] {logging_mixin.py:120} INFO - [2024-09-28T06:12:13.925+0000] {dag.py:2585} INFO - Sync 1 DAGs
[2024-09-28T06:12:14.121+0000] {logging_mixin.py:120} INFO - [2024-09-28T06:12:14.120+0000] {dag.py:3340} INFO - Setting next_dagrun for latest_only_with_trigger to 2024-09-28T02:12:14.119075+00:00, run_after=2024-09-28T06:12:14.119075+00:00
[2024-09-28T06:12:14.240+0000] {processor.py:176} INFO - Processing /home/airflow/.local/lib/python3.7/site-packages/airflow/example_dags/example_latest_only_with_trigger.py took 0.739 seconds
[2024-09-28T06:12:45.497+0000] {processor.py:154} INFO - Started process (PID=23292) to work on /home/airflow/.local/lib/python3.7/site-packages/airflow/example_dags/example_latest_only_with_trigger.py
[2024-09-28T06:12:45.508+0000] {processor.py:756} INFO - Processing file /home/airflow/.local/lib/python3.7/site-packages/airflow/example_dags/example_latest_only_with_trigger.py for tasks to queue
[2024-09-28T06:12:45.513+0000] {logging_mixin.py:120} INFO - [2024-09-28T06:12:45.512+0000] {dagbag.py:537} INFO - Filling up the DagBag from /home/airflow/.local/lib/python3.7/site-packages/airflow/example_dags/example_latest_only_with_trigger.py
[2024-09-28T06:12:45.622+0000] {processor.py:766} INFO - DAG(s) dict_keys(['latest_only_with_trigger']) retrieved from /home/airflow/.local/lib/python3.7/site-packages/airflow/example_dags/example_latest_only_with_trigger.py
[2024-09-28T06:12:45.900+0000] {logging_mixin.py:120} INFO - [2024-09-28T06:12:45.900+0000] {dag.py:2585} INFO - Sync 1 DAGs
[2024-09-28T06:12:46.069+0000] {logging_mixin.py:120} INFO - [2024-09-28T06:12:46.067+0000] {dag.py:3340} INFO - Setting next_dagrun for latest_only_with_trigger to 2024-09-28T02:12:46.065594+00:00, run_after=2024-09-28T06:12:46.065594+00:00
[2024-09-28T06:12:46.177+0000] {processor.py:176} INFO - Processing /home/airflow/.local/lib/python3.7/site-packages/airflow/example_dags/example_latest_only_with_trigger.py took 0.702 seconds
[2024-09-28T06:13:17.048+0000] {processor.py:154} INFO - Started process (PID=23356) to work on /home/airflow/.local/lib/python3.7/site-packages/airflow/example_dags/example_latest_only_with_trigger.py
[2024-09-28T06:13:17.055+0000] {processor.py:756} INFO - Processing file /home/airflow/.local/lib/python3.7/site-packages/airflow/example_dags/example_latest_only_with_trigger.py for tasks to queue
[2024-09-28T06:13:17.063+0000] {logging_mixin.py:120} INFO - [2024-09-28T06:13:17.062+0000] {dagbag.py:537} INFO - Filling up the DagBag from /home/airflow/.local/lib/python3.7/site-packages/airflow/example_dags/example_latest_only_with_trigger.py
[2024-09-28T06:13:17.143+0000] {processor.py:766} INFO - DAG(s) dict_keys(['latest_only_with_trigger']) retrieved from /home/airflow/.local/lib/python3.7/site-packages/airflow/example_dags/example_latest_only_with_trigger.py
[2024-09-28T06:13:17.378+0000] {logging_mixin.py:120} INFO - [2024-09-28T06:13:17.377+0000] {dag.py:2585} INFO - Sync 1 DAGs
[2024-09-28T06:13:17.610+0000] {logging_mixin.py:120} INFO - [2024-09-28T06:13:17.609+0000] {dag.py:3340} INFO - Setting next_dagrun for latest_only_with_trigger to 2024-09-28T02:13:17.607198+00:00, run_after=2024-09-28T06:13:17.607198+00:00
[2024-09-28T06:13:17.762+0000] {processor.py:176} INFO - Processing /home/airflow/.local/lib/python3.7/site-packages/airflow/example_dags/example_latest_only_with_trigger.py took 0.738 seconds
[2024-09-28T06:13:49.357+0000] {processor.py:154} INFO - Started process (PID=23417) to work on /home/airflow/.local/lib/python3.7/site-packages/airflow/example_dags/example_latest_only_with_trigger.py
[2024-09-28T06:13:49.365+0000] {processor.py:756} INFO - Processing file /home/airflow/.local/lib/python3.7/site-packages/airflow/example_dags/example_latest_only_with_trigger.py for tasks to queue
[2024-09-28T06:13:49.370+0000] {logging_mixin.py:120} INFO - [2024-09-28T06:13:49.369+0000] {dagbag.py:537} INFO - Filling up the DagBag from /home/airflow/.local/lib/python3.7/site-packages/airflow/example_dags/example_latest_only_with_trigger.py
[2024-09-28T06:13:49.445+0000] {processor.py:766} INFO - DAG(s) dict_keys(['latest_only_with_trigger']) retrieved from /home/airflow/.local/lib/python3.7/site-packages/airflow/example_dags/example_latest_only_with_trigger.py
[2024-09-28T06:13:49.673+0000] {logging_mixin.py:120} INFO - [2024-09-28T06:13:49.672+0000] {dag.py:2585} INFO - Sync 1 DAGs
[2024-09-28T06:13:49.809+0000] {logging_mixin.py:120} INFO - [2024-09-28T06:13:49.809+0000] {dag.py:3340} INFO - Setting next_dagrun for latest_only_with_trigger to 2024-09-28T02:13:49.808323+00:00, run_after=2024-09-28T06:13:49.808323+00:00
[2024-09-28T06:13:49.947+0000] {processor.py:176} INFO - Processing /home/airflow/.local/lib/python3.7/site-packages/airflow/example_dags/example_latest_only_with_trigger.py took 0.607 seconds
[2024-09-28T06:16:47.118+0000] {processor.py:154} INFO - Started process (PID=23495) to work on /home/airflow/.local/lib/python3.7/site-packages/airflow/example_dags/example_latest_only_with_trigger.py
[2024-09-28T06:16:47.120+0000] {processor.py:756} INFO - Processing file /home/airflow/.local/lib/python3.7/site-packages/airflow/example_dags/example_latest_only_with_trigger.py for tasks to queue
[2024-09-28T06:16:47.121+0000] {logging_mixin.py:120} INFO - [2024-09-28T06:16:47.121+0000] {dagbag.py:537} INFO - Filling up the DagBag from /home/airflow/.local/lib/python3.7/site-packages/airflow/example_dags/example_latest_only_with_trigger.py
[2024-09-28T06:16:47.142+0000] {processor.py:766} INFO - DAG(s) dict_keys(['latest_only_with_trigger']) retrieved from /home/airflow/.local/lib/python3.7/site-packages/airflow/example_dags/example_latest_only_with_trigger.py
[2024-09-28T06:16:47.204+0000] {logging_mixin.py:120} INFO - [2024-09-28T06:16:47.203+0000] {dag.py:2585} INFO - Sync 1 DAGs
[2024-09-28T06:16:47.243+0000] {logging_mixin.py:120} INFO - [2024-09-28T06:16:47.242+0000] {dag.py:3340} INFO - Setting next_dagrun for latest_only_with_trigger to 2024-09-28T02:16:47.242190+00:00, run_after=2024-09-28T06:16:47.242190+00:00
[2024-09-28T06:16:47.269+0000] {processor.py:176} INFO - Processing /home/airflow/.local/lib/python3.7/site-packages/airflow/example_dags/example_latest_only_with_trigger.py took 0.156 seconds
[2024-09-28T06:17:33.478+0000] {processor.py:154} INFO - Started process (PID=23568) to work on /home/airflow/.local/lib/python3.7/site-packages/airflow/example_dags/example_latest_only_with_trigger.py
[2024-09-28T06:17:33.481+0000] {processor.py:756} INFO - Processing file /home/airflow/.local/lib/python3.7/site-packages/airflow/example_dags/example_latest_only_with_trigger.py for tasks to queue
[2024-09-28T06:17:33.482+0000] {logging_mixin.py:120} INFO - [2024-09-28T06:17:33.482+0000] {dagbag.py:537} INFO - Filling up the DagBag from /home/airflow/.local/lib/python3.7/site-packages/airflow/example_dags/example_latest_only_with_trigger.py
[2024-09-28T06:17:33.522+0000] {processor.py:766} INFO - DAG(s) dict_keys(['latest_only_with_trigger']) retrieved from /home/airflow/.local/lib/python3.7/site-packages/airflow/example_dags/example_latest_only_with_trigger.py
[2024-09-28T06:17:33.629+0000] {logging_mixin.py:120} INFO - [2024-09-28T06:17:33.629+0000] {dag.py:2585} INFO - Sync 1 DAGs
[2024-09-28T06:17:33.706+0000] {logging_mixin.py:120} INFO - [2024-09-28T06:17:33.706+0000] {dag.py:3340} INFO - Setting next_dagrun for latest_only_with_trigger to 2024-09-28T02:17:33.705762+00:00, run_after=2024-09-28T06:17:33.705762+00:00
[2024-09-28T06:17:33.765+0000] {processor.py:176} INFO - Processing /home/airflow/.local/lib/python3.7/site-packages/airflow/example_dags/example_latest_only_with_trigger.py took 0.293 seconds
[2024-09-28T06:33:20.556+0000] {processor.py:154} INFO - Started process (PID=23639) to work on /home/airflow/.local/lib/python3.7/site-packages/airflow/example_dags/example_latest_only_with_trigger.py
[2024-09-28T06:33:20.572+0000] {processor.py:756} INFO - Processing file /home/airflow/.local/lib/python3.7/site-packages/airflow/example_dags/example_latest_only_with_trigger.py for tasks to queue
[2024-09-28T06:33:20.580+0000] {logging_mixin.py:120} INFO - [2024-09-28T06:33:20.579+0000] {dagbag.py:537} INFO - Filling up the DagBag from /home/airflow/.local/lib/python3.7/site-packages/airflow/example_dags/example_latest_only_with_trigger.py
[2024-09-28T06:33:20.737+0000] {processor.py:766} INFO - DAG(s) dict_keys(['latest_only_with_trigger']) retrieved from /home/airflow/.local/lib/python3.7/site-packages/airflow/example_dags/example_latest_only_with_trigger.py
[2024-09-28T06:33:21.126+0000] {logging_mixin.py:120} INFO - [2024-09-28T06:33:21.124+0000] {dag.py:2585} INFO - Sync 1 DAGs
[2024-09-28T06:33:21.407+0000] {logging_mixin.py:120} INFO - [2024-09-28T06:33:21.406+0000] {dag.py:3340} INFO - Setting next_dagrun for latest_only_with_trigger to 2024-09-28T02:33:21.403873+00:00, run_after=2024-09-28T06:33:21.403873+00:00
[2024-09-28T06:33:21.606+0000] {processor.py:176} INFO - Processing /home/airflow/.local/lib/python3.7/site-packages/airflow/example_dags/example_latest_only_with_trigger.py took 1.094 seconds
[2024-09-28T06:33:52.201+0000] {processor.py:154} INFO - Started process (PID=23694) to work on /home/airflow/.local/lib/python3.7/site-packages/airflow/example_dags/example_latest_only_with_trigger.py
[2024-09-28T06:33:52.212+0000] {processor.py:756} INFO - Processing file /home/airflow/.local/lib/python3.7/site-packages/airflow/example_dags/example_latest_only_with_trigger.py for tasks to queue
[2024-09-28T06:33:52.216+0000] {logging_mixin.py:120} INFO - [2024-09-28T06:33:52.216+0000] {dagbag.py:537} INFO - Filling up the DagBag from /home/airflow/.local/lib/python3.7/site-packages/airflow/example_dags/example_latest_only_with_trigger.py
[2024-09-28T06:33:52.309+0000] {processor.py:766} INFO - DAG(s) dict_keys(['latest_only_with_trigger']) retrieved from /home/airflow/.local/lib/python3.7/site-packages/airflow/example_dags/example_latest_only_with_trigger.py
[2024-09-28T06:33:52.550+0000] {logging_mixin.py:120} INFO - [2024-09-28T06:33:52.549+0000] {dag.py:2585} INFO - Sync 1 DAGs
[2024-09-28T06:33:52.704+0000] {logging_mixin.py:120} INFO - [2024-09-28T06:33:52.703+0000] {dag.py:3340} INFO - Setting next_dagrun for latest_only_with_trigger to 2024-09-28T02:33:52.702258+00:00, run_after=2024-09-28T06:33:52.702258+00:00
[2024-09-28T06:33:52.821+0000] {processor.py:176} INFO - Processing /home/airflow/.local/lib/python3.7/site-packages/airflow/example_dags/example_latest_only_with_trigger.py took 0.646 seconds
[2024-09-28T06:34:23.356+0000] {processor.py:154} INFO - Started process (PID=23757) to work on /home/airflow/.local/lib/python3.7/site-packages/airflow/example_dags/example_latest_only_with_trigger.py
[2024-09-28T06:34:23.369+0000] {processor.py:756} INFO - Processing file /home/airflow/.local/lib/python3.7/site-packages/airflow/example_dags/example_latest_only_with_trigger.py for tasks to queue
[2024-09-28T06:34:23.374+0000] {logging_mixin.py:120} INFO - [2024-09-28T06:34:23.373+0000] {dagbag.py:537} INFO - Filling up the DagBag from /home/airflow/.local/lib/python3.7/site-packages/airflow/example_dags/example_latest_only_with_trigger.py
[2024-09-28T06:34:23.463+0000] {processor.py:766} INFO - DAG(s) dict_keys(['latest_only_with_trigger']) retrieved from /home/airflow/.local/lib/python3.7/site-packages/airflow/example_dags/example_latest_only_with_trigger.py
[2024-09-28T06:34:23.711+0000] {logging_mixin.py:120} INFO - [2024-09-28T06:34:23.710+0000] {dag.py:2585} INFO - Sync 1 DAGs
[2024-09-28T06:34:23.873+0000] {logging_mixin.py:120} INFO - [2024-09-28T06:34:23.873+0000] {dag.py:3340} INFO - Setting next_dagrun for latest_only_with_trigger to 2024-09-28T02:34:23.871837+00:00, run_after=2024-09-28T06:34:23.871837+00:00
[2024-09-28T06:34:23.977+0000] {processor.py:176} INFO - Processing /home/airflow/.local/lib/python3.7/site-packages/airflow/example_dags/example_latest_only_with_trigger.py took 0.647 seconds
[2024-09-28T06:34:54.598+0000] {processor.py:154} INFO - Started process (PID=23820) to work on /home/airflow/.local/lib/python3.7/site-packages/airflow/example_dags/example_latest_only_with_trigger.py
[2024-09-28T06:34:54.599+0000] {processor.py:756} INFO - Processing file /home/airflow/.local/lib/python3.7/site-packages/airflow/example_dags/example_latest_only_with_trigger.py for tasks to queue
[2024-09-28T06:34:54.600+0000] {logging_mixin.py:120} INFO - [2024-09-28T06:34:54.600+0000] {dagbag.py:537} INFO - Filling up the DagBag from /home/airflow/.local/lib/python3.7/site-packages/airflow/example_dags/example_latest_only_with_trigger.py
[2024-09-28T06:34:54.620+0000] {processor.py:766} INFO - DAG(s) dict_keys(['latest_only_with_trigger']) retrieved from /home/airflow/.local/lib/python3.7/site-packages/airflow/example_dags/example_latest_only_with_trigger.py
[2024-09-28T06:34:54.676+0000] {logging_mixin.py:120} INFO - [2024-09-28T06:34:54.676+0000] {dag.py:2585} INFO - Sync 1 DAGs
[2024-09-28T06:34:54.717+0000] {logging_mixin.py:120} INFO - [2024-09-28T06:34:54.717+0000] {dag.py:3340} INFO - Setting next_dagrun for latest_only_with_trigger to 2024-09-28T02:34:54.717038+00:00, run_after=2024-09-28T06:34:54.717038+00:00
[2024-09-28T06:34:54.751+0000] {processor.py:176} INFO - Processing /home/airflow/.local/lib/python3.7/site-packages/airflow/example_dags/example_latest_only_with_trigger.py took 0.158 seconds
[2024-09-28T06:39:06.781+0000] {processor.py:154} INFO - Started process (PID=23914) to work on /home/airflow/.local/lib/python3.7/site-packages/airflow/example_dags/example_latest_only_with_trigger.py
[2024-09-28T06:39:06.784+0000] {processor.py:756} INFO - Processing file /home/airflow/.local/lib/python3.7/site-packages/airflow/example_dags/example_latest_only_with_trigger.py for tasks to queue
[2024-09-28T06:39:06.786+0000] {logging_mixin.py:120} INFO - [2024-09-28T06:39:06.786+0000] {dagbag.py:537} INFO - Filling up the DagBag from /home/airflow/.local/lib/python3.7/site-packages/airflow/example_dags/example_latest_only_with_trigger.py
[2024-09-28T06:39:06.819+0000] {processor.py:766} INFO - DAG(s) dict_keys(['latest_only_with_trigger']) retrieved from /home/airflow/.local/lib/python3.7/site-packages/airflow/example_dags/example_latest_only_with_trigger.py
[2024-09-28T06:39:06.914+0000] {logging_mixin.py:120} INFO - [2024-09-28T06:39:06.914+0000] {dag.py:2585} INFO - Sync 1 DAGs
[2024-09-28T06:39:06.991+0000] {logging_mixin.py:120} INFO - [2024-09-28T06:39:06.991+0000] {dag.py:3340} INFO - Setting next_dagrun for latest_only_with_trigger to 2024-09-28T02:39:06.990825+00:00, run_after=2024-09-28T06:39:06.990825+00:00
[2024-09-28T06:39:07.035+0000] {processor.py:176} INFO - Processing /home/airflow/.local/lib/python3.7/site-packages/airflow/example_dags/example_latest_only_with_trigger.py took 0.259 seconds
[2024-09-28T06:54:15.838+0000] {processor.py:154} INFO - Started process (PID=23966) to work on /home/airflow/.local/lib/python3.7/site-packages/airflow/example_dags/example_latest_only_with_trigger.py
[2024-09-28T06:54:15.849+0000] {processor.py:756} INFO - Processing file /home/airflow/.local/lib/python3.7/site-packages/airflow/example_dags/example_latest_only_with_trigger.py for tasks to queue
[2024-09-28T06:54:15.857+0000] {logging_mixin.py:120} INFO - [2024-09-28T06:54:15.855+0000] {dagbag.py:537} INFO - Filling up the DagBag from /home/airflow/.local/lib/python3.7/site-packages/airflow/example_dags/example_latest_only_with_trigger.py
[2024-09-28T06:54:15.989+0000] {processor.py:766} INFO - DAG(s) dict_keys(['latest_only_with_trigger']) retrieved from /home/airflow/.local/lib/python3.7/site-packages/airflow/example_dags/example_latest_only_with_trigger.py
[2024-09-28T06:54:16.388+0000] {logging_mixin.py:120} INFO - [2024-09-28T06:54:16.387+0000] {dag.py:2585} INFO - Sync 1 DAGs
[2024-09-28T06:54:16.748+0000] {logging_mixin.py:120} INFO - [2024-09-28T06:54:16.746+0000] {dag.py:3340} INFO - Setting next_dagrun for latest_only_with_trigger to 2024-09-28T02:54:16.744842+00:00, run_after=2024-09-28T06:54:16.744842+00:00
[2024-09-28T06:54:16.926+0000] {processor.py:176} INFO - Processing /home/airflow/.local/lib/python3.7/site-packages/airflow/example_dags/example_latest_only_with_trigger.py took 1.126 seconds
[2024-09-28T06:54:57.403+0000] {processor.py:154} INFO - Started process (PID=24031) to work on /home/airflow/.local/lib/python3.7/site-packages/airflow/example_dags/example_latest_only_with_trigger.py
[2024-09-28T06:54:57.414+0000] {processor.py:756} INFO - Processing file /home/airflow/.local/lib/python3.7/site-packages/airflow/example_dags/example_latest_only_with_trigger.py for tasks to queue
[2024-09-28T06:54:57.421+0000] {logging_mixin.py:120} INFO - [2024-09-28T06:54:57.419+0000] {dagbag.py:537} INFO - Filling up the DagBag from /home/airflow/.local/lib/python3.7/site-packages/airflow/example_dags/example_latest_only_with_trigger.py
[2024-09-28T06:54:57.533+0000] {processor.py:766} INFO - DAG(s) dict_keys(['latest_only_with_trigger']) retrieved from /home/airflow/.local/lib/python3.7/site-packages/airflow/example_dags/example_latest_only_with_trigger.py
[2024-09-28T06:54:57.911+0000] {logging_mixin.py:120} INFO - [2024-09-28T06:54:57.910+0000] {dag.py:2585} INFO - Sync 1 DAGs
[2024-09-28T06:54:58.159+0000] {logging_mixin.py:120} INFO - [2024-09-28T06:54:58.158+0000] {dag.py:3340} INFO - Setting next_dagrun for latest_only_with_trigger to 2024-09-28T02:54:58.156310+00:00, run_after=2024-09-28T06:54:58.156310+00:00
[2024-09-28T06:54:58.340+0000] {processor.py:176} INFO - Processing /home/airflow/.local/lib/python3.7/site-packages/airflow/example_dags/example_latest_only_with_trigger.py took 0.965 seconds
[2024-09-28T06:55:30.926+0000] {processor.py:154} INFO - Started process (PID=24085) to work on /home/airflow/.local/lib/python3.7/site-packages/airflow/example_dags/example_latest_only_with_trigger.py
[2024-09-28T06:55:30.933+0000] {processor.py:756} INFO - Processing file /home/airflow/.local/lib/python3.7/site-packages/airflow/example_dags/example_latest_only_with_trigger.py for tasks to queue
[2024-09-28T06:55:30.938+0000] {logging_mixin.py:120} INFO - [2024-09-28T06:55:30.937+0000] {dagbag.py:537} INFO - Filling up the DagBag from /home/airflow/.local/lib/python3.7/site-packages/airflow/example_dags/example_latest_only_with_trigger.py
[2024-09-28T06:55:31.074+0000] {processor.py:766} INFO - DAG(s) dict_keys(['latest_only_with_trigger']) retrieved from /home/airflow/.local/lib/python3.7/site-packages/airflow/example_dags/example_latest_only_with_trigger.py
[2024-09-28T06:55:31.431+0000] {logging_mixin.py:120} INFO - [2024-09-28T06:55:31.430+0000] {dag.py:2585} INFO - Sync 1 DAGs
[2024-09-28T06:55:31.716+0000] {logging_mixin.py:120} INFO - [2024-09-28T06:55:31.715+0000] {dag.py:3340} INFO - Setting next_dagrun for latest_only_with_trigger to 2024-09-28T02:55:31.713351+00:00, run_after=2024-09-28T06:55:31.713351+00:00
[2024-09-28T06:55:31.927+0000] {processor.py:176} INFO - Processing /home/airflow/.local/lib/python3.7/site-packages/airflow/example_dags/example_latest_only_with_trigger.py took 1.023 seconds
[2024-09-28T06:56:05.469+0000] {processor.py:154} INFO - Started process (PID=24147) to work on /home/airflow/.local/lib/python3.7/site-packages/airflow/example_dags/example_latest_only_with_trigger.py
[2024-09-28T06:56:05.485+0000] {processor.py:756} INFO - Processing file /home/airflow/.local/lib/python3.7/site-packages/airflow/example_dags/example_latest_only_with_trigger.py for tasks to queue
[2024-09-28T06:56:05.492+0000] {logging_mixin.py:120} INFO - [2024-09-28T06:56:05.491+0000] {dagbag.py:537} INFO - Filling up the DagBag from /home/airflow/.local/lib/python3.7/site-packages/airflow/example_dags/example_latest_only_with_trigger.py
[2024-09-28T06:56:05.608+0000] {processor.py:766} INFO - DAG(s) dict_keys(['latest_only_with_trigger']) retrieved from /home/airflow/.local/lib/python3.7/site-packages/airflow/example_dags/example_latest_only_with_trigger.py
[2024-09-28T06:56:05.882+0000] {logging_mixin.py:120} INFO - [2024-09-28T06:56:05.881+0000] {dag.py:2585} INFO - Sync 1 DAGs
[2024-09-28T06:56:06.098+0000] {logging_mixin.py:120} INFO - [2024-09-28T06:56:06.096+0000] {dag.py:3340} INFO - Setting next_dagrun for latest_only_with_trigger to 2024-09-28T02:56:06.094437+00:00, run_after=2024-09-28T06:56:06.094437+00:00
[2024-09-28T06:56:06.265+0000] {processor.py:176} INFO - Processing /home/airflow/.local/lib/python3.7/site-packages/airflow/example_dags/example_latest_only_with_trigger.py took 0.832 seconds
[2024-09-28T06:56:36.436+0000] {processor.py:154} INFO - Started process (PID=24209) to work on /home/airflow/.local/lib/python3.7/site-packages/airflow/example_dags/example_latest_only_with_trigger.py
[2024-09-28T06:56:36.445+0000] {processor.py:756} INFO - Processing file /home/airflow/.local/lib/python3.7/site-packages/airflow/example_dags/example_latest_only_with_trigger.py for tasks to queue
[2024-09-28T06:56:36.450+0000] {logging_mixin.py:120} INFO - [2024-09-28T06:56:36.449+0000] {dagbag.py:537} INFO - Filling up the DagBag from /home/airflow/.local/lib/python3.7/site-packages/airflow/example_dags/example_latest_only_with_trigger.py
[2024-09-28T06:56:36.559+0000] {processor.py:766} INFO - DAG(s) dict_keys(['latest_only_with_trigger']) retrieved from /home/airflow/.local/lib/python3.7/site-packages/airflow/example_dags/example_latest_only_with_trigger.py
[2024-09-28T06:56:36.804+0000] {logging_mixin.py:120} INFO - [2024-09-28T06:56:36.804+0000] {dag.py:2585} INFO - Sync 1 DAGs
[2024-09-28T06:56:37.000+0000] {logging_mixin.py:120} INFO - [2024-09-28T06:56:36.999+0000] {dag.py:3340} INFO - Setting next_dagrun for latest_only_with_trigger to 2024-09-28T02:56:36.997963+00:00, run_after=2024-09-28T06:56:36.997963+00:00
[2024-09-28T06:56:37.134+0000] {processor.py:176} INFO - Processing /home/airflow/.local/lib/python3.7/site-packages/airflow/example_dags/example_latest_only_with_trigger.py took 0.731 seconds
[2024-09-28T06:57:08.435+0000] {processor.py:154} INFO - Started process (PID=24272) to work on /home/airflow/.local/lib/python3.7/site-packages/airflow/example_dags/example_latest_only_with_trigger.py
[2024-09-28T06:57:08.442+0000] {processor.py:756} INFO - Processing file /home/airflow/.local/lib/python3.7/site-packages/airflow/example_dags/example_latest_only_with_trigger.py for tasks to queue
[2024-09-28T06:57:08.448+0000] {logging_mixin.py:120} INFO - [2024-09-28T06:57:08.446+0000] {dagbag.py:537} INFO - Filling up the DagBag from /home/airflow/.local/lib/python3.7/site-packages/airflow/example_dags/example_latest_only_with_trigger.py
[2024-09-28T06:57:08.560+0000] {processor.py:766} INFO - DAG(s) dict_keys(['latest_only_with_trigger']) retrieved from /home/airflow/.local/lib/python3.7/site-packages/airflow/example_dags/example_latest_only_with_trigger.py
[2024-09-28T06:57:08.845+0000] {logging_mixin.py:120} INFO - [2024-09-28T06:57:08.844+0000] {dag.py:2585} INFO - Sync 1 DAGs
[2024-09-28T06:57:09.007+0000] {logging_mixin.py:120} INFO - [2024-09-28T06:57:09.006+0000] {dag.py:3340} INFO - Setting next_dagrun for latest_only_with_trigger to 2024-09-28T02:57:09.005707+00:00, run_after=2024-09-28T06:57:09.005707+00:00
[2024-09-28T06:57:09.114+0000] {processor.py:176} INFO - Processing /home/airflow/.local/lib/python3.7/site-packages/airflow/example_dags/example_latest_only_with_trigger.py took 0.697 seconds
[2024-09-28T06:57:39.351+0000] {processor.py:154} INFO - Started process (PID=24336) to work on /home/airflow/.local/lib/python3.7/site-packages/airflow/example_dags/example_latest_only_with_trigger.py
[2024-09-28T06:57:39.358+0000] {processor.py:756} INFO - Processing file /home/airflow/.local/lib/python3.7/site-packages/airflow/example_dags/example_latest_only_with_trigger.py for tasks to queue
[2024-09-28T06:57:39.361+0000] {logging_mixin.py:120} INFO - [2024-09-28T06:57:39.360+0000] {dagbag.py:537} INFO - Filling up the DagBag from /home/airflow/.local/lib/python3.7/site-packages/airflow/example_dags/example_latest_only_with_trigger.py
[2024-09-28T06:57:39.417+0000] {processor.py:766} INFO - DAG(s) dict_keys(['latest_only_with_trigger']) retrieved from /home/airflow/.local/lib/python3.7/site-packages/airflow/example_dags/example_latest_only_with_trigger.py
[2024-09-28T06:57:39.555+0000] {logging_mixin.py:120} INFO - [2024-09-28T06:57:39.555+0000] {dag.py:2585} INFO - Sync 1 DAGs
[2024-09-28T06:57:39.648+0000] {logging_mixin.py:120} INFO - [2024-09-28T06:57:39.647+0000] {dag.py:3340} INFO - Setting next_dagrun for latest_only_with_trigger to 2024-09-28T02:57:39.647030+00:00, run_after=2024-09-28T06:57:39.647030+00:00
[2024-09-28T06:57:39.737+0000] {processor.py:176} INFO - Processing /home/airflow/.local/lib/python3.7/site-packages/airflow/example_dags/example_latest_only_with_trigger.py took 0.399 seconds
[2024-09-28T06:58:10.519+0000] {processor.py:154} INFO - Started process (PID=24399) to work on /home/airflow/.local/lib/python3.7/site-packages/airflow/example_dags/example_latest_only_with_trigger.py
[2024-09-28T06:58:10.523+0000] {processor.py:756} INFO - Processing file /home/airflow/.local/lib/python3.7/site-packages/airflow/example_dags/example_latest_only_with_trigger.py for tasks to queue
[2024-09-28T06:58:10.525+0000] {logging_mixin.py:120} INFO - [2024-09-28T06:58:10.524+0000] {dagbag.py:537} INFO - Filling up the DagBag from /home/airflow/.local/lib/python3.7/site-packages/airflow/example_dags/example_latest_only_with_trigger.py
[2024-09-28T06:58:10.571+0000] {processor.py:766} INFO - DAG(s) dict_keys(['latest_only_with_trigger']) retrieved from /home/airflow/.local/lib/python3.7/site-packages/airflow/example_dags/example_latest_only_with_trigger.py
[2024-09-28T06:58:10.687+0000] {logging_mixin.py:120} INFO - [2024-09-28T06:58:10.687+0000] {dag.py:2585} INFO - Sync 1 DAGs
[2024-09-28T06:58:10.760+0000] {logging_mixin.py:120} INFO - [2024-09-28T06:58:10.760+0000] {dag.py:3340} INFO - Setting next_dagrun for latest_only_with_trigger to 2024-09-28T02:58:10.759618+00:00, run_after=2024-09-28T06:58:10.759618+00:00
[2024-09-28T06:58:10.812+0000] {processor.py:176} INFO - Processing /home/airflow/.local/lib/python3.7/site-packages/airflow/example_dags/example_latest_only_with_trigger.py took 0.303 seconds
[2024-09-28T07:15:16.803+0000] {processor.py:154} INFO - Started process (PID=24494) to work on /home/airflow/.local/lib/python3.7/site-packages/airflow/example_dags/example_latest_only_with_trigger.py
[2024-09-28T07:15:16.817+0000] {processor.py:756} INFO - Processing file /home/airflow/.local/lib/python3.7/site-packages/airflow/example_dags/example_latest_only_with_trigger.py for tasks to queue
[2024-09-28T07:15:16.824+0000] {logging_mixin.py:120} INFO - [2024-09-28T07:15:16.823+0000] {dagbag.py:537} INFO - Filling up the DagBag from /home/airflow/.local/lib/python3.7/site-packages/airflow/example_dags/example_latest_only_with_trigger.py
[2024-09-28T07:15:16.942+0000] {processor.py:766} INFO - DAG(s) dict_keys(['latest_only_with_trigger']) retrieved from /home/airflow/.local/lib/python3.7/site-packages/airflow/example_dags/example_latest_only_with_trigger.py
[2024-09-28T07:15:17.237+0000] {logging_mixin.py:120} INFO - [2024-09-28T07:15:17.236+0000] {dag.py:2585} INFO - Sync 1 DAGs
[2024-09-28T07:15:17.435+0000] {logging_mixin.py:120} INFO - [2024-09-28T07:15:17.434+0000] {dag.py:3340} INFO - Setting next_dagrun for latest_only_with_trigger to 2024-09-28T03:15:17.433662+00:00, run_after=2024-09-28T07:15:17.433662+00:00
[2024-09-28T07:15:17.576+0000] {processor.py:176} INFO - Processing /home/airflow/.local/lib/python3.7/site-packages/airflow/example_dags/example_latest_only_with_trigger.py took 0.798 seconds
[2024-09-28T07:15:48.295+0000] {processor.py:154} INFO - Started process (PID=24557) to work on /home/airflow/.local/lib/python3.7/site-packages/airflow/example_dags/example_latest_only_with_trigger.py
[2024-09-28T07:15:48.303+0000] {processor.py:756} INFO - Processing file /home/airflow/.local/lib/python3.7/site-packages/airflow/example_dags/example_latest_only_with_trigger.py for tasks to queue
[2024-09-28T07:15:48.310+0000] {logging_mixin.py:120} INFO - [2024-09-28T07:15:48.309+0000] {dagbag.py:537} INFO - Filling up the DagBag from /home/airflow/.local/lib/python3.7/site-packages/airflow/example_dags/example_latest_only_with_trigger.py
[2024-09-28T07:15:48.444+0000] {processor.py:766} INFO - DAG(s) dict_keys(['latest_only_with_trigger']) retrieved from /home/airflow/.local/lib/python3.7/site-packages/airflow/example_dags/example_latest_only_with_trigger.py
[2024-09-28T07:15:48.809+0000] {logging_mixin.py:120} INFO - [2024-09-28T07:15:48.808+0000] {dag.py:2585} INFO - Sync 1 DAGs
[2024-09-28T07:15:49.090+0000] {logging_mixin.py:120} INFO - [2024-09-28T07:15:49.089+0000] {dag.py:3340} INFO - Setting next_dagrun for latest_only_with_trigger to 2024-09-28T03:15:49.087146+00:00, run_after=2024-09-28T07:15:49.087146+00:00
[2024-09-28T07:15:49.289+0000] {processor.py:176} INFO - Processing /home/airflow/.local/lib/python3.7/site-packages/airflow/example_dags/example_latest_only_with_trigger.py took 1.016 seconds
[2024-09-28T07:16:21.419+0000] {processor.py:154} INFO - Started process (PID=24621) to work on /home/airflow/.local/lib/python3.7/site-packages/airflow/example_dags/example_latest_only_with_trigger.py
[2024-09-28T07:16:21.429+0000] {processor.py:756} INFO - Processing file /home/airflow/.local/lib/python3.7/site-packages/airflow/example_dags/example_latest_only_with_trigger.py for tasks to queue
[2024-09-28T07:16:21.433+0000] {logging_mixin.py:120} INFO - [2024-09-28T07:16:21.432+0000] {dagbag.py:537} INFO - Filling up the DagBag from /home/airflow/.local/lib/python3.7/site-packages/airflow/example_dags/example_latest_only_with_trigger.py
[2024-09-28T07:16:21.543+0000] {processor.py:766} INFO - DAG(s) dict_keys(['latest_only_with_trigger']) retrieved from /home/airflow/.local/lib/python3.7/site-packages/airflow/example_dags/example_latest_only_with_trigger.py
[2024-09-28T07:16:21.905+0000] {logging_mixin.py:120} INFO - [2024-09-28T07:16:21.904+0000] {dag.py:2585} INFO - Sync 1 DAGs
[2024-09-28T07:16:22.150+0000] {logging_mixin.py:120} INFO - [2024-09-28T07:16:22.148+0000] {dag.py:3340} INFO - Setting next_dagrun for latest_only_with_trigger to 2024-09-28T03:16:22.145320+00:00, run_after=2024-09-28T07:16:22.145320+00:00
[2024-09-28T07:16:22.303+0000] {processor.py:176} INFO - Processing /home/airflow/.local/lib/python3.7/site-packages/airflow/example_dags/example_latest_only_with_trigger.py took 0.909 seconds
[2024-09-28T07:16:54.994+0000] {processor.py:154} INFO - Started process (PID=24676) to work on /home/airflow/.local/lib/python3.7/site-packages/airflow/example_dags/example_latest_only_with_trigger.py
[2024-09-28T07:16:55.007+0000] {processor.py:756} INFO - Processing file /home/airflow/.local/lib/python3.7/site-packages/airflow/example_dags/example_latest_only_with_trigger.py for tasks to queue
[2024-09-28T07:16:55.015+0000] {logging_mixin.py:120} INFO - [2024-09-28T07:16:55.014+0000] {dagbag.py:537} INFO - Filling up the DagBag from /home/airflow/.local/lib/python3.7/site-packages/airflow/example_dags/example_latest_only_with_trigger.py
[2024-09-28T07:16:55.136+0000] {processor.py:766} INFO - DAG(s) dict_keys(['latest_only_with_trigger']) retrieved from /home/airflow/.local/lib/python3.7/site-packages/airflow/example_dags/example_latest_only_with_trigger.py
[2024-09-28T07:16:55.488+0000] {logging_mixin.py:120} INFO - [2024-09-28T07:16:55.487+0000] {dag.py:2585} INFO - Sync 1 DAGs
[2024-09-28T07:16:55.719+0000] {logging_mixin.py:120} INFO - [2024-09-28T07:16:55.718+0000] {dag.py:3340} INFO - Setting next_dagrun for latest_only_with_trigger to 2024-09-28T03:16:55.716221+00:00, run_after=2024-09-28T07:16:55.716221+00:00
[2024-09-28T07:16:55.883+0000] {processor.py:176} INFO - Processing /home/airflow/.local/lib/python3.7/site-packages/airflow/example_dags/example_latest_only_with_trigger.py took 0.919 seconds
[2024-09-28T07:17:29.205+0000] {processor.py:154} INFO - Started process (PID=24740) to work on /home/airflow/.local/lib/python3.7/site-packages/airflow/example_dags/example_latest_only_with_trigger.py
[2024-09-28T07:17:29.213+0000] {processor.py:756} INFO - Processing file /home/airflow/.local/lib/python3.7/site-packages/airflow/example_dags/example_latest_only_with_trigger.py for tasks to queue
[2024-09-28T07:17:29.217+0000] {logging_mixin.py:120} INFO - [2024-09-28T07:17:29.216+0000] {dagbag.py:537} INFO - Filling up the DagBag from /home/airflow/.local/lib/python3.7/site-packages/airflow/example_dags/example_latest_only_with_trigger.py
[2024-09-28T07:17:29.303+0000] {processor.py:766} INFO - DAG(s) dict_keys(['latest_only_with_trigger']) retrieved from /home/airflow/.local/lib/python3.7/site-packages/airflow/example_dags/example_latest_only_with_trigger.py
[2024-09-28T07:17:29.510+0000] {logging_mixin.py:120} INFO - [2024-09-28T07:17:29.509+0000] {dag.py:2585} INFO - Sync 1 DAGs
[2024-09-28T07:17:29.661+0000] {logging_mixin.py:120} INFO - [2024-09-28T07:17:29.660+0000] {dag.py:3340} INFO - Setting next_dagrun for latest_only_with_trigger to 2024-09-28T03:17:29.658033+00:00, run_after=2024-09-28T07:17:29.658033+00:00
[2024-09-28T07:17:29.764+0000] {processor.py:176} INFO - Processing /home/airflow/.local/lib/python3.7/site-packages/airflow/example_dags/example_latest_only_with_trigger.py took 0.585 seconds
[2024-09-28T07:18:01.379+0000] {processor.py:154} INFO - Started process (PID=24803) to work on /home/airflow/.local/lib/python3.7/site-packages/airflow/example_dags/example_latest_only_with_trigger.py
[2024-09-28T07:18:01.386+0000] {processor.py:756} INFO - Processing file /home/airflow/.local/lib/python3.7/site-packages/airflow/example_dags/example_latest_only_with_trigger.py for tasks to queue
[2024-09-28T07:18:01.390+0000] {logging_mixin.py:120} INFO - [2024-09-28T07:18:01.389+0000] {dagbag.py:537} INFO - Filling up the DagBag from /home/airflow/.local/lib/python3.7/site-packages/airflow/example_dags/example_latest_only_with_trigger.py
[2024-09-28T07:18:01.461+0000] {processor.py:766} INFO - DAG(s) dict_keys(['latest_only_with_trigger']) retrieved from /home/airflow/.local/lib/python3.7/site-packages/airflow/example_dags/example_latest_only_with_trigger.py
[2024-09-28T07:18:01.654+0000] {logging_mixin.py:120} INFO - [2024-09-28T07:18:01.653+0000] {dag.py:2585} INFO - Sync 1 DAGs
[2024-09-28T07:18:01.777+0000] {logging_mixin.py:120} INFO - [2024-09-28T07:18:01.777+0000] {dag.py:3340} INFO - Setting next_dagrun for latest_only_with_trigger to 2024-09-28T03:18:01.776154+00:00, run_after=2024-09-28T07:18:01.776154+00:00
[2024-09-28T07:18:01.865+0000] {processor.py:176} INFO - Processing /home/airflow/.local/lib/python3.7/site-packages/airflow/example_dags/example_latest_only_with_trigger.py took 0.502 seconds
[2024-09-28T07:18:33.586+0000] {processor.py:154} INFO - Started process (PID=24866) to work on /home/airflow/.local/lib/python3.7/site-packages/airflow/example_dags/example_latest_only_with_trigger.py
[2024-09-28T07:18:33.593+0000] {processor.py:756} INFO - Processing file /home/airflow/.local/lib/python3.7/site-packages/airflow/example_dags/example_latest_only_with_trigger.py for tasks to queue
[2024-09-28T07:18:33.597+0000] {logging_mixin.py:120} INFO - [2024-09-28T07:18:33.596+0000] {dagbag.py:537} INFO - Filling up the DagBag from /home/airflow/.local/lib/python3.7/site-packages/airflow/example_dags/example_latest_only_with_trigger.py
[2024-09-28T07:18:33.679+0000] {processor.py:766} INFO - DAG(s) dict_keys(['latest_only_with_trigger']) retrieved from /home/airflow/.local/lib/python3.7/site-packages/airflow/example_dags/example_latest_only_with_trigger.py
[2024-09-28T07:18:33.956+0000] {logging_mixin.py:120} INFO - [2024-09-28T07:18:33.955+0000] {dag.py:2585} INFO - Sync 1 DAGs
[2024-09-28T07:18:34.154+0000] {logging_mixin.py:120} INFO - [2024-09-28T07:18:34.153+0000] {dag.py:3340} INFO - Setting next_dagrun for latest_only_with_trigger to 2024-09-28T03:18:34.152728+00:00, run_after=2024-09-28T07:18:34.152728+00:00
[2024-09-28T07:18:34.256+0000] {processor.py:176} INFO - Processing /home/airflow/.local/lib/python3.7/site-packages/airflow/example_dags/example_latest_only_with_trigger.py took 0.688 seconds
[2024-09-28T07:19:04.537+0000] {processor.py:154} INFO - Started process (PID=24929) to work on /home/airflow/.local/lib/python3.7/site-packages/airflow/example_dags/example_latest_only_with_trigger.py
[2024-09-28T07:19:04.546+0000] {processor.py:756} INFO - Processing file /home/airflow/.local/lib/python3.7/site-packages/airflow/example_dags/example_latest_only_with_trigger.py for tasks to queue
[2024-09-28T07:19:04.549+0000] {logging_mixin.py:120} INFO - [2024-09-28T07:19:04.549+0000] {dagbag.py:537} INFO - Filling up the DagBag from /home/airflow/.local/lib/python3.7/site-packages/airflow/example_dags/example_latest_only_with_trigger.py
[2024-09-28T07:19:04.604+0000] {processor.py:766} INFO - DAG(s) dict_keys(['latest_only_with_trigger']) retrieved from /home/airflow/.local/lib/python3.7/site-packages/airflow/example_dags/example_latest_only_with_trigger.py
[2024-09-28T07:19:04.757+0000] {logging_mixin.py:120} INFO - [2024-09-28T07:19:04.756+0000] {dag.py:2585} INFO - Sync 1 DAGs
[2024-09-28T07:19:04.864+0000] {logging_mixin.py:120} INFO - [2024-09-28T07:19:04.863+0000] {dag.py:3340} INFO - Setting next_dagrun for latest_only_with_trigger to 2024-09-28T03:19:04.862996+00:00, run_after=2024-09-28T07:19:04.862996+00:00
[2024-09-28T07:19:04.926+0000] {processor.py:176} INFO - Processing /home/airflow/.local/lib/python3.7/site-packages/airflow/example_dags/example_latest_only_with_trigger.py took 0.402 seconds
[2024-09-28T07:19:35.968+0000] {processor.py:154} INFO - Started process (PID=24992) to work on /home/airflow/.local/lib/python3.7/site-packages/airflow/example_dags/example_latest_only_with_trigger.py
[2024-09-28T07:19:35.973+0000] {processor.py:756} INFO - Processing file /home/airflow/.local/lib/python3.7/site-packages/airflow/example_dags/example_latest_only_with_trigger.py for tasks to queue
[2024-09-28T07:19:35.976+0000] {logging_mixin.py:120} INFO - [2024-09-28T07:19:35.975+0000] {dagbag.py:537} INFO - Filling up the DagBag from /home/airflow/.local/lib/python3.7/site-packages/airflow/example_dags/example_latest_only_with_trigger.py
[2024-09-28T07:19:36.020+0000] {processor.py:766} INFO - DAG(s) dict_keys(['latest_only_with_trigger']) retrieved from /home/airflow/.local/lib/python3.7/site-packages/airflow/example_dags/example_latest_only_with_trigger.py
[2024-09-28T07:19:36.138+0000] {logging_mixin.py:120} INFO - [2024-09-28T07:19:36.137+0000] {dag.py:2585} INFO - Sync 1 DAGs
[2024-09-28T07:19:36.218+0000] {logging_mixin.py:120} INFO - [2024-09-28T07:19:36.218+0000] {dag.py:3340} INFO - Setting next_dagrun for latest_only_with_trigger to 2024-09-28T03:19:36.217444+00:00, run_after=2024-09-28T07:19:36.217444+00:00
[2024-09-28T07:19:36.551+0000] {processor.py:176} INFO - Processing /home/airflow/.local/lib/python3.7/site-packages/airflow/example_dags/example_latest_only_with_trigger.py took 0.595 seconds
[2024-09-28T07:35:46.377+0000] {processor.py:154} INFO - Started process (PID=25075) to work on /home/airflow/.local/lib/python3.7/site-packages/airflow/example_dags/example_latest_only_with_trigger.py
[2024-09-28T07:35:46.390+0000] {processor.py:756} INFO - Processing file /home/airflow/.local/lib/python3.7/site-packages/airflow/example_dags/example_latest_only_with_trigger.py for tasks to queue
[2024-09-28T07:35:46.396+0000] {logging_mixin.py:120} INFO - [2024-09-28T07:35:46.395+0000] {dagbag.py:537} INFO - Filling up the DagBag from /home/airflow/.local/lib/python3.7/site-packages/airflow/example_dags/example_latest_only_with_trigger.py
[2024-09-28T07:35:46.546+0000] {processor.py:766} INFO - DAG(s) dict_keys(['latest_only_with_trigger']) retrieved from /home/airflow/.local/lib/python3.7/site-packages/airflow/example_dags/example_latest_only_with_trigger.py
[2024-09-28T07:35:47.009+0000] {logging_mixin.py:120} INFO - [2024-09-28T07:35:47.008+0000] {dag.py:2585} INFO - Sync 1 DAGs
[2024-09-28T07:35:47.386+0000] {logging_mixin.py:120} INFO - [2024-09-28T07:35:47.385+0000] {dag.py:3340} INFO - Setting next_dagrun for latest_only_with_trigger to 2024-09-28T03:35:47.382446+00:00, run_after=2024-09-28T07:35:47.382446+00:00
[2024-09-28T07:35:47.645+0000] {processor.py:176} INFO - Processing /home/airflow/.local/lib/python3.7/site-packages/airflow/example_dags/example_latest_only_with_trigger.py took 1.298 seconds
[2024-09-28T07:36:28.539+0000] {processor.py:154} INFO - Started process (PID=25138) to work on /home/airflow/.local/lib/python3.7/site-packages/airflow/example_dags/example_latest_only_with_trigger.py
[2024-09-28T07:36:28.548+0000] {processor.py:756} INFO - Processing file /home/airflow/.local/lib/python3.7/site-packages/airflow/example_dags/example_latest_only_with_trigger.py for tasks to queue
[2024-09-28T07:36:28.553+0000] {logging_mixin.py:120} INFO - [2024-09-28T07:36:28.552+0000] {dagbag.py:537} INFO - Filling up the DagBag from /home/airflow/.local/lib/python3.7/site-packages/airflow/example_dags/example_latest_only_with_trigger.py
[2024-09-28T07:36:28.684+0000] {processor.py:766} INFO - DAG(s) dict_keys(['latest_only_with_trigger']) retrieved from /home/airflow/.local/lib/python3.7/site-packages/airflow/example_dags/example_latest_only_with_trigger.py
[2024-09-28T07:36:29.119+0000] {logging_mixin.py:120} INFO - [2024-09-28T07:36:29.117+0000] {dag.py:2585} INFO - Sync 1 DAGs
[2024-09-28T07:36:29.372+0000] {logging_mixin.py:120} INFO - [2024-09-28T07:36:29.372+0000] {dag.py:3340} INFO - Setting next_dagrun for latest_only_with_trigger to 2024-09-28T03:36:29.370570+00:00, run_after=2024-09-28T07:36:29.370570+00:00
[2024-09-28T07:36:29.511+0000] {processor.py:176} INFO - Processing /home/airflow/.local/lib/python3.7/site-packages/airflow/example_dags/example_latest_only_with_trigger.py took 0.994 seconds
[2024-09-28T07:37:01.300+0000] {processor.py:154} INFO - Started process (PID=25201) to work on /home/airflow/.local/lib/python3.7/site-packages/airflow/example_dags/example_latest_only_with_trigger.py
[2024-09-28T07:37:01.307+0000] {processor.py:756} INFO - Processing file /home/airflow/.local/lib/python3.7/site-packages/airflow/example_dags/example_latest_only_with_trigger.py for tasks to queue
[2024-09-28T07:37:01.312+0000] {logging_mixin.py:120} INFO - [2024-09-28T07:37:01.311+0000] {dagbag.py:537} INFO - Filling up the DagBag from /home/airflow/.local/lib/python3.7/site-packages/airflow/example_dags/example_latest_only_with_trigger.py
[2024-09-28T07:37:01.409+0000] {processor.py:766} INFO - DAG(s) dict_keys(['latest_only_with_trigger']) retrieved from /home/airflow/.local/lib/python3.7/site-packages/airflow/example_dags/example_latest_only_with_trigger.py
[2024-09-28T07:37:01.809+0000] {logging_mixin.py:120} INFO - [2024-09-28T07:37:01.808+0000] {dag.py:2585} INFO - Sync 1 DAGs
[2024-09-28T07:37:02.092+0000] {logging_mixin.py:120} INFO - [2024-09-28T07:37:02.091+0000] {dag.py:3340} INFO - Setting next_dagrun for latest_only_with_trigger to 2024-09-28T03:37:02.089296+00:00, run_after=2024-09-28T07:37:02.089296+00:00
[2024-09-28T07:37:02.218+0000] {processor.py:176} INFO - Processing /home/airflow/.local/lib/python3.7/site-packages/airflow/example_dags/example_latest_only_with_trigger.py took 0.939 seconds
[2024-09-28T07:37:39.083+0000] {processor.py:154} INFO - Started process (PID=25263) to work on /home/airflow/.local/lib/python3.7/site-packages/airflow/example_dags/example_latest_only_with_trigger.py
[2024-09-28T07:37:39.092+0000] {processor.py:756} INFO - Processing file /home/airflow/.local/lib/python3.7/site-packages/airflow/example_dags/example_latest_only_with_trigger.py for tasks to queue
[2024-09-28T07:37:39.097+0000] {logging_mixin.py:120} INFO - [2024-09-28T07:37:39.096+0000] {dagbag.py:537} INFO - Filling up the DagBag from /home/airflow/.local/lib/python3.7/site-packages/airflow/example_dags/example_latest_only_with_trigger.py
[2024-09-28T07:37:39.198+0000] {processor.py:766} INFO - DAG(s) dict_keys(['latest_only_with_trigger']) retrieved from /home/airflow/.local/lib/python3.7/site-packages/airflow/example_dags/example_latest_only_with_trigger.py
[2024-09-28T07:37:39.482+0000] {logging_mixin.py:120} INFO - [2024-09-28T07:37:39.481+0000] {dag.py:2585} INFO - Sync 1 DAGs
[2024-09-28T07:37:39.653+0000] {logging_mixin.py:120} INFO - [2024-09-28T07:37:39.647+0000] {dag.py:3340} INFO - Setting next_dagrun for latest_only_with_trigger to 2024-09-28T03:37:39.645937+00:00, run_after=2024-09-28T07:37:39.645937+00:00
[2024-09-28T07:37:40.433+0000] {processor.py:176} INFO - Processing /home/airflow/.local/lib/python3.7/site-packages/airflow/example_dags/example_latest_only_with_trigger.py took 1.371 seconds
[2024-09-28T07:38:10.567+0000] {processor.py:154} INFO - Started process (PID=25319) to work on /home/airflow/.local/lib/python3.7/site-packages/airflow/example_dags/example_latest_only_with_trigger.py
[2024-09-28T07:38:10.575+0000] {processor.py:756} INFO - Processing file /home/airflow/.local/lib/python3.7/site-packages/airflow/example_dags/example_latest_only_with_trigger.py for tasks to queue
[2024-09-28T07:38:10.579+0000] {logging_mixin.py:120} INFO - [2024-09-28T07:38:10.578+0000] {dagbag.py:537} INFO - Filling up the DagBag from /home/airflow/.local/lib/python3.7/site-packages/airflow/example_dags/example_latest_only_with_trigger.py
[2024-09-28T07:38:10.651+0000] {processor.py:766} INFO - DAG(s) dict_keys(['latest_only_with_trigger']) retrieved from /home/airflow/.local/lib/python3.7/site-packages/airflow/example_dags/example_latest_only_with_trigger.py
[2024-09-28T07:38:10.837+0000] {logging_mixin.py:120} INFO - [2024-09-28T07:38:10.836+0000] {dag.py:2585} INFO - Sync 1 DAGs
[2024-09-28T07:38:10.956+0000] {logging_mixin.py:120} INFO - [2024-09-28T07:38:10.956+0000] {dag.py:3340} INFO - Setting next_dagrun for latest_only_with_trigger to 2024-09-28T03:38:10.955057+00:00, run_after=2024-09-28T07:38:10.955057+00:00
[2024-09-28T07:38:11.038+0000] {processor.py:176} INFO - Processing /home/airflow/.local/lib/python3.7/site-packages/airflow/example_dags/example_latest_only_with_trigger.py took 0.488 seconds
[2024-09-28T07:38:41.558+0000] {processor.py:154} INFO - Started process (PID=25382) to work on /home/airflow/.local/lib/python3.7/site-packages/airflow/example_dags/example_latest_only_with_trigger.py
[2024-09-28T07:38:41.569+0000] {processor.py:756} INFO - Processing file /home/airflow/.local/lib/python3.7/site-packages/airflow/example_dags/example_latest_only_with_trigger.py for tasks to queue
[2024-09-28T07:38:41.575+0000] {logging_mixin.py:120} INFO - [2024-09-28T07:38:41.574+0000] {dagbag.py:537} INFO - Filling up the DagBag from /home/airflow/.local/lib/python3.7/site-packages/airflow/example_dags/example_latest_only_with_trigger.py
[2024-09-28T07:38:41.686+0000] {processor.py:766} INFO - DAG(s) dict_keys(['latest_only_with_trigger']) retrieved from /home/airflow/.local/lib/python3.7/site-packages/airflow/example_dags/example_latest_only_with_trigger.py
[2024-09-28T07:38:42.009+0000] {logging_mixin.py:120} INFO - [2024-09-28T07:38:42.008+0000] {dag.py:2585} INFO - Sync 1 DAGs
[2024-09-28T07:38:42.155+0000] {logging_mixin.py:120} INFO - [2024-09-28T07:38:42.154+0000] {dag.py:3340} INFO - Setting next_dagrun for latest_only_with_trigger to 2024-09-28T03:38:42.153808+00:00, run_after=2024-09-28T07:38:42.153808+00:00
[2024-09-28T07:38:42.250+0000] {processor.py:176} INFO - Processing /home/airflow/.local/lib/python3.7/site-packages/airflow/example_dags/example_latest_only_with_trigger.py took 0.719 seconds
[2024-09-28T07:39:12.622+0000] {processor.py:154} INFO - Started process (PID=25445) to work on /home/airflow/.local/lib/python3.7/site-packages/airflow/example_dags/example_latest_only_with_trigger.py
[2024-09-28T07:39:12.628+0000] {processor.py:756} INFO - Processing file /home/airflow/.local/lib/python3.7/site-packages/airflow/example_dags/example_latest_only_with_trigger.py for tasks to queue
[2024-09-28T07:39:12.631+0000] {logging_mixin.py:120} INFO - [2024-09-28T07:39:12.630+0000] {dagbag.py:537} INFO - Filling up the DagBag from /home/airflow/.local/lib/python3.7/site-packages/airflow/example_dags/example_latest_only_with_trigger.py
[2024-09-28T07:39:12.695+0000] {processor.py:766} INFO - DAG(s) dict_keys(['latest_only_with_trigger']) retrieved from /home/airflow/.local/lib/python3.7/site-packages/airflow/example_dags/example_latest_only_with_trigger.py
[2024-09-28T07:39:12.889+0000] {logging_mixin.py:120} INFO - [2024-09-28T07:39:12.888+0000] {dag.py:2585} INFO - Sync 1 DAGs
[2024-09-28T07:39:12.996+0000] {logging_mixin.py:120} INFO - [2024-09-28T07:39:12.996+0000] {dag.py:3340} INFO - Setting next_dagrun for latest_only_with_trigger to 2024-09-28T03:39:12.995314+00:00, run_after=2024-09-28T07:39:12.995314+00:00
[2024-09-28T07:39:13.073+0000] {processor.py:176} INFO - Processing /home/airflow/.local/lib/python3.7/site-packages/airflow/example_dags/example_latest_only_with_trigger.py took 0.466 seconds
[2024-09-28T07:39:46.205+0000] {processor.py:154} INFO - Started process (PID=25508) to work on /home/airflow/.local/lib/python3.7/site-packages/airflow/example_dags/example_latest_only_with_trigger.py
[2024-09-28T07:39:46.212+0000] {processor.py:756} INFO - Processing file /home/airflow/.local/lib/python3.7/site-packages/airflow/example_dags/example_latest_only_with_trigger.py for tasks to queue
[2024-09-28T07:39:46.217+0000] {logging_mixin.py:120} INFO - [2024-09-28T07:39:46.216+0000] {dagbag.py:537} INFO - Filling up the DagBag from /home/airflow/.local/lib/python3.7/site-packages/airflow/example_dags/example_latest_only_with_trigger.py
[2024-09-28T07:39:46.303+0000] {processor.py:766} INFO - DAG(s) dict_keys(['latest_only_with_trigger']) retrieved from /home/airflow/.local/lib/python3.7/site-packages/airflow/example_dags/example_latest_only_with_trigger.py
[2024-09-28T07:39:46.508+0000] {logging_mixin.py:120} INFO - [2024-09-28T07:39:46.507+0000] {dag.py:2585} INFO - Sync 1 DAGs
[2024-09-28T07:39:46.639+0000] {logging_mixin.py:120} INFO - [2024-09-28T07:39:46.639+0000] {dag.py:3340} INFO - Setting next_dagrun for latest_only_with_trigger to 2024-09-28T03:39:46.637953+00:00, run_after=2024-09-28T07:39:46.637953+00:00
[2024-09-28T07:39:46.724+0000] {processor.py:176} INFO - Processing /home/airflow/.local/lib/python3.7/site-packages/airflow/example_dags/example_latest_only_with_trigger.py took 0.536 seconds
[2024-09-28T07:40:16.988+0000] {processor.py:154} INFO - Started process (PID=25571) to work on /home/airflow/.local/lib/python3.7/site-packages/airflow/example_dags/example_latest_only_with_trigger.py
[2024-09-28T07:40:16.990+0000] {processor.py:756} INFO - Processing file /home/airflow/.local/lib/python3.7/site-packages/airflow/example_dags/example_latest_only_with_trigger.py for tasks to queue
[2024-09-28T07:40:16.991+0000] {logging_mixin.py:120} INFO - [2024-09-28T07:40:16.991+0000] {dagbag.py:537} INFO - Filling up the DagBag from /home/airflow/.local/lib/python3.7/site-packages/airflow/example_dags/example_latest_only_with_trigger.py
[2024-09-28T07:40:17.014+0000] {processor.py:766} INFO - DAG(s) dict_keys(['latest_only_with_trigger']) retrieved from /home/airflow/.local/lib/python3.7/site-packages/airflow/example_dags/example_latest_only_with_trigger.py
[2024-09-28T07:40:17.070+0000] {logging_mixin.py:120} INFO - [2024-09-28T07:40:17.070+0000] {dag.py:2585} INFO - Sync 1 DAGs
[2024-09-28T07:40:17.103+0000] {logging_mixin.py:120} INFO - [2024-09-28T07:40:17.103+0000] {dag.py:3340} INFO - Setting next_dagrun for latest_only_with_trigger to 2024-09-28T03:40:17.102981+00:00, run_after=2024-09-28T07:40:17.102981+00:00
[2024-09-28T07:40:17.127+0000] {processor.py:176} INFO - Processing /home/airflow/.local/lib/python3.7/site-packages/airflow/example_dags/example_latest_only_with_trigger.py took 0.143 seconds
[2024-09-28T07:55:58.927+0000] {processor.py:154} INFO - Started process (PID=25662) to work on /home/airflow/.local/lib/python3.7/site-packages/airflow/example_dags/example_latest_only_with_trigger.py
[2024-09-28T07:55:58.940+0000] {processor.py:756} INFO - Processing file /home/airflow/.local/lib/python3.7/site-packages/airflow/example_dags/example_latest_only_with_trigger.py for tasks to queue
[2024-09-28T07:55:58.954+0000] {logging_mixin.py:120} INFO - [2024-09-28T07:55:58.949+0000] {dagbag.py:537} INFO - Filling up the DagBag from /home/airflow/.local/lib/python3.7/site-packages/airflow/example_dags/example_latest_only_with_trigger.py
[2024-09-28T07:55:59.090+0000] {processor.py:766} INFO - DAG(s) dict_keys(['latest_only_with_trigger']) retrieved from /home/airflow/.local/lib/python3.7/site-packages/airflow/example_dags/example_latest_only_with_trigger.py
[2024-09-28T07:55:59.500+0000] {logging_mixin.py:120} INFO - [2024-09-28T07:55:59.499+0000] {dag.py:2585} INFO - Sync 1 DAGs
[2024-09-28T07:55:59.775+0000] {logging_mixin.py:120} INFO - [2024-09-28T07:55:59.774+0000] {dag.py:3340} INFO - Setting next_dagrun for latest_only_with_trigger to 2024-09-28T03:55:59.772314+00:00, run_after=2024-09-28T07:55:59.772314+00:00
[2024-09-28T07:55:59.953+0000] {processor.py:176} INFO - Processing /home/airflow/.local/lib/python3.7/site-packages/airflow/example_dags/example_latest_only_with_trigger.py took 1.067 seconds
[2024-09-28T07:56:30.503+0000] {processor.py:154} INFO - Started process (PID=25716) to work on /home/airflow/.local/lib/python3.7/site-packages/airflow/example_dags/example_latest_only_with_trigger.py
[2024-09-28T07:56:30.511+0000] {processor.py:756} INFO - Processing file /home/airflow/.local/lib/python3.7/site-packages/airflow/example_dags/example_latest_only_with_trigger.py for tasks to queue
[2024-09-28T07:56:30.516+0000] {logging_mixin.py:120} INFO - [2024-09-28T07:56:30.515+0000] {dagbag.py:537} INFO - Filling up the DagBag from /home/airflow/.local/lib/python3.7/site-packages/airflow/example_dags/example_latest_only_with_trigger.py
[2024-09-28T07:56:30.635+0000] {processor.py:766} INFO - DAG(s) dict_keys(['latest_only_with_trigger']) retrieved from /home/airflow/.local/lib/python3.7/site-packages/airflow/example_dags/example_latest_only_with_trigger.py
[2024-09-28T07:56:30.876+0000] {logging_mixin.py:120} INFO - [2024-09-28T07:56:30.875+0000] {dag.py:2585} INFO - Sync 1 DAGs
[2024-09-28T07:56:31.044+0000] {logging_mixin.py:120} INFO - [2024-09-28T07:56:31.043+0000] {dag.py:3340} INFO - Setting next_dagrun for latest_only_with_trigger to 2024-09-28T03:56:31.042420+00:00, run_after=2024-09-28T07:56:31.042420+00:00
[2024-09-28T07:56:31.145+0000] {processor.py:176} INFO - Processing /home/airflow/.local/lib/python3.7/site-packages/airflow/example_dags/example_latest_only_with_trigger.py took 0.669 seconds
[2024-09-28T07:57:04.192+0000] {processor.py:154} INFO - Started process (PID=25779) to work on /home/airflow/.local/lib/python3.7/site-packages/airflow/example_dags/example_latest_only_with_trigger.py
[2024-09-28T07:57:04.198+0000] {processor.py:756} INFO - Processing file /home/airflow/.local/lib/python3.7/site-packages/airflow/example_dags/example_latest_only_with_trigger.py for tasks to queue
[2024-09-28T07:57:04.203+0000] {logging_mixin.py:120} INFO - [2024-09-28T07:57:04.202+0000] {dagbag.py:537} INFO - Filling up the DagBag from /home/airflow/.local/lib/python3.7/site-packages/airflow/example_dags/example_latest_only_with_trigger.py
[2024-09-28T07:57:04.287+0000] {processor.py:766} INFO - DAG(s) dict_keys(['latest_only_with_trigger']) retrieved from /home/airflow/.local/lib/python3.7/site-packages/airflow/example_dags/example_latest_only_with_trigger.py
[2024-09-28T07:57:04.531+0000] {logging_mixin.py:120} INFO - [2024-09-28T07:57:04.531+0000] {dag.py:2585} INFO - Sync 1 DAGs
[2024-09-28T07:57:04.682+0000] {logging_mixin.py:120} INFO - [2024-09-28T07:57:04.682+0000] {dag.py:3340} INFO - Setting next_dagrun for latest_only_with_trigger to 2024-09-28T03:57:04.680998+00:00, run_after=2024-09-28T07:57:04.680998+00:00
[2024-09-28T07:57:05.326+0000] {processor.py:176} INFO - Processing /home/airflow/.local/lib/python3.7/site-packages/airflow/example_dags/example_latest_only_with_trigger.py took 1.154 seconds
[2024-09-28T07:57:36.284+0000] {processor.py:154} INFO - Started process (PID=25842) to work on /home/airflow/.local/lib/python3.7/site-packages/airflow/example_dags/example_latest_only_with_trigger.py
[2024-09-28T07:57:36.291+0000] {processor.py:756} INFO - Processing file /home/airflow/.local/lib/python3.7/site-packages/airflow/example_dags/example_latest_only_with_trigger.py for tasks to queue
[2024-09-28T07:57:36.294+0000] {logging_mixin.py:120} INFO - [2024-09-28T07:57:36.294+0000] {dagbag.py:537} INFO - Filling up the DagBag from /home/airflow/.local/lib/python3.7/site-packages/airflow/example_dags/example_latest_only_with_trigger.py
[2024-09-28T07:57:36.383+0000] {processor.py:766} INFO - DAG(s) dict_keys(['latest_only_with_trigger']) retrieved from /home/airflow/.local/lib/python3.7/site-packages/airflow/example_dags/example_latest_only_with_trigger.py
[2024-09-28T07:57:36.675+0000] {logging_mixin.py:120} INFO - [2024-09-28T07:57:36.674+0000] {dag.py:2585} INFO - Sync 1 DAGs
[2024-09-28T07:57:36.868+0000] {logging_mixin.py:120} INFO - [2024-09-28T07:57:36.867+0000] {dag.py:3340} INFO - Setting next_dagrun for latest_only_with_trigger to 2024-09-28T03:57:36.865579+00:00, run_after=2024-09-28T07:57:36.865579+00:00
[2024-09-28T07:57:37.006+0000] {processor.py:176} INFO - Processing /home/airflow/.local/lib/python3.7/site-packages/airflow/example_dags/example_latest_only_with_trigger.py took 0.738 seconds
[2024-09-28T07:58:07.254+0000] {processor.py:154} INFO - Started process (PID=25905) to work on /home/airflow/.local/lib/python3.7/site-packages/airflow/example_dags/example_latest_only_with_trigger.py
[2024-09-28T07:58:07.260+0000] {processor.py:756} INFO - Processing file /home/airflow/.local/lib/python3.7/site-packages/airflow/example_dags/example_latest_only_with_trigger.py for tasks to queue
[2024-09-28T07:58:07.263+0000] {logging_mixin.py:120} INFO - [2024-09-28T07:58:07.263+0000] {dagbag.py:537} INFO - Filling up the DagBag from /home/airflow/.local/lib/python3.7/site-packages/airflow/example_dags/example_latest_only_with_trigger.py
[2024-09-28T07:58:07.340+0000] {processor.py:766} INFO - DAG(s) dict_keys(['latest_only_with_trigger']) retrieved from /home/airflow/.local/lib/python3.7/site-packages/airflow/example_dags/example_latest_only_with_trigger.py
[2024-09-28T07:58:07.615+0000] {logging_mixin.py:120} INFO - [2024-09-28T07:58:07.614+0000] {dag.py:2585} INFO - Sync 1 DAGs
[2024-09-28T07:58:07.823+0000] {logging_mixin.py:120} INFO - [2024-09-28T07:58:07.822+0000] {dag.py:3340} INFO - Setting next_dagrun for latest_only_with_trigger to 2024-09-28T03:58:07.820999+00:00, run_after=2024-09-28T07:58:07.820999+00:00
[2024-09-28T07:58:07.937+0000] {processor.py:176} INFO - Processing /home/airflow/.local/lib/python3.7/site-packages/airflow/example_dags/example_latest_only_with_trigger.py took 0.699 seconds
[2024-09-28T07:58:38.445+0000] {processor.py:154} INFO - Started process (PID=25968) to work on /home/airflow/.local/lib/python3.7/site-packages/airflow/example_dags/example_latest_only_with_trigger.py
[2024-09-28T07:58:38.454+0000] {processor.py:756} INFO - Processing file /home/airflow/.local/lib/python3.7/site-packages/airflow/example_dags/example_latest_only_with_trigger.py for tasks to queue
[2024-09-28T07:58:38.459+0000] {logging_mixin.py:120} INFO - [2024-09-28T07:58:38.459+0000] {dagbag.py:537} INFO - Filling up the DagBag from /home/airflow/.local/lib/python3.7/site-packages/airflow/example_dags/example_latest_only_with_trigger.py
[2024-09-28T07:58:38.549+0000] {processor.py:766} INFO - DAG(s) dict_keys(['latest_only_with_trigger']) retrieved from /home/airflow/.local/lib/python3.7/site-packages/airflow/example_dags/example_latest_only_with_trigger.py
[2024-09-28T07:58:38.815+0000] {logging_mixin.py:120} INFO - [2024-09-28T07:58:38.815+0000] {dag.py:2585} INFO - Sync 1 DAGs
[2024-09-28T07:58:38.951+0000] {logging_mixin.py:120} INFO - [2024-09-28T07:58:38.950+0000] {dag.py:3340} INFO - Setting next_dagrun for latest_only_with_trigger to 2024-09-28T03:58:38.949160+00:00, run_after=2024-09-28T07:58:38.949160+00:00
[2024-09-28T07:58:39.057+0000] {processor.py:176} INFO - Processing /home/airflow/.local/lib/python3.7/site-packages/airflow/example_dags/example_latest_only_with_trigger.py took 0.635 seconds
[2024-09-28T08:16:20.801+0000] {processor.py:154} INFO - Started process (PID=26060) to work on /home/airflow/.local/lib/python3.7/site-packages/airflow/example_dags/example_latest_only_with_trigger.py
[2024-09-28T08:16:20.814+0000] {processor.py:756} INFO - Processing file /home/airflow/.local/lib/python3.7/site-packages/airflow/example_dags/example_latest_only_with_trigger.py for tasks to queue
[2024-09-28T08:16:20.821+0000] {logging_mixin.py:120} INFO - [2024-09-28T08:16:20.820+0000] {dagbag.py:537} INFO - Filling up the DagBag from /home/airflow/.local/lib/python3.7/site-packages/airflow/example_dags/example_latest_only_with_trigger.py
[2024-09-28T08:16:20.977+0000] {processor.py:766} INFO - DAG(s) dict_keys(['latest_only_with_trigger']) retrieved from /home/airflow/.local/lib/python3.7/site-packages/airflow/example_dags/example_latest_only_with_trigger.py
[2024-09-28T08:16:21.425+0000] {logging_mixin.py:120} INFO - [2024-09-28T08:16:21.424+0000] {dag.py:2585} INFO - Sync 1 DAGs
[2024-09-28T08:16:22.593+0000] {logging_mixin.py:120} INFO - [2024-09-28T08:16:22.592+0000] {dag.py:3340} INFO - Setting next_dagrun for latest_only_with_trigger to 2024-09-28T04:16:22.590528+00:00, run_after=2024-09-28T08:16:22.590528+00:00
[2024-09-28T08:16:22.758+0000] {processor.py:176} INFO - Processing /home/airflow/.local/lib/python3.7/site-packages/airflow/example_dags/example_latest_only_with_trigger.py took 1.985 seconds
[2024-09-28T08:16:53.370+0000] {processor.py:154} INFO - Started process (PID=26124) to work on /home/airflow/.local/lib/python3.7/site-packages/airflow/example_dags/example_latest_only_with_trigger.py
[2024-09-28T08:16:53.378+0000] {processor.py:756} INFO - Processing file /home/airflow/.local/lib/python3.7/site-packages/airflow/example_dags/example_latest_only_with_trigger.py for tasks to queue
[2024-09-28T08:16:53.382+0000] {logging_mixin.py:120} INFO - [2024-09-28T08:16:53.382+0000] {dagbag.py:537} INFO - Filling up the DagBag from /home/airflow/.local/lib/python3.7/site-packages/airflow/example_dags/example_latest_only_with_trigger.py
[2024-09-28T08:16:53.471+0000] {processor.py:766} INFO - DAG(s) dict_keys(['latest_only_with_trigger']) retrieved from /home/airflow/.local/lib/python3.7/site-packages/airflow/example_dags/example_latest_only_with_trigger.py
[2024-09-28T08:16:53.713+0000] {logging_mixin.py:120} INFO - [2024-09-28T08:16:53.712+0000] {dag.py:2585} INFO - Sync 1 DAGs
[2024-09-28T08:16:53.862+0000] {logging_mixin.py:120} INFO - [2024-09-28T08:16:53.862+0000] {dag.py:3340} INFO - Setting next_dagrun for latest_only_with_trigger to 2024-09-28T04:16:53.861029+00:00, run_after=2024-09-28T08:16:53.861029+00:00
[2024-09-28T08:16:53.966+0000] {processor.py:176} INFO - Processing /home/airflow/.local/lib/python3.7/site-packages/airflow/example_dags/example_latest_only_with_trigger.py took 0.614 seconds
[2024-09-28T08:17:24.282+0000] {processor.py:154} INFO - Started process (PID=26187) to work on /home/airflow/.local/lib/python3.7/site-packages/airflow/example_dags/example_latest_only_with_trigger.py
[2024-09-28T08:17:24.298+0000] {processor.py:756} INFO - Processing file /home/airflow/.local/lib/python3.7/site-packages/airflow/example_dags/example_latest_only_with_trigger.py for tasks to queue
[2024-09-28T08:17:24.307+0000] {logging_mixin.py:120} INFO - [2024-09-28T08:17:24.306+0000] {dagbag.py:537} INFO - Filling up the DagBag from /home/airflow/.local/lib/python3.7/site-packages/airflow/example_dags/example_latest_only_with_trigger.py
[2024-09-28T08:17:24.428+0000] {processor.py:766} INFO - DAG(s) dict_keys(['latest_only_with_trigger']) retrieved from /home/airflow/.local/lib/python3.7/site-packages/airflow/example_dags/example_latest_only_with_trigger.py
[2024-09-28T08:17:24.812+0000] {logging_mixin.py:120} INFO - [2024-09-28T08:17:24.811+0000] {dag.py:2585} INFO - Sync 1 DAGs
[2024-09-28T08:17:25.036+0000] {logging_mixin.py:120} INFO - [2024-09-28T08:17:25.035+0000] {dag.py:3340} INFO - Setting next_dagrun for latest_only_with_trigger to 2024-09-28T04:17:25.034346+00:00, run_after=2024-09-28T08:17:25.034346+00:00
[2024-09-28T08:17:25.160+0000] {processor.py:176} INFO - Processing /home/airflow/.local/lib/python3.7/site-packages/airflow/example_dags/example_latest_only_with_trigger.py took 0.910 seconds
[2024-09-28T08:17:55.786+0000] {processor.py:154} INFO - Started process (PID=26248) to work on /home/airflow/.local/lib/python3.7/site-packages/airflow/example_dags/example_latest_only_with_trigger.py
[2024-09-28T08:17:55.798+0000] {processor.py:756} INFO - Processing file /home/airflow/.local/lib/python3.7/site-packages/airflow/example_dags/example_latest_only_with_trigger.py for tasks to queue
[2024-09-28T08:17:55.803+0000] {logging_mixin.py:120} INFO - [2024-09-28T08:17:55.803+0000] {dagbag.py:537} INFO - Filling up the DagBag from /home/airflow/.local/lib/python3.7/site-packages/airflow/example_dags/example_latest_only_with_trigger.py
[2024-09-28T08:17:55.905+0000] {processor.py:766} INFO - DAG(s) dict_keys(['latest_only_with_trigger']) retrieved from /home/airflow/.local/lib/python3.7/site-packages/airflow/example_dags/example_latest_only_with_trigger.py
[2024-09-28T08:17:56.197+0000] {logging_mixin.py:120} INFO - [2024-09-28T08:17:56.196+0000] {dag.py:2585} INFO - Sync 1 DAGs
[2024-09-28T08:17:56.491+0000] {logging_mixin.py:120} INFO - [2024-09-28T08:17:56.490+0000] {dag.py:3340} INFO - Setting next_dagrun for latest_only_with_trigger to 2024-09-28T04:17:56.489203+00:00, run_after=2024-09-28T08:17:56.489203+00:00
[2024-09-28T08:17:56.692+0000] {processor.py:176} INFO - Processing /home/airflow/.local/lib/python3.7/site-packages/airflow/example_dags/example_latest_only_with_trigger.py took 0.929 seconds
[2024-09-28T08:35:21.775+0000] {processor.py:154} INFO - Started process (PID=26325) to work on /home/airflow/.local/lib/python3.7/site-packages/airflow/example_dags/example_latest_only_with_trigger.py
[2024-09-28T08:35:21.785+0000] {processor.py:756} INFO - Processing file /home/airflow/.local/lib/python3.7/site-packages/airflow/example_dags/example_latest_only_with_trigger.py for tasks to queue
[2024-09-28T08:35:21.798+0000] {logging_mixin.py:120} INFO - [2024-09-28T08:35:21.795+0000] {dagbag.py:537} INFO - Filling up the DagBag from /home/airflow/.local/lib/python3.7/site-packages/airflow/example_dags/example_latest_only_with_trigger.py
[2024-09-28T08:35:21.968+0000] {processor.py:766} INFO - DAG(s) dict_keys(['latest_only_with_trigger']) retrieved from /home/airflow/.local/lib/python3.7/site-packages/airflow/example_dags/example_latest_only_with_trigger.py
[2024-09-28T08:35:22.377+0000] {logging_mixin.py:120} INFO - [2024-09-28T08:35:22.375+0000] {dag.py:2585} INFO - Sync 1 DAGs
[2024-09-28T08:35:22.707+0000] {logging_mixin.py:120} INFO - [2024-09-28T08:35:22.705+0000] {dag.py:3340} INFO - Setting next_dagrun for latest_only_with_trigger to 2024-09-28T04:35:22.702665+00:00, run_after=2024-09-28T08:35:22.702665+00:00
[2024-09-28T08:35:22.903+0000] {processor.py:176} INFO - Processing /home/airflow/.local/lib/python3.7/site-packages/airflow/example_dags/example_latest_only_with_trigger.py took 1.159 seconds
[2024-09-28T08:35:53.271+0000] {processor.py:154} INFO - Started process (PID=26388) to work on /home/airflow/.local/lib/python3.7/site-packages/airflow/example_dags/example_latest_only_with_trigger.py
[2024-09-28T08:35:53.281+0000] {processor.py:756} INFO - Processing file /home/airflow/.local/lib/python3.7/site-packages/airflow/example_dags/example_latest_only_with_trigger.py for tasks to queue
[2024-09-28T08:35:53.286+0000] {logging_mixin.py:120} INFO - [2024-09-28T08:35:53.285+0000] {dagbag.py:537} INFO - Filling up the DagBag from /home/airflow/.local/lib/python3.7/site-packages/airflow/example_dags/example_latest_only_with_trigger.py
[2024-09-28T08:35:53.422+0000] {processor.py:766} INFO - DAG(s) dict_keys(['latest_only_with_trigger']) retrieved from /home/airflow/.local/lib/python3.7/site-packages/airflow/example_dags/example_latest_only_with_trigger.py
[2024-09-28T08:35:53.725+0000] {logging_mixin.py:120} INFO - [2024-09-28T08:35:53.725+0000] {dag.py:2585} INFO - Sync 1 DAGs
[2024-09-28T08:35:53.944+0000] {logging_mixin.py:120} INFO - [2024-09-28T08:35:53.943+0000] {dag.py:3340} INFO - Setting next_dagrun for latest_only_with_trigger to 2024-09-28T04:35:53.941722+00:00, run_after=2024-09-28T08:35:53.941722+00:00
[2024-09-28T08:35:54.093+0000] {processor.py:176} INFO - Processing /home/airflow/.local/lib/python3.7/site-packages/airflow/example_dags/example_latest_only_with_trigger.py took 0.846 seconds
[2024-09-28T08:36:25.138+0000] {processor.py:154} INFO - Started process (PID=26442) to work on /home/airflow/.local/lib/python3.7/site-packages/airflow/example_dags/example_latest_only_with_trigger.py
[2024-09-28T08:36:25.146+0000] {processor.py:756} INFO - Processing file /home/airflow/.local/lib/python3.7/site-packages/airflow/example_dags/example_latest_only_with_trigger.py for tasks to queue
[2024-09-28T08:36:25.151+0000] {logging_mixin.py:120} INFO - [2024-09-28T08:36:25.150+0000] {dagbag.py:537} INFO - Filling up the DagBag from /home/airflow/.local/lib/python3.7/site-packages/airflow/example_dags/example_latest_only_with_trigger.py
[2024-09-28T08:36:25.250+0000] {processor.py:766} INFO - DAG(s) dict_keys(['latest_only_with_trigger']) retrieved from /home/airflow/.local/lib/python3.7/site-packages/airflow/example_dags/example_latest_only_with_trigger.py
[2024-09-28T08:36:25.527+0000] {logging_mixin.py:120} INFO - [2024-09-28T08:36:25.526+0000] {dag.py:2585} INFO - Sync 1 DAGs
[2024-09-28T08:36:25.698+0000] {logging_mixin.py:120} INFO - [2024-09-28T08:36:25.697+0000] {dag.py:3340} INFO - Setting next_dagrun for latest_only_with_trigger to 2024-09-28T04:36:25.696569+00:00, run_after=2024-09-28T08:36:25.696569+00:00
[2024-09-28T08:36:25.810+0000] {processor.py:176} INFO - Processing /home/airflow/.local/lib/python3.7/site-packages/airflow/example_dags/example_latest_only_with_trigger.py took 0.691 seconds
[2024-09-28T08:36:57.051+0000] {processor.py:154} INFO - Started process (PID=26505) to work on /home/airflow/.local/lib/python3.7/site-packages/airflow/example_dags/example_latest_only_with_trigger.py
[2024-09-28T08:36:57.059+0000] {processor.py:756} INFO - Processing file /home/airflow/.local/lib/python3.7/site-packages/airflow/example_dags/example_latest_only_with_trigger.py for tasks to queue
[2024-09-28T08:36:57.065+0000] {logging_mixin.py:120} INFO - [2024-09-28T08:36:57.064+0000] {dagbag.py:537} INFO - Filling up the DagBag from /home/airflow/.local/lib/python3.7/site-packages/airflow/example_dags/example_latest_only_with_trigger.py
[2024-09-28T08:36:57.147+0000] {processor.py:766} INFO - DAG(s) dict_keys(['latest_only_with_trigger']) retrieved from /home/airflow/.local/lib/python3.7/site-packages/airflow/example_dags/example_latest_only_with_trigger.py
[2024-09-28T08:36:57.330+0000] {logging_mixin.py:120} INFO - [2024-09-28T08:36:57.330+0000] {dag.py:2585} INFO - Sync 1 DAGs
[2024-09-28T08:36:57.453+0000] {logging_mixin.py:120} INFO - [2024-09-28T08:36:57.453+0000] {dag.py:3340} INFO - Setting next_dagrun for latest_only_with_trigger to 2024-09-28T04:36:57.452328+00:00, run_after=2024-09-28T08:36:57.452328+00:00
[2024-09-28T08:36:57.540+0000] {processor.py:176} INFO - Processing /home/airflow/.local/lib/python3.7/site-packages/airflow/example_dags/example_latest_only_with_trigger.py took 0.509 seconds
[2024-09-28T08:37:29.050+0000] {processor.py:154} INFO - Started process (PID=26568) to work on /home/airflow/.local/lib/python3.7/site-packages/airflow/example_dags/example_latest_only_with_trigger.py
[2024-09-28T08:37:29.055+0000] {processor.py:756} INFO - Processing file /home/airflow/.local/lib/python3.7/site-packages/airflow/example_dags/example_latest_only_with_trigger.py for tasks to queue
[2024-09-28T08:37:29.060+0000] {logging_mixin.py:120} INFO - [2024-09-28T08:37:29.059+0000] {dagbag.py:537} INFO - Filling up the DagBag from /home/airflow/.local/lib/python3.7/site-packages/airflow/example_dags/example_latest_only_with_trigger.py
[2024-09-28T08:37:29.137+0000] {processor.py:766} INFO - DAG(s) dict_keys(['latest_only_with_trigger']) retrieved from /home/airflow/.local/lib/python3.7/site-packages/airflow/example_dags/example_latest_only_with_trigger.py
[2024-09-28T08:37:29.348+0000] {logging_mixin.py:120} INFO - [2024-09-28T08:37:29.347+0000] {dag.py:2585} INFO - Sync 1 DAGs
[2024-09-28T08:37:30.009+0000] {logging_mixin.py:120} INFO - [2024-09-28T08:37:30.008+0000] {dag.py:3340} INFO - Setting next_dagrun for latest_only_with_trigger to 2024-09-28T04:37:30.007875+00:00, run_after=2024-09-28T08:37:30.007875+00:00
[2024-09-28T08:37:30.117+0000] {processor.py:176} INFO - Processing /home/airflow/.local/lib/python3.7/site-packages/airflow/example_dags/example_latest_only_with_trigger.py took 1.089 seconds
[2024-09-28T08:38:00.637+0000] {processor.py:154} INFO - Started process (PID=26631) to work on /home/airflow/.local/lib/python3.7/site-packages/airflow/example_dags/example_latest_only_with_trigger.py
[2024-09-28T08:38:00.645+0000] {processor.py:756} INFO - Processing file /home/airflow/.local/lib/python3.7/site-packages/airflow/example_dags/example_latest_only_with_trigger.py for tasks to queue
[2024-09-28T08:38:00.648+0000] {logging_mixin.py:120} INFO - [2024-09-28T08:38:00.648+0000] {dagbag.py:537} INFO - Filling up the DagBag from /home/airflow/.local/lib/python3.7/site-packages/airflow/example_dags/example_latest_only_with_trigger.py
[2024-09-28T08:38:00.713+0000] {processor.py:766} INFO - DAG(s) dict_keys(['latest_only_with_trigger']) retrieved from /home/airflow/.local/lib/python3.7/site-packages/airflow/example_dags/example_latest_only_with_trigger.py
[2024-09-28T08:38:00.893+0000] {logging_mixin.py:120} INFO - [2024-09-28T08:38:00.892+0000] {dag.py:2585} INFO - Sync 1 DAGs
[2024-09-28T08:38:01.017+0000] {logging_mixin.py:120} INFO - [2024-09-28T08:38:01.013+0000] {dag.py:3340} INFO - Setting next_dagrun for latest_only_with_trigger to 2024-09-28T04:38:01.012012+00:00, run_after=2024-09-28T08:38:01.012012+00:00
[2024-09-28T08:38:01.103+0000] {processor.py:176} INFO - Processing /home/airflow/.local/lib/python3.7/site-packages/airflow/example_dags/example_latest_only_with_trigger.py took 0.480 seconds
[2024-09-28T08:38:31.558+0000] {processor.py:154} INFO - Started process (PID=26695) to work on /home/airflow/.local/lib/python3.7/site-packages/airflow/example_dags/example_latest_only_with_trigger.py
[2024-09-28T08:38:31.565+0000] {processor.py:756} INFO - Processing file /home/airflow/.local/lib/python3.7/site-packages/airflow/example_dags/example_latest_only_with_trigger.py for tasks to queue
[2024-09-28T08:38:31.573+0000] {logging_mixin.py:120} INFO - [2024-09-28T08:38:31.569+0000] {dagbag.py:537} INFO - Filling up the DagBag from /home/airflow/.local/lib/python3.7/site-packages/airflow/example_dags/example_latest_only_with_trigger.py
[2024-09-28T08:38:31.636+0000] {processor.py:766} INFO - DAG(s) dict_keys(['latest_only_with_trigger']) retrieved from /home/airflow/.local/lib/python3.7/site-packages/airflow/example_dags/example_latest_only_with_trigger.py
[2024-09-28T08:38:31.779+0000] {logging_mixin.py:120} INFO - [2024-09-28T08:38:31.779+0000] {dag.py:2585} INFO - Sync 1 DAGs
[2024-09-28T08:38:31.876+0000] {logging_mixin.py:120} INFO - [2024-09-28T08:38:31.876+0000] {dag.py:3340} INFO - Setting next_dagrun for latest_only_with_trigger to 2024-09-28T04:38:31.875476+00:00, run_after=2024-09-28T08:38:31.875476+00:00
[2024-09-28T08:38:31.947+0000] {processor.py:176} INFO - Processing /home/airflow/.local/lib/python3.7/site-packages/airflow/example_dags/example_latest_only_with_trigger.py took 0.404 seconds
[2024-09-28T08:39:02.247+0000] {processor.py:154} INFO - Started process (PID=26758) to work on /home/airflow/.local/lib/python3.7/site-packages/airflow/example_dags/example_latest_only_with_trigger.py
[2024-09-28T08:39:02.251+0000] {processor.py:756} INFO - Processing file /home/airflow/.local/lib/python3.7/site-packages/airflow/example_dags/example_latest_only_with_trigger.py for tasks to queue
[2024-09-28T08:39:02.253+0000] {logging_mixin.py:120} INFO - [2024-09-28T08:39:02.253+0000] {dagbag.py:537} INFO - Filling up the DagBag from /home/airflow/.local/lib/python3.7/site-packages/airflow/example_dags/example_latest_only_with_trigger.py
[2024-09-28T08:39:02.297+0000] {processor.py:766} INFO - DAG(s) dict_keys(['latest_only_with_trigger']) retrieved from /home/airflow/.local/lib/python3.7/site-packages/airflow/example_dags/example_latest_only_with_trigger.py
[2024-09-28T08:39:02.413+0000] {logging_mixin.py:120} INFO - [2024-09-28T08:39:02.412+0000] {dag.py:2585} INFO - Sync 1 DAGs
[2024-09-28T08:39:02.484+0000] {logging_mixin.py:120} INFO - [2024-09-28T08:39:02.484+0000] {dag.py:3340} INFO - Setting next_dagrun for latest_only_with_trigger to 2024-09-28T04:39:02.484002+00:00, run_after=2024-09-28T08:39:02.484002+00:00
[2024-09-28T08:39:02.535+0000] {processor.py:176} INFO - Processing /home/airflow/.local/lib/python3.7/site-packages/airflow/example_dags/example_latest_only_with_trigger.py took 0.297 seconds
[2024-09-28T08:39:32.764+0000] {processor.py:154} INFO - Started process (PID=26820) to work on /home/airflow/.local/lib/python3.7/site-packages/airflow/example_dags/example_latest_only_with_trigger.py
[2024-09-28T08:39:32.766+0000] {processor.py:756} INFO - Processing file /home/airflow/.local/lib/python3.7/site-packages/airflow/example_dags/example_latest_only_with_trigger.py for tasks to queue
[2024-09-28T08:39:32.767+0000] {logging_mixin.py:120} INFO - [2024-09-28T08:39:32.767+0000] {dagbag.py:537} INFO - Filling up the DagBag from /home/airflow/.local/lib/python3.7/site-packages/airflow/example_dags/example_latest_only_with_trigger.py
[2024-09-28T08:39:32.786+0000] {processor.py:766} INFO - DAG(s) dict_keys(['latest_only_with_trigger']) retrieved from /home/airflow/.local/lib/python3.7/site-packages/airflow/example_dags/example_latest_only_with_trigger.py
[2024-09-28T08:39:32.836+0000] {logging_mixin.py:120} INFO - [2024-09-28T08:39:32.836+0000] {dag.py:2585} INFO - Sync 1 DAGs
[2024-09-28T08:39:32.863+0000] {logging_mixin.py:120} INFO - [2024-09-28T08:39:32.863+0000] {dag.py:3340} INFO - Setting next_dagrun for latest_only_with_trigger to 2024-09-28T04:39:32.863194+00:00, run_after=2024-09-28T08:39:32.863194+00:00
[2024-09-28T08:39:33.027+0000] {processor.py:176} INFO - Processing /home/airflow/.local/lib/python3.7/site-packages/airflow/example_dags/example_latest_only_with_trigger.py took 0.266 seconds
[2024-09-28T08:56:51.122+0000] {processor.py:154} INFO - Started process (PID=26901) to work on /home/airflow/.local/lib/python3.7/site-packages/airflow/example_dags/example_latest_only_with_trigger.py
[2024-09-28T08:56:51.131+0000] {processor.py:756} INFO - Processing file /home/airflow/.local/lib/python3.7/site-packages/airflow/example_dags/example_latest_only_with_trigger.py for tasks to queue
[2024-09-28T08:56:51.137+0000] {logging_mixin.py:120} INFO - [2024-09-28T08:56:51.136+0000] {dagbag.py:537} INFO - Filling up the DagBag from /home/airflow/.local/lib/python3.7/site-packages/airflow/example_dags/example_latest_only_with_trigger.py
[2024-09-28T08:56:51.276+0000] {processor.py:766} INFO - DAG(s) dict_keys(['latest_only_with_trigger']) retrieved from /home/airflow/.local/lib/python3.7/site-packages/airflow/example_dags/example_latest_only_with_trigger.py
[2024-09-28T08:56:51.675+0000] {logging_mixin.py:120} INFO - [2024-09-28T08:56:51.673+0000] {dag.py:2585} INFO - Sync 1 DAGs
[2024-09-28T08:56:52.033+0000] {logging_mixin.py:120} INFO - [2024-09-28T08:56:52.031+0000] {dag.py:3340} INFO - Setting next_dagrun for latest_only_with_trigger to 2024-09-28T04:56:52.029480+00:00, run_after=2024-09-28T08:56:52.029480+00:00
[2024-09-28T08:56:52.233+0000] {processor.py:176} INFO - Processing /home/airflow/.local/lib/python3.7/site-packages/airflow/example_dags/example_latest_only_with_trigger.py took 1.145 seconds
[2024-09-28T08:57:23.327+0000] {processor.py:154} INFO - Started process (PID=26964) to work on /home/airflow/.local/lib/python3.7/site-packages/airflow/example_dags/example_latest_only_with_trigger.py
[2024-09-28T08:57:23.338+0000] {processor.py:756} INFO - Processing file /home/airflow/.local/lib/python3.7/site-packages/airflow/example_dags/example_latest_only_with_trigger.py for tasks to queue
[2024-09-28T08:57:23.345+0000] {logging_mixin.py:120} INFO - [2024-09-28T08:57:23.344+0000] {dagbag.py:537} INFO - Filling up the DagBag from /home/airflow/.local/lib/python3.7/site-packages/airflow/example_dags/example_latest_only_with_trigger.py
[2024-09-28T08:57:23.471+0000] {processor.py:766} INFO - DAG(s) dict_keys(['latest_only_with_trigger']) retrieved from /home/airflow/.local/lib/python3.7/site-packages/airflow/example_dags/example_latest_only_with_trigger.py
[2024-09-28T08:57:23.780+0000] {logging_mixin.py:120} INFO - [2024-09-28T08:57:23.779+0000] {dag.py:2585} INFO - Sync 1 DAGs
[2024-09-28T08:57:24.059+0000] {logging_mixin.py:120} INFO - [2024-09-28T08:57:24.058+0000] {dag.py:3340} INFO - Setting next_dagrun for latest_only_with_trigger to 2024-09-28T04:57:24.056233+00:00, run_after=2024-09-28T08:57:24.056233+00:00
[2024-09-28T08:57:24.191+0000] {processor.py:176} INFO - Processing /home/airflow/.local/lib/python3.7/site-packages/airflow/example_dags/example_latest_only_with_trigger.py took 0.891 seconds
[2024-09-28T08:57:55.288+0000] {processor.py:154} INFO - Started process (PID=27018) to work on /home/airflow/.local/lib/python3.7/site-packages/airflow/example_dags/example_latest_only_with_trigger.py
[2024-09-28T08:57:55.303+0000] {processor.py:756} INFO - Processing file /home/airflow/.local/lib/python3.7/site-packages/airflow/example_dags/example_latest_only_with_trigger.py for tasks to queue
[2024-09-28T08:57:55.312+0000] {logging_mixin.py:120} INFO - [2024-09-28T08:57:55.311+0000] {dagbag.py:537} INFO - Filling up the DagBag from /home/airflow/.local/lib/python3.7/site-packages/airflow/example_dags/example_latest_only_with_trigger.py
[2024-09-28T08:57:55.437+0000] {processor.py:766} INFO - DAG(s) dict_keys(['latest_only_with_trigger']) retrieved from /home/airflow/.local/lib/python3.7/site-packages/airflow/example_dags/example_latest_only_with_trigger.py
[2024-09-28T08:57:55.719+0000] {logging_mixin.py:120} INFO - [2024-09-28T08:57:55.719+0000] {dag.py:2585} INFO - Sync 1 DAGs
[2024-09-28T08:57:55.883+0000] {logging_mixin.py:120} INFO - [2024-09-28T08:57:55.882+0000] {dag.py:3340} INFO - Setting next_dagrun for latest_only_with_trigger to 2024-09-28T04:57:55.881423+00:00, run_after=2024-09-28T08:57:55.881423+00:00
[2024-09-28T08:57:55.999+0000] {processor.py:176} INFO - Processing /home/airflow/.local/lib/python3.7/site-packages/airflow/example_dags/example_latest_only_with_trigger.py took 0.743 seconds
[2024-09-28T09:13:56.550+0000] {processor.py:154} INFO - Started process (PID=27116) to work on /home/airflow/.local/lib/python3.7/site-packages/airflow/example_dags/example_latest_only_with_trigger.py
[2024-09-28T09:13:56.564+0000] {processor.py:756} INFO - Processing file /home/airflow/.local/lib/python3.7/site-packages/airflow/example_dags/example_latest_only_with_trigger.py for tasks to queue
[2024-09-28T09:13:56.572+0000] {logging_mixin.py:120} INFO - [2024-09-28T09:13:56.571+0000] {dagbag.py:537} INFO - Filling up the DagBag from /home/airflow/.local/lib/python3.7/site-packages/airflow/example_dags/example_latest_only_with_trigger.py
[2024-09-28T09:13:56.723+0000] {processor.py:766} INFO - DAG(s) dict_keys(['latest_only_with_trigger']) retrieved from /home/airflow/.local/lib/python3.7/site-packages/airflow/example_dags/example_latest_only_with_trigger.py
[2024-09-28T09:13:57.072+0000] {logging_mixin.py:120} INFO - [2024-09-28T09:13:57.071+0000] {dag.py:2585} INFO - Sync 1 DAGs
[2024-09-28T09:13:58.194+0000] {logging_mixin.py:120} INFO - [2024-09-28T09:13:58.192+0000] {dag.py:3340} INFO - Setting next_dagrun for latest_only_with_trigger to 2024-09-28T05:13:58.191382+00:00, run_after=2024-09-28T09:13:58.191382+00:00
[2024-09-28T09:13:58.388+0000] {processor.py:176} INFO - Processing /home/airflow/.local/lib/python3.7/site-packages/airflow/example_dags/example_latest_only_with_trigger.py took 1.868 seconds
[2024-09-28T09:14:29.296+0000] {processor.py:154} INFO - Started process (PID=27179) to work on /home/airflow/.local/lib/python3.7/site-packages/airflow/example_dags/example_latest_only_with_trigger.py
[2024-09-28T09:14:29.305+0000] {processor.py:756} INFO - Processing file /home/airflow/.local/lib/python3.7/site-packages/airflow/example_dags/example_latest_only_with_trigger.py for tasks to queue
[2024-09-28T09:14:29.312+0000] {logging_mixin.py:120} INFO - [2024-09-28T09:14:29.311+0000] {dagbag.py:537} INFO - Filling up the DagBag from /home/airflow/.local/lib/python3.7/site-packages/airflow/example_dags/example_latest_only_with_trigger.py
[2024-09-28T09:14:29.403+0000] {processor.py:766} INFO - DAG(s) dict_keys(['latest_only_with_trigger']) retrieved from /home/airflow/.local/lib/python3.7/site-packages/airflow/example_dags/example_latest_only_with_trigger.py
[2024-09-28T09:14:29.699+0000] {logging_mixin.py:120} INFO - [2024-09-28T09:14:29.698+0000] {dag.py:2585} INFO - Sync 1 DAGs
[2024-09-28T09:14:29.874+0000] {logging_mixin.py:120} INFO - [2024-09-28T09:14:29.873+0000] {dag.py:3340} INFO - Setting next_dagrun for latest_only_with_trigger to 2024-09-28T05:14:29.872390+00:00, run_after=2024-09-28T09:14:29.872390+00:00
[2024-09-28T09:14:29.996+0000] {processor.py:176} INFO - Processing /home/airflow/.local/lib/python3.7/site-packages/airflow/example_dags/example_latest_only_with_trigger.py took 0.721 seconds
[2024-09-28T09:15:01.743+0000] {processor.py:154} INFO - Started process (PID=27234) to work on /home/airflow/.local/lib/python3.7/site-packages/airflow/example_dags/example_latest_only_with_trigger.py
[2024-09-28T09:15:01.754+0000] {processor.py:756} INFO - Processing file /home/airflow/.local/lib/python3.7/site-packages/airflow/example_dags/example_latest_only_with_trigger.py for tasks to queue
[2024-09-28T09:15:01.761+0000] {logging_mixin.py:120} INFO - [2024-09-28T09:15:01.760+0000] {dagbag.py:537} INFO - Filling up the DagBag from /home/airflow/.local/lib/python3.7/site-packages/airflow/example_dags/example_latest_only_with_trigger.py
[2024-09-28T09:15:01.875+0000] {processor.py:766} INFO - DAG(s) dict_keys(['latest_only_with_trigger']) retrieved from /home/airflow/.local/lib/python3.7/site-packages/airflow/example_dags/example_latest_only_with_trigger.py
[2024-09-28T09:15:02.140+0000] {logging_mixin.py:120} INFO - [2024-09-28T09:15:02.139+0000] {dag.py:2585} INFO - Sync 1 DAGs
[2024-09-28T09:15:02.324+0000] {logging_mixin.py:120} INFO - [2024-09-28T09:15:02.323+0000] {dag.py:3340} INFO - Setting next_dagrun for latest_only_with_trigger to 2024-09-28T05:15:02.322548+00:00, run_after=2024-09-28T09:15:02.322548+00:00
[2024-09-28T09:15:02.443+0000] {processor.py:176} INFO - Processing /home/airflow/.local/lib/python3.7/site-packages/airflow/example_dags/example_latest_only_with_trigger.py took 0.731 seconds
[2024-09-28T09:15:37.700+0000] {processor.py:154} INFO - Started process (PID=27297) to work on /home/airflow/.local/lib/python3.7/site-packages/airflow/example_dags/example_latest_only_with_trigger.py
[2024-09-28T09:15:37.709+0000] {processor.py:756} INFO - Processing file /home/airflow/.local/lib/python3.7/site-packages/airflow/example_dags/example_latest_only_with_trigger.py for tasks to queue
[2024-09-28T09:15:37.714+0000] {logging_mixin.py:120} INFO - [2024-09-28T09:15:37.713+0000] {dagbag.py:537} INFO - Filling up the DagBag from /home/airflow/.local/lib/python3.7/site-packages/airflow/example_dags/example_latest_only_with_trigger.py
[2024-09-28T09:15:37.804+0000] {processor.py:766} INFO - DAG(s) dict_keys(['latest_only_with_trigger']) retrieved from /home/airflow/.local/lib/python3.7/site-packages/airflow/example_dags/example_latest_only_with_trigger.py
[2024-09-28T09:15:38.062+0000] {logging_mixin.py:120} INFO - [2024-09-28T09:15:38.061+0000] {dag.py:2585} INFO - Sync 1 DAGs
[2024-09-28T09:15:38.228+0000] {logging_mixin.py:120} INFO - [2024-09-28T09:15:38.227+0000] {dag.py:3340} INFO - Setting next_dagrun for latest_only_with_trigger to 2024-09-28T05:15:38.226684+00:00, run_after=2024-09-28T09:15:38.226684+00:00
[2024-09-28T09:15:38.343+0000] {processor.py:176} INFO - Processing /home/airflow/.local/lib/python3.7/site-packages/airflow/example_dags/example_latest_only_with_trigger.py took 0.662 seconds
[2024-09-28T09:16:11.392+0000] {processor.py:154} INFO - Started process (PID=27360) to work on /home/airflow/.local/lib/python3.7/site-packages/airflow/example_dags/example_latest_only_with_trigger.py
[2024-09-28T09:16:11.401+0000] {processor.py:756} INFO - Processing file /home/airflow/.local/lib/python3.7/site-packages/airflow/example_dags/example_latest_only_with_trigger.py for tasks to queue
[2024-09-28T09:16:11.406+0000] {logging_mixin.py:120} INFO - [2024-09-28T09:16:11.405+0000] {dagbag.py:537} INFO - Filling up the DagBag from /home/airflow/.local/lib/python3.7/site-packages/airflow/example_dags/example_latest_only_with_trigger.py
[2024-09-28T09:16:11.479+0000] {processor.py:766} INFO - DAG(s) dict_keys(['latest_only_with_trigger']) retrieved from /home/airflow/.local/lib/python3.7/site-packages/airflow/example_dags/example_latest_only_with_trigger.py
[2024-09-28T09:16:11.670+0000] {logging_mixin.py:120} INFO - [2024-09-28T09:16:11.669+0000] {dag.py:2585} INFO - Sync 1 DAGs
[2024-09-28T09:16:11.800+0000] {logging_mixin.py:120} INFO - [2024-09-28T09:16:11.800+0000] {dag.py:3340} INFO - Setting next_dagrun for latest_only_with_trigger to 2024-09-28T05:16:11.799242+00:00, run_after=2024-09-28T09:16:11.799242+00:00
[2024-09-28T09:16:12.293+0000] {processor.py:176} INFO - Processing /home/airflow/.local/lib/python3.7/site-packages/airflow/example_dags/example_latest_only_with_trigger.py took 0.918 seconds
[2024-09-28T09:16:44.162+0000] {processor.py:154} INFO - Started process (PID=27423) to work on /home/airflow/.local/lib/python3.7/site-packages/airflow/example_dags/example_latest_only_with_trigger.py
[2024-09-28T09:16:44.172+0000] {processor.py:756} INFO - Processing file /home/airflow/.local/lib/python3.7/site-packages/airflow/example_dags/example_latest_only_with_trigger.py for tasks to queue
[2024-09-28T09:16:44.178+0000] {logging_mixin.py:120} INFO - [2024-09-28T09:16:44.176+0000] {dagbag.py:537} INFO - Filling up the DagBag from /home/airflow/.local/lib/python3.7/site-packages/airflow/example_dags/example_latest_only_with_trigger.py
[2024-09-28T09:16:44.274+0000] {processor.py:766} INFO - DAG(s) dict_keys(['latest_only_with_trigger']) retrieved from /home/airflow/.local/lib/python3.7/site-packages/airflow/example_dags/example_latest_only_with_trigger.py
[2024-09-28T09:16:44.543+0000] {logging_mixin.py:120} INFO - [2024-09-28T09:16:44.542+0000] {dag.py:2585} INFO - Sync 1 DAGs
[2024-09-28T09:16:45.179+0000] {logging_mixin.py:120} INFO - [2024-09-28T09:16:45.179+0000] {dag.py:3340} INFO - Setting next_dagrun for latest_only_with_trigger to 2024-09-28T05:16:45.178181+00:00, run_after=2024-09-28T09:16:45.178181+00:00
[2024-09-28T09:16:45.264+0000] {processor.py:176} INFO - Processing /home/airflow/.local/lib/python3.7/site-packages/airflow/example_dags/example_latest_only_with_trigger.py took 1.126 seconds
[2024-09-28T09:33:28.883+0000] {processor.py:154} INFO - Started process (PID=27508) to work on /home/airflow/.local/lib/python3.7/site-packages/airflow/example_dags/example_latest_only_with_trigger.py
[2024-09-28T09:33:28.886+0000] {processor.py:756} INFO - Processing file /home/airflow/.local/lib/python3.7/site-packages/airflow/example_dags/example_latest_only_with_trigger.py for tasks to queue
[2024-09-28T09:33:28.888+0000] {logging_mixin.py:120} INFO - [2024-09-28T09:33:28.888+0000] {dagbag.py:537} INFO - Filling up the DagBag from /home/airflow/.local/lib/python3.7/site-packages/airflow/example_dags/example_latest_only_with_trigger.py
[2024-09-28T09:33:28.919+0000] {processor.py:766} INFO - DAG(s) dict_keys(['latest_only_with_trigger']) retrieved from /home/airflow/.local/lib/python3.7/site-packages/airflow/example_dags/example_latest_only_with_trigger.py
[2024-09-28T09:33:28.999+0000] {logging_mixin.py:120} INFO - [2024-09-28T09:33:28.999+0000] {dag.py:2585} INFO - Sync 1 DAGs
[2024-09-28T09:33:29.055+0000] {logging_mixin.py:120} INFO - [2024-09-28T09:33:29.055+0000] {dag.py:3340} INFO - Setting next_dagrun for latest_only_with_trigger to 2024-09-28T05:33:29.054884+00:00, run_after=2024-09-28T09:33:29.054884+00:00
[2024-09-28T09:33:29.097+0000] {processor.py:176} INFO - Processing /home/airflow/.local/lib/python3.7/site-packages/airflow/example_dags/example_latest_only_with_trigger.py took 0.220 seconds
[2024-09-28T09:34:17.170+0000] {processor.py:154} INFO - Started process (PID=27571) to work on /home/airflow/.local/lib/python3.7/site-packages/airflow/example_dags/example_latest_only_with_trigger.py
[2024-09-28T09:34:17.182+0000] {processor.py:756} INFO - Processing file /home/airflow/.local/lib/python3.7/site-packages/airflow/example_dags/example_latest_only_with_trigger.py for tasks to queue
[2024-09-28T09:34:17.187+0000] {logging_mixin.py:120} INFO - [2024-09-28T09:34:17.186+0000] {dagbag.py:537} INFO - Filling up the DagBag from /home/airflow/.local/lib/python3.7/site-packages/airflow/example_dags/example_latest_only_with_trigger.py
[2024-09-28T09:34:17.285+0000] {processor.py:766} INFO - DAG(s) dict_keys(['latest_only_with_trigger']) retrieved from /home/airflow/.local/lib/python3.7/site-packages/airflow/example_dags/example_latest_only_with_trigger.py
[2024-09-28T09:34:17.657+0000] {logging_mixin.py:120} INFO - [2024-09-28T09:34:17.656+0000] {dag.py:2585} INFO - Sync 1 DAGs
[2024-09-28T09:34:17.852+0000] {logging_mixin.py:120} INFO - [2024-09-28T09:34:17.851+0000] {dag.py:3340} INFO - Setting next_dagrun for latest_only_with_trigger to 2024-09-28T05:34:17.848529+00:00, run_after=2024-09-28T09:34:17.848529+00:00
[2024-09-28T09:34:17.999+0000] {processor.py:176} INFO - Processing /home/airflow/.local/lib/python3.7/site-packages/airflow/example_dags/example_latest_only_with_trigger.py took 0.853 seconds
[2024-09-28T09:34:52.128+0000] {processor.py:154} INFO - Started process (PID=27634) to work on /home/airflow/.local/lib/python3.7/site-packages/airflow/example_dags/example_latest_only_with_trigger.py
[2024-09-28T09:34:52.149+0000] {processor.py:756} INFO - Processing file /home/airflow/.local/lib/python3.7/site-packages/airflow/example_dags/example_latest_only_with_trigger.py for tasks to queue
[2024-09-28T09:34:52.157+0000] {logging_mixin.py:120} INFO - [2024-09-28T09:34:52.155+0000] {dagbag.py:537} INFO - Filling up the DagBag from /home/airflow/.local/lib/python3.7/site-packages/airflow/example_dags/example_latest_only_with_trigger.py
[2024-09-28T09:34:52.272+0000] {processor.py:766} INFO - DAG(s) dict_keys(['latest_only_with_trigger']) retrieved from /home/airflow/.local/lib/python3.7/site-packages/airflow/example_dags/example_latest_only_with_trigger.py
[2024-09-28T09:34:52.581+0000] {logging_mixin.py:120} INFO - [2024-09-28T09:34:52.580+0000] {dag.py:2585} INFO - Sync 1 DAGs
[2024-09-28T09:34:53.348+0000] {logging_mixin.py:120} INFO - [2024-09-28T09:34:53.347+0000] {dag.py:3340} INFO - Setting next_dagrun for latest_only_with_trigger to 2024-09-28T05:34:53.346367+00:00, run_after=2024-09-28T09:34:53.346367+00:00
[2024-09-28T09:34:53.462+0000] {processor.py:176} INFO - Processing /home/airflow/.local/lib/python3.7/site-packages/airflow/example_dags/example_latest_only_with_trigger.py took 1.367 seconds
[2024-09-28T09:35:24.794+0000] {processor.py:154} INFO - Started process (PID=27697) to work on /home/airflow/.local/lib/python3.7/site-packages/airflow/example_dags/example_latest_only_with_trigger.py
[2024-09-28T09:35:24.806+0000] {processor.py:756} INFO - Processing file /home/airflow/.local/lib/python3.7/site-packages/airflow/example_dags/example_latest_only_with_trigger.py for tasks to queue
[2024-09-28T09:35:24.815+0000] {logging_mixin.py:120} INFO - [2024-09-28T09:35:24.815+0000] {dagbag.py:537} INFO - Filling up the DagBag from /home/airflow/.local/lib/python3.7/site-packages/airflow/example_dags/example_latest_only_with_trigger.py
[2024-09-28T09:35:24.931+0000] {processor.py:766} INFO - DAG(s) dict_keys(['latest_only_with_trigger']) retrieved from /home/airflow/.local/lib/python3.7/site-packages/airflow/example_dags/example_latest_only_with_trigger.py
[2024-09-28T09:35:25.169+0000] {logging_mixin.py:120} INFO - [2024-09-28T09:35:25.168+0000] {dag.py:2585} INFO - Sync 1 DAGs
[2024-09-28T09:35:25.330+0000] {logging_mixin.py:120} INFO - [2024-09-28T09:35:25.329+0000] {dag.py:3340} INFO - Setting next_dagrun for latest_only_with_trigger to 2024-09-28T05:35:25.328638+00:00, run_after=2024-09-28T09:35:25.328638+00:00
[2024-09-28T09:35:25.460+0000] {processor.py:176} INFO - Processing /home/airflow/.local/lib/python3.7/site-packages/airflow/example_dags/example_latest_only_with_trigger.py took 0.689 seconds
[2024-09-28T09:35:56.403+0000] {processor.py:154} INFO - Started process (PID=27760) to work on /home/airflow/.local/lib/python3.7/site-packages/airflow/example_dags/example_latest_only_with_trigger.py
[2024-09-28T09:35:56.413+0000] {processor.py:756} INFO - Processing file /home/airflow/.local/lib/python3.7/site-packages/airflow/example_dags/example_latest_only_with_trigger.py for tasks to queue
[2024-09-28T09:35:56.419+0000] {logging_mixin.py:120} INFO - [2024-09-28T09:35:56.418+0000] {dagbag.py:537} INFO - Filling up the DagBag from /home/airflow/.local/lib/python3.7/site-packages/airflow/example_dags/example_latest_only_with_trigger.py
[2024-09-28T09:35:56.504+0000] {processor.py:766} INFO - DAG(s) dict_keys(['latest_only_with_trigger']) retrieved from /home/airflow/.local/lib/python3.7/site-packages/airflow/example_dags/example_latest_only_with_trigger.py
[2024-09-28T09:35:56.724+0000] {logging_mixin.py:120} INFO - [2024-09-28T09:35:56.723+0000] {dag.py:2585} INFO - Sync 1 DAGs
[2024-09-28T09:35:56.871+0000] {logging_mixin.py:120} INFO - [2024-09-28T09:35:56.870+0000] {dag.py:3340} INFO - Setting next_dagrun for latest_only_with_trigger to 2024-09-28T05:35:56.869616+00:00, run_after=2024-09-28T09:35:56.869616+00:00
[2024-09-28T09:35:57.003+0000] {processor.py:176} INFO - Processing /home/airflow/.local/lib/python3.7/site-packages/airflow/example_dags/example_latest_only_with_trigger.py took 0.623 seconds
[2024-09-28T09:36:27.685+0000] {processor.py:154} INFO - Started process (PID=27823) to work on /home/airflow/.local/lib/python3.7/site-packages/airflow/example_dags/example_latest_only_with_trigger.py
[2024-09-28T09:36:27.696+0000] {processor.py:756} INFO - Processing file /home/airflow/.local/lib/python3.7/site-packages/airflow/example_dags/example_latest_only_with_trigger.py for tasks to queue
[2024-09-28T09:36:27.705+0000] {logging_mixin.py:120} INFO - [2024-09-28T09:36:27.704+0000] {dagbag.py:537} INFO - Filling up the DagBag from /home/airflow/.local/lib/python3.7/site-packages/airflow/example_dags/example_latest_only_with_trigger.py
[2024-09-28T09:36:27.771+0000] {processor.py:766} INFO - DAG(s) dict_keys(['latest_only_with_trigger']) retrieved from /home/airflow/.local/lib/python3.7/site-packages/airflow/example_dags/example_latest_only_with_trigger.py
[2024-09-28T09:36:27.972+0000] {logging_mixin.py:120} INFO - [2024-09-28T09:36:27.971+0000] {dag.py:2585} INFO - Sync 1 DAGs
[2024-09-28T09:36:28.110+0000] {logging_mixin.py:120} INFO - [2024-09-28T09:36:28.109+0000] {dag.py:3340} INFO - Setting next_dagrun for latest_only_with_trigger to 2024-09-28T05:36:28.108709+00:00, run_after=2024-09-28T09:36:28.108709+00:00
[2024-09-28T09:36:28.205+0000] {processor.py:176} INFO - Processing /home/airflow/.local/lib/python3.7/site-packages/airflow/example_dags/example_latest_only_with_trigger.py took 0.535 seconds
[2024-09-28T09:53:47.643+0000] {processor.py:154} INFO - Started process (PID=27912) to work on /home/airflow/.local/lib/python3.7/site-packages/airflow/example_dags/example_latest_only_with_trigger.py
[2024-09-28T09:53:47.647+0000] {processor.py:756} INFO - Processing file /home/airflow/.local/lib/python3.7/site-packages/airflow/example_dags/example_latest_only_with_trigger.py for tasks to queue
[2024-09-28T09:53:47.648+0000] {logging_mixin.py:120} INFO - [2024-09-28T09:53:47.648+0000] {dagbag.py:537} INFO - Filling up the DagBag from /home/airflow/.local/lib/python3.7/site-packages/airflow/example_dags/example_latest_only_with_trigger.py
[2024-09-28T09:53:47.682+0000] {processor.py:766} INFO - DAG(s) dict_keys(['latest_only_with_trigger']) retrieved from /home/airflow/.local/lib/python3.7/site-packages/airflow/example_dags/example_latest_only_with_trigger.py
[2024-09-28T09:53:47.794+0000] {logging_mixin.py:120} INFO - [2024-09-28T09:53:47.794+0000] {dag.py:2585} INFO - Sync 1 DAGs
[2024-09-28T09:53:48.093+0000] {logging_mixin.py:120} INFO - [2024-09-28T09:53:48.092+0000] {dag.py:3340} INFO - Setting next_dagrun for latest_only_with_trigger to 2024-09-28T05:53:48.092516+00:00, run_after=2024-09-28T09:53:48.092516+00:00
[2024-09-28T09:53:48.132+0000] {processor.py:176} INFO - Processing /home/airflow/.local/lib/python3.7/site-packages/airflow/example_dags/example_latest_only_with_trigger.py took 0.496 seconds
[2024-09-28T09:54:32.318+0000] {processor.py:154} INFO - Started process (PID=27975) to work on /home/airflow/.local/lib/python3.7/site-packages/airflow/example_dags/example_latest_only_with_trigger.py
[2024-09-28T09:54:32.328+0000] {processor.py:756} INFO - Processing file /home/airflow/.local/lib/python3.7/site-packages/airflow/example_dags/example_latest_only_with_trigger.py for tasks to queue
[2024-09-28T09:54:32.333+0000] {logging_mixin.py:120} INFO - [2024-09-28T09:54:32.333+0000] {dagbag.py:537} INFO - Filling up the DagBag from /home/airflow/.local/lib/python3.7/site-packages/airflow/example_dags/example_latest_only_with_trigger.py
[2024-09-28T09:54:32.469+0000] {processor.py:766} INFO - DAG(s) dict_keys(['latest_only_with_trigger']) retrieved from /home/airflow/.local/lib/python3.7/site-packages/airflow/example_dags/example_latest_only_with_trigger.py
[2024-09-28T09:54:32.834+0000] {logging_mixin.py:120} INFO - [2024-09-28T09:54:32.833+0000] {dag.py:2585} INFO - Sync 1 DAGs
[2024-09-28T09:54:33.003+0000] {logging_mixin.py:120} INFO - [2024-09-28T09:54:33.002+0000] {dag.py:3340} INFO - Setting next_dagrun for latest_only_with_trigger to 2024-09-28T05:54:33.001154+00:00, run_after=2024-09-28T09:54:33.001154+00:00
[2024-09-28T09:54:33.123+0000] {processor.py:176} INFO - Processing /home/airflow/.local/lib/python3.7/site-packages/airflow/example_dags/example_latest_only_with_trigger.py took 0.831 seconds
[2024-09-28T09:55:05.949+0000] {processor.py:154} INFO - Started process (PID=28038) to work on /home/airflow/.local/lib/python3.7/site-packages/airflow/example_dags/example_latest_only_with_trigger.py
[2024-09-28T09:55:05.967+0000] {processor.py:756} INFO - Processing file /home/airflow/.local/lib/python3.7/site-packages/airflow/example_dags/example_latest_only_with_trigger.py for tasks to queue
[2024-09-28T09:55:05.974+0000] {logging_mixin.py:120} INFO - [2024-09-28T09:55:05.973+0000] {dagbag.py:537} INFO - Filling up the DagBag from /home/airflow/.local/lib/python3.7/site-packages/airflow/example_dags/example_latest_only_with_trigger.py
[2024-09-28T09:55:06.065+0000] {processor.py:766} INFO - DAG(s) dict_keys(['latest_only_with_trigger']) retrieved from /home/airflow/.local/lib/python3.7/site-packages/airflow/example_dags/example_latest_only_with_trigger.py
[2024-09-28T09:55:06.315+0000] {logging_mixin.py:120} INFO - [2024-09-28T09:55:06.314+0000] {dag.py:2585} INFO - Sync 1 DAGs
[2024-09-28T09:55:06.473+0000] {logging_mixin.py:120} INFO - [2024-09-28T09:55:06.472+0000] {dag.py:3340} INFO - Setting next_dagrun for latest_only_with_trigger to 2024-09-28T05:55:06.471495+00:00, run_after=2024-09-28T09:55:06.471495+00:00
[2024-09-28T09:55:06.652+0000] {processor.py:176} INFO - Processing /home/airflow/.local/lib/python3.7/site-packages/airflow/example_dags/example_latest_only_with_trigger.py took 0.729 seconds
[2024-09-28T09:55:42.439+0000] {processor.py:154} INFO - Started process (PID=28101) to work on /home/airflow/.local/lib/python3.7/site-packages/airflow/example_dags/example_latest_only_with_trigger.py
[2024-09-28T09:55:42.451+0000] {processor.py:756} INFO - Processing file /home/airflow/.local/lib/python3.7/site-packages/airflow/example_dags/example_latest_only_with_trigger.py for tasks to queue
[2024-09-28T09:55:42.456+0000] {logging_mixin.py:120} INFO - [2024-09-28T09:55:42.455+0000] {dagbag.py:537} INFO - Filling up the DagBag from /home/airflow/.local/lib/python3.7/site-packages/airflow/example_dags/example_latest_only_with_trigger.py
[2024-09-28T09:55:42.551+0000] {processor.py:766} INFO - DAG(s) dict_keys(['latest_only_with_trigger']) retrieved from /home/airflow/.local/lib/python3.7/site-packages/airflow/example_dags/example_latest_only_with_trigger.py
[2024-09-28T09:55:42.819+0000] {logging_mixin.py:120} INFO - [2024-09-28T09:55:42.818+0000] {dag.py:2585} INFO - Sync 1 DAGs
[2024-09-28T09:55:42.991+0000] {logging_mixin.py:120} INFO - [2024-09-28T09:55:42.990+0000] {dag.py:3340} INFO - Setting next_dagrun for latest_only_with_trigger to 2024-09-28T05:55:42.988628+00:00, run_after=2024-09-28T09:55:42.988628+00:00
[2024-09-28T09:55:43.123+0000] {processor.py:176} INFO - Processing /home/airflow/.local/lib/python3.7/site-packages/airflow/example_dags/example_latest_only_with_trigger.py took 0.705 seconds
[2024-09-28T09:56:14.949+0000] {processor.py:154} INFO - Started process (PID=28164) to work on /home/airflow/.local/lib/python3.7/site-packages/airflow/example_dags/example_latest_only_with_trigger.py
[2024-09-28T09:56:14.958+0000] {processor.py:756} INFO - Processing file /home/airflow/.local/lib/python3.7/site-packages/airflow/example_dags/example_latest_only_with_trigger.py for tasks to queue
[2024-09-28T09:56:14.963+0000] {logging_mixin.py:120} INFO - [2024-09-28T09:56:14.962+0000] {dagbag.py:537} INFO - Filling up the DagBag from /home/airflow/.local/lib/python3.7/site-packages/airflow/example_dags/example_latest_only_with_trigger.py
[2024-09-28T09:56:15.060+0000] {processor.py:766} INFO - DAG(s) dict_keys(['latest_only_with_trigger']) retrieved from /home/airflow/.local/lib/python3.7/site-packages/airflow/example_dags/example_latest_only_with_trigger.py
[2024-09-28T09:56:15.280+0000] {logging_mixin.py:120} INFO - [2024-09-28T09:56:15.279+0000] {dag.py:2585} INFO - Sync 1 DAGs
[2024-09-28T09:56:15.978+0000] {logging_mixin.py:120} INFO - [2024-09-28T09:56:15.977+0000] {dag.py:3340} INFO - Setting next_dagrun for latest_only_with_trigger to 2024-09-28T05:56:15.976100+00:00, run_after=2024-09-28T09:56:15.976100+00:00
[2024-09-28T09:56:16.103+0000] {processor.py:176} INFO - Processing /home/airflow/.local/lib/python3.7/site-packages/airflow/example_dags/example_latest_only_with_trigger.py took 1.175 seconds
[2024-09-28T09:56:46.690+0000] {processor.py:154} INFO - Started process (PID=28227) to work on /home/airflow/.local/lib/python3.7/site-packages/airflow/example_dags/example_latest_only_with_trigger.py
[2024-09-28T09:56:46.701+0000] {processor.py:756} INFO - Processing file /home/airflow/.local/lib/python3.7/site-packages/airflow/example_dags/example_latest_only_with_trigger.py for tasks to queue
[2024-09-28T09:56:46.706+0000] {logging_mixin.py:120} INFO - [2024-09-28T09:56:46.705+0000] {dagbag.py:537} INFO - Filling up the DagBag from /home/airflow/.local/lib/python3.7/site-packages/airflow/example_dags/example_latest_only_with_trigger.py
[2024-09-28T09:56:46.785+0000] {processor.py:766} INFO - DAG(s) dict_keys(['latest_only_with_trigger']) retrieved from /home/airflow/.local/lib/python3.7/site-packages/airflow/example_dags/example_latest_only_with_trigger.py
[2024-09-28T09:56:47.007+0000] {logging_mixin.py:120} INFO - [2024-09-28T09:56:47.006+0000] {dag.py:2585} INFO - Sync 1 DAGs
[2024-09-28T09:56:47.722+0000] {logging_mixin.py:120} INFO - [2024-09-28T09:56:47.721+0000] {dag.py:3340} INFO - Setting next_dagrun for latest_only_with_trigger to 2024-09-28T05:56:47.719588+00:00, run_after=2024-09-28T09:56:47.719588+00:00
[2024-09-28T09:56:47.838+0000] {processor.py:176} INFO - Processing /home/airflow/.local/lib/python3.7/site-packages/airflow/example_dags/example_latest_only_with_trigger.py took 1.169 seconds
[2024-09-28T09:57:18.174+0000] {processor.py:154} INFO - Started process (PID=28289) to work on /home/airflow/.local/lib/python3.7/site-packages/airflow/example_dags/example_latest_only_with_trigger.py
[2024-09-28T09:57:18.182+0000] {processor.py:756} INFO - Processing file /home/airflow/.local/lib/python3.7/site-packages/airflow/example_dags/example_latest_only_with_trigger.py for tasks to queue
[2024-09-28T09:57:18.188+0000] {logging_mixin.py:120} INFO - [2024-09-28T09:57:18.187+0000] {dagbag.py:537} INFO - Filling up the DagBag from /home/airflow/.local/lib/python3.7/site-packages/airflow/example_dags/example_latest_only_with_trigger.py
[2024-09-28T09:57:18.288+0000] {processor.py:766} INFO - DAG(s) dict_keys(['latest_only_with_trigger']) retrieved from /home/airflow/.local/lib/python3.7/site-packages/airflow/example_dags/example_latest_only_with_trigger.py
[2024-09-28T09:57:18.475+0000] {logging_mixin.py:120} INFO - [2024-09-28T09:57:18.475+0000] {dag.py:2585} INFO - Sync 1 DAGs
[2024-09-28T09:57:18.595+0000] {logging_mixin.py:120} INFO - [2024-09-28T09:57:18.594+0000] {dag.py:3340} INFO - Setting next_dagrun for latest_only_with_trigger to 2024-09-28T05:57:18.593583+00:00, run_after=2024-09-28T09:57:18.593583+00:00
[2024-09-28T09:57:18.688+0000] {processor.py:176} INFO - Processing /home/airflow/.local/lib/python3.7/site-packages/airflow/example_dags/example_latest_only_with_trigger.py took 0.535 seconds
[2024-09-28T09:57:50.200+0000] {processor.py:154} INFO - Started process (PID=28352) to work on /home/airflow/.local/lib/python3.7/site-packages/airflow/example_dags/example_latest_only_with_trigger.py
[2024-09-28T09:57:50.209+0000] {processor.py:756} INFO - Processing file /home/airflow/.local/lib/python3.7/site-packages/airflow/example_dags/example_latest_only_with_trigger.py for tasks to queue
[2024-09-28T09:57:50.214+0000] {logging_mixin.py:120} INFO - [2024-09-28T09:57:50.213+0000] {dagbag.py:537} INFO - Filling up the DagBag from /home/airflow/.local/lib/python3.7/site-packages/airflow/example_dags/example_latest_only_with_trigger.py
[2024-09-28T09:57:50.312+0000] {processor.py:766} INFO - DAG(s) dict_keys(['latest_only_with_trigger']) retrieved from /home/airflow/.local/lib/python3.7/site-packages/airflow/example_dags/example_latest_only_with_trigger.py
[2024-09-28T09:57:50.527+0000] {logging_mixin.py:120} INFO - [2024-09-28T09:57:50.526+0000] {dag.py:2585} INFO - Sync 1 DAGs
[2024-09-28T09:57:50.713+0000] {logging_mixin.py:120} INFO - [2024-09-28T09:57:50.712+0000] {dag.py:3340} INFO - Setting next_dagrun for latest_only_with_trigger to 2024-09-28T05:57:50.711854+00:00, run_after=2024-09-28T09:57:50.711854+00:00
[2024-09-28T09:57:50.827+0000] {processor.py:176} INFO - Processing /home/airflow/.local/lib/python3.7/site-packages/airflow/example_dags/example_latest_only_with_trigger.py took 0.648 seconds
[2024-09-28T09:58:22.168+0000] {processor.py:154} INFO - Started process (PID=28409) to work on /home/airflow/.local/lib/python3.7/site-packages/airflow/example_dags/example_latest_only_with_trigger.py
[2024-09-28T09:58:22.175+0000] {processor.py:756} INFO - Processing file /home/airflow/.local/lib/python3.7/site-packages/airflow/example_dags/example_latest_only_with_trigger.py for tasks to queue
[2024-09-28T09:58:22.179+0000] {logging_mixin.py:120} INFO - [2024-09-28T09:58:22.179+0000] {dagbag.py:537} INFO - Filling up the DagBag from /home/airflow/.local/lib/python3.7/site-packages/airflow/example_dags/example_latest_only_with_trigger.py
[2024-09-28T09:58:22.246+0000] {processor.py:766} INFO - DAG(s) dict_keys(['latest_only_with_trigger']) retrieved from /home/airflow/.local/lib/python3.7/site-packages/airflow/example_dags/example_latest_only_with_trigger.py
[2024-09-28T09:58:22.418+0000] {logging_mixin.py:120} INFO - [2024-09-28T09:58:22.418+0000] {dag.py:2585} INFO - Sync 1 DAGs
[2024-09-28T09:58:22.527+0000] {logging_mixin.py:120} INFO - [2024-09-28T09:58:22.527+0000] {dag.py:3340} INFO - Setting next_dagrun for latest_only_with_trigger to 2024-09-28T05:58:22.526154+00:00, run_after=2024-09-28T09:58:22.526154+00:00
[2024-09-28T09:58:22.982+0000] {processor.py:176} INFO - Processing /home/airflow/.local/lib/python3.7/site-packages/airflow/example_dags/example_latest_only_with_trigger.py took 0.827 seconds
[2024-09-28T10:17:10.422+0000] {processor.py:154} INFO - Started process (PID=28500) to work on /home/airflow/.local/lib/python3.7/site-packages/airflow/example_dags/example_latest_only_with_trigger.py
[2024-09-28T10:17:10.435+0000] {processor.py:756} INFO - Processing file /home/airflow/.local/lib/python3.7/site-packages/airflow/example_dags/example_latest_only_with_trigger.py for tasks to queue
[2024-09-28T10:17:10.442+0000] {logging_mixin.py:120} INFO - [2024-09-28T10:17:10.441+0000] {dagbag.py:537} INFO - Filling up the DagBag from /home/airflow/.local/lib/python3.7/site-packages/airflow/example_dags/example_latest_only_with_trigger.py
[2024-09-28T10:17:10.608+0000] {processor.py:766} INFO - DAG(s) dict_keys(['latest_only_with_trigger']) retrieved from /home/airflow/.local/lib/python3.7/site-packages/airflow/example_dags/example_latest_only_with_trigger.py
[2024-09-28T10:17:11.060+0000] {logging_mixin.py:120} INFO - [2024-09-28T10:17:11.058+0000] {dag.py:2585} INFO - Sync 1 DAGs
[2024-09-28T10:17:11.344+0000] {logging_mixin.py:120} INFO - [2024-09-28T10:17:11.343+0000] {dag.py:3340} INFO - Setting next_dagrun for latest_only_with_trigger to 2024-09-28T06:17:11.341145+00:00, run_after=2024-09-28T10:17:11.341145+00:00
[2024-09-28T10:17:11.515+0000] {processor.py:176} INFO - Processing /home/airflow/.local/lib/python3.7/site-packages/airflow/example_dags/example_latest_only_with_trigger.py took 1.133 seconds
[2024-09-28T10:17:42.204+0000] {processor.py:154} INFO - Started process (PID=28563) to work on /home/airflow/.local/lib/python3.7/site-packages/airflow/example_dags/example_latest_only_with_trigger.py
[2024-09-28T10:17:42.216+0000] {processor.py:756} INFO - Processing file /home/airflow/.local/lib/python3.7/site-packages/airflow/example_dags/example_latest_only_with_trigger.py for tasks to queue
[2024-09-28T10:17:42.221+0000] {logging_mixin.py:120} INFO - [2024-09-28T10:17:42.220+0000] {dagbag.py:537} INFO - Filling up the DagBag from /home/airflow/.local/lib/python3.7/site-packages/airflow/example_dags/example_latest_only_with_trigger.py
[2024-09-28T10:17:42.320+0000] {processor.py:766} INFO - DAG(s) dict_keys(['latest_only_with_trigger']) retrieved from /home/airflow/.local/lib/python3.7/site-packages/airflow/example_dags/example_latest_only_with_trigger.py
[2024-09-28T10:17:42.570+0000] {logging_mixin.py:120} INFO - [2024-09-28T10:17:42.569+0000] {dag.py:2585} INFO - Sync 1 DAGs
[2024-09-28T10:17:42.739+0000] {logging_mixin.py:120} INFO - [2024-09-28T10:17:42.738+0000] {dag.py:3340} INFO - Setting next_dagrun for latest_only_with_trigger to 2024-09-28T06:17:42.737310+00:00, run_after=2024-09-28T10:17:42.737310+00:00
[2024-09-28T10:17:42.849+0000] {processor.py:176} INFO - Processing /home/airflow/.local/lib/python3.7/site-packages/airflow/example_dags/example_latest_only_with_trigger.py took 0.664 seconds
[2024-09-28T10:18:14.914+0000] {processor.py:154} INFO - Started process (PID=28626) to work on /home/airflow/.local/lib/python3.7/site-packages/airflow/example_dags/example_latest_only_with_trigger.py
[2024-09-28T10:18:14.928+0000] {processor.py:756} INFO - Processing file /home/airflow/.local/lib/python3.7/site-packages/airflow/example_dags/example_latest_only_with_trigger.py for tasks to queue
[2024-09-28T10:18:14.936+0000] {logging_mixin.py:120} INFO - [2024-09-28T10:18:14.935+0000] {dagbag.py:537} INFO - Filling up the DagBag from /home/airflow/.local/lib/python3.7/site-packages/airflow/example_dags/example_latest_only_with_trigger.py
[2024-09-28T10:18:15.063+0000] {processor.py:766} INFO - DAG(s) dict_keys(['latest_only_with_trigger']) retrieved from /home/airflow/.local/lib/python3.7/site-packages/airflow/example_dags/example_latest_only_with_trigger.py
[2024-09-28T10:18:15.459+0000] {logging_mixin.py:120} INFO - [2024-09-28T10:18:15.458+0000] {dag.py:2585} INFO - Sync 1 DAGs
[2024-09-28T10:18:15.645+0000] {logging_mixin.py:120} INFO - [2024-09-28T10:18:15.645+0000] {dag.py:3340} INFO - Setting next_dagrun for latest_only_with_trigger to 2024-09-28T06:18:15.643870+00:00, run_after=2024-09-28T10:18:15.643870+00:00
[2024-09-28T10:18:15.793+0000] {processor.py:176} INFO - Processing /home/airflow/.local/lib/python3.7/site-packages/airflow/example_dags/example_latest_only_with_trigger.py took 0.903 seconds
[2024-09-28T10:18:49.263+0000] {processor.py:154} INFO - Started process (PID=28680) to work on /home/airflow/.local/lib/python3.7/site-packages/airflow/example_dags/example_latest_only_with_trigger.py
[2024-09-28T10:18:49.273+0000] {processor.py:756} INFO - Processing file /home/airflow/.local/lib/python3.7/site-packages/airflow/example_dags/example_latest_only_with_trigger.py for tasks to queue
[2024-09-28T10:18:49.277+0000] {logging_mixin.py:120} INFO - [2024-09-28T10:18:49.276+0000] {dagbag.py:537} INFO - Filling up the DagBag from /home/airflow/.local/lib/python3.7/site-packages/airflow/example_dags/example_latest_only_with_trigger.py
[2024-09-28T10:18:49.373+0000] {processor.py:766} INFO - DAG(s) dict_keys(['latest_only_with_trigger']) retrieved from /home/airflow/.local/lib/python3.7/site-packages/airflow/example_dags/example_latest_only_with_trigger.py
[2024-09-28T10:18:49.666+0000] {logging_mixin.py:120} INFO - [2024-09-28T10:18:49.664+0000] {dag.py:2585} INFO - Sync 1 DAGs
[2024-09-28T10:18:50.741+0000] {logging_mixin.py:120} INFO - [2024-09-28T10:18:50.741+0000] {dag.py:3340} INFO - Setting next_dagrun for latest_only_with_trigger to 2024-09-28T06:18:50.739503+00:00, run_after=2024-09-28T10:18:50.739503+00:00
[2024-09-28T10:18:50.864+0000] {processor.py:176} INFO - Processing /home/airflow/.local/lib/python3.7/site-packages/airflow/example_dags/example_latest_only_with_trigger.py took 1.626 seconds
[2024-09-28T10:19:25.081+0000] {processor.py:154} INFO - Started process (PID=28743) to work on /home/airflow/.local/lib/python3.7/site-packages/airflow/example_dags/example_latest_only_with_trigger.py
[2024-09-28T10:19:25.090+0000] {processor.py:756} INFO - Processing file /home/airflow/.local/lib/python3.7/site-packages/airflow/example_dags/example_latest_only_with_trigger.py for tasks to queue
[2024-09-28T10:19:25.094+0000] {logging_mixin.py:120} INFO - [2024-09-28T10:19:25.093+0000] {dagbag.py:537} INFO - Filling up the DagBag from /home/airflow/.local/lib/python3.7/site-packages/airflow/example_dags/example_latest_only_with_trigger.py
[2024-09-28T10:19:25.181+0000] {processor.py:766} INFO - DAG(s) dict_keys(['latest_only_with_trigger']) retrieved from /home/airflow/.local/lib/python3.7/site-packages/airflow/example_dags/example_latest_only_with_trigger.py
[2024-09-28T10:19:25.443+0000] {logging_mixin.py:120} INFO - [2024-09-28T10:19:25.442+0000] {dag.py:2585} INFO - Sync 1 DAGs
[2024-09-28T10:19:26.154+0000] {logging_mixin.py:120} INFO - [2024-09-28T10:19:26.153+0000] {dag.py:3340} INFO - Setting next_dagrun for latest_only_with_trigger to 2024-09-28T06:19:26.152803+00:00, run_after=2024-09-28T10:19:26.152803+00:00
[2024-09-28T10:19:26.265+0000] {processor.py:176} INFO - Processing /home/airflow/.local/lib/python3.7/site-packages/airflow/example_dags/example_latest_only_with_trigger.py took 1.203 seconds
[2024-09-28T10:19:56.794+0000] {processor.py:154} INFO - Started process (PID=28805) to work on /home/airflow/.local/lib/python3.7/site-packages/airflow/example_dags/example_latest_only_with_trigger.py
[2024-09-28T10:19:56.802+0000] {processor.py:756} INFO - Processing file /home/airflow/.local/lib/python3.7/site-packages/airflow/example_dags/example_latest_only_with_trigger.py for tasks to queue
[2024-09-28T10:19:56.806+0000] {logging_mixin.py:120} INFO - [2024-09-28T10:19:56.805+0000] {dagbag.py:537} INFO - Filling up the DagBag from /home/airflow/.local/lib/python3.7/site-packages/airflow/example_dags/example_latest_only_with_trigger.py
[2024-09-28T10:19:56.886+0000] {processor.py:766} INFO - DAG(s) dict_keys(['latest_only_with_trigger']) retrieved from /home/airflow/.local/lib/python3.7/site-packages/airflow/example_dags/example_latest_only_with_trigger.py
[2024-09-28T10:19:57.070+0000] {logging_mixin.py:120} INFO - [2024-09-28T10:19:57.070+0000] {dag.py:2585} INFO - Sync 1 DAGs
[2024-09-28T10:19:57.186+0000] {logging_mixin.py:120} INFO - [2024-09-28T10:19:57.185+0000] {dag.py:3340} INFO - Setting next_dagrun for latest_only_with_trigger to 2024-09-28T06:19:57.184857+00:00, run_after=2024-09-28T10:19:57.184857+00:00
[2024-09-28T10:19:57.271+0000] {processor.py:176} INFO - Processing /home/airflow/.local/lib/python3.7/site-packages/airflow/example_dags/example_latest_only_with_trigger.py took 0.495 seconds
[2024-09-28T10:20:28.403+0000] {processor.py:154} INFO - Started process (PID=28868) to work on /home/airflow/.local/lib/python3.7/site-packages/airflow/example_dags/example_latest_only_with_trigger.py
[2024-09-28T10:20:28.413+0000] {processor.py:756} INFO - Processing file /home/airflow/.local/lib/python3.7/site-packages/airflow/example_dags/example_latest_only_with_trigger.py for tasks to queue
[2024-09-28T10:20:28.418+0000] {logging_mixin.py:120} INFO - [2024-09-28T10:20:28.417+0000] {dagbag.py:537} INFO - Filling up the DagBag from /home/airflow/.local/lib/python3.7/site-packages/airflow/example_dags/example_latest_only_with_trigger.py
[2024-09-28T10:20:28.549+0000] {processor.py:766} INFO - DAG(s) dict_keys(['latest_only_with_trigger']) retrieved from /home/airflow/.local/lib/python3.7/site-packages/airflow/example_dags/example_latest_only_with_trigger.py
[2024-09-28T10:20:28.834+0000] {logging_mixin.py:120} INFO - [2024-09-28T10:20:28.834+0000] {dag.py:2585} INFO - Sync 1 DAGs
[2024-09-28T10:20:28.999+0000] {logging_mixin.py:120} INFO - [2024-09-28T10:20:28.998+0000] {dag.py:3340} INFO - Setting next_dagrun for latest_only_with_trigger to 2024-09-28T06:20:28.997629+00:00, run_after=2024-09-28T10:20:28.997629+00:00
[2024-09-28T10:20:29.086+0000] {processor.py:176} INFO - Processing /home/airflow/.local/lib/python3.7/site-packages/airflow/example_dags/example_latest_only_with_trigger.py took 0.704 seconds
[2024-09-28T10:20:59.950+0000] {processor.py:154} INFO - Started process (PID=28930) to work on /home/airflow/.local/lib/python3.7/site-packages/airflow/example_dags/example_latest_only_with_trigger.py
[2024-09-28T10:20:59.957+0000] {processor.py:756} INFO - Processing file /home/airflow/.local/lib/python3.7/site-packages/airflow/example_dags/example_latest_only_with_trigger.py for tasks to queue
[2024-09-28T10:20:59.962+0000] {logging_mixin.py:120} INFO - [2024-09-28T10:20:59.961+0000] {dagbag.py:537} INFO - Filling up the DagBag from /home/airflow/.local/lib/python3.7/site-packages/airflow/example_dags/example_latest_only_with_trigger.py
[2024-09-28T10:21:00.038+0000] {processor.py:766} INFO - DAG(s) dict_keys(['latest_only_with_trigger']) retrieved from /home/airflow/.local/lib/python3.7/site-packages/airflow/example_dags/example_latest_only_with_trigger.py
[2024-09-28T10:21:00.294+0000] {logging_mixin.py:120} INFO - [2024-09-28T10:21:00.294+0000] {dag.py:2585} INFO - Sync 1 DAGs
[2024-09-28T10:21:00.847+0000] {logging_mixin.py:120} INFO - [2024-09-28T10:21:00.846+0000] {dag.py:3340} INFO - Setting next_dagrun for latest_only_with_trigger to 2024-09-28T06:21:00.440638+00:00, run_after=2024-09-28T10:21:00.440638+00:00
[2024-09-28T10:21:00.917+0000] {processor.py:176} INFO - Processing /home/airflow/.local/lib/python3.7/site-packages/airflow/example_dags/example_latest_only_with_trigger.py took 0.983 seconds
[2024-09-28T10:21:31.075+0000] {processor.py:154} INFO - Started process (PID=28993) to work on /home/airflow/.local/lib/python3.7/site-packages/airflow/example_dags/example_latest_only_with_trigger.py
[2024-09-28T10:21:31.080+0000] {processor.py:756} INFO - Processing file /home/airflow/.local/lib/python3.7/site-packages/airflow/example_dags/example_latest_only_with_trigger.py for tasks to queue
[2024-09-28T10:21:31.083+0000] {logging_mixin.py:120} INFO - [2024-09-28T10:21:31.082+0000] {dagbag.py:537} INFO - Filling up the DagBag from /home/airflow/.local/lib/python3.7/site-packages/airflow/example_dags/example_latest_only_with_trigger.py
[2024-09-28T10:21:31.138+0000] {processor.py:766} INFO - DAG(s) dict_keys(['latest_only_with_trigger']) retrieved from /home/airflow/.local/lib/python3.7/site-packages/airflow/example_dags/example_latest_only_with_trigger.py
[2024-09-28T10:21:31.288+0000] {logging_mixin.py:120} INFO - [2024-09-28T10:21:31.287+0000] {dag.py:2585} INFO - Sync 1 DAGs
[2024-09-28T10:21:31.707+0000] {logging_mixin.py:120} INFO - [2024-09-28T10:21:31.706+0000] {dag.py:3340} INFO - Setting next_dagrun for latest_only_with_trigger to 2024-09-28T06:21:31.706268+00:00, run_after=2024-09-28T10:21:31.706268+00:00
[2024-09-28T10:21:31.765+0000] {processor.py:176} INFO - Processing /home/airflow/.local/lib/python3.7/site-packages/airflow/example_dags/example_latest_only_with_trigger.py took 0.701 seconds
[2024-09-28T10:22:02.131+0000] {processor.py:154} INFO - Started process (PID=29057) to work on /home/airflow/.local/lib/python3.7/site-packages/airflow/example_dags/example_latest_only_with_trigger.py
[2024-09-28T10:22:02.138+0000] {processor.py:756} INFO - Processing file /home/airflow/.local/lib/python3.7/site-packages/airflow/example_dags/example_latest_only_with_trigger.py for tasks to queue
[2024-09-28T10:22:02.144+0000] {logging_mixin.py:120} INFO - [2024-09-28T10:22:02.144+0000] {dagbag.py:537} INFO - Filling up the DagBag from /home/airflow/.local/lib/python3.7/site-packages/airflow/example_dags/example_latest_only_with_trigger.py
[2024-09-28T10:22:02.212+0000] {processor.py:766} INFO - DAG(s) dict_keys(['latest_only_with_trigger']) retrieved from /home/airflow/.local/lib/python3.7/site-packages/airflow/example_dags/example_latest_only_with_trigger.py
[2024-09-28T10:22:02.420+0000] {logging_mixin.py:120} INFO - [2024-09-28T10:22:02.419+0000] {dag.py:2585} INFO - Sync 1 DAGs
[2024-09-28T10:22:02.539+0000] {logging_mixin.py:120} INFO - [2024-09-28T10:22:02.538+0000] {dag.py:3340} INFO - Setting next_dagrun for latest_only_with_trigger to 2024-09-28T06:22:02.537750+00:00, run_after=2024-09-28T10:22:02.537750+00:00
[2024-09-28T10:22:02.616+0000] {processor.py:176} INFO - Processing /home/airflow/.local/lib/python3.7/site-packages/airflow/example_dags/example_latest_only_with_trigger.py took 0.500 seconds
[2024-09-28T10:22:34.980+0000] {processor.py:154} INFO - Started process (PID=29121) to work on /home/airflow/.local/lib/python3.7/site-packages/airflow/example_dags/example_latest_only_with_trigger.py
[2024-09-28T10:22:34.987+0000] {processor.py:756} INFO - Processing file /home/airflow/.local/lib/python3.7/site-packages/airflow/example_dags/example_latest_only_with_trigger.py for tasks to queue
[2024-09-28T10:22:34.991+0000] {logging_mixin.py:120} INFO - [2024-09-28T10:22:34.991+0000] {dagbag.py:537} INFO - Filling up the DagBag from /home/airflow/.local/lib/python3.7/site-packages/airflow/example_dags/example_latest_only_with_trigger.py
[2024-09-28T10:22:35.086+0000] {processor.py:766} INFO - DAG(s) dict_keys(['latest_only_with_trigger']) retrieved from /home/airflow/.local/lib/python3.7/site-packages/airflow/example_dags/example_latest_only_with_trigger.py
[2024-09-28T10:22:35.269+0000] {logging_mixin.py:120} INFO - [2024-09-28T10:22:35.269+0000] {dag.py:2585} INFO - Sync 1 DAGs
[2024-09-28T10:22:35.377+0000] {logging_mixin.py:120} INFO - [2024-09-28T10:22:35.377+0000] {dag.py:3340} INFO - Setting next_dagrun for latest_only_with_trigger to 2024-09-28T06:22:35.376542+00:00, run_after=2024-09-28T10:22:35.376542+00:00
[2024-09-28T10:22:35.460+0000] {processor.py:176} INFO - Processing /home/airflow/.local/lib/python3.7/site-packages/airflow/example_dags/example_latest_only_with_trigger.py took 0.503 seconds
[2024-09-28T10:23:08.366+0000] {processor.py:154} INFO - Started process (PID=29186) to work on /home/airflow/.local/lib/python3.7/site-packages/airflow/example_dags/example_latest_only_with_trigger.py
[2024-09-28T10:23:08.373+0000] {processor.py:756} INFO - Processing file /home/airflow/.local/lib/python3.7/site-packages/airflow/example_dags/example_latest_only_with_trigger.py for tasks to queue
[2024-09-28T10:23:08.376+0000] {logging_mixin.py:120} INFO - [2024-09-28T10:23:08.375+0000] {dagbag.py:537} INFO - Filling up the DagBag from /home/airflow/.local/lib/python3.7/site-packages/airflow/example_dags/example_latest_only_with_trigger.py
[2024-09-28T10:23:08.435+0000] {processor.py:766} INFO - DAG(s) dict_keys(['latest_only_with_trigger']) retrieved from /home/airflow/.local/lib/python3.7/site-packages/airflow/example_dags/example_latest_only_with_trigger.py
[2024-09-28T10:23:08.594+0000] {logging_mixin.py:120} INFO - [2024-09-28T10:23:08.593+0000] {dag.py:2585} INFO - Sync 1 DAGs
[2024-09-28T10:23:09.090+0000] {logging_mixin.py:120} INFO - [2024-09-28T10:23:09.089+0000] {dag.py:3340} INFO - Setting next_dagrun for latest_only_with_trigger to 2024-09-28T06:23:09.088818+00:00, run_after=2024-09-28T10:23:09.088818+00:00
[2024-09-28T10:23:09.175+0000] {processor.py:176} INFO - Processing /home/airflow/.local/lib/python3.7/site-packages/airflow/example_dags/example_latest_only_with_trigger.py took 0.821 seconds
[2024-09-28T10:23:39.646+0000] {processor.py:154} INFO - Started process (PID=29248) to work on /home/airflow/.local/lib/python3.7/site-packages/airflow/example_dags/example_latest_only_with_trigger.py
[2024-09-28T10:23:39.652+0000] {processor.py:756} INFO - Processing file /home/airflow/.local/lib/python3.7/site-packages/airflow/example_dags/example_latest_only_with_trigger.py for tasks to queue
[2024-09-28T10:23:39.654+0000] {logging_mixin.py:120} INFO - [2024-09-28T10:23:39.654+0000] {dagbag.py:537} INFO - Filling up the DagBag from /home/airflow/.local/lib/python3.7/site-packages/airflow/example_dags/example_latest_only_with_trigger.py
[2024-09-28T10:23:39.705+0000] {processor.py:766} INFO - DAG(s) dict_keys(['latest_only_with_trigger']) retrieved from /home/airflow/.local/lib/python3.7/site-packages/airflow/example_dags/example_latest_only_with_trigger.py
[2024-09-28T10:23:39.840+0000] {logging_mixin.py:120} INFO - [2024-09-28T10:23:39.840+0000] {dag.py:2585} INFO - Sync 1 DAGs
[2024-09-28T10:23:40.244+0000] {logging_mixin.py:120} INFO - [2024-09-28T10:23:40.244+0000] {dag.py:3340} INFO - Setting next_dagrun for latest_only_with_trigger to 2024-09-28T06:23:40.243483+00:00, run_after=2024-09-28T10:23:40.243483+00:00
[2024-09-28T10:23:40.331+0000] {processor.py:176} INFO - Processing /home/airflow/.local/lib/python3.7/site-packages/airflow/example_dags/example_latest_only_with_trigger.py took 0.697 seconds
[2024-09-28T10:24:10.962+0000] {processor.py:154} INFO - Started process (PID=29318) to work on /home/airflow/.local/lib/python3.7/site-packages/airflow/example_dags/example_latest_only_with_trigger.py
[2024-09-28T10:24:10.968+0000] {processor.py:756} INFO - Processing file /home/airflow/.local/lib/python3.7/site-packages/airflow/example_dags/example_latest_only_with_trigger.py for tasks to queue
[2024-09-28T10:24:10.971+0000] {logging_mixin.py:120} INFO - [2024-09-28T10:24:10.970+0000] {dagbag.py:537} INFO - Filling up the DagBag from /home/airflow/.local/lib/python3.7/site-packages/airflow/example_dags/example_latest_only_with_trigger.py
[2024-09-28T10:24:11.033+0000] {processor.py:766} INFO - DAG(s) dict_keys(['latest_only_with_trigger']) retrieved from /home/airflow/.local/lib/python3.7/site-packages/airflow/example_dags/example_latest_only_with_trigger.py
[2024-09-28T10:24:11.570+0000] {logging_mixin.py:120} INFO - [2024-09-28T10:24:11.569+0000] {dag.py:2585} INFO - Sync 1 DAGs
[2024-09-28T10:24:11.686+0000] {logging_mixin.py:120} INFO - [2024-09-28T10:24:11.685+0000] {dag.py:3340} INFO - Setting next_dagrun for latest_only_with_trigger to 2024-09-28T06:24:11.685131+00:00, run_after=2024-09-28T10:24:11.685131+00:00
[2024-09-28T10:24:11.761+0000] {processor.py:176} INFO - Processing /home/airflow/.local/lib/python3.7/site-packages/airflow/example_dags/example_latest_only_with_trigger.py took 0.814 seconds
[2024-09-28T10:24:42.289+0000] {processor.py:154} INFO - Started process (PID=29382) to work on /home/airflow/.local/lib/python3.7/site-packages/airflow/example_dags/example_latest_only_with_trigger.py
[2024-09-28T10:24:42.291+0000] {processor.py:756} INFO - Processing file /home/airflow/.local/lib/python3.7/site-packages/airflow/example_dags/example_latest_only_with_trigger.py for tasks to queue
[2024-09-28T10:24:42.292+0000] {logging_mixin.py:120} INFO - [2024-09-28T10:24:42.292+0000] {dagbag.py:537} INFO - Filling up the DagBag from /home/airflow/.local/lib/python3.7/site-packages/airflow/example_dags/example_latest_only_with_trigger.py
[2024-09-28T10:24:42.311+0000] {processor.py:766} INFO - DAG(s) dict_keys(['latest_only_with_trigger']) retrieved from /home/airflow/.local/lib/python3.7/site-packages/airflow/example_dags/example_latest_only_with_trigger.py
[2024-09-28T10:24:42.358+0000] {logging_mixin.py:120} INFO - [2024-09-28T10:24:42.358+0000] {dag.py:2585} INFO - Sync 1 DAGs
[2024-09-28T10:24:42.384+0000] {logging_mixin.py:120} INFO - [2024-09-28T10:24:42.384+0000] {dag.py:3340} INFO - Setting next_dagrun for latest_only_with_trigger to 2024-09-28T06:24:42.384392+00:00, run_after=2024-09-28T10:24:42.384392+00:00
[2024-09-28T10:24:42.404+0000] {processor.py:176} INFO - Processing /home/airflow/.local/lib/python3.7/site-packages/airflow/example_dags/example_latest_only_with_trigger.py took 0.120 seconds
[2024-09-28T10:42:42.858+0000] {processor.py:154} INFO - Started process (PID=29470) to work on /home/airflow/.local/lib/python3.7/site-packages/airflow/example_dags/example_latest_only_with_trigger.py
[2024-09-28T10:42:42.872+0000] {processor.py:756} INFO - Processing file /home/airflow/.local/lib/python3.7/site-packages/airflow/example_dags/example_latest_only_with_trigger.py for tasks to queue
[2024-09-28T10:42:42.881+0000] {logging_mixin.py:120} INFO - [2024-09-28T10:42:42.879+0000] {dagbag.py:537} INFO - Filling up the DagBag from /home/airflow/.local/lib/python3.7/site-packages/airflow/example_dags/example_latest_only_with_trigger.py
[2024-09-28T10:42:43.039+0000] {processor.py:766} INFO - DAG(s) dict_keys(['latest_only_with_trigger']) retrieved from /home/airflow/.local/lib/python3.7/site-packages/airflow/example_dags/example_latest_only_with_trigger.py
[2024-09-28T10:42:43.460+0000] {logging_mixin.py:120} INFO - [2024-09-28T10:42:43.459+0000] {dag.py:2585} INFO - Sync 1 DAGs
[2024-09-28T10:42:44.461+0000] {logging_mixin.py:120} INFO - [2024-09-28T10:42:44.461+0000] {dag.py:3340} INFO - Setting next_dagrun for latest_only_with_trigger to 2024-09-28T06:42:44.460370+00:00, run_after=2024-09-28T10:42:44.460370+00:00
[2024-09-28T10:42:44.587+0000] {processor.py:176} INFO - Processing /home/airflow/.local/lib/python3.7/site-packages/airflow/example_dags/example_latest_only_with_trigger.py took 1.755 seconds
[2024-09-28T10:43:19.063+0000] {processor.py:154} INFO - Started process (PID=29533) to work on /home/airflow/.local/lib/python3.7/site-packages/airflow/example_dags/example_latest_only_with_trigger.py
[2024-09-28T10:43:19.077+0000] {processor.py:756} INFO - Processing file /home/airflow/.local/lib/python3.7/site-packages/airflow/example_dags/example_latest_only_with_trigger.py for tasks to queue
[2024-09-28T10:43:19.087+0000] {logging_mixin.py:120} INFO - [2024-09-28T10:43:19.085+0000] {dagbag.py:537} INFO - Filling up the DagBag from /home/airflow/.local/lib/python3.7/site-packages/airflow/example_dags/example_latest_only_with_trigger.py
[2024-09-28T10:43:19.261+0000] {processor.py:766} INFO - DAG(s) dict_keys(['latest_only_with_trigger']) retrieved from /home/airflow/.local/lib/python3.7/site-packages/airflow/example_dags/example_latest_only_with_trigger.py
[2024-09-28T10:43:20.244+0000] {logging_mixin.py:120} INFO - [2024-09-28T10:43:20.243+0000] {dag.py:2585} INFO - Sync 1 DAGs
[2024-09-28T10:43:20.451+0000] {logging_mixin.py:120} INFO - [2024-09-28T10:43:20.450+0000] {dag.py:3340} INFO - Setting next_dagrun for latest_only_with_trigger to 2024-09-28T06:43:20.448179+00:00, run_after=2024-09-28T10:43:20.448179+00:00
[2024-09-28T10:43:20.591+0000] {processor.py:176} INFO - Processing /home/airflow/.local/lib/python3.7/site-packages/airflow/example_dags/example_latest_only_with_trigger.py took 1.565 seconds
[2024-09-28T10:43:50.992+0000] {processor.py:154} INFO - Started process (PID=29588) to work on /home/airflow/.local/lib/python3.7/site-packages/airflow/example_dags/example_latest_only_with_trigger.py
[2024-09-28T10:43:51.003+0000] {processor.py:756} INFO - Processing file /home/airflow/.local/lib/python3.7/site-packages/airflow/example_dags/example_latest_only_with_trigger.py for tasks to queue
[2024-09-28T10:43:51.010+0000] {logging_mixin.py:120} INFO - [2024-09-28T10:43:51.008+0000] {dagbag.py:537} INFO - Filling up the DagBag from /home/airflow/.local/lib/python3.7/site-packages/airflow/example_dags/example_latest_only_with_trigger.py
[2024-09-28T10:43:51.147+0000] {processor.py:766} INFO - DAG(s) dict_keys(['latest_only_with_trigger']) retrieved from /home/airflow/.local/lib/python3.7/site-packages/airflow/example_dags/example_latest_only_with_trigger.py
[2024-09-28T10:43:51.462+0000] {logging_mixin.py:120} INFO - [2024-09-28T10:43:51.461+0000] {dag.py:2585} INFO - Sync 1 DAGs
[2024-09-28T10:43:51.692+0000] {logging_mixin.py:120} INFO - [2024-09-28T10:43:51.691+0000] {dag.py:3340} INFO - Setting next_dagrun for latest_only_with_trigger to 2024-09-28T06:43:51.689726+00:00, run_after=2024-09-28T10:43:51.689726+00:00
[2024-09-28T10:43:51.842+0000] {processor.py:176} INFO - Processing /home/airflow/.local/lib/python3.7/site-packages/airflow/example_dags/example_latest_only_with_trigger.py took 0.886 seconds
[2024-09-28T10:44:22.120+0000] {processor.py:154} INFO - Started process (PID=29650) to work on /home/airflow/.local/lib/python3.7/site-packages/airflow/example_dags/example_latest_only_with_trigger.py
[2024-09-28T10:44:22.128+0000] {processor.py:756} INFO - Processing file /home/airflow/.local/lib/python3.7/site-packages/airflow/example_dags/example_latest_only_with_trigger.py for tasks to queue
[2024-09-28T10:44:22.132+0000] {logging_mixin.py:120} INFO - [2024-09-28T10:44:22.131+0000] {dagbag.py:537} INFO - Filling up the DagBag from /home/airflow/.local/lib/python3.7/site-packages/airflow/example_dags/example_latest_only_with_trigger.py
[2024-09-28T10:44:22.205+0000] {processor.py:766} INFO - DAG(s) dict_keys(['latest_only_with_trigger']) retrieved from /home/airflow/.local/lib/python3.7/site-packages/airflow/example_dags/example_latest_only_with_trigger.py
[2024-09-28T10:44:22.404+0000] {logging_mixin.py:120} INFO - [2024-09-28T10:44:22.404+0000] {dag.py:2585} INFO - Sync 1 DAGs
[2024-09-28T10:44:22.519+0000] {logging_mixin.py:120} INFO - [2024-09-28T10:44:22.519+0000] {dag.py:3340} INFO - Setting next_dagrun for latest_only_with_trigger to 2024-09-28T06:44:22.518038+00:00, run_after=2024-09-28T10:44:22.518038+00:00
[2024-09-28T10:44:22.610+0000] {processor.py:176} INFO - Processing /home/airflow/.local/lib/python3.7/site-packages/airflow/example_dags/example_latest_only_with_trigger.py took 0.507 seconds
[2024-09-28T10:44:55.094+0000] {processor.py:154} INFO - Started process (PID=29716) to work on /home/airflow/.local/lib/python3.7/site-packages/airflow/example_dags/example_latest_only_with_trigger.py
[2024-09-28T10:44:55.102+0000] {processor.py:756} INFO - Processing file /home/airflow/.local/lib/python3.7/site-packages/airflow/example_dags/example_latest_only_with_trigger.py for tasks to queue
[2024-09-28T10:44:55.107+0000] {logging_mixin.py:120} INFO - [2024-09-28T10:44:55.106+0000] {dagbag.py:537} INFO - Filling up the DagBag from /home/airflow/.local/lib/python3.7/site-packages/airflow/example_dags/example_latest_only_with_trigger.py
[2024-09-28T10:44:55.198+0000] {processor.py:766} INFO - DAG(s) dict_keys(['latest_only_with_trigger']) retrieved from /home/airflow/.local/lib/python3.7/site-packages/airflow/example_dags/example_latest_only_with_trigger.py
[2024-09-28T10:44:55.396+0000] {logging_mixin.py:120} INFO - [2024-09-28T10:44:55.395+0000] {dag.py:2585} INFO - Sync 1 DAGs
[2024-09-28T10:44:55.964+0000] {logging_mixin.py:120} INFO - [2024-09-28T10:44:55.963+0000] {dag.py:3340} INFO - Setting next_dagrun for latest_only_with_trigger to 2024-09-28T06:44:55.963070+00:00, run_after=2024-09-28T10:44:55.963070+00:00
[2024-09-28T10:44:56.042+0000] {processor.py:176} INFO - Processing /home/airflow/.local/lib/python3.7/site-packages/airflow/example_dags/example_latest_only_with_trigger.py took 0.971 seconds
[2024-09-28T10:45:27.526+0000] {processor.py:154} INFO - Started process (PID=29779) to work on /home/airflow/.local/lib/python3.7/site-packages/airflow/example_dags/example_latest_only_with_trigger.py
[2024-09-28T10:45:27.536+0000] {processor.py:756} INFO - Processing file /home/airflow/.local/lib/python3.7/site-packages/airflow/example_dags/example_latest_only_with_trigger.py for tasks to queue
[2024-09-28T10:45:27.542+0000] {logging_mixin.py:120} INFO - [2024-09-28T10:45:27.541+0000] {dagbag.py:537} INFO - Filling up the DagBag from /home/airflow/.local/lib/python3.7/site-packages/airflow/example_dags/example_latest_only_with_trigger.py
[2024-09-28T10:45:27.643+0000] {processor.py:766} INFO - DAG(s) dict_keys(['latest_only_with_trigger']) retrieved from /home/airflow/.local/lib/python3.7/site-packages/airflow/example_dags/example_latest_only_with_trigger.py
[2024-09-28T10:45:27.914+0000] {logging_mixin.py:120} INFO - [2024-09-28T10:45:27.912+0000] {dag.py:2585} INFO - Sync 1 DAGs
[2024-09-28T10:45:28.720+0000] {logging_mixin.py:120} INFO - [2024-09-28T10:45:28.719+0000] {dag.py:3340} INFO - Setting next_dagrun for latest_only_with_trigger to 2024-09-28T06:45:28.718345+00:00, run_after=2024-09-28T10:45:28.718345+00:00
[2024-09-28T10:45:28.873+0000] {processor.py:176} INFO - Processing /home/airflow/.local/lib/python3.7/site-packages/airflow/example_dags/example_latest_only_with_trigger.py took 1.372 seconds
[2024-09-28T10:45:59.856+0000] {processor.py:154} INFO - Started process (PID=29840) to work on /home/airflow/.local/lib/python3.7/site-packages/airflow/example_dags/example_latest_only_with_trigger.py
[2024-09-28T10:45:59.866+0000] {processor.py:756} INFO - Processing file /home/airflow/.local/lib/python3.7/site-packages/airflow/example_dags/example_latest_only_with_trigger.py for tasks to queue
[2024-09-28T10:45:59.871+0000] {logging_mixin.py:120} INFO - [2024-09-28T10:45:59.870+0000] {dagbag.py:537} INFO - Filling up the DagBag from /home/airflow/.local/lib/python3.7/site-packages/airflow/example_dags/example_latest_only_with_trigger.py
[2024-09-28T10:45:59.961+0000] {processor.py:766} INFO - DAG(s) dict_keys(['latest_only_with_trigger']) retrieved from /home/airflow/.local/lib/python3.7/site-packages/airflow/example_dags/example_latest_only_with_trigger.py
[2024-09-28T10:46:00.229+0000] {logging_mixin.py:120} INFO - [2024-09-28T10:46:00.228+0000] {dag.py:2585} INFO - Sync 1 DAGs
[2024-09-28T10:46:00.373+0000] {logging_mixin.py:120} INFO - [2024-09-28T10:46:00.373+0000] {dag.py:3340} INFO - Setting next_dagrun for latest_only_with_trigger to 2024-09-28T06:46:00.372099+00:00, run_after=2024-09-28T10:46:00.372099+00:00
[2024-09-28T10:46:00.475+0000] {processor.py:176} INFO - Processing /home/airflow/.local/lib/python3.7/site-packages/airflow/example_dags/example_latest_only_with_trigger.py took 0.642 seconds
[2024-09-28T10:46:30.724+0000] {processor.py:154} INFO - Started process (PID=29896) to work on /home/airflow/.local/lib/python3.7/site-packages/airflow/example_dags/example_latest_only_with_trigger.py
[2024-09-28T10:46:30.731+0000] {processor.py:756} INFO - Processing file /home/airflow/.local/lib/python3.7/site-packages/airflow/example_dags/example_latest_only_with_trigger.py for tasks to queue
[2024-09-28T10:46:30.735+0000] {logging_mixin.py:120} INFO - [2024-09-28T10:46:30.734+0000] {dagbag.py:537} INFO - Filling up the DagBag from /home/airflow/.local/lib/python3.7/site-packages/airflow/example_dags/example_latest_only_with_trigger.py
[2024-09-28T10:46:30.812+0000] {processor.py:766} INFO - DAG(s) dict_keys(['latest_only_with_trigger']) retrieved from /home/airflow/.local/lib/python3.7/site-packages/airflow/example_dags/example_latest_only_with_trigger.py
[2024-09-28T10:46:31.036+0000] {logging_mixin.py:120} INFO - [2024-09-28T10:46:31.036+0000] {dag.py:2585} INFO - Sync 1 DAGs
[2024-09-28T10:46:31.197+0000] {logging_mixin.py:120} INFO - [2024-09-28T10:46:31.196+0000] {dag.py:3340} INFO - Setting next_dagrun for latest_only_with_trigger to 2024-09-28T06:46:31.195464+00:00, run_after=2024-09-28T10:46:31.195464+00:00
[2024-09-28T10:46:31.299+0000] {processor.py:176} INFO - Processing /home/airflow/.local/lib/python3.7/site-packages/airflow/example_dags/example_latest_only_with_trigger.py took 0.593 seconds
[2024-09-28T10:47:04.232+0000] {processor.py:154} INFO - Started process (PID=29960) to work on /home/airflow/.local/lib/python3.7/site-packages/airflow/example_dags/example_latest_only_with_trigger.py
[2024-09-28T10:47:04.244+0000] {processor.py:756} INFO - Processing file /home/airflow/.local/lib/python3.7/site-packages/airflow/example_dags/example_latest_only_with_trigger.py for tasks to queue
[2024-09-28T10:47:04.250+0000] {logging_mixin.py:120} INFO - [2024-09-28T10:47:04.248+0000] {dagbag.py:537} INFO - Filling up the DagBag from /home/airflow/.local/lib/python3.7/site-packages/airflow/example_dags/example_latest_only_with_trigger.py
[2024-09-28T10:47:04.342+0000] {processor.py:766} INFO - DAG(s) dict_keys(['latest_only_with_trigger']) retrieved from /home/airflow/.local/lib/python3.7/site-packages/airflow/example_dags/example_latest_only_with_trigger.py
[2024-09-28T10:47:04.520+0000] {logging_mixin.py:120} INFO - [2024-09-28T10:47:04.519+0000] {dag.py:2585} INFO - Sync 1 DAGs
[2024-09-28T10:47:05.193+0000] {logging_mixin.py:120} INFO - [2024-09-28T10:47:05.192+0000] {dag.py:3340} INFO - Setting next_dagrun for latest_only_with_trigger to 2024-09-28T06:47:05.192164+00:00, run_after=2024-09-28T10:47:05.192164+00:00
[2024-09-28T10:47:05.301+0000] {processor.py:176} INFO - Processing /home/airflow/.local/lib/python3.7/site-packages/airflow/example_dags/example_latest_only_with_trigger.py took 1.088 seconds
[2024-09-28T10:47:36.411+0000] {processor.py:154} INFO - Started process (PID=30023) to work on /home/airflow/.local/lib/python3.7/site-packages/airflow/example_dags/example_latest_only_with_trigger.py
[2024-09-28T10:47:36.418+0000] {processor.py:756} INFO - Processing file /home/airflow/.local/lib/python3.7/site-packages/airflow/example_dags/example_latest_only_with_trigger.py for tasks to queue
[2024-09-28T10:47:36.421+0000] {logging_mixin.py:120} INFO - [2024-09-28T10:47:36.421+0000] {dagbag.py:537} INFO - Filling up the DagBag from /home/airflow/.local/lib/python3.7/site-packages/airflow/example_dags/example_latest_only_with_trigger.py
[2024-09-28T10:47:36.494+0000] {processor.py:766} INFO - DAG(s) dict_keys(['latest_only_with_trigger']) retrieved from /home/airflow/.local/lib/python3.7/site-packages/airflow/example_dags/example_latest_only_with_trigger.py
[2024-09-28T10:47:36.669+0000] {logging_mixin.py:120} INFO - [2024-09-28T10:47:36.668+0000] {dag.py:2585} INFO - Sync 1 DAGs
[2024-09-28T10:47:37.231+0000] {logging_mixin.py:120} INFO - [2024-09-28T10:47:37.230+0000] {dag.py:3340} INFO - Setting next_dagrun for latest_only_with_trigger to 2024-09-28T06:47:37.230017+00:00, run_after=2024-09-28T10:47:37.230017+00:00
[2024-09-28T10:47:37.315+0000] {processor.py:176} INFO - Processing /home/airflow/.local/lib/python3.7/site-packages/airflow/example_dags/example_latest_only_with_trigger.py took 0.921 seconds
[2024-09-28T10:48:07.629+0000] {processor.py:154} INFO - Started process (PID=30085) to work on /home/airflow/.local/lib/python3.7/site-packages/airflow/example_dags/example_latest_only_with_trigger.py
[2024-09-28T10:48:07.634+0000] {processor.py:756} INFO - Processing file /home/airflow/.local/lib/python3.7/site-packages/airflow/example_dags/example_latest_only_with_trigger.py for tasks to queue
[2024-09-28T10:48:07.637+0000] {logging_mixin.py:120} INFO - [2024-09-28T10:48:07.637+0000] {dagbag.py:537} INFO - Filling up the DagBag from /home/airflow/.local/lib/python3.7/site-packages/airflow/example_dags/example_latest_only_with_trigger.py
[2024-09-28T10:48:07.689+0000] {processor.py:766} INFO - DAG(s) dict_keys(['latest_only_with_trigger']) retrieved from /home/airflow/.local/lib/python3.7/site-packages/airflow/example_dags/example_latest_only_with_trigger.py
[2024-09-28T10:48:08.142+0000] {logging_mixin.py:120} INFO - [2024-09-28T10:48:08.141+0000] {dag.py:2585} INFO - Sync 1 DAGs
[2024-09-28T10:48:08.217+0000] {logging_mixin.py:120} INFO - [2024-09-28T10:48:08.216+0000] {dag.py:3340} INFO - Setting next_dagrun for latest_only_with_trigger to 2024-09-28T06:48:08.216216+00:00, run_after=2024-09-28T10:48:08.216216+00:00
[2024-09-28T10:48:08.278+0000] {processor.py:176} INFO - Processing /home/airflow/.local/lib/python3.7/site-packages/airflow/example_dags/example_latest_only_with_trigger.py took 0.660 seconds
[2024-09-28T10:48:38.851+0000] {processor.py:154} INFO - Started process (PID=30157) to work on /home/airflow/.local/lib/python3.7/site-packages/airflow/example_dags/example_latest_only_with_trigger.py
[2024-09-28T10:48:38.858+0000] {processor.py:756} INFO - Processing file /home/airflow/.local/lib/python3.7/site-packages/airflow/example_dags/example_latest_only_with_trigger.py for tasks to queue
[2024-09-28T10:48:38.860+0000] {logging_mixin.py:120} INFO - [2024-09-28T10:48:38.860+0000] {dagbag.py:537} INFO - Filling up the DagBag from /home/airflow/.local/lib/python3.7/site-packages/airflow/example_dags/example_latest_only_with_trigger.py
[2024-09-28T10:48:38.907+0000] {processor.py:766} INFO - DAG(s) dict_keys(['latest_only_with_trigger']) retrieved from /home/airflow/.local/lib/python3.7/site-packages/airflow/example_dags/example_latest_only_with_trigger.py
[2024-09-28T10:48:39.034+0000] {logging_mixin.py:120} INFO - [2024-09-28T10:48:39.033+0000] {dag.py:2585} INFO - Sync 1 DAGs
[2024-09-28T10:48:39.122+0000] {logging_mixin.py:120} INFO - [2024-09-28T10:48:39.121+0000] {dag.py:3340} INFO - Setting next_dagrun for latest_only_with_trigger to 2024-09-28T06:48:39.120917+00:00, run_after=2024-09-28T10:48:39.120917+00:00
[2024-09-28T10:48:39.182+0000] {processor.py:176} INFO - Processing /home/airflow/.local/lib/python3.7/site-packages/airflow/example_dags/example_latest_only_with_trigger.py took 0.343 seconds
[2024-09-28T11:05:14.678+0000] {processor.py:154} INFO - Started process (PID=30249) to work on /home/airflow/.local/lib/python3.7/site-packages/airflow/example_dags/example_latest_only_with_trigger.py
[2024-09-28T11:05:14.701+0000] {processor.py:756} INFO - Processing file /home/airflow/.local/lib/python3.7/site-packages/airflow/example_dags/example_latest_only_with_trigger.py for tasks to queue
[2024-09-28T11:05:14.713+0000] {logging_mixin.py:120} INFO - [2024-09-28T11:05:14.710+0000] {dagbag.py:537} INFO - Filling up the DagBag from /home/airflow/.local/lib/python3.7/site-packages/airflow/example_dags/example_latest_only_with_trigger.py
[2024-09-28T11:05:14.906+0000] {processor.py:766} INFO - DAG(s) dict_keys(['latest_only_with_trigger']) retrieved from /home/airflow/.local/lib/python3.7/site-packages/airflow/example_dags/example_latest_only_with_trigger.py
[2024-09-28T11:05:15.227+0000] {logging_mixin.py:120} INFO - [2024-09-28T11:05:15.225+0000] {dag.py:2585} INFO - Sync 1 DAGs
[2024-09-28T11:05:16.026+0000] {logging_mixin.py:120} INFO - [2024-09-28T11:05:16.025+0000] {dag.py:3340} INFO - Setting next_dagrun for latest_only_with_trigger to 2024-09-28T07:05:16.024847+00:00, run_after=2024-09-28T11:05:16.024847+00:00
[2024-09-28T11:05:16.161+0000] {processor.py:176} INFO - Processing /home/airflow/.local/lib/python3.7/site-packages/airflow/example_dags/example_latest_only_with_trigger.py took 1.511 seconds
[2024-09-28T11:05:50.247+0000] {processor.py:154} INFO - Started process (PID=30312) to work on /home/airflow/.local/lib/python3.7/site-packages/airflow/example_dags/example_latest_only_with_trigger.py
[2024-09-28T11:05:50.257+0000] {processor.py:756} INFO - Processing file /home/airflow/.local/lib/python3.7/site-packages/airflow/example_dags/example_latest_only_with_trigger.py for tasks to queue
[2024-09-28T11:05:50.262+0000] {logging_mixin.py:120} INFO - [2024-09-28T11:05:50.261+0000] {dagbag.py:537} INFO - Filling up the DagBag from /home/airflow/.local/lib/python3.7/site-packages/airflow/example_dags/example_latest_only_with_trigger.py
[2024-09-28T11:05:50.365+0000] {processor.py:766} INFO - DAG(s) dict_keys(['latest_only_with_trigger']) retrieved from /home/airflow/.local/lib/python3.7/site-packages/airflow/example_dags/example_latest_only_with_trigger.py
[2024-09-28T11:05:51.162+0000] {logging_mixin.py:120} INFO - [2024-09-28T11:05:51.161+0000] {dag.py:2585} INFO - Sync 1 DAGs
[2024-09-28T11:05:51.292+0000] {logging_mixin.py:120} INFO - [2024-09-28T11:05:51.291+0000] {dag.py:3340} INFO - Setting next_dagrun for latest_only_with_trigger to 2024-09-28T07:05:51.290996+00:00, run_after=2024-09-28T11:05:51.290996+00:00
[2024-09-28T11:05:51.388+0000] {processor.py:176} INFO - Processing /home/airflow/.local/lib/python3.7/site-packages/airflow/example_dags/example_latest_only_with_trigger.py took 1.166 seconds
[2024-09-28T11:06:22.328+0000] {processor.py:154} INFO - Started process (PID=30375) to work on /home/airflow/.local/lib/python3.7/site-packages/airflow/example_dags/example_latest_only_with_trigger.py
[2024-09-28T11:06:22.340+0000] {processor.py:756} INFO - Processing file /home/airflow/.local/lib/python3.7/site-packages/airflow/example_dags/example_latest_only_with_trigger.py for tasks to queue
[2024-09-28T11:06:22.346+0000] {logging_mixin.py:120} INFO - [2024-09-28T11:06:22.345+0000] {dagbag.py:537} INFO - Filling up the DagBag from /home/airflow/.local/lib/python3.7/site-packages/airflow/example_dags/example_latest_only_with_trigger.py
[2024-09-28T11:06:22.462+0000] {processor.py:766} INFO - DAG(s) dict_keys(['latest_only_with_trigger']) retrieved from /home/airflow/.local/lib/python3.7/site-packages/airflow/example_dags/example_latest_only_with_trigger.py
[2024-09-28T11:06:22.804+0000] {logging_mixin.py:120} INFO - [2024-09-28T11:06:22.803+0000] {dag.py:2585} INFO - Sync 1 DAGs
[2024-09-28T11:06:22.998+0000] {logging_mixin.py:120} INFO - [2024-09-28T11:06:22.997+0000] {dag.py:3340} INFO - Setting next_dagrun for latest_only_with_trigger to 2024-09-28T07:06:22.995829+00:00, run_after=2024-09-28T11:06:22.995829+00:00
[2024-09-28T11:06:23.131+0000] {processor.py:176} INFO - Processing /home/airflow/.local/lib/python3.7/site-packages/airflow/example_dags/example_latest_only_with_trigger.py took 0.824 seconds
[2024-09-28T11:22:05.354+0000] {processor.py:154} INFO - Started process (PID=30436) to work on /home/airflow/.local/lib/python3.7/site-packages/airflow/example_dags/example_latest_only_with_trigger.py
[2024-09-28T11:22:05.359+0000] {processor.py:756} INFO - Processing file /home/airflow/.local/lib/python3.7/site-packages/airflow/example_dags/example_latest_only_with_trigger.py for tasks to queue
[2024-09-28T11:22:05.360+0000] {logging_mixin.py:120} INFO - [2024-09-28T11:22:05.360+0000] {dagbag.py:537} INFO - Filling up the DagBag from /home/airflow/.local/lib/python3.7/site-packages/airflow/example_dags/example_latest_only_with_trigger.py
[2024-09-28T11:22:05.394+0000] {processor.py:766} INFO - DAG(s) dict_keys(['latest_only_with_trigger']) retrieved from /home/airflow/.local/lib/python3.7/site-packages/airflow/example_dags/example_latest_only_with_trigger.py
[2024-09-28T11:22:05.494+0000] {logging_mixin.py:120} INFO - [2024-09-28T11:22:05.493+0000] {dag.py:2585} INFO - Sync 1 DAGs
[2024-09-28T11:22:05.544+0000] {logging_mixin.py:120} INFO - [2024-09-28T11:22:05.544+0000] {dag.py:3340} INFO - Setting next_dagrun for latest_only_with_trigger to 2024-09-28T07:22:05.543938+00:00, run_after=2024-09-28T11:22:05.543938+00:00
[2024-09-28T11:22:05.589+0000] {processor.py:176} INFO - Processing /home/airflow/.local/lib/python3.7/site-packages/airflow/example_dags/example_latest_only_with_trigger.py took 0.242 seconds
[2024-09-28T11:22:59.571+0000] {processor.py:154} INFO - Started process (PID=30508) to work on /home/airflow/.local/lib/python3.7/site-packages/airflow/example_dags/example_latest_only_with_trigger.py
[2024-09-28T11:22:59.581+0000] {processor.py:756} INFO - Processing file /home/airflow/.local/lib/python3.7/site-packages/airflow/example_dags/example_latest_only_with_trigger.py for tasks to queue
[2024-09-28T11:22:59.585+0000] {logging_mixin.py:120} INFO - [2024-09-28T11:22:59.584+0000] {dagbag.py:537} INFO - Filling up the DagBag from /home/airflow/.local/lib/python3.7/site-packages/airflow/example_dags/example_latest_only_with_trigger.py
[2024-09-28T11:22:59.684+0000] {processor.py:766} INFO - DAG(s) dict_keys(['latest_only_with_trigger']) retrieved from /home/airflow/.local/lib/python3.7/site-packages/airflow/example_dags/example_latest_only_with_trigger.py
[2024-09-28T11:22:59.961+0000] {logging_mixin.py:120} INFO - [2024-09-28T11:22:59.960+0000] {dag.py:2585} INFO - Sync 1 DAGs
[2024-09-28T11:23:00.720+0000] {logging_mixin.py:120} INFO - [2024-09-28T11:23:00.719+0000] {dag.py:3340} INFO - Setting next_dagrun for latest_only_with_trigger to 2024-09-28T07:23:00.718572+00:00, run_after=2024-09-28T11:23:00.718572+00:00
[2024-09-28T11:23:00.817+0000] {processor.py:176} INFO - Processing /home/airflow/.local/lib/python3.7/site-packages/airflow/example_dags/example_latest_only_with_trigger.py took 1.266 seconds
[2024-09-28T11:23:34.994+0000] {processor.py:154} INFO - Started process (PID=30571) to work on /home/airflow/.local/lib/python3.7/site-packages/airflow/example_dags/example_latest_only_with_trigger.py
[2024-09-28T11:23:35.010+0000] {processor.py:756} INFO - Processing file /home/airflow/.local/lib/python3.7/site-packages/airflow/example_dags/example_latest_only_with_trigger.py for tasks to queue
[2024-09-28T11:23:35.016+0000] {logging_mixin.py:120} INFO - [2024-09-28T11:23:35.015+0000] {dagbag.py:537} INFO - Filling up the DagBag from /home/airflow/.local/lib/python3.7/site-packages/airflow/example_dags/example_latest_only_with_trigger.py
[2024-09-28T11:23:35.153+0000] {processor.py:766} INFO - DAG(s) dict_keys(['latest_only_with_trigger']) retrieved from /home/airflow/.local/lib/python3.7/site-packages/airflow/example_dags/example_latest_only_with_trigger.py
[2024-09-28T11:23:36.128+0000] {logging_mixin.py:120} INFO - [2024-09-28T11:23:36.128+0000] {dag.py:2585} INFO - Sync 1 DAGs
[2024-09-28T11:23:36.306+0000] {logging_mixin.py:120} INFO - [2024-09-28T11:23:36.305+0000] {dag.py:3340} INFO - Setting next_dagrun for latest_only_with_trigger to 2024-09-28T07:23:36.304714+00:00, run_after=2024-09-28T11:23:36.304714+00:00
[2024-09-28T11:23:36.428+0000] {processor.py:176} INFO - Processing /home/airflow/.local/lib/python3.7/site-packages/airflow/example_dags/example_latest_only_with_trigger.py took 1.461 seconds
[2024-09-28T11:24:06.627+0000] {processor.py:154} INFO - Started process (PID=30625) to work on /home/airflow/.local/lib/python3.7/site-packages/airflow/example_dags/example_latest_only_with_trigger.py
[2024-09-28T11:24:06.639+0000] {processor.py:756} INFO - Processing file /home/airflow/.local/lib/python3.7/site-packages/airflow/example_dags/example_latest_only_with_trigger.py for tasks to queue
[2024-09-28T11:24:06.643+0000] {logging_mixin.py:120} INFO - [2024-09-28T11:24:06.642+0000] {dagbag.py:537} INFO - Filling up the DagBag from /home/airflow/.local/lib/python3.7/site-packages/airflow/example_dags/example_latest_only_with_trigger.py
[2024-09-28T11:24:06.727+0000] {processor.py:766} INFO - DAG(s) dict_keys(['latest_only_with_trigger']) retrieved from /home/airflow/.local/lib/python3.7/site-packages/airflow/example_dags/example_latest_only_with_trigger.py
[2024-09-28T11:24:07.000+0000] {logging_mixin.py:120} INFO - [2024-09-28T11:24:06.999+0000] {dag.py:2585} INFO - Sync 1 DAGs
[2024-09-28T11:24:07.143+0000] {logging_mixin.py:120} INFO - [2024-09-28T11:24:07.142+0000] {dag.py:3340} INFO - Setting next_dagrun for latest_only_with_trigger to 2024-09-28T07:24:07.141535+00:00, run_after=2024-09-28T11:24:07.141535+00:00
[2024-09-28T11:24:07.252+0000] {processor.py:176} INFO - Processing /home/airflow/.local/lib/python3.7/site-packages/airflow/example_dags/example_latest_only_with_trigger.py took 0.648 seconds
[2024-09-28T11:24:37.945+0000] {processor.py:154} INFO - Started process (PID=30688) to work on /home/airflow/.local/lib/python3.7/site-packages/airflow/example_dags/example_latest_only_with_trigger.py
[2024-09-28T11:24:37.952+0000] {processor.py:756} INFO - Processing file /home/airflow/.local/lib/python3.7/site-packages/airflow/example_dags/example_latest_only_with_trigger.py for tasks to queue
[2024-09-28T11:24:37.956+0000] {logging_mixin.py:120} INFO - [2024-09-28T11:24:37.955+0000] {dagbag.py:537} INFO - Filling up the DagBag from /home/airflow/.local/lib/python3.7/site-packages/airflow/example_dags/example_latest_only_with_trigger.py
[2024-09-28T11:24:38.029+0000] {processor.py:766} INFO - DAG(s) dict_keys(['latest_only_with_trigger']) retrieved from /home/airflow/.local/lib/python3.7/site-packages/airflow/example_dags/example_latest_only_with_trigger.py
[2024-09-28T11:24:38.219+0000] {logging_mixin.py:120} INFO - [2024-09-28T11:24:38.218+0000] {dag.py:2585} INFO - Sync 1 DAGs
[2024-09-28T11:24:38.328+0000] {logging_mixin.py:120} INFO - [2024-09-28T11:24:38.328+0000] {dag.py:3340} INFO - Setting next_dagrun for latest_only_with_trigger to 2024-09-28T07:24:38.327517+00:00, run_after=2024-09-28T11:24:38.327517+00:00
[2024-09-28T11:24:38.806+0000] {processor.py:176} INFO - Processing /home/airflow/.local/lib/python3.7/site-packages/airflow/example_dags/example_latest_only_with_trigger.py took 0.879 seconds
[2024-09-28T11:25:12.888+0000] {processor.py:154} INFO - Started process (PID=30751) to work on /home/airflow/.local/lib/python3.7/site-packages/airflow/example_dags/example_latest_only_with_trigger.py
[2024-09-28T11:25:12.896+0000] {processor.py:756} INFO - Processing file /home/airflow/.local/lib/python3.7/site-packages/airflow/example_dags/example_latest_only_with_trigger.py for tasks to queue
[2024-09-28T11:25:12.899+0000] {logging_mixin.py:120} INFO - [2024-09-28T11:25:12.899+0000] {dagbag.py:537} INFO - Filling up the DagBag from /home/airflow/.local/lib/python3.7/site-packages/airflow/example_dags/example_latest_only_with_trigger.py
[2024-09-28T11:25:12.967+0000] {processor.py:766} INFO - DAG(s) dict_keys(['latest_only_with_trigger']) retrieved from /home/airflow/.local/lib/python3.7/site-packages/airflow/example_dags/example_latest_only_with_trigger.py
[2024-09-28T11:25:13.167+0000] {logging_mixin.py:120} INFO - [2024-09-28T11:25:13.166+0000] {dag.py:2585} INFO - Sync 1 DAGs
[2024-09-28T11:25:13.798+0000] {logging_mixin.py:120} INFO - [2024-09-28T11:25:13.797+0000] {dag.py:3340} INFO - Setting next_dagrun for latest_only_with_trigger to 2024-09-28T07:25:13.796927+00:00, run_after=2024-09-28T11:25:13.796927+00:00
[2024-09-28T11:25:13.871+0000] {processor.py:176} INFO - Processing /home/airflow/.local/lib/python3.7/site-packages/airflow/example_dags/example_latest_only_with_trigger.py took 0.999 seconds
[2024-09-28T11:25:46.825+0000] {processor.py:154} INFO - Started process (PID=30816) to work on /home/airflow/.local/lib/python3.7/site-packages/airflow/example_dags/example_latest_only_with_trigger.py
[2024-09-28T11:25:46.830+0000] {processor.py:756} INFO - Processing file /home/airflow/.local/lib/python3.7/site-packages/airflow/example_dags/example_latest_only_with_trigger.py for tasks to queue
[2024-09-28T11:25:46.833+0000] {logging_mixin.py:120} INFO - [2024-09-28T11:25:46.833+0000] {dagbag.py:537} INFO - Filling up the DagBag from /home/airflow/.local/lib/python3.7/site-packages/airflow/example_dags/example_latest_only_with_trigger.py
[2024-09-28T11:25:46.865+0000] {processor.py:766} INFO - DAG(s) dict_keys(['latest_only_with_trigger']) retrieved from /home/airflow/.local/lib/python3.7/site-packages/airflow/example_dags/example_latest_only_with_trigger.py
[2024-09-28T11:25:46.937+0000] {logging_mixin.py:120} INFO - [2024-09-28T11:25:46.937+0000] {dag.py:2585} INFO - Sync 1 DAGs
[2024-09-28T11:25:47.136+0000] {logging_mixin.py:120} INFO - [2024-09-28T11:25:47.136+0000] {dag.py:3340} INFO - Setting next_dagrun for latest_only_with_trigger to 2024-09-28T07:25:47.136245+00:00, run_after=2024-09-28T11:25:47.136245+00:00
[2024-09-28T11:25:47.167+0000] {processor.py:176} INFO - Processing /home/airflow/.local/lib/python3.7/site-packages/airflow/example_dags/example_latest_only_with_trigger.py took 0.349 seconds
[2024-09-28T11:44:02.774+0000] {processor.py:154} INFO - Started process (PID=30899) to work on /home/airflow/.local/lib/python3.7/site-packages/airflow/example_dags/example_latest_only_with_trigger.py
[2024-09-28T11:44:02.792+0000] {processor.py:756} INFO - Processing file /home/airflow/.local/lib/python3.7/site-packages/airflow/example_dags/example_latest_only_with_trigger.py for tasks to queue
[2024-09-28T11:44:02.802+0000] {logging_mixin.py:120} INFO - [2024-09-28T11:44:02.802+0000] {dagbag.py:537} INFO - Filling up the DagBag from /home/airflow/.local/lib/python3.7/site-packages/airflow/example_dags/example_latest_only_with_trigger.py
[2024-09-28T11:44:02.953+0000] {processor.py:766} INFO - DAG(s) dict_keys(['latest_only_with_trigger']) retrieved from /home/airflow/.local/lib/python3.7/site-packages/airflow/example_dags/example_latest_only_with_trigger.py
[2024-09-28T11:44:03.361+0000] {logging_mixin.py:120} INFO - [2024-09-28T11:44:03.360+0000] {dag.py:2585} INFO - Sync 1 DAGs
[2024-09-28T11:44:03.626+0000] {logging_mixin.py:120} INFO - [2024-09-28T11:44:03.625+0000] {dag.py:3340} INFO - Setting next_dagrun for latest_only_with_trigger to 2024-09-28T07:44:03.624378+00:00, run_after=2024-09-28T11:44:03.624378+00:00
[2024-09-28T11:44:03.772+0000] {processor.py:176} INFO - Processing /home/airflow/.local/lib/python3.7/site-packages/airflow/example_dags/example_latest_only_with_trigger.py took 1.033 seconds
[2024-09-28T11:44:38.696+0000] {processor.py:154} INFO - Started process (PID=30961) to work on /home/airflow/.local/lib/python3.7/site-packages/airflow/example_dags/example_latest_only_with_trigger.py
[2024-09-28T11:44:38.709+0000] {processor.py:756} INFO - Processing file /home/airflow/.local/lib/python3.7/site-packages/airflow/example_dags/example_latest_only_with_trigger.py for tasks to queue
[2024-09-28T11:44:38.718+0000] {logging_mixin.py:120} INFO - [2024-09-28T11:44:38.716+0000] {dagbag.py:537} INFO - Filling up the DagBag from /home/airflow/.local/lib/python3.7/site-packages/airflow/example_dags/example_latest_only_with_trigger.py
[2024-09-28T11:44:38.811+0000] {processor.py:766} INFO - DAG(s) dict_keys(['latest_only_with_trigger']) retrieved from /home/airflow/.local/lib/python3.7/site-packages/airflow/example_dags/example_latest_only_with_trigger.py
[2024-09-28T11:44:39.131+0000] {logging_mixin.py:120} INFO - [2024-09-28T11:44:39.130+0000] {dag.py:2585} INFO - Sync 1 DAGs
[2024-09-28T11:44:39.296+0000] {logging_mixin.py:120} INFO - [2024-09-28T11:44:39.296+0000] {dag.py:3340} INFO - Setting next_dagrun for latest_only_with_trigger to 2024-09-28T07:44:39.293572+00:00, run_after=2024-09-28T11:44:39.293572+00:00
[2024-09-28T11:44:39.933+0000] {processor.py:176} INFO - Processing /home/airflow/.local/lib/python3.7/site-packages/airflow/example_dags/example_latest_only_with_trigger.py took 1.258 seconds
[2024-09-28T11:45:13.512+0000] {processor.py:154} INFO - Started process (PID=31024) to work on /home/airflow/.local/lib/python3.7/site-packages/airflow/example_dags/example_latest_only_with_trigger.py
[2024-09-28T11:45:13.523+0000] {processor.py:756} INFO - Processing file /home/airflow/.local/lib/python3.7/site-packages/airflow/example_dags/example_latest_only_with_trigger.py for tasks to queue
[2024-09-28T11:45:13.530+0000] {logging_mixin.py:120} INFO - [2024-09-28T11:45:13.529+0000] {dagbag.py:537} INFO - Filling up the DagBag from /home/airflow/.local/lib/python3.7/site-packages/airflow/example_dags/example_latest_only_with_trigger.py
[2024-09-28T11:45:13.641+0000] {processor.py:766} INFO - DAG(s) dict_keys(['latest_only_with_trigger']) retrieved from /home/airflow/.local/lib/python3.7/site-packages/airflow/example_dags/example_latest_only_with_trigger.py
[2024-09-28T11:45:13.933+0000] {logging_mixin.py:120} INFO - [2024-09-28T11:45:13.932+0000] {dag.py:2585} INFO - Sync 1 DAGs
[2024-09-28T11:45:14.765+0000] {logging_mixin.py:120} INFO - [2024-09-28T11:45:14.764+0000] {dag.py:3340} INFO - Setting next_dagrun for latest_only_with_trigger to 2024-09-28T07:45:14.762904+00:00, run_after=2024-09-28T11:45:14.762904+00:00
[2024-09-28T11:45:14.941+0000] {processor.py:176} INFO - Processing /home/airflow/.local/lib/python3.7/site-packages/airflow/example_dags/example_latest_only_with_trigger.py took 1.453 seconds
[2024-09-28T11:45:46.978+0000] {processor.py:154} INFO - Started process (PID=31086) to work on /home/airflow/.local/lib/python3.7/site-packages/airflow/example_dags/example_latest_only_with_trigger.py
[2024-09-28T11:45:46.989+0000] {processor.py:756} INFO - Processing file /home/airflow/.local/lib/python3.7/site-packages/airflow/example_dags/example_latest_only_with_trigger.py for tasks to queue
[2024-09-28T11:45:46.994+0000] {logging_mixin.py:120} INFO - [2024-09-28T11:45:46.993+0000] {dagbag.py:537} INFO - Filling up the DagBag from /home/airflow/.local/lib/python3.7/site-packages/airflow/example_dags/example_latest_only_with_trigger.py
[2024-09-28T11:45:47.100+0000] {processor.py:766} INFO - DAG(s) dict_keys(['latest_only_with_trigger']) retrieved from /home/airflow/.local/lib/python3.7/site-packages/airflow/example_dags/example_latest_only_with_trigger.py
[2024-09-28T11:45:47.989+0000] {logging_mixin.py:120} INFO - [2024-09-28T11:45:47.988+0000] {dag.py:2585} INFO - Sync 1 DAGs
[2024-09-28T11:45:48.189+0000] {logging_mixin.py:120} INFO - [2024-09-28T11:45:48.188+0000] {dag.py:3340} INFO - Setting next_dagrun for latest_only_with_trigger to 2024-09-28T07:45:48.187647+00:00, run_after=2024-09-28T11:45:48.187647+00:00
[2024-09-28T11:45:48.307+0000] {processor.py:176} INFO - Processing /home/airflow/.local/lib/python3.7/site-packages/airflow/example_dags/example_latest_only_with_trigger.py took 1.359 seconds
[2024-09-28T11:48:15.967+0000] {processor.py:154} INFO - Started process (PID=31154) to work on /home/airflow/.local/lib/python3.7/site-packages/airflow/example_dags/example_latest_only_with_trigger.py
[2024-09-28T11:48:15.982+0000] {processor.py:756} INFO - Processing file /home/airflow/.local/lib/python3.7/site-packages/airflow/example_dags/example_latest_only_with_trigger.py for tasks to queue
[2024-09-28T11:48:15.992+0000] {logging_mixin.py:120} INFO - [2024-09-28T11:48:15.990+0000] {dagbag.py:537} INFO - Filling up the DagBag from /home/airflow/.local/lib/python3.7/site-packages/airflow/example_dags/example_latest_only_with_trigger.py
[2024-09-28T11:48:16.153+0000] {processor.py:766} INFO - DAG(s) dict_keys(['latest_only_with_trigger']) retrieved from /home/airflow/.local/lib/python3.7/site-packages/airflow/example_dags/example_latest_only_with_trigger.py
[2024-09-28T11:48:16.551+0000] {logging_mixin.py:120} INFO - [2024-09-28T11:48:16.550+0000] {dag.py:2585} INFO - Sync 1 DAGs
[2024-09-28T11:48:16.823+0000] {logging_mixin.py:120} INFO - [2024-09-28T11:48:16.822+0000] {dag.py:3340} INFO - Setting next_dagrun for latest_only_with_trigger to 2024-09-28T07:48:16.820756+00:00, run_after=2024-09-28T11:48:16.820756+00:00
[2024-09-28T11:48:16.989+0000] {processor.py:176} INFO - Processing /home/airflow/.local/lib/python3.7/site-packages/airflow/example_dags/example_latest_only_with_trigger.py took 1.057 seconds
[2024-09-28T11:48:50.142+0000] {processor.py:154} INFO - Started process (PID=31217) to work on /home/airflow/.local/lib/python3.7/site-packages/airflow/example_dags/example_latest_only_with_trigger.py
[2024-09-28T11:48:50.163+0000] {processor.py:756} INFO - Processing file /home/airflow/.local/lib/python3.7/site-packages/airflow/example_dags/example_latest_only_with_trigger.py for tasks to queue
[2024-09-28T11:48:50.171+0000] {logging_mixin.py:120} INFO - [2024-09-28T11:48:50.170+0000] {dagbag.py:537} INFO - Filling up the DagBag from /home/airflow/.local/lib/python3.7/site-packages/airflow/example_dags/example_latest_only_with_trigger.py
[2024-09-28T11:48:50.354+0000] {processor.py:766} INFO - DAG(s) dict_keys(['latest_only_with_trigger']) retrieved from /home/airflow/.local/lib/python3.7/site-packages/airflow/example_dags/example_latest_only_with_trigger.py
[2024-09-28T11:48:50.742+0000] {logging_mixin.py:120} INFO - [2024-09-28T11:48:50.741+0000] {dag.py:2585} INFO - Sync 1 DAGs
[2024-09-28T11:48:50.976+0000] {logging_mixin.py:120} INFO - [2024-09-28T11:48:50.976+0000] {dag.py:3340} INFO - Setting next_dagrun for latest_only_with_trigger to 2024-09-28T07:48:50.973730+00:00, run_after=2024-09-28T11:48:50.973730+00:00
[2024-09-28T11:48:51.740+0000] {processor.py:176} INFO - Processing /home/airflow/.local/lib/python3.7/site-packages/airflow/example_dags/example_latest_only_with_trigger.py took 1.635 seconds
[2024-09-28T11:49:27.532+0000] {processor.py:154} INFO - Started process (PID=31271) to work on /home/airflow/.local/lib/python3.7/site-packages/airflow/example_dags/example_latest_only_with_trigger.py
[2024-09-28T11:49:27.544+0000] {processor.py:756} INFO - Processing file /home/airflow/.local/lib/python3.7/site-packages/airflow/example_dags/example_latest_only_with_trigger.py for tasks to queue
[2024-09-28T11:49:27.549+0000] {logging_mixin.py:120} INFO - [2024-09-28T11:49:27.548+0000] {dagbag.py:537} INFO - Filling up the DagBag from /home/airflow/.local/lib/python3.7/site-packages/airflow/example_dags/example_latest_only_with_trigger.py
[2024-09-28T11:49:27.661+0000] {processor.py:766} INFO - DAG(s) dict_keys(['latest_only_with_trigger']) retrieved from /home/airflow/.local/lib/python3.7/site-packages/airflow/example_dags/example_latest_only_with_trigger.py
[2024-09-28T11:49:29.412+0000] {logging_mixin.py:120} INFO - [2024-09-28T11:49:29.411+0000] {dag.py:2585} INFO - Sync 1 DAGs
[2024-09-28T11:49:29.673+0000] {logging_mixin.py:120} INFO - [2024-09-28T11:49:29.673+0000] {dag.py:3340} INFO - Setting next_dagrun for latest_only_with_trigger to 2024-09-28T07:49:29.673244+00:00, run_after=2024-09-28T11:49:29.673244+00:00
[2024-09-28T11:49:29.711+0000] {processor.py:176} INFO - Processing /home/airflow/.local/lib/python3.7/site-packages/airflow/example_dags/example_latest_only_with_trigger.py took 2.205 seconds
[2024-09-28T12:01:17.481+0000] {processor.py:154} INFO - Started process (PID=31369) to work on /home/airflow/.local/lib/python3.7/site-packages/airflow/example_dags/example_latest_only_with_trigger.py
[2024-09-28T12:01:17.485+0000] {processor.py:756} INFO - Processing file /home/airflow/.local/lib/python3.7/site-packages/airflow/example_dags/example_latest_only_with_trigger.py for tasks to queue
[2024-09-28T12:01:17.489+0000] {logging_mixin.py:120} INFO - [2024-09-28T12:01:17.489+0000] {dagbag.py:537} INFO - Filling up the DagBag from /home/airflow/.local/lib/python3.7/site-packages/airflow/example_dags/example_latest_only_with_trigger.py
[2024-09-28T12:01:17.532+0000] {processor.py:766} INFO - DAG(s) dict_keys(['latest_only_with_trigger']) retrieved from /home/airflow/.local/lib/python3.7/site-packages/airflow/example_dags/example_latest_only_with_trigger.py
[2024-09-28T12:01:17.846+0000] {logging_mixin.py:120} INFO - [2024-09-28T12:01:17.845+0000] {dag.py:2585} INFO - Sync 1 DAGs
[2024-09-28T12:01:17.908+0000] {logging_mixin.py:120} INFO - [2024-09-28T12:01:17.907+0000] {dag.py:3340} INFO - Setting next_dagrun for latest_only_with_trigger to 2024-09-28T08:01:17.907529+00:00, run_after=2024-09-28T12:01:17.907529+00:00
[2024-09-28T12:01:17.949+0000] {processor.py:176} INFO - Processing /home/airflow/.local/lib/python3.7/site-packages/airflow/example_dags/example_latest_only_with_trigger.py took 0.475 seconds
[2024-09-28T12:19:55.346+0000] {processor.py:154} INFO - Started process (PID=31461) to work on /home/airflow/.local/lib/python3.7/site-packages/airflow/example_dags/example_latest_only_with_trigger.py
[2024-09-28T12:19:55.367+0000] {processor.py:756} INFO - Processing file /home/airflow/.local/lib/python3.7/site-packages/airflow/example_dags/example_latest_only_with_trigger.py for tasks to queue
[2024-09-28T12:19:55.388+0000] {logging_mixin.py:120} INFO - [2024-09-28T12:19:55.385+0000] {dagbag.py:537} INFO - Filling up the DagBag from /home/airflow/.local/lib/python3.7/site-packages/airflow/example_dags/example_latest_only_with_trigger.py
[2024-09-28T12:19:55.573+0000] {processor.py:766} INFO - DAG(s) dict_keys(['latest_only_with_trigger']) retrieved from /home/airflow/.local/lib/python3.7/site-packages/airflow/example_dags/example_latest_only_with_trigger.py
[2024-09-28T12:19:55.993+0000] {logging_mixin.py:120} INFO - [2024-09-28T12:19:55.992+0000] {dag.py:2585} INFO - Sync 1 DAGs
[2024-09-28T12:19:57.113+0000] {logging_mixin.py:120} INFO - [2024-09-28T12:19:57.112+0000] {dag.py:3340} INFO - Setting next_dagrun for latest_only_with_trigger to 2024-09-28T08:19:57.109882+00:00, run_after=2024-09-28T12:19:57.109882+00:00
[2024-09-28T12:19:57.272+0000] {processor.py:176} INFO - Processing /home/airflow/.local/lib/python3.7/site-packages/airflow/example_dags/example_latest_only_with_trigger.py took 1.962 seconds
[2024-09-28T12:20:36.283+0000] {processor.py:154} INFO - Started process (PID=31525) to work on /home/airflow/.local/lib/python3.7/site-packages/airflow/example_dags/example_latest_only_with_trigger.py
[2024-09-28T12:20:36.299+0000] {processor.py:756} INFO - Processing file /home/airflow/.local/lib/python3.7/site-packages/airflow/example_dags/example_latest_only_with_trigger.py for tasks to queue
[2024-09-28T12:20:36.319+0000] {logging_mixin.py:120} INFO - [2024-09-28T12:20:36.318+0000] {dagbag.py:537} INFO - Filling up the DagBag from /home/airflow/.local/lib/python3.7/site-packages/airflow/example_dags/example_latest_only_with_trigger.py
[2024-09-28T12:20:36.474+0000] {processor.py:766} INFO - DAG(s) dict_keys(['latest_only_with_trigger']) retrieved from /home/airflow/.local/lib/python3.7/site-packages/airflow/example_dags/example_latest_only_with_trigger.py
[2024-09-28T12:20:36.753+0000] {logging_mixin.py:120} INFO - [2024-09-28T12:20:36.752+0000] {dag.py:2585} INFO - Sync 1 DAGs
[2024-09-28T12:20:37.418+0000] {logging_mixin.py:120} INFO - [2024-09-28T12:20:37.417+0000] {dag.py:3340} INFO - Setting next_dagrun for latest_only_with_trigger to 2024-09-28T08:20:37.416599+00:00, run_after=2024-09-28T12:20:37.416599+00:00
[2024-09-28T12:20:37.515+0000] {processor.py:176} INFO - Processing /home/airflow/.local/lib/python3.7/site-packages/airflow/example_dags/example_latest_only_with_trigger.py took 1.252 seconds
[2024-09-28T12:21:17.147+0000] {processor.py:154} INFO - Started process (PID=31593) to work on /home/airflow/.local/lib/python3.7/site-packages/airflow/example_dags/example_latest_only_with_trigger.py
[2024-09-28T12:21:17.168+0000] {processor.py:756} INFO - Processing file /home/airflow/.local/lib/python3.7/site-packages/airflow/example_dags/example_latest_only_with_trigger.py for tasks to queue
[2024-09-28T12:21:17.173+0000] {logging_mixin.py:120} INFO - [2024-09-28T12:21:17.172+0000] {dagbag.py:537} INFO - Filling up the DagBag from /home/airflow/.local/lib/python3.7/site-packages/airflow/example_dags/example_latest_only_with_trigger.py
[2024-09-28T12:21:17.285+0000] {processor.py:766} INFO - DAG(s) dict_keys(['latest_only_with_trigger']) retrieved from /home/airflow/.local/lib/python3.7/site-packages/airflow/example_dags/example_latest_only_with_trigger.py
[2024-09-28T12:21:18.059+0000] {logging_mixin.py:120} INFO - [2024-09-28T12:21:18.059+0000] {dag.py:2585} INFO - Sync 1 DAGs
[2024-09-28T12:21:18.192+0000] {logging_mixin.py:120} INFO - [2024-09-28T12:21:18.192+0000] {dag.py:3340} INFO - Setting next_dagrun for latest_only_with_trigger to 2024-09-28T08:21:18.190811+00:00, run_after=2024-09-28T12:21:18.190811+00:00
[2024-09-28T12:21:18.294+0000] {processor.py:176} INFO - Processing /home/airflow/.local/lib/python3.7/site-packages/airflow/example_dags/example_latest_only_with_trigger.py took 1.166 seconds
[2024-09-28T12:21:48.729+0000] {processor.py:154} INFO - Started process (PID=31656) to work on /home/airflow/.local/lib/python3.7/site-packages/airflow/example_dags/example_latest_only_with_trigger.py
[2024-09-28T12:21:48.741+0000] {processor.py:756} INFO - Processing file /home/airflow/.local/lib/python3.7/site-packages/airflow/example_dags/example_latest_only_with_trigger.py for tasks to queue
[2024-09-28T12:21:48.747+0000] {logging_mixin.py:120} INFO - [2024-09-28T12:21:48.746+0000] {dagbag.py:537} INFO - Filling up the DagBag from /home/airflow/.local/lib/python3.7/site-packages/airflow/example_dags/example_latest_only_with_trigger.py
[2024-09-28T12:21:48.848+0000] {processor.py:766} INFO - DAG(s) dict_keys(['latest_only_with_trigger']) retrieved from /home/airflow/.local/lib/python3.7/site-packages/airflow/example_dags/example_latest_only_with_trigger.py
[2024-09-28T12:21:49.143+0000] {logging_mixin.py:120} INFO - [2024-09-28T12:21:49.143+0000] {dag.py:2585} INFO - Sync 1 DAGs
[2024-09-28T12:21:49.288+0000] {logging_mixin.py:120} INFO - [2024-09-28T12:21:49.287+0000] {dag.py:3340} INFO - Setting next_dagrun for latest_only_with_trigger to 2024-09-28T08:21:49.286939+00:00, run_after=2024-09-28T12:21:49.286939+00:00
[2024-09-28T12:21:49.824+0000] {processor.py:176} INFO - Processing /home/airflow/.local/lib/python3.7/site-packages/airflow/example_dags/example_latest_only_with_trigger.py took 1.117 seconds
[2024-09-28T12:22:22.726+0000] {processor.py:154} INFO - Started process (PID=31720) to work on /home/airflow/.local/lib/python3.7/site-packages/airflow/example_dags/example_latest_only_with_trigger.py
[2024-09-28T12:22:22.739+0000] {processor.py:756} INFO - Processing file /home/airflow/.local/lib/python3.7/site-packages/airflow/example_dags/example_latest_only_with_trigger.py for tasks to queue
[2024-09-28T12:22:22.746+0000] {logging_mixin.py:120} INFO - [2024-09-28T12:22:22.745+0000] {dagbag.py:537} INFO - Filling up the DagBag from /home/airflow/.local/lib/python3.7/site-packages/airflow/example_dags/example_latest_only_with_trigger.py
[2024-09-28T12:22:22.858+0000] {processor.py:766} INFO - DAG(s) dict_keys(['latest_only_with_trigger']) retrieved from /home/airflow/.local/lib/python3.7/site-packages/airflow/example_dags/example_latest_only_with_trigger.py
[2024-09-28T12:22:23.154+0000] {logging_mixin.py:120} INFO - [2024-09-28T12:22:23.153+0000] {dag.py:2585} INFO - Sync 1 DAGs
[2024-09-28T12:22:23.933+0000] {logging_mixin.py:120} INFO - [2024-09-28T12:22:23.932+0000] {dag.py:3340} INFO - Setting next_dagrun for latest_only_with_trigger to 2024-09-28T08:22:23.931484+00:00, run_after=2024-09-28T12:22:23.931484+00:00
[2024-09-28T12:22:24.038+0000] {processor.py:176} INFO - Processing /home/airflow/.local/lib/python3.7/site-packages/airflow/example_dags/example_latest_only_with_trigger.py took 1.332 seconds
[2024-09-28T12:22:56.287+0000] {processor.py:154} INFO - Started process (PID=31782) to work on /home/airflow/.local/lib/python3.7/site-packages/airflow/example_dags/example_latest_only_with_trigger.py
[2024-09-28T12:22:56.297+0000] {processor.py:756} INFO - Processing file /home/airflow/.local/lib/python3.7/site-packages/airflow/example_dags/example_latest_only_with_trigger.py for tasks to queue
[2024-09-28T12:22:56.301+0000] {logging_mixin.py:120} INFO - [2024-09-28T12:22:56.300+0000] {dagbag.py:537} INFO - Filling up the DagBag from /home/airflow/.local/lib/python3.7/site-packages/airflow/example_dags/example_latest_only_with_trigger.py
[2024-09-28T12:22:56.382+0000] {processor.py:766} INFO - DAG(s) dict_keys(['latest_only_with_trigger']) retrieved from /home/airflow/.local/lib/python3.7/site-packages/airflow/example_dags/example_latest_only_with_trigger.py
[2024-09-28T12:22:56.638+0000] {logging_mixin.py:120} INFO - [2024-09-28T12:22:56.638+0000] {dag.py:2585} INFO - Sync 1 DAGs
[2024-09-28T12:22:57.245+0000] {logging_mixin.py:120} INFO - [2024-09-28T12:22:57.245+0000] {dag.py:3340} INFO - Setting next_dagrun for latest_only_with_trigger to 2024-09-28T08:22:57.244403+00:00, run_after=2024-09-28T12:22:57.244403+00:00
[2024-09-28T12:22:57.328+0000] {processor.py:176} INFO - Processing /home/airflow/.local/lib/python3.7/site-packages/airflow/example_dags/example_latest_only_with_trigger.py took 1.057 seconds
[2024-09-28T12:23:29.286+0000] {processor.py:154} INFO - Started process (PID=31845) to work on /home/airflow/.local/lib/python3.7/site-packages/airflow/example_dags/example_latest_only_with_trigger.py
[2024-09-28T12:23:29.296+0000] {processor.py:756} INFO - Processing file /home/airflow/.local/lib/python3.7/site-packages/airflow/example_dags/example_latest_only_with_trigger.py for tasks to queue
[2024-09-28T12:23:29.300+0000] {logging_mixin.py:120} INFO - [2024-09-28T12:23:29.299+0000] {dagbag.py:537} INFO - Filling up the DagBag from /home/airflow/.local/lib/python3.7/site-packages/airflow/example_dags/example_latest_only_with_trigger.py
[2024-09-28T12:23:29.371+0000] {processor.py:766} INFO - DAG(s) dict_keys(['latest_only_with_trigger']) retrieved from /home/airflow/.local/lib/python3.7/site-packages/airflow/example_dags/example_latest_only_with_trigger.py
[2024-09-28T12:23:29.961+0000] {logging_mixin.py:120} INFO - [2024-09-28T12:23:29.961+0000] {dag.py:2585} INFO - Sync 1 DAGs
[2024-09-28T12:23:30.058+0000] {logging_mixin.py:120} INFO - [2024-09-28T12:23:30.057+0000] {dag.py:3340} INFO - Setting next_dagrun for latest_only_with_trigger to 2024-09-28T08:23:30.057208+00:00, run_after=2024-09-28T12:23:30.057208+00:00
[2024-09-28T12:23:30.134+0000] {processor.py:176} INFO - Processing /home/airflow/.local/lib/python3.7/site-packages/airflow/example_dags/example_latest_only_with_trigger.py took 0.862 seconds
[2024-09-28T12:41:35.887+0000] {processor.py:154} INFO - Started process (PID=31909) to work on /home/airflow/.local/lib/python3.7/site-packages/airflow/example_dags/example_latest_only_with_trigger.py
[2024-09-28T12:41:35.903+0000] {processor.py:756} INFO - Processing file /home/airflow/.local/lib/python3.7/site-packages/airflow/example_dags/example_latest_only_with_trigger.py for tasks to queue
[2024-09-28T12:41:35.914+0000] {logging_mixin.py:120} INFO - [2024-09-28T12:41:35.913+0000] {dagbag.py:537} INFO - Filling up the DagBag from /home/airflow/.local/lib/python3.7/site-packages/airflow/example_dags/example_latest_only_with_trigger.py
[2024-09-28T12:41:36.068+0000] {processor.py:766} INFO - DAG(s) dict_keys(['latest_only_with_trigger']) retrieved from /home/airflow/.local/lib/python3.7/site-packages/airflow/example_dags/example_latest_only_with_trigger.py
[2024-09-28T12:41:36.481+0000] {logging_mixin.py:120} INFO - [2024-09-28T12:41:36.480+0000] {dag.py:2585} INFO - Sync 1 DAGs
[2024-09-28T12:41:36.788+0000] {logging_mixin.py:120} INFO - [2024-09-28T12:41:36.787+0000] {dag.py:3340} INFO - Setting next_dagrun for latest_only_with_trigger to 2024-09-28T08:41:36.785362+00:00, run_after=2024-09-28T12:41:36.785362+00:00
[2024-09-28T12:41:37.929+0000] {processor.py:176} INFO - Processing /home/airflow/.local/lib/python3.7/site-packages/airflow/example_dags/example_latest_only_with_trigger.py took 2.073 seconds
[2024-09-28T12:42:24.756+0000] {processor.py:154} INFO - Started process (PID=31980) to work on /home/airflow/.local/lib/python3.7/site-packages/airflow/example_dags/example_latest_only_with_trigger.py
[2024-09-28T12:42:24.770+0000] {processor.py:756} INFO - Processing file /home/airflow/.local/lib/python3.7/site-packages/airflow/example_dags/example_latest_only_with_trigger.py for tasks to queue
[2024-09-28T12:42:24.776+0000] {logging_mixin.py:120} INFO - [2024-09-28T12:42:24.775+0000] {dagbag.py:537} INFO - Filling up the DagBag from /home/airflow/.local/lib/python3.7/site-packages/airflow/example_dags/example_latest_only_with_trigger.py
[2024-09-28T12:42:24.907+0000] {processor.py:766} INFO - DAG(s) dict_keys(['latest_only_with_trigger']) retrieved from /home/airflow/.local/lib/python3.7/site-packages/airflow/example_dags/example_latest_only_with_trigger.py
[2024-09-28T12:42:25.303+0000] {logging_mixin.py:120} INFO - [2024-09-28T12:42:25.302+0000] {dag.py:2585} INFO - Sync 1 DAGs
[2024-09-28T12:42:26.412+0000] {logging_mixin.py:120} INFO - [2024-09-28T12:42:26.412+0000] {dag.py:3340} INFO - Setting next_dagrun for latest_only_with_trigger to 2024-09-28T08:42:26.411487+00:00, run_after=2024-09-28T12:42:26.411487+00:00
[2024-09-28T12:42:26.581+0000] {processor.py:176} INFO - Processing /home/airflow/.local/lib/python3.7/site-packages/airflow/example_dags/example_latest_only_with_trigger.py took 1.863 seconds
[2024-09-28T12:43:08.199+0000] {processor.py:154} INFO - Started process (PID=32043) to work on /home/airflow/.local/lib/python3.7/site-packages/airflow/example_dags/example_latest_only_with_trigger.py
[2024-09-28T12:43:08.222+0000] {processor.py:756} INFO - Processing file /home/airflow/.local/lib/python3.7/site-packages/airflow/example_dags/example_latest_only_with_trigger.py for tasks to queue
[2024-09-28T12:43:08.229+0000] {logging_mixin.py:120} INFO - [2024-09-28T12:43:08.228+0000] {dagbag.py:537} INFO - Filling up the DagBag from /home/airflow/.local/lib/python3.7/site-packages/airflow/example_dags/example_latest_only_with_trigger.py
[2024-09-28T12:43:08.364+0000] {processor.py:766} INFO - DAG(s) dict_keys(['latest_only_with_trigger']) retrieved from /home/airflow/.local/lib/python3.7/site-packages/airflow/example_dags/example_latest_only_with_trigger.py
[2024-09-28T12:43:09.450+0000] {logging_mixin.py:120} INFO - [2024-09-28T12:43:09.449+0000] {dag.py:2585} INFO - Sync 1 DAGs
[2024-09-28T12:43:09.639+0000] {logging_mixin.py:120} INFO - [2024-09-28T12:43:09.638+0000] {dag.py:3340} INFO - Setting next_dagrun for latest_only_with_trigger to 2024-09-28T08:43:09.637452+00:00, run_after=2024-09-28T12:43:09.637452+00:00
[2024-09-28T12:43:09.798+0000] {processor.py:176} INFO - Processing /home/airflow/.local/lib/python3.7/site-packages/airflow/example_dags/example_latest_only_with_trigger.py took 1.643 seconds
[2024-09-28T12:43:49.291+0000] {processor.py:154} INFO - Started process (PID=32109) to work on /home/airflow/.local/lib/python3.7/site-packages/airflow/example_dags/example_latest_only_with_trigger.py
[2024-09-28T12:43:49.306+0000] {processor.py:756} INFO - Processing file /home/airflow/.local/lib/python3.7/site-packages/airflow/example_dags/example_latest_only_with_trigger.py for tasks to queue
[2024-09-28T12:43:49.311+0000] {logging_mixin.py:120} INFO - [2024-09-28T12:43:49.310+0000] {dagbag.py:537} INFO - Filling up the DagBag from /home/airflow/.local/lib/python3.7/site-packages/airflow/example_dags/example_latest_only_with_trigger.py
[2024-09-28T12:43:49.430+0000] {processor.py:766} INFO - DAG(s) dict_keys(['latest_only_with_trigger']) retrieved from /home/airflow/.local/lib/python3.7/site-packages/airflow/example_dags/example_latest_only_with_trigger.py
[2024-09-28T12:43:50.484+0000] {logging_mixin.py:120} INFO - [2024-09-28T12:43:50.482+0000] {dag.py:2585} INFO - Sync 1 DAGs
[2024-09-28T12:43:50.705+0000] {logging_mixin.py:120} INFO - [2024-09-28T12:43:50.704+0000] {dag.py:3340} INFO - Setting next_dagrun for latest_only_with_trigger to 2024-09-28T08:43:50.703148+00:00, run_after=2024-09-28T12:43:50.703148+00:00
[2024-09-28T12:43:50.873+0000] {processor.py:176} INFO - Processing /home/airflow/.local/lib/python3.7/site-packages/airflow/example_dags/example_latest_only_with_trigger.py took 1.602 seconds
[2024-09-28T12:44:22.319+0000] {processor.py:154} INFO - Started process (PID=32172) to work on /home/airflow/.local/lib/python3.7/site-packages/airflow/example_dags/example_latest_only_with_trigger.py
[2024-09-28T12:44:22.332+0000] {processor.py:756} INFO - Processing file /home/airflow/.local/lib/python3.7/site-packages/airflow/example_dags/example_latest_only_with_trigger.py for tasks to queue
[2024-09-28T12:44:22.339+0000] {logging_mixin.py:120} INFO - [2024-09-28T12:44:22.337+0000] {dagbag.py:537} INFO - Filling up the DagBag from /home/airflow/.local/lib/python3.7/site-packages/airflow/example_dags/example_latest_only_with_trigger.py
[2024-09-28T12:44:22.490+0000] {processor.py:766} INFO - DAG(s) dict_keys(['latest_only_with_trigger']) retrieved from /home/airflow/.local/lib/python3.7/site-packages/airflow/example_dags/example_latest_only_with_trigger.py
[2024-09-28T12:44:22.773+0000] {logging_mixin.py:120} INFO - [2024-09-28T12:44:22.773+0000] {dag.py:2585} INFO - Sync 1 DAGs
[2024-09-28T12:44:22.963+0000] {logging_mixin.py:120} INFO - [2024-09-28T12:44:22.963+0000] {dag.py:3340} INFO - Setting next_dagrun for latest_only_with_trigger to 2024-09-28T08:44:22.961735+00:00, run_after=2024-09-28T12:44:22.961735+00:00
[2024-09-28T12:44:23.565+0000] {processor.py:176} INFO - Processing /home/airflow/.local/lib/python3.7/site-packages/airflow/example_dags/example_latest_only_with_trigger.py took 1.271 seconds
[2024-09-28T12:44:53.932+0000] {processor.py:154} INFO - Started process (PID=32226) to work on /home/airflow/.local/lib/python3.7/site-packages/airflow/example_dags/example_latest_only_with_trigger.py
[2024-09-28T12:44:53.944+0000] {processor.py:756} INFO - Processing file /home/airflow/.local/lib/python3.7/site-packages/airflow/example_dags/example_latest_only_with_trigger.py for tasks to queue
[2024-09-28T12:44:53.948+0000] {logging_mixin.py:120} INFO - [2024-09-28T12:44:53.947+0000] {dagbag.py:537} INFO - Filling up the DagBag from /home/airflow/.local/lib/python3.7/site-packages/airflow/example_dags/example_latest_only_with_trigger.py
[2024-09-28T12:44:54.031+0000] {processor.py:766} INFO - DAG(s) dict_keys(['latest_only_with_trigger']) retrieved from /home/airflow/.local/lib/python3.7/site-packages/airflow/example_dags/example_latest_only_with_trigger.py
[2024-09-28T12:44:54.246+0000] {logging_mixin.py:120} INFO - [2024-09-28T12:44:54.245+0000] {dag.py:2585} INFO - Sync 1 DAGs
[2024-09-28T12:44:54.984+0000] {logging_mixin.py:120} INFO - [2024-09-28T12:44:54.983+0000] {dag.py:3340} INFO - Setting next_dagrun for latest_only_with_trigger to 2024-09-28T08:44:54.982314+00:00, run_after=2024-09-28T12:44:54.982314+00:00
[2024-09-28T12:44:55.084+0000] {processor.py:176} INFO - Processing /home/airflow/.local/lib/python3.7/site-packages/airflow/example_dags/example_latest_only_with_trigger.py took 1.169 seconds
[2024-09-28T12:45:27.123+0000] {processor.py:154} INFO - Started process (PID=32290) to work on /home/airflow/.local/lib/python3.7/site-packages/airflow/example_dags/example_latest_only_with_trigger.py
[2024-09-28T12:45:27.160+0000] {processor.py:756} INFO - Processing file /home/airflow/.local/lib/python3.7/site-packages/airflow/example_dags/example_latest_only_with_trigger.py for tasks to queue
[2024-09-28T12:45:27.186+0000] {logging_mixin.py:120} INFO - [2024-09-28T12:45:27.184+0000] {dagbag.py:537} INFO - Filling up the DagBag from /home/airflow/.local/lib/python3.7/site-packages/airflow/example_dags/example_latest_only_with_trigger.py
[2024-09-28T12:45:27.292+0000] {processor.py:766} INFO - DAG(s) dict_keys(['latest_only_with_trigger']) retrieved from /home/airflow/.local/lib/python3.7/site-packages/airflow/example_dags/example_latest_only_with_trigger.py
[2024-09-28T12:45:27.958+0000] {logging_mixin.py:120} INFO - [2024-09-28T12:45:27.957+0000] {dag.py:2585} INFO - Sync 1 DAGs
[2024-09-28T12:45:28.060+0000] {logging_mixin.py:120} INFO - [2024-09-28T12:45:28.059+0000] {dag.py:3340} INFO - Setting next_dagrun for latest_only_with_trigger to 2024-09-28T08:45:28.058803+00:00, run_after=2024-09-28T12:45:28.058803+00:00
[2024-09-28T12:45:28.155+0000] {processor.py:176} INFO - Processing /home/airflow/.local/lib/python3.7/site-packages/airflow/example_dags/example_latest_only_with_trigger.py took 1.048 seconds
[2024-09-28T12:46:00.337+0000] {processor.py:154} INFO - Started process (PID=32353) to work on /home/airflow/.local/lib/python3.7/site-packages/airflow/example_dags/example_latest_only_with_trigger.py
[2024-09-28T12:46:00.344+0000] {processor.py:756} INFO - Processing file /home/airflow/.local/lib/python3.7/site-packages/airflow/example_dags/example_latest_only_with_trigger.py for tasks to queue
[2024-09-28T12:46:00.348+0000] {logging_mixin.py:120} INFO - [2024-09-28T12:46:00.348+0000] {dagbag.py:537} INFO - Filling up the DagBag from /home/airflow/.local/lib/python3.7/site-packages/airflow/example_dags/example_latest_only_with_trigger.py
[2024-09-28T12:46:00.414+0000] {processor.py:766} INFO - DAG(s) dict_keys(['latest_only_with_trigger']) retrieved from /home/airflow/.local/lib/python3.7/site-packages/airflow/example_dags/example_latest_only_with_trigger.py
[2024-09-28T12:46:01.027+0000] {logging_mixin.py:120} INFO - [2024-09-28T12:46:01.026+0000] {dag.py:2585} INFO - Sync 1 DAGs
[2024-09-28T12:46:01.126+0000] {logging_mixin.py:120} INFO - [2024-09-28T12:46:01.126+0000] {dag.py:3340} INFO - Setting next_dagrun for latest_only_with_trigger to 2024-09-28T08:46:01.125279+00:00, run_after=2024-09-28T12:46:01.125279+00:00
[2024-09-28T12:46:01.215+0000] {processor.py:176} INFO - Processing /home/airflow/.local/lib/python3.7/site-packages/airflow/example_dags/example_latest_only_with_trigger.py took 0.898 seconds
[2024-09-28T12:46:32.014+0000] {processor.py:154} INFO - Started process (PID=32416) to work on /home/airflow/.local/lib/python3.7/site-packages/airflow/example_dags/example_latest_only_with_trigger.py
[2024-09-28T12:46:32.017+0000] {processor.py:756} INFO - Processing file /home/airflow/.local/lib/python3.7/site-packages/airflow/example_dags/example_latest_only_with_trigger.py for tasks to queue
[2024-09-28T12:46:32.017+0000] {logging_mixin.py:120} INFO - [2024-09-28T12:46:32.017+0000] {dagbag.py:537} INFO - Filling up the DagBag from /home/airflow/.local/lib/python3.7/site-packages/airflow/example_dags/example_latest_only_with_trigger.py
[2024-09-28T12:46:32.036+0000] {processor.py:766} INFO - DAG(s) dict_keys(['latest_only_with_trigger']) retrieved from /home/airflow/.local/lib/python3.7/site-packages/airflow/example_dags/example_latest_only_with_trigger.py
[2024-09-28T12:46:32.098+0000] {logging_mixin.py:120} INFO - [2024-09-28T12:46:32.098+0000] {dag.py:2585} INFO - Sync 1 DAGs
[2024-09-28T12:46:32.146+0000] {logging_mixin.py:120} INFO - [2024-09-28T12:46:32.145+0000] {dag.py:3340} INFO - Setting next_dagrun for latest_only_with_trigger to 2024-09-28T08:46:32.145420+00:00, run_after=2024-09-28T12:46:32.145420+00:00
[2024-09-28T12:46:32.341+0000] {processor.py:176} INFO - Processing /home/airflow/.local/lib/python3.7/site-packages/airflow/example_dags/example_latest_only_with_trigger.py took 0.332 seconds
[2024-09-28T13:01:59.205+0000] {processor.py:154} INFO - Started process (PID=32505) to work on /home/airflow/.local/lib/python3.7/site-packages/airflow/example_dags/example_latest_only_with_trigger.py
[2024-09-28T13:01:59.221+0000] {processor.py:756} INFO - Processing file /home/airflow/.local/lib/python3.7/site-packages/airflow/example_dags/example_latest_only_with_trigger.py for tasks to queue
[2024-09-28T13:01:59.227+0000] {logging_mixin.py:120} INFO - [2024-09-28T13:01:59.226+0000] {dagbag.py:537} INFO - Filling up the DagBag from /home/airflow/.local/lib/python3.7/site-packages/airflow/example_dags/example_latest_only_with_trigger.py
[2024-09-28T13:01:59.377+0000] {processor.py:766} INFO - DAG(s) dict_keys(['latest_only_with_trigger']) retrieved from /home/airflow/.local/lib/python3.7/site-packages/airflow/example_dags/example_latest_only_with_trigger.py
[2024-09-28T13:01:59.687+0000] {logging_mixin.py:120} INFO - [2024-09-28T13:01:59.686+0000] {dag.py:2585} INFO - Sync 1 DAGs
[2024-09-28T13:02:00.475+0000] {logging_mixin.py:120} INFO - [2024-09-28T13:02:00.474+0000] {dag.py:3340} INFO - Setting next_dagrun for latest_only_with_trigger to 2024-09-28T09:02:00.473794+00:00, run_after=2024-09-28T13:02:00.473794+00:00
[2024-09-28T13:02:00.581+0000] {processor.py:176} INFO - Processing /home/airflow/.local/lib/python3.7/site-packages/airflow/example_dags/example_latest_only_with_trigger.py took 1.407 seconds
[2024-09-28T13:02:33.950+0000] {processor.py:154} INFO - Started process (PID=32567) to work on /home/airflow/.local/lib/python3.7/site-packages/airflow/example_dags/example_latest_only_with_trigger.py
[2024-09-28T13:02:33.965+0000] {processor.py:756} INFO - Processing file /home/airflow/.local/lib/python3.7/site-packages/airflow/example_dags/example_latest_only_with_trigger.py for tasks to queue
[2024-09-28T13:02:33.971+0000] {logging_mixin.py:120} INFO - [2024-09-28T13:02:33.970+0000] {dagbag.py:537} INFO - Filling up the DagBag from /home/airflow/.local/lib/python3.7/site-packages/airflow/example_dags/example_latest_only_with_trigger.py
[2024-09-28T13:02:34.094+0000] {processor.py:766} INFO - DAG(s) dict_keys(['latest_only_with_trigger']) retrieved from /home/airflow/.local/lib/python3.7/site-packages/airflow/example_dags/example_latest_only_with_trigger.py
[2024-09-28T13:02:34.950+0000] {logging_mixin.py:120} INFO - [2024-09-28T13:02:34.948+0000] {dag.py:2585} INFO - Sync 1 DAGs
[2024-09-28T13:02:35.209+0000] {logging_mixin.py:120} INFO - [2024-09-28T13:02:35.208+0000] {dag.py:3340} INFO - Setting next_dagrun for latest_only_with_trigger to 2024-09-28T09:02:35.207191+00:00, run_after=2024-09-28T13:02:35.207191+00:00
[2024-09-28T13:02:35.385+0000] {processor.py:176} INFO - Processing /home/airflow/.local/lib/python3.7/site-packages/airflow/example_dags/example_latest_only_with_trigger.py took 1.464 seconds
[2024-09-28T13:03:08.640+0000] {processor.py:154} INFO - Started process (PID=32623) to work on /home/airflow/.local/lib/python3.7/site-packages/airflow/example_dags/example_latest_only_with_trigger.py
[2024-09-28T13:03:08.655+0000] {processor.py:756} INFO - Processing file /home/airflow/.local/lib/python3.7/site-packages/airflow/example_dags/example_latest_only_with_trigger.py for tasks to queue
[2024-09-28T13:03:08.660+0000] {logging_mixin.py:120} INFO - [2024-09-28T13:03:08.659+0000] {dagbag.py:537} INFO - Filling up the DagBag from /home/airflow/.local/lib/python3.7/site-packages/airflow/example_dags/example_latest_only_with_trigger.py
[2024-09-28T13:03:08.796+0000] {processor.py:766} INFO - DAG(s) dict_keys(['latest_only_with_trigger']) retrieved from /home/airflow/.local/lib/python3.7/site-packages/airflow/example_dags/example_latest_only_with_trigger.py
[2024-09-28T13:03:09.633+0000] {logging_mixin.py:120} INFO - [2024-09-28T13:03:09.632+0000] {dag.py:2585} INFO - Sync 1 DAGs
[2024-09-28T13:03:09.761+0000] {logging_mixin.py:120} INFO - [2024-09-28T13:03:09.760+0000] {dag.py:3340} INFO - Setting next_dagrun for latest_only_with_trigger to 2024-09-28T09:03:09.759688+00:00, run_after=2024-09-28T13:03:09.759688+00:00
[2024-09-28T13:03:09.860+0000] {processor.py:176} INFO - Processing /home/airflow/.local/lib/python3.7/site-packages/airflow/example_dags/example_latest_only_with_trigger.py took 1.257 seconds
[2024-09-28T13:03:41.210+0000] {processor.py:154} INFO - Started process (PID=32687) to work on /home/airflow/.local/lib/python3.7/site-packages/airflow/example_dags/example_latest_only_with_trigger.py
[2024-09-28T13:03:41.220+0000] {processor.py:756} INFO - Processing file /home/airflow/.local/lib/python3.7/site-packages/airflow/example_dags/example_latest_only_with_trigger.py for tasks to queue
[2024-09-28T13:03:41.224+0000] {logging_mixin.py:120} INFO - [2024-09-28T13:03:41.224+0000] {dagbag.py:537} INFO - Filling up the DagBag from /home/airflow/.local/lib/python3.7/site-packages/airflow/example_dags/example_latest_only_with_trigger.py
[2024-09-28T13:03:41.310+0000] {processor.py:766} INFO - DAG(s) dict_keys(['latest_only_with_trigger']) retrieved from /home/airflow/.local/lib/python3.7/site-packages/airflow/example_dags/example_latest_only_with_trigger.py
[2024-09-28T13:03:41.542+0000] {logging_mixin.py:120} INFO - [2024-09-28T13:03:41.541+0000] {dag.py:2585} INFO - Sync 1 DAGs
[2024-09-28T13:03:42.105+0000] {logging_mixin.py:120} INFO - [2024-09-28T13:03:42.105+0000] {dag.py:3340} INFO - Setting next_dagrun for latest_only_with_trigger to 2024-09-28T09:03:42.104371+00:00, run_after=2024-09-28T13:03:42.104371+00:00
[2024-09-28T13:03:42.181+0000] {processor.py:176} INFO - Processing /home/airflow/.local/lib/python3.7/site-packages/airflow/example_dags/example_latest_only_with_trigger.py took 0.988 seconds
[2024-09-28T13:19:23.852+0000] {processor.py:154} INFO - Started process (PID=32768) to work on /home/airflow/.local/lib/python3.7/site-packages/airflow/example_dags/example_latest_only_with_trigger.py
[2024-09-28T13:19:23.871+0000] {processor.py:756} INFO - Processing file /home/airflow/.local/lib/python3.7/site-packages/airflow/example_dags/example_latest_only_with_trigger.py for tasks to queue
[2024-09-28T13:19:23.878+0000] {logging_mixin.py:120} INFO - [2024-09-28T13:19:23.877+0000] {dagbag.py:537} INFO - Filling up the DagBag from /home/airflow/.local/lib/python3.7/site-packages/airflow/example_dags/example_latest_only_with_trigger.py
[2024-09-28T13:19:24.058+0000] {processor.py:766} INFO - DAG(s) dict_keys(['latest_only_with_trigger']) retrieved from /home/airflow/.local/lib/python3.7/site-packages/airflow/example_dags/example_latest_only_with_trigger.py
[2024-09-28T13:19:24.487+0000] {logging_mixin.py:120} INFO - [2024-09-28T13:19:24.486+0000] {dag.py:2585} INFO - Sync 1 DAGs
[2024-09-28T13:19:25.761+0000] {logging_mixin.py:120} INFO - [2024-09-28T13:19:25.758+0000] {dag.py:3340} INFO - Setting next_dagrun for latest_only_with_trigger to 2024-09-28T09:19:25.756378+00:00, run_after=2024-09-28T13:19:25.756378+00:00
[2024-09-28T13:19:25.975+0000] {processor.py:176} INFO - Processing /home/airflow/.local/lib/python3.7/site-packages/airflow/example_dags/example_latest_only_with_trigger.py took 2.170 seconds
[2024-09-28T13:20:04.574+0000] {processor.py:154} INFO - Started process (PID=32831) to work on /home/airflow/.local/lib/python3.7/site-packages/airflow/example_dags/example_latest_only_with_trigger.py
[2024-09-28T13:20:04.587+0000] {processor.py:756} INFO - Processing file /home/airflow/.local/lib/python3.7/site-packages/airflow/example_dags/example_latest_only_with_trigger.py for tasks to queue
[2024-09-28T13:20:04.595+0000] {logging_mixin.py:120} INFO - [2024-09-28T13:20:04.594+0000] {dagbag.py:537} INFO - Filling up the DagBag from /home/airflow/.local/lib/python3.7/site-packages/airflow/example_dags/example_latest_only_with_trigger.py
[2024-09-28T13:20:04.753+0000] {processor.py:766} INFO - DAG(s) dict_keys(['latest_only_with_trigger']) retrieved from /home/airflow/.local/lib/python3.7/site-packages/airflow/example_dags/example_latest_only_with_trigger.py
[2024-09-28T13:20:05.626+0000] {logging_mixin.py:120} INFO - [2024-09-28T13:20:05.625+0000] {dag.py:2585} INFO - Sync 1 DAGs
[2024-09-28T13:20:05.774+0000] {logging_mixin.py:120} INFO - [2024-09-28T13:20:05.774+0000] {dag.py:3340} INFO - Setting next_dagrun for latest_only_with_trigger to 2024-09-28T09:20:05.773131+00:00, run_after=2024-09-28T13:20:05.773131+00:00
[2024-09-28T13:20:05.929+0000] {processor.py:176} INFO - Processing /home/airflow/.local/lib/python3.7/site-packages/airflow/example_dags/example_latest_only_with_trigger.py took 1.380 seconds
[2024-09-28T13:20:44.227+0000] {processor.py:154} INFO - Started process (PID=32898) to work on /home/airflow/.local/lib/python3.7/site-packages/airflow/example_dags/example_latest_only_with_trigger.py
[2024-09-28T13:20:44.248+0000] {processor.py:756} INFO - Processing file /home/airflow/.local/lib/python3.7/site-packages/airflow/example_dags/example_latest_only_with_trigger.py for tasks to queue
[2024-09-28T13:20:44.258+0000] {logging_mixin.py:120} INFO - [2024-09-28T13:20:44.257+0000] {dagbag.py:537} INFO - Filling up the DagBag from /home/airflow/.local/lib/python3.7/site-packages/airflow/example_dags/example_latest_only_with_trigger.py
[2024-09-28T13:20:45.283+0000] {processor.py:766} INFO - DAG(s) dict_keys(['latest_only_with_trigger']) retrieved from /home/airflow/.local/lib/python3.7/site-packages/airflow/example_dags/example_latest_only_with_trigger.py
[2024-09-28T13:20:45.538+0000] {logging_mixin.py:120} INFO - [2024-09-28T13:20:45.536+0000] {dag.py:2585} INFO - Sync 1 DAGs
[2024-09-28T13:20:45.839+0000] {logging_mixin.py:120} INFO - [2024-09-28T13:20:45.838+0000] {dag.py:3340} INFO - Setting next_dagrun for latest_only_with_trigger to 2024-09-28T09:20:45.836467+00:00, run_after=2024-09-28T13:20:45.836467+00:00
[2024-09-28T13:20:46.001+0000] {processor.py:176} INFO - Processing /home/airflow/.local/lib/python3.7/site-packages/airflow/example_dags/example_latest_only_with_trigger.py took 1.803 seconds
[2024-09-28T13:21:23.534+0000] {processor.py:154} INFO - Started process (PID=32962) to work on /home/airflow/.local/lib/python3.7/site-packages/airflow/example_dags/example_latest_only_with_trigger.py
[2024-09-28T13:21:23.549+0000] {processor.py:756} INFO - Processing file /home/airflow/.local/lib/python3.7/site-packages/airflow/example_dags/example_latest_only_with_trigger.py for tasks to queue
[2024-09-28T13:21:23.561+0000] {logging_mixin.py:120} INFO - [2024-09-28T13:21:23.560+0000] {dagbag.py:537} INFO - Filling up the DagBag from /home/airflow/.local/lib/python3.7/site-packages/airflow/example_dags/example_latest_only_with_trigger.py
[2024-09-28T13:21:23.688+0000] {processor.py:766} INFO - DAG(s) dict_keys(['latest_only_with_trigger']) retrieved from /home/airflow/.local/lib/python3.7/site-packages/airflow/example_dags/example_latest_only_with_trigger.py
[2024-09-28T13:21:23.969+0000] {logging_mixin.py:120} INFO - [2024-09-28T13:21:23.968+0000] {dag.py:2585} INFO - Sync 1 DAGs
[2024-09-28T13:21:24.832+0000] {logging_mixin.py:120} INFO - [2024-09-28T13:21:24.831+0000] {dag.py:3340} INFO - Setting next_dagrun for latest_only_with_trigger to 2024-09-28T09:21:24.830017+00:00, run_after=2024-09-28T13:21:24.830017+00:00
[2024-09-28T13:21:24.963+0000] {processor.py:176} INFO - Processing /home/airflow/.local/lib/python3.7/site-packages/airflow/example_dags/example_latest_only_with_trigger.py took 1.451 seconds
[2024-09-28T13:21:55.155+0000] {processor.py:154} INFO - Started process (PID=33018) to work on /home/airflow/.local/lib/python3.7/site-packages/airflow/example_dags/example_latest_only_with_trigger.py
[2024-09-28T13:21:55.162+0000] {processor.py:756} INFO - Processing file /home/airflow/.local/lib/python3.7/site-packages/airflow/example_dags/example_latest_only_with_trigger.py for tasks to queue
[2024-09-28T13:21:55.165+0000] {logging_mixin.py:120} INFO - [2024-09-28T13:21:55.165+0000] {dagbag.py:537} INFO - Filling up the DagBag from /home/airflow/.local/lib/python3.7/site-packages/airflow/example_dags/example_latest_only_with_trigger.py
[2024-09-28T13:21:55.249+0000] {processor.py:766} INFO - DAG(s) dict_keys(['latest_only_with_trigger']) retrieved from /home/airflow/.local/lib/python3.7/site-packages/airflow/example_dags/example_latest_only_with_trigger.py
[2024-09-28T13:21:55.920+0000] {logging_mixin.py:120} INFO - [2024-09-28T13:21:55.920+0000] {dag.py:2585} INFO - Sync 1 DAGs
[2024-09-28T13:21:56.027+0000] {logging_mixin.py:120} INFO - [2024-09-28T13:21:56.026+0000] {dag.py:3340} INFO - Setting next_dagrun for latest_only_with_trigger to 2024-09-28T09:21:56.026150+00:00, run_after=2024-09-28T13:21:56.026150+00:00
[2024-09-28T13:21:56.121+0000] {processor.py:176} INFO - Processing /home/airflow/.local/lib/python3.7/site-packages/airflow/example_dags/example_latest_only_with_trigger.py took 0.983 seconds
[2024-09-28T13:22:27.720+0000] {processor.py:154} INFO - Started process (PID=33081) to work on /home/airflow/.local/lib/python3.7/site-packages/airflow/example_dags/example_latest_only_with_trigger.py
[2024-09-28T13:22:27.733+0000] {processor.py:756} INFO - Processing file /home/airflow/.local/lib/python3.7/site-packages/airflow/example_dags/example_latest_only_with_trigger.py for tasks to queue
[2024-09-28T13:22:27.740+0000] {logging_mixin.py:120} INFO - [2024-09-28T13:22:27.739+0000] {dagbag.py:537} INFO - Filling up the DagBag from /home/airflow/.local/lib/python3.7/site-packages/airflow/example_dags/example_latest_only_with_trigger.py
[2024-09-28T13:22:27.861+0000] {processor.py:766} INFO - DAG(s) dict_keys(['latest_only_with_trigger']) retrieved from /home/airflow/.local/lib/python3.7/site-packages/airflow/example_dags/example_latest_only_with_trigger.py
[2024-09-28T13:22:28.562+0000] {logging_mixin.py:120} INFO - [2024-09-28T13:22:28.562+0000] {dag.py:2585} INFO - Sync 1 DAGs
[2024-09-28T13:22:28.677+0000] {logging_mixin.py:120} INFO - [2024-09-28T13:22:28.677+0000] {dag.py:3340} INFO - Setting next_dagrun for latest_only_with_trigger to 2024-09-28T09:22:28.676439+00:00, run_after=2024-09-28T13:22:28.676439+00:00
[2024-09-28T13:22:28.758+0000] {processor.py:176} INFO - Processing /home/airflow/.local/lib/python3.7/site-packages/airflow/example_dags/example_latest_only_with_trigger.py took 1.061 seconds
[2024-09-28T13:41:04.915+0000] {processor.py:154} INFO - Started process (PID=33191) to work on /home/airflow/.local/lib/python3.7/site-packages/airflow/example_dags/example_latest_only_with_trigger.py
[2024-09-28T13:41:04.935+0000] {processor.py:756} INFO - Processing file /home/airflow/.local/lib/python3.7/site-packages/airflow/example_dags/example_latest_only_with_trigger.py for tasks to queue
[2024-09-28T13:41:04.947+0000] {logging_mixin.py:120} INFO - [2024-09-28T13:41:04.945+0000] {dagbag.py:537} INFO - Filling up the DagBag from /home/airflow/.local/lib/python3.7/site-packages/airflow/example_dags/example_latest_only_with_trigger.py
[2024-09-28T13:41:05.144+0000] {processor.py:766} INFO - DAG(s) dict_keys(['latest_only_with_trigger']) retrieved from /home/airflow/.local/lib/python3.7/site-packages/airflow/example_dags/example_latest_only_with_trigger.py
[2024-09-28T13:41:05.581+0000] {logging_mixin.py:120} INFO - [2024-09-28T13:41:05.579+0000] {dag.py:2585} INFO - Sync 1 DAGs
[2024-09-28T13:41:06.663+0000] {logging_mixin.py:120} INFO - [2024-09-28T13:41:06.663+0000] {dag.py:3340} INFO - Setting next_dagrun for latest_only_with_trigger to 2024-09-28T09:41:06.662267+00:00, run_after=2024-09-28T13:41:06.662267+00:00
[2024-09-28T13:41:06.817+0000] {processor.py:176} INFO - Processing /home/airflow/.local/lib/python3.7/site-packages/airflow/example_dags/example_latest_only_with_trigger.py took 1.939 seconds
[2024-09-28T13:41:42.394+0000] {processor.py:154} INFO - Started process (PID=33254) to work on /home/airflow/.local/lib/python3.7/site-packages/airflow/example_dags/example_latest_only_with_trigger.py
[2024-09-28T13:41:42.407+0000] {processor.py:756} INFO - Processing file /home/airflow/.local/lib/python3.7/site-packages/airflow/example_dags/example_latest_only_with_trigger.py for tasks to queue
[2024-09-28T13:41:42.413+0000] {logging_mixin.py:120} INFO - [2024-09-28T13:41:42.412+0000] {dagbag.py:537} INFO - Filling up the DagBag from /home/airflow/.local/lib/python3.7/site-packages/airflow/example_dags/example_latest_only_with_trigger.py
[2024-09-28T13:41:42.534+0000] {processor.py:766} INFO - DAG(s) dict_keys(['latest_only_with_trigger']) retrieved from /home/airflow/.local/lib/python3.7/site-packages/airflow/example_dags/example_latest_only_with_trigger.py
[2024-09-28T13:41:43.650+0000] {logging_mixin.py:120} INFO - [2024-09-28T13:41:43.649+0000] {dag.py:2585} INFO - Sync 1 DAGs
[2024-09-28T13:41:43.827+0000] {logging_mixin.py:120} INFO - [2024-09-28T13:41:43.826+0000] {dag.py:3340} INFO - Setting next_dagrun for latest_only_with_trigger to 2024-09-28T09:41:43.825373+00:00, run_after=2024-09-28T13:41:43.825373+00:00
[2024-09-28T13:41:43.958+0000] {processor.py:176} INFO - Processing /home/airflow/.local/lib/python3.7/site-packages/airflow/example_dags/example_latest_only_with_trigger.py took 1.585 seconds
[2024-09-28T13:42:17.640+0000] {processor.py:154} INFO - Started process (PID=33316) to work on /home/airflow/.local/lib/python3.7/site-packages/airflow/example_dags/example_latest_only_with_trigger.py
[2024-09-28T13:42:17.655+0000] {processor.py:756} INFO - Processing file /home/airflow/.local/lib/python3.7/site-packages/airflow/example_dags/example_latest_only_with_trigger.py for tasks to queue
[2024-09-28T13:42:17.662+0000] {logging_mixin.py:120} INFO - [2024-09-28T13:42:17.660+0000] {dagbag.py:537} INFO - Filling up the DagBag from /home/airflow/.local/lib/python3.7/site-packages/airflow/example_dags/example_latest_only_with_trigger.py
[2024-09-28T13:42:17.794+0000] {processor.py:766} INFO - DAG(s) dict_keys(['latest_only_with_trigger']) retrieved from /home/airflow/.local/lib/python3.7/site-packages/airflow/example_dags/example_latest_only_with_trigger.py
[2024-09-28T13:42:18.685+0000] {logging_mixin.py:120} INFO - [2024-09-28T13:42:18.684+0000] {dag.py:2585} INFO - Sync 1 DAGs
[2024-09-28T13:42:18.847+0000] {logging_mixin.py:120} INFO - [2024-09-28T13:42:18.846+0000] {dag.py:3340} INFO - Setting next_dagrun for latest_only_with_trigger to 2024-09-28T09:42:18.845611+00:00, run_after=2024-09-28T13:42:18.845611+00:00
[2024-09-28T13:42:18.978+0000] {processor.py:176} INFO - Processing /home/airflow/.local/lib/python3.7/site-packages/airflow/example_dags/example_latest_only_with_trigger.py took 1.372 seconds
[2024-09-28T13:42:49.209+0000] {processor.py:154} INFO - Started process (PID=33372) to work on /home/airflow/.local/lib/python3.7/site-packages/airflow/example_dags/example_latest_only_with_trigger.py
[2024-09-28T13:42:49.224+0000] {processor.py:756} INFO - Processing file /home/airflow/.local/lib/python3.7/site-packages/airflow/example_dags/example_latest_only_with_trigger.py for tasks to queue
[2024-09-28T13:42:49.228+0000] {logging_mixin.py:120} INFO - [2024-09-28T13:42:49.227+0000] {dagbag.py:537} INFO - Filling up the DagBag from /home/airflow/.local/lib/python3.7/site-packages/airflow/example_dags/example_latest_only_with_trigger.py
[2024-09-28T13:42:49.304+0000] {processor.py:766} INFO - DAG(s) dict_keys(['latest_only_with_trigger']) retrieved from /home/airflow/.local/lib/python3.7/site-packages/airflow/example_dags/example_latest_only_with_trigger.py
[2024-09-28T13:42:49.876+0000] {logging_mixin.py:120} INFO - [2024-09-28T13:42:49.875+0000] {dag.py:2585} INFO - Sync 1 DAGs
[2024-09-28T13:42:49.977+0000] {logging_mixin.py:120} INFO - [2024-09-28T13:42:49.977+0000] {dag.py:3340} INFO - Setting next_dagrun for latest_only_with_trigger to 2024-09-28T09:42:49.976666+00:00, run_after=2024-09-28T13:42:49.976666+00:00
[2024-09-28T13:42:50.056+0000] {processor.py:176} INFO - Processing /home/airflow/.local/lib/python3.7/site-packages/airflow/example_dags/example_latest_only_with_trigger.py took 0.862 seconds
[2024-09-28T13:43:22.568+0000] {processor.py:154} INFO - Started process (PID=33435) to work on /home/airflow/.local/lib/python3.7/site-packages/airflow/example_dags/example_latest_only_with_trigger.py
[2024-09-28T13:43:22.577+0000] {processor.py:756} INFO - Processing file /home/airflow/.local/lib/python3.7/site-packages/airflow/example_dags/example_latest_only_with_trigger.py for tasks to queue
[2024-09-28T13:43:22.583+0000] {logging_mixin.py:120} INFO - [2024-09-28T13:43:22.581+0000] {dagbag.py:537} INFO - Filling up the DagBag from /home/airflow/.local/lib/python3.7/site-packages/airflow/example_dags/example_latest_only_with_trigger.py
[2024-09-28T13:43:22.671+0000] {processor.py:766} INFO - DAG(s) dict_keys(['latest_only_with_trigger']) retrieved from /home/airflow/.local/lib/python3.7/site-packages/airflow/example_dags/example_latest_only_with_trigger.py
[2024-09-28T13:43:22.867+0000] {logging_mixin.py:120} INFO - [2024-09-28T13:43:22.866+0000] {dag.py:2585} INFO - Sync 1 DAGs
[2024-09-28T13:43:23.420+0000] {logging_mixin.py:120} INFO - [2024-09-28T13:43:23.419+0000] {dag.py:3340} INFO - Setting next_dagrun for latest_only_with_trigger to 2024-09-28T09:43:23.419184+00:00, run_after=2024-09-28T13:43:23.419184+00:00
[2024-09-28T13:43:23.515+0000] {processor.py:176} INFO - Processing /home/airflow/.local/lib/python3.7/site-packages/airflow/example_dags/example_latest_only_with_trigger.py took 0.965 seconds
[2024-09-28T14:00:06.691+0000] {processor.py:154} INFO - Started process (PID=33547) to work on /home/airflow/.local/lib/python3.7/site-packages/airflow/example_dags/example_latest_only_with_trigger.py
[2024-09-28T14:00:06.708+0000] {processor.py:756} INFO - Processing file /home/airflow/.local/lib/python3.7/site-packages/airflow/example_dags/example_latest_only_with_trigger.py for tasks to queue
[2024-09-28T14:00:06.716+0000] {logging_mixin.py:120} INFO - [2024-09-28T14:00:06.715+0000] {dagbag.py:537} INFO - Filling up the DagBag from /home/airflow/.local/lib/python3.7/site-packages/airflow/example_dags/example_latest_only_with_trigger.py
[2024-09-28T14:00:06.882+0000] {processor.py:766} INFO - DAG(s) dict_keys(['latest_only_with_trigger']) retrieved from /home/airflow/.local/lib/python3.7/site-packages/airflow/example_dags/example_latest_only_with_trigger.py
[2024-09-28T14:00:08.166+0000] {logging_mixin.py:120} INFO - [2024-09-28T14:00:08.164+0000] {dag.py:2585} INFO - Sync 1 DAGs
[2024-09-28T14:00:08.451+0000] {logging_mixin.py:120} INFO - [2024-09-28T14:00:08.450+0000] {dag.py:3340} INFO - Setting next_dagrun for latest_only_with_trigger to 2024-09-28T10:00:08.448715+00:00, run_after=2024-09-28T14:00:08.448715+00:00
[2024-09-28T14:00:08.659+0000] {processor.py:176} INFO - Processing /home/airflow/.local/lib/python3.7/site-packages/airflow/example_dags/example_latest_only_with_trigger.py took 2.005 seconds
[2024-09-28T14:00:44.232+0000] {processor.py:154} INFO - Started process (PID=33611) to work on /home/airflow/.local/lib/python3.7/site-packages/airflow/example_dags/example_latest_only_with_trigger.py
[2024-09-28T14:00:44.243+0000] {processor.py:756} INFO - Processing file /home/airflow/.local/lib/python3.7/site-packages/airflow/example_dags/example_latest_only_with_trigger.py for tasks to queue
[2024-09-28T14:00:44.248+0000] {logging_mixin.py:120} INFO - [2024-09-28T14:00:44.247+0000] {dagbag.py:537} INFO - Filling up the DagBag from /home/airflow/.local/lib/python3.7/site-packages/airflow/example_dags/example_latest_only_with_trigger.py
[2024-09-28T14:00:45.073+0000] {processor.py:766} INFO - DAG(s) dict_keys(['latest_only_with_trigger']) retrieved from /home/airflow/.local/lib/python3.7/site-packages/airflow/example_dags/example_latest_only_with_trigger.py
[2024-09-28T14:00:45.291+0000] {logging_mixin.py:120} INFO - [2024-09-28T14:00:45.290+0000] {dag.py:2585} INFO - Sync 1 DAGs
[2024-09-28T14:00:45.436+0000] {logging_mixin.py:120} INFO - [2024-09-28T14:00:45.436+0000] {dag.py:3340} INFO - Setting next_dagrun for latest_only_with_trigger to 2024-09-28T10:00:45.434949+00:00, run_after=2024-09-28T14:00:45.434949+00:00
[2024-09-28T14:00:45.536+0000] {processor.py:176} INFO - Processing /home/airflow/.local/lib/python3.7/site-packages/airflow/example_dags/example_latest_only_with_trigger.py took 1.327 seconds
[2024-09-28T14:01:19.614+0000] {processor.py:154} INFO - Started process (PID=33674) to work on /home/airflow/.local/lib/python3.7/site-packages/airflow/example_dags/example_latest_only_with_trigger.py
[2024-09-28T14:01:19.627+0000] {processor.py:756} INFO - Processing file /home/airflow/.local/lib/python3.7/site-packages/airflow/example_dags/example_latest_only_with_trigger.py for tasks to queue
[2024-09-28T14:01:19.634+0000] {logging_mixin.py:120} INFO - [2024-09-28T14:01:19.633+0000] {dagbag.py:537} INFO - Filling up the DagBag from /home/airflow/.local/lib/python3.7/site-packages/airflow/example_dags/example_latest_only_with_trigger.py
[2024-09-28T14:01:19.742+0000] {processor.py:766} INFO - DAG(s) dict_keys(['latest_only_with_trigger']) retrieved from /home/airflow/.local/lib/python3.7/site-packages/airflow/example_dags/example_latest_only_with_trigger.py
[2024-09-28T14:01:20.032+0000] {logging_mixin.py:120} INFO - [2024-09-28T14:01:20.031+0000] {dag.py:2585} INFO - Sync 1 DAGs
[2024-09-28T14:01:20.814+0000] {logging_mixin.py:120} INFO - [2024-09-28T14:01:20.813+0000] {dag.py:3340} INFO - Setting next_dagrun for latest_only_with_trigger to 2024-09-28T10:01:20.812908+00:00, run_after=2024-09-28T14:01:20.812908+00:00
[2024-09-28T14:01:20.922+0000] {processor.py:176} INFO - Processing /home/airflow/.local/lib/python3.7/site-packages/airflow/example_dags/example_latest_only_with_trigger.py took 1.329 seconds
[2024-09-28T14:17:53.014+0000] {processor.py:154} INFO - Started process (PID=33741) to work on /home/airflow/.local/lib/python3.7/site-packages/airflow/example_dags/example_latest_only_with_trigger.py
[2024-09-28T14:17:53.023+0000] {processor.py:756} INFO - Processing file /home/airflow/.local/lib/python3.7/site-packages/airflow/example_dags/example_latest_only_with_trigger.py for tasks to queue
[2024-09-28T14:17:53.029+0000] {logging_mixin.py:120} INFO - [2024-09-28T14:17:53.028+0000] {dagbag.py:537} INFO - Filling up the DagBag from /home/airflow/.local/lib/python3.7/site-packages/airflow/example_dags/example_latest_only_with_trigger.py
[2024-09-28T14:17:53.167+0000] {processor.py:766} INFO - DAG(s) dict_keys(['latest_only_with_trigger']) retrieved from /home/airflow/.local/lib/python3.7/site-packages/airflow/example_dags/example_latest_only_with_trigger.py
[2024-09-28T14:17:54.310+0000] {logging_mixin.py:120} INFO - [2024-09-28T14:17:54.309+0000] {dag.py:2585} INFO - Sync 1 DAGs
[2024-09-28T14:17:54.527+0000] {logging_mixin.py:120} INFO - [2024-09-28T14:17:54.526+0000] {dag.py:3340} INFO - Setting next_dagrun for latest_only_with_trigger to 2024-09-28T10:17:54.524592+00:00, run_after=2024-09-28T14:17:54.524592+00:00
[2024-09-28T14:17:54.683+0000] {processor.py:176} INFO - Processing /home/airflow/.local/lib/python3.7/site-packages/airflow/example_dags/example_latest_only_with_trigger.py took 1.699 seconds
[2024-09-28T14:18:46.921+0000] {processor.py:154} INFO - Started process (PID=33822) to work on /home/airflow/.local/lib/python3.7/site-packages/airflow/example_dags/example_latest_only_with_trigger.py
[2024-09-28T14:18:46.935+0000] {processor.py:756} INFO - Processing file /home/airflow/.local/lib/python3.7/site-packages/airflow/example_dags/example_latest_only_with_trigger.py for tasks to queue
[2024-09-28T14:18:46.941+0000] {logging_mixin.py:120} INFO - [2024-09-28T14:18:46.940+0000] {dagbag.py:537} INFO - Filling up the DagBag from /home/airflow/.local/lib/python3.7/site-packages/airflow/example_dags/example_latest_only_with_trigger.py
[2024-09-28T14:18:47.061+0000] {processor.py:766} INFO - DAG(s) dict_keys(['latest_only_with_trigger']) retrieved from /home/airflow/.local/lib/python3.7/site-packages/airflow/example_dags/example_latest_only_with_trigger.py
[2024-09-28T14:18:48.064+0000] {logging_mixin.py:120} INFO - [2024-09-28T14:18:48.063+0000] {dag.py:2585} INFO - Sync 1 DAGs
[2024-09-28T14:18:48.219+0000] {logging_mixin.py:120} INFO - [2024-09-28T14:18:48.219+0000] {dag.py:3340} INFO - Setting next_dagrun for latest_only_with_trigger to 2024-09-28T10:18:48.218144+00:00, run_after=2024-09-28T14:18:48.218144+00:00
[2024-09-28T14:18:48.343+0000] {processor.py:176} INFO - Processing /home/airflow/.local/lib/python3.7/site-packages/airflow/example_dags/example_latest_only_with_trigger.py took 1.446 seconds
[2024-09-28T14:19:22.707+0000] {processor.py:154} INFO - Started process (PID=33885) to work on /home/airflow/.local/lib/python3.7/site-packages/airflow/example_dags/example_latest_only_with_trigger.py
[2024-09-28T14:19:22.724+0000] {processor.py:756} INFO - Processing file /home/airflow/.local/lib/python3.7/site-packages/airflow/example_dags/example_latest_only_with_trigger.py for tasks to queue
[2024-09-28T14:19:22.729+0000] {logging_mixin.py:120} INFO - [2024-09-28T14:19:22.728+0000] {dagbag.py:537} INFO - Filling up the DagBag from /home/airflow/.local/lib/python3.7/site-packages/airflow/example_dags/example_latest_only_with_trigger.py
[2024-09-28T14:19:22.851+0000] {processor.py:766} INFO - DAG(s) dict_keys(['latest_only_with_trigger']) retrieved from /home/airflow/.local/lib/python3.7/site-packages/airflow/example_dags/example_latest_only_with_trigger.py
[2024-09-28T14:19:23.192+0000] {logging_mixin.py:120} INFO - [2024-09-28T14:19:23.191+0000] {dag.py:2585} INFO - Sync 1 DAGs
[2024-09-28T14:19:24.106+0000] {logging_mixin.py:120} INFO - [2024-09-28T14:19:24.105+0000] {dag.py:3340} INFO - Setting next_dagrun for latest_only_with_trigger to 2024-09-28T10:19:24.103185+00:00, run_after=2024-09-28T14:19:24.103185+00:00
[2024-09-28T14:19:24.225+0000] {processor.py:176} INFO - Processing /home/airflow/.local/lib/python3.7/site-packages/airflow/example_dags/example_latest_only_with_trigger.py took 1.549 seconds
[2024-09-28T14:20:00.472+0000] {processor.py:154} INFO - Started process (PID=33944) to work on /home/airflow/.local/lib/python3.7/site-packages/airflow/example_dags/example_latest_only_with_trigger.py
[2024-09-28T14:20:00.483+0000] {processor.py:756} INFO - Processing file /home/airflow/.local/lib/python3.7/site-packages/airflow/example_dags/example_latest_only_with_trigger.py for tasks to queue
[2024-09-28T14:20:00.489+0000] {logging_mixin.py:120} INFO - [2024-09-28T14:20:00.488+0000] {dagbag.py:537} INFO - Filling up the DagBag from /home/airflow/.local/lib/python3.7/site-packages/airflow/example_dags/example_latest_only_with_trigger.py
[2024-09-28T14:20:00.596+0000] {processor.py:766} INFO - DAG(s) dict_keys(['latest_only_with_trigger']) retrieved from /home/airflow/.local/lib/python3.7/site-packages/airflow/example_dags/example_latest_only_with_trigger.py
[2024-09-28T14:20:00.819+0000] {logging_mixin.py:120} INFO - [2024-09-28T14:20:00.819+0000] {dag.py:2585} INFO - Sync 1 DAGs
[2024-09-28T14:20:01.482+0000] {logging_mixin.py:120} INFO - [2024-09-28T14:20:01.481+0000] {dag.py:3340} INFO - Setting next_dagrun for latest_only_with_trigger to 2024-09-28T10:20:01.480478+00:00, run_after=2024-09-28T14:20:01.480478+00:00
[2024-09-28T14:20:01.586+0000] {processor.py:176} INFO - Processing /home/airflow/.local/lib/python3.7/site-packages/airflow/example_dags/example_latest_only_with_trigger.py took 1.143 seconds
[2024-09-28T14:20:32.461+0000] {processor.py:154} INFO - Started process (PID=34007) to work on /home/airflow/.local/lib/python3.7/site-packages/airflow/example_dags/example_latest_only_with_trigger.py
[2024-09-28T14:20:32.469+0000] {processor.py:756} INFO - Processing file /home/airflow/.local/lib/python3.7/site-packages/airflow/example_dags/example_latest_only_with_trigger.py for tasks to queue
[2024-09-28T14:20:32.473+0000] {logging_mixin.py:120} INFO - [2024-09-28T14:20:32.472+0000] {dagbag.py:537} INFO - Filling up the DagBag from /home/airflow/.local/lib/python3.7/site-packages/airflow/example_dags/example_latest_only_with_trigger.py
[2024-09-28T14:20:32.547+0000] {processor.py:766} INFO - DAG(s) dict_keys(['latest_only_with_trigger']) retrieved from /home/airflow/.local/lib/python3.7/site-packages/airflow/example_dags/example_latest_only_with_trigger.py
[2024-09-28T14:20:33.154+0000] {logging_mixin.py:120} INFO - [2024-09-28T14:20:33.153+0000] {dag.py:2585} INFO - Sync 1 DAGs
[2024-09-28T14:20:33.257+0000] {logging_mixin.py:120} INFO - [2024-09-28T14:20:33.256+0000] {dag.py:3340} INFO - Setting next_dagrun for latest_only_with_trigger to 2024-09-28T10:20:33.255855+00:00, run_after=2024-09-28T14:20:33.255855+00:00
[2024-09-28T14:20:33.339+0000] {processor.py:176} INFO - Processing /home/airflow/.local/lib/python3.7/site-packages/airflow/example_dags/example_latest_only_with_trigger.py took 0.894 seconds
[2024-09-28T14:36:32.842+0000] {processor.py:154} INFO - Started process (PID=34101) to work on /home/airflow/.local/lib/python3.7/site-packages/airflow/example_dags/example_latest_only_with_trigger.py
[2024-09-28T14:36:32.859+0000] {processor.py:756} INFO - Processing file /home/airflow/.local/lib/python3.7/site-packages/airflow/example_dags/example_latest_only_with_trigger.py for tasks to queue
[2024-09-28T14:36:32.867+0000] {logging_mixin.py:120} INFO - [2024-09-28T14:36:32.865+0000] {dagbag.py:537} INFO - Filling up the DagBag from /home/airflow/.local/lib/python3.7/site-packages/airflow/example_dags/example_latest_only_with_trigger.py
[2024-09-28T14:36:33.966+0000] {processor.py:766} INFO - DAG(s) dict_keys(['latest_only_with_trigger']) retrieved from /home/airflow/.local/lib/python3.7/site-packages/airflow/example_dags/example_latest_only_with_trigger.py
[2024-09-28T14:36:34.274+0000] {logging_mixin.py:120} INFO - [2024-09-28T14:36:34.273+0000] {dag.py:2585} INFO - Sync 1 DAGs
[2024-09-28T14:36:34.547+0000] {logging_mixin.py:120} INFO - [2024-09-28T14:36:34.545+0000] {dag.py:3340} INFO - Setting next_dagrun for latest_only_with_trigger to 2024-09-28T10:36:34.543798+00:00, run_after=2024-09-28T14:36:34.543798+00:00
[2024-09-28T14:36:34.700+0000] {processor.py:176} INFO - Processing /home/airflow/.local/lib/python3.7/site-packages/airflow/example_dags/example_latest_only_with_trigger.py took 1.892 seconds
[2024-09-28T14:37:09.989+0000] {processor.py:154} INFO - Started process (PID=34157) to work on /home/airflow/.local/lib/python3.7/site-packages/airflow/example_dags/example_latest_only_with_trigger.py
[2024-09-28T14:37:10.003+0000] {processor.py:756} INFO - Processing file /home/airflow/.local/lib/python3.7/site-packages/airflow/example_dags/example_latest_only_with_trigger.py for tasks to queue
[2024-09-28T14:37:10.009+0000] {logging_mixin.py:120} INFO - [2024-09-28T14:37:10.008+0000] {dagbag.py:537} INFO - Filling up the DagBag from /home/airflow/.local/lib/python3.7/site-packages/airflow/example_dags/example_latest_only_with_trigger.py
[2024-09-28T14:37:10.108+0000] {processor.py:766} INFO - DAG(s) dict_keys(['latest_only_with_trigger']) retrieved from /home/airflow/.local/lib/python3.7/site-packages/airflow/example_dags/example_latest_only_with_trigger.py
[2024-09-28T14:37:10.353+0000] {logging_mixin.py:120} INFO - [2024-09-28T14:37:10.352+0000] {dag.py:2585} INFO - Sync 1 DAGs
[2024-09-28T14:37:11.104+0000] {logging_mixin.py:120} INFO - [2024-09-28T14:37:11.103+0000] {dag.py:3340} INFO - Setting next_dagrun for latest_only_with_trigger to 2024-09-28T10:37:11.102361+00:00, run_after=2024-09-28T14:37:11.102361+00:00
[2024-09-28T14:37:11.238+0000] {processor.py:176} INFO - Processing /home/airflow/.local/lib/python3.7/site-packages/airflow/example_dags/example_latest_only_with_trigger.py took 1.282 seconds
[2024-09-28T14:37:44.258+0000] {processor.py:154} INFO - Started process (PID=34220) to work on /home/airflow/.local/lib/python3.7/site-packages/airflow/example_dags/example_latest_only_with_trigger.py
[2024-09-28T14:37:44.273+0000] {processor.py:756} INFO - Processing file /home/airflow/.local/lib/python3.7/site-packages/airflow/example_dags/example_latest_only_with_trigger.py for tasks to queue
[2024-09-28T14:37:44.280+0000] {logging_mixin.py:120} INFO - [2024-09-28T14:37:44.279+0000] {dagbag.py:537} INFO - Filling up the DagBag from /home/airflow/.local/lib/python3.7/site-packages/airflow/example_dags/example_latest_only_with_trigger.py
[2024-09-28T14:37:44.388+0000] {processor.py:766} INFO - DAG(s) dict_keys(['latest_only_with_trigger']) retrieved from /home/airflow/.local/lib/python3.7/site-packages/airflow/example_dags/example_latest_only_with_trigger.py
[2024-09-28T14:37:45.181+0000] {logging_mixin.py:120} INFO - [2024-09-28T14:37:45.180+0000] {dag.py:2585} INFO - Sync 1 DAGs
[2024-09-28T14:37:45.341+0000] {logging_mixin.py:120} INFO - [2024-09-28T14:37:45.341+0000] {dag.py:3340} INFO - Setting next_dagrun for latest_only_with_trigger to 2024-09-28T10:37:45.340106+00:00, run_after=2024-09-28T14:37:45.340106+00:00
[2024-09-28T14:37:45.443+0000] {processor.py:176} INFO - Processing /home/airflow/.local/lib/python3.7/site-packages/airflow/example_dags/example_latest_only_with_trigger.py took 1.206 seconds
[2024-09-28T14:38:17.061+0000] {processor.py:154} INFO - Started process (PID=34283) to work on /home/airflow/.local/lib/python3.7/site-packages/airflow/example_dags/example_latest_only_with_trigger.py
[2024-09-28T14:38:17.069+0000] {processor.py:756} INFO - Processing file /home/airflow/.local/lib/python3.7/site-packages/airflow/example_dags/example_latest_only_with_trigger.py for tasks to queue
[2024-09-28T14:38:17.073+0000] {logging_mixin.py:120} INFO - [2024-09-28T14:38:17.072+0000] {dagbag.py:537} INFO - Filling up the DagBag from /home/airflow/.local/lib/python3.7/site-packages/airflow/example_dags/example_latest_only_with_trigger.py
[2024-09-28T14:38:17.142+0000] {processor.py:766} INFO - DAG(s) dict_keys(['latest_only_with_trigger']) retrieved from /home/airflow/.local/lib/python3.7/site-packages/airflow/example_dags/example_latest_only_with_trigger.py
[2024-09-28T14:38:17.753+0000] {logging_mixin.py:120} INFO - [2024-09-28T14:38:17.752+0000] {dag.py:2585} INFO - Sync 1 DAGs
[2024-09-28T14:38:17.853+0000] {logging_mixin.py:120} INFO - [2024-09-28T14:38:17.852+0000] {dag.py:3340} INFO - Setting next_dagrun for latest_only_with_trigger to 2024-09-28T10:38:17.852161+00:00, run_after=2024-09-28T14:38:17.852161+00:00
[2024-09-28T14:38:17.950+0000] {processor.py:176} INFO - Processing /home/airflow/.local/lib/python3.7/site-packages/airflow/example_dags/example_latest_only_with_trigger.py took 0.908 seconds
[2024-09-28T14:38:48.525+0000] {processor.py:154} INFO - Started process (PID=34346) to work on /home/airflow/.local/lib/python3.7/site-packages/airflow/example_dags/example_latest_only_with_trigger.py
[2024-09-28T14:38:48.540+0000] {processor.py:756} INFO - Processing file /home/airflow/.local/lib/python3.7/site-packages/airflow/example_dags/example_latest_only_with_trigger.py for tasks to queue
[2024-09-28T14:38:48.546+0000] {logging_mixin.py:120} INFO - [2024-09-28T14:38:48.545+0000] {dagbag.py:537} INFO - Filling up the DagBag from /home/airflow/.local/lib/python3.7/site-packages/airflow/example_dags/example_latest_only_with_trigger.py
[2024-09-28T14:38:49.251+0000] {processor.py:766} INFO - DAG(s) dict_keys(['latest_only_with_trigger']) retrieved from /home/airflow/.local/lib/python3.7/site-packages/airflow/example_dags/example_latest_only_with_trigger.py
[2024-09-28T14:38:49.414+0000] {logging_mixin.py:120} INFO - [2024-09-28T14:38:49.414+0000] {dag.py:2585} INFO - Sync 1 DAGs
[2024-09-28T14:38:49.529+0000] {logging_mixin.py:120} INFO - [2024-09-28T14:38:49.529+0000] {dag.py:3340} INFO - Setting next_dagrun for latest_only_with_trigger to 2024-09-28T10:38:49.528551+00:00, run_after=2024-09-28T14:38:49.528551+00:00
[2024-09-28T14:38:49.610+0000] {processor.py:176} INFO - Processing /home/airflow/.local/lib/python3.7/site-packages/airflow/example_dags/example_latest_only_with_trigger.py took 1.119 seconds
[2024-09-28T14:57:31.003+0000] {processor.py:154} INFO - Started process (PID=34456) to work on /home/airflow/.local/lib/python3.7/site-packages/airflow/example_dags/example_latest_only_with_trigger.py
[2024-09-28T14:57:31.020+0000] {processor.py:756} INFO - Processing file /home/airflow/.local/lib/python3.7/site-packages/airflow/example_dags/example_latest_only_with_trigger.py for tasks to queue
[2024-09-28T14:57:31.027+0000] {logging_mixin.py:120} INFO - [2024-09-28T14:57:31.026+0000] {dagbag.py:537} INFO - Filling up the DagBag from /home/airflow/.local/lib/python3.7/site-packages/airflow/example_dags/example_latest_only_with_trigger.py
[2024-09-28T14:57:31.168+0000] {processor.py:766} INFO - DAG(s) dict_keys(['latest_only_with_trigger']) retrieved from /home/airflow/.local/lib/python3.7/site-packages/airflow/example_dags/example_latest_only_with_trigger.py
[2024-09-28T14:57:31.617+0000] {logging_mixin.py:120} INFO - [2024-09-28T14:57:31.615+0000] {dag.py:2585} INFO - Sync 1 DAGs
[2024-09-28T14:57:31.931+0000] {logging_mixin.py:120} INFO - [2024-09-28T14:57:31.929+0000] {dag.py:3340} INFO - Setting next_dagrun for latest_only_with_trigger to 2024-09-28T10:57:31.928362+00:00, run_after=2024-09-28T14:57:31.928362+00:00
[2024-09-28T14:57:32.121+0000] {processor.py:176} INFO - Processing /home/airflow/.local/lib/python3.7/site-packages/airflow/example_dags/example_latest_only_with_trigger.py took 1.148 seconds
[2024-09-28T14:58:02.510+0000] {processor.py:154} INFO - Started process (PID=34512) to work on /home/airflow/.local/lib/python3.7/site-packages/airflow/example_dags/example_latest_only_with_trigger.py
[2024-09-28T14:58:02.522+0000] {processor.py:756} INFO - Processing file /home/airflow/.local/lib/python3.7/site-packages/airflow/example_dags/example_latest_only_with_trigger.py for tasks to queue
[2024-09-28T14:58:02.527+0000] {logging_mixin.py:120} INFO - [2024-09-28T14:58:02.526+0000] {dagbag.py:537} INFO - Filling up the DagBag from /home/airflow/.local/lib/python3.7/site-packages/airflow/example_dags/example_latest_only_with_trigger.py
[2024-09-28T14:58:02.630+0000] {processor.py:766} INFO - DAG(s) dict_keys(['latest_only_with_trigger']) retrieved from /home/airflow/.local/lib/python3.7/site-packages/airflow/example_dags/example_latest_only_with_trigger.py
[2024-09-28T14:58:02.885+0000] {logging_mixin.py:120} INFO - [2024-09-28T14:58:02.884+0000] {dag.py:2585} INFO - Sync 1 DAGs
[2024-09-28T14:58:03.053+0000] {logging_mixin.py:120} INFO - [2024-09-28T14:58:03.052+0000] {dag.py:3340} INFO - Setting next_dagrun for latest_only_with_trigger to 2024-09-28T10:58:03.051042+00:00, run_after=2024-09-28T14:58:03.051042+00:00
[2024-09-28T14:58:03.169+0000] {processor.py:176} INFO - Processing /home/airflow/.local/lib/python3.7/site-packages/airflow/example_dags/example_latest_only_with_trigger.py took 0.682 seconds
[2024-09-28T14:58:34.969+0000] {processor.py:154} INFO - Started process (PID=34576) to work on /home/airflow/.local/lib/python3.7/site-packages/airflow/example_dags/example_latest_only_with_trigger.py
[2024-09-28T14:58:34.982+0000] {processor.py:756} INFO - Processing file /home/airflow/.local/lib/python3.7/site-packages/airflow/example_dags/example_latest_only_with_trigger.py for tasks to queue
[2024-09-28T14:58:34.987+0000] {logging_mixin.py:120} INFO - [2024-09-28T14:58:34.987+0000] {dagbag.py:537} INFO - Filling up the DagBag from /home/airflow/.local/lib/python3.7/site-packages/airflow/example_dags/example_latest_only_with_trigger.py
[2024-09-28T14:58:35.121+0000] {processor.py:766} INFO - DAG(s) dict_keys(['latest_only_with_trigger']) retrieved from /home/airflow/.local/lib/python3.7/site-packages/airflow/example_dags/example_latest_only_with_trigger.py
[2024-09-28T14:58:35.463+0000] {logging_mixin.py:120} INFO - [2024-09-28T14:58:35.461+0000] {dag.py:2585} INFO - Sync 1 DAGs
[2024-09-28T14:58:35.668+0000] {logging_mixin.py:120} INFO - [2024-09-28T14:58:35.667+0000] {dag.py:3340} INFO - Setting next_dagrun for latest_only_with_trigger to 2024-09-28T10:58:35.665923+00:00, run_after=2024-09-28T14:58:35.665923+00:00
[2024-09-28T14:58:35.814+0000] {processor.py:176} INFO - Processing /home/airflow/.local/lib/python3.7/site-packages/airflow/example_dags/example_latest_only_with_trigger.py took 0.870 seconds
[2024-09-28T14:59:06.087+0000] {processor.py:154} INFO - Started process (PID=34630) to work on /home/airflow/.local/lib/python3.7/site-packages/airflow/example_dags/example_latest_only_with_trigger.py
[2024-09-28T14:59:06.097+0000] {processor.py:756} INFO - Processing file /home/airflow/.local/lib/python3.7/site-packages/airflow/example_dags/example_latest_only_with_trigger.py for tasks to queue
[2024-09-28T14:59:06.102+0000] {logging_mixin.py:120} INFO - [2024-09-28T14:59:06.101+0000] {dagbag.py:537} INFO - Filling up the DagBag from /home/airflow/.local/lib/python3.7/site-packages/airflow/example_dags/example_latest_only_with_trigger.py
[2024-09-28T14:59:06.209+0000] {processor.py:766} INFO - DAG(s) dict_keys(['latest_only_with_trigger']) retrieved from /home/airflow/.local/lib/python3.7/site-packages/airflow/example_dags/example_latest_only_with_trigger.py
[2024-09-28T14:59:06.540+0000] {logging_mixin.py:120} INFO - [2024-09-28T14:59:06.539+0000] {dag.py:2585} INFO - Sync 1 DAGs
[2024-09-28T14:59:06.713+0000] {logging_mixin.py:120} INFO - [2024-09-28T14:59:06.712+0000] {dag.py:3340} INFO - Setting next_dagrun for latest_only_with_trigger to 2024-09-28T10:59:06.710039+00:00, run_after=2024-09-28T14:59:06.710039+00:00
[2024-09-28T14:59:06.823+0000] {processor.py:176} INFO - Processing /home/airflow/.local/lib/python3.7/site-packages/airflow/example_dags/example_latest_only_with_trigger.py took 0.755 seconds
[2024-09-28T14:59:41.608+0000] {processor.py:154} INFO - Started process (PID=34693) to work on /home/airflow/.local/lib/python3.7/site-packages/airflow/example_dags/example_latest_only_with_trigger.py
[2024-09-28T14:59:41.623+0000] {processor.py:756} INFO - Processing file /home/airflow/.local/lib/python3.7/site-packages/airflow/example_dags/example_latest_only_with_trigger.py for tasks to queue
[2024-09-28T14:59:41.629+0000] {logging_mixin.py:120} INFO - [2024-09-28T14:59:41.628+0000] {dagbag.py:537} INFO - Filling up the DagBag from /home/airflow/.local/lib/python3.7/site-packages/airflow/example_dags/example_latest_only_with_trigger.py
[2024-09-28T14:59:41.741+0000] {processor.py:766} INFO - DAG(s) dict_keys(['latest_only_with_trigger']) retrieved from /home/airflow/.local/lib/python3.7/site-packages/airflow/example_dags/example_latest_only_with_trigger.py
[2024-09-28T14:59:42.012+0000] {logging_mixin.py:120} INFO - [2024-09-28T14:59:42.012+0000] {dag.py:2585} INFO - Sync 1 DAGs
[2024-09-28T14:59:42.164+0000] {logging_mixin.py:120} INFO - [2024-09-28T14:59:42.164+0000] {dag.py:3340} INFO - Setting next_dagrun for latest_only_with_trigger to 2024-09-28T10:59:42.162910+00:00, run_after=2024-09-28T14:59:42.162910+00:00
[2024-09-28T14:59:42.288+0000] {processor.py:176} INFO - Processing /home/airflow/.local/lib/python3.7/site-packages/airflow/example_dags/example_latest_only_with_trigger.py took 0.705 seconds
[2024-09-28T15:00:13.758+0000] {processor.py:154} INFO - Started process (PID=34758) to work on /home/airflow/.local/lib/python3.7/site-packages/airflow/example_dags/example_latest_only_with_trigger.py
[2024-09-28T15:00:13.766+0000] {processor.py:756} INFO - Processing file /home/airflow/.local/lib/python3.7/site-packages/airflow/example_dags/example_latest_only_with_trigger.py for tasks to queue
[2024-09-28T15:00:13.771+0000] {logging_mixin.py:120} INFO - [2024-09-28T15:00:13.770+0000] {dagbag.py:537} INFO - Filling up the DagBag from /home/airflow/.local/lib/python3.7/site-packages/airflow/example_dags/example_latest_only_with_trigger.py
[2024-09-28T15:00:13.855+0000] {processor.py:766} INFO - DAG(s) dict_keys(['latest_only_with_trigger']) retrieved from /home/airflow/.local/lib/python3.7/site-packages/airflow/example_dags/example_latest_only_with_trigger.py
[2024-09-28T15:00:14.170+0000] {logging_mixin.py:120} INFO - [2024-09-28T15:00:14.169+0000] {dag.py:2585} INFO - Sync 1 DAGs
[2024-09-28T15:00:14.345+0000] {logging_mixin.py:120} INFO - [2024-09-28T15:00:14.345+0000] {dag.py:3340} INFO - Setting next_dagrun for latest_only_with_trigger to 2024-09-28T11:00:14.343661+00:00, run_after=2024-09-28T15:00:14.343661+00:00
[2024-09-28T15:00:14.466+0000] {processor.py:176} INFO - Processing /home/airflow/.local/lib/python3.7/site-packages/airflow/example_dags/example_latest_only_with_trigger.py took 0.729 seconds
[2024-09-28T15:00:44.976+0000] {processor.py:154} INFO - Started process (PID=34821) to work on /home/airflow/.local/lib/python3.7/site-packages/airflow/example_dags/example_latest_only_with_trigger.py
[2024-09-28T15:00:44.989+0000] {processor.py:756} INFO - Processing file /home/airflow/.local/lib/python3.7/site-packages/airflow/example_dags/example_latest_only_with_trigger.py for tasks to queue
[2024-09-28T15:00:44.996+0000] {logging_mixin.py:120} INFO - [2024-09-28T15:00:44.995+0000] {dagbag.py:537} INFO - Filling up the DagBag from /home/airflow/.local/lib/python3.7/site-packages/airflow/example_dags/example_latest_only_with_trigger.py
[2024-09-28T15:00:45.107+0000] {processor.py:766} INFO - DAG(s) dict_keys(['latest_only_with_trigger']) retrieved from /home/airflow/.local/lib/python3.7/site-packages/airflow/example_dags/example_latest_only_with_trigger.py
[2024-09-28T15:00:45.378+0000] {logging_mixin.py:120} INFO - [2024-09-28T15:00:45.377+0000] {dag.py:2585} INFO - Sync 1 DAGs
[2024-09-28T15:00:45.551+0000] {logging_mixin.py:120} INFO - [2024-09-28T15:00:45.550+0000] {dag.py:3340} INFO - Setting next_dagrun for latest_only_with_trigger to 2024-09-28T11:00:45.548792+00:00, run_after=2024-09-28T15:00:45.548792+00:00
[2024-09-28T15:00:45.714+0000] {processor.py:176} INFO - Processing /home/airflow/.local/lib/python3.7/site-packages/airflow/example_dags/example_latest_only_with_trigger.py took 0.761 seconds
[2024-09-28T15:01:16.823+0000] {processor.py:154} INFO - Started process (PID=34882) to work on /home/airflow/.local/lib/python3.7/site-packages/airflow/example_dags/example_latest_only_with_trigger.py
[2024-09-28T15:01:16.833+0000] {processor.py:756} INFO - Processing file /home/airflow/.local/lib/python3.7/site-packages/airflow/example_dags/example_latest_only_with_trigger.py for tasks to queue
[2024-09-28T15:01:16.838+0000] {logging_mixin.py:120} INFO - [2024-09-28T15:01:16.837+0000] {dagbag.py:537} INFO - Filling up the DagBag from /home/airflow/.local/lib/python3.7/site-packages/airflow/example_dags/example_latest_only_with_trigger.py
[2024-09-28T15:01:16.903+0000] {processor.py:766} INFO - DAG(s) dict_keys(['latest_only_with_trigger']) retrieved from /home/airflow/.local/lib/python3.7/site-packages/airflow/example_dags/example_latest_only_with_trigger.py
[2024-09-28T15:01:17.082+0000] {logging_mixin.py:120} INFO - [2024-09-28T15:01:17.081+0000] {dag.py:2585} INFO - Sync 1 DAGs
[2024-09-28T15:01:17.196+0000] {logging_mixin.py:120} INFO - [2024-09-28T15:01:17.195+0000] {dag.py:3340} INFO - Setting next_dagrun for latest_only_with_trigger to 2024-09-28T11:01:17.194419+00:00, run_after=2024-09-28T15:01:17.194419+00:00
[2024-09-28T15:01:17.279+0000] {processor.py:176} INFO - Processing /home/airflow/.local/lib/python3.7/site-packages/airflow/example_dags/example_latest_only_with_trigger.py took 0.470 seconds
[2024-09-28T15:01:47.395+0000] {processor.py:154} INFO - Started process (PID=34947) to work on /home/airflow/.local/lib/python3.7/site-packages/airflow/example_dags/example_latest_only_with_trigger.py
[2024-09-28T15:01:47.403+0000] {processor.py:756} INFO - Processing file /home/airflow/.local/lib/python3.7/site-packages/airflow/example_dags/example_latest_only_with_trigger.py for tasks to queue
[2024-09-28T15:01:47.406+0000] {logging_mixin.py:120} INFO - [2024-09-28T15:01:47.405+0000] {dagbag.py:537} INFO - Filling up the DagBag from /home/airflow/.local/lib/python3.7/site-packages/airflow/example_dags/example_latest_only_with_trigger.py
[2024-09-28T15:01:47.453+0000] {processor.py:766} INFO - DAG(s) dict_keys(['latest_only_with_trigger']) retrieved from /home/airflow/.local/lib/python3.7/site-packages/airflow/example_dags/example_latest_only_with_trigger.py
[2024-09-28T15:01:47.597+0000] {logging_mixin.py:120} INFO - [2024-09-28T15:01:47.597+0000] {dag.py:2585} INFO - Sync 1 DAGs
[2024-09-28T15:01:47.692+0000] {logging_mixin.py:120} INFO - [2024-09-28T15:01:47.691+0000] {dag.py:3340} INFO - Setting next_dagrun for latest_only_with_trigger to 2024-09-28T11:01:47.691108+00:00, run_after=2024-09-28T15:01:47.691108+00:00
[2024-09-28T15:01:47.756+0000] {processor.py:176} INFO - Processing /home/airflow/.local/lib/python3.7/site-packages/airflow/example_dags/example_latest_only_with_trigger.py took 0.372 seconds
[2024-09-28T15:02:18.175+0000] {processor.py:154} INFO - Started process (PID=35009) to work on /home/airflow/.local/lib/python3.7/site-packages/airflow/example_dags/example_latest_only_with_trigger.py
[2024-09-28T15:02:18.181+0000] {processor.py:756} INFO - Processing file /home/airflow/.local/lib/python3.7/site-packages/airflow/example_dags/example_latest_only_with_trigger.py for tasks to queue
[2024-09-28T15:02:18.183+0000] {logging_mixin.py:120} INFO - [2024-09-28T15:02:18.183+0000] {dagbag.py:537} INFO - Filling up the DagBag from /home/airflow/.local/lib/python3.7/site-packages/airflow/example_dags/example_latest_only_with_trigger.py
[2024-09-28T15:02:18.227+0000] {processor.py:766} INFO - DAG(s) dict_keys(['latest_only_with_trigger']) retrieved from /home/airflow/.local/lib/python3.7/site-packages/airflow/example_dags/example_latest_only_with_trigger.py
[2024-09-28T15:02:18.338+0000] {logging_mixin.py:120} INFO - [2024-09-28T15:02:18.337+0000] {dag.py:2585} INFO - Sync 1 DAGs
[2024-09-28T15:02:18.411+0000] {logging_mixin.py:120} INFO - [2024-09-28T15:02:18.410+0000] {dag.py:3340} INFO - Setting next_dagrun for latest_only_with_trigger to 2024-09-28T11:02:18.410170+00:00, run_after=2024-09-28T15:02:18.410170+00:00
[2024-09-28T15:02:18.461+0000] {processor.py:176} INFO - Processing /home/airflow/.local/lib/python3.7/site-packages/airflow/example_dags/example_latest_only_with_trigger.py took 0.295 seconds
[2024-09-28T15:02:50.842+0000] {processor.py:154} INFO - Started process (PID=35074) to work on /home/airflow/.local/lib/python3.7/site-packages/airflow/example_dags/example_latest_only_with_trigger.py
[2024-09-28T15:02:50.854+0000] {processor.py:756} INFO - Processing file /home/airflow/.local/lib/python3.7/site-packages/airflow/example_dags/example_latest_only_with_trigger.py for tasks to queue
[2024-09-28T15:02:50.859+0000] {logging_mixin.py:120} INFO - [2024-09-28T15:02:50.858+0000] {dagbag.py:537} INFO - Filling up the DagBag from /home/airflow/.local/lib/python3.7/site-packages/airflow/example_dags/example_latest_only_with_trigger.py
[2024-09-28T15:02:50.925+0000] {processor.py:766} INFO - DAG(s) dict_keys(['latest_only_with_trigger']) retrieved from /home/airflow/.local/lib/python3.7/site-packages/airflow/example_dags/example_latest_only_with_trigger.py
[2024-09-28T15:02:51.126+0000] {logging_mixin.py:120} INFO - [2024-09-28T15:02:51.126+0000] {dag.py:2585} INFO - Sync 1 DAGs
[2024-09-28T15:02:51.261+0000] {logging_mixin.py:120} INFO - [2024-09-28T15:02:51.260+0000] {dag.py:3340} INFO - Setting next_dagrun for latest_only_with_trigger to 2024-09-28T11:02:51.259622+00:00, run_after=2024-09-28T15:02:51.259622+00:00
[2024-09-28T15:02:51.369+0000] {processor.py:176} INFO - Processing /home/airflow/.local/lib/python3.7/site-packages/airflow/example_dags/example_latest_only_with_trigger.py took 0.546 seconds
[2024-09-28T15:03:22.550+0000] {processor.py:154} INFO - Started process (PID=35137) to work on /home/airflow/.local/lib/python3.7/site-packages/airflow/example_dags/example_latest_only_with_trigger.py
[2024-09-28T15:03:22.556+0000] {processor.py:756} INFO - Processing file /home/airflow/.local/lib/python3.7/site-packages/airflow/example_dags/example_latest_only_with_trigger.py for tasks to queue
[2024-09-28T15:03:22.560+0000] {logging_mixin.py:120} INFO - [2024-09-28T15:03:22.559+0000] {dagbag.py:537} INFO - Filling up the DagBag from /home/airflow/.local/lib/python3.7/site-packages/airflow/example_dags/example_latest_only_with_trigger.py
[2024-09-28T15:03:22.616+0000] {processor.py:766} INFO - DAG(s) dict_keys(['latest_only_with_trigger']) retrieved from /home/airflow/.local/lib/python3.7/site-packages/airflow/example_dags/example_latest_only_with_trigger.py
[2024-09-28T15:03:22.787+0000] {logging_mixin.py:120} INFO - [2024-09-28T15:03:22.786+0000] {dag.py:2585} INFO - Sync 1 DAGs
[2024-09-28T15:03:22.892+0000] {logging_mixin.py:120} INFO - [2024-09-28T15:03:22.891+0000] {dag.py:3340} INFO - Setting next_dagrun for latest_only_with_trigger to 2024-09-28T11:03:22.890502+00:00, run_after=2024-09-28T15:03:22.890502+00:00
[2024-09-28T15:03:22.962+0000] {processor.py:176} INFO - Processing /home/airflow/.local/lib/python3.7/site-packages/airflow/example_dags/example_latest_only_with_trigger.py took 0.424 seconds
[2024-09-28T15:03:54.691+0000] {processor.py:154} INFO - Started process (PID=35200) to work on /home/airflow/.local/lib/python3.7/site-packages/airflow/example_dags/example_latest_only_with_trigger.py
[2024-09-28T15:03:54.701+0000] {processor.py:756} INFO - Processing file /home/airflow/.local/lib/python3.7/site-packages/airflow/example_dags/example_latest_only_with_trigger.py for tasks to queue
[2024-09-28T15:03:54.704+0000] {logging_mixin.py:120} INFO - [2024-09-28T15:03:54.704+0000] {dagbag.py:537} INFO - Filling up the DagBag from /home/airflow/.local/lib/python3.7/site-packages/airflow/example_dags/example_latest_only_with_trigger.py
[2024-09-28T15:03:54.763+0000] {processor.py:766} INFO - DAG(s) dict_keys(['latest_only_with_trigger']) retrieved from /home/airflow/.local/lib/python3.7/site-packages/airflow/example_dags/example_latest_only_with_trigger.py
[2024-09-28T15:03:54.898+0000] {logging_mixin.py:120} INFO - [2024-09-28T15:03:54.898+0000] {dag.py:2585} INFO - Sync 1 DAGs
[2024-09-28T15:03:54.981+0000] {logging_mixin.py:120} INFO - [2024-09-28T15:03:54.981+0000] {dag.py:3340} INFO - Setting next_dagrun for latest_only_with_trigger to 2024-09-28T11:03:54.979765+00:00, run_after=2024-09-28T15:03:54.979765+00:00
[2024-09-28T15:03:55.049+0000] {processor.py:176} INFO - Processing /home/airflow/.local/lib/python3.7/site-packages/airflow/example_dags/example_latest_only_with_trigger.py took 0.369 seconds
[2024-09-28T15:04:26.413+0000] {processor.py:154} INFO - Started process (PID=35272) to work on /home/airflow/.local/lib/python3.7/site-packages/airflow/example_dags/example_latest_only_with_trigger.py
[2024-09-28T15:04:26.419+0000] {processor.py:756} INFO - Processing file /home/airflow/.local/lib/python3.7/site-packages/airflow/example_dags/example_latest_only_with_trigger.py for tasks to queue
[2024-09-28T15:04:26.421+0000] {logging_mixin.py:120} INFO - [2024-09-28T15:04:26.421+0000] {dagbag.py:537} INFO - Filling up the DagBag from /home/airflow/.local/lib/python3.7/site-packages/airflow/example_dags/example_latest_only_with_trigger.py
[2024-09-28T15:04:26.466+0000] {processor.py:766} INFO - DAG(s) dict_keys(['latest_only_with_trigger']) retrieved from /home/airflow/.local/lib/python3.7/site-packages/airflow/example_dags/example_latest_only_with_trigger.py
[2024-09-28T15:04:26.585+0000] {logging_mixin.py:120} INFO - [2024-09-28T15:04:26.585+0000] {dag.py:2585} INFO - Sync 1 DAGs
[2024-09-28T15:04:26.671+0000] {logging_mixin.py:120} INFO - [2024-09-28T15:04:26.670+0000] {dag.py:3340} INFO - Setting next_dagrun for latest_only_with_trigger to 2024-09-28T11:04:26.670296+00:00, run_after=2024-09-28T15:04:26.670296+00:00
[2024-09-28T15:04:26.727+0000] {processor.py:176} INFO - Processing /home/airflow/.local/lib/python3.7/site-packages/airflow/example_dags/example_latest_only_with_trigger.py took 0.324 seconds
[2024-09-28T15:04:59.475+0000] {processor.py:154} INFO - Started process (PID=35336) to work on /home/airflow/.local/lib/python3.7/site-packages/airflow/example_dags/example_latest_only_with_trigger.py
[2024-09-28T15:04:59.491+0000] {processor.py:756} INFO - Processing file /home/airflow/.local/lib/python3.7/site-packages/airflow/example_dags/example_latest_only_with_trigger.py for tasks to queue
[2024-09-28T15:04:59.501+0000] {logging_mixin.py:120} INFO - [2024-09-28T15:04:59.500+0000] {dagbag.py:537} INFO - Filling up the DagBag from /home/airflow/.local/lib/python3.7/site-packages/airflow/example_dags/example_latest_only_with_trigger.py
[2024-09-28T15:04:59.706+0000] {processor.py:766} INFO - DAG(s) dict_keys(['latest_only_with_trigger']) retrieved from /home/airflow/.local/lib/python3.7/site-packages/airflow/example_dags/example_latest_only_with_trigger.py
[2024-09-28T15:05:00.094+0000] {logging_mixin.py:120} INFO - [2024-09-28T15:05:00.093+0000] {dag.py:2585} INFO - Sync 1 DAGs
[2024-09-28T15:05:00.371+0000] {logging_mixin.py:120} INFO - [2024-09-28T15:05:00.371+0000] {dag.py:3340} INFO - Setting next_dagrun for latest_only_with_trigger to 2024-09-28T11:05:00.369605+00:00, run_after=2024-09-28T15:05:00.369605+00:00
[2024-09-28T15:05:00.678+0000] {processor.py:176} INFO - Processing /home/airflow/.local/lib/python3.7/site-packages/airflow/example_dags/example_latest_only_with_trigger.py took 1.251 seconds
[2024-09-28T15:13:15.370+0000] {processor.py:154} INFO - Started process (PID=35387) to work on /home/airflow/.local/lib/python3.7/site-packages/airflow/example_dags/example_latest_only_with_trigger.py
[2024-09-28T15:13:15.379+0000] {processor.py:756} INFO - Processing file /home/airflow/.local/lib/python3.7/site-packages/airflow/example_dags/example_latest_only_with_trigger.py for tasks to queue
[2024-09-28T15:13:15.382+0000] {logging_mixin.py:120} INFO - [2024-09-28T15:13:15.382+0000] {dagbag.py:537} INFO - Filling up the DagBag from /home/airflow/.local/lib/python3.7/site-packages/airflow/example_dags/example_latest_only_with_trigger.py
[2024-09-28T15:13:15.430+0000] {processor.py:766} INFO - DAG(s) dict_keys(['latest_only_with_trigger']) retrieved from /home/airflow/.local/lib/python3.7/site-packages/airflow/example_dags/example_latest_only_with_trigger.py
[2024-09-28T15:13:15.589+0000] {logging_mixin.py:120} INFO - [2024-09-28T15:13:15.588+0000] {dag.py:2585} INFO - Sync 1 DAGs
[2024-09-28T15:13:15.686+0000] {logging_mixin.py:120} INFO - [2024-09-28T15:13:15.685+0000] {dag.py:3340} INFO - Setting next_dagrun for latest_only_with_trigger to 2024-09-28T11:13:15.685296+00:00, run_after=2024-09-28T15:13:15.685296+00:00
[2024-09-28T15:13:15.746+0000] {processor.py:176} INFO - Processing /home/airflow/.local/lib/python3.7/site-packages/airflow/example_dags/example_latest_only_with_trigger.py took 0.385 seconds
[2024-09-28T15:13:45.861+0000] {processor.py:154} INFO - Started process (PID=35450) to work on /home/airflow/.local/lib/python3.7/site-packages/airflow/example_dags/example_latest_only_with_trigger.py
[2024-09-28T15:13:45.865+0000] {processor.py:756} INFO - Processing file /home/airflow/.local/lib/python3.7/site-packages/airflow/example_dags/example_latest_only_with_trigger.py for tasks to queue
[2024-09-28T15:13:45.870+0000] {logging_mixin.py:120} INFO - [2024-09-28T15:13:45.870+0000] {dagbag.py:537} INFO - Filling up the DagBag from /home/airflow/.local/lib/python3.7/site-packages/airflow/example_dags/example_latest_only_with_trigger.py
[2024-09-28T15:13:45.890+0000] {processor.py:766} INFO - DAG(s) dict_keys(['latest_only_with_trigger']) retrieved from /home/airflow/.local/lib/python3.7/site-packages/airflow/example_dags/example_latest_only_with_trigger.py
[2024-09-28T15:13:45.941+0000] {logging_mixin.py:120} INFO - [2024-09-28T15:13:45.941+0000] {dag.py:2585} INFO - Sync 1 DAGs
[2024-09-28T15:13:45.971+0000] {logging_mixin.py:120} INFO - [2024-09-28T15:13:45.971+0000] {dag.py:3340} INFO - Setting next_dagrun for latest_only_with_trigger to 2024-09-28T11:13:45.971218+00:00, run_after=2024-09-28T15:13:45.971218+00:00
[2024-09-28T15:13:46.002+0000] {processor.py:176} INFO - Processing /home/airflow/.local/lib/python3.7/site-packages/airflow/example_dags/example_latest_only_with_trigger.py took 0.148 seconds
[2024-09-28T15:14:16.125+0000] {processor.py:154} INFO - Started process (PID=35522) to work on /home/airflow/.local/lib/python3.7/site-packages/airflow/example_dags/example_latest_only_with_trigger.py
[2024-09-28T15:14:16.127+0000] {processor.py:756} INFO - Processing file /home/airflow/.local/lib/python3.7/site-packages/airflow/example_dags/example_latest_only_with_trigger.py for tasks to queue
[2024-09-28T15:14:16.128+0000] {logging_mixin.py:120} INFO - [2024-09-28T15:14:16.128+0000] {dagbag.py:537} INFO - Filling up the DagBag from /home/airflow/.local/lib/python3.7/site-packages/airflow/example_dags/example_latest_only_with_trigger.py
[2024-09-28T15:14:16.151+0000] {processor.py:766} INFO - DAG(s) dict_keys(['latest_only_with_trigger']) retrieved from /home/airflow/.local/lib/python3.7/site-packages/airflow/example_dags/example_latest_only_with_trigger.py
[2024-09-28T15:14:16.206+0000] {logging_mixin.py:120} INFO - [2024-09-28T15:14:16.206+0000] {dag.py:2585} INFO - Sync 1 DAGs
[2024-09-28T15:14:16.233+0000] {logging_mixin.py:120} INFO - [2024-09-28T15:14:16.232+0000] {dag.py:3340} INFO - Setting next_dagrun for latest_only_with_trigger to 2024-09-28T11:14:16.232652+00:00, run_after=2024-09-28T15:14:16.232652+00:00
[2024-09-28T15:14:16.256+0000] {processor.py:176} INFO - Processing /home/airflow/.local/lib/python3.7/site-packages/airflow/example_dags/example_latest_only_with_trigger.py took 0.135 seconds
[2024-09-28T15:14:46.755+0000] {processor.py:154} INFO - Started process (PID=35594) to work on /home/airflow/.local/lib/python3.7/site-packages/airflow/example_dags/example_latest_only_with_trigger.py
[2024-09-28T15:14:46.757+0000] {processor.py:756} INFO - Processing file /home/airflow/.local/lib/python3.7/site-packages/airflow/example_dags/example_latest_only_with_trigger.py for tasks to queue
[2024-09-28T15:14:46.758+0000] {logging_mixin.py:120} INFO - [2024-09-28T15:14:46.758+0000] {dagbag.py:537} INFO - Filling up the DagBag from /home/airflow/.local/lib/python3.7/site-packages/airflow/example_dags/example_latest_only_with_trigger.py
[2024-09-28T15:14:46.777+0000] {processor.py:766} INFO - DAG(s) dict_keys(['latest_only_with_trigger']) retrieved from /home/airflow/.local/lib/python3.7/site-packages/airflow/example_dags/example_latest_only_with_trigger.py
[2024-09-28T15:14:46.831+0000] {logging_mixin.py:120} INFO - [2024-09-28T15:14:46.831+0000] {dag.py:2585} INFO - Sync 1 DAGs
[2024-09-28T15:14:46.862+0000] {logging_mixin.py:120} INFO - [2024-09-28T15:14:46.862+0000] {dag.py:3340} INFO - Setting next_dagrun for latest_only_with_trigger to 2024-09-28T11:14:46.861680+00:00, run_after=2024-09-28T15:14:46.861680+00:00
[2024-09-28T15:14:46.885+0000] {processor.py:176} INFO - Processing /home/airflow/.local/lib/python3.7/site-packages/airflow/example_dags/example_latest_only_with_trigger.py took 0.134 seconds
[2024-09-28T15:15:17.178+0000] {processor.py:154} INFO - Started process (PID=35656) to work on /home/airflow/.local/lib/python3.7/site-packages/airflow/example_dags/example_latest_only_with_trigger.py
[2024-09-28T15:15:17.181+0000] {processor.py:756} INFO - Processing file /home/airflow/.local/lib/python3.7/site-packages/airflow/example_dags/example_latest_only_with_trigger.py for tasks to queue
[2024-09-28T15:15:17.184+0000] {logging_mixin.py:120} INFO - [2024-09-28T15:15:17.184+0000] {dagbag.py:537} INFO - Filling up the DagBag from /home/airflow/.local/lib/python3.7/site-packages/airflow/example_dags/example_latest_only_with_trigger.py
[2024-09-28T15:15:17.205+0000] {processor.py:766} INFO - DAG(s) dict_keys(['latest_only_with_trigger']) retrieved from /home/airflow/.local/lib/python3.7/site-packages/airflow/example_dags/example_latest_only_with_trigger.py
[2024-09-28T15:15:17.251+0000] {logging_mixin.py:120} INFO - [2024-09-28T15:15:17.251+0000] {dag.py:2585} INFO - Sync 1 DAGs
[2024-09-28T15:15:17.277+0000] {logging_mixin.py:120} INFO - [2024-09-28T15:15:17.277+0000] {dag.py:3340} INFO - Setting next_dagrun for latest_only_with_trigger to 2024-09-28T11:15:17.277465+00:00, run_after=2024-09-28T15:15:17.277465+00:00
[2024-09-28T15:15:17.296+0000] {processor.py:176} INFO - Processing /home/airflow/.local/lib/python3.7/site-packages/airflow/example_dags/example_latest_only_with_trigger.py took 0.123 seconds
[2024-09-28T15:15:47.606+0000] {processor.py:154} INFO - Started process (PID=35728) to work on /home/airflow/.local/lib/python3.7/site-packages/airflow/example_dags/example_latest_only_with_trigger.py
[2024-09-28T15:15:47.608+0000] {processor.py:756} INFO - Processing file /home/airflow/.local/lib/python3.7/site-packages/airflow/example_dags/example_latest_only_with_trigger.py for tasks to queue
[2024-09-28T15:15:47.609+0000] {logging_mixin.py:120} INFO - [2024-09-28T15:15:47.609+0000] {dagbag.py:537} INFO - Filling up the DagBag from /home/airflow/.local/lib/python3.7/site-packages/airflow/example_dags/example_latest_only_with_trigger.py
[2024-09-28T15:15:47.627+0000] {processor.py:766} INFO - DAG(s) dict_keys(['latest_only_with_trigger']) retrieved from /home/airflow/.local/lib/python3.7/site-packages/airflow/example_dags/example_latest_only_with_trigger.py
[2024-09-28T15:15:47.676+0000] {logging_mixin.py:120} INFO - [2024-09-28T15:15:47.676+0000] {dag.py:2585} INFO - Sync 1 DAGs
[2024-09-28T15:15:47.704+0000] {logging_mixin.py:120} INFO - [2024-09-28T15:15:47.704+0000] {dag.py:3340} INFO - Setting next_dagrun for latest_only_with_trigger to 2024-09-28T11:15:47.704222+00:00, run_after=2024-09-28T15:15:47.704222+00:00
[2024-09-28T15:15:47.722+0000] {processor.py:176} INFO - Processing /home/airflow/.local/lib/python3.7/site-packages/airflow/example_dags/example_latest_only_with_trigger.py took 0.120 seconds
[2024-09-28T15:16:18.030+0000] {processor.py:154} INFO - Started process (PID=35800) to work on /home/airflow/.local/lib/python3.7/site-packages/airflow/example_dags/example_latest_only_with_trigger.py
[2024-09-28T15:16:18.033+0000] {processor.py:756} INFO - Processing file /home/airflow/.local/lib/python3.7/site-packages/airflow/example_dags/example_latest_only_with_trigger.py for tasks to queue
[2024-09-28T15:16:18.035+0000] {logging_mixin.py:120} INFO - [2024-09-28T15:16:18.035+0000] {dagbag.py:537} INFO - Filling up the DagBag from /home/airflow/.local/lib/python3.7/site-packages/airflow/example_dags/example_latest_only_with_trigger.py
[2024-09-28T15:16:18.059+0000] {processor.py:766} INFO - DAG(s) dict_keys(['latest_only_with_trigger']) retrieved from /home/airflow/.local/lib/python3.7/site-packages/airflow/example_dags/example_latest_only_with_trigger.py
[2024-09-28T15:16:18.121+0000] {logging_mixin.py:120} INFO - [2024-09-28T15:16:18.121+0000] {dag.py:2585} INFO - Sync 1 DAGs
[2024-09-28T15:16:18.157+0000] {logging_mixin.py:120} INFO - [2024-09-28T15:16:18.157+0000] {dag.py:3340} INFO - Setting next_dagrun for latest_only_with_trigger to 2024-09-28T11:16:18.157445+00:00, run_after=2024-09-28T15:16:18.157445+00:00
[2024-09-28T15:16:18.180+0000] {processor.py:176} INFO - Processing /home/airflow/.local/lib/python3.7/site-packages/airflow/example_dags/example_latest_only_with_trigger.py took 0.156 seconds
[2024-09-28T15:16:48.390+0000] {processor.py:154} INFO - Started process (PID=35863) to work on /home/airflow/.local/lib/python3.7/site-packages/airflow/example_dags/example_latest_only_with_trigger.py
[2024-09-28T15:16:48.393+0000] {processor.py:756} INFO - Processing file /home/airflow/.local/lib/python3.7/site-packages/airflow/example_dags/example_latest_only_with_trigger.py for tasks to queue
[2024-09-28T15:16:48.394+0000] {logging_mixin.py:120} INFO - [2024-09-28T15:16:48.393+0000] {dagbag.py:537} INFO - Filling up the DagBag from /home/airflow/.local/lib/python3.7/site-packages/airflow/example_dags/example_latest_only_with_trigger.py
[2024-09-28T15:16:48.411+0000] {processor.py:766} INFO - DAG(s) dict_keys(['latest_only_with_trigger']) retrieved from /home/airflow/.local/lib/python3.7/site-packages/airflow/example_dags/example_latest_only_with_trigger.py
[2024-09-28T15:16:48.458+0000] {logging_mixin.py:120} INFO - [2024-09-28T15:16:48.458+0000] {dag.py:2585} INFO - Sync 1 DAGs
[2024-09-28T15:16:48.485+0000] {logging_mixin.py:120} INFO - [2024-09-28T15:16:48.485+0000] {dag.py:3340} INFO - Setting next_dagrun for latest_only_with_trigger to 2024-09-28T11:16:48.484847+00:00, run_after=2024-09-28T15:16:48.484847+00:00
[2024-09-28T15:16:48.506+0000] {processor.py:176} INFO - Processing /home/airflow/.local/lib/python3.7/site-packages/airflow/example_dags/example_latest_only_with_trigger.py took 0.120 seconds
[2024-09-28T15:17:18.693+0000] {processor.py:154} INFO - Started process (PID=35935) to work on /home/airflow/.local/lib/python3.7/site-packages/airflow/example_dags/example_latest_only_with_trigger.py
[2024-09-28T15:17:18.696+0000] {processor.py:756} INFO - Processing file /home/airflow/.local/lib/python3.7/site-packages/airflow/example_dags/example_latest_only_with_trigger.py for tasks to queue
[2024-09-28T15:17:18.697+0000] {logging_mixin.py:120} INFO - [2024-09-28T15:17:18.697+0000] {dagbag.py:537} INFO - Filling up the DagBag from /home/airflow/.local/lib/python3.7/site-packages/airflow/example_dags/example_latest_only_with_trigger.py
[2024-09-28T15:17:18.717+0000] {processor.py:766} INFO - DAG(s) dict_keys(['latest_only_with_trigger']) retrieved from /home/airflow/.local/lib/python3.7/site-packages/airflow/example_dags/example_latest_only_with_trigger.py
[2024-09-28T15:17:18.793+0000] {logging_mixin.py:120} INFO - [2024-09-28T15:17:18.793+0000] {dag.py:2585} INFO - Sync 1 DAGs
[2024-09-28T15:17:18.840+0000] {logging_mixin.py:120} INFO - [2024-09-28T15:17:18.839+0000] {dag.py:3340} INFO - Setting next_dagrun for latest_only_with_trigger to 2024-09-28T11:17:18.839543+00:00, run_after=2024-09-28T15:17:18.839543+00:00
[2024-09-28T15:17:18.871+0000] {processor.py:176} INFO - Processing /home/airflow/.local/lib/python3.7/site-packages/airflow/example_dags/example_latest_only_with_trigger.py took 0.182 seconds
[2024-09-28T15:17:49.746+0000] {processor.py:154} INFO - Started process (PID=36007) to work on /home/airflow/.local/lib/python3.7/site-packages/airflow/example_dags/example_latest_only_with_trigger.py
[2024-09-28T15:17:49.749+0000] {processor.py:756} INFO - Processing file /home/airflow/.local/lib/python3.7/site-packages/airflow/example_dags/example_latest_only_with_trigger.py for tasks to queue
[2024-09-28T15:17:49.752+0000] {logging_mixin.py:120} INFO - [2024-09-28T15:17:49.752+0000] {dagbag.py:537} INFO - Filling up the DagBag from /home/airflow/.local/lib/python3.7/site-packages/airflow/example_dags/example_latest_only_with_trigger.py
[2024-09-28T15:17:49.770+0000] {processor.py:766} INFO - DAG(s) dict_keys(['latest_only_with_trigger']) retrieved from /home/airflow/.local/lib/python3.7/site-packages/airflow/example_dags/example_latest_only_with_trigger.py
[2024-09-28T15:17:49.823+0000] {logging_mixin.py:120} INFO - [2024-09-28T15:17:49.823+0000] {dag.py:2585} INFO - Sync 1 DAGs
[2024-09-28T15:17:49.853+0000] {logging_mixin.py:120} INFO - [2024-09-28T15:17:49.853+0000] {dag.py:3340} INFO - Setting next_dagrun for latest_only_with_trigger to 2024-09-28T11:17:49.853029+00:00, run_after=2024-09-28T15:17:49.853029+00:00
[2024-09-28T15:17:49.871+0000] {processor.py:176} INFO - Processing /home/airflow/.local/lib/python3.7/site-packages/airflow/example_dags/example_latest_only_with_trigger.py took 0.130 seconds
[2024-09-28T15:18:20.364+0000] {processor.py:154} INFO - Started process (PID=36070) to work on /home/airflow/.local/lib/python3.7/site-packages/airflow/example_dags/example_latest_only_with_trigger.py
[2024-09-28T15:18:20.367+0000] {processor.py:756} INFO - Processing file /home/airflow/.local/lib/python3.7/site-packages/airflow/example_dags/example_latest_only_with_trigger.py for tasks to queue
[2024-09-28T15:18:20.368+0000] {logging_mixin.py:120} INFO - [2024-09-28T15:18:20.368+0000] {dagbag.py:537} INFO - Filling up the DagBag from /home/airflow/.local/lib/python3.7/site-packages/airflow/example_dags/example_latest_only_with_trigger.py
[2024-09-28T15:18:20.389+0000] {processor.py:766} INFO - DAG(s) dict_keys(['latest_only_with_trigger']) retrieved from /home/airflow/.local/lib/python3.7/site-packages/airflow/example_dags/example_latest_only_with_trigger.py
[2024-09-28T15:18:20.442+0000] {logging_mixin.py:120} INFO - [2024-09-28T15:18:20.442+0000] {dag.py:2585} INFO - Sync 1 DAGs
[2024-09-28T15:18:20.470+0000] {logging_mixin.py:120} INFO - [2024-09-28T15:18:20.470+0000] {dag.py:3340} INFO - Setting next_dagrun for latest_only_with_trigger to 2024-09-28T11:18:20.469745+00:00, run_after=2024-09-28T15:18:20.469745+00:00
[2024-09-28T15:18:20.489+0000] {processor.py:176} INFO - Processing /home/airflow/.local/lib/python3.7/site-packages/airflow/example_dags/example_latest_only_with_trigger.py took 0.129 seconds
[2024-09-28T15:18:51.035+0000] {processor.py:154} INFO - Started process (PID=36142) to work on /home/airflow/.local/lib/python3.7/site-packages/airflow/example_dags/example_latest_only_with_trigger.py
[2024-09-28T15:18:51.038+0000] {processor.py:756} INFO - Processing file /home/airflow/.local/lib/python3.7/site-packages/airflow/example_dags/example_latest_only_with_trigger.py for tasks to queue
[2024-09-28T15:18:51.039+0000] {logging_mixin.py:120} INFO - [2024-09-28T15:18:51.038+0000] {dagbag.py:537} INFO - Filling up the DagBag from /home/airflow/.local/lib/python3.7/site-packages/airflow/example_dags/example_latest_only_with_trigger.py
[2024-09-28T15:18:51.058+0000] {processor.py:766} INFO - DAG(s) dict_keys(['latest_only_with_trigger']) retrieved from /home/airflow/.local/lib/python3.7/site-packages/airflow/example_dags/example_latest_only_with_trigger.py
[2024-09-28T15:18:51.106+0000] {logging_mixin.py:120} INFO - [2024-09-28T15:18:51.106+0000] {dag.py:2585} INFO - Sync 1 DAGs
[2024-09-28T15:18:51.132+0000] {logging_mixin.py:120} INFO - [2024-09-28T15:18:51.132+0000] {dag.py:3340} INFO - Setting next_dagrun for latest_only_with_trigger to 2024-09-28T11:18:51.131792+00:00, run_after=2024-09-28T15:18:51.131792+00:00
[2024-09-28T15:18:51.150+0000] {processor.py:176} INFO - Processing /home/airflow/.local/lib/python3.7/site-packages/airflow/example_dags/example_latest_only_with_trigger.py took 0.119 seconds
[2024-09-28T15:19:21.609+0000] {processor.py:154} INFO - Started process (PID=36214) to work on /home/airflow/.local/lib/python3.7/site-packages/airflow/example_dags/example_latest_only_with_trigger.py
[2024-09-28T15:19:21.611+0000] {processor.py:756} INFO - Processing file /home/airflow/.local/lib/python3.7/site-packages/airflow/example_dags/example_latest_only_with_trigger.py for tasks to queue
[2024-09-28T15:19:21.612+0000] {logging_mixin.py:120} INFO - [2024-09-28T15:19:21.612+0000] {dagbag.py:537} INFO - Filling up the DagBag from /home/airflow/.local/lib/python3.7/site-packages/airflow/example_dags/example_latest_only_with_trigger.py
[2024-09-28T15:19:21.631+0000] {processor.py:766} INFO - DAG(s) dict_keys(['latest_only_with_trigger']) retrieved from /home/airflow/.local/lib/python3.7/site-packages/airflow/example_dags/example_latest_only_with_trigger.py
[2024-09-28T15:19:21.680+0000] {logging_mixin.py:120} INFO - [2024-09-28T15:19:21.680+0000] {dag.py:2585} INFO - Sync 1 DAGs
[2024-09-28T15:19:21.709+0000] {logging_mixin.py:120} INFO - [2024-09-28T15:19:21.709+0000] {dag.py:3340} INFO - Setting next_dagrun for latest_only_with_trigger to 2024-09-28T11:19:21.709503+00:00, run_after=2024-09-28T15:19:21.709503+00:00
[2024-09-28T15:19:21.728+0000] {processor.py:176} INFO - Processing /home/airflow/.local/lib/python3.7/site-packages/airflow/example_dags/example_latest_only_with_trigger.py took 0.123 seconds
[2024-09-28T15:19:52.045+0000] {processor.py:154} INFO - Started process (PID=36284) to work on /home/airflow/.local/lib/python3.7/site-packages/airflow/example_dags/example_latest_only_with_trigger.py
[2024-09-28T15:19:52.048+0000] {processor.py:756} INFO - Processing file /home/airflow/.local/lib/python3.7/site-packages/airflow/example_dags/example_latest_only_with_trigger.py for tasks to queue
[2024-09-28T15:19:52.049+0000] {logging_mixin.py:120} INFO - [2024-09-28T15:19:52.049+0000] {dagbag.py:537} INFO - Filling up the DagBag from /home/airflow/.local/lib/python3.7/site-packages/airflow/example_dags/example_latest_only_with_trigger.py
[2024-09-28T15:19:52.074+0000] {processor.py:766} INFO - DAG(s) dict_keys(['latest_only_with_trigger']) retrieved from /home/airflow/.local/lib/python3.7/site-packages/airflow/example_dags/example_latest_only_with_trigger.py
[2024-09-28T15:19:52.135+0000] {logging_mixin.py:120} INFO - [2024-09-28T15:19:52.135+0000] {dag.py:2585} INFO - Sync 1 DAGs
[2024-09-28T15:19:52.167+0000] {logging_mixin.py:120} INFO - [2024-09-28T15:19:52.167+0000] {dag.py:3340} INFO - Setting next_dagrun for latest_only_with_trigger to 2024-09-28T11:19:52.167338+00:00, run_after=2024-09-28T15:19:52.167338+00:00
[2024-09-28T15:19:52.192+0000] {processor.py:176} INFO - Processing /home/airflow/.local/lib/python3.7/site-packages/airflow/example_dags/example_latest_only_with_trigger.py took 0.152 seconds
[2024-09-28T15:20:22.918+0000] {processor.py:154} INFO - Started process (PID=36349) to work on /home/airflow/.local/lib/python3.7/site-packages/airflow/example_dags/example_latest_only_with_trigger.py
[2024-09-28T15:20:22.921+0000] {processor.py:756} INFO - Processing file /home/airflow/.local/lib/python3.7/site-packages/airflow/example_dags/example_latest_only_with_trigger.py for tasks to queue
[2024-09-28T15:20:22.922+0000] {logging_mixin.py:120} INFO - [2024-09-28T15:20:22.922+0000] {dagbag.py:537} INFO - Filling up the DagBag from /home/airflow/.local/lib/python3.7/site-packages/airflow/example_dags/example_latest_only_with_trigger.py
[2024-09-28T15:20:22.943+0000] {processor.py:766} INFO - DAG(s) dict_keys(['latest_only_with_trigger']) retrieved from /home/airflow/.local/lib/python3.7/site-packages/airflow/example_dags/example_latest_only_with_trigger.py
[2024-09-28T15:20:23.000+0000] {logging_mixin.py:120} INFO - [2024-09-28T15:20:22.999+0000] {dag.py:2585} INFO - Sync 1 DAGs
[2024-09-28T15:20:23.030+0000] {logging_mixin.py:120} INFO - [2024-09-28T15:20:23.030+0000] {dag.py:3340} INFO - Setting next_dagrun for latest_only_with_trigger to 2024-09-28T11:20:23.029748+00:00, run_after=2024-09-28T15:20:23.029748+00:00
[2024-09-28T15:20:23.056+0000] {processor.py:176} INFO - Processing /home/airflow/.local/lib/python3.7/site-packages/airflow/example_dags/example_latest_only_with_trigger.py took 0.142 seconds
[2024-09-28T15:20:53.384+0000] {processor.py:154} INFO - Started process (PID=36421) to work on /home/airflow/.local/lib/python3.7/site-packages/airflow/example_dags/example_latest_only_with_trigger.py
[2024-09-28T15:20:53.387+0000] {processor.py:756} INFO - Processing file /home/airflow/.local/lib/python3.7/site-packages/airflow/example_dags/example_latest_only_with_trigger.py for tasks to queue
[2024-09-28T15:20:53.389+0000] {logging_mixin.py:120} INFO - [2024-09-28T15:20:53.389+0000] {dagbag.py:537} INFO - Filling up the DagBag from /home/airflow/.local/lib/python3.7/site-packages/airflow/example_dags/example_latest_only_with_trigger.py
[2024-09-28T15:20:53.411+0000] {processor.py:766} INFO - DAG(s) dict_keys(['latest_only_with_trigger']) retrieved from /home/airflow/.local/lib/python3.7/site-packages/airflow/example_dags/example_latest_only_with_trigger.py
[2024-09-28T15:20:53.460+0000] {logging_mixin.py:120} INFO - [2024-09-28T15:20:53.460+0000] {dag.py:2585} INFO - Sync 1 DAGs
[2024-09-28T15:20:53.488+0000] {logging_mixin.py:120} INFO - [2024-09-28T15:20:53.488+0000] {dag.py:3340} INFO - Setting next_dagrun for latest_only_with_trigger to 2024-09-28T11:20:53.488480+00:00, run_after=2024-09-28T15:20:53.488480+00:00
[2024-09-28T15:20:53.509+0000] {processor.py:176} INFO - Processing /home/airflow/.local/lib/python3.7/site-packages/airflow/example_dags/example_latest_only_with_trigger.py took 0.129 seconds
[2024-09-28T15:21:24.177+0000] {processor.py:154} INFO - Started process (PID=36493) to work on /home/airflow/.local/lib/python3.7/site-packages/airflow/example_dags/example_latest_only_with_trigger.py
[2024-09-28T15:21:24.179+0000] {processor.py:756} INFO - Processing file /home/airflow/.local/lib/python3.7/site-packages/airflow/example_dags/example_latest_only_with_trigger.py for tasks to queue
[2024-09-28T15:21:24.180+0000] {logging_mixin.py:120} INFO - [2024-09-28T15:21:24.180+0000] {dagbag.py:537} INFO - Filling up the DagBag from /home/airflow/.local/lib/python3.7/site-packages/airflow/example_dags/example_latest_only_with_trigger.py
[2024-09-28T15:21:24.198+0000] {processor.py:766} INFO - DAG(s) dict_keys(['latest_only_with_trigger']) retrieved from /home/airflow/.local/lib/python3.7/site-packages/airflow/example_dags/example_latest_only_with_trigger.py
[2024-09-28T15:21:24.241+0000] {logging_mixin.py:120} INFO - [2024-09-28T15:21:24.241+0000] {dag.py:2585} INFO - Sync 1 DAGs
[2024-09-28T15:21:24.267+0000] {logging_mixin.py:120} INFO - [2024-09-28T15:21:24.267+0000] {dag.py:3340} INFO - Setting next_dagrun for latest_only_with_trigger to 2024-09-28T11:21:24.267366+00:00, run_after=2024-09-28T15:21:24.267366+00:00
[2024-09-28T15:21:24.287+0000] {processor.py:176} INFO - Processing /home/airflow/.local/lib/python3.7/site-packages/airflow/example_dags/example_latest_only_with_trigger.py took 0.115 seconds
[2024-09-28T15:21:54.373+0000] {processor.py:154} INFO - Started process (PID=36556) to work on /home/airflow/.local/lib/python3.7/site-packages/airflow/example_dags/example_latest_only_with_trigger.py
[2024-09-28T15:21:54.375+0000] {processor.py:756} INFO - Processing file /home/airflow/.local/lib/python3.7/site-packages/airflow/example_dags/example_latest_only_with_trigger.py for tasks to queue
[2024-09-28T15:21:54.376+0000] {logging_mixin.py:120} INFO - [2024-09-28T15:21:54.376+0000] {dagbag.py:537} INFO - Filling up the DagBag from /home/airflow/.local/lib/python3.7/site-packages/airflow/example_dags/example_latest_only_with_trigger.py
[2024-09-28T15:21:54.394+0000] {processor.py:766} INFO - DAG(s) dict_keys(['latest_only_with_trigger']) retrieved from /home/airflow/.local/lib/python3.7/site-packages/airflow/example_dags/example_latest_only_with_trigger.py
[2024-09-28T15:21:54.441+0000] {logging_mixin.py:120} INFO - [2024-09-28T15:21:54.441+0000] {dag.py:2585} INFO - Sync 1 DAGs
[2024-09-28T15:21:54.470+0000] {logging_mixin.py:120} INFO - [2024-09-28T15:21:54.470+0000] {dag.py:3340} INFO - Setting next_dagrun for latest_only_with_trigger to 2024-09-28T11:21:54.469856+00:00, run_after=2024-09-28T15:21:54.469856+00:00
[2024-09-28T15:21:54.493+0000] {processor.py:176} INFO - Processing /home/airflow/.local/lib/python3.7/site-packages/airflow/example_dags/example_latest_only_with_trigger.py took 0.124 seconds
[2024-09-28T15:22:24.871+0000] {processor.py:154} INFO - Started process (PID=36629) to work on /home/airflow/.local/lib/python3.7/site-packages/airflow/example_dags/example_latest_only_with_trigger.py
[2024-09-28T15:22:24.874+0000] {processor.py:756} INFO - Processing file /home/airflow/.local/lib/python3.7/site-packages/airflow/example_dags/example_latest_only_with_trigger.py for tasks to queue
[2024-09-28T15:22:24.875+0000] {logging_mixin.py:120} INFO - [2024-09-28T15:22:24.875+0000] {dagbag.py:537} INFO - Filling up the DagBag from /home/airflow/.local/lib/python3.7/site-packages/airflow/example_dags/example_latest_only_with_trigger.py
[2024-09-28T15:22:24.894+0000] {processor.py:766} INFO - DAG(s) dict_keys(['latest_only_with_trigger']) retrieved from /home/airflow/.local/lib/python3.7/site-packages/airflow/example_dags/example_latest_only_with_trigger.py
[2024-09-28T15:22:24.946+0000] {logging_mixin.py:120} INFO - [2024-09-28T15:22:24.946+0000] {dag.py:2585} INFO - Sync 1 DAGs
[2024-09-28T15:22:24.975+0000] {logging_mixin.py:120} INFO - [2024-09-28T15:22:24.975+0000] {dag.py:3340} INFO - Setting next_dagrun for latest_only_with_trigger to 2024-09-28T11:22:24.975100+00:00, run_after=2024-09-28T15:22:24.975100+00:00
[2024-09-28T15:22:24.998+0000] {processor.py:176} INFO - Processing /home/airflow/.local/lib/python3.7/site-packages/airflow/example_dags/example_latest_only_with_trigger.py took 0.132 seconds
[2024-09-28T15:22:56.218+0000] {processor.py:154} INFO - Started process (PID=36701) to work on /home/airflow/.local/lib/python3.7/site-packages/airflow/example_dags/example_latest_only_with_trigger.py
[2024-09-28T15:22:56.221+0000] {processor.py:756} INFO - Processing file /home/airflow/.local/lib/python3.7/site-packages/airflow/example_dags/example_latest_only_with_trigger.py for tasks to queue
[2024-09-28T15:22:56.222+0000] {logging_mixin.py:120} INFO - [2024-09-28T15:22:56.222+0000] {dagbag.py:537} INFO - Filling up the DagBag from /home/airflow/.local/lib/python3.7/site-packages/airflow/example_dags/example_latest_only_with_trigger.py
[2024-09-28T15:22:56.241+0000] {processor.py:766} INFO - DAG(s) dict_keys(['latest_only_with_trigger']) retrieved from /home/airflow/.local/lib/python3.7/site-packages/airflow/example_dags/example_latest_only_with_trigger.py
[2024-09-28T15:22:56.290+0000] {logging_mixin.py:120} INFO - [2024-09-28T15:22:56.290+0000] {dag.py:2585} INFO - Sync 1 DAGs
[2024-09-28T15:22:56.325+0000] {logging_mixin.py:120} INFO - [2024-09-28T15:22:56.325+0000] {dag.py:3340} INFO - Setting next_dagrun for latest_only_with_trigger to 2024-09-28T11:22:56.324900+00:00, run_after=2024-09-28T15:22:56.324900+00:00
[2024-09-28T15:22:56.351+0000] {processor.py:176} INFO - Processing /home/airflow/.local/lib/python3.7/site-packages/airflow/example_dags/example_latest_only_with_trigger.py took 0.137 seconds
[2024-09-28T15:23:26.885+0000] {processor.py:154} INFO - Started process (PID=36764) to work on /home/airflow/.local/lib/python3.7/site-packages/airflow/example_dags/example_latest_only_with_trigger.py
[2024-09-28T15:23:26.888+0000] {processor.py:756} INFO - Processing file /home/airflow/.local/lib/python3.7/site-packages/airflow/example_dags/example_latest_only_with_trigger.py for tasks to queue
[2024-09-28T15:23:26.889+0000] {logging_mixin.py:120} INFO - [2024-09-28T15:23:26.889+0000] {dagbag.py:537} INFO - Filling up the DagBag from /home/airflow/.local/lib/python3.7/site-packages/airflow/example_dags/example_latest_only_with_trigger.py
[2024-09-28T15:23:26.911+0000] {processor.py:766} INFO - DAG(s) dict_keys(['latest_only_with_trigger']) retrieved from /home/airflow/.local/lib/python3.7/site-packages/airflow/example_dags/example_latest_only_with_trigger.py
[2024-09-28T15:23:26.965+0000] {logging_mixin.py:120} INFO - [2024-09-28T15:23:26.965+0000] {dag.py:2585} INFO - Sync 1 DAGs
[2024-09-28T15:23:27.001+0000] {logging_mixin.py:120} INFO - [2024-09-28T15:23:27.001+0000] {dag.py:3340} INFO - Setting next_dagrun for latest_only_with_trigger to 2024-09-28T11:23:27.000920+00:00, run_after=2024-09-28T15:23:27.000920+00:00
[2024-09-28T15:23:27.028+0000] {processor.py:176} INFO - Processing /home/airflow/.local/lib/python3.7/site-packages/airflow/example_dags/example_latest_only_with_trigger.py took 0.149 seconds
[2024-09-28T15:23:57.201+0000] {processor.py:154} INFO - Started process (PID=36836) to work on /home/airflow/.local/lib/python3.7/site-packages/airflow/example_dags/example_latest_only_with_trigger.py
[2024-09-28T15:23:57.203+0000] {processor.py:756} INFO - Processing file /home/airflow/.local/lib/python3.7/site-packages/airflow/example_dags/example_latest_only_with_trigger.py for tasks to queue
[2024-09-28T15:23:57.204+0000] {logging_mixin.py:120} INFO - [2024-09-28T15:23:57.204+0000] {dagbag.py:537} INFO - Filling up the DagBag from /home/airflow/.local/lib/python3.7/site-packages/airflow/example_dags/example_latest_only_with_trigger.py
[2024-09-28T15:23:57.222+0000] {processor.py:766} INFO - DAG(s) dict_keys(['latest_only_with_trigger']) retrieved from /home/airflow/.local/lib/python3.7/site-packages/airflow/example_dags/example_latest_only_with_trigger.py
[2024-09-28T15:23:57.276+0000] {logging_mixin.py:120} INFO - [2024-09-28T15:23:57.276+0000] {dag.py:2585} INFO - Sync 1 DAGs
[2024-09-28T15:23:57.311+0000] {logging_mixin.py:120} INFO - [2024-09-28T15:23:57.310+0000] {dag.py:3340} INFO - Setting next_dagrun for latest_only_with_trigger to 2024-09-28T11:23:57.310496+00:00, run_after=2024-09-28T15:23:57.310496+00:00
[2024-09-28T15:23:57.338+0000] {processor.py:176} INFO - Processing /home/airflow/.local/lib/python3.7/site-packages/airflow/example_dags/example_latest_only_with_trigger.py took 0.142 seconds
[2024-09-28T15:24:28.001+0000] {processor.py:154} INFO - Started process (PID=36907) to work on /home/airflow/.local/lib/python3.7/site-packages/airflow/example_dags/example_latest_only_with_trigger.py
[2024-09-28T15:24:28.003+0000] {processor.py:756} INFO - Processing file /home/airflow/.local/lib/python3.7/site-packages/airflow/example_dags/example_latest_only_with_trigger.py for tasks to queue
[2024-09-28T15:24:28.004+0000] {logging_mixin.py:120} INFO - [2024-09-28T15:24:28.004+0000] {dagbag.py:537} INFO - Filling up the DagBag from /home/airflow/.local/lib/python3.7/site-packages/airflow/example_dags/example_latest_only_with_trigger.py
[2024-09-28T15:24:28.026+0000] {processor.py:766} INFO - DAG(s) dict_keys(['latest_only_with_trigger']) retrieved from /home/airflow/.local/lib/python3.7/site-packages/airflow/example_dags/example_latest_only_with_trigger.py
[2024-09-28T15:24:28.077+0000] {logging_mixin.py:120} INFO - [2024-09-28T15:24:28.077+0000] {dag.py:2585} INFO - Sync 1 DAGs
[2024-09-28T15:24:28.108+0000] {logging_mixin.py:120} INFO - [2024-09-28T15:24:28.107+0000] {dag.py:3340} INFO - Setting next_dagrun for latest_only_with_trigger to 2024-09-28T11:24:28.107714+00:00, run_after=2024-09-28T15:24:28.107714+00:00
[2024-09-28T15:24:28.132+0000] {processor.py:176} INFO - Processing /home/airflow/.local/lib/python3.7/site-packages/airflow/example_dags/example_latest_only_with_trigger.py took 0.135 seconds
[2024-09-28T15:24:59.017+0000] {processor.py:154} INFO - Started process (PID=36979) to work on /home/airflow/.local/lib/python3.7/site-packages/airflow/example_dags/example_latest_only_with_trigger.py
[2024-09-28T15:24:59.019+0000] {processor.py:756} INFO - Processing file /home/airflow/.local/lib/python3.7/site-packages/airflow/example_dags/example_latest_only_with_trigger.py for tasks to queue
[2024-09-28T15:24:59.021+0000] {logging_mixin.py:120} INFO - [2024-09-28T15:24:59.020+0000] {dagbag.py:537} INFO - Filling up the DagBag from /home/airflow/.local/lib/python3.7/site-packages/airflow/example_dags/example_latest_only_with_trigger.py
[2024-09-28T15:24:59.048+0000] {processor.py:766} INFO - DAG(s) dict_keys(['latest_only_with_trigger']) retrieved from /home/airflow/.local/lib/python3.7/site-packages/airflow/example_dags/example_latest_only_with_trigger.py
[2024-09-28T15:24:59.117+0000] {logging_mixin.py:120} INFO - [2024-09-28T15:24:59.117+0000] {dag.py:2585} INFO - Sync 1 DAGs
[2024-09-28T15:24:59.173+0000] {logging_mixin.py:120} INFO - [2024-09-28T15:24:59.173+0000] {dag.py:3340} INFO - Setting next_dagrun for latest_only_with_trigger to 2024-09-28T11:24:59.172885+00:00, run_after=2024-09-28T15:24:59.172885+00:00
[2024-09-28T15:24:59.206+0000] {processor.py:176} INFO - Processing /home/airflow/.local/lib/python3.7/site-packages/airflow/example_dags/example_latest_only_with_trigger.py took 0.195 seconds
[2024-09-28T15:25:29.300+0000] {processor.py:154} INFO - Started process (PID=37042) to work on /home/airflow/.local/lib/python3.7/site-packages/airflow/example_dags/example_latest_only_with_trigger.py
[2024-09-28T15:25:29.303+0000] {processor.py:756} INFO - Processing file /home/airflow/.local/lib/python3.7/site-packages/airflow/example_dags/example_latest_only_with_trigger.py for tasks to queue
[2024-09-28T15:25:29.304+0000] {logging_mixin.py:120} INFO - [2024-09-28T15:25:29.304+0000] {dagbag.py:537} INFO - Filling up the DagBag from /home/airflow/.local/lib/python3.7/site-packages/airflow/example_dags/example_latest_only_with_trigger.py
[2024-09-28T15:25:29.322+0000] {processor.py:766} INFO - DAG(s) dict_keys(['latest_only_with_trigger']) retrieved from /home/airflow/.local/lib/python3.7/site-packages/airflow/example_dags/example_latest_only_with_trigger.py
[2024-09-28T15:25:29.374+0000] {logging_mixin.py:120} INFO - [2024-09-28T15:25:29.374+0000] {dag.py:2585} INFO - Sync 1 DAGs
[2024-09-28T15:25:29.404+0000] {logging_mixin.py:120} INFO - [2024-09-28T15:25:29.404+0000] {dag.py:3340} INFO - Setting next_dagrun for latest_only_with_trigger to 2024-09-28T11:25:29.404470+00:00, run_after=2024-09-28T15:25:29.404470+00:00
[2024-09-28T15:25:29.428+0000] {processor.py:176} INFO - Processing /home/airflow/.local/lib/python3.7/site-packages/airflow/example_dags/example_latest_only_with_trigger.py took 0.133 seconds
[2024-09-28T15:26:00.423+0000] {processor.py:154} INFO - Started process (PID=37114) to work on /home/airflow/.local/lib/python3.7/site-packages/airflow/example_dags/example_latest_only_with_trigger.py
[2024-09-28T15:26:00.426+0000] {processor.py:756} INFO - Processing file /home/airflow/.local/lib/python3.7/site-packages/airflow/example_dags/example_latest_only_with_trigger.py for tasks to queue
[2024-09-28T15:26:00.427+0000] {logging_mixin.py:120} INFO - [2024-09-28T15:26:00.427+0000] {dagbag.py:537} INFO - Filling up the DagBag from /home/airflow/.local/lib/python3.7/site-packages/airflow/example_dags/example_latest_only_with_trigger.py
[2024-09-28T15:26:00.449+0000] {processor.py:766} INFO - DAG(s) dict_keys(['latest_only_with_trigger']) retrieved from /home/airflow/.local/lib/python3.7/site-packages/airflow/example_dags/example_latest_only_with_trigger.py
[2024-09-28T15:26:00.499+0000] {logging_mixin.py:120} INFO - [2024-09-28T15:26:00.499+0000] {dag.py:2585} INFO - Sync 1 DAGs
[2024-09-28T15:26:00.529+0000] {logging_mixin.py:120} INFO - [2024-09-28T15:26:00.529+0000] {dag.py:3340} INFO - Setting next_dagrun for latest_only_with_trigger to 2024-09-28T11:26:00.529070+00:00, run_after=2024-09-28T15:26:00.529070+00:00
[2024-09-28T15:26:00.552+0000] {processor.py:176} INFO - Processing /home/airflow/.local/lib/python3.7/site-packages/airflow/example_dags/example_latest_only_with_trigger.py took 0.134 seconds
[2024-09-28T15:26:30.988+0000] {processor.py:154} INFO - Started process (PID=37186) to work on /home/airflow/.local/lib/python3.7/site-packages/airflow/example_dags/example_latest_only_with_trigger.py
[2024-09-28T15:26:30.991+0000] {processor.py:756} INFO - Processing file /home/airflow/.local/lib/python3.7/site-packages/airflow/example_dags/example_latest_only_with_trigger.py for tasks to queue
[2024-09-28T15:26:30.992+0000] {logging_mixin.py:120} INFO - [2024-09-28T15:26:30.992+0000] {dagbag.py:537} INFO - Filling up the DagBag from /home/airflow/.local/lib/python3.7/site-packages/airflow/example_dags/example_latest_only_with_trigger.py
[2024-09-28T15:26:31.013+0000] {processor.py:766} INFO - DAG(s) dict_keys(['latest_only_with_trigger']) retrieved from /home/airflow/.local/lib/python3.7/site-packages/airflow/example_dags/example_latest_only_with_trigger.py
[2024-09-28T15:26:31.069+0000] {logging_mixin.py:120} INFO - [2024-09-28T15:26:31.069+0000] {dag.py:2585} INFO - Sync 1 DAGs
[2024-09-28T15:26:31.112+0000] {logging_mixin.py:120} INFO - [2024-09-28T15:26:31.112+0000] {dag.py:3340} INFO - Setting next_dagrun for latest_only_with_trigger to 2024-09-28T11:26:31.112310+00:00, run_after=2024-09-28T15:26:31.112310+00:00
[2024-09-28T15:26:31.144+0000] {processor.py:176} INFO - Processing /home/airflow/.local/lib/python3.7/site-packages/airflow/example_dags/example_latest_only_with_trigger.py took 0.162 seconds
[2024-09-28T15:27:01.803+0000] {processor.py:154} INFO - Started process (PID=37249) to work on /home/airflow/.local/lib/python3.7/site-packages/airflow/example_dags/example_latest_only_with_trigger.py
[2024-09-28T15:27:01.805+0000] {processor.py:756} INFO - Processing file /home/airflow/.local/lib/python3.7/site-packages/airflow/example_dags/example_latest_only_with_trigger.py for tasks to queue
[2024-09-28T15:27:01.806+0000] {logging_mixin.py:120} INFO - [2024-09-28T15:27:01.806+0000] {dagbag.py:537} INFO - Filling up the DagBag from /home/airflow/.local/lib/python3.7/site-packages/airflow/example_dags/example_latest_only_with_trigger.py
[2024-09-28T15:27:01.824+0000] {processor.py:766} INFO - DAG(s) dict_keys(['latest_only_with_trigger']) retrieved from /home/airflow/.local/lib/python3.7/site-packages/airflow/example_dags/example_latest_only_with_trigger.py
[2024-09-28T15:27:01.879+0000] {logging_mixin.py:120} INFO - [2024-09-28T15:27:01.879+0000] {dag.py:2585} INFO - Sync 1 DAGs
[2024-09-28T15:27:01.915+0000] {logging_mixin.py:120} INFO - [2024-09-28T15:27:01.914+0000] {dag.py:3340} INFO - Setting next_dagrun for latest_only_with_trigger to 2024-09-28T11:27:01.914528+00:00, run_after=2024-09-28T15:27:01.914528+00:00
[2024-09-28T15:27:01.939+0000] {processor.py:176} INFO - Processing /home/airflow/.local/lib/python3.7/site-packages/airflow/example_dags/example_latest_only_with_trigger.py took 0.140 seconds
[2024-09-28T15:27:32.774+0000] {processor.py:154} INFO - Started process (PID=37320) to work on /home/airflow/.local/lib/python3.7/site-packages/airflow/example_dags/example_latest_only_with_trigger.py
[2024-09-28T15:27:32.787+0000] {processor.py:756} INFO - Processing file /home/airflow/.local/lib/python3.7/site-packages/airflow/example_dags/example_latest_only_with_trigger.py for tasks to queue
[2024-09-28T15:27:32.791+0000] {logging_mixin.py:120} INFO - [2024-09-28T15:27:32.791+0000] {dagbag.py:537} INFO - Filling up the DagBag from /home/airflow/.local/lib/python3.7/site-packages/airflow/example_dags/example_latest_only_with_trigger.py
[2024-09-28T15:27:32.812+0000] {processor.py:766} INFO - DAG(s) dict_keys(['latest_only_with_trigger']) retrieved from /home/airflow/.local/lib/python3.7/site-packages/airflow/example_dags/example_latest_only_with_trigger.py
[2024-09-28T15:27:32.865+0000] {logging_mixin.py:120} INFO - [2024-09-28T15:27:32.865+0000] {dag.py:2585} INFO - Sync 1 DAGs
[2024-09-28T15:27:32.915+0000] {logging_mixin.py:120} INFO - [2024-09-28T15:27:32.915+0000] {dag.py:3340} INFO - Setting next_dagrun for latest_only_with_trigger to 2024-09-28T11:27:32.915145+00:00, run_after=2024-09-28T15:27:32.915145+00:00
[2024-09-28T15:27:32.939+0000] {processor.py:176} INFO - Processing /home/airflow/.local/lib/python3.7/site-packages/airflow/example_dags/example_latest_only_with_trigger.py took 0.168 seconds
[2024-09-28T15:28:03.905+0000] {processor.py:154} INFO - Started process (PID=37392) to work on /home/airflow/.local/lib/python3.7/site-packages/airflow/example_dags/example_latest_only_with_trigger.py
[2024-09-28T15:28:03.908+0000] {processor.py:756} INFO - Processing file /home/airflow/.local/lib/python3.7/site-packages/airflow/example_dags/example_latest_only_with_trigger.py for tasks to queue
[2024-09-28T15:28:03.909+0000] {logging_mixin.py:120} INFO - [2024-09-28T15:28:03.909+0000] {dagbag.py:537} INFO - Filling up the DagBag from /home/airflow/.local/lib/python3.7/site-packages/airflow/example_dags/example_latest_only_with_trigger.py
[2024-09-28T15:28:03.930+0000] {processor.py:766} INFO - DAG(s) dict_keys(['latest_only_with_trigger']) retrieved from /home/airflow/.local/lib/python3.7/site-packages/airflow/example_dags/example_latest_only_with_trigger.py
[2024-09-28T15:28:03.999+0000] {logging_mixin.py:120} INFO - [2024-09-28T15:28:03.998+0000] {dag.py:2585} INFO - Sync 1 DAGs
[2024-09-28T15:28:04.041+0000] {logging_mixin.py:120} INFO - [2024-09-28T15:28:04.041+0000] {dag.py:3340} INFO - Setting next_dagrun for latest_only_with_trigger to 2024-09-28T11:28:04.041001+00:00, run_after=2024-09-28T15:28:04.041001+00:00
[2024-09-28T15:28:04.071+0000] {processor.py:176} INFO - Processing /home/airflow/.local/lib/python3.7/site-packages/airflow/example_dags/example_latest_only_with_trigger.py took 0.171 seconds
[2024-09-28T15:28:34.850+0000] {processor.py:154} INFO - Started process (PID=37455) to work on /home/airflow/.local/lib/python3.7/site-packages/airflow/example_dags/example_latest_only_with_trigger.py
[2024-09-28T15:28:34.852+0000] {processor.py:756} INFO - Processing file /home/airflow/.local/lib/python3.7/site-packages/airflow/example_dags/example_latest_only_with_trigger.py for tasks to queue
[2024-09-28T15:28:34.853+0000] {logging_mixin.py:120} INFO - [2024-09-28T15:28:34.853+0000] {dagbag.py:537} INFO - Filling up the DagBag from /home/airflow/.local/lib/python3.7/site-packages/airflow/example_dags/example_latest_only_with_trigger.py
[2024-09-28T15:28:34.872+0000] {processor.py:766} INFO - DAG(s) dict_keys(['latest_only_with_trigger']) retrieved from /home/airflow/.local/lib/python3.7/site-packages/airflow/example_dags/example_latest_only_with_trigger.py
[2024-09-28T15:28:34.926+0000] {logging_mixin.py:120} INFO - [2024-09-28T15:28:34.926+0000] {dag.py:2585} INFO - Sync 1 DAGs
[2024-09-28T15:28:34.960+0000] {logging_mixin.py:120} INFO - [2024-09-28T15:28:34.959+0000] {dag.py:3340} INFO - Setting next_dagrun for latest_only_with_trigger to 2024-09-28T11:28:34.959658+00:00, run_after=2024-09-28T15:28:34.959658+00:00
[2024-09-28T15:28:34.983+0000] {processor.py:176} INFO - Processing /home/airflow/.local/lib/python3.7/site-packages/airflow/example_dags/example_latest_only_with_trigger.py took 0.138 seconds
[2024-09-28T15:29:05.383+0000] {processor.py:154} INFO - Started process (PID=37526) to work on /home/airflow/.local/lib/python3.7/site-packages/airflow/example_dags/example_latest_only_with_trigger.py
[2024-09-28T15:29:05.386+0000] {processor.py:756} INFO - Processing file /home/airflow/.local/lib/python3.7/site-packages/airflow/example_dags/example_latest_only_with_trigger.py for tasks to queue
[2024-09-28T15:29:05.387+0000] {logging_mixin.py:120} INFO - [2024-09-28T15:29:05.387+0000] {dagbag.py:537} INFO - Filling up the DagBag from /home/airflow/.local/lib/python3.7/site-packages/airflow/example_dags/example_latest_only_with_trigger.py
[2024-09-28T15:29:05.406+0000] {processor.py:766} INFO - DAG(s) dict_keys(['latest_only_with_trigger']) retrieved from /home/airflow/.local/lib/python3.7/site-packages/airflow/example_dags/example_latest_only_with_trigger.py
[2024-09-28T15:29:05.462+0000] {logging_mixin.py:120} INFO - [2024-09-28T15:29:05.462+0000] {dag.py:2585} INFO - Sync 1 DAGs
[2024-09-28T15:29:05.492+0000] {logging_mixin.py:120} INFO - [2024-09-28T15:29:05.492+0000] {dag.py:3340} INFO - Setting next_dagrun for latest_only_with_trigger to 2024-09-28T11:29:05.491968+00:00, run_after=2024-09-28T15:29:05.491968+00:00
[2024-09-28T15:29:05.516+0000] {processor.py:176} INFO - Processing /home/airflow/.local/lib/python3.7/site-packages/airflow/example_dags/example_latest_only_with_trigger.py took 0.137 seconds
[2024-09-28T15:29:35.607+0000] {processor.py:154} INFO - Started process (PID=37597) to work on /home/airflow/.local/lib/python3.7/site-packages/airflow/example_dags/example_latest_only_with_trigger.py
[2024-09-28T15:29:35.610+0000] {processor.py:756} INFO - Processing file /home/airflow/.local/lib/python3.7/site-packages/airflow/example_dags/example_latest_only_with_trigger.py for tasks to queue
[2024-09-28T15:29:35.611+0000] {logging_mixin.py:120} INFO - [2024-09-28T15:29:35.611+0000] {dagbag.py:537} INFO - Filling up the DagBag from /home/airflow/.local/lib/python3.7/site-packages/airflow/example_dags/example_latest_only_with_trigger.py
[2024-09-28T15:29:35.630+0000] {processor.py:766} INFO - DAG(s) dict_keys(['latest_only_with_trigger']) retrieved from /home/airflow/.local/lib/python3.7/site-packages/airflow/example_dags/example_latest_only_with_trigger.py
[2024-09-28T15:29:35.680+0000] {logging_mixin.py:120} INFO - [2024-09-28T15:29:35.680+0000] {dag.py:2585} INFO - Sync 1 DAGs
[2024-09-28T15:29:35.712+0000] {logging_mixin.py:120} INFO - [2024-09-28T15:29:35.712+0000] {dag.py:3340} INFO - Setting next_dagrun for latest_only_with_trigger to 2024-09-28T11:29:35.712283+00:00, run_after=2024-09-28T15:29:35.712283+00:00
[2024-09-28T15:29:35.736+0000] {processor.py:176} INFO - Processing /home/airflow/.local/lib/python3.7/site-packages/airflow/example_dags/example_latest_only_with_trigger.py took 0.133 seconds
[2024-09-28T15:30:06.130+0000] {processor.py:154} INFO - Started process (PID=37658) to work on /home/airflow/.local/lib/python3.7/site-packages/airflow/example_dags/example_latest_only_with_trigger.py
[2024-09-28T15:30:06.132+0000] {processor.py:756} INFO - Processing file /home/airflow/.local/lib/python3.7/site-packages/airflow/example_dags/example_latest_only_with_trigger.py for tasks to queue
[2024-09-28T15:30:06.133+0000] {logging_mixin.py:120} INFO - [2024-09-28T15:30:06.133+0000] {dagbag.py:537} INFO - Filling up the DagBag from /home/airflow/.local/lib/python3.7/site-packages/airflow/example_dags/example_latest_only_with_trigger.py
[2024-09-28T15:30:06.151+0000] {processor.py:766} INFO - DAG(s) dict_keys(['latest_only_with_trigger']) retrieved from /home/airflow/.local/lib/python3.7/site-packages/airflow/example_dags/example_latest_only_with_trigger.py
[2024-09-28T15:30:06.202+0000] {logging_mixin.py:120} INFO - [2024-09-28T15:30:06.202+0000] {dag.py:2585} INFO - Sync 1 DAGs
[2024-09-28T15:30:06.234+0000] {logging_mixin.py:120} INFO - [2024-09-28T15:30:06.234+0000] {dag.py:3340} INFO - Setting next_dagrun for latest_only_with_trigger to 2024-09-28T11:30:06.234141+00:00, run_after=2024-09-28T15:30:06.234141+00:00
[2024-09-28T15:30:06.259+0000] {processor.py:176} INFO - Processing /home/airflow/.local/lib/python3.7/site-packages/airflow/example_dags/example_latest_only_with_trigger.py took 0.134 seconds
[2024-09-28T15:30:36.647+0000] {processor.py:154} INFO - Started process (PID=37729) to work on /home/airflow/.local/lib/python3.7/site-packages/airflow/example_dags/example_latest_only_with_trigger.py
[2024-09-28T15:30:36.649+0000] {processor.py:756} INFO - Processing file /home/airflow/.local/lib/python3.7/site-packages/airflow/example_dags/example_latest_only_with_trigger.py for tasks to queue
[2024-09-28T15:30:36.651+0000] {logging_mixin.py:120} INFO - [2024-09-28T15:30:36.650+0000] {dagbag.py:537} INFO - Filling up the DagBag from /home/airflow/.local/lib/python3.7/site-packages/airflow/example_dags/example_latest_only_with_trigger.py
[2024-09-28T15:30:36.672+0000] {processor.py:766} INFO - DAG(s) dict_keys(['latest_only_with_trigger']) retrieved from /home/airflow/.local/lib/python3.7/site-packages/airflow/example_dags/example_latest_only_with_trigger.py
[2024-09-28T15:30:36.728+0000] {logging_mixin.py:120} INFO - [2024-09-28T15:30:36.728+0000] {dag.py:2585} INFO - Sync 1 DAGs
[2024-09-28T15:30:36.760+0000] {logging_mixin.py:120} INFO - [2024-09-28T15:30:36.760+0000] {dag.py:3340} INFO - Setting next_dagrun for latest_only_with_trigger to 2024-09-28T11:30:36.760224+00:00, run_after=2024-09-28T15:30:36.760224+00:00
[2024-09-28T15:30:36.783+0000] {processor.py:176} INFO - Processing /home/airflow/.local/lib/python3.7/site-packages/airflow/example_dags/example_latest_only_with_trigger.py took 0.140 seconds
[2024-09-28T15:31:07.218+0000] {processor.py:154} INFO - Started process (PID=37801) to work on /home/airflow/.local/lib/python3.7/site-packages/airflow/example_dags/example_latest_only_with_trigger.py
[2024-09-28T15:31:07.220+0000] {processor.py:756} INFO - Processing file /home/airflow/.local/lib/python3.7/site-packages/airflow/example_dags/example_latest_only_with_trigger.py for tasks to queue
[2024-09-28T15:31:07.221+0000] {logging_mixin.py:120} INFO - [2024-09-28T15:31:07.221+0000] {dagbag.py:537} INFO - Filling up the DagBag from /home/airflow/.local/lib/python3.7/site-packages/airflow/example_dags/example_latest_only_with_trigger.py
[2024-09-28T15:31:07.240+0000] {processor.py:766} INFO - DAG(s) dict_keys(['latest_only_with_trigger']) retrieved from /home/airflow/.local/lib/python3.7/site-packages/airflow/example_dags/example_latest_only_with_trigger.py
[2024-09-28T15:31:07.292+0000] {logging_mixin.py:120} INFO - [2024-09-28T15:31:07.292+0000] {dag.py:2585} INFO - Sync 1 DAGs
[2024-09-28T15:31:07.322+0000] {logging_mixin.py:120} INFO - [2024-09-28T15:31:07.322+0000] {dag.py:3340} INFO - Setting next_dagrun for latest_only_with_trigger to 2024-09-28T11:31:07.322109+00:00, run_after=2024-09-28T15:31:07.322109+00:00
[2024-09-28T15:31:07.346+0000] {processor.py:176} INFO - Processing /home/airflow/.local/lib/python3.7/site-packages/airflow/example_dags/example_latest_only_with_trigger.py took 0.133 seconds
[2024-09-28T15:31:37.777+0000] {processor.py:154} INFO - Started process (PID=37872) to work on /home/airflow/.local/lib/python3.7/site-packages/airflow/example_dags/example_latest_only_with_trigger.py
[2024-09-28T15:31:37.781+0000] {processor.py:756} INFO - Processing file /home/airflow/.local/lib/python3.7/site-packages/airflow/example_dags/example_latest_only_with_trigger.py for tasks to queue
[2024-09-28T15:31:37.783+0000] {logging_mixin.py:120} INFO - [2024-09-28T15:31:37.782+0000] {dagbag.py:537} INFO - Filling up the DagBag from /home/airflow/.local/lib/python3.7/site-packages/airflow/example_dags/example_latest_only_with_trigger.py
[2024-09-28T15:31:37.803+0000] {processor.py:766} INFO - DAG(s) dict_keys(['latest_only_with_trigger']) retrieved from /home/airflow/.local/lib/python3.7/site-packages/airflow/example_dags/example_latest_only_with_trigger.py
[2024-09-28T15:31:37.855+0000] {logging_mixin.py:120} INFO - [2024-09-28T15:31:37.855+0000] {dag.py:2585} INFO - Sync 1 DAGs
[2024-09-28T15:31:37.889+0000] {logging_mixin.py:120} INFO - [2024-09-28T15:31:37.889+0000] {dag.py:3340} INFO - Setting next_dagrun for latest_only_with_trigger to 2024-09-28T11:31:37.889095+00:00, run_after=2024-09-28T15:31:37.889095+00:00
[2024-09-28T15:31:37.922+0000] {processor.py:176} INFO - Processing /home/airflow/.local/lib/python3.7/site-packages/airflow/example_dags/example_latest_only_with_trigger.py took 0.149 seconds
[2024-09-28T15:32:08.738+0000] {processor.py:154} INFO - Started process (PID=37935) to work on /home/airflow/.local/lib/python3.7/site-packages/airflow/example_dags/example_latest_only_with_trigger.py
[2024-09-28T15:32:08.742+0000] {processor.py:756} INFO - Processing file /home/airflow/.local/lib/python3.7/site-packages/airflow/example_dags/example_latest_only_with_trigger.py for tasks to queue
[2024-09-28T15:32:08.744+0000] {logging_mixin.py:120} INFO - [2024-09-28T15:32:08.743+0000] {dagbag.py:537} INFO - Filling up the DagBag from /home/airflow/.local/lib/python3.7/site-packages/airflow/example_dags/example_latest_only_with_trigger.py
[2024-09-28T15:32:08.765+0000] {processor.py:766} INFO - DAG(s) dict_keys(['latest_only_with_trigger']) retrieved from /home/airflow/.local/lib/python3.7/site-packages/airflow/example_dags/example_latest_only_with_trigger.py
[2024-09-28T15:32:08.832+0000] {logging_mixin.py:120} INFO - [2024-09-28T15:32:08.832+0000] {dag.py:2585} INFO - Sync 1 DAGs
[2024-09-28T15:32:08.867+0000] {logging_mixin.py:120} INFO - [2024-09-28T15:32:08.867+0000] {dag.py:3340} INFO - Setting next_dagrun for latest_only_with_trigger to 2024-09-28T11:32:08.867076+00:00, run_after=2024-09-28T15:32:08.867076+00:00
[2024-09-28T15:32:08.896+0000] {processor.py:176} INFO - Processing /home/airflow/.local/lib/python3.7/site-packages/airflow/example_dags/example_latest_only_with_trigger.py took 0.163 seconds
[2024-09-28T15:32:39.150+0000] {processor.py:154} INFO - Started process (PID=38007) to work on /home/airflow/.local/lib/python3.7/site-packages/airflow/example_dags/example_latest_only_with_trigger.py
[2024-09-28T15:32:39.152+0000] {processor.py:756} INFO - Processing file /home/airflow/.local/lib/python3.7/site-packages/airflow/example_dags/example_latest_only_with_trigger.py for tasks to queue
[2024-09-28T15:32:39.153+0000] {logging_mixin.py:120} INFO - [2024-09-28T15:32:39.153+0000] {dagbag.py:537} INFO - Filling up the DagBag from /home/airflow/.local/lib/python3.7/site-packages/airflow/example_dags/example_latest_only_with_trigger.py
[2024-09-28T15:32:39.172+0000] {processor.py:766} INFO - DAG(s) dict_keys(['latest_only_with_trigger']) retrieved from /home/airflow/.local/lib/python3.7/site-packages/airflow/example_dags/example_latest_only_with_trigger.py
[2024-09-28T15:32:39.232+0000] {logging_mixin.py:120} INFO - [2024-09-28T15:32:39.232+0000] {dag.py:2585} INFO - Sync 1 DAGs
[2024-09-28T15:32:39.270+0000] {logging_mixin.py:120} INFO - [2024-09-28T15:32:39.270+0000] {dag.py:3340} INFO - Setting next_dagrun for latest_only_with_trigger to 2024-09-28T11:32:39.269880+00:00, run_after=2024-09-28T15:32:39.269880+00:00
[2024-09-28T15:32:39.296+0000] {processor.py:176} INFO - Processing /home/airflow/.local/lib/python3.7/site-packages/airflow/example_dags/example_latest_only_with_trigger.py took 0.151 seconds
[2024-09-28T15:33:09.826+0000] {processor.py:154} INFO - Started process (PID=38077) to work on /home/airflow/.local/lib/python3.7/site-packages/airflow/example_dags/example_latest_only_with_trigger.py
[2024-09-28T15:33:09.829+0000] {processor.py:756} INFO - Processing file /home/airflow/.local/lib/python3.7/site-packages/airflow/example_dags/example_latest_only_with_trigger.py for tasks to queue
[2024-09-28T15:33:09.831+0000] {logging_mixin.py:120} INFO - [2024-09-28T15:33:09.830+0000] {dagbag.py:537} INFO - Filling up the DagBag from /home/airflow/.local/lib/python3.7/site-packages/airflow/example_dags/example_latest_only_with_trigger.py
[2024-09-28T15:33:09.852+0000] {processor.py:766} INFO - DAG(s) dict_keys(['latest_only_with_trigger']) retrieved from /home/airflow/.local/lib/python3.7/site-packages/airflow/example_dags/example_latest_only_with_trigger.py
[2024-09-28T15:33:09.906+0000] {logging_mixin.py:120} INFO - [2024-09-28T15:33:09.906+0000] {dag.py:2585} INFO - Sync 1 DAGs
[2024-09-28T15:33:09.940+0000] {logging_mixin.py:120} INFO - [2024-09-28T15:33:09.940+0000] {dag.py:3340} INFO - Setting next_dagrun for latest_only_with_trigger to 2024-09-28T11:33:09.939867+00:00, run_after=2024-09-28T15:33:09.939867+00:00
[2024-09-28T15:33:09.964+0000] {processor.py:176} INFO - Processing /home/airflow/.local/lib/python3.7/site-packages/airflow/example_dags/example_latest_only_with_trigger.py took 0.142 seconds
[2024-09-28T15:33:40.270+0000] {processor.py:154} INFO - Started process (PID=38140) to work on /home/airflow/.local/lib/python3.7/site-packages/airflow/example_dags/example_latest_only_with_trigger.py
[2024-09-28T15:33:40.273+0000] {processor.py:756} INFO - Processing file /home/airflow/.local/lib/python3.7/site-packages/airflow/example_dags/example_latest_only_with_trigger.py for tasks to queue
[2024-09-28T15:33:40.274+0000] {logging_mixin.py:120} INFO - [2024-09-28T15:33:40.274+0000] {dagbag.py:537} INFO - Filling up the DagBag from /home/airflow/.local/lib/python3.7/site-packages/airflow/example_dags/example_latest_only_with_trigger.py
[2024-09-28T15:33:40.322+0000] {processor.py:766} INFO - DAG(s) dict_keys(['latest_only_with_trigger']) retrieved from /home/airflow/.local/lib/python3.7/site-packages/airflow/example_dags/example_latest_only_with_trigger.py
[2024-09-28T15:33:40.425+0000] {logging_mixin.py:120} INFO - [2024-09-28T15:33:40.424+0000] {dag.py:2585} INFO - Sync 1 DAGs
[2024-09-28T15:33:40.488+0000] {logging_mixin.py:120} INFO - [2024-09-28T15:33:40.487+0000] {dag.py:3340} INFO - Setting next_dagrun for latest_only_with_trigger to 2024-09-28T11:33:40.487708+00:00, run_after=2024-09-28T15:33:40.487708+00:00
[2024-09-28T15:33:40.521+0000] {processor.py:176} INFO - Processing /home/airflow/.local/lib/python3.7/site-packages/airflow/example_dags/example_latest_only_with_trigger.py took 0.256 seconds
[2024-09-28T15:34:11.081+0000] {processor.py:154} INFO - Started process (PID=38212) to work on /home/airflow/.local/lib/python3.7/site-packages/airflow/example_dags/example_latest_only_with_trigger.py
[2024-09-28T15:34:11.084+0000] {processor.py:756} INFO - Processing file /home/airflow/.local/lib/python3.7/site-packages/airflow/example_dags/example_latest_only_with_trigger.py for tasks to queue
[2024-09-28T15:34:11.085+0000] {logging_mixin.py:120} INFO - [2024-09-28T15:34:11.085+0000] {dagbag.py:537} INFO - Filling up the DagBag from /home/airflow/.local/lib/python3.7/site-packages/airflow/example_dags/example_latest_only_with_trigger.py
[2024-09-28T15:34:11.106+0000] {processor.py:766} INFO - DAG(s) dict_keys(['latest_only_with_trigger']) retrieved from /home/airflow/.local/lib/python3.7/site-packages/airflow/example_dags/example_latest_only_with_trigger.py
[2024-09-28T15:34:11.158+0000] {logging_mixin.py:120} INFO - [2024-09-28T15:34:11.158+0000] {dag.py:2585} INFO - Sync 1 DAGs
[2024-09-28T15:34:11.191+0000] {logging_mixin.py:120} INFO - [2024-09-28T15:34:11.191+0000] {dag.py:3340} INFO - Setting next_dagrun for latest_only_with_trigger to 2024-09-28T11:34:11.190749+00:00, run_after=2024-09-28T15:34:11.190749+00:00
[2024-09-28T15:34:11.215+0000] {processor.py:176} INFO - Processing /home/airflow/.local/lib/python3.7/site-packages/airflow/example_dags/example_latest_only_with_trigger.py took 0.139 seconds
[2024-09-28T15:34:41.761+0000] {processor.py:154} INFO - Started process (PID=38284) to work on /home/airflow/.local/lib/python3.7/site-packages/airflow/example_dags/example_latest_only_with_trigger.py
[2024-09-28T15:34:41.764+0000] {processor.py:756} INFO - Processing file /home/airflow/.local/lib/python3.7/site-packages/airflow/example_dags/example_latest_only_with_trigger.py for tasks to queue
[2024-09-28T15:34:41.765+0000] {logging_mixin.py:120} INFO - [2024-09-28T15:34:41.764+0000] {dagbag.py:537} INFO - Filling up the DagBag from /home/airflow/.local/lib/python3.7/site-packages/airflow/example_dags/example_latest_only_with_trigger.py
[2024-09-28T15:34:41.784+0000] {processor.py:766} INFO - DAG(s) dict_keys(['latest_only_with_trigger']) retrieved from /home/airflow/.local/lib/python3.7/site-packages/airflow/example_dags/example_latest_only_with_trigger.py
[2024-09-28T15:34:41.836+0000] {logging_mixin.py:120} INFO - [2024-09-28T15:34:41.836+0000] {dag.py:2585} INFO - Sync 1 DAGs
[2024-09-28T15:34:41.868+0000] {logging_mixin.py:120} INFO - [2024-09-28T15:34:41.868+0000] {dag.py:3340} INFO - Setting next_dagrun for latest_only_with_trigger to 2024-09-28T11:34:41.867842+00:00, run_after=2024-09-28T15:34:41.867842+00:00
[2024-09-28T15:34:41.894+0000] {processor.py:176} INFO - Processing /home/airflow/.local/lib/python3.7/site-packages/airflow/example_dags/example_latest_only_with_trigger.py took 0.137 seconds
[2024-09-28T15:35:12.537+0000] {processor.py:154} INFO - Started process (PID=38346) to work on /home/airflow/.local/lib/python3.7/site-packages/airflow/example_dags/example_latest_only_with_trigger.py
[2024-09-28T15:35:12.540+0000] {processor.py:756} INFO - Processing file /home/airflow/.local/lib/python3.7/site-packages/airflow/example_dags/example_latest_only_with_trigger.py for tasks to queue
[2024-09-28T15:35:12.542+0000] {logging_mixin.py:120} INFO - [2024-09-28T15:35:12.542+0000] {dagbag.py:537} INFO - Filling up the DagBag from /home/airflow/.local/lib/python3.7/site-packages/airflow/example_dags/example_latest_only_with_trigger.py
[2024-09-28T15:35:12.564+0000] {processor.py:766} INFO - DAG(s) dict_keys(['latest_only_with_trigger']) retrieved from /home/airflow/.local/lib/python3.7/site-packages/airflow/example_dags/example_latest_only_with_trigger.py
[2024-09-28T15:35:12.637+0000] {logging_mixin.py:120} INFO - [2024-09-28T15:35:12.637+0000] {dag.py:2585} INFO - Sync 1 DAGs
[2024-09-28T15:35:12.668+0000] {logging_mixin.py:120} INFO - [2024-09-28T15:35:12.668+0000] {dag.py:3340} INFO - Setting next_dagrun for latest_only_with_trigger to 2024-09-28T11:35:12.667947+00:00, run_after=2024-09-28T15:35:12.667947+00:00
[2024-09-28T15:35:12.694+0000] {processor.py:176} INFO - Processing /home/airflow/.local/lib/python3.7/site-packages/airflow/example_dags/example_latest_only_with_trigger.py took 0.162 seconds
[2024-09-28T15:35:43.351+0000] {processor.py:154} INFO - Started process (PID=38418) to work on /home/airflow/.local/lib/python3.7/site-packages/airflow/example_dags/example_latest_only_with_trigger.py
[2024-09-28T15:35:43.354+0000] {processor.py:756} INFO - Processing file /home/airflow/.local/lib/python3.7/site-packages/airflow/example_dags/example_latest_only_with_trigger.py for tasks to queue
[2024-09-28T15:35:43.355+0000] {logging_mixin.py:120} INFO - [2024-09-28T15:35:43.355+0000] {dagbag.py:537} INFO - Filling up the DagBag from /home/airflow/.local/lib/python3.7/site-packages/airflow/example_dags/example_latest_only_with_trigger.py
[2024-09-28T15:35:43.380+0000] {processor.py:766} INFO - DAG(s) dict_keys(['latest_only_with_trigger']) retrieved from /home/airflow/.local/lib/python3.7/site-packages/airflow/example_dags/example_latest_only_with_trigger.py
[2024-09-28T15:35:43.437+0000] {logging_mixin.py:120} INFO - [2024-09-28T15:35:43.437+0000] {dag.py:2585} INFO - Sync 1 DAGs
[2024-09-28T15:35:43.471+0000] {logging_mixin.py:120} INFO - [2024-09-28T15:35:43.471+0000] {dag.py:3340} INFO - Setting next_dagrun for latest_only_with_trigger to 2024-09-28T11:35:43.471056+00:00, run_after=2024-09-28T15:35:43.471056+00:00
[2024-09-28T15:35:43.499+0000] {processor.py:176} INFO - Processing /home/airflow/.local/lib/python3.7/site-packages/airflow/example_dags/example_latest_only_with_trigger.py took 0.153 seconds
[2024-09-28T15:36:13.917+0000] {processor.py:154} INFO - Started process (PID=38490) to work on /home/airflow/.local/lib/python3.7/site-packages/airflow/example_dags/example_latest_only_with_trigger.py
[2024-09-28T15:36:13.920+0000] {processor.py:756} INFO - Processing file /home/airflow/.local/lib/python3.7/site-packages/airflow/example_dags/example_latest_only_with_trigger.py for tasks to queue
[2024-09-28T15:36:13.922+0000] {logging_mixin.py:120} INFO - [2024-09-28T15:36:13.921+0000] {dagbag.py:537} INFO - Filling up the DagBag from /home/airflow/.local/lib/python3.7/site-packages/airflow/example_dags/example_latest_only_with_trigger.py
[2024-09-28T15:36:13.946+0000] {processor.py:766} INFO - DAG(s) dict_keys(['latest_only_with_trigger']) retrieved from /home/airflow/.local/lib/python3.7/site-packages/airflow/example_dags/example_latest_only_with_trigger.py
[2024-09-28T15:36:13.998+0000] {logging_mixin.py:120} INFO - [2024-09-28T15:36:13.998+0000] {dag.py:2585} INFO - Sync 1 DAGs
[2024-09-28T15:36:14.032+0000] {logging_mixin.py:120} INFO - [2024-09-28T15:36:14.032+0000] {dag.py:3340} INFO - Setting next_dagrun for latest_only_with_trigger to 2024-09-28T11:36:14.032024+00:00, run_after=2024-09-28T15:36:14.032024+00:00
[2024-09-28T15:36:14.058+0000] {processor.py:176} INFO - Processing /home/airflow/.local/lib/python3.7/site-packages/airflow/example_dags/example_latest_only_with_trigger.py took 0.145 seconds
[2024-09-28T15:36:44.761+0000] {processor.py:154} INFO - Started process (PID=38553) to work on /home/airflow/.local/lib/python3.7/site-packages/airflow/example_dags/example_latest_only_with_trigger.py
[2024-09-28T15:36:44.764+0000] {processor.py:756} INFO - Processing file /home/airflow/.local/lib/python3.7/site-packages/airflow/example_dags/example_latest_only_with_trigger.py for tasks to queue
[2024-09-28T15:36:44.765+0000] {logging_mixin.py:120} INFO - [2024-09-28T15:36:44.764+0000] {dagbag.py:537} INFO - Filling up the DagBag from /home/airflow/.local/lib/python3.7/site-packages/airflow/example_dags/example_latest_only_with_trigger.py
[2024-09-28T15:36:44.783+0000] {processor.py:766} INFO - DAG(s) dict_keys(['latest_only_with_trigger']) retrieved from /home/airflow/.local/lib/python3.7/site-packages/airflow/example_dags/example_latest_only_with_trigger.py
[2024-09-28T15:36:44.833+0000] {logging_mixin.py:120} INFO - [2024-09-28T15:36:44.833+0000] {dag.py:2585} INFO - Sync 1 DAGs
[2024-09-28T15:36:44.867+0000] {logging_mixin.py:120} INFO - [2024-09-28T15:36:44.867+0000] {dag.py:3340} INFO - Setting next_dagrun for latest_only_with_trigger to 2024-09-28T11:36:44.867160+00:00, run_after=2024-09-28T15:36:44.867160+00:00
[2024-09-28T15:36:44.892+0000] {processor.py:176} INFO - Processing /home/airflow/.local/lib/python3.7/site-packages/airflow/example_dags/example_latest_only_with_trigger.py took 0.135 seconds
[2024-09-28T15:37:15.542+0000] {processor.py:154} INFO - Started process (PID=38625) to work on /home/airflow/.local/lib/python3.7/site-packages/airflow/example_dags/example_latest_only_with_trigger.py
[2024-09-28T15:37:15.545+0000] {processor.py:756} INFO - Processing file /home/airflow/.local/lib/python3.7/site-packages/airflow/example_dags/example_latest_only_with_trigger.py for tasks to queue
[2024-09-28T15:37:15.546+0000] {logging_mixin.py:120} INFO - [2024-09-28T15:37:15.546+0000] {dagbag.py:537} INFO - Filling up the DagBag from /home/airflow/.local/lib/python3.7/site-packages/airflow/example_dags/example_latest_only_with_trigger.py
[2024-09-28T15:37:15.566+0000] {processor.py:766} INFO - DAG(s) dict_keys(['latest_only_with_trigger']) retrieved from /home/airflow/.local/lib/python3.7/site-packages/airflow/example_dags/example_latest_only_with_trigger.py
[2024-09-28T15:37:15.621+0000] {logging_mixin.py:120} INFO - [2024-09-28T15:37:15.620+0000] {dag.py:2585} INFO - Sync 1 DAGs
[2024-09-28T15:37:15.653+0000] {logging_mixin.py:120} INFO - [2024-09-28T15:37:15.652+0000] {dag.py:3340} INFO - Setting next_dagrun for latest_only_with_trigger to 2024-09-28T11:37:15.652480+00:00, run_after=2024-09-28T15:37:15.652480+00:00
[2024-09-28T15:37:15.678+0000] {processor.py:176} INFO - Processing /home/airflow/.local/lib/python3.7/site-packages/airflow/example_dags/example_latest_only_with_trigger.py took 0.140 seconds
[2024-09-28T15:37:46.516+0000] {processor.py:154} INFO - Started process (PID=38697) to work on /home/airflow/.local/lib/python3.7/site-packages/airflow/example_dags/example_latest_only_with_trigger.py
[2024-09-28T15:37:46.518+0000] {processor.py:756} INFO - Processing file /home/airflow/.local/lib/python3.7/site-packages/airflow/example_dags/example_latest_only_with_trigger.py for tasks to queue
[2024-09-28T15:37:46.519+0000] {logging_mixin.py:120} INFO - [2024-09-28T15:37:46.519+0000] {dagbag.py:537} INFO - Filling up the DagBag from /home/airflow/.local/lib/python3.7/site-packages/airflow/example_dags/example_latest_only_with_trigger.py
[2024-09-28T15:37:46.539+0000] {processor.py:766} INFO - DAG(s) dict_keys(['latest_only_with_trigger']) retrieved from /home/airflow/.local/lib/python3.7/site-packages/airflow/example_dags/example_latest_only_with_trigger.py
[2024-09-28T15:37:46.589+0000] {logging_mixin.py:120} INFO - [2024-09-28T15:37:46.589+0000] {dag.py:2585} INFO - Sync 1 DAGs
[2024-09-28T15:37:46.624+0000] {logging_mixin.py:120} INFO - [2024-09-28T15:37:46.624+0000] {dag.py:3340} INFO - Setting next_dagrun for latest_only_with_trigger to 2024-09-28T11:37:46.623793+00:00, run_after=2024-09-28T15:37:46.623793+00:00
[2024-09-28T15:37:46.649+0000] {processor.py:176} INFO - Processing /home/airflow/.local/lib/python3.7/site-packages/airflow/example_dags/example_latest_only_with_trigger.py took 0.138 seconds
[2024-09-28T15:38:16.935+0000] {processor.py:154} INFO - Started process (PID=38760) to work on /home/airflow/.local/lib/python3.7/site-packages/airflow/example_dags/example_latest_only_with_trigger.py
[2024-09-28T15:38:16.939+0000] {processor.py:756} INFO - Processing file /home/airflow/.local/lib/python3.7/site-packages/airflow/example_dags/example_latest_only_with_trigger.py for tasks to queue
[2024-09-28T15:38:16.940+0000] {logging_mixin.py:120} INFO - [2024-09-28T15:38:16.940+0000] {dagbag.py:537} INFO - Filling up the DagBag from /home/airflow/.local/lib/python3.7/site-packages/airflow/example_dags/example_latest_only_with_trigger.py
[2024-09-28T15:38:16.963+0000] {processor.py:766} INFO - DAG(s) dict_keys(['latest_only_with_trigger']) retrieved from /home/airflow/.local/lib/python3.7/site-packages/airflow/example_dags/example_latest_only_with_trigger.py
[2024-09-28T15:38:17.018+0000] {logging_mixin.py:120} INFO - [2024-09-28T15:38:17.018+0000] {dag.py:2585} INFO - Sync 1 DAGs
[2024-09-28T15:38:17.051+0000] {logging_mixin.py:120} INFO - [2024-09-28T15:38:17.051+0000] {dag.py:3340} INFO - Setting next_dagrun for latest_only_with_trigger to 2024-09-28T11:38:17.050889+00:00, run_after=2024-09-28T15:38:17.050889+00:00
[2024-09-28T15:38:17.074+0000] {processor.py:176} INFO - Processing /home/airflow/.local/lib/python3.7/site-packages/airflow/example_dags/example_latest_only_with_trigger.py took 0.143 seconds
[2024-09-28T15:38:47.392+0000] {processor.py:154} INFO - Started process (PID=38831) to work on /home/airflow/.local/lib/python3.7/site-packages/airflow/example_dags/example_latest_only_with_trigger.py
[2024-09-28T15:38:47.395+0000] {processor.py:756} INFO - Processing file /home/airflow/.local/lib/python3.7/site-packages/airflow/example_dags/example_latest_only_with_trigger.py for tasks to queue
[2024-09-28T15:38:47.397+0000] {logging_mixin.py:120} INFO - [2024-09-28T15:38:47.397+0000] {dagbag.py:537} INFO - Filling up the DagBag from /home/airflow/.local/lib/python3.7/site-packages/airflow/example_dags/example_latest_only_with_trigger.py
[2024-09-28T15:38:47.420+0000] {processor.py:766} INFO - DAG(s) dict_keys(['latest_only_with_trigger']) retrieved from /home/airflow/.local/lib/python3.7/site-packages/airflow/example_dags/example_latest_only_with_trigger.py
[2024-09-28T15:38:47.479+0000] {logging_mixin.py:120} INFO - [2024-09-28T15:38:47.479+0000] {dag.py:2585} INFO - Sync 1 DAGs
[2024-09-28T15:38:47.513+0000] {logging_mixin.py:120} INFO - [2024-09-28T15:38:47.512+0000] {dag.py:3340} INFO - Setting next_dagrun for latest_only_with_trigger to 2024-09-28T11:38:47.512566+00:00, run_after=2024-09-28T15:38:47.512566+00:00
[2024-09-28T15:38:47.538+0000] {processor.py:176} INFO - Processing /home/airflow/.local/lib/python3.7/site-packages/airflow/example_dags/example_latest_only_with_trigger.py took 0.151 seconds
[2024-09-28T15:39:18.441+0000] {processor.py:154} INFO - Started process (PID=38902) to work on /home/airflow/.local/lib/python3.7/site-packages/airflow/example_dags/example_latest_only_with_trigger.py
[2024-09-28T15:39:18.445+0000] {processor.py:756} INFO - Processing file /home/airflow/.local/lib/python3.7/site-packages/airflow/example_dags/example_latest_only_with_trigger.py for tasks to queue
[2024-09-28T15:39:18.448+0000] {logging_mixin.py:120} INFO - [2024-09-28T15:39:18.448+0000] {dagbag.py:537} INFO - Filling up the DagBag from /home/airflow/.local/lib/python3.7/site-packages/airflow/example_dags/example_latest_only_with_trigger.py
[2024-09-28T15:39:18.477+0000] {processor.py:766} INFO - DAG(s) dict_keys(['latest_only_with_trigger']) retrieved from /home/airflow/.local/lib/python3.7/site-packages/airflow/example_dags/example_latest_only_with_trigger.py
[2024-09-28T15:39:18.585+0000] {logging_mixin.py:120} INFO - [2024-09-28T15:39:18.585+0000] {dag.py:2585} INFO - Sync 1 DAGs
[2024-09-28T15:39:18.645+0000] {logging_mixin.py:120} INFO - [2024-09-28T15:39:18.645+0000] {dag.py:3340} INFO - Setting next_dagrun for latest_only_with_trigger to 2024-09-28T11:39:18.644880+00:00, run_after=2024-09-28T15:39:18.644880+00:00
[2024-09-28T15:39:18.688+0000] {processor.py:176} INFO - Processing /home/airflow/.local/lib/python3.7/site-packages/airflow/example_dags/example_latest_only_with_trigger.py took 0.255 seconds
[2024-09-28T15:39:49.426+0000] {processor.py:154} INFO - Started process (PID=38965) to work on /home/airflow/.local/lib/python3.7/site-packages/airflow/example_dags/example_latest_only_with_trigger.py
[2024-09-28T15:39:49.430+0000] {processor.py:756} INFO - Processing file /home/airflow/.local/lib/python3.7/site-packages/airflow/example_dags/example_latest_only_with_trigger.py for tasks to queue
[2024-09-28T15:39:49.431+0000] {logging_mixin.py:120} INFO - [2024-09-28T15:39:49.431+0000] {dagbag.py:537} INFO - Filling up the DagBag from /home/airflow/.local/lib/python3.7/site-packages/airflow/example_dags/example_latest_only_with_trigger.py
[2024-09-28T15:39:49.454+0000] {processor.py:766} INFO - DAG(s) dict_keys(['latest_only_with_trigger']) retrieved from /home/airflow/.local/lib/python3.7/site-packages/airflow/example_dags/example_latest_only_with_trigger.py
[2024-09-28T15:39:49.509+0000] {logging_mixin.py:120} INFO - [2024-09-28T15:39:49.509+0000] {dag.py:2585} INFO - Sync 1 DAGs
[2024-09-28T15:39:49.540+0000] {logging_mixin.py:120} INFO - [2024-09-28T15:39:49.540+0000] {dag.py:3340} INFO - Setting next_dagrun for latest_only_with_trigger to 2024-09-28T11:39:49.540347+00:00, run_after=2024-09-28T15:39:49.540347+00:00
[2024-09-28T15:39:49.568+0000] {processor.py:176} INFO - Processing /home/airflow/.local/lib/python3.7/site-packages/airflow/example_dags/example_latest_only_with_trigger.py took 0.146 seconds
[2024-09-28T15:40:19.960+0000] {processor.py:154} INFO - Started process (PID=39037) to work on /home/airflow/.local/lib/python3.7/site-packages/airflow/example_dags/example_latest_only_with_trigger.py
[2024-09-28T15:40:19.962+0000] {processor.py:756} INFO - Processing file /home/airflow/.local/lib/python3.7/site-packages/airflow/example_dags/example_latest_only_with_trigger.py for tasks to queue
[2024-09-28T15:40:19.963+0000] {logging_mixin.py:120} INFO - [2024-09-28T15:40:19.963+0000] {dagbag.py:537} INFO - Filling up the DagBag from /home/airflow/.local/lib/python3.7/site-packages/airflow/example_dags/example_latest_only_with_trigger.py
[2024-09-28T15:40:19.986+0000] {processor.py:766} INFO - DAG(s) dict_keys(['latest_only_with_trigger']) retrieved from /home/airflow/.local/lib/python3.7/site-packages/airflow/example_dags/example_latest_only_with_trigger.py
[2024-09-28T15:40:20.047+0000] {logging_mixin.py:120} INFO - [2024-09-28T15:40:20.047+0000] {dag.py:2585} INFO - Sync 1 DAGs
[2024-09-28T15:40:20.083+0000] {logging_mixin.py:120} INFO - [2024-09-28T15:40:20.083+0000] {dag.py:3340} INFO - Setting next_dagrun for latest_only_with_trigger to 2024-09-28T11:40:20.082946+00:00, run_after=2024-09-28T15:40:20.082946+00:00
[2024-09-28T15:40:20.110+0000] {processor.py:176} INFO - Processing /home/airflow/.local/lib/python3.7/site-packages/airflow/example_dags/example_latest_only_with_trigger.py took 0.155 seconds
[2024-09-28T15:40:50.842+0000] {processor.py:154} INFO - Started process (PID=39107) to work on /home/airflow/.local/lib/python3.7/site-packages/airflow/example_dags/example_latest_only_with_trigger.py
[2024-09-28T15:40:50.846+0000] {processor.py:756} INFO - Processing file /home/airflow/.local/lib/python3.7/site-packages/airflow/example_dags/example_latest_only_with_trigger.py for tasks to queue
[2024-09-28T15:40:50.847+0000] {logging_mixin.py:120} INFO - [2024-09-28T15:40:50.847+0000] {dagbag.py:537} INFO - Filling up the DagBag from /home/airflow/.local/lib/python3.7/site-packages/airflow/example_dags/example_latest_only_with_trigger.py
[2024-09-28T15:40:50.875+0000] {processor.py:766} INFO - DAG(s) dict_keys(['latest_only_with_trigger']) retrieved from /home/airflow/.local/lib/python3.7/site-packages/airflow/example_dags/example_latest_only_with_trigger.py
[2024-09-28T15:40:50.947+0000] {logging_mixin.py:120} INFO - [2024-09-28T15:40:50.947+0000] {dag.py:2585} INFO - Sync 1 DAGs
[2024-09-28T15:40:50.991+0000] {logging_mixin.py:120} INFO - [2024-09-28T15:40:50.991+0000] {dag.py:3340} INFO - Setting next_dagrun for latest_only_with_trigger to 2024-09-28T11:40:50.990815+00:00, run_after=2024-09-28T15:40:50.990815+00:00
[2024-09-28T15:40:51.033+0000] {processor.py:176} INFO - Processing /home/airflow/.local/lib/python3.7/site-packages/airflow/example_dags/example_latest_only_with_trigger.py took 0.197 seconds
[2024-09-28T15:41:21.476+0000] {processor.py:154} INFO - Started process (PID=39172) to work on /home/airflow/.local/lib/python3.7/site-packages/airflow/example_dags/example_latest_only_with_trigger.py
[2024-09-28T15:41:21.479+0000] {processor.py:756} INFO - Processing file /home/airflow/.local/lib/python3.7/site-packages/airflow/example_dags/example_latest_only_with_trigger.py for tasks to queue
[2024-09-28T15:41:21.480+0000] {logging_mixin.py:120} INFO - [2024-09-28T15:41:21.480+0000] {dagbag.py:537} INFO - Filling up the DagBag from /home/airflow/.local/lib/python3.7/site-packages/airflow/example_dags/example_latest_only_with_trigger.py
[2024-09-28T15:41:21.507+0000] {processor.py:766} INFO - DAG(s) dict_keys(['latest_only_with_trigger']) retrieved from /home/airflow/.local/lib/python3.7/site-packages/airflow/example_dags/example_latest_only_with_trigger.py
[2024-09-28T15:41:21.572+0000] {logging_mixin.py:120} INFO - [2024-09-28T15:41:21.572+0000] {dag.py:2585} INFO - Sync 1 DAGs
[2024-09-28T15:41:21.612+0000] {logging_mixin.py:120} INFO - [2024-09-28T15:41:21.611+0000] {dag.py:3340} INFO - Setting next_dagrun for latest_only_with_trigger to 2024-09-28T11:41:21.611538+00:00, run_after=2024-09-28T15:41:21.611538+00:00
[2024-09-28T15:41:21.647+0000] {processor.py:176} INFO - Processing /home/airflow/.local/lib/python3.7/site-packages/airflow/example_dags/example_latest_only_with_trigger.py took 0.176 seconds
[2024-09-28T15:41:51.790+0000] {processor.py:154} INFO - Started process (PID=39244) to work on /home/airflow/.local/lib/python3.7/site-packages/airflow/example_dags/example_latest_only_with_trigger.py
[2024-09-28T15:41:51.793+0000] {processor.py:756} INFO - Processing file /home/airflow/.local/lib/python3.7/site-packages/airflow/example_dags/example_latest_only_with_trigger.py for tasks to queue
[2024-09-28T15:41:51.794+0000] {logging_mixin.py:120} INFO - [2024-09-28T15:41:51.794+0000] {dagbag.py:537} INFO - Filling up the DagBag from /home/airflow/.local/lib/python3.7/site-packages/airflow/example_dags/example_latest_only_with_trigger.py
[2024-09-28T15:41:51.817+0000] {processor.py:766} INFO - DAG(s) dict_keys(['latest_only_with_trigger']) retrieved from /home/airflow/.local/lib/python3.7/site-packages/airflow/example_dags/example_latest_only_with_trigger.py
[2024-09-28T15:41:51.876+0000] {logging_mixin.py:120} INFO - [2024-09-28T15:41:51.876+0000] {dag.py:2585} INFO - Sync 1 DAGs
[2024-09-28T15:41:51.912+0000] {logging_mixin.py:120} INFO - [2024-09-28T15:41:51.911+0000] {dag.py:3340} INFO - Setting next_dagrun for latest_only_with_trigger to 2024-09-28T11:41:51.911663+00:00, run_after=2024-09-28T15:41:51.911663+00:00
[2024-09-28T15:41:51.940+0000] {processor.py:176} INFO - Processing /home/airflow/.local/lib/python3.7/site-packages/airflow/example_dags/example_latest_only_with_trigger.py took 0.156 seconds
[2024-09-28T15:42:22.262+0000] {processor.py:154} INFO - Started process (PID=39305) to work on /home/airflow/.local/lib/python3.7/site-packages/airflow/example_dags/example_latest_only_with_trigger.py
[2024-09-28T15:42:22.265+0000] {processor.py:756} INFO - Processing file /home/airflow/.local/lib/python3.7/site-packages/airflow/example_dags/example_latest_only_with_trigger.py for tasks to queue
[2024-09-28T15:42:22.266+0000] {logging_mixin.py:120} INFO - [2024-09-28T15:42:22.266+0000] {dagbag.py:537} INFO - Filling up the DagBag from /home/airflow/.local/lib/python3.7/site-packages/airflow/example_dags/example_latest_only_with_trigger.py
[2024-09-28T15:42:22.293+0000] {processor.py:766} INFO - DAG(s) dict_keys(['latest_only_with_trigger']) retrieved from /home/airflow/.local/lib/python3.7/site-packages/airflow/example_dags/example_latest_only_with_trigger.py
[2024-09-28T15:42:22.357+0000] {logging_mixin.py:120} INFO - [2024-09-28T15:42:22.356+0000] {dag.py:2585} INFO - Sync 1 DAGs
[2024-09-28T15:42:22.397+0000] {logging_mixin.py:120} INFO - [2024-09-28T15:42:22.397+0000] {dag.py:3340} INFO - Setting next_dagrun for latest_only_with_trigger to 2024-09-28T11:42:22.396971+00:00, run_after=2024-09-28T15:42:22.396971+00:00
[2024-09-28T15:42:22.430+0000] {processor.py:176} INFO - Processing /home/airflow/.local/lib/python3.7/site-packages/airflow/example_dags/example_latest_only_with_trigger.py took 0.174 seconds
[2024-09-28T15:42:52.969+0000] {processor.py:154} INFO - Started process (PID=39377) to work on /home/airflow/.local/lib/python3.7/site-packages/airflow/example_dags/example_latest_only_with_trigger.py
[2024-09-28T15:42:52.972+0000] {processor.py:756} INFO - Processing file /home/airflow/.local/lib/python3.7/site-packages/airflow/example_dags/example_latest_only_with_trigger.py for tasks to queue
[2024-09-28T15:42:52.974+0000] {logging_mixin.py:120} INFO - [2024-09-28T15:42:52.974+0000] {dagbag.py:537} INFO - Filling up the DagBag from /home/airflow/.local/lib/python3.7/site-packages/airflow/example_dags/example_latest_only_with_trigger.py
[2024-09-28T15:42:53.005+0000] {processor.py:766} INFO - DAG(s) dict_keys(['latest_only_with_trigger']) retrieved from /home/airflow/.local/lib/python3.7/site-packages/airflow/example_dags/example_latest_only_with_trigger.py
[2024-09-28T15:42:53.074+0000] {logging_mixin.py:120} INFO - [2024-09-28T15:42:53.073+0000] {dag.py:2585} INFO - Sync 1 DAGs
[2024-09-28T15:42:53.115+0000] {logging_mixin.py:120} INFO - [2024-09-28T15:42:53.115+0000] {dag.py:3340} INFO - Setting next_dagrun for latest_only_with_trigger to 2024-09-28T11:42:53.114969+00:00, run_after=2024-09-28T15:42:53.114969+00:00
[2024-09-28T15:42:53.145+0000] {processor.py:176} INFO - Processing /home/airflow/.local/lib/python3.7/site-packages/airflow/example_dags/example_latest_only_with_trigger.py took 0.183 seconds
[2024-09-28T15:43:24.726+0000] {processor.py:154} INFO - Started process (PID=39451) to work on /home/airflow/.local/lib/python3.7/site-packages/airflow/example_dags/example_latest_only_with_trigger.py
[2024-09-28T15:43:24.731+0000] {processor.py:756} INFO - Processing file /home/airflow/.local/lib/python3.7/site-packages/airflow/example_dags/example_latest_only_with_trigger.py for tasks to queue
[2024-09-28T15:43:24.733+0000] {logging_mixin.py:120} INFO - [2024-09-28T15:43:24.733+0000] {dagbag.py:537} INFO - Filling up the DagBag from /home/airflow/.local/lib/python3.7/site-packages/airflow/example_dags/example_latest_only_with_trigger.py
[2024-09-28T15:43:24.763+0000] {processor.py:766} INFO - DAG(s) dict_keys(['latest_only_with_trigger']) retrieved from /home/airflow/.local/lib/python3.7/site-packages/airflow/example_dags/example_latest_only_with_trigger.py
[2024-09-28T15:43:24.831+0000] {logging_mixin.py:120} INFO - [2024-09-28T15:43:24.831+0000] {dag.py:2585} INFO - Sync 1 DAGs
[2024-09-28T15:43:24.880+0000] {logging_mixin.py:120} INFO - [2024-09-28T15:43:24.880+0000] {dag.py:3340} INFO - Setting next_dagrun for latest_only_with_trigger to 2024-09-28T11:43:24.879841+00:00, run_after=2024-09-28T15:43:24.879841+00:00
[2024-09-28T15:43:24.915+0000] {processor.py:176} INFO - Processing /home/airflow/.local/lib/python3.7/site-packages/airflow/example_dags/example_latest_only_with_trigger.py took 0.196 seconds
[2024-09-28T15:43:55.474+0000] {processor.py:154} INFO - Started process (PID=39512) to work on /home/airflow/.local/lib/python3.7/site-packages/airflow/example_dags/example_latest_only_with_trigger.py
[2024-09-28T15:43:55.477+0000] {processor.py:756} INFO - Processing file /home/airflow/.local/lib/python3.7/site-packages/airflow/example_dags/example_latest_only_with_trigger.py for tasks to queue
[2024-09-28T15:43:55.478+0000] {logging_mixin.py:120} INFO - [2024-09-28T15:43:55.478+0000] {dagbag.py:537} INFO - Filling up the DagBag from /home/airflow/.local/lib/python3.7/site-packages/airflow/example_dags/example_latest_only_with_trigger.py
[2024-09-28T15:43:55.508+0000] {processor.py:766} INFO - DAG(s) dict_keys(['latest_only_with_trigger']) retrieved from /home/airflow/.local/lib/python3.7/site-packages/airflow/example_dags/example_latest_only_with_trigger.py
[2024-09-28T15:43:55.577+0000] {logging_mixin.py:120} INFO - [2024-09-28T15:43:55.577+0000] {dag.py:2585} INFO - Sync 1 DAGs
[2024-09-28T15:43:55.665+0000] {logging_mixin.py:120} INFO - [2024-09-28T15:43:55.665+0000] {dag.py:3340} INFO - Setting next_dagrun for latest_only_with_trigger to 2024-09-28T11:43:55.665196+00:00, run_after=2024-09-28T15:43:55.665196+00:00
[2024-09-28T15:43:55.716+0000] {processor.py:176} INFO - Processing /home/airflow/.local/lib/python3.7/site-packages/airflow/example_dags/example_latest_only_with_trigger.py took 0.247 seconds
[2024-09-28T15:44:27.980+0000] {processor.py:154} INFO - Started process (PID=39584) to work on /home/airflow/.local/lib/python3.7/site-packages/airflow/example_dags/example_latest_only_with_trigger.py
[2024-09-28T15:44:27.985+0000] {processor.py:756} INFO - Processing file /home/airflow/.local/lib/python3.7/site-packages/airflow/example_dags/example_latest_only_with_trigger.py for tasks to queue
[2024-09-28T15:44:27.987+0000] {logging_mixin.py:120} INFO - [2024-09-28T15:44:27.987+0000] {dagbag.py:537} INFO - Filling up the DagBag from /home/airflow/.local/lib/python3.7/site-packages/airflow/example_dags/example_latest_only_with_trigger.py
[2024-09-28T15:44:28.025+0000] {processor.py:766} INFO - DAG(s) dict_keys(['latest_only_with_trigger']) retrieved from /home/airflow/.local/lib/python3.7/site-packages/airflow/example_dags/example_latest_only_with_trigger.py
[2024-09-28T15:44:28.179+0000] {logging_mixin.py:120} INFO - [2024-09-28T15:44:28.178+0000] {dag.py:2585} INFO - Sync 1 DAGs
[2024-09-28T15:44:28.256+0000] {logging_mixin.py:120} INFO - [2024-09-28T15:44:28.256+0000] {dag.py:3340} INFO - Setting next_dagrun for latest_only_with_trigger to 2024-09-28T11:44:28.255815+00:00, run_after=2024-09-28T15:44:28.255815+00:00
[2024-09-28T15:44:28.313+0000] {processor.py:176} INFO - Processing /home/airflow/.local/lib/python3.7/site-packages/airflow/example_dags/example_latest_only_with_trigger.py took 0.340 seconds
[2024-09-28T15:44:58.722+0000] {processor.py:154} INFO - Started process (PID=39646) to work on /home/airflow/.local/lib/python3.7/site-packages/airflow/example_dags/example_latest_only_with_trigger.py
[2024-09-28T15:44:58.728+0000] {processor.py:756} INFO - Processing file /home/airflow/.local/lib/python3.7/site-packages/airflow/example_dags/example_latest_only_with_trigger.py for tasks to queue
[2024-09-28T15:44:58.729+0000] {logging_mixin.py:120} INFO - [2024-09-28T15:44:58.729+0000] {dagbag.py:537} INFO - Filling up the DagBag from /home/airflow/.local/lib/python3.7/site-packages/airflow/example_dags/example_latest_only_with_trigger.py
[2024-09-28T15:44:58.755+0000] {processor.py:766} INFO - DAG(s) dict_keys(['latest_only_with_trigger']) retrieved from /home/airflow/.local/lib/python3.7/site-packages/airflow/example_dags/example_latest_only_with_trigger.py
[2024-09-28T15:44:58.813+0000] {logging_mixin.py:120} INFO - [2024-09-28T15:44:58.812+0000] {dag.py:2585} INFO - Sync 1 DAGs
[2024-09-28T15:44:58.846+0000] {logging_mixin.py:120} INFO - [2024-09-28T15:44:58.846+0000] {dag.py:3340} INFO - Setting next_dagrun for latest_only_with_trigger to 2024-09-28T11:44:58.845679+00:00, run_after=2024-09-28T15:44:58.845679+00:00
[2024-09-28T15:44:58.876+0000] {processor.py:176} INFO - Processing /home/airflow/.local/lib/python3.7/site-packages/airflow/example_dags/example_latest_only_with_trigger.py took 0.158 seconds
[2024-09-28T15:45:29.973+0000] {processor.py:154} INFO - Started process (PID=39717) to work on /home/airflow/.local/lib/python3.7/site-packages/airflow/example_dags/example_latest_only_with_trigger.py
[2024-09-28T15:45:29.976+0000] {processor.py:756} INFO - Processing file /home/airflow/.local/lib/python3.7/site-packages/airflow/example_dags/example_latest_only_with_trigger.py for tasks to queue
[2024-09-28T15:45:29.978+0000] {logging_mixin.py:120} INFO - [2024-09-28T15:45:29.977+0000] {dagbag.py:537} INFO - Filling up the DagBag from /home/airflow/.local/lib/python3.7/site-packages/airflow/example_dags/example_latest_only_with_trigger.py
[2024-09-28T15:45:29.998+0000] {processor.py:766} INFO - DAG(s) dict_keys(['latest_only_with_trigger']) retrieved from /home/airflow/.local/lib/python3.7/site-packages/airflow/example_dags/example_latest_only_with_trigger.py
[2024-09-28T15:45:30.054+0000] {logging_mixin.py:120} INFO - [2024-09-28T15:45:30.054+0000] {dag.py:2585} INFO - Sync 1 DAGs
[2024-09-28T15:45:30.093+0000] {logging_mixin.py:120} INFO - [2024-09-28T15:45:30.093+0000] {dag.py:3340} INFO - Setting next_dagrun for latest_only_with_trigger to 2024-09-28T11:45:30.092988+00:00, run_after=2024-09-28T15:45:30.092988+00:00
[2024-09-28T15:45:30.122+0000] {processor.py:176} INFO - Processing /home/airflow/.local/lib/python3.7/site-packages/airflow/example_dags/example_latest_only_with_trigger.py took 0.153 seconds
[2024-09-28T15:46:00.659+0000] {processor.py:154} INFO - Started process (PID=39780) to work on /home/airflow/.local/lib/python3.7/site-packages/airflow/example_dags/example_latest_only_with_trigger.py
[2024-09-28T15:46:00.663+0000] {processor.py:756} INFO - Processing file /home/airflow/.local/lib/python3.7/site-packages/airflow/example_dags/example_latest_only_with_trigger.py for tasks to queue
[2024-09-28T15:46:00.665+0000] {logging_mixin.py:120} INFO - [2024-09-28T15:46:00.665+0000] {dagbag.py:537} INFO - Filling up the DagBag from /home/airflow/.local/lib/python3.7/site-packages/airflow/example_dags/example_latest_only_with_trigger.py
[2024-09-28T15:46:00.688+0000] {processor.py:766} INFO - DAG(s) dict_keys(['latest_only_with_trigger']) retrieved from /home/airflow/.local/lib/python3.7/site-packages/airflow/example_dags/example_latest_only_with_trigger.py
[2024-09-28T15:46:00.743+0000] {logging_mixin.py:120} INFO - [2024-09-28T15:46:00.743+0000] {dag.py:2585} INFO - Sync 1 DAGs
[2024-09-28T15:46:00.775+0000] {logging_mixin.py:120} INFO - [2024-09-28T15:46:00.775+0000] {dag.py:3340} INFO - Setting next_dagrun for latest_only_with_trigger to 2024-09-28T11:46:00.774694+00:00, run_after=2024-09-28T15:46:00.774694+00:00
[2024-09-28T15:46:00.801+0000] {processor.py:176} INFO - Processing /home/airflow/.local/lib/python3.7/site-packages/airflow/example_dags/example_latest_only_with_trigger.py took 0.148 seconds
[2024-09-28T15:46:31.644+0000] {processor.py:154} INFO - Started process (PID=39852) to work on /home/airflow/.local/lib/python3.7/site-packages/airflow/example_dags/example_latest_only_with_trigger.py
[2024-09-28T15:46:31.647+0000] {processor.py:756} INFO - Processing file /home/airflow/.local/lib/python3.7/site-packages/airflow/example_dags/example_latest_only_with_trigger.py for tasks to queue
[2024-09-28T15:46:31.648+0000] {logging_mixin.py:120} INFO - [2024-09-28T15:46:31.648+0000] {dagbag.py:537} INFO - Filling up the DagBag from /home/airflow/.local/lib/python3.7/site-packages/airflow/example_dags/example_latest_only_with_trigger.py
[2024-09-28T15:46:31.668+0000] {processor.py:766} INFO - DAG(s) dict_keys(['latest_only_with_trigger']) retrieved from /home/airflow/.local/lib/python3.7/site-packages/airflow/example_dags/example_latest_only_with_trigger.py
[2024-09-28T15:46:31.721+0000] {logging_mixin.py:120} INFO - [2024-09-28T15:46:31.721+0000] {dag.py:2585} INFO - Sync 1 DAGs
[2024-09-28T15:46:31.754+0000] {logging_mixin.py:120} INFO - [2024-09-28T15:46:31.753+0000] {dag.py:3340} INFO - Setting next_dagrun for latest_only_with_trigger to 2024-09-28T11:46:31.753576+00:00, run_after=2024-09-28T15:46:31.753576+00:00
[2024-09-28T15:46:31.778+0000] {processor.py:176} INFO - Processing /home/airflow/.local/lib/python3.7/site-packages/airflow/example_dags/example_latest_only_with_trigger.py took 0.138 seconds
[2024-09-28T15:47:02.074+0000] {processor.py:154} INFO - Started process (PID=39924) to work on /home/airflow/.local/lib/python3.7/site-packages/airflow/example_dags/example_latest_only_with_trigger.py
[2024-09-28T15:47:02.076+0000] {processor.py:756} INFO - Processing file /home/airflow/.local/lib/python3.7/site-packages/airflow/example_dags/example_latest_only_with_trigger.py for tasks to queue
[2024-09-28T15:47:02.077+0000] {logging_mixin.py:120} INFO - [2024-09-28T15:47:02.077+0000] {dagbag.py:537} INFO - Filling up the DagBag from /home/airflow/.local/lib/python3.7/site-packages/airflow/example_dags/example_latest_only_with_trigger.py
[2024-09-28T15:47:02.096+0000] {processor.py:766} INFO - DAG(s) dict_keys(['latest_only_with_trigger']) retrieved from /home/airflow/.local/lib/python3.7/site-packages/airflow/example_dags/example_latest_only_with_trigger.py
[2024-09-28T15:47:02.150+0000] {logging_mixin.py:120} INFO - [2024-09-28T15:47:02.150+0000] {dag.py:2585} INFO - Sync 1 DAGs
[2024-09-28T15:47:02.179+0000] {logging_mixin.py:120} INFO - [2024-09-28T15:47:02.179+0000] {dag.py:3340} INFO - Setting next_dagrun for latest_only_with_trigger to 2024-09-28T11:47:02.179022+00:00, run_after=2024-09-28T15:47:02.179022+00:00
[2024-09-28T15:47:02.202+0000] {processor.py:176} INFO - Processing /home/airflow/.local/lib/python3.7/site-packages/airflow/example_dags/example_latest_only_with_trigger.py took 0.131 seconds
[2024-09-28T15:47:32.536+0000] {processor.py:154} INFO - Started process (PID=39986) to work on /home/airflow/.local/lib/python3.7/site-packages/airflow/example_dags/example_latest_only_with_trigger.py
[2024-09-28T15:47:32.539+0000] {processor.py:756} INFO - Processing file /home/airflow/.local/lib/python3.7/site-packages/airflow/example_dags/example_latest_only_with_trigger.py for tasks to queue
[2024-09-28T15:47:32.539+0000] {logging_mixin.py:120} INFO - [2024-09-28T15:47:32.539+0000] {dagbag.py:537} INFO - Filling up the DagBag from /home/airflow/.local/lib/python3.7/site-packages/airflow/example_dags/example_latest_only_with_trigger.py
[2024-09-28T15:47:32.563+0000] {processor.py:766} INFO - DAG(s) dict_keys(['latest_only_with_trigger']) retrieved from /home/airflow/.local/lib/python3.7/site-packages/airflow/example_dags/example_latest_only_with_trigger.py
[2024-09-28T15:47:32.618+0000] {logging_mixin.py:120} INFO - [2024-09-28T15:47:32.618+0000] {dag.py:2585} INFO - Sync 1 DAGs
[2024-09-28T15:47:32.651+0000] {logging_mixin.py:120} INFO - [2024-09-28T15:47:32.650+0000] {dag.py:3340} INFO - Setting next_dagrun for latest_only_with_trigger to 2024-09-28T11:47:32.650694+00:00, run_after=2024-09-28T15:47:32.650694+00:00
[2024-09-28T15:47:32.679+0000] {processor.py:176} INFO - Processing /home/airflow/.local/lib/python3.7/site-packages/airflow/example_dags/example_latest_only_with_trigger.py took 0.147 seconds
[2024-09-28T15:48:03.115+0000] {processor.py:154} INFO - Started process (PID=40058) to work on /home/airflow/.local/lib/python3.7/site-packages/airflow/example_dags/example_latest_only_with_trigger.py
[2024-09-28T15:48:03.119+0000] {processor.py:756} INFO - Processing file /home/airflow/.local/lib/python3.7/site-packages/airflow/example_dags/example_latest_only_with_trigger.py for tasks to queue
[2024-09-28T15:48:03.120+0000] {logging_mixin.py:120} INFO - [2024-09-28T15:48:03.120+0000] {dagbag.py:537} INFO - Filling up the DagBag from /home/airflow/.local/lib/python3.7/site-packages/airflow/example_dags/example_latest_only_with_trigger.py
[2024-09-28T15:48:03.141+0000] {processor.py:766} INFO - DAG(s) dict_keys(['latest_only_with_trigger']) retrieved from /home/airflow/.local/lib/python3.7/site-packages/airflow/example_dags/example_latest_only_with_trigger.py
[2024-09-28T15:48:03.192+0000] {logging_mixin.py:120} INFO - [2024-09-28T15:48:03.192+0000] {dag.py:2585} INFO - Sync 1 DAGs
[2024-09-28T15:48:03.223+0000] {logging_mixin.py:120} INFO - [2024-09-28T15:48:03.223+0000] {dag.py:3340} INFO - Setting next_dagrun for latest_only_with_trigger to 2024-09-28T11:48:03.223066+00:00, run_after=2024-09-28T15:48:03.223066+00:00
[2024-09-28T15:48:03.246+0000] {processor.py:176} INFO - Processing /home/airflow/.local/lib/python3.7/site-packages/airflow/example_dags/example_latest_only_with_trigger.py took 0.136 seconds
[2024-09-28T15:48:33.413+0000] {processor.py:154} INFO - Started process (PID=40130) to work on /home/airflow/.local/lib/python3.7/site-packages/airflow/example_dags/example_latest_only_with_trigger.py
[2024-09-28T15:48:33.416+0000] {processor.py:756} INFO - Processing file /home/airflow/.local/lib/python3.7/site-packages/airflow/example_dags/example_latest_only_with_trigger.py for tasks to queue
[2024-09-28T15:48:33.417+0000] {logging_mixin.py:120} INFO - [2024-09-28T15:48:33.417+0000] {dagbag.py:537} INFO - Filling up the DagBag from /home/airflow/.local/lib/python3.7/site-packages/airflow/example_dags/example_latest_only_with_trigger.py
[2024-09-28T15:48:33.435+0000] {processor.py:766} INFO - DAG(s) dict_keys(['latest_only_with_trigger']) retrieved from /home/airflow/.local/lib/python3.7/site-packages/airflow/example_dags/example_latest_only_with_trigger.py
[2024-09-28T15:48:33.485+0000] {logging_mixin.py:120} INFO - [2024-09-28T15:48:33.485+0000] {dag.py:2585} INFO - Sync 1 DAGs
[2024-09-28T15:48:33.515+0000] {logging_mixin.py:120} INFO - [2024-09-28T15:48:33.515+0000] {dag.py:3340} INFO - Setting next_dagrun for latest_only_with_trigger to 2024-09-28T11:48:33.515513+00:00, run_after=2024-09-28T15:48:33.515513+00:00
[2024-09-28T15:48:33.538+0000] {processor.py:176} INFO - Processing /home/airflow/.local/lib/python3.7/site-packages/airflow/example_dags/example_latest_only_with_trigger.py took 0.128 seconds
[2024-09-28T15:49:04.064+0000] {processor.py:154} INFO - Started process (PID=40200) to work on /home/airflow/.local/lib/python3.7/site-packages/airflow/example_dags/example_latest_only_with_trigger.py
[2024-09-28T15:49:04.067+0000] {processor.py:756} INFO - Processing file /home/airflow/.local/lib/python3.7/site-packages/airflow/example_dags/example_latest_only_with_trigger.py for tasks to queue
[2024-09-28T15:49:04.068+0000] {logging_mixin.py:120} INFO - [2024-09-28T15:49:04.068+0000] {dagbag.py:537} INFO - Filling up the DagBag from /home/airflow/.local/lib/python3.7/site-packages/airflow/example_dags/example_latest_only_with_trigger.py
[2024-09-28T15:49:04.094+0000] {processor.py:766} INFO - DAG(s) dict_keys(['latest_only_with_trigger']) retrieved from /home/airflow/.local/lib/python3.7/site-packages/airflow/example_dags/example_latest_only_with_trigger.py
[2024-09-28T15:49:04.149+0000] {logging_mixin.py:120} INFO - [2024-09-28T15:49:04.149+0000] {dag.py:2585} INFO - Sync 1 DAGs
[2024-09-28T15:49:04.181+0000] {logging_mixin.py:120} INFO - [2024-09-28T15:49:04.181+0000] {dag.py:3340} INFO - Setting next_dagrun for latest_only_with_trigger to 2024-09-28T11:49:04.180885+00:00, run_after=2024-09-28T15:49:04.180885+00:00
[2024-09-28T15:49:04.208+0000] {processor.py:176} INFO - Processing /home/airflow/.local/lib/python3.7/site-packages/airflow/example_dags/example_latest_only_with_trigger.py took 0.148 seconds
[2024-09-28T15:49:34.530+0000] {processor.py:154} INFO - Started process (PID=40265) to work on /home/airflow/.local/lib/python3.7/site-packages/airflow/example_dags/example_latest_only_with_trigger.py
[2024-09-28T15:49:34.532+0000] {processor.py:756} INFO - Processing file /home/airflow/.local/lib/python3.7/site-packages/airflow/example_dags/example_latest_only_with_trigger.py for tasks to queue
[2024-09-28T15:49:34.534+0000] {logging_mixin.py:120} INFO - [2024-09-28T15:49:34.534+0000] {dagbag.py:537} INFO - Filling up the DagBag from /home/airflow/.local/lib/python3.7/site-packages/airflow/example_dags/example_latest_only_with_trigger.py
[2024-09-28T15:49:34.554+0000] {processor.py:766} INFO - DAG(s) dict_keys(['latest_only_with_trigger']) retrieved from /home/airflow/.local/lib/python3.7/site-packages/airflow/example_dags/example_latest_only_with_trigger.py
[2024-09-28T15:49:34.604+0000] {logging_mixin.py:120} INFO - [2024-09-28T15:49:34.603+0000] {dag.py:2585} INFO - Sync 1 DAGs
[2024-09-28T15:49:34.635+0000] {logging_mixin.py:120} INFO - [2024-09-28T15:49:34.635+0000] {dag.py:3340} INFO - Setting next_dagrun for latest_only_with_trigger to 2024-09-28T11:49:34.634900+00:00, run_after=2024-09-28T15:49:34.634900+00:00
[2024-09-28T15:49:34.660+0000] {processor.py:176} INFO - Processing /home/airflow/.local/lib/python3.7/site-packages/airflow/example_dags/example_latest_only_with_trigger.py took 0.134 seconds
[2024-09-28T15:50:05.054+0000] {processor.py:154} INFO - Started process (PID=40337) to work on /home/airflow/.local/lib/python3.7/site-packages/airflow/example_dags/example_latest_only_with_trigger.py
[2024-09-28T15:50:05.057+0000] {processor.py:756} INFO - Processing file /home/airflow/.local/lib/python3.7/site-packages/airflow/example_dags/example_latest_only_with_trigger.py for tasks to queue
[2024-09-28T15:50:05.057+0000] {logging_mixin.py:120} INFO - [2024-09-28T15:50:05.057+0000] {dagbag.py:537} INFO - Filling up the DagBag from /home/airflow/.local/lib/python3.7/site-packages/airflow/example_dags/example_latest_only_with_trigger.py
[2024-09-28T15:50:05.075+0000] {processor.py:766} INFO - DAG(s) dict_keys(['latest_only_with_trigger']) retrieved from /home/airflow/.local/lib/python3.7/site-packages/airflow/example_dags/example_latest_only_with_trigger.py
[2024-09-28T15:50:05.123+0000] {logging_mixin.py:120} INFO - [2024-09-28T15:50:05.123+0000] {dag.py:2585} INFO - Sync 1 DAGs
[2024-09-28T15:50:05.155+0000] {logging_mixin.py:120} INFO - [2024-09-28T15:50:05.154+0000] {dag.py:3340} INFO - Setting next_dagrun for latest_only_with_trigger to 2024-09-28T11:50:05.154725+00:00, run_after=2024-09-28T15:50:05.154725+00:00
[2024-09-28T15:50:05.179+0000] {processor.py:176} INFO - Processing /home/airflow/.local/lib/python3.7/site-packages/airflow/example_dags/example_latest_only_with_trigger.py took 0.130 seconds
[2024-09-28T15:56:31.221+0000] {processor.py:154} INFO - Started process (PID=40433) to work on /home/airflow/.local/lib/python3.7/site-packages/airflow/example_dags/example_latest_only_with_trigger.py
[2024-09-28T15:56:31.227+0000] {processor.py:756} INFO - Processing file /home/airflow/.local/lib/python3.7/site-packages/airflow/example_dags/example_latest_only_with_trigger.py for tasks to queue
[2024-09-28T15:56:31.229+0000] {logging_mixin.py:120} INFO - [2024-09-28T15:56:31.228+0000] {dagbag.py:537} INFO - Filling up the DagBag from /home/airflow/.local/lib/python3.7/site-packages/airflow/example_dags/example_latest_only_with_trigger.py
[2024-09-28T15:56:31.271+0000] {processor.py:766} INFO - DAG(s) dict_keys(['latest_only_with_trigger']) retrieved from /home/airflow/.local/lib/python3.7/site-packages/airflow/example_dags/example_latest_only_with_trigger.py
[2024-09-28T15:56:31.407+0000] {logging_mixin.py:120} INFO - [2024-09-28T15:56:31.406+0000] {dag.py:2585} INFO - Sync 1 DAGs
[2024-09-28T15:56:31.494+0000] {logging_mixin.py:120} INFO - [2024-09-28T15:56:31.494+0000] {dag.py:3340} INFO - Setting next_dagrun for latest_only_with_trigger to 2024-09-28T11:56:31.494105+00:00, run_after=2024-09-28T15:56:31.494105+00:00
[2024-09-28T15:56:31.571+0000] {processor.py:176} INFO - Processing /home/airflow/.local/lib/python3.7/site-packages/airflow/example_dags/example_latest_only_with_trigger.py took 0.363 seconds
[2024-09-28T15:57:02.160+0000] {processor.py:154} INFO - Started process (PID=40496) to work on /home/airflow/.local/lib/python3.7/site-packages/airflow/example_dags/example_latest_only_with_trigger.py
[2024-09-28T15:57:02.163+0000] {processor.py:756} INFO - Processing file /home/airflow/.local/lib/python3.7/site-packages/airflow/example_dags/example_latest_only_with_trigger.py for tasks to queue
[2024-09-28T15:57:02.164+0000] {logging_mixin.py:120} INFO - [2024-09-28T15:57:02.164+0000] {dagbag.py:537} INFO - Filling up the DagBag from /home/airflow/.local/lib/python3.7/site-packages/airflow/example_dags/example_latest_only_with_trigger.py
[2024-09-28T15:57:02.182+0000] {processor.py:766} INFO - DAG(s) dict_keys(['latest_only_with_trigger']) retrieved from /home/airflow/.local/lib/python3.7/site-packages/airflow/example_dags/example_latest_only_with_trigger.py
[2024-09-28T15:57:02.225+0000] {logging_mixin.py:120} INFO - [2024-09-28T15:57:02.225+0000] {dag.py:2585} INFO - Sync 1 DAGs
[2024-09-28T15:57:02.252+0000] {logging_mixin.py:120} INFO - [2024-09-28T15:57:02.252+0000] {dag.py:3340} INFO - Setting next_dagrun for latest_only_with_trigger to 2024-09-28T11:57:02.252483+00:00, run_after=2024-09-28T15:57:02.252483+00:00
[2024-09-28T15:57:02.277+0000] {processor.py:176} INFO - Processing /home/airflow/.local/lib/python3.7/site-packages/airflow/example_dags/example_latest_only_with_trigger.py took 0.122 seconds
[2024-09-28T15:57:32.881+0000] {processor.py:154} INFO - Started process (PID=40568) to work on /home/airflow/.local/lib/python3.7/site-packages/airflow/example_dags/example_latest_only_with_trigger.py
[2024-09-28T15:57:32.883+0000] {processor.py:756} INFO - Processing file /home/airflow/.local/lib/python3.7/site-packages/airflow/example_dags/example_latest_only_with_trigger.py for tasks to queue
[2024-09-28T15:57:32.884+0000] {logging_mixin.py:120} INFO - [2024-09-28T15:57:32.884+0000] {dagbag.py:537} INFO - Filling up the DagBag from /home/airflow/.local/lib/python3.7/site-packages/airflow/example_dags/example_latest_only_with_trigger.py
[2024-09-28T15:57:32.905+0000] {processor.py:766} INFO - DAG(s) dict_keys(['latest_only_with_trigger']) retrieved from /home/airflow/.local/lib/python3.7/site-packages/airflow/example_dags/example_latest_only_with_trigger.py
[2024-09-28T15:57:32.962+0000] {logging_mixin.py:120} INFO - [2024-09-28T15:57:32.962+0000] {dag.py:2585} INFO - Sync 1 DAGs
[2024-09-28T15:57:32.995+0000] {logging_mixin.py:120} INFO - [2024-09-28T15:57:32.994+0000] {dag.py:3340} INFO - Setting next_dagrun for latest_only_with_trigger to 2024-09-28T11:57:32.994702+00:00, run_after=2024-09-28T15:57:32.994702+00:00
[2024-09-28T15:57:33.022+0000] {processor.py:176} INFO - Processing /home/airflow/.local/lib/python3.7/site-packages/airflow/example_dags/example_latest_only_with_trigger.py took 0.147 seconds
[2024-09-28T15:58:03.825+0000] {processor.py:154} INFO - Started process (PID=40630) to work on /home/airflow/.local/lib/python3.7/site-packages/airflow/example_dags/example_latest_only_with_trigger.py
[2024-09-28T15:58:03.829+0000] {processor.py:756} INFO - Processing file /home/airflow/.local/lib/python3.7/site-packages/airflow/example_dags/example_latest_only_with_trigger.py for tasks to queue
[2024-09-28T15:58:03.833+0000] {logging_mixin.py:120} INFO - [2024-09-28T15:58:03.833+0000] {dagbag.py:537} INFO - Filling up the DagBag from /home/airflow/.local/lib/python3.7/site-packages/airflow/example_dags/example_latest_only_with_trigger.py
[2024-09-28T15:58:03.861+0000] {processor.py:766} INFO - DAG(s) dict_keys(['latest_only_with_trigger']) retrieved from /home/airflow/.local/lib/python3.7/site-packages/airflow/example_dags/example_latest_only_with_trigger.py
[2024-09-28T15:58:03.934+0000] {logging_mixin.py:120} INFO - [2024-09-28T15:58:03.934+0000] {dag.py:2585} INFO - Sync 1 DAGs
[2024-09-28T15:58:03.982+0000] {logging_mixin.py:120} INFO - [2024-09-28T15:58:03.982+0000] {dag.py:3340} INFO - Setting next_dagrun for latest_only_with_trigger to 2024-09-28T11:58:03.981680+00:00, run_after=2024-09-28T15:58:03.981680+00:00
[2024-09-28T15:58:04.021+0000] {processor.py:176} INFO - Processing /home/airflow/.local/lib/python3.7/site-packages/airflow/example_dags/example_latest_only_with_trigger.py took 0.208 seconds
[2024-09-28T16:04:02.998+0000] {processor.py:154} INFO - Started process (PID=40693) to work on /home/airflow/.local/lib/python3.7/site-packages/airflow/example_dags/example_latest_only_with_trigger.py
[2024-09-28T16:04:03.010+0000] {processor.py:756} INFO - Processing file /home/airflow/.local/lib/python3.7/site-packages/airflow/example_dags/example_latest_only_with_trigger.py for tasks to queue
[2024-09-28T16:04:03.012+0000] {logging_mixin.py:120} INFO - [2024-09-28T16:04:03.012+0000] {dagbag.py:537} INFO - Filling up the DagBag from /home/airflow/.local/lib/python3.7/site-packages/airflow/example_dags/example_latest_only_with_trigger.py
[2024-09-28T16:04:03.089+0000] {processor.py:766} INFO - DAG(s) dict_keys(['latest_only_with_trigger']) retrieved from /home/airflow/.local/lib/python3.7/site-packages/airflow/example_dags/example_latest_only_with_trigger.py
[2024-09-28T16:04:03.339+0000] {logging_mixin.py:120} INFO - [2024-09-28T16:04:03.339+0000] {dag.py:2585} INFO - Sync 1 DAGs
[2024-09-28T16:04:03.439+0000] {logging_mixin.py:120} INFO - [2024-09-28T16:04:03.436+0000] {dag.py:3340} INFO - Setting next_dagrun for latest_only_with_trigger to 2024-09-28T12:04:03.436303+00:00, run_after=2024-09-28T16:04:03.436303+00:00
[2024-09-28T16:04:03.498+0000] {processor.py:176} INFO - Processing /home/airflow/.local/lib/python3.7/site-packages/airflow/example_dags/example_latest_only_with_trigger.py took 0.510 seconds
[2024-09-28T16:04:33.539+0000] {processor.py:154} INFO - Started process (PID=40755) to work on /home/airflow/.local/lib/python3.7/site-packages/airflow/example_dags/example_latest_only_with_trigger.py
[2024-09-28T16:04:33.542+0000] {processor.py:756} INFO - Processing file /home/airflow/.local/lib/python3.7/site-packages/airflow/example_dags/example_latest_only_with_trigger.py for tasks to queue
[2024-09-28T16:04:33.543+0000] {logging_mixin.py:120} INFO - [2024-09-28T16:04:33.543+0000] {dagbag.py:537} INFO - Filling up the DagBag from /home/airflow/.local/lib/python3.7/site-packages/airflow/example_dags/example_latest_only_with_trigger.py
[2024-09-28T16:04:33.562+0000] {processor.py:766} INFO - DAG(s) dict_keys(['latest_only_with_trigger']) retrieved from /home/airflow/.local/lib/python3.7/site-packages/airflow/example_dags/example_latest_only_with_trigger.py
[2024-09-28T16:04:33.605+0000] {logging_mixin.py:120} INFO - [2024-09-28T16:04:33.605+0000] {dag.py:2585} INFO - Sync 1 DAGs
[2024-09-28T16:04:33.630+0000] {logging_mixin.py:120} INFO - [2024-09-28T16:04:33.630+0000] {dag.py:3340} INFO - Setting next_dagrun for latest_only_with_trigger to 2024-09-28T12:04:33.630266+00:00, run_after=2024-09-28T16:04:33.630266+00:00
[2024-09-28T16:04:33.650+0000] {processor.py:176} INFO - Processing /home/airflow/.local/lib/python3.7/site-packages/airflow/example_dags/example_latest_only_with_trigger.py took 0.115 seconds
[2024-09-28T16:05:04.578+0000] {processor.py:154} INFO - Started process (PID=40828) to work on /home/airflow/.local/lib/python3.7/site-packages/airflow/example_dags/example_latest_only_with_trigger.py
[2024-09-28T16:05:04.581+0000] {processor.py:756} INFO - Processing file /home/airflow/.local/lib/python3.7/site-packages/airflow/example_dags/example_latest_only_with_trigger.py for tasks to queue
[2024-09-28T16:05:04.582+0000] {logging_mixin.py:120} INFO - [2024-09-28T16:05:04.582+0000] {dagbag.py:537} INFO - Filling up the DagBag from /home/airflow/.local/lib/python3.7/site-packages/airflow/example_dags/example_latest_only_with_trigger.py
[2024-09-28T16:05:04.601+0000] {processor.py:766} INFO - DAG(s) dict_keys(['latest_only_with_trigger']) retrieved from /home/airflow/.local/lib/python3.7/site-packages/airflow/example_dags/example_latest_only_with_trigger.py
[2024-09-28T16:05:04.663+0000] {logging_mixin.py:120} INFO - [2024-09-28T16:05:04.663+0000] {dag.py:2585} INFO - Sync 1 DAGs
[2024-09-28T16:05:04.699+0000] {logging_mixin.py:120} INFO - [2024-09-28T16:05:04.699+0000] {dag.py:3340} INFO - Setting next_dagrun for latest_only_with_trigger to 2024-09-28T12:05:04.699081+00:00, run_after=2024-09-28T16:05:04.699081+00:00
[2024-09-28T16:05:04.722+0000] {processor.py:176} INFO - Processing /home/airflow/.local/lib/python3.7/site-packages/airflow/example_dags/example_latest_only_with_trigger.py took 0.149 seconds
[2024-09-28T16:05:36.463+0000] {processor.py:154} INFO - Started process (PID=40891) to work on /home/airflow/.local/lib/python3.7/site-packages/airflow/example_dags/example_latest_only_with_trigger.py
[2024-09-28T16:05:36.466+0000] {processor.py:756} INFO - Processing file /home/airflow/.local/lib/python3.7/site-packages/airflow/example_dags/example_latest_only_with_trigger.py for tasks to queue
[2024-09-28T16:05:36.467+0000] {logging_mixin.py:120} INFO - [2024-09-28T16:05:36.467+0000] {dagbag.py:537} INFO - Filling up the DagBag from /home/airflow/.local/lib/python3.7/site-packages/airflow/example_dags/example_latest_only_with_trigger.py
[2024-09-28T16:05:36.491+0000] {processor.py:766} INFO - DAG(s) dict_keys(['latest_only_with_trigger']) retrieved from /home/airflow/.local/lib/python3.7/site-packages/airflow/example_dags/example_latest_only_with_trigger.py
[2024-09-28T16:05:36.556+0000] {logging_mixin.py:120} INFO - [2024-09-28T16:05:36.555+0000] {dag.py:2585} INFO - Sync 1 DAGs
[2024-09-28T16:05:36.598+0000] {logging_mixin.py:120} INFO - [2024-09-28T16:05:36.597+0000] {dag.py:3340} INFO - Setting next_dagrun for latest_only_with_trigger to 2024-09-28T12:05:36.597552+00:00, run_after=2024-09-28T16:05:36.597552+00:00
[2024-09-28T16:05:36.638+0000] {processor.py:176} INFO - Processing /home/airflow/.local/lib/python3.7/site-packages/airflow/example_dags/example_latest_only_with_trigger.py took 0.183 seconds
[2024-09-28T16:07:19.975+0000] {processor.py:154} INFO - Started process (PID=40954) to work on /home/airflow/.local/lib/python3.7/site-packages/airflow/example_dags/example_latest_only_with_trigger.py
[2024-09-28T16:07:19.978+0000] {processor.py:756} INFO - Processing file /home/airflow/.local/lib/python3.7/site-packages/airflow/example_dags/example_latest_only_with_trigger.py for tasks to queue
[2024-09-28T16:07:19.980+0000] {logging_mixin.py:120} INFO - [2024-09-28T16:07:19.979+0000] {dagbag.py:537} INFO - Filling up the DagBag from /home/airflow/.local/lib/python3.7/site-packages/airflow/example_dags/example_latest_only_with_trigger.py
[2024-09-28T16:07:20.008+0000] {processor.py:766} INFO - DAG(s) dict_keys(['latest_only_with_trigger']) retrieved from /home/airflow/.local/lib/python3.7/site-packages/airflow/example_dags/example_latest_only_with_trigger.py
[2024-09-28T16:07:20.115+0000] {logging_mixin.py:120} INFO - [2024-09-28T16:07:20.115+0000] {dag.py:2585} INFO - Sync 1 DAGs
[2024-09-28T16:07:20.243+0000] {logging_mixin.py:120} INFO - [2024-09-28T16:07:20.243+0000] {dag.py:3340} INFO - Setting next_dagrun for latest_only_with_trigger to 2024-09-28T12:07:20.242930+00:00, run_after=2024-09-28T16:07:20.242930+00:00
[2024-09-28T16:07:20.304+0000] {processor.py:176} INFO - Processing /home/airflow/.local/lib/python3.7/site-packages/airflow/example_dags/example_latest_only_with_trigger.py took 0.334 seconds
[2024-09-28T16:07:50.797+0000] {processor.py:154} INFO - Started process (PID=41026) to work on /home/airflow/.local/lib/python3.7/site-packages/airflow/example_dags/example_latest_only_with_trigger.py
[2024-09-28T16:07:50.799+0000] {processor.py:756} INFO - Processing file /home/airflow/.local/lib/python3.7/site-packages/airflow/example_dags/example_latest_only_with_trigger.py for tasks to queue
[2024-09-28T16:07:50.800+0000] {logging_mixin.py:120} INFO - [2024-09-28T16:07:50.800+0000] {dagbag.py:537} INFO - Filling up the DagBag from /home/airflow/.local/lib/python3.7/site-packages/airflow/example_dags/example_latest_only_with_trigger.py
[2024-09-28T16:07:50.819+0000] {processor.py:766} INFO - DAG(s) dict_keys(['latest_only_with_trigger']) retrieved from /home/airflow/.local/lib/python3.7/site-packages/airflow/example_dags/example_latest_only_with_trigger.py
[2024-09-28T16:07:50.878+0000] {logging_mixin.py:120} INFO - [2024-09-28T16:07:50.878+0000] {dag.py:2585} INFO - Sync 1 DAGs
[2024-09-28T16:07:50.911+0000] {logging_mixin.py:120} INFO - [2024-09-28T16:07:50.911+0000] {dag.py:3340} INFO - Setting next_dagrun for latest_only_with_trigger to 2024-09-28T12:07:50.911263+00:00, run_after=2024-09-28T16:07:50.911263+00:00
[2024-09-28T16:07:50.943+0000] {processor.py:176} INFO - Processing /home/airflow/.local/lib/python3.7/site-packages/airflow/example_dags/example_latest_only_with_trigger.py took 0.151 seconds
[2024-09-28T16:08:21.367+0000] {processor.py:154} INFO - Started process (PID=41097) to work on /home/airflow/.local/lib/python3.7/site-packages/airflow/example_dags/example_latest_only_with_trigger.py
[2024-09-28T16:08:21.369+0000] {processor.py:756} INFO - Processing file /home/airflow/.local/lib/python3.7/site-packages/airflow/example_dags/example_latest_only_with_trigger.py for tasks to queue
[2024-09-28T16:08:21.370+0000] {logging_mixin.py:120} INFO - [2024-09-28T16:08:21.370+0000] {dagbag.py:537} INFO - Filling up the DagBag from /home/airflow/.local/lib/python3.7/site-packages/airflow/example_dags/example_latest_only_with_trigger.py
[2024-09-28T16:08:21.391+0000] {processor.py:766} INFO - DAG(s) dict_keys(['latest_only_with_trigger']) retrieved from /home/airflow/.local/lib/python3.7/site-packages/airflow/example_dags/example_latest_only_with_trigger.py
[2024-09-28T16:08:21.447+0000] {logging_mixin.py:120} INFO - [2024-09-28T16:08:21.447+0000] {dag.py:2585} INFO - Sync 1 DAGs
[2024-09-28T16:08:21.479+0000] {logging_mixin.py:120} INFO - [2024-09-28T16:08:21.479+0000] {dag.py:3340} INFO - Setting next_dagrun for latest_only_with_trigger to 2024-09-28T12:08:21.478938+00:00, run_after=2024-09-28T16:08:21.478938+00:00
[2024-09-28T16:08:21.503+0000] {processor.py:176} INFO - Processing /home/airflow/.local/lib/python3.7/site-packages/airflow/example_dags/example_latest_only_with_trigger.py took 0.141 seconds
[2024-09-28T17:17:49.006+0000] {processor.py:154} INFO - Started process (PID=41160) to work on /home/airflow/.local/lib/python3.7/site-packages/airflow/example_dags/example_latest_only_with_trigger.py
[2024-09-28T17:17:49.010+0000] {processor.py:756} INFO - Processing file /home/airflow/.local/lib/python3.7/site-packages/airflow/example_dags/example_latest_only_with_trigger.py for tasks to queue
[2024-09-28T17:17:49.012+0000] {logging_mixin.py:120} INFO - [2024-09-28T17:17:49.011+0000] {dagbag.py:537} INFO - Filling up the DagBag from /home/airflow/.local/lib/python3.7/site-packages/airflow/example_dags/example_latest_only_with_trigger.py
[2024-09-28T17:17:49.042+0000] {processor.py:766} INFO - DAG(s) dict_keys(['latest_only_with_trigger']) retrieved from /home/airflow/.local/lib/python3.7/site-packages/airflow/example_dags/example_latest_only_with_trigger.py
[2024-09-28T17:17:49.144+0000] {logging_mixin.py:120} INFO - [2024-09-28T17:17:49.144+0000] {dag.py:2585} INFO - Sync 1 DAGs
[2024-09-28T17:17:49.201+0000] {logging_mixin.py:120} INFO - [2024-09-28T17:17:49.201+0000] {dag.py:3340} INFO - Setting next_dagrun for latest_only_with_trigger to 2024-09-28T13:17:49.201197+00:00, run_after=2024-09-28T17:17:49.201197+00:00
[2024-09-28T17:17:49.247+0000] {processor.py:176} INFO - Processing /home/airflow/.local/lib/python3.7/site-packages/airflow/example_dags/example_latest_only_with_trigger.py took 0.247 seconds
[2024-09-28T17:18:20.013+0000] {processor.py:154} INFO - Started process (PID=41232) to work on /home/airflow/.local/lib/python3.7/site-packages/airflow/example_dags/example_latest_only_with_trigger.py
[2024-09-28T17:18:20.015+0000] {processor.py:756} INFO - Processing file /home/airflow/.local/lib/python3.7/site-packages/airflow/example_dags/example_latest_only_with_trigger.py for tasks to queue
[2024-09-28T17:18:20.020+0000] {logging_mixin.py:120} INFO - [2024-09-28T17:18:20.020+0000] {dagbag.py:537} INFO - Filling up the DagBag from /home/airflow/.local/lib/python3.7/site-packages/airflow/example_dags/example_latest_only_with_trigger.py
[2024-09-28T17:18:20.044+0000] {processor.py:766} INFO - DAG(s) dict_keys(['latest_only_with_trigger']) retrieved from /home/airflow/.local/lib/python3.7/site-packages/airflow/example_dags/example_latest_only_with_trigger.py
[2024-09-28T17:18:20.104+0000] {logging_mixin.py:120} INFO - [2024-09-28T17:18:20.104+0000] {dag.py:2585} INFO - Sync 1 DAGs
[2024-09-28T17:18:20.135+0000] {logging_mixin.py:120} INFO - [2024-09-28T17:18:20.135+0000] {dag.py:3340} INFO - Setting next_dagrun for latest_only_with_trigger to 2024-09-28T13:18:20.134970+00:00, run_after=2024-09-28T17:18:20.134970+00:00
[2024-09-28T17:18:20.161+0000] {processor.py:176} INFO - Processing /home/airflow/.local/lib/python3.7/site-packages/airflow/example_dags/example_latest_only_with_trigger.py took 0.154 seconds
[2024-09-28T17:18:50.773+0000] {processor.py:154} INFO - Started process (PID=41294) to work on /home/airflow/.local/lib/python3.7/site-packages/airflow/example_dags/example_latest_only_with_trigger.py
[2024-09-28T17:18:50.776+0000] {processor.py:756} INFO - Processing file /home/airflow/.local/lib/python3.7/site-packages/airflow/example_dags/example_latest_only_with_trigger.py for tasks to queue
[2024-09-28T17:18:50.777+0000] {logging_mixin.py:120} INFO - [2024-09-28T17:18:50.776+0000] {dagbag.py:537} INFO - Filling up the DagBag from /home/airflow/.local/lib/python3.7/site-packages/airflow/example_dags/example_latest_only_with_trigger.py
[2024-09-28T17:18:50.794+0000] {processor.py:766} INFO - DAG(s) dict_keys(['latest_only_with_trigger']) retrieved from /home/airflow/.local/lib/python3.7/site-packages/airflow/example_dags/example_latest_only_with_trigger.py
[2024-09-28T17:18:50.846+0000] {logging_mixin.py:120} INFO - [2024-09-28T17:18:50.845+0000] {dag.py:2585} INFO - Sync 1 DAGs
[2024-09-28T17:18:50.878+0000] {logging_mixin.py:120} INFO - [2024-09-28T17:18:50.878+0000] {dag.py:3340} INFO - Setting next_dagrun for latest_only_with_trigger to 2024-09-28T13:18:50.877731+00:00, run_after=2024-09-28T17:18:50.877731+00:00
[2024-09-28T17:18:50.901+0000] {processor.py:176} INFO - Processing /home/airflow/.local/lib/python3.7/site-packages/airflow/example_dags/example_latest_only_with_trigger.py took 0.133 seconds
[2024-09-28T17:19:23.260+0000] {processor.py:154} INFO - Started process (PID=41366) to work on /home/airflow/.local/lib/python3.7/site-packages/airflow/example_dags/example_latest_only_with_trigger.py
[2024-09-28T17:19:23.263+0000] {processor.py:756} INFO - Processing file /home/airflow/.local/lib/python3.7/site-packages/airflow/example_dags/example_latest_only_with_trigger.py for tasks to queue
[2024-09-28T17:19:23.265+0000] {logging_mixin.py:120} INFO - [2024-09-28T17:19:23.264+0000] {dagbag.py:537} INFO - Filling up the DagBag from /home/airflow/.local/lib/python3.7/site-packages/airflow/example_dags/example_latest_only_with_trigger.py
[2024-09-28T17:19:23.291+0000] {processor.py:766} INFO - DAG(s) dict_keys(['latest_only_with_trigger']) retrieved from /home/airflow/.local/lib/python3.7/site-packages/airflow/example_dags/example_latest_only_with_trigger.py
[2024-09-28T17:19:23.373+0000] {logging_mixin.py:120} INFO - [2024-09-28T17:19:23.373+0000] {dag.py:2585} INFO - Sync 1 DAGs
[2024-09-28T17:19:23.434+0000] {logging_mixin.py:120} INFO - [2024-09-28T17:19:23.433+0000] {dag.py:3340} INFO - Setting next_dagrun for latest_only_with_trigger to 2024-09-28T13:19:23.433084+00:00, run_after=2024-09-28T17:19:23.433084+00:00
[2024-09-28T17:19:23.485+0000] {processor.py:176} INFO - Processing /home/airflow/.local/lib/python3.7/site-packages/airflow/example_dags/example_latest_only_with_trigger.py took 0.233 seconds
[2024-09-28T17:29:47.754+0000] {processor.py:154} INFO - Started process (PID=41427) to work on /home/airflow/.local/lib/python3.7/site-packages/airflow/example_dags/example_latest_only_with_trigger.py
[2024-09-28T17:29:47.757+0000] {processor.py:756} INFO - Processing file /home/airflow/.local/lib/python3.7/site-packages/airflow/example_dags/example_latest_only_with_trigger.py for tasks to queue
[2024-09-28T17:29:47.760+0000] {logging_mixin.py:120} INFO - [2024-09-28T17:29:47.760+0000] {dagbag.py:537} INFO - Filling up the DagBag from /home/airflow/.local/lib/python3.7/site-packages/airflow/example_dags/example_latest_only_with_trigger.py
[2024-09-28T17:29:47.794+0000] {processor.py:766} INFO - DAG(s) dict_keys(['latest_only_with_trigger']) retrieved from /home/airflow/.local/lib/python3.7/site-packages/airflow/example_dags/example_latest_only_with_trigger.py
[2024-09-28T17:29:47.918+0000] {logging_mixin.py:120} INFO - [2024-09-28T17:29:47.917+0000] {dag.py:2585} INFO - Sync 1 DAGs
[2024-09-28T17:29:47.987+0000] {logging_mixin.py:120} INFO - [2024-09-28T17:29:47.986+0000] {dag.py:3340} INFO - Setting next_dagrun for latest_only_with_trigger to 2024-09-28T13:29:47.986288+00:00, run_after=2024-09-28T17:29:47.986288+00:00
[2024-09-28T17:29:48.051+0000] {processor.py:176} INFO - Processing /home/airflow/.local/lib/python3.7/site-packages/airflow/example_dags/example_latest_only_with_trigger.py took 0.305 seconds
[2024-09-28T17:30:18.261+0000] {processor.py:154} INFO - Started process (PID=41492) to work on /home/airflow/.local/lib/python3.7/site-packages/airflow/example_dags/example_latest_only_with_trigger.py
[2024-09-28T17:30:18.263+0000] {processor.py:756} INFO - Processing file /home/airflow/.local/lib/python3.7/site-packages/airflow/example_dags/example_latest_only_with_trigger.py for tasks to queue
[2024-09-28T17:30:18.266+0000] {logging_mixin.py:120} INFO - [2024-09-28T17:30:18.266+0000] {dagbag.py:537} INFO - Filling up the DagBag from /home/airflow/.local/lib/python3.7/site-packages/airflow/example_dags/example_latest_only_with_trigger.py
[2024-09-28T17:30:18.285+0000] {processor.py:766} INFO - DAG(s) dict_keys(['latest_only_with_trigger']) retrieved from /home/airflow/.local/lib/python3.7/site-packages/airflow/example_dags/example_latest_only_with_trigger.py
[2024-09-28T17:30:18.332+0000] {logging_mixin.py:120} INFO - [2024-09-28T17:30:18.332+0000] {dag.py:2585} INFO - Sync 1 DAGs
[2024-09-28T17:30:18.368+0000] {logging_mixin.py:120} INFO - [2024-09-28T17:30:18.368+0000] {dag.py:3340} INFO - Setting next_dagrun for latest_only_with_trigger to 2024-09-28T13:30:18.368393+00:00, run_after=2024-09-28T17:30:18.368393+00:00
[2024-09-28T17:30:18.401+0000] {processor.py:176} INFO - Processing /home/airflow/.local/lib/python3.7/site-packages/airflow/example_dags/example_latest_only_with_trigger.py took 0.145 seconds
[2024-09-28T17:30:48.767+0000] {processor.py:154} INFO - Started process (PID=41564) to work on /home/airflow/.local/lib/python3.7/site-packages/airflow/example_dags/example_latest_only_with_trigger.py
[2024-09-28T17:30:48.772+0000] {processor.py:756} INFO - Processing file /home/airflow/.local/lib/python3.7/site-packages/airflow/example_dags/example_latest_only_with_trigger.py for tasks to queue
[2024-09-28T17:30:48.773+0000] {logging_mixin.py:120} INFO - [2024-09-28T17:30:48.773+0000] {dagbag.py:537} INFO - Filling up the DagBag from /home/airflow/.local/lib/python3.7/site-packages/airflow/example_dags/example_latest_only_with_trigger.py
[2024-09-28T17:30:48.793+0000] {processor.py:766} INFO - DAG(s) dict_keys(['latest_only_with_trigger']) retrieved from /home/airflow/.local/lib/python3.7/site-packages/airflow/example_dags/example_latest_only_with_trigger.py
[2024-09-28T17:30:48.842+0000] {logging_mixin.py:120} INFO - [2024-09-28T17:30:48.842+0000] {dag.py:2585} INFO - Sync 1 DAGs
[2024-09-28T17:30:48.875+0000] {logging_mixin.py:120} INFO - [2024-09-28T17:30:48.875+0000] {dag.py:3340} INFO - Setting next_dagrun for latest_only_with_trigger to 2024-09-28T13:30:48.874700+00:00, run_after=2024-09-28T17:30:48.874700+00:00
[2024-09-28T17:30:48.898+0000] {processor.py:176} INFO - Processing /home/airflow/.local/lib/python3.7/site-packages/airflow/example_dags/example_latest_only_with_trigger.py took 0.136 seconds
[2024-09-28T18:41:35.376+0000] {processor.py:154} INFO - Started process (PID=41627) to work on /home/airflow/.local/lib/python3.7/site-packages/airflow/example_dags/example_latest_only_with_trigger.py
[2024-09-28T18:41:35.387+0000] {processor.py:756} INFO - Processing file /home/airflow/.local/lib/python3.7/site-packages/airflow/example_dags/example_latest_only_with_trigger.py for tasks to queue
[2024-09-28T18:41:35.389+0000] {logging_mixin.py:120} INFO - [2024-09-28T18:41:35.389+0000] {dagbag.py:537} INFO - Filling up the DagBag from /home/airflow/.local/lib/python3.7/site-packages/airflow/example_dags/example_latest_only_with_trigger.py
[2024-09-28T18:41:35.454+0000] {processor.py:766} INFO - DAG(s) dict_keys(['latest_only_with_trigger']) retrieved from /home/airflow/.local/lib/python3.7/site-packages/airflow/example_dags/example_latest_only_with_trigger.py
[2024-09-28T18:41:35.620+0000] {logging_mixin.py:120} INFO - [2024-09-28T18:41:35.619+0000] {dag.py:2585} INFO - Sync 1 DAGs
[2024-09-28T18:41:35.713+0000] {logging_mixin.py:120} INFO - [2024-09-28T18:41:35.712+0000] {dag.py:3340} INFO - Setting next_dagrun for latest_only_with_trigger to 2024-09-28T14:41:35.711364+00:00, run_after=2024-09-28T18:41:35.711364+00:00
[2024-09-28T18:41:35.788+0000] {processor.py:176} INFO - Processing /home/airflow/.local/lib/python3.7/site-packages/airflow/example_dags/example_latest_only_with_trigger.py took 0.423 seconds
[2024-09-28T18:42:06.300+0000] {processor.py:154} INFO - Started process (PID=41699) to work on /home/airflow/.local/lib/python3.7/site-packages/airflow/example_dags/example_latest_only_with_trigger.py
[2024-09-28T18:42:06.303+0000] {processor.py:756} INFO - Processing file /home/airflow/.local/lib/python3.7/site-packages/airflow/example_dags/example_latest_only_with_trigger.py for tasks to queue
[2024-09-28T18:42:06.304+0000] {logging_mixin.py:120} INFO - [2024-09-28T18:42:06.304+0000] {dagbag.py:537} INFO - Filling up the DagBag from /home/airflow/.local/lib/python3.7/site-packages/airflow/example_dags/example_latest_only_with_trigger.py
[2024-09-28T18:42:06.326+0000] {processor.py:766} INFO - DAG(s) dict_keys(['latest_only_with_trigger']) retrieved from /home/airflow/.local/lib/python3.7/site-packages/airflow/example_dags/example_latest_only_with_trigger.py
[2024-09-28T18:42:06.378+0000] {logging_mixin.py:120} INFO - [2024-09-28T18:42:06.378+0000] {dag.py:2585} INFO - Sync 1 DAGs
[2024-09-28T18:42:06.411+0000] {logging_mixin.py:120} INFO - [2024-09-28T18:42:06.411+0000] {dag.py:3340} INFO - Setting next_dagrun for latest_only_with_trigger to 2024-09-28T14:42:06.410715+00:00, run_after=2024-09-28T18:42:06.410715+00:00
[2024-09-28T18:42:06.433+0000] {processor.py:176} INFO - Processing /home/airflow/.local/lib/python3.7/site-packages/airflow/example_dags/example_latest_only_with_trigger.py took 0.137 seconds
[2024-09-28T19:03:33.880+0000] {processor.py:154} INFO - Started process (PID=41753) to work on /home/airflow/.local/lib/python3.7/site-packages/airflow/example_dags/example_latest_only_with_trigger.py
[2024-09-28T19:03:33.885+0000] {processor.py:756} INFO - Processing file /home/airflow/.local/lib/python3.7/site-packages/airflow/example_dags/example_latest_only_with_trigger.py for tasks to queue
[2024-09-28T19:03:33.886+0000] {logging_mixin.py:120} INFO - [2024-09-28T19:03:33.886+0000] {dagbag.py:537} INFO - Filling up the DagBag from /home/airflow/.local/lib/python3.7/site-packages/airflow/example_dags/example_latest_only_with_trigger.py
[2024-09-28T19:03:33.917+0000] {processor.py:766} INFO - DAG(s) dict_keys(['latest_only_with_trigger']) retrieved from /home/airflow/.local/lib/python3.7/site-packages/airflow/example_dags/example_latest_only_with_trigger.py
[2024-09-28T19:03:33.991+0000] {logging_mixin.py:120} INFO - [2024-09-28T19:03:33.991+0000] {dag.py:2585} INFO - Sync 1 DAGs
[2024-09-28T19:03:34.088+0000] {logging_mixin.py:120} INFO - [2024-09-28T19:03:34.088+0000] {dag.py:3340} INFO - Setting next_dagrun for latest_only_with_trigger to 2024-09-28T15:03:34.087693+00:00, run_after=2024-09-28T19:03:34.087693+00:00
[2024-09-28T19:03:34.140+0000] {processor.py:176} INFO - Processing /home/airflow/.local/lib/python3.7/site-packages/airflow/example_dags/example_latest_only_with_trigger.py took 0.265 seconds
[2024-09-28T19:55:48.796+0000] {processor.py:154} INFO - Started process (PID=41825) to work on /home/airflow/.local/lib/python3.7/site-packages/airflow/example_dags/example_latest_only_with_trigger.py
[2024-09-28T19:55:48.800+0000] {processor.py:756} INFO - Processing file /home/airflow/.local/lib/python3.7/site-packages/airflow/example_dags/example_latest_only_with_trigger.py for tasks to queue
[2024-09-28T19:55:48.801+0000] {logging_mixin.py:120} INFO - [2024-09-28T19:55:48.801+0000] {dagbag.py:537} INFO - Filling up the DagBag from /home/airflow/.local/lib/python3.7/site-packages/airflow/example_dags/example_latest_only_with_trigger.py
[2024-09-28T19:55:48.829+0000] {processor.py:766} INFO - DAG(s) dict_keys(['latest_only_with_trigger']) retrieved from /home/airflow/.local/lib/python3.7/site-packages/airflow/example_dags/example_latest_only_with_trigger.py
[2024-09-28T19:55:48.908+0000] {logging_mixin.py:120} INFO - [2024-09-28T19:55:48.908+0000] {dag.py:2585} INFO - Sync 1 DAGs
[2024-09-28T19:55:48.971+0000] {logging_mixin.py:120} INFO - [2024-09-28T19:55:48.971+0000] {dag.py:3340} INFO - Setting next_dagrun for latest_only_with_trigger to 2024-09-28T15:55:48.970827+00:00, run_after=2024-09-28T19:55:48.970827+00:00
[2024-09-28T19:55:49.003+0000] {processor.py:176} INFO - Processing /home/airflow/.local/lib/python3.7/site-packages/airflow/example_dags/example_latest_only_with_trigger.py took 0.213 seconds
[2024-09-28T20:42:53.743+0000] {processor.py:154} INFO - Started process (PID=41888) to work on /home/airflow/.local/lib/python3.7/site-packages/airflow/example_dags/example_latest_only_with_trigger.py
[2024-09-28T20:42:53.748+0000] {processor.py:756} INFO - Processing file /home/airflow/.local/lib/python3.7/site-packages/airflow/example_dags/example_latest_only_with_trigger.py for tasks to queue
[2024-09-28T20:42:53.750+0000] {logging_mixin.py:120} INFO - [2024-09-28T20:42:53.749+0000] {dagbag.py:537} INFO - Filling up the DagBag from /home/airflow/.local/lib/python3.7/site-packages/airflow/example_dags/example_latest_only_with_trigger.py
[2024-09-28T20:42:53.780+0000] {processor.py:766} INFO - DAG(s) dict_keys(['latest_only_with_trigger']) retrieved from /home/airflow/.local/lib/python3.7/site-packages/airflow/example_dags/example_latest_only_with_trigger.py
[2024-09-28T20:42:53.847+0000] {logging_mixin.py:120} INFO - [2024-09-28T20:42:53.846+0000] {dag.py:2585} INFO - Sync 1 DAGs
[2024-09-28T20:42:53.886+0000] {logging_mixin.py:120} INFO - [2024-09-28T20:42:53.885+0000] {dag.py:3340} INFO - Setting next_dagrun for latest_only_with_trigger to 2024-09-28T16:42:53.885568+00:00, run_after=2024-09-28T20:42:53.885568+00:00
[2024-09-28T20:42:53.923+0000] {processor.py:176} INFO - Processing /home/airflow/.local/lib/python3.7/site-packages/airflow/example_dags/example_latest_only_with_trigger.py took 0.188 seconds
[2024-09-28T20:52:14.903+0000] {processor.py:154} INFO - Started process (PID=41959) to work on /home/airflow/.local/lib/python3.7/site-packages/airflow/example_dags/example_latest_only_with_trigger.py
[2024-09-28T20:52:14.927+0000] {processor.py:756} INFO - Processing file /home/airflow/.local/lib/python3.7/site-packages/airflow/example_dags/example_latest_only_with_trigger.py for tasks to queue
[2024-09-28T20:52:14.934+0000] {logging_mixin.py:120} INFO - [2024-09-28T20:52:14.933+0000] {dagbag.py:537} INFO - Filling up the DagBag from /home/airflow/.local/lib/python3.7/site-packages/airflow/example_dags/example_latest_only_with_trigger.py
[2024-09-28T20:52:15.065+0000] {processor.py:766} INFO - DAG(s) dict_keys(['latest_only_with_trigger']) retrieved from /home/airflow/.local/lib/python3.7/site-packages/airflow/example_dags/example_latest_only_with_trigger.py
[2024-09-28T20:52:15.408+0000] {logging_mixin.py:120} INFO - [2024-09-28T20:52:15.406+0000] {dag.py:2585} INFO - Sync 1 DAGs
[2024-09-28T20:52:15.713+0000] {logging_mixin.py:120} INFO - [2024-09-28T20:52:15.712+0000] {dag.py:3340} INFO - Setting next_dagrun for latest_only_with_trigger to 2024-09-28T16:52:15.711017+00:00, run_after=2024-09-28T20:52:15.711017+00:00
[2024-09-28T20:52:15.899+0000] {processor.py:176} INFO - Processing /home/airflow/.local/lib/python3.7/site-packages/airflow/example_dags/example_latest_only_with_trigger.py took 1.025 seconds
[2024-09-28T20:55:01.515+0000] {processor.py:154} INFO - Started process (PID=42022) to work on /home/airflow/.local/lib/python3.7/site-packages/airflow/example_dags/example_latest_only_with_trigger.py
[2024-09-28T20:55:01.520+0000] {processor.py:756} INFO - Processing file /home/airflow/.local/lib/python3.7/site-packages/airflow/example_dags/example_latest_only_with_trigger.py for tasks to queue
[2024-09-28T20:55:01.523+0000] {logging_mixin.py:120} INFO - [2024-09-28T20:55:01.523+0000] {dagbag.py:537} INFO - Filling up the DagBag from /home/airflow/.local/lib/python3.7/site-packages/airflow/example_dags/example_latest_only_with_trigger.py
[2024-09-28T20:55:01.574+0000] {processor.py:766} INFO - DAG(s) dict_keys(['latest_only_with_trigger']) retrieved from /home/airflow/.local/lib/python3.7/site-packages/airflow/example_dags/example_latest_only_with_trigger.py
[2024-09-28T20:55:01.661+0000] {logging_mixin.py:120} INFO - [2024-09-28T20:55:01.661+0000] {dag.py:2585} INFO - Sync 1 DAGs
[2024-09-28T20:55:01.721+0000] {logging_mixin.py:120} INFO - [2024-09-28T20:55:01.721+0000] {dag.py:3340} INFO - Setting next_dagrun for latest_only_with_trigger to 2024-09-28T16:55:01.720706+00:00, run_after=2024-09-28T20:55:01.720706+00:00
[2024-09-28T20:55:01.759+0000] {processor.py:176} INFO - Processing /home/airflow/.local/lib/python3.7/site-packages/airflow/example_dags/example_latest_only_with_trigger.py took 0.251 seconds
[2024-09-28T21:56:14.346+0000] {processor.py:154} INFO - Started process (PID=42094) to work on /home/airflow/.local/lib/python3.7/site-packages/airflow/example_dags/example_latest_only_with_trigger.py
[2024-09-28T21:56:14.350+0000] {processor.py:756} INFO - Processing file /home/airflow/.local/lib/python3.7/site-packages/airflow/example_dags/example_latest_only_with_trigger.py for tasks to queue
[2024-09-28T21:56:14.352+0000] {logging_mixin.py:120} INFO - [2024-09-28T21:56:14.351+0000] {dagbag.py:537} INFO - Filling up the DagBag from /home/airflow/.local/lib/python3.7/site-packages/airflow/example_dags/example_latest_only_with_trigger.py
[2024-09-28T21:56:14.377+0000] {processor.py:766} INFO - DAG(s) dict_keys(['latest_only_with_trigger']) retrieved from /home/airflow/.local/lib/python3.7/site-packages/airflow/example_dags/example_latest_only_with_trigger.py
[2024-09-28T21:56:14.450+0000] {logging_mixin.py:120} INFO - [2024-09-28T21:56:14.450+0000] {dag.py:2585} INFO - Sync 1 DAGs
[2024-09-28T21:56:14.503+0000] {logging_mixin.py:120} INFO - [2024-09-28T21:56:14.503+0000] {dag.py:3340} INFO - Setting next_dagrun for latest_only_with_trigger to 2024-09-28T17:56:14.502595+00:00, run_after=2024-09-28T21:56:14.502595+00:00
[2024-09-28T21:56:14.538+0000] {processor.py:176} INFO - Processing /home/airflow/.local/lib/python3.7/site-packages/airflow/example_dags/example_latest_only_with_trigger.py took 0.197 seconds
[2024-09-28T23:27:50.781+0000] {processor.py:154} INFO - Started process (PID=42156) to work on /home/airflow/.local/lib/python3.7/site-packages/airflow/example_dags/example_latest_only_with_trigger.py
[2024-09-28T23:27:50.786+0000] {processor.py:756} INFO - Processing file /home/airflow/.local/lib/python3.7/site-packages/airflow/example_dags/example_latest_only_with_trigger.py for tasks to queue
[2024-09-28T23:27:50.790+0000] {logging_mixin.py:120} INFO - [2024-09-28T23:27:50.790+0000] {dagbag.py:537} INFO - Filling up the DagBag from /home/airflow/.local/lib/python3.7/site-packages/airflow/example_dags/example_latest_only_with_trigger.py
[2024-09-28T23:27:50.825+0000] {processor.py:766} INFO - DAG(s) dict_keys(['latest_only_with_trigger']) retrieved from /home/airflow/.local/lib/python3.7/site-packages/airflow/example_dags/example_latest_only_with_trigger.py
[2024-09-28T23:27:50.939+0000] {logging_mixin.py:120} INFO - [2024-09-28T23:27:50.938+0000] {dag.py:2585} INFO - Sync 1 DAGs
[2024-09-28T23:27:51.018+0000] {logging_mixin.py:120} INFO - [2024-09-28T23:27:51.017+0000] {dag.py:3340} INFO - Setting next_dagrun for latest_only_with_trigger to 2024-09-28T19:27:51.017125+00:00, run_after=2024-09-28T23:27:51.017125+00:00
[2024-09-28T23:27:51.079+0000] {processor.py:176} INFO - Processing /home/airflow/.local/lib/python3.7/site-packages/airflow/example_dags/example_latest_only_with_trigger.py took 0.306 seconds
[2024-09-28T23:28:21.794+0000] {processor.py:154} INFO - Started process (PID=42227) to work on /home/airflow/.local/lib/python3.7/site-packages/airflow/example_dags/example_latest_only_with_trigger.py
[2024-09-28T23:28:21.803+0000] {processor.py:756} INFO - Processing file /home/airflow/.local/lib/python3.7/site-packages/airflow/example_dags/example_latest_only_with_trigger.py for tasks to queue
[2024-09-28T23:28:21.805+0000] {logging_mixin.py:120} INFO - [2024-09-28T23:28:21.804+0000] {dagbag.py:537} INFO - Filling up the DagBag from /home/airflow/.local/lib/python3.7/site-packages/airflow/example_dags/example_latest_only_with_trigger.py
[2024-09-28T23:28:21.845+0000] {processor.py:766} INFO - DAG(s) dict_keys(['latest_only_with_trigger']) retrieved from /home/airflow/.local/lib/python3.7/site-packages/airflow/example_dags/example_latest_only_with_trigger.py
[2024-09-28T23:28:21.942+0000] {logging_mixin.py:120} INFO - [2024-09-28T23:28:21.942+0000] {dag.py:2585} INFO - Sync 1 DAGs
[2024-09-28T23:28:22.004+0000] {logging_mixin.py:120} INFO - [2024-09-28T23:28:22.004+0000] {dag.py:3340} INFO - Setting next_dagrun for latest_only_with_trigger to 2024-09-28T19:28:22.004019+00:00, run_after=2024-09-28T23:28:22.004019+00:00
[2024-09-28T23:28:22.062+0000] {processor.py:176} INFO - Processing /home/airflow/.local/lib/python3.7/site-packages/airflow/example_dags/example_latest_only_with_trigger.py took 0.274 seconds
[2024-09-28T23:28:52.421+0000] {processor.py:154} INFO - Started process (PID=42290) to work on /home/airflow/.local/lib/python3.7/site-packages/airflow/example_dags/example_latest_only_with_trigger.py
[2024-09-28T23:28:52.426+0000] {processor.py:756} INFO - Processing file /home/airflow/.local/lib/python3.7/site-packages/airflow/example_dags/example_latest_only_with_trigger.py for tasks to queue
[2024-09-28T23:28:52.427+0000] {logging_mixin.py:120} INFO - [2024-09-28T23:28:52.427+0000] {dagbag.py:537} INFO - Filling up the DagBag from /home/airflow/.local/lib/python3.7/site-packages/airflow/example_dags/example_latest_only_with_trigger.py
[2024-09-28T23:28:52.447+0000] {processor.py:766} INFO - DAG(s) dict_keys(['latest_only_with_trigger']) retrieved from /home/airflow/.local/lib/python3.7/site-packages/airflow/example_dags/example_latest_only_with_trigger.py
[2024-09-28T23:28:52.499+0000] {logging_mixin.py:120} INFO - [2024-09-28T23:28:52.499+0000] {dag.py:2585} INFO - Sync 1 DAGs
[2024-09-28T23:28:52.534+0000] {logging_mixin.py:120} INFO - [2024-09-28T23:28:52.534+0000] {dag.py:3340} INFO - Setting next_dagrun for latest_only_with_trigger to 2024-09-28T19:28:52.534122+00:00, run_after=2024-09-28T23:28:52.534122+00:00
[2024-09-28T23:28:52.560+0000] {processor.py:176} INFO - Processing /home/airflow/.local/lib/python3.7/site-packages/airflow/example_dags/example_latest_only_with_trigger.py took 0.145 seconds
[2024-09-28T23:29:23.366+0000] {processor.py:154} INFO - Started process (PID=42362) to work on /home/airflow/.local/lib/python3.7/site-packages/airflow/example_dags/example_latest_only_with_trigger.py
[2024-09-28T23:29:23.369+0000] {processor.py:756} INFO - Processing file /home/airflow/.local/lib/python3.7/site-packages/airflow/example_dags/example_latest_only_with_trigger.py for tasks to queue
[2024-09-28T23:29:23.370+0000] {logging_mixin.py:120} INFO - [2024-09-28T23:29:23.370+0000] {dagbag.py:537} INFO - Filling up the DagBag from /home/airflow/.local/lib/python3.7/site-packages/airflow/example_dags/example_latest_only_with_trigger.py
[2024-09-28T23:29:23.389+0000] {processor.py:766} INFO - DAG(s) dict_keys(['latest_only_with_trigger']) retrieved from /home/airflow/.local/lib/python3.7/site-packages/airflow/example_dags/example_latest_only_with_trigger.py
[2024-09-28T23:29:23.444+0000] {logging_mixin.py:120} INFO - [2024-09-28T23:29:23.444+0000] {dag.py:2585} INFO - Sync 1 DAGs
[2024-09-28T23:29:23.475+0000] {logging_mixin.py:120} INFO - [2024-09-28T23:29:23.475+0000] {dag.py:3340} INFO - Setting next_dagrun for latest_only_with_trigger to 2024-09-28T19:29:23.474780+00:00, run_after=2024-09-28T23:29:23.474780+00:00
[2024-09-28T23:29:23.501+0000] {processor.py:176} INFO - Processing /home/airflow/.local/lib/python3.7/site-packages/airflow/example_dags/example_latest_only_with_trigger.py took 0.139 seconds
[2024-09-28T23:29:53.629+0000] {processor.py:154} INFO - Started process (PID=42434) to work on /home/airflow/.local/lib/python3.7/site-packages/airflow/example_dags/example_latest_only_with_trigger.py
[2024-09-28T23:29:53.632+0000] {processor.py:756} INFO - Processing file /home/airflow/.local/lib/python3.7/site-packages/airflow/example_dags/example_latest_only_with_trigger.py for tasks to queue
[2024-09-28T23:29:53.633+0000] {logging_mixin.py:120} INFO - [2024-09-28T23:29:53.633+0000] {dagbag.py:537} INFO - Filling up the DagBag from /home/airflow/.local/lib/python3.7/site-packages/airflow/example_dags/example_latest_only_with_trigger.py
[2024-09-28T23:29:53.656+0000] {processor.py:766} INFO - DAG(s) dict_keys(['latest_only_with_trigger']) retrieved from /home/airflow/.local/lib/python3.7/site-packages/airflow/example_dags/example_latest_only_with_trigger.py
[2024-09-28T23:29:53.719+0000] {logging_mixin.py:120} INFO - [2024-09-28T23:29:53.719+0000] {dag.py:2585} INFO - Sync 1 DAGs
[2024-09-28T23:29:53.762+0000] {logging_mixin.py:120} INFO - [2024-09-28T23:29:53.762+0000] {dag.py:3340} INFO - Setting next_dagrun for latest_only_with_trigger to 2024-09-28T19:29:53.762279+00:00, run_after=2024-09-28T23:29:53.762279+00:00
[2024-09-28T23:29:53.800+0000] {processor.py:176} INFO - Processing /home/airflow/.local/lib/python3.7/site-packages/airflow/example_dags/example_latest_only_with_trigger.py took 0.177 seconds
[2024-09-28T23:30:24.109+0000] {processor.py:154} INFO - Started process (PID=42497) to work on /home/airflow/.local/lib/python3.7/site-packages/airflow/example_dags/example_latest_only_with_trigger.py
[2024-09-28T23:30:24.112+0000] {processor.py:756} INFO - Processing file /home/airflow/.local/lib/python3.7/site-packages/airflow/example_dags/example_latest_only_with_trigger.py for tasks to queue
[2024-09-28T23:30:24.116+0000] {logging_mixin.py:120} INFO - [2024-09-28T23:30:24.115+0000] {dagbag.py:537} INFO - Filling up the DagBag from /home/airflow/.local/lib/python3.7/site-packages/airflow/example_dags/example_latest_only_with_trigger.py
[2024-09-28T23:30:24.137+0000] {processor.py:766} INFO - DAG(s) dict_keys(['latest_only_with_trigger']) retrieved from /home/airflow/.local/lib/python3.7/site-packages/airflow/example_dags/example_latest_only_with_trigger.py
[2024-09-28T23:30:24.188+0000] {logging_mixin.py:120} INFO - [2024-09-28T23:30:24.188+0000] {dag.py:2585} INFO - Sync 1 DAGs
[2024-09-28T23:30:24.223+0000] {logging_mixin.py:120} INFO - [2024-09-28T23:30:24.223+0000] {dag.py:3340} INFO - Setting next_dagrun for latest_only_with_trigger to 2024-09-28T19:30:24.223194+00:00, run_after=2024-09-28T23:30:24.223194+00:00
[2024-09-28T23:30:24.247+0000] {processor.py:176} INFO - Processing /home/airflow/.local/lib/python3.7/site-packages/airflow/example_dags/example_latest_only_with_trigger.py took 0.142 seconds
[2024-09-28T23:30:55.622+0000] {processor.py:154} INFO - Started process (PID=42569) to work on /home/airflow/.local/lib/python3.7/site-packages/airflow/example_dags/example_latest_only_with_trigger.py
[2024-09-28T23:30:55.624+0000] {processor.py:756} INFO - Processing file /home/airflow/.local/lib/python3.7/site-packages/airflow/example_dags/example_latest_only_with_trigger.py for tasks to queue
[2024-09-28T23:30:55.626+0000] {logging_mixin.py:120} INFO - [2024-09-28T23:30:55.625+0000] {dagbag.py:537} INFO - Filling up the DagBag from /home/airflow/.local/lib/python3.7/site-packages/airflow/example_dags/example_latest_only_with_trigger.py
[2024-09-28T23:30:55.655+0000] {processor.py:766} INFO - DAG(s) dict_keys(['latest_only_with_trigger']) retrieved from /home/airflow/.local/lib/python3.7/site-packages/airflow/example_dags/example_latest_only_with_trigger.py
[2024-09-28T23:30:55.705+0000] {logging_mixin.py:120} INFO - [2024-09-28T23:30:55.705+0000] {dag.py:2585} INFO - Sync 1 DAGs
[2024-09-28T23:30:55.758+0000] {logging_mixin.py:120} INFO - [2024-09-28T23:30:55.758+0000] {dag.py:3340} INFO - Setting next_dagrun for latest_only_with_trigger to 2024-09-28T19:30:55.757764+00:00, run_after=2024-09-28T23:30:55.757764+00:00
[2024-09-28T23:30:55.796+0000] {processor.py:176} INFO - Processing /home/airflow/.local/lib/python3.7/site-packages/airflow/example_dags/example_latest_only_with_trigger.py took 0.179 seconds
[2024-09-28T23:31:26.441+0000] {processor.py:154} INFO - Started process (PID=42641) to work on /home/airflow/.local/lib/python3.7/site-packages/airflow/example_dags/example_latest_only_with_trigger.py
[2024-09-28T23:31:26.444+0000] {processor.py:756} INFO - Processing file /home/airflow/.local/lib/python3.7/site-packages/airflow/example_dags/example_latest_only_with_trigger.py for tasks to queue
[2024-09-28T23:31:26.446+0000] {logging_mixin.py:120} INFO - [2024-09-28T23:31:26.445+0000] {dagbag.py:537} INFO - Filling up the DagBag from /home/airflow/.local/lib/python3.7/site-packages/airflow/example_dags/example_latest_only_with_trigger.py
[2024-09-28T23:31:26.467+0000] {processor.py:766} INFO - DAG(s) dict_keys(['latest_only_with_trigger']) retrieved from /home/airflow/.local/lib/python3.7/site-packages/airflow/example_dags/example_latest_only_with_trigger.py
[2024-09-28T23:31:26.529+0000] {logging_mixin.py:120} INFO - [2024-09-28T23:31:26.529+0000] {dag.py:2585} INFO - Sync 1 DAGs
[2024-09-28T23:31:26.562+0000] {logging_mixin.py:120} INFO - [2024-09-28T23:31:26.562+0000] {dag.py:3340} INFO - Setting next_dagrun for latest_only_with_trigger to 2024-09-28T19:31:26.562169+00:00, run_after=2024-09-28T23:31:26.562169+00:00
[2024-09-28T23:31:26.589+0000] {processor.py:176} INFO - Processing /home/airflow/.local/lib/python3.7/site-packages/airflow/example_dags/example_latest_only_with_trigger.py took 0.153 seconds
[2024-09-28T23:31:57.050+0000] {processor.py:154} INFO - Started process (PID=42704) to work on /home/airflow/.local/lib/python3.7/site-packages/airflow/example_dags/example_latest_only_with_trigger.py
[2024-09-28T23:31:57.053+0000] {processor.py:756} INFO - Processing file /home/airflow/.local/lib/python3.7/site-packages/airflow/example_dags/example_latest_only_with_trigger.py for tasks to queue
[2024-09-28T23:31:57.054+0000] {logging_mixin.py:120} INFO - [2024-09-28T23:31:57.054+0000] {dagbag.py:537} INFO - Filling up the DagBag from /home/airflow/.local/lib/python3.7/site-packages/airflow/example_dags/example_latest_only_with_trigger.py
[2024-09-28T23:31:57.075+0000] {processor.py:766} INFO - DAG(s) dict_keys(['latest_only_with_trigger']) retrieved from /home/airflow/.local/lib/python3.7/site-packages/airflow/example_dags/example_latest_only_with_trigger.py
[2024-09-28T23:31:57.146+0000] {logging_mixin.py:120} INFO - [2024-09-28T23:31:57.146+0000] {dag.py:2585} INFO - Sync 1 DAGs
[2024-09-28T23:31:57.186+0000] {logging_mixin.py:120} INFO - [2024-09-28T23:31:57.186+0000] {dag.py:3340} INFO - Setting next_dagrun for latest_only_with_trigger to 2024-09-28T19:31:57.185905+00:00, run_after=2024-09-28T23:31:57.185905+00:00
[2024-09-28T23:31:57.211+0000] {processor.py:176} INFO - Processing /home/airflow/.local/lib/python3.7/site-packages/airflow/example_dags/example_latest_only_with_trigger.py took 0.165 seconds
[2024-09-28T23:32:27.996+0000] {processor.py:154} INFO - Started process (PID=42776) to work on /home/airflow/.local/lib/python3.7/site-packages/airflow/example_dags/example_latest_only_with_trigger.py
[2024-09-28T23:32:27.999+0000] {processor.py:756} INFO - Processing file /home/airflow/.local/lib/python3.7/site-packages/airflow/example_dags/example_latest_only_with_trigger.py for tasks to queue
[2024-09-28T23:32:28.001+0000] {logging_mixin.py:120} INFO - [2024-09-28T23:32:28.000+0000] {dagbag.py:537} INFO - Filling up the DagBag from /home/airflow/.local/lib/python3.7/site-packages/airflow/example_dags/example_latest_only_with_trigger.py
[2024-09-28T23:32:28.025+0000] {processor.py:766} INFO - DAG(s) dict_keys(['latest_only_with_trigger']) retrieved from /home/airflow/.local/lib/python3.7/site-packages/airflow/example_dags/example_latest_only_with_trigger.py
[2024-09-28T23:32:28.090+0000] {logging_mixin.py:120} INFO - [2024-09-28T23:32:28.090+0000] {dag.py:2585} INFO - Sync 1 DAGs
[2024-09-28T23:32:28.142+0000] {logging_mixin.py:120} INFO - [2024-09-28T23:32:28.142+0000] {dag.py:3340} INFO - Setting next_dagrun for latest_only_with_trigger to 2024-09-28T19:32:28.141680+00:00, run_after=2024-09-28T23:32:28.141680+00:00
[2024-09-28T23:32:28.185+0000] {processor.py:176} INFO - Processing /home/airflow/.local/lib/python3.7/site-packages/airflow/example_dags/example_latest_only_with_trigger.py took 0.193 seconds
[2024-09-28T23:32:58.753+0000] {processor.py:154} INFO - Started process (PID=42839) to work on /home/airflow/.local/lib/python3.7/site-packages/airflow/example_dags/example_latest_only_with_trigger.py
[2024-09-28T23:32:58.756+0000] {processor.py:756} INFO - Processing file /home/airflow/.local/lib/python3.7/site-packages/airflow/example_dags/example_latest_only_with_trigger.py for tasks to queue
[2024-09-28T23:32:58.756+0000] {logging_mixin.py:120} INFO - [2024-09-28T23:32:58.756+0000] {dagbag.py:537} INFO - Filling up the DagBag from /home/airflow/.local/lib/python3.7/site-packages/airflow/example_dags/example_latest_only_with_trigger.py
[2024-09-28T23:32:58.782+0000] {processor.py:766} INFO - DAG(s) dict_keys(['latest_only_with_trigger']) retrieved from /home/airflow/.local/lib/python3.7/site-packages/airflow/example_dags/example_latest_only_with_trigger.py
[2024-09-28T23:32:58.845+0000] {logging_mixin.py:120} INFO - [2024-09-28T23:32:58.845+0000] {dag.py:2585} INFO - Sync 1 DAGs
[2024-09-28T23:32:58.886+0000] {logging_mixin.py:120} INFO - [2024-09-28T23:32:58.886+0000] {dag.py:3340} INFO - Setting next_dagrun for latest_only_with_trigger to 2024-09-28T19:32:58.885806+00:00, run_after=2024-09-28T23:32:58.885806+00:00
[2024-09-28T23:32:58.915+0000] {processor.py:176} INFO - Processing /home/airflow/.local/lib/python3.7/site-packages/airflow/example_dags/example_latest_only_with_trigger.py took 0.167 seconds
[2024-09-28T23:33:29.898+0000] {processor.py:154} INFO - Started process (PID=42911) to work on /home/airflow/.local/lib/python3.7/site-packages/airflow/example_dags/example_latest_only_with_trigger.py
[2024-09-28T23:33:29.900+0000] {processor.py:756} INFO - Processing file /home/airflow/.local/lib/python3.7/site-packages/airflow/example_dags/example_latest_only_with_trigger.py for tasks to queue
[2024-09-28T23:33:29.901+0000] {logging_mixin.py:120} INFO - [2024-09-28T23:33:29.901+0000] {dagbag.py:537} INFO - Filling up the DagBag from /home/airflow/.local/lib/python3.7/site-packages/airflow/example_dags/example_latest_only_with_trigger.py
[2024-09-28T23:33:29.924+0000] {processor.py:766} INFO - DAG(s) dict_keys(['latest_only_with_trigger']) retrieved from /home/airflow/.local/lib/python3.7/site-packages/airflow/example_dags/example_latest_only_with_trigger.py
[2024-09-28T23:33:29.985+0000] {logging_mixin.py:120} INFO - [2024-09-28T23:33:29.985+0000] {dag.py:2585} INFO - Sync 1 DAGs
[2024-09-28T23:33:30.022+0000] {logging_mixin.py:120} INFO - [2024-09-28T23:33:30.022+0000] {dag.py:3340} INFO - Setting next_dagrun for latest_only_with_trigger to 2024-09-28T19:33:30.021933+00:00, run_after=2024-09-28T23:33:30.021933+00:00
[2024-09-28T23:33:30.056+0000] {processor.py:176} INFO - Processing /home/airflow/.local/lib/python3.7/site-packages/airflow/example_dags/example_latest_only_with_trigger.py took 0.163 seconds
[2024-09-28T23:34:00.786+0000] {processor.py:154} INFO - Started process (PID=42983) to work on /home/airflow/.local/lib/python3.7/site-packages/airflow/example_dags/example_latest_only_with_trigger.py
[2024-09-28T23:34:00.791+0000] {processor.py:756} INFO - Processing file /home/airflow/.local/lib/python3.7/site-packages/airflow/example_dags/example_latest_only_with_trigger.py for tasks to queue
[2024-09-28T23:34:00.792+0000] {logging_mixin.py:120} INFO - [2024-09-28T23:34:00.792+0000] {dagbag.py:537} INFO - Filling up the DagBag from /home/airflow/.local/lib/python3.7/site-packages/airflow/example_dags/example_latest_only_with_trigger.py
[2024-09-28T23:34:00.826+0000] {processor.py:766} INFO - DAG(s) dict_keys(['latest_only_with_trigger']) retrieved from /home/airflow/.local/lib/python3.7/site-packages/airflow/example_dags/example_latest_only_with_trigger.py
[2024-09-28T23:34:00.919+0000] {logging_mixin.py:120} INFO - [2024-09-28T23:34:00.919+0000] {dag.py:2585} INFO - Sync 1 DAGs
[2024-09-28T23:34:00.975+0000] {logging_mixin.py:120} INFO - [2024-09-28T23:34:00.975+0000] {dag.py:3340} INFO - Setting next_dagrun for latest_only_with_trigger to 2024-09-28T19:34:00.974698+00:00, run_after=2024-09-28T23:34:00.974698+00:00
[2024-09-28T23:34:01.020+0000] {processor.py:176} INFO - Processing /home/airflow/.local/lib/python3.7/site-packages/airflow/example_dags/example_latest_only_with_trigger.py took 0.239 seconds
[2024-09-28T23:34:31.103+0000] {processor.py:154} INFO - Started process (PID=43046) to work on /home/airflow/.local/lib/python3.7/site-packages/airflow/example_dags/example_latest_only_with_trigger.py
[2024-09-28T23:34:31.105+0000] {processor.py:756} INFO - Processing file /home/airflow/.local/lib/python3.7/site-packages/airflow/example_dags/example_latest_only_with_trigger.py for tasks to queue
[2024-09-28T23:34:31.106+0000] {logging_mixin.py:120} INFO - [2024-09-28T23:34:31.106+0000] {dagbag.py:537} INFO - Filling up the DagBag from /home/airflow/.local/lib/python3.7/site-packages/airflow/example_dags/example_latest_only_with_trigger.py
[2024-09-28T23:34:31.125+0000] {processor.py:766} INFO - DAG(s) dict_keys(['latest_only_with_trigger']) retrieved from /home/airflow/.local/lib/python3.7/site-packages/airflow/example_dags/example_latest_only_with_trigger.py
[2024-09-28T23:34:31.173+0000] {logging_mixin.py:120} INFO - [2024-09-28T23:34:31.173+0000] {dag.py:2585} INFO - Sync 1 DAGs
[2024-09-28T23:34:31.207+0000] {logging_mixin.py:120} INFO - [2024-09-28T23:34:31.207+0000] {dag.py:3340} INFO - Setting next_dagrun for latest_only_with_trigger to 2024-09-28T19:34:31.207218+00:00, run_after=2024-09-28T23:34:31.207218+00:00
[2024-09-28T23:34:31.233+0000] {processor.py:176} INFO - Processing /home/airflow/.local/lib/python3.7/site-packages/airflow/example_dags/example_latest_only_with_trigger.py took 0.134 seconds
[2024-09-28T23:35:01.473+0000] {processor.py:154} INFO - Started process (PID=43118) to work on /home/airflow/.local/lib/python3.7/site-packages/airflow/example_dags/example_latest_only_with_trigger.py
[2024-09-28T23:35:01.479+0000] {processor.py:756} INFO - Processing file /home/airflow/.local/lib/python3.7/site-packages/airflow/example_dags/example_latest_only_with_trigger.py for tasks to queue
[2024-09-28T23:35:01.480+0000] {logging_mixin.py:120} INFO - [2024-09-28T23:35:01.480+0000] {dagbag.py:537} INFO - Filling up the DagBag from /home/airflow/.local/lib/python3.7/site-packages/airflow/example_dags/example_latest_only_with_trigger.py
[2024-09-28T23:35:01.503+0000] {processor.py:766} INFO - DAG(s) dict_keys(['latest_only_with_trigger']) retrieved from /home/airflow/.local/lib/python3.7/site-packages/airflow/example_dags/example_latest_only_with_trigger.py
[2024-09-28T23:35:01.553+0000] {logging_mixin.py:120} INFO - [2024-09-28T23:35:01.553+0000] {dag.py:2585} INFO - Sync 1 DAGs
[2024-09-28T23:35:01.585+0000] {logging_mixin.py:120} INFO - [2024-09-28T23:35:01.584+0000] {dag.py:3340} INFO - Setting next_dagrun for latest_only_with_trigger to 2024-09-28T19:35:01.584673+00:00, run_after=2024-09-28T23:35:01.584673+00:00
[2024-09-28T23:35:01.609+0000] {processor.py:176} INFO - Processing /home/airflow/.local/lib/python3.7/site-packages/airflow/example_dags/example_latest_only_with_trigger.py took 0.141 seconds
[2024-09-28T23:35:31.963+0000] {processor.py:154} INFO - Started process (PID=43189) to work on /home/airflow/.local/lib/python3.7/site-packages/airflow/example_dags/example_latest_only_with_trigger.py
[2024-09-28T23:35:31.968+0000] {processor.py:756} INFO - Processing file /home/airflow/.local/lib/python3.7/site-packages/airflow/example_dags/example_latest_only_with_trigger.py for tasks to queue
[2024-09-28T23:35:31.969+0000] {logging_mixin.py:120} INFO - [2024-09-28T23:35:31.969+0000] {dagbag.py:537} INFO - Filling up the DagBag from /home/airflow/.local/lib/python3.7/site-packages/airflow/example_dags/example_latest_only_with_trigger.py
[2024-09-28T23:35:31.994+0000] {processor.py:766} INFO - DAG(s) dict_keys(['latest_only_with_trigger']) retrieved from /home/airflow/.local/lib/python3.7/site-packages/airflow/example_dags/example_latest_only_with_trigger.py
[2024-09-28T23:35:32.054+0000] {logging_mixin.py:120} INFO - [2024-09-28T23:35:32.054+0000] {dag.py:2585} INFO - Sync 1 DAGs
[2024-09-28T23:35:32.097+0000] {logging_mixin.py:120} INFO - [2024-09-28T23:35:32.097+0000] {dag.py:3340} INFO - Setting next_dagrun for latest_only_with_trigger to 2024-09-28T19:35:32.096821+00:00, run_after=2024-09-28T23:35:32.096821+00:00
[2024-09-28T23:35:32.140+0000] {processor.py:176} INFO - Processing /home/airflow/.local/lib/python3.7/site-packages/airflow/example_dags/example_latest_only_with_trigger.py took 0.182 seconds
[2024-09-28T23:36:02.590+0000] {processor.py:154} INFO - Started process (PID=43252) to work on /home/airflow/.local/lib/python3.7/site-packages/airflow/example_dags/example_latest_only_with_trigger.py
[2024-09-28T23:36:02.593+0000] {processor.py:756} INFO - Processing file /home/airflow/.local/lib/python3.7/site-packages/airflow/example_dags/example_latest_only_with_trigger.py for tasks to queue
[2024-09-28T23:36:02.594+0000] {logging_mixin.py:120} INFO - [2024-09-28T23:36:02.594+0000] {dagbag.py:537} INFO - Filling up the DagBag from /home/airflow/.local/lib/python3.7/site-packages/airflow/example_dags/example_latest_only_with_trigger.py
[2024-09-28T23:36:02.612+0000] {processor.py:766} INFO - DAG(s) dict_keys(['latest_only_with_trigger']) retrieved from /home/airflow/.local/lib/python3.7/site-packages/airflow/example_dags/example_latest_only_with_trigger.py
[2024-09-28T23:36:02.665+0000] {logging_mixin.py:120} INFO - [2024-09-28T23:36:02.665+0000] {dag.py:2585} INFO - Sync 1 DAGs
[2024-09-28T23:36:02.702+0000] {logging_mixin.py:120} INFO - [2024-09-28T23:36:02.702+0000] {dag.py:3340} INFO - Setting next_dagrun for latest_only_with_trigger to 2024-09-28T19:36:02.701861+00:00, run_after=2024-09-28T23:36:02.701861+00:00
[2024-09-28T23:36:02.730+0000] {processor.py:176} INFO - Processing /home/airflow/.local/lib/python3.7/site-packages/airflow/example_dags/example_latest_only_with_trigger.py took 0.146 seconds
[2024-09-28T23:36:33.884+0000] {processor.py:154} INFO - Started process (PID=43324) to work on /home/airflow/.local/lib/python3.7/site-packages/airflow/example_dags/example_latest_only_with_trigger.py
[2024-09-28T23:36:33.887+0000] {processor.py:756} INFO - Processing file /home/airflow/.local/lib/python3.7/site-packages/airflow/example_dags/example_latest_only_with_trigger.py for tasks to queue
[2024-09-28T23:36:33.888+0000] {logging_mixin.py:120} INFO - [2024-09-28T23:36:33.888+0000] {dagbag.py:537} INFO - Filling up the DagBag from /home/airflow/.local/lib/python3.7/site-packages/airflow/example_dags/example_latest_only_with_trigger.py
[2024-09-28T23:36:33.907+0000] {processor.py:766} INFO - DAG(s) dict_keys(['latest_only_with_trigger']) retrieved from /home/airflow/.local/lib/python3.7/site-packages/airflow/example_dags/example_latest_only_with_trigger.py
[2024-09-28T23:36:33.956+0000] {logging_mixin.py:120} INFO - [2024-09-28T23:36:33.956+0000] {dag.py:2585} INFO - Sync 1 DAGs
[2024-09-28T23:36:33.986+0000] {logging_mixin.py:120} INFO - [2024-09-28T23:36:33.986+0000] {dag.py:3340} INFO - Setting next_dagrun for latest_only_with_trigger to 2024-09-28T19:36:33.985922+00:00, run_after=2024-09-28T23:36:33.985922+00:00
[2024-09-28T23:36:34.009+0000] {processor.py:176} INFO - Processing /home/airflow/.local/lib/python3.7/site-packages/airflow/example_dags/example_latest_only_with_trigger.py took 0.129 seconds
[2024-09-28T23:37:04.258+0000] {processor.py:154} INFO - Started process (PID=43396) to work on /home/airflow/.local/lib/python3.7/site-packages/airflow/example_dags/example_latest_only_with_trigger.py
[2024-09-28T23:37:04.261+0000] {processor.py:756} INFO - Processing file /home/airflow/.local/lib/python3.7/site-packages/airflow/example_dags/example_latest_only_with_trigger.py for tasks to queue
[2024-09-28T23:37:04.262+0000] {logging_mixin.py:120} INFO - [2024-09-28T23:37:04.262+0000] {dagbag.py:537} INFO - Filling up the DagBag from /home/airflow/.local/lib/python3.7/site-packages/airflow/example_dags/example_latest_only_with_trigger.py
[2024-09-28T23:37:04.281+0000] {processor.py:766} INFO - DAG(s) dict_keys(['latest_only_with_trigger']) retrieved from /home/airflow/.local/lib/python3.7/site-packages/airflow/example_dags/example_latest_only_with_trigger.py
[2024-09-28T23:37:04.327+0000] {logging_mixin.py:120} INFO - [2024-09-28T23:37:04.327+0000] {dag.py:2585} INFO - Sync 1 DAGs
[2024-09-28T23:37:04.354+0000] {logging_mixin.py:120} INFO - [2024-09-28T23:37:04.354+0000] {dag.py:3340} INFO - Setting next_dagrun for latest_only_with_trigger to 2024-09-28T19:37:04.354464+00:00, run_after=2024-09-28T23:37:04.354464+00:00
[2024-09-28T23:37:04.376+0000] {processor.py:176} INFO - Processing /home/airflow/.local/lib/python3.7/site-packages/airflow/example_dags/example_latest_only_with_trigger.py took 0.122 seconds
[2024-09-28T23:37:34.452+0000] {processor.py:154} INFO - Started process (PID=43457) to work on /home/airflow/.local/lib/python3.7/site-packages/airflow/example_dags/example_latest_only_with_trigger.py
[2024-09-28T23:37:34.454+0000] {processor.py:756} INFO - Processing file /home/airflow/.local/lib/python3.7/site-packages/airflow/example_dags/example_latest_only_with_trigger.py for tasks to queue
[2024-09-28T23:37:34.456+0000] {logging_mixin.py:120} INFO - [2024-09-28T23:37:34.455+0000] {dagbag.py:537} INFO - Filling up the DagBag from /home/airflow/.local/lib/python3.7/site-packages/airflow/example_dags/example_latest_only_with_trigger.py
[2024-09-28T23:37:34.474+0000] {processor.py:766} INFO - DAG(s) dict_keys(['latest_only_with_trigger']) retrieved from /home/airflow/.local/lib/python3.7/site-packages/airflow/example_dags/example_latest_only_with_trigger.py
[2024-09-28T23:37:34.521+0000] {logging_mixin.py:120} INFO - [2024-09-28T23:37:34.521+0000] {dag.py:2585} INFO - Sync 1 DAGs
[2024-09-28T23:37:34.551+0000] {logging_mixin.py:120} INFO - [2024-09-28T23:37:34.550+0000] {dag.py:3340} INFO - Setting next_dagrun for latest_only_with_trigger to 2024-09-28T19:37:34.550676+00:00, run_after=2024-09-28T23:37:34.550676+00:00
[2024-09-28T23:37:34.578+0000] {processor.py:176} INFO - Processing /home/airflow/.local/lib/python3.7/site-packages/airflow/example_dags/example_latest_only_with_trigger.py took 0.130 seconds
[2024-09-28T23:38:05.494+0000] {processor.py:154} INFO - Started process (PID=43529) to work on /home/airflow/.local/lib/python3.7/site-packages/airflow/example_dags/example_latest_only_with_trigger.py
[2024-09-28T23:38:05.498+0000] {processor.py:756} INFO - Processing file /home/airflow/.local/lib/python3.7/site-packages/airflow/example_dags/example_latest_only_with_trigger.py for tasks to queue
[2024-09-28T23:38:05.499+0000] {logging_mixin.py:120} INFO - [2024-09-28T23:38:05.499+0000] {dagbag.py:537} INFO - Filling up the DagBag from /home/airflow/.local/lib/python3.7/site-packages/airflow/example_dags/example_latest_only_with_trigger.py
[2024-09-28T23:38:05.526+0000] {processor.py:766} INFO - DAG(s) dict_keys(['latest_only_with_trigger']) retrieved from /home/airflow/.local/lib/python3.7/site-packages/airflow/example_dags/example_latest_only_with_trigger.py
[2024-09-28T23:38:05.584+0000] {logging_mixin.py:120} INFO - [2024-09-28T23:38:05.584+0000] {dag.py:2585} INFO - Sync 1 DAGs
[2024-09-28T23:38:05.619+0000] {logging_mixin.py:120} INFO - [2024-09-28T23:38:05.619+0000] {dag.py:3340} INFO - Setting next_dagrun for latest_only_with_trigger to 2024-09-28T19:38:05.619057+00:00, run_after=2024-09-28T23:38:05.619057+00:00
[2024-09-28T23:38:05.647+0000] {processor.py:176} INFO - Processing /home/airflow/.local/lib/python3.7/site-packages/airflow/example_dags/example_latest_only_with_trigger.py took 0.158 seconds
[2024-09-28T23:38:36.287+0000] {processor.py:154} INFO - Started process (PID=43601) to work on /home/airflow/.local/lib/python3.7/site-packages/airflow/example_dags/example_latest_only_with_trigger.py
[2024-09-28T23:38:36.291+0000] {processor.py:756} INFO - Processing file /home/airflow/.local/lib/python3.7/site-packages/airflow/example_dags/example_latest_only_with_trigger.py for tasks to queue
[2024-09-28T23:38:36.293+0000] {logging_mixin.py:120} INFO - [2024-09-28T23:38:36.293+0000] {dagbag.py:537} INFO - Filling up the DagBag from /home/airflow/.local/lib/python3.7/site-packages/airflow/example_dags/example_latest_only_with_trigger.py
[2024-09-28T23:38:36.323+0000] {processor.py:766} INFO - DAG(s) dict_keys(['latest_only_with_trigger']) retrieved from /home/airflow/.local/lib/python3.7/site-packages/airflow/example_dags/example_latest_only_with_trigger.py
[2024-09-28T23:38:36.403+0000] {logging_mixin.py:120} INFO - [2024-09-28T23:38:36.402+0000] {dag.py:2585} INFO - Sync 1 DAGs
[2024-09-28T23:38:36.456+0000] {logging_mixin.py:120} INFO - [2024-09-28T23:38:36.456+0000] {dag.py:3340} INFO - Setting next_dagrun for latest_only_with_trigger to 2024-09-28T19:38:36.456201+00:00, run_after=2024-09-28T23:38:36.456201+00:00
[2024-09-28T23:38:36.492+0000] {processor.py:176} INFO - Processing /home/airflow/.local/lib/python3.7/site-packages/airflow/example_dags/example_latest_only_with_trigger.py took 0.213 seconds
[2024-09-28T23:39:06.573+0000] {processor.py:154} INFO - Started process (PID=43663) to work on /home/airflow/.local/lib/python3.7/site-packages/airflow/example_dags/example_latest_only_with_trigger.py
[2024-09-28T23:39:06.577+0000] {processor.py:756} INFO - Processing file /home/airflow/.local/lib/python3.7/site-packages/airflow/example_dags/example_latest_only_with_trigger.py for tasks to queue
[2024-09-28T23:39:06.578+0000] {logging_mixin.py:120} INFO - [2024-09-28T23:39:06.578+0000] {dagbag.py:537} INFO - Filling up the DagBag from /home/airflow/.local/lib/python3.7/site-packages/airflow/example_dags/example_latest_only_with_trigger.py
[2024-09-28T23:39:06.598+0000] {processor.py:766} INFO - DAG(s) dict_keys(['latest_only_with_trigger']) retrieved from /home/airflow/.local/lib/python3.7/site-packages/airflow/example_dags/example_latest_only_with_trigger.py
[2024-09-28T23:39:06.648+0000] {logging_mixin.py:120} INFO - [2024-09-28T23:39:06.648+0000] {dag.py:2585} INFO - Sync 1 DAGs
[2024-09-28T23:39:06.679+0000] {logging_mixin.py:120} INFO - [2024-09-28T23:39:06.678+0000] {dag.py:3340} INFO - Setting next_dagrun for latest_only_with_trigger to 2024-09-28T19:39:06.678625+00:00, run_after=2024-09-28T23:39:06.678625+00:00
[2024-09-28T23:39:06.702+0000] {processor.py:176} INFO - Processing /home/airflow/.local/lib/python3.7/site-packages/airflow/example_dags/example_latest_only_with_trigger.py took 0.134 seconds
[2024-09-28T23:39:36.909+0000] {processor.py:154} INFO - Started process (PID=43735) to work on /home/airflow/.local/lib/python3.7/site-packages/airflow/example_dags/example_latest_only_with_trigger.py
[2024-09-28T23:39:36.912+0000] {processor.py:756} INFO - Processing file /home/airflow/.local/lib/python3.7/site-packages/airflow/example_dags/example_latest_only_with_trigger.py for tasks to queue
[2024-09-28T23:39:36.913+0000] {logging_mixin.py:120} INFO - [2024-09-28T23:39:36.912+0000] {dagbag.py:537} INFO - Filling up the DagBag from /home/airflow/.local/lib/python3.7/site-packages/airflow/example_dags/example_latest_only_with_trigger.py
[2024-09-28T23:39:36.933+0000] {processor.py:766} INFO - DAG(s) dict_keys(['latest_only_with_trigger']) retrieved from /home/airflow/.local/lib/python3.7/site-packages/airflow/example_dags/example_latest_only_with_trigger.py
[2024-09-28T23:39:36.982+0000] {logging_mixin.py:120} INFO - [2024-09-28T23:39:36.982+0000] {dag.py:2585} INFO - Sync 1 DAGs
[2024-09-28T23:39:37.013+0000] {logging_mixin.py:120} INFO - [2024-09-28T23:39:37.013+0000] {dag.py:3340} INFO - Setting next_dagrun for latest_only_with_trigger to 2024-09-28T19:39:37.013043+00:00, run_after=2024-09-28T23:39:37.013043+00:00
[2024-09-28T23:39:37.038+0000] {processor.py:176} INFO - Processing /home/airflow/.local/lib/python3.7/site-packages/airflow/example_dags/example_latest_only_with_trigger.py took 0.134 seconds
[2024-09-28T23:40:07.204+0000] {processor.py:154} INFO - Started process (PID=43807) to work on /home/airflow/.local/lib/python3.7/site-packages/airflow/example_dags/example_latest_only_with_trigger.py
[2024-09-28T23:40:07.207+0000] {processor.py:756} INFO - Processing file /home/airflow/.local/lib/python3.7/site-packages/airflow/example_dags/example_latest_only_with_trigger.py for tasks to queue
[2024-09-28T23:40:07.208+0000] {logging_mixin.py:120} INFO - [2024-09-28T23:40:07.208+0000] {dagbag.py:537} INFO - Filling up the DagBag from /home/airflow/.local/lib/python3.7/site-packages/airflow/example_dags/example_latest_only_with_trigger.py
[2024-09-28T23:40:07.227+0000] {processor.py:766} INFO - DAG(s) dict_keys(['latest_only_with_trigger']) retrieved from /home/airflow/.local/lib/python3.7/site-packages/airflow/example_dags/example_latest_only_with_trigger.py
[2024-09-28T23:40:07.279+0000] {logging_mixin.py:120} INFO - [2024-09-28T23:40:07.279+0000] {dag.py:2585} INFO - Sync 1 DAGs
[2024-09-28T23:40:07.312+0000] {logging_mixin.py:120} INFO - [2024-09-28T23:40:07.312+0000] {dag.py:3340} INFO - Setting next_dagrun for latest_only_with_trigger to 2024-09-28T19:40:07.312134+00:00, run_after=2024-09-28T23:40:07.312134+00:00
[2024-09-28T23:40:07.338+0000] {processor.py:176} INFO - Processing /home/airflow/.local/lib/python3.7/site-packages/airflow/example_dags/example_latest_only_with_trigger.py took 0.139 seconds
[2024-09-28T23:40:37.775+0000] {processor.py:154} INFO - Started process (PID=43870) to work on /home/airflow/.local/lib/python3.7/site-packages/airflow/example_dags/example_latest_only_with_trigger.py
[2024-09-28T23:40:37.778+0000] {processor.py:756} INFO - Processing file /home/airflow/.local/lib/python3.7/site-packages/airflow/example_dags/example_latest_only_with_trigger.py for tasks to queue
[2024-09-28T23:40:37.779+0000] {logging_mixin.py:120} INFO - [2024-09-28T23:40:37.779+0000] {dagbag.py:537} INFO - Filling up the DagBag from /home/airflow/.local/lib/python3.7/site-packages/airflow/example_dags/example_latest_only_with_trigger.py
[2024-09-28T23:40:37.797+0000] {processor.py:766} INFO - DAG(s) dict_keys(['latest_only_with_trigger']) retrieved from /home/airflow/.local/lib/python3.7/site-packages/airflow/example_dags/example_latest_only_with_trigger.py
[2024-09-28T23:40:37.849+0000] {logging_mixin.py:120} INFO - [2024-09-28T23:40:37.849+0000] {dag.py:2585} INFO - Sync 1 DAGs
[2024-09-28T23:40:37.881+0000] {logging_mixin.py:120} INFO - [2024-09-28T23:40:37.880+0000] {dag.py:3340} INFO - Setting next_dagrun for latest_only_with_trigger to 2024-09-28T19:40:37.880626+00:00, run_after=2024-09-28T23:40:37.880626+00:00
[2024-09-28T23:40:37.906+0000] {processor.py:176} INFO - Processing /home/airflow/.local/lib/python3.7/site-packages/airflow/example_dags/example_latest_only_with_trigger.py took 0.135 seconds
[2024-09-28T23:41:07.999+0000] {processor.py:154} INFO - Started process (PID=43942) to work on /home/airflow/.local/lib/python3.7/site-packages/airflow/example_dags/example_latest_only_with_trigger.py
[2024-09-28T23:41:08.009+0000] {processor.py:756} INFO - Processing file /home/airflow/.local/lib/python3.7/site-packages/airflow/example_dags/example_latest_only_with_trigger.py for tasks to queue
[2024-09-28T23:41:08.013+0000] {logging_mixin.py:120} INFO - [2024-09-28T23:41:08.012+0000] {dagbag.py:537} INFO - Filling up the DagBag from /home/airflow/.local/lib/python3.7/site-packages/airflow/example_dags/example_latest_only_with_trigger.py
[2024-09-28T23:41:08.056+0000] {processor.py:766} INFO - DAG(s) dict_keys(['latest_only_with_trigger']) retrieved from /home/airflow/.local/lib/python3.7/site-packages/airflow/example_dags/example_latest_only_with_trigger.py
[2024-09-28T23:41:08.171+0000] {logging_mixin.py:120} INFO - [2024-09-28T23:41:08.170+0000] {dag.py:2585} INFO - Sync 1 DAGs
[2024-09-28T23:41:08.238+0000] {logging_mixin.py:120} INFO - [2024-09-28T23:41:08.237+0000] {dag.py:3340} INFO - Setting next_dagrun for latest_only_with_trigger to 2024-09-28T19:41:08.237369+00:00, run_after=2024-09-28T23:41:08.237369+00:00
[2024-09-28T23:41:08.302+0000] {processor.py:176} INFO - Processing /home/airflow/.local/lib/python3.7/site-packages/airflow/example_dags/example_latest_only_with_trigger.py took 0.312 seconds
[2024-09-28T23:41:39.169+0000] {processor.py:154} INFO - Started process (PID=44005) to work on /home/airflow/.local/lib/python3.7/site-packages/airflow/example_dags/example_latest_only_with_trigger.py
[2024-09-28T23:41:39.172+0000] {processor.py:756} INFO - Processing file /home/airflow/.local/lib/python3.7/site-packages/airflow/example_dags/example_latest_only_with_trigger.py for tasks to queue
[2024-09-28T23:41:39.173+0000] {logging_mixin.py:120} INFO - [2024-09-28T23:41:39.173+0000] {dagbag.py:537} INFO - Filling up the DagBag from /home/airflow/.local/lib/python3.7/site-packages/airflow/example_dags/example_latest_only_with_trigger.py
[2024-09-28T23:41:39.192+0000] {processor.py:766} INFO - DAG(s) dict_keys(['latest_only_with_trigger']) retrieved from /home/airflow/.local/lib/python3.7/site-packages/airflow/example_dags/example_latest_only_with_trigger.py
[2024-09-28T23:41:39.240+0000] {logging_mixin.py:120} INFO - [2024-09-28T23:41:39.240+0000] {dag.py:2585} INFO - Sync 1 DAGs
[2024-09-28T23:41:39.271+0000] {logging_mixin.py:120} INFO - [2024-09-28T23:41:39.271+0000] {dag.py:3340} INFO - Setting next_dagrun for latest_only_with_trigger to 2024-09-28T19:41:39.271145+00:00, run_after=2024-09-28T23:41:39.271145+00:00
[2024-09-28T23:41:39.296+0000] {processor.py:176} INFO - Processing /home/airflow/.local/lib/python3.7/site-packages/airflow/example_dags/example_latest_only_with_trigger.py took 0.131 seconds
[2024-09-28T23:42:09.676+0000] {processor.py:154} INFO - Started process (PID=44076) to work on /home/airflow/.local/lib/python3.7/site-packages/airflow/example_dags/example_latest_only_with_trigger.py
[2024-09-28T23:42:09.679+0000] {processor.py:756} INFO - Processing file /home/airflow/.local/lib/python3.7/site-packages/airflow/example_dags/example_latest_only_with_trigger.py for tasks to queue
[2024-09-28T23:42:09.680+0000] {logging_mixin.py:120} INFO - [2024-09-28T23:42:09.680+0000] {dagbag.py:537} INFO - Filling up the DagBag from /home/airflow/.local/lib/python3.7/site-packages/airflow/example_dags/example_latest_only_with_trigger.py
[2024-09-28T23:42:09.698+0000] {processor.py:766} INFO - DAG(s) dict_keys(['latest_only_with_trigger']) retrieved from /home/airflow/.local/lib/python3.7/site-packages/airflow/example_dags/example_latest_only_with_trigger.py
[2024-09-28T23:42:09.749+0000] {logging_mixin.py:120} INFO - [2024-09-28T23:42:09.749+0000] {dag.py:2585} INFO - Sync 1 DAGs
[2024-09-28T23:42:09.789+0000] {logging_mixin.py:120} INFO - [2024-09-28T23:42:09.788+0000] {dag.py:3340} INFO - Setting next_dagrun for latest_only_with_trigger to 2024-09-28T19:42:09.788575+00:00, run_after=2024-09-28T23:42:09.788575+00:00
[2024-09-28T23:42:09.818+0000] {processor.py:176} INFO - Processing /home/airflow/.local/lib/python3.7/site-packages/airflow/example_dags/example_latest_only_with_trigger.py took 0.145 seconds
[2024-09-28T23:42:40.322+0000] {processor.py:154} INFO - Started process (PID=44146) to work on /home/airflow/.local/lib/python3.7/site-packages/airflow/example_dags/example_latest_only_with_trigger.py
[2024-09-28T23:42:40.326+0000] {processor.py:756} INFO - Processing file /home/airflow/.local/lib/python3.7/site-packages/airflow/example_dags/example_latest_only_with_trigger.py for tasks to queue
[2024-09-28T23:42:40.328+0000] {logging_mixin.py:120} INFO - [2024-09-28T23:42:40.328+0000] {dagbag.py:537} INFO - Filling up the DagBag from /home/airflow/.local/lib/python3.7/site-packages/airflow/example_dags/example_latest_only_with_trigger.py
[2024-09-28T23:42:40.353+0000] {processor.py:766} INFO - DAG(s) dict_keys(['latest_only_with_trigger']) retrieved from /home/airflow/.local/lib/python3.7/site-packages/airflow/example_dags/example_latest_only_with_trigger.py
[2024-09-28T23:42:40.422+0000] {logging_mixin.py:120} INFO - [2024-09-28T23:42:40.422+0000] {dag.py:2585} INFO - Sync 1 DAGs
[2024-09-28T23:42:40.460+0000] {logging_mixin.py:120} INFO - [2024-09-28T23:42:40.460+0000] {dag.py:3340} INFO - Setting next_dagrun for latest_only_with_trigger to 2024-09-28T19:42:40.460174+00:00, run_after=2024-09-28T23:42:40.460174+00:00
[2024-09-28T23:42:40.487+0000] {processor.py:176} INFO - Processing /home/airflow/.local/lib/python3.7/site-packages/airflow/example_dags/example_latest_only_with_trigger.py took 0.170 seconds
[2024-09-28T23:43:10.867+0000] {processor.py:154} INFO - Started process (PID=44211) to work on /home/airflow/.local/lib/python3.7/site-packages/airflow/example_dags/example_latest_only_with_trigger.py
[2024-09-28T23:43:10.871+0000] {processor.py:756} INFO - Processing file /home/airflow/.local/lib/python3.7/site-packages/airflow/example_dags/example_latest_only_with_trigger.py for tasks to queue
[2024-09-28T23:43:10.872+0000] {logging_mixin.py:120} INFO - [2024-09-28T23:43:10.872+0000] {dagbag.py:537} INFO - Filling up the DagBag from /home/airflow/.local/lib/python3.7/site-packages/airflow/example_dags/example_latest_only_with_trigger.py
[2024-09-28T23:43:10.890+0000] {processor.py:766} INFO - DAG(s) dict_keys(['latest_only_with_trigger']) retrieved from /home/airflow/.local/lib/python3.7/site-packages/airflow/example_dags/example_latest_only_with_trigger.py
[2024-09-28T23:43:10.947+0000] {logging_mixin.py:120} INFO - [2024-09-28T23:43:10.947+0000] {dag.py:2585} INFO - Sync 1 DAGs
[2024-09-28T23:43:10.982+0000] {logging_mixin.py:120} INFO - [2024-09-28T23:43:10.981+0000] {dag.py:3340} INFO - Setting next_dagrun for latest_only_with_trigger to 2024-09-28T19:43:10.981689+00:00, run_after=2024-09-28T23:43:10.981689+00:00
[2024-09-28T23:43:11.013+0000] {processor.py:176} INFO - Processing /home/airflow/.local/lib/python3.7/site-packages/airflow/example_dags/example_latest_only_with_trigger.py took 0.150 seconds
[2024-09-28T23:43:41.415+0000] {processor.py:154} INFO - Started process (PID=44283) to work on /home/airflow/.local/lib/python3.7/site-packages/airflow/example_dags/example_latest_only_with_trigger.py
[2024-09-28T23:43:41.420+0000] {processor.py:756} INFO - Processing file /home/airflow/.local/lib/python3.7/site-packages/airflow/example_dags/example_latest_only_with_trigger.py for tasks to queue
[2024-09-28T23:43:41.421+0000] {logging_mixin.py:120} INFO - [2024-09-28T23:43:41.421+0000] {dagbag.py:537} INFO - Filling up the DagBag from /home/airflow/.local/lib/python3.7/site-packages/airflow/example_dags/example_latest_only_with_trigger.py
[2024-09-28T23:43:41.442+0000] {processor.py:766} INFO - DAG(s) dict_keys(['latest_only_with_trigger']) retrieved from /home/airflow/.local/lib/python3.7/site-packages/airflow/example_dags/example_latest_only_with_trigger.py
[2024-09-28T23:43:41.494+0000] {logging_mixin.py:120} INFO - [2024-09-28T23:43:41.494+0000] {dag.py:2585} INFO - Sync 1 DAGs
[2024-09-28T23:43:41.536+0000] {logging_mixin.py:120} INFO - [2024-09-28T23:43:41.536+0000] {dag.py:3340} INFO - Setting next_dagrun for latest_only_with_trigger to 2024-09-28T19:43:41.536083+00:00, run_after=2024-09-28T23:43:41.536083+00:00
[2024-09-28T23:43:41.562+0000] {processor.py:176} INFO - Processing /home/airflow/.local/lib/python3.7/site-packages/airflow/example_dags/example_latest_only_with_trigger.py took 0.151 seconds
[2024-09-28T23:44:11.890+0000] {processor.py:154} INFO - Started process (PID=44346) to work on /home/airflow/.local/lib/python3.7/site-packages/airflow/example_dags/example_latest_only_with_trigger.py
[2024-09-28T23:44:11.893+0000] {processor.py:756} INFO - Processing file /home/airflow/.local/lib/python3.7/site-packages/airflow/example_dags/example_latest_only_with_trigger.py for tasks to queue
[2024-09-28T23:44:11.895+0000] {logging_mixin.py:120} INFO - [2024-09-28T23:44:11.894+0000] {dagbag.py:537} INFO - Filling up the DagBag from /home/airflow/.local/lib/python3.7/site-packages/airflow/example_dags/example_latest_only_with_trigger.py
[2024-09-28T23:44:11.925+0000] {processor.py:766} INFO - DAG(s) dict_keys(['latest_only_with_trigger']) retrieved from /home/airflow/.local/lib/python3.7/site-packages/airflow/example_dags/example_latest_only_with_trigger.py
[2024-09-28T23:44:11.999+0000] {logging_mixin.py:120} INFO - [2024-09-28T23:44:11.999+0000] {dag.py:2585} INFO - Sync 1 DAGs
[2024-09-28T23:44:12.042+0000] {logging_mixin.py:120} INFO - [2024-09-28T23:44:12.042+0000] {dag.py:3340} INFO - Setting next_dagrun for latest_only_with_trigger to 2024-09-28T19:44:12.041981+00:00, run_after=2024-09-28T23:44:12.041981+00:00
[2024-09-28T23:44:12.077+0000] {processor.py:176} INFO - Processing /home/airflow/.local/lib/python3.7/site-packages/airflow/example_dags/example_latest_only_with_trigger.py took 0.192 seconds
[2024-09-28T23:44:42.174+0000] {processor.py:154} INFO - Started process (PID=44418) to work on /home/airflow/.local/lib/python3.7/site-packages/airflow/example_dags/example_latest_only_with_trigger.py
[2024-09-28T23:44:42.178+0000] {processor.py:756} INFO - Processing file /home/airflow/.local/lib/python3.7/site-packages/airflow/example_dags/example_latest_only_with_trigger.py for tasks to queue
[2024-09-28T23:44:42.179+0000] {logging_mixin.py:120} INFO - [2024-09-28T23:44:42.179+0000] {dagbag.py:537} INFO - Filling up the DagBag from /home/airflow/.local/lib/python3.7/site-packages/airflow/example_dags/example_latest_only_with_trigger.py
[2024-09-28T23:44:42.200+0000] {processor.py:766} INFO - DAG(s) dict_keys(['latest_only_with_trigger']) retrieved from /home/airflow/.local/lib/python3.7/site-packages/airflow/example_dags/example_latest_only_with_trigger.py
[2024-09-28T23:44:42.254+0000] {logging_mixin.py:120} INFO - [2024-09-28T23:44:42.253+0000] {dag.py:2585} INFO - Sync 1 DAGs
[2024-09-28T23:44:42.288+0000] {logging_mixin.py:120} INFO - [2024-09-28T23:44:42.288+0000] {dag.py:3340} INFO - Setting next_dagrun for latest_only_with_trigger to 2024-09-28T19:44:42.288248+00:00, run_after=2024-09-28T23:44:42.288248+00:00
[2024-09-28T23:44:42.318+0000] {processor.py:176} INFO - Processing /home/airflow/.local/lib/python3.7/site-packages/airflow/example_dags/example_latest_only_with_trigger.py took 0.148 seconds
[2024-09-28T23:45:13.231+0000] {processor.py:154} INFO - Started process (PID=44490) to work on /home/airflow/.local/lib/python3.7/site-packages/airflow/example_dags/example_latest_only_with_trigger.py
[2024-09-28T23:45:13.234+0000] {processor.py:756} INFO - Processing file /home/airflow/.local/lib/python3.7/site-packages/airflow/example_dags/example_latest_only_with_trigger.py for tasks to queue
[2024-09-28T23:45:13.237+0000] {logging_mixin.py:120} INFO - [2024-09-28T23:45:13.237+0000] {dagbag.py:537} INFO - Filling up the DagBag from /home/airflow/.local/lib/python3.7/site-packages/airflow/example_dags/example_latest_only_with_trigger.py
[2024-09-28T23:45:13.258+0000] {processor.py:766} INFO - DAG(s) dict_keys(['latest_only_with_trigger']) retrieved from /home/airflow/.local/lib/python3.7/site-packages/airflow/example_dags/example_latest_only_with_trigger.py
[2024-09-28T23:45:13.315+0000] {logging_mixin.py:120} INFO - [2024-09-28T23:45:13.315+0000] {dag.py:2585} INFO - Sync 1 DAGs
[2024-09-28T23:45:13.348+0000] {logging_mixin.py:120} INFO - [2024-09-28T23:45:13.348+0000] {dag.py:3340} INFO - Setting next_dagrun for latest_only_with_trigger to 2024-09-28T19:45:13.348433+00:00, run_after=2024-09-28T23:45:13.348433+00:00
[2024-09-28T23:45:13.378+0000] {processor.py:176} INFO - Processing /home/airflow/.local/lib/python3.7/site-packages/airflow/example_dags/example_latest_only_with_trigger.py took 0.152 seconds
[2024-09-28T23:45:43.484+0000] {processor.py:154} INFO - Started process (PID=44553) to work on /home/airflow/.local/lib/python3.7/site-packages/airflow/example_dags/example_latest_only_with_trigger.py
[2024-09-28T23:45:43.487+0000] {processor.py:756} INFO - Processing file /home/airflow/.local/lib/python3.7/site-packages/airflow/example_dags/example_latest_only_with_trigger.py for tasks to queue
[2024-09-28T23:45:43.489+0000] {logging_mixin.py:120} INFO - [2024-09-28T23:45:43.489+0000] {dagbag.py:537} INFO - Filling up the DagBag from /home/airflow/.local/lib/python3.7/site-packages/airflow/example_dags/example_latest_only_with_trigger.py
[2024-09-28T23:45:43.515+0000] {processor.py:766} INFO - DAG(s) dict_keys(['latest_only_with_trigger']) retrieved from /home/airflow/.local/lib/python3.7/site-packages/airflow/example_dags/example_latest_only_with_trigger.py
[2024-09-28T23:45:43.581+0000] {logging_mixin.py:120} INFO - [2024-09-28T23:45:43.581+0000] {dag.py:2585} INFO - Sync 1 DAGs
[2024-09-28T23:45:43.621+0000] {logging_mixin.py:120} INFO - [2024-09-28T23:45:43.621+0000] {dag.py:3340} INFO - Setting next_dagrun for latest_only_with_trigger to 2024-09-28T19:45:43.621052+00:00, run_after=2024-09-28T23:45:43.621052+00:00
[2024-09-28T23:45:43.652+0000] {processor.py:176} INFO - Processing /home/airflow/.local/lib/python3.7/site-packages/airflow/example_dags/example_latest_only_with_trigger.py took 0.181 seconds
[2024-09-28T23:46:14.396+0000] {processor.py:154} INFO - Started process (PID=44625) to work on /home/airflow/.local/lib/python3.7/site-packages/airflow/example_dags/example_latest_only_with_trigger.py
[2024-09-28T23:46:14.401+0000] {processor.py:756} INFO - Processing file /home/airflow/.local/lib/python3.7/site-packages/airflow/example_dags/example_latest_only_with_trigger.py for tasks to queue
[2024-09-28T23:46:14.402+0000] {logging_mixin.py:120} INFO - [2024-09-28T23:46:14.402+0000] {dagbag.py:537} INFO - Filling up the DagBag from /home/airflow/.local/lib/python3.7/site-packages/airflow/example_dags/example_latest_only_with_trigger.py
[2024-09-28T23:46:14.424+0000] {processor.py:766} INFO - DAG(s) dict_keys(['latest_only_with_trigger']) retrieved from /home/airflow/.local/lib/python3.7/site-packages/airflow/example_dags/example_latest_only_with_trigger.py
[2024-09-28T23:46:14.480+0000] {logging_mixin.py:120} INFO - [2024-09-28T23:46:14.480+0000] {dag.py:2585} INFO - Sync 1 DAGs
[2024-09-28T23:46:14.517+0000] {logging_mixin.py:120} INFO - [2024-09-28T23:46:14.517+0000] {dag.py:3340} INFO - Setting next_dagrun for latest_only_with_trigger to 2024-09-28T19:46:14.516987+00:00, run_after=2024-09-28T23:46:14.516987+00:00
[2024-09-28T23:46:14.550+0000] {processor.py:176} INFO - Processing /home/airflow/.local/lib/python3.7/site-packages/airflow/example_dags/example_latest_only_with_trigger.py took 0.159 seconds
[2024-09-28T23:46:44.664+0000] {processor.py:154} INFO - Started process (PID=44697) to work on /home/airflow/.local/lib/python3.7/site-packages/airflow/example_dags/example_latest_only_with_trigger.py
[2024-09-28T23:46:44.672+0000] {processor.py:756} INFO - Processing file /home/airflow/.local/lib/python3.7/site-packages/airflow/example_dags/example_latest_only_with_trigger.py for tasks to queue
[2024-09-28T23:46:44.673+0000] {logging_mixin.py:120} INFO - [2024-09-28T23:46:44.673+0000] {dagbag.py:537} INFO - Filling up the DagBag from /home/airflow/.local/lib/python3.7/site-packages/airflow/example_dags/example_latest_only_with_trigger.py
[2024-09-28T23:46:44.693+0000] {processor.py:766} INFO - DAG(s) dict_keys(['latest_only_with_trigger']) retrieved from /home/airflow/.local/lib/python3.7/site-packages/airflow/example_dags/example_latest_only_with_trigger.py
[2024-09-28T23:46:44.756+0000] {logging_mixin.py:120} INFO - [2024-09-28T23:46:44.756+0000] {dag.py:2585} INFO - Sync 1 DAGs
[2024-09-28T23:46:44.793+0000] {logging_mixin.py:120} INFO - [2024-09-28T23:46:44.793+0000] {dag.py:3340} INFO - Setting next_dagrun for latest_only_with_trigger to 2024-09-28T19:46:44.792736+00:00, run_after=2024-09-28T23:46:44.792736+00:00
[2024-09-28T23:46:44.823+0000] {processor.py:176} INFO - Processing /home/airflow/.local/lib/python3.7/site-packages/airflow/example_dags/example_latest_only_with_trigger.py took 0.166 seconds
[2024-09-28T23:47:15.557+0000] {processor.py:154} INFO - Started process (PID=44760) to work on /home/airflow/.local/lib/python3.7/site-packages/airflow/example_dags/example_latest_only_with_trigger.py
[2024-09-28T23:47:15.559+0000] {processor.py:756} INFO - Processing file /home/airflow/.local/lib/python3.7/site-packages/airflow/example_dags/example_latest_only_with_trigger.py for tasks to queue
[2024-09-28T23:47:15.560+0000] {logging_mixin.py:120} INFO - [2024-09-28T23:47:15.560+0000] {dagbag.py:537} INFO - Filling up the DagBag from /home/airflow/.local/lib/python3.7/site-packages/airflow/example_dags/example_latest_only_with_trigger.py
[2024-09-28T23:47:15.578+0000] {processor.py:766} INFO - DAG(s) dict_keys(['latest_only_with_trigger']) retrieved from /home/airflow/.local/lib/python3.7/site-packages/airflow/example_dags/example_latest_only_with_trigger.py
[2024-09-28T23:47:15.631+0000] {logging_mixin.py:120} INFO - [2024-09-28T23:47:15.631+0000] {dag.py:2585} INFO - Sync 1 DAGs
[2024-09-28T23:47:15.667+0000] {logging_mixin.py:120} INFO - [2024-09-28T23:47:15.666+0000] {dag.py:3340} INFO - Setting next_dagrun for latest_only_with_trigger to 2024-09-28T19:47:15.666540+00:00, run_after=2024-09-28T23:47:15.666540+00:00
[2024-09-28T23:47:15.699+0000] {processor.py:176} INFO - Processing /home/airflow/.local/lib/python3.7/site-packages/airflow/example_dags/example_latest_only_with_trigger.py took 0.147 seconds
[2024-09-28T23:47:46.600+0000] {processor.py:154} INFO - Started process (PID=44832) to work on /home/airflow/.local/lib/python3.7/site-packages/airflow/example_dags/example_latest_only_with_trigger.py
[2024-09-28T23:47:46.606+0000] {processor.py:756} INFO - Processing file /home/airflow/.local/lib/python3.7/site-packages/airflow/example_dags/example_latest_only_with_trigger.py for tasks to queue
[2024-09-28T23:47:46.609+0000] {logging_mixin.py:120} INFO - [2024-09-28T23:47:46.609+0000] {dagbag.py:537} INFO - Filling up the DagBag from /home/airflow/.local/lib/python3.7/site-packages/airflow/example_dags/example_latest_only_with_trigger.py
[2024-09-28T23:47:46.638+0000] {processor.py:766} INFO - DAG(s) dict_keys(['latest_only_with_trigger']) retrieved from /home/airflow/.local/lib/python3.7/site-packages/airflow/example_dags/example_latest_only_with_trigger.py
[2024-09-28T23:47:46.709+0000] {logging_mixin.py:120} INFO - [2024-09-28T23:47:46.708+0000] {dag.py:2585} INFO - Sync 1 DAGs
[2024-09-28T23:47:46.753+0000] {logging_mixin.py:120} INFO - [2024-09-28T23:47:46.753+0000] {dag.py:3340} INFO - Setting next_dagrun for latest_only_with_trigger to 2024-09-28T19:47:46.753169+00:00, run_after=2024-09-28T23:47:46.753169+00:00
[2024-09-28T23:47:46.788+0000] {processor.py:176} INFO - Processing /home/airflow/.local/lib/python3.7/site-packages/airflow/example_dags/example_latest_only_with_trigger.py took 0.194 seconds
[2024-09-28T23:48:16.814+0000] {processor.py:154} INFO - Started process (PID=44894) to work on /home/airflow/.local/lib/python3.7/site-packages/airflow/example_dags/example_latest_only_with_trigger.py
[2024-09-28T23:48:16.818+0000] {processor.py:756} INFO - Processing file /home/airflow/.local/lib/python3.7/site-packages/airflow/example_dags/example_latest_only_with_trigger.py for tasks to queue
[2024-09-28T23:48:16.819+0000] {logging_mixin.py:120} INFO - [2024-09-28T23:48:16.819+0000] {dagbag.py:537} INFO - Filling up the DagBag from /home/airflow/.local/lib/python3.7/site-packages/airflow/example_dags/example_latest_only_with_trigger.py
[2024-09-28T23:48:16.841+0000] {processor.py:766} INFO - DAG(s) dict_keys(['latest_only_with_trigger']) retrieved from /home/airflow/.local/lib/python3.7/site-packages/airflow/example_dags/example_latest_only_with_trigger.py
[2024-09-28T23:48:16.953+0000] {logging_mixin.py:120} INFO - [2024-09-28T23:48:16.952+0000] {dag.py:2585} INFO - Sync 1 DAGs
[2024-09-28T23:48:17.019+0000] {logging_mixin.py:120} INFO - [2024-09-28T23:48:17.018+0000] {dag.py:3340} INFO - Setting next_dagrun for latest_only_with_trigger to 2024-09-28T19:48:17.018478+00:00, run_after=2024-09-28T23:48:17.018478+00:00
[2024-09-28T23:48:17.065+0000] {processor.py:176} INFO - Processing /home/airflow/.local/lib/python3.7/site-packages/airflow/example_dags/example_latest_only_with_trigger.py took 0.256 seconds
[2024-09-28T23:48:47.765+0000] {processor.py:154} INFO - Started process (PID=44967) to work on /home/airflow/.local/lib/python3.7/site-packages/airflow/example_dags/example_latest_only_with_trigger.py
[2024-09-28T23:48:47.769+0000] {processor.py:756} INFO - Processing file /home/airflow/.local/lib/python3.7/site-packages/airflow/example_dags/example_latest_only_with_trigger.py for tasks to queue
[2024-09-28T23:48:47.770+0000] {logging_mixin.py:120} INFO - [2024-09-28T23:48:47.770+0000] {dagbag.py:537} INFO - Filling up the DagBag from /home/airflow/.local/lib/python3.7/site-packages/airflow/example_dags/example_latest_only_with_trigger.py
[2024-09-28T23:48:47.790+0000] {processor.py:766} INFO - DAG(s) dict_keys(['latest_only_with_trigger']) retrieved from /home/airflow/.local/lib/python3.7/site-packages/airflow/example_dags/example_latest_only_with_trigger.py
[2024-09-28T23:48:47.849+0000] {logging_mixin.py:120} INFO - [2024-09-28T23:48:47.849+0000] {dag.py:2585} INFO - Sync 1 DAGs
[2024-09-28T23:48:47.890+0000] {logging_mixin.py:120} INFO - [2024-09-28T23:48:47.890+0000] {dag.py:3340} INFO - Setting next_dagrun for latest_only_with_trigger to 2024-09-28T19:48:47.890069+00:00, run_after=2024-09-28T23:48:47.890069+00:00
[2024-09-28T23:48:47.925+0000] {processor.py:176} INFO - Processing /home/airflow/.local/lib/python3.7/site-packages/airflow/example_dags/example_latest_only_with_trigger.py took 0.164 seconds
[2024-09-28T23:49:18.084+0000] {processor.py:154} INFO - Started process (PID=45039) to work on /home/airflow/.local/lib/python3.7/site-packages/airflow/example_dags/example_latest_only_with_trigger.py
[2024-09-28T23:49:18.087+0000] {processor.py:756} INFO - Processing file /home/airflow/.local/lib/python3.7/site-packages/airflow/example_dags/example_latest_only_with_trigger.py for tasks to queue
[2024-09-28T23:49:18.087+0000] {logging_mixin.py:120} INFO - [2024-09-28T23:49:18.087+0000] {dagbag.py:537} INFO - Filling up the DagBag from /home/airflow/.local/lib/python3.7/site-packages/airflow/example_dags/example_latest_only_with_trigger.py
[2024-09-28T23:49:18.105+0000] {processor.py:766} INFO - DAG(s) dict_keys(['latest_only_with_trigger']) retrieved from /home/airflow/.local/lib/python3.7/site-packages/airflow/example_dags/example_latest_only_with_trigger.py
[2024-09-28T23:49:18.154+0000] {logging_mixin.py:120} INFO - [2024-09-28T23:49:18.153+0000] {dag.py:2585} INFO - Sync 1 DAGs
[2024-09-28T23:49:18.182+0000] {logging_mixin.py:120} INFO - [2024-09-28T23:49:18.182+0000] {dag.py:3340} INFO - Setting next_dagrun for latest_only_with_trigger to 2024-09-28T19:49:18.182115+00:00, run_after=2024-09-28T23:49:18.182115+00:00
[2024-09-28T23:49:18.204+0000] {processor.py:176} INFO - Processing /home/airflow/.local/lib/python3.7/site-packages/airflow/example_dags/example_latest_only_with_trigger.py took 0.125 seconds
[2024-09-28T23:49:48.783+0000] {processor.py:154} INFO - Started process (PID=45101) to work on /home/airflow/.local/lib/python3.7/site-packages/airflow/example_dags/example_latest_only_with_trigger.py
[2024-09-28T23:49:48.786+0000] {processor.py:756} INFO - Processing file /home/airflow/.local/lib/python3.7/site-packages/airflow/example_dags/example_latest_only_with_trigger.py for tasks to queue
[2024-09-28T23:49:48.787+0000] {logging_mixin.py:120} INFO - [2024-09-28T23:49:48.787+0000] {dagbag.py:537} INFO - Filling up the DagBag from /home/airflow/.local/lib/python3.7/site-packages/airflow/example_dags/example_latest_only_with_trigger.py
[2024-09-28T23:49:48.807+0000] {processor.py:766} INFO - DAG(s) dict_keys(['latest_only_with_trigger']) retrieved from /home/airflow/.local/lib/python3.7/site-packages/airflow/example_dags/example_latest_only_with_trigger.py
[2024-09-28T23:49:48.860+0000] {logging_mixin.py:120} INFO - [2024-09-28T23:49:48.860+0000] {dag.py:2585} INFO - Sync 1 DAGs
[2024-09-28T23:49:48.898+0000] {logging_mixin.py:120} INFO - [2024-09-28T23:49:48.898+0000] {dag.py:3340} INFO - Setting next_dagrun for latest_only_with_trigger to 2024-09-28T19:49:48.897981+00:00, run_after=2024-09-28T23:49:48.897981+00:00
[2024-09-28T23:49:48.921+0000] {processor.py:176} INFO - Processing /home/airflow/.local/lib/python3.7/site-packages/airflow/example_dags/example_latest_only_with_trigger.py took 0.143 seconds
[2024-09-28T23:50:19.132+0000] {processor.py:154} INFO - Started process (PID=45173) to work on /home/airflow/.local/lib/python3.7/site-packages/airflow/example_dags/example_latest_only_with_trigger.py
[2024-09-28T23:50:19.135+0000] {processor.py:756} INFO - Processing file /home/airflow/.local/lib/python3.7/site-packages/airflow/example_dags/example_latest_only_with_trigger.py for tasks to queue
[2024-09-28T23:50:19.136+0000] {logging_mixin.py:120} INFO - [2024-09-28T23:50:19.136+0000] {dagbag.py:537} INFO - Filling up the DagBag from /home/airflow/.local/lib/python3.7/site-packages/airflow/example_dags/example_latest_only_with_trigger.py
[2024-09-28T23:50:19.154+0000] {processor.py:766} INFO - DAG(s) dict_keys(['latest_only_with_trigger']) retrieved from /home/airflow/.local/lib/python3.7/site-packages/airflow/example_dags/example_latest_only_with_trigger.py
[2024-09-28T23:50:19.208+0000] {logging_mixin.py:120} INFO - [2024-09-28T23:50:19.208+0000] {dag.py:2585} INFO - Sync 1 DAGs
[2024-09-28T23:50:19.241+0000] {logging_mixin.py:120} INFO - [2024-09-28T23:50:19.241+0000] {dag.py:3340} INFO - Setting next_dagrun for latest_only_with_trigger to 2024-09-28T19:50:19.241422+00:00, run_after=2024-09-28T23:50:19.241422+00:00
[2024-09-28T23:50:19.273+0000] {processor.py:176} INFO - Processing /home/airflow/.local/lib/python3.7/site-packages/airflow/example_dags/example_latest_only_with_trigger.py took 0.144 seconds
[2024-09-28T23:50:49.323+0000] {processor.py:154} INFO - Started process (PID=45243) to work on /home/airflow/.local/lib/python3.7/site-packages/airflow/example_dags/example_latest_only_with_trigger.py
[2024-09-28T23:50:49.327+0000] {processor.py:756} INFO - Processing file /home/airflow/.local/lib/python3.7/site-packages/airflow/example_dags/example_latest_only_with_trigger.py for tasks to queue
[2024-09-28T23:50:49.328+0000] {logging_mixin.py:120} INFO - [2024-09-28T23:50:49.328+0000] {dagbag.py:537} INFO - Filling up the DagBag from /home/airflow/.local/lib/python3.7/site-packages/airflow/example_dags/example_latest_only_with_trigger.py
[2024-09-28T23:50:49.347+0000] {processor.py:766} INFO - DAG(s) dict_keys(['latest_only_with_trigger']) retrieved from /home/airflow/.local/lib/python3.7/site-packages/airflow/example_dags/example_latest_only_with_trigger.py
[2024-09-28T23:50:49.409+0000] {logging_mixin.py:120} INFO - [2024-09-28T23:50:49.408+0000] {dag.py:2585} INFO - Sync 1 DAGs
[2024-09-28T23:50:49.442+0000] {logging_mixin.py:120} INFO - [2024-09-28T23:50:49.442+0000] {dag.py:3340} INFO - Setting next_dagrun for latest_only_with_trigger to 2024-09-28T19:50:49.442189+00:00, run_after=2024-09-28T23:50:49.442189+00:00
[2024-09-28T23:50:49.467+0000] {processor.py:176} INFO - Processing /home/airflow/.local/lib/python3.7/site-packages/airflow/example_dags/example_latest_only_with_trigger.py took 0.148 seconds
[2024-09-28T23:51:20.401+0000] {processor.py:154} INFO - Started process (PID=45307) to work on /home/airflow/.local/lib/python3.7/site-packages/airflow/example_dags/example_latest_only_with_trigger.py
[2024-09-28T23:51:20.406+0000] {processor.py:756} INFO - Processing file /home/airflow/.local/lib/python3.7/site-packages/airflow/example_dags/example_latest_only_with_trigger.py for tasks to queue
[2024-09-28T23:51:20.408+0000] {logging_mixin.py:120} INFO - [2024-09-28T23:51:20.407+0000] {dagbag.py:537} INFO - Filling up the DagBag from /home/airflow/.local/lib/python3.7/site-packages/airflow/example_dags/example_latest_only_with_trigger.py
[2024-09-28T23:51:20.437+0000] {processor.py:766} INFO - DAG(s) dict_keys(['latest_only_with_trigger']) retrieved from /home/airflow/.local/lib/python3.7/site-packages/airflow/example_dags/example_latest_only_with_trigger.py
[2024-09-28T23:51:20.497+0000] {logging_mixin.py:120} INFO - [2024-09-28T23:51:20.497+0000] {dag.py:2585} INFO - Sync 1 DAGs
[2024-09-28T23:51:20.532+0000] {logging_mixin.py:120} INFO - [2024-09-28T23:51:20.532+0000] {dag.py:3340} INFO - Setting next_dagrun for latest_only_with_trigger to 2024-09-28T19:51:20.532379+00:00, run_after=2024-09-28T23:51:20.532379+00:00
[2024-09-28T23:51:20.562+0000] {processor.py:176} INFO - Processing /home/airflow/.local/lib/python3.7/site-packages/airflow/example_dags/example_latest_only_with_trigger.py took 0.168 seconds
[2024-09-28T23:51:50.939+0000] {processor.py:154} INFO - Started process (PID=45378) to work on /home/airflow/.local/lib/python3.7/site-packages/airflow/example_dags/example_latest_only_with_trigger.py
[2024-09-28T23:51:50.945+0000] {processor.py:756} INFO - Processing file /home/airflow/.local/lib/python3.7/site-packages/airflow/example_dags/example_latest_only_with_trigger.py for tasks to queue
[2024-09-28T23:51:50.947+0000] {logging_mixin.py:120} INFO - [2024-09-28T23:51:50.947+0000] {dagbag.py:537} INFO - Filling up the DagBag from /home/airflow/.local/lib/python3.7/site-packages/airflow/example_dags/example_latest_only_with_trigger.py
[2024-09-28T23:51:50.970+0000] {processor.py:766} INFO - DAG(s) dict_keys(['latest_only_with_trigger']) retrieved from /home/airflow/.local/lib/python3.7/site-packages/airflow/example_dags/example_latest_only_with_trigger.py
[2024-09-28T23:51:51.033+0000] {logging_mixin.py:120} INFO - [2024-09-28T23:51:51.032+0000] {dag.py:2585} INFO - Sync 1 DAGs
[2024-09-28T23:51:51.076+0000] {logging_mixin.py:120} INFO - [2024-09-28T23:51:51.075+0000] {dag.py:3340} INFO - Setting next_dagrun for latest_only_with_trigger to 2024-09-28T19:51:51.075364+00:00, run_after=2024-09-28T23:51:51.075364+00:00
[2024-09-28T23:51:51.111+0000] {processor.py:176} INFO - Processing /home/airflow/.local/lib/python3.7/site-packages/airflow/example_dags/example_latest_only_with_trigger.py took 0.177 seconds
[2024-09-28T23:52:21.765+0000] {processor.py:154} INFO - Started process (PID=45450) to work on /home/airflow/.local/lib/python3.7/site-packages/airflow/example_dags/example_latest_only_with_trigger.py
[2024-09-28T23:52:21.768+0000] {processor.py:756} INFO - Processing file /home/airflow/.local/lib/python3.7/site-packages/airflow/example_dags/example_latest_only_with_trigger.py for tasks to queue
[2024-09-28T23:52:21.769+0000] {logging_mixin.py:120} INFO - [2024-09-28T23:52:21.769+0000] {dagbag.py:537} INFO - Filling up the DagBag from /home/airflow/.local/lib/python3.7/site-packages/airflow/example_dags/example_latest_only_with_trigger.py
[2024-09-28T23:52:21.788+0000] {processor.py:766} INFO - DAG(s) dict_keys(['latest_only_with_trigger']) retrieved from /home/airflow/.local/lib/python3.7/site-packages/airflow/example_dags/example_latest_only_with_trigger.py
[2024-09-28T23:52:21.838+0000] {logging_mixin.py:120} INFO - [2024-09-28T23:52:21.838+0000] {dag.py:2585} INFO - Sync 1 DAGs
[2024-09-28T23:52:21.869+0000] {logging_mixin.py:120} INFO - [2024-09-28T23:52:21.869+0000] {dag.py:3340} INFO - Setting next_dagrun for latest_only_with_trigger to 2024-09-28T19:52:21.868785+00:00, run_after=2024-09-28T23:52:21.868785+00:00
[2024-09-28T23:52:21.894+0000] {processor.py:176} INFO - Processing /home/airflow/.local/lib/python3.7/site-packages/airflow/example_dags/example_latest_only_with_trigger.py took 0.134 seconds
[2024-09-28T23:52:52.797+0000] {processor.py:154} INFO - Started process (PID=45513) to work on /home/airflow/.local/lib/python3.7/site-packages/airflow/example_dags/example_latest_only_with_trigger.py
[2024-09-28T23:52:52.801+0000] {processor.py:756} INFO - Processing file /home/airflow/.local/lib/python3.7/site-packages/airflow/example_dags/example_latest_only_with_trigger.py for tasks to queue
[2024-09-28T23:52:52.802+0000] {logging_mixin.py:120} INFO - [2024-09-28T23:52:52.802+0000] {dagbag.py:537} INFO - Filling up the DagBag from /home/airflow/.local/lib/python3.7/site-packages/airflow/example_dags/example_latest_only_with_trigger.py
[2024-09-28T23:52:52.824+0000] {processor.py:766} INFO - DAG(s) dict_keys(['latest_only_with_trigger']) retrieved from /home/airflow/.local/lib/python3.7/site-packages/airflow/example_dags/example_latest_only_with_trigger.py
[2024-09-28T23:52:52.884+0000] {logging_mixin.py:120} INFO - [2024-09-28T23:52:52.884+0000] {dag.py:2585} INFO - Sync 1 DAGs
[2024-09-28T23:52:52.923+0000] {logging_mixin.py:120} INFO - [2024-09-28T23:52:52.923+0000] {dag.py:3340} INFO - Setting next_dagrun for latest_only_with_trigger to 2024-09-28T19:52:52.923003+00:00, run_after=2024-09-28T23:52:52.923003+00:00
[2024-09-28T23:52:52.952+0000] {processor.py:176} INFO - Processing /home/airflow/.local/lib/python3.7/site-packages/airflow/example_dags/example_latest_only_with_trigger.py took 0.160 seconds
[2024-09-28T23:53:23.084+0000] {processor.py:154} INFO - Started process (PID=45584) to work on /home/airflow/.local/lib/python3.7/site-packages/airflow/example_dags/example_latest_only_with_trigger.py
[2024-09-28T23:53:23.087+0000] {processor.py:756} INFO - Processing file /home/airflow/.local/lib/python3.7/site-packages/airflow/example_dags/example_latest_only_with_trigger.py for tasks to queue
[2024-09-28T23:53:23.089+0000] {logging_mixin.py:120} INFO - [2024-09-28T23:53:23.089+0000] {dagbag.py:537} INFO - Filling up the DagBag from /home/airflow/.local/lib/python3.7/site-packages/airflow/example_dags/example_latest_only_with_trigger.py
[2024-09-28T23:53:23.107+0000] {processor.py:766} INFO - DAG(s) dict_keys(['latest_only_with_trigger']) retrieved from /home/airflow/.local/lib/python3.7/site-packages/airflow/example_dags/example_latest_only_with_trigger.py
[2024-09-28T23:53:23.162+0000] {logging_mixin.py:120} INFO - [2024-09-28T23:53:23.162+0000] {dag.py:2585} INFO - Sync 1 DAGs
[2024-09-28T23:53:23.195+0000] {logging_mixin.py:120} INFO - [2024-09-28T23:53:23.195+0000] {dag.py:3340} INFO - Setting next_dagrun for latest_only_with_trigger to 2024-09-28T19:53:23.194986+00:00, run_after=2024-09-28T23:53:23.194986+00:00
[2024-09-28T23:53:23.219+0000] {processor.py:176} INFO - Processing /home/airflow/.local/lib/python3.7/site-packages/airflow/example_dags/example_latest_only_with_trigger.py took 0.139 seconds
[2024-09-28T23:53:53.969+0000] {processor.py:154} INFO - Started process (PID=45656) to work on /home/airflow/.local/lib/python3.7/site-packages/airflow/example_dags/example_latest_only_with_trigger.py
[2024-09-28T23:53:53.974+0000] {processor.py:756} INFO - Processing file /home/airflow/.local/lib/python3.7/site-packages/airflow/example_dags/example_latest_only_with_trigger.py for tasks to queue
[2024-09-28T23:53:53.977+0000] {logging_mixin.py:120} INFO - [2024-09-28T23:53:53.977+0000] {dagbag.py:537} INFO - Filling up the DagBag from /home/airflow/.local/lib/python3.7/site-packages/airflow/example_dags/example_latest_only_with_trigger.py
[2024-09-28T23:53:54.009+0000] {processor.py:766} INFO - DAG(s) dict_keys(['latest_only_with_trigger']) retrieved from /home/airflow/.local/lib/python3.7/site-packages/airflow/example_dags/example_latest_only_with_trigger.py
[2024-09-28T23:53:54.088+0000] {logging_mixin.py:120} INFO - [2024-09-28T23:53:54.088+0000] {dag.py:2585} INFO - Sync 1 DAGs
[2024-09-28T23:53:54.134+0000] {logging_mixin.py:120} INFO - [2024-09-28T23:53:54.133+0000] {dag.py:3340} INFO - Setting next_dagrun for latest_only_with_trigger to 2024-09-28T19:53:54.133505+00:00, run_after=2024-09-28T23:53:54.133505+00:00
[2024-09-28T23:53:54.169+0000] {processor.py:176} INFO - Processing /home/airflow/.local/lib/python3.7/site-packages/airflow/example_dags/example_latest_only_with_trigger.py took 0.207 seconds
[2024-09-28T23:54:24.499+0000] {processor.py:154} INFO - Started process (PID=45718) to work on /home/airflow/.local/lib/python3.7/site-packages/airflow/example_dags/example_latest_only_with_trigger.py
[2024-09-28T23:54:24.503+0000] {processor.py:756} INFO - Processing file /home/airflow/.local/lib/python3.7/site-packages/airflow/example_dags/example_latest_only_with_trigger.py for tasks to queue
[2024-09-28T23:54:24.504+0000] {logging_mixin.py:120} INFO - [2024-09-28T23:54:24.504+0000] {dagbag.py:537} INFO - Filling up the DagBag from /home/airflow/.local/lib/python3.7/site-packages/airflow/example_dags/example_latest_only_with_trigger.py
[2024-09-28T23:54:24.526+0000] {processor.py:766} INFO - DAG(s) dict_keys(['latest_only_with_trigger']) retrieved from /home/airflow/.local/lib/python3.7/site-packages/airflow/example_dags/example_latest_only_with_trigger.py
[2024-09-28T23:54:24.579+0000] {logging_mixin.py:120} INFO - [2024-09-28T23:54:24.579+0000] {dag.py:2585} INFO - Sync 1 DAGs
[2024-09-28T23:54:24.615+0000] {logging_mixin.py:120} INFO - [2024-09-28T23:54:24.615+0000] {dag.py:3340} INFO - Setting next_dagrun for latest_only_with_trigger to 2024-09-28T19:54:24.615039+00:00, run_after=2024-09-28T23:54:24.615039+00:00
[2024-09-28T23:54:24.642+0000] {processor.py:176} INFO - Processing /home/airflow/.local/lib/python3.7/site-packages/airflow/example_dags/example_latest_only_with_trigger.py took 0.147 seconds
[2024-09-28T23:54:55.506+0000] {processor.py:154} INFO - Started process (PID=45790) to work on /home/airflow/.local/lib/python3.7/site-packages/airflow/example_dags/example_latest_only_with_trigger.py
[2024-09-28T23:54:55.511+0000] {processor.py:756} INFO - Processing file /home/airflow/.local/lib/python3.7/site-packages/airflow/example_dags/example_latest_only_with_trigger.py for tasks to queue
[2024-09-28T23:54:55.513+0000] {logging_mixin.py:120} INFO - [2024-09-28T23:54:55.512+0000] {dagbag.py:537} INFO - Filling up the DagBag from /home/airflow/.local/lib/python3.7/site-packages/airflow/example_dags/example_latest_only_with_trigger.py
[2024-09-28T23:54:55.545+0000] {processor.py:766} INFO - DAG(s) dict_keys(['latest_only_with_trigger']) retrieved from /home/airflow/.local/lib/python3.7/site-packages/airflow/example_dags/example_latest_only_with_trigger.py
[2024-09-28T23:54:55.620+0000] {logging_mixin.py:120} INFO - [2024-09-28T23:54:55.620+0000] {dag.py:2585} INFO - Sync 1 DAGs
[2024-09-28T23:54:55.666+0000] {logging_mixin.py:120} INFO - [2024-09-28T23:54:55.665+0000] {dag.py:3340} INFO - Setting next_dagrun for latest_only_with_trigger to 2024-09-28T19:54:55.665607+00:00, run_after=2024-09-28T23:54:55.665607+00:00
[2024-09-28T23:54:55.702+0000] {processor.py:176} INFO - Processing /home/airflow/.local/lib/python3.7/site-packages/airflow/example_dags/example_latest_only_with_trigger.py took 0.202 seconds
[2024-09-28T23:55:26.087+0000] {processor.py:154} INFO - Started process (PID=45852) to work on /home/airflow/.local/lib/python3.7/site-packages/airflow/example_dags/example_latest_only_with_trigger.py
[2024-09-28T23:55:26.091+0000] {processor.py:756} INFO - Processing file /home/airflow/.local/lib/python3.7/site-packages/airflow/example_dags/example_latest_only_with_trigger.py for tasks to queue
[2024-09-28T23:55:26.092+0000] {logging_mixin.py:120} INFO - [2024-09-28T23:55:26.092+0000] {dagbag.py:537} INFO - Filling up the DagBag from /home/airflow/.local/lib/python3.7/site-packages/airflow/example_dags/example_latest_only_with_trigger.py
[2024-09-28T23:55:26.115+0000] {processor.py:766} INFO - DAG(s) dict_keys(['latest_only_with_trigger']) retrieved from /home/airflow/.local/lib/python3.7/site-packages/airflow/example_dags/example_latest_only_with_trigger.py
[2024-09-28T23:55:26.177+0000] {logging_mixin.py:120} INFO - [2024-09-28T23:55:26.176+0000] {dag.py:2585} INFO - Sync 1 DAGs
[2024-09-28T23:55:26.217+0000] {logging_mixin.py:120} INFO - [2024-09-28T23:55:26.217+0000] {dag.py:3340} INFO - Setting next_dagrun for latest_only_with_trigger to 2024-09-28T19:55:26.216746+00:00, run_after=2024-09-28T23:55:26.216746+00:00
[2024-09-28T23:55:26.248+0000] {processor.py:176} INFO - Processing /home/airflow/.local/lib/python3.7/site-packages/airflow/example_dags/example_latest_only_with_trigger.py took 0.165 seconds
[2024-09-28T23:55:57.070+0000] {processor.py:154} INFO - Started process (PID=45924) to work on /home/airflow/.local/lib/python3.7/site-packages/airflow/example_dags/example_latest_only_with_trigger.py
[2024-09-28T23:55:57.074+0000] {processor.py:756} INFO - Processing file /home/airflow/.local/lib/python3.7/site-packages/airflow/example_dags/example_latest_only_with_trigger.py for tasks to queue
[2024-09-28T23:55:57.075+0000] {logging_mixin.py:120} INFO - [2024-09-28T23:55:57.075+0000] {dagbag.py:537} INFO - Filling up the DagBag from /home/airflow/.local/lib/python3.7/site-packages/airflow/example_dags/example_latest_only_with_trigger.py
[2024-09-28T23:55:57.098+0000] {processor.py:766} INFO - DAG(s) dict_keys(['latest_only_with_trigger']) retrieved from /home/airflow/.local/lib/python3.7/site-packages/airflow/example_dags/example_latest_only_with_trigger.py
[2024-09-28T23:55:57.160+0000] {logging_mixin.py:120} INFO - [2024-09-28T23:55:57.160+0000] {dag.py:2585} INFO - Sync 1 DAGs
[2024-09-28T23:55:57.204+0000] {logging_mixin.py:120} INFO - [2024-09-28T23:55:57.204+0000] {dag.py:3340} INFO - Setting next_dagrun for latest_only_with_trigger to 2024-09-28T19:55:57.203531+00:00, run_after=2024-09-28T23:55:57.203531+00:00
[2024-09-28T23:55:57.236+0000] {processor.py:176} INFO - Processing /home/airflow/.local/lib/python3.7/site-packages/airflow/example_dags/example_latest_only_with_trigger.py took 0.171 seconds
[2024-09-28T23:56:28.140+0000] {processor.py:154} INFO - Started process (PID=45996) to work on /home/airflow/.local/lib/python3.7/site-packages/airflow/example_dags/example_latest_only_with_trigger.py
[2024-09-28T23:56:28.144+0000] {processor.py:756} INFO - Processing file /home/airflow/.local/lib/python3.7/site-packages/airflow/example_dags/example_latest_only_with_trigger.py for tasks to queue
[2024-09-28T23:56:28.145+0000] {logging_mixin.py:120} INFO - [2024-09-28T23:56:28.145+0000] {dagbag.py:537} INFO - Filling up the DagBag from /home/airflow/.local/lib/python3.7/site-packages/airflow/example_dags/example_latest_only_with_trigger.py
[2024-09-28T23:56:28.168+0000] {processor.py:766} INFO - DAG(s) dict_keys(['latest_only_with_trigger']) retrieved from /home/airflow/.local/lib/python3.7/site-packages/airflow/example_dags/example_latest_only_with_trigger.py
[2024-09-28T23:56:28.236+0000] {logging_mixin.py:120} INFO - [2024-09-28T23:56:28.236+0000] {dag.py:2585} INFO - Sync 1 DAGs
[2024-09-28T23:56:28.278+0000] {logging_mixin.py:120} INFO - [2024-09-28T23:56:28.278+0000] {dag.py:3340} INFO - Setting next_dagrun for latest_only_with_trigger to 2024-09-28T19:56:28.278410+00:00, run_after=2024-09-28T23:56:28.278410+00:00
[2024-09-28T23:56:28.309+0000] {processor.py:176} INFO - Processing /home/airflow/.local/lib/python3.7/site-packages/airflow/example_dags/example_latest_only_with_trigger.py took 0.175 seconds
[2024-09-28T23:56:59.083+0000] {processor.py:154} INFO - Started process (PID=46068) to work on /home/airflow/.local/lib/python3.7/site-packages/airflow/example_dags/example_latest_only_with_trigger.py
[2024-09-28T23:56:59.086+0000] {processor.py:756} INFO - Processing file /home/airflow/.local/lib/python3.7/site-packages/airflow/example_dags/example_latest_only_with_trigger.py for tasks to queue
[2024-09-28T23:56:59.087+0000] {logging_mixin.py:120} INFO - [2024-09-28T23:56:59.087+0000] {dagbag.py:537} INFO - Filling up the DagBag from /home/airflow/.local/lib/python3.7/site-packages/airflow/example_dags/example_latest_only_with_trigger.py
[2024-09-28T23:56:59.111+0000] {processor.py:766} INFO - DAG(s) dict_keys(['latest_only_with_trigger']) retrieved from /home/airflow/.local/lib/python3.7/site-packages/airflow/example_dags/example_latest_only_with_trigger.py
[2024-09-28T23:56:59.172+0000] {logging_mixin.py:120} INFO - [2024-09-28T23:56:59.172+0000] {dag.py:2585} INFO - Sync 1 DAGs
[2024-09-28T23:56:59.208+0000] {logging_mixin.py:120} INFO - [2024-09-28T23:56:59.208+0000] {dag.py:3340} INFO - Setting next_dagrun for latest_only_with_trigger to 2024-09-28T19:56:59.207698+00:00, run_after=2024-09-28T23:56:59.207698+00:00
[2024-09-28T23:56:59.235+0000] {processor.py:176} INFO - Processing /home/airflow/.local/lib/python3.7/site-packages/airflow/example_dags/example_latest_only_with_trigger.py took 0.156 seconds
[2024-09-28T23:57:29.800+0000] {processor.py:154} INFO - Started process (PID=46131) to work on /home/airflow/.local/lib/python3.7/site-packages/airflow/example_dags/example_latest_only_with_trigger.py
[2024-09-28T23:57:29.803+0000] {processor.py:756} INFO - Processing file /home/airflow/.local/lib/python3.7/site-packages/airflow/example_dags/example_latest_only_with_trigger.py for tasks to queue
[2024-09-28T23:57:29.807+0000] {logging_mixin.py:120} INFO - [2024-09-28T23:57:29.806+0000] {dagbag.py:537} INFO - Filling up the DagBag from /home/airflow/.local/lib/python3.7/site-packages/airflow/example_dags/example_latest_only_with_trigger.py
[2024-09-28T23:57:29.826+0000] {processor.py:766} INFO - DAG(s) dict_keys(['latest_only_with_trigger']) retrieved from /home/airflow/.local/lib/python3.7/site-packages/airflow/example_dags/example_latest_only_with_trigger.py
[2024-09-28T23:57:29.882+0000] {logging_mixin.py:120} INFO - [2024-09-28T23:57:29.882+0000] {dag.py:2585} INFO - Sync 1 DAGs
[2024-09-28T23:57:29.916+0000] {logging_mixin.py:120} INFO - [2024-09-28T23:57:29.916+0000] {dag.py:3340} INFO - Setting next_dagrun for latest_only_with_trigger to 2024-09-28T19:57:29.916302+00:00, run_after=2024-09-28T23:57:29.916302+00:00
[2024-09-28T23:57:29.940+0000] {processor.py:176} INFO - Processing /home/airflow/.local/lib/python3.7/site-packages/airflow/example_dags/example_latest_only_with_trigger.py took 0.144 seconds
[2024-09-28T23:58:00.210+0000] {processor.py:154} INFO - Started process (PID=46202) to work on /home/airflow/.local/lib/python3.7/site-packages/airflow/example_dags/example_latest_only_with_trigger.py
[2024-09-28T23:58:00.213+0000] {processor.py:756} INFO - Processing file /home/airflow/.local/lib/python3.7/site-packages/airflow/example_dags/example_latest_only_with_trigger.py for tasks to queue
[2024-09-28T23:58:00.214+0000] {logging_mixin.py:120} INFO - [2024-09-28T23:58:00.214+0000] {dagbag.py:537} INFO - Filling up the DagBag from /home/airflow/.local/lib/python3.7/site-packages/airflow/example_dags/example_latest_only_with_trigger.py
[2024-09-28T23:58:00.232+0000] {processor.py:766} INFO - DAG(s) dict_keys(['latest_only_with_trigger']) retrieved from /home/airflow/.local/lib/python3.7/site-packages/airflow/example_dags/example_latest_only_with_trigger.py
[2024-09-28T23:58:00.287+0000] {logging_mixin.py:120} INFO - [2024-09-28T23:58:00.286+0000] {dag.py:2585} INFO - Sync 1 DAGs
[2024-09-28T23:58:00.317+0000] {logging_mixin.py:120} INFO - [2024-09-28T23:58:00.317+0000] {dag.py:3340} INFO - Setting next_dagrun for latest_only_with_trigger to 2024-09-28T19:58:00.316933+00:00, run_after=2024-09-28T23:58:00.316933+00:00
[2024-09-28T23:58:00.340+0000] {processor.py:176} INFO - Processing /home/airflow/.local/lib/python3.7/site-packages/airflow/example_dags/example_latest_only_with_trigger.py took 0.134 seconds
[2024-09-28T23:58:30.761+0000] {processor.py:154} INFO - Started process (PID=46274) to work on /home/airflow/.local/lib/python3.7/site-packages/airflow/example_dags/example_latest_only_with_trigger.py
[2024-09-28T23:58:30.765+0000] {processor.py:756} INFO - Processing file /home/airflow/.local/lib/python3.7/site-packages/airflow/example_dags/example_latest_only_with_trigger.py for tasks to queue
[2024-09-28T23:58:30.766+0000] {logging_mixin.py:120} INFO - [2024-09-28T23:58:30.766+0000] {dagbag.py:537} INFO - Filling up the DagBag from /home/airflow/.local/lib/python3.7/site-packages/airflow/example_dags/example_latest_only_with_trigger.py
[2024-09-28T23:58:30.787+0000] {processor.py:766} INFO - DAG(s) dict_keys(['latest_only_with_trigger']) retrieved from /home/airflow/.local/lib/python3.7/site-packages/airflow/example_dags/example_latest_only_with_trigger.py
[2024-09-28T23:58:30.841+0000] {logging_mixin.py:120} INFO - [2024-09-28T23:58:30.841+0000] {dag.py:2585} INFO - Sync 1 DAGs
[2024-09-28T23:58:30.878+0000] {logging_mixin.py:120} INFO - [2024-09-28T23:58:30.877+0000] {dag.py:3340} INFO - Setting next_dagrun for latest_only_with_trigger to 2024-09-28T19:58:30.877572+00:00, run_after=2024-09-28T23:58:30.877572+00:00
[2024-09-28T23:58:30.913+0000] {processor.py:176} INFO - Processing /home/airflow/.local/lib/python3.7/site-packages/airflow/example_dags/example_latest_only_with_trigger.py took 0.156 seconds
[2024-09-28T23:59:01.026+0000] {processor.py:154} INFO - Started process (PID=46337) to work on /home/airflow/.local/lib/python3.7/site-packages/airflow/example_dags/example_latest_only_with_trigger.py
[2024-09-28T23:59:01.031+0000] {processor.py:756} INFO - Processing file /home/airflow/.local/lib/python3.7/site-packages/airflow/example_dags/example_latest_only_with_trigger.py for tasks to queue
[2024-09-28T23:59:01.033+0000] {logging_mixin.py:120} INFO - [2024-09-28T23:59:01.033+0000] {dagbag.py:537} INFO - Filling up the DagBag from /home/airflow/.local/lib/python3.7/site-packages/airflow/example_dags/example_latest_only_with_trigger.py
[2024-09-28T23:59:01.062+0000] {processor.py:766} INFO - DAG(s) dict_keys(['latest_only_with_trigger']) retrieved from /home/airflow/.local/lib/python3.7/site-packages/airflow/example_dags/example_latest_only_with_trigger.py
[2024-09-28T23:59:01.127+0000] {logging_mixin.py:120} INFO - [2024-09-28T23:59:01.127+0000] {dag.py:2585} INFO - Sync 1 DAGs
[2024-09-28T23:59:01.167+0000] {logging_mixin.py:120} INFO - [2024-09-28T23:59:01.166+0000] {dag.py:3340} INFO - Setting next_dagrun for latest_only_with_trigger to 2024-09-28T19:59:01.166522+00:00, run_after=2024-09-28T23:59:01.166522+00:00
[2024-09-28T23:59:01.203+0000] {processor.py:176} INFO - Processing /home/airflow/.local/lib/python3.7/site-packages/airflow/example_dags/example_latest_only_with_trigger.py took 0.182 seconds
[2024-09-28T23:59:31.758+0000] {processor.py:154} INFO - Started process (PID=46408) to work on /home/airflow/.local/lib/python3.7/site-packages/airflow/example_dags/example_latest_only_with_trigger.py
[2024-09-28T23:59:31.764+0000] {processor.py:756} INFO - Processing file /home/airflow/.local/lib/python3.7/site-packages/airflow/example_dags/example_latest_only_with_trigger.py for tasks to queue
[2024-09-28T23:59:31.766+0000] {logging_mixin.py:120} INFO - [2024-09-28T23:59:31.766+0000] {dagbag.py:537} INFO - Filling up the DagBag from /home/airflow/.local/lib/python3.7/site-packages/airflow/example_dags/example_latest_only_with_trigger.py
[2024-09-28T23:59:31.785+0000] {processor.py:766} INFO - DAG(s) dict_keys(['latest_only_with_trigger']) retrieved from /home/airflow/.local/lib/python3.7/site-packages/airflow/example_dags/example_latest_only_with_trigger.py
[2024-09-28T23:59:31.838+0000] {logging_mixin.py:120} INFO - [2024-09-28T23:59:31.838+0000] {dag.py:2585} INFO - Sync 1 DAGs
[2024-09-28T23:59:31.874+0000] {logging_mixin.py:120} INFO - [2024-09-28T23:59:31.874+0000] {dag.py:3340} INFO - Setting next_dagrun for latest_only_with_trigger to 2024-09-28T19:59:31.874042+00:00, run_after=2024-09-28T23:59:31.874042+00:00
[2024-09-28T23:59:31.901+0000] {processor.py:176} INFO - Processing /home/airflow/.local/lib/python3.7/site-packages/airflow/example_dags/example_latest_only_with_trigger.py took 0.147 seconds
