[2024-09-23T11:26:54.148+0000] {processor.py:154} INFO - Started process (PID=82) to work on /home/airflow/.local/lib/python3.7/site-packages/airflow/example_dags/example_kubernetes_executor.py
[2024-09-23T11:26:54.150+0000] {processor.py:756} INFO - Processing file /home/airflow/.local/lib/python3.7/site-packages/airflow/example_dags/example_kubernetes_executor.py for tasks to queue
[2024-09-23T11:26:54.152+0000] {logging_mixin.py:120} INFO - [2024-09-23T11:26:54.151+0000] {dagbag.py:537} INFO - Filling up the DagBag from /home/airflow/.local/lib/python3.7/site-packages/airflow/example_dags/example_kubernetes_executor.py
[2024-09-23T11:26:54.221+0000] {processor.py:766} INFO - DAG(s) dict_keys(['example_kubernetes_executor']) retrieved from /home/airflow/.local/lib/python3.7/site-packages/airflow/example_dags/example_kubernetes_executor.py
[2024-09-23T11:26:54.440+0000] {logging_mixin.py:120} INFO - [2024-09-23T11:26:54.440+0000] {manager.py:507} INFO - Created Permission View: can edit on DAG:example_kubernetes_executor
[2024-09-23T11:26:54.454+0000] {logging_mixin.py:120} INFO - [2024-09-23T11:26:54.454+0000] {manager.py:507} INFO - Created Permission View: can read on DAG:example_kubernetes_executor
[2024-09-23T11:26:54.464+0000] {logging_mixin.py:120} INFO - [2024-09-23T11:26:54.463+0000] {manager.py:507} INFO - Created Permission View: can delete on DAG:example_kubernetes_executor
[2024-09-23T11:26:54.464+0000] {logging_mixin.py:120} INFO - [2024-09-23T11:26:54.464+0000] {dag.py:2585} INFO - Sync 1 DAGs
[2024-09-23T11:26:54.484+0000] {logging_mixin.py:120} INFO - [2024-09-23T11:26:54.484+0000] {dag.py:2606} INFO - Creating ORM DAG for example_kubernetes_executor
[2024-09-23T11:26:54.499+0000] {logging_mixin.py:120} INFO - [2024-09-23T11:26:54.499+0000] {dag.py:3340} INFO - Setting next_dagrun for example_kubernetes_executor to None, run_after=None
[2024-09-23T11:26:54.524+0000] {processor.py:176} INFO - Processing /home/airflow/.local/lib/python3.7/site-packages/airflow/example_dags/example_kubernetes_executor.py took 0.381 seconds
[2024-09-23T11:27:25.493+0000] {processor.py:154} INFO - Started process (PID=145) to work on /home/airflow/.local/lib/python3.7/site-packages/airflow/example_dags/example_kubernetes_executor.py
[2024-09-23T11:27:25.495+0000] {processor.py:756} INFO - Processing file /home/airflow/.local/lib/python3.7/site-packages/airflow/example_dags/example_kubernetes_executor.py for tasks to queue
[2024-09-23T11:27:25.496+0000] {logging_mixin.py:120} INFO - [2024-09-23T11:27:25.496+0000] {dagbag.py:537} INFO - Filling up the DagBag from /home/airflow/.local/lib/python3.7/site-packages/airflow/example_dags/example_kubernetes_executor.py
[2024-09-23T11:27:25.539+0000] {processor.py:766} INFO - DAG(s) dict_keys(['example_kubernetes_executor']) retrieved from /home/airflow/.local/lib/python3.7/site-packages/airflow/example_dags/example_kubernetes_executor.py
[2024-09-23T11:27:25.590+0000] {logging_mixin.py:120} INFO - [2024-09-23T11:27:25.589+0000] {dag.py:2585} INFO - Sync 1 DAGs
[2024-09-23T11:27:25.620+0000] {logging_mixin.py:120} INFO - [2024-09-23T11:27:25.620+0000] {dag.py:3340} INFO - Setting next_dagrun for example_kubernetes_executor to None, run_after=None
[2024-09-23T11:27:25.646+0000] {processor.py:176} INFO - Processing /home/airflow/.local/lib/python3.7/site-packages/airflow/example_dags/example_kubernetes_executor.py took 0.159 seconds
[2024-09-23T11:27:56.261+0000] {processor.py:154} INFO - Started process (PID=209) to work on /home/airflow/.local/lib/python3.7/site-packages/airflow/example_dags/example_kubernetes_executor.py
[2024-09-23T11:27:56.263+0000] {processor.py:756} INFO - Processing file /home/airflow/.local/lib/python3.7/site-packages/airflow/example_dags/example_kubernetes_executor.py for tasks to queue
[2024-09-23T11:27:56.264+0000] {logging_mixin.py:120} INFO - [2024-09-23T11:27:56.264+0000] {dagbag.py:537} INFO - Filling up the DagBag from /home/airflow/.local/lib/python3.7/site-packages/airflow/example_dags/example_kubernetes_executor.py
[2024-09-23T11:27:56.303+0000] {processor.py:766} INFO - DAG(s) dict_keys(['example_kubernetes_executor']) retrieved from /home/airflow/.local/lib/python3.7/site-packages/airflow/example_dags/example_kubernetes_executor.py
[2024-09-23T11:27:56.363+0000] {logging_mixin.py:120} INFO - [2024-09-23T11:27:56.363+0000] {dag.py:2585} INFO - Sync 1 DAGs
[2024-09-23T11:27:56.400+0000] {logging_mixin.py:120} INFO - [2024-09-23T11:27:56.400+0000] {dag.py:3340} INFO - Setting next_dagrun for example_kubernetes_executor to None, run_after=None
[2024-09-23T11:27:56.446+0000] {processor.py:176} INFO - Processing /home/airflow/.local/lib/python3.7/site-packages/airflow/example_dags/example_kubernetes_executor.py took 0.189 seconds
[2024-09-23T11:28:26.653+0000] {processor.py:154} INFO - Started process (PID=263) to work on /home/airflow/.local/lib/python3.7/site-packages/airflow/example_dags/example_kubernetes_executor.py
[2024-09-23T11:28:26.654+0000] {processor.py:756} INFO - Processing file /home/airflow/.local/lib/python3.7/site-packages/airflow/example_dags/example_kubernetes_executor.py for tasks to queue
[2024-09-23T11:28:26.655+0000] {logging_mixin.py:120} INFO - [2024-09-23T11:28:26.655+0000] {dagbag.py:537} INFO - Filling up the DagBag from /home/airflow/.local/lib/python3.7/site-packages/airflow/example_dags/example_kubernetes_executor.py
[2024-09-23T11:28:26.693+0000] {processor.py:766} INFO - DAG(s) dict_keys(['example_kubernetes_executor']) retrieved from /home/airflow/.local/lib/python3.7/site-packages/airflow/example_dags/example_kubernetes_executor.py
[2024-09-23T11:28:26.743+0000] {logging_mixin.py:120} INFO - [2024-09-23T11:28:26.743+0000] {dag.py:2585} INFO - Sync 1 DAGs
[2024-09-23T11:28:26.773+0000] {logging_mixin.py:120} INFO - [2024-09-23T11:28:26.773+0000] {dag.py:3340} INFO - Setting next_dagrun for example_kubernetes_executor to None, run_after=None
[2024-09-23T11:28:26.792+0000] {processor.py:176} INFO - Processing /home/airflow/.local/lib/python3.7/site-packages/airflow/example_dags/example_kubernetes_executor.py took 0.144 seconds
[2024-09-23T11:28:57.420+0000] {processor.py:154} INFO - Started process (PID=326) to work on /home/airflow/.local/lib/python3.7/site-packages/airflow/example_dags/example_kubernetes_executor.py
[2024-09-23T11:28:57.421+0000] {processor.py:756} INFO - Processing file /home/airflow/.local/lib/python3.7/site-packages/airflow/example_dags/example_kubernetes_executor.py for tasks to queue
[2024-09-23T11:28:57.422+0000] {logging_mixin.py:120} INFO - [2024-09-23T11:28:57.422+0000] {dagbag.py:537} INFO - Filling up the DagBag from /home/airflow/.local/lib/python3.7/site-packages/airflow/example_dags/example_kubernetes_executor.py
[2024-09-23T11:28:57.461+0000] {processor.py:766} INFO - DAG(s) dict_keys(['example_kubernetes_executor']) retrieved from /home/airflow/.local/lib/python3.7/site-packages/airflow/example_dags/example_kubernetes_executor.py
[2024-09-23T11:28:57.515+0000] {logging_mixin.py:120} INFO - [2024-09-23T11:28:57.515+0000] {dag.py:2585} INFO - Sync 1 DAGs
[2024-09-23T11:28:57.547+0000] {logging_mixin.py:120} INFO - [2024-09-23T11:28:57.546+0000] {dag.py:3340} INFO - Setting next_dagrun for example_kubernetes_executor to None, run_after=None
[2024-09-23T11:28:57.574+0000] {processor.py:176} INFO - Processing /home/airflow/.local/lib/python3.7/site-packages/airflow/example_dags/example_kubernetes_executor.py took 0.159 seconds
[2024-09-23T11:29:27.808+0000] {processor.py:154} INFO - Started process (PID=389) to work on /home/airflow/.local/lib/python3.7/site-packages/airflow/example_dags/example_kubernetes_executor.py
[2024-09-23T11:29:27.810+0000] {processor.py:756} INFO - Processing file /home/airflow/.local/lib/python3.7/site-packages/airflow/example_dags/example_kubernetes_executor.py for tasks to queue
[2024-09-23T11:29:27.812+0000] {logging_mixin.py:120} INFO - [2024-09-23T11:29:27.812+0000] {dagbag.py:537} INFO - Filling up the DagBag from /home/airflow/.local/lib/python3.7/site-packages/airflow/example_dags/example_kubernetes_executor.py
[2024-09-23T11:29:27.846+0000] {processor.py:766} INFO - DAG(s) dict_keys(['example_kubernetes_executor']) retrieved from /home/airflow/.local/lib/python3.7/site-packages/airflow/example_dags/example_kubernetes_executor.py
[2024-09-23T11:29:27.900+0000] {logging_mixin.py:120} INFO - [2024-09-23T11:29:27.899+0000] {dag.py:2585} INFO - Sync 1 DAGs
[2024-09-23T11:29:27.932+0000] {logging_mixin.py:120} INFO - [2024-09-23T11:29:27.932+0000] {dag.py:3340} INFO - Setting next_dagrun for example_kubernetes_executor to None, run_after=None
[2024-09-23T11:29:27.959+0000] {processor.py:176} INFO - Processing /home/airflow/.local/lib/python3.7/site-packages/airflow/example_dags/example_kubernetes_executor.py took 0.155 seconds
[2024-09-23T11:29:58.375+0000] {processor.py:154} INFO - Started process (PID=443) to work on /home/airflow/.local/lib/python3.7/site-packages/airflow/example_dags/example_kubernetes_executor.py
[2024-09-23T11:29:58.377+0000] {processor.py:756} INFO - Processing file /home/airflow/.local/lib/python3.7/site-packages/airflow/example_dags/example_kubernetes_executor.py for tasks to queue
[2024-09-23T11:29:58.379+0000] {logging_mixin.py:120} INFO - [2024-09-23T11:29:58.379+0000] {dagbag.py:537} INFO - Filling up the DagBag from /home/airflow/.local/lib/python3.7/site-packages/airflow/example_dags/example_kubernetes_executor.py
[2024-09-23T11:29:58.440+0000] {processor.py:766} INFO - DAG(s) dict_keys(['example_kubernetes_executor']) retrieved from /home/airflow/.local/lib/python3.7/site-packages/airflow/example_dags/example_kubernetes_executor.py
[2024-09-23T11:29:58.530+0000] {logging_mixin.py:120} INFO - [2024-09-23T11:29:58.529+0000] {dag.py:2585} INFO - Sync 1 DAGs
[2024-09-23T11:29:58.577+0000] {logging_mixin.py:120} INFO - [2024-09-23T11:29:58.577+0000] {dag.py:3340} INFO - Setting next_dagrun for example_kubernetes_executor to None, run_after=None
[2024-09-23T11:29:58.621+0000] {processor.py:176} INFO - Processing /home/airflow/.local/lib/python3.7/site-packages/airflow/example_dags/example_kubernetes_executor.py took 0.252 seconds
[2024-09-23T11:30:28.681+0000] {processor.py:154} INFO - Started process (PID=506) to work on /home/airflow/.local/lib/python3.7/site-packages/airflow/example_dags/example_kubernetes_executor.py
[2024-09-23T11:30:28.683+0000] {processor.py:756} INFO - Processing file /home/airflow/.local/lib/python3.7/site-packages/airflow/example_dags/example_kubernetes_executor.py for tasks to queue
[2024-09-23T11:30:28.685+0000] {logging_mixin.py:120} INFO - [2024-09-23T11:30:28.685+0000] {dagbag.py:537} INFO - Filling up the DagBag from /home/airflow/.local/lib/python3.7/site-packages/airflow/example_dags/example_kubernetes_executor.py
[2024-09-23T11:30:28.721+0000] {processor.py:766} INFO - DAG(s) dict_keys(['example_kubernetes_executor']) retrieved from /home/airflow/.local/lib/python3.7/site-packages/airflow/example_dags/example_kubernetes_executor.py
[2024-09-23T11:30:28.772+0000] {logging_mixin.py:120} INFO - [2024-09-23T11:30:28.772+0000] {dag.py:2585} INFO - Sync 1 DAGs
[2024-09-23T11:30:28.801+0000] {logging_mixin.py:120} INFO - [2024-09-23T11:30:28.801+0000] {dag.py:3340} INFO - Setting next_dagrun for example_kubernetes_executor to None, run_after=None
[2024-09-23T11:30:28.823+0000] {processor.py:176} INFO - Processing /home/airflow/.local/lib/python3.7/site-packages/airflow/example_dags/example_kubernetes_executor.py took 0.147 seconds
[2024-09-23T11:30:59.030+0000] {processor.py:154} INFO - Started process (PID=569) to work on /home/airflow/.local/lib/python3.7/site-packages/airflow/example_dags/example_kubernetes_executor.py
[2024-09-23T11:30:59.034+0000] {processor.py:756} INFO - Processing file /home/airflow/.local/lib/python3.7/site-packages/airflow/example_dags/example_kubernetes_executor.py for tasks to queue
[2024-09-23T11:30:59.039+0000] {logging_mixin.py:120} INFO - [2024-09-23T11:30:59.039+0000] {dagbag.py:537} INFO - Filling up the DagBag from /home/airflow/.local/lib/python3.7/site-packages/airflow/example_dags/example_kubernetes_executor.py
[2024-09-23T11:30:59.157+0000] {processor.py:766} INFO - DAG(s) dict_keys(['example_kubernetes_executor']) retrieved from /home/airflow/.local/lib/python3.7/site-packages/airflow/example_dags/example_kubernetes_executor.py
[2024-09-23T11:30:59.290+0000] {logging_mixin.py:120} INFO - [2024-09-23T11:30:59.290+0000] {dag.py:2585} INFO - Sync 1 DAGs
[2024-09-23T11:30:59.344+0000] {logging_mixin.py:120} INFO - [2024-09-23T11:30:59.344+0000] {dag.py:3340} INFO - Setting next_dagrun for example_kubernetes_executor to None, run_after=None
[2024-09-23T11:30:59.379+0000] {processor.py:176} INFO - Processing /home/airflow/.local/lib/python3.7/site-packages/airflow/example_dags/example_kubernetes_executor.py took 0.357 seconds
[2024-09-23T11:31:29.964+0000] {processor.py:154} INFO - Started process (PID=623) to work on /home/airflow/.local/lib/python3.7/site-packages/airflow/example_dags/example_kubernetes_executor.py
[2024-09-23T11:31:29.965+0000] {processor.py:756} INFO - Processing file /home/airflow/.local/lib/python3.7/site-packages/airflow/example_dags/example_kubernetes_executor.py for tasks to queue
[2024-09-23T11:31:29.966+0000] {logging_mixin.py:120} INFO - [2024-09-23T11:31:29.966+0000] {dagbag.py:537} INFO - Filling up the DagBag from /home/airflow/.local/lib/python3.7/site-packages/airflow/example_dags/example_kubernetes_executor.py
[2024-09-23T11:31:30.003+0000] {processor.py:766} INFO - DAG(s) dict_keys(['example_kubernetes_executor']) retrieved from /home/airflow/.local/lib/python3.7/site-packages/airflow/example_dags/example_kubernetes_executor.py
[2024-09-23T11:31:30.054+0000] {logging_mixin.py:120} INFO - [2024-09-23T11:31:30.054+0000] {dag.py:2585} INFO - Sync 1 DAGs
[2024-09-23T11:31:30.084+0000] {logging_mixin.py:120} INFO - [2024-09-23T11:31:30.084+0000] {dag.py:3340} INFO - Setting next_dagrun for example_kubernetes_executor to None, run_after=None
[2024-09-23T11:31:30.107+0000] {processor.py:176} INFO - Processing /home/airflow/.local/lib/python3.7/site-packages/airflow/example_dags/example_kubernetes_executor.py took 0.148 seconds
[2024-09-23T11:32:00.221+0000] {processor.py:154} INFO - Started process (PID=686) to work on /home/airflow/.local/lib/python3.7/site-packages/airflow/example_dags/example_kubernetes_executor.py
[2024-09-23T11:32:00.223+0000] {processor.py:756} INFO - Processing file /home/airflow/.local/lib/python3.7/site-packages/airflow/example_dags/example_kubernetes_executor.py for tasks to queue
[2024-09-23T11:32:00.224+0000] {logging_mixin.py:120} INFO - [2024-09-23T11:32:00.224+0000] {dagbag.py:537} INFO - Filling up the DagBag from /home/airflow/.local/lib/python3.7/site-packages/airflow/example_dags/example_kubernetes_executor.py
[2024-09-23T11:32:00.260+0000] {processor.py:766} INFO - DAG(s) dict_keys(['example_kubernetes_executor']) retrieved from /home/airflow/.local/lib/python3.7/site-packages/airflow/example_dags/example_kubernetes_executor.py
[2024-09-23T11:32:00.324+0000] {logging_mixin.py:120} INFO - [2024-09-23T11:32:00.324+0000] {dag.py:2585} INFO - Sync 1 DAGs
[2024-09-23T11:32:00.357+0000] {logging_mixin.py:120} INFO - [2024-09-23T11:32:00.357+0000] {dag.py:3340} INFO - Setting next_dagrun for example_kubernetes_executor to None, run_after=None
[2024-09-23T11:32:00.382+0000] {processor.py:176} INFO - Processing /home/airflow/.local/lib/python3.7/site-packages/airflow/example_dags/example_kubernetes_executor.py took 0.165 seconds
[2024-09-23T11:32:30.531+0000] {processor.py:154} INFO - Started process (PID=739) to work on /home/airflow/.local/lib/python3.7/site-packages/airflow/example_dags/example_kubernetes_executor.py
[2024-09-23T11:32:30.532+0000] {processor.py:756} INFO - Processing file /home/airflow/.local/lib/python3.7/site-packages/airflow/example_dags/example_kubernetes_executor.py for tasks to queue
[2024-09-23T11:32:30.533+0000] {logging_mixin.py:120} INFO - [2024-09-23T11:32:30.533+0000] {dagbag.py:537} INFO - Filling up the DagBag from /home/airflow/.local/lib/python3.7/site-packages/airflow/example_dags/example_kubernetes_executor.py
[2024-09-23T11:32:30.571+0000] {processor.py:766} INFO - DAG(s) dict_keys(['example_kubernetes_executor']) retrieved from /home/airflow/.local/lib/python3.7/site-packages/airflow/example_dags/example_kubernetes_executor.py
[2024-09-23T11:32:30.622+0000] {logging_mixin.py:120} INFO - [2024-09-23T11:32:30.622+0000] {dag.py:2585} INFO - Sync 1 DAGs
[2024-09-23T11:32:30.652+0000] {logging_mixin.py:120} INFO - [2024-09-23T11:32:30.651+0000] {dag.py:3340} INFO - Setting next_dagrun for example_kubernetes_executor to None, run_after=None
[2024-09-23T11:32:30.674+0000] {processor.py:176} INFO - Processing /home/airflow/.local/lib/python3.7/site-packages/airflow/example_dags/example_kubernetes_executor.py took 0.148 seconds
[2024-09-23T11:33:00.798+0000] {processor.py:154} INFO - Started process (PID=802) to work on /home/airflow/.local/lib/python3.7/site-packages/airflow/example_dags/example_kubernetes_executor.py
[2024-09-23T11:33:00.800+0000] {processor.py:756} INFO - Processing file /home/airflow/.local/lib/python3.7/site-packages/airflow/example_dags/example_kubernetes_executor.py for tasks to queue
[2024-09-23T11:33:00.801+0000] {logging_mixin.py:120} INFO - [2024-09-23T11:33:00.800+0000] {dagbag.py:537} INFO - Filling up the DagBag from /home/airflow/.local/lib/python3.7/site-packages/airflow/example_dags/example_kubernetes_executor.py
[2024-09-23T11:33:00.837+0000] {processor.py:766} INFO - DAG(s) dict_keys(['example_kubernetes_executor']) retrieved from /home/airflow/.local/lib/python3.7/site-packages/airflow/example_dags/example_kubernetes_executor.py
[2024-09-23T11:33:00.888+0000] {logging_mixin.py:120} INFO - [2024-09-23T11:33:00.888+0000] {dag.py:2585} INFO - Sync 1 DAGs
[2024-09-23T11:33:00.919+0000] {logging_mixin.py:120} INFO - [2024-09-23T11:33:00.919+0000] {dag.py:3340} INFO - Setting next_dagrun for example_kubernetes_executor to None, run_after=None
[2024-09-23T11:33:00.944+0000] {processor.py:176} INFO - Processing /home/airflow/.local/lib/python3.7/site-packages/airflow/example_dags/example_kubernetes_executor.py took 0.150 seconds
[2024-09-23T11:33:31.122+0000] {processor.py:154} INFO - Started process (PID=865) to work on /home/airflow/.local/lib/python3.7/site-packages/airflow/example_dags/example_kubernetes_executor.py
[2024-09-23T11:33:31.124+0000] {processor.py:756} INFO - Processing file /home/airflow/.local/lib/python3.7/site-packages/airflow/example_dags/example_kubernetes_executor.py for tasks to queue
[2024-09-23T11:33:31.124+0000] {logging_mixin.py:120} INFO - [2024-09-23T11:33:31.124+0000] {dagbag.py:537} INFO - Filling up the DagBag from /home/airflow/.local/lib/python3.7/site-packages/airflow/example_dags/example_kubernetes_executor.py
[2024-09-23T11:33:31.157+0000] {processor.py:766} INFO - DAG(s) dict_keys(['example_kubernetes_executor']) retrieved from /home/airflow/.local/lib/python3.7/site-packages/airflow/example_dags/example_kubernetes_executor.py
[2024-09-23T11:33:31.203+0000] {logging_mixin.py:120} INFO - [2024-09-23T11:33:31.203+0000] {dag.py:2585} INFO - Sync 1 DAGs
[2024-09-23T11:33:31.237+0000] {logging_mixin.py:120} INFO - [2024-09-23T11:33:31.237+0000] {dag.py:3340} INFO - Setting next_dagrun for example_kubernetes_executor to None, run_after=None
[2024-09-23T11:33:31.263+0000] {processor.py:176} INFO - Processing /home/airflow/.local/lib/python3.7/site-packages/airflow/example_dags/example_kubernetes_executor.py took 0.145 seconds
[2024-09-23T11:34:01.726+0000] {processor.py:154} INFO - Started process (PID=919) to work on /home/airflow/.local/lib/python3.7/site-packages/airflow/example_dags/example_kubernetes_executor.py
[2024-09-23T11:34:01.727+0000] {processor.py:756} INFO - Processing file /home/airflow/.local/lib/python3.7/site-packages/airflow/example_dags/example_kubernetes_executor.py for tasks to queue
[2024-09-23T11:34:01.728+0000] {logging_mixin.py:120} INFO - [2024-09-23T11:34:01.728+0000] {dagbag.py:537} INFO - Filling up the DagBag from /home/airflow/.local/lib/python3.7/site-packages/airflow/example_dags/example_kubernetes_executor.py
[2024-09-23T11:34:01.772+0000] {processor.py:766} INFO - DAG(s) dict_keys(['example_kubernetes_executor']) retrieved from /home/airflow/.local/lib/python3.7/site-packages/airflow/example_dags/example_kubernetes_executor.py
[2024-09-23T11:34:01.840+0000] {logging_mixin.py:120} INFO - [2024-09-23T11:34:01.840+0000] {dag.py:2585} INFO - Sync 1 DAGs
[2024-09-23T11:34:01.880+0000] {logging_mixin.py:120} INFO - [2024-09-23T11:34:01.880+0000] {dag.py:3340} INFO - Setting next_dagrun for example_kubernetes_executor to None, run_after=None
[2024-09-23T11:34:01.908+0000] {processor.py:176} INFO - Processing /home/airflow/.local/lib/python3.7/site-packages/airflow/example_dags/example_kubernetes_executor.py took 0.187 seconds
[2024-09-23T11:34:31.978+0000] {processor.py:154} INFO - Started process (PID=982) to work on /home/airflow/.local/lib/python3.7/site-packages/airflow/example_dags/example_kubernetes_executor.py
[2024-09-23T11:34:31.980+0000] {processor.py:756} INFO - Processing file /home/airflow/.local/lib/python3.7/site-packages/airflow/example_dags/example_kubernetes_executor.py for tasks to queue
[2024-09-23T11:34:31.981+0000] {logging_mixin.py:120} INFO - [2024-09-23T11:34:31.981+0000] {dagbag.py:537} INFO - Filling up the DagBag from /home/airflow/.local/lib/python3.7/site-packages/airflow/example_dags/example_kubernetes_executor.py
[2024-09-23T11:34:32.022+0000] {processor.py:766} INFO - DAG(s) dict_keys(['example_kubernetes_executor']) retrieved from /home/airflow/.local/lib/python3.7/site-packages/airflow/example_dags/example_kubernetes_executor.py
[2024-09-23T11:34:32.072+0000] {logging_mixin.py:120} INFO - [2024-09-23T11:34:32.072+0000] {dag.py:2585} INFO - Sync 1 DAGs
[2024-09-23T11:34:32.100+0000] {logging_mixin.py:120} INFO - [2024-09-23T11:34:32.100+0000] {dag.py:3340} INFO - Setting next_dagrun for example_kubernetes_executor to None, run_after=None
[2024-09-23T11:34:32.119+0000] {processor.py:176} INFO - Processing /home/airflow/.local/lib/python3.7/site-packages/airflow/example_dags/example_kubernetes_executor.py took 0.147 seconds
[2024-09-23T11:35:02.751+0000] {processor.py:154} INFO - Started process (PID=1045) to work on /home/airflow/.local/lib/python3.7/site-packages/airflow/example_dags/example_kubernetes_executor.py
[2024-09-23T11:35:02.753+0000] {processor.py:756} INFO - Processing file /home/airflow/.local/lib/python3.7/site-packages/airflow/example_dags/example_kubernetes_executor.py for tasks to queue
[2024-09-23T11:35:02.755+0000] {logging_mixin.py:120} INFO - [2024-09-23T11:35:02.754+0000] {dagbag.py:537} INFO - Filling up the DagBag from /home/airflow/.local/lib/python3.7/site-packages/airflow/example_dags/example_kubernetes_executor.py
[2024-09-23T11:35:02.826+0000] {processor.py:766} INFO - DAG(s) dict_keys(['example_kubernetes_executor']) retrieved from /home/airflow/.local/lib/python3.7/site-packages/airflow/example_dags/example_kubernetes_executor.py
[2024-09-23T11:35:02.959+0000] {logging_mixin.py:120} INFO - [2024-09-23T11:35:02.959+0000] {dag.py:2585} INFO - Sync 1 DAGs
[2024-09-23T11:35:03.012+0000] {logging_mixin.py:120} INFO - [2024-09-23T11:35:03.012+0000] {dag.py:3340} INFO - Setting next_dagrun for example_kubernetes_executor to None, run_after=None
[2024-09-23T11:35:03.055+0000] {processor.py:176} INFO - Processing /home/airflow/.local/lib/python3.7/site-packages/airflow/example_dags/example_kubernetes_executor.py took 0.317 seconds
[2024-09-23T11:35:33.841+0000] {processor.py:154} INFO - Started process (PID=1099) to work on /home/airflow/.local/lib/python3.7/site-packages/airflow/example_dags/example_kubernetes_executor.py
[2024-09-23T11:35:33.843+0000] {processor.py:756} INFO - Processing file /home/airflow/.local/lib/python3.7/site-packages/airflow/example_dags/example_kubernetes_executor.py for tasks to queue
[2024-09-23T11:35:33.844+0000] {logging_mixin.py:120} INFO - [2024-09-23T11:35:33.843+0000] {dagbag.py:537} INFO - Filling up the DagBag from /home/airflow/.local/lib/python3.7/site-packages/airflow/example_dags/example_kubernetes_executor.py
[2024-09-23T11:35:33.879+0000] {processor.py:766} INFO - DAG(s) dict_keys(['example_kubernetes_executor']) retrieved from /home/airflow/.local/lib/python3.7/site-packages/airflow/example_dags/example_kubernetes_executor.py
[2024-09-23T11:35:33.939+0000] {logging_mixin.py:120} INFO - [2024-09-23T11:35:33.939+0000] {dag.py:2585} INFO - Sync 1 DAGs
[2024-09-23T11:35:33.973+0000] {logging_mixin.py:120} INFO - [2024-09-23T11:35:33.973+0000] {dag.py:3340} INFO - Setting next_dagrun for example_kubernetes_executor to None, run_after=None
[2024-09-23T11:35:33.996+0000] {processor.py:176} INFO - Processing /home/airflow/.local/lib/python3.7/site-packages/airflow/example_dags/example_kubernetes_executor.py took 0.159 seconds
[2024-09-23T11:36:04.306+0000] {processor.py:154} INFO - Started process (PID=1161) to work on /home/airflow/.local/lib/python3.7/site-packages/airflow/example_dags/example_kubernetes_executor.py
[2024-09-23T11:36:04.308+0000] {processor.py:756} INFO - Processing file /home/airflow/.local/lib/python3.7/site-packages/airflow/example_dags/example_kubernetes_executor.py for tasks to queue
[2024-09-23T11:36:04.309+0000] {logging_mixin.py:120} INFO - [2024-09-23T11:36:04.309+0000] {dagbag.py:537} INFO - Filling up the DagBag from /home/airflow/.local/lib/python3.7/site-packages/airflow/example_dags/example_kubernetes_executor.py
[2024-09-23T11:36:04.353+0000] {processor.py:766} INFO - DAG(s) dict_keys(['example_kubernetes_executor']) retrieved from /home/airflow/.local/lib/python3.7/site-packages/airflow/example_dags/example_kubernetes_executor.py
[2024-09-23T11:36:04.417+0000] {logging_mixin.py:120} INFO - [2024-09-23T11:36:04.417+0000] {dag.py:2585} INFO - Sync 1 DAGs
[2024-09-23T11:36:04.448+0000] {logging_mixin.py:120} INFO - [2024-09-23T11:36:04.448+0000] {dag.py:3340} INFO - Setting next_dagrun for example_kubernetes_executor to None, run_after=None
[2024-09-23T11:36:04.471+0000] {processor.py:176} INFO - Processing /home/airflow/.local/lib/python3.7/site-packages/airflow/example_dags/example_kubernetes_executor.py took 0.169 seconds
[2024-09-23T11:36:34.975+0000] {processor.py:154} INFO - Started process (PID=1224) to work on /home/airflow/.local/lib/python3.7/site-packages/airflow/example_dags/example_kubernetes_executor.py
[2024-09-23T11:36:34.976+0000] {processor.py:756} INFO - Processing file /home/airflow/.local/lib/python3.7/site-packages/airflow/example_dags/example_kubernetes_executor.py for tasks to queue
[2024-09-23T11:36:34.977+0000] {logging_mixin.py:120} INFO - [2024-09-23T11:36:34.977+0000] {dagbag.py:537} INFO - Filling up the DagBag from /home/airflow/.local/lib/python3.7/site-packages/airflow/example_dags/example_kubernetes_executor.py
[2024-09-23T11:36:35.011+0000] {processor.py:766} INFO - DAG(s) dict_keys(['example_kubernetes_executor']) retrieved from /home/airflow/.local/lib/python3.7/site-packages/airflow/example_dags/example_kubernetes_executor.py
[2024-09-23T11:36:35.061+0000] {logging_mixin.py:120} INFO - [2024-09-23T11:36:35.061+0000] {dag.py:2585} INFO - Sync 1 DAGs
[2024-09-23T11:36:35.090+0000] {logging_mixin.py:120} INFO - [2024-09-23T11:36:35.090+0000] {dag.py:3340} INFO - Setting next_dagrun for example_kubernetes_executor to None, run_after=None
[2024-09-23T11:36:35.115+0000] {processor.py:176} INFO - Processing /home/airflow/.local/lib/python3.7/site-packages/airflow/example_dags/example_kubernetes_executor.py took 0.144 seconds
[2024-09-23T11:37:05.802+0000] {processor.py:154} INFO - Started process (PID=1278) to work on /home/airflow/.local/lib/python3.7/site-packages/airflow/example_dags/example_kubernetes_executor.py
[2024-09-23T11:37:05.803+0000] {processor.py:756} INFO - Processing file /home/airflow/.local/lib/python3.7/site-packages/airflow/example_dags/example_kubernetes_executor.py for tasks to queue
[2024-09-23T11:37:05.804+0000] {logging_mixin.py:120} INFO - [2024-09-23T11:37:05.804+0000] {dagbag.py:537} INFO - Filling up the DagBag from /home/airflow/.local/lib/python3.7/site-packages/airflow/example_dags/example_kubernetes_executor.py
[2024-09-23T11:37:05.843+0000] {processor.py:766} INFO - DAG(s) dict_keys(['example_kubernetes_executor']) retrieved from /home/airflow/.local/lib/python3.7/site-packages/airflow/example_dags/example_kubernetes_executor.py
[2024-09-23T11:37:05.895+0000] {logging_mixin.py:120} INFO - [2024-09-23T11:37:05.895+0000] {dag.py:2585} INFO - Sync 1 DAGs
[2024-09-23T11:37:05.929+0000] {logging_mixin.py:120} INFO - [2024-09-23T11:37:05.928+0000] {dag.py:3340} INFO - Setting next_dagrun for example_kubernetes_executor to None, run_after=None
[2024-09-23T11:37:05.962+0000] {processor.py:176} INFO - Processing /home/airflow/.local/lib/python3.7/site-packages/airflow/example_dags/example_kubernetes_executor.py took 0.165 seconds
[2024-09-23T11:37:36.167+0000] {processor.py:154} INFO - Started process (PID=1341) to work on /home/airflow/.local/lib/python3.7/site-packages/airflow/example_dags/example_kubernetes_executor.py
[2024-09-23T11:37:36.168+0000] {processor.py:756} INFO - Processing file /home/airflow/.local/lib/python3.7/site-packages/airflow/example_dags/example_kubernetes_executor.py for tasks to queue
[2024-09-23T11:37:36.169+0000] {logging_mixin.py:120} INFO - [2024-09-23T11:37:36.169+0000] {dagbag.py:537} INFO - Filling up the DagBag from /home/airflow/.local/lib/python3.7/site-packages/airflow/example_dags/example_kubernetes_executor.py
[2024-09-23T11:37:36.205+0000] {processor.py:766} INFO - DAG(s) dict_keys(['example_kubernetes_executor']) retrieved from /home/airflow/.local/lib/python3.7/site-packages/airflow/example_dags/example_kubernetes_executor.py
[2024-09-23T11:37:36.253+0000] {logging_mixin.py:120} INFO - [2024-09-23T11:37:36.253+0000] {dag.py:2585} INFO - Sync 1 DAGs
[2024-09-23T11:37:36.283+0000] {logging_mixin.py:120} INFO - [2024-09-23T11:37:36.283+0000] {dag.py:3340} INFO - Setting next_dagrun for example_kubernetes_executor to None, run_after=None
[2024-09-23T11:37:36.303+0000] {processor.py:176} INFO - Processing /home/airflow/.local/lib/python3.7/site-packages/airflow/example_dags/example_kubernetes_executor.py took 0.141 seconds
[2024-09-23T11:38:06.612+0000] {processor.py:154} INFO - Started process (PID=1404) to work on /home/airflow/.local/lib/python3.7/site-packages/airflow/example_dags/example_kubernetes_executor.py
[2024-09-23T11:38:06.613+0000] {processor.py:756} INFO - Processing file /home/airflow/.local/lib/python3.7/site-packages/airflow/example_dags/example_kubernetes_executor.py for tasks to queue
[2024-09-23T11:38:06.614+0000] {logging_mixin.py:120} INFO - [2024-09-23T11:38:06.614+0000] {dagbag.py:537} INFO - Filling up the DagBag from /home/airflow/.local/lib/python3.7/site-packages/airflow/example_dags/example_kubernetes_executor.py
[2024-09-23T11:38:06.655+0000] {processor.py:766} INFO - DAG(s) dict_keys(['example_kubernetes_executor']) retrieved from /home/airflow/.local/lib/python3.7/site-packages/airflow/example_dags/example_kubernetes_executor.py
[2024-09-23T11:38:06.711+0000] {logging_mixin.py:120} INFO - [2024-09-23T11:38:06.711+0000] {dag.py:2585} INFO - Sync 1 DAGs
[2024-09-23T11:38:06.745+0000] {logging_mixin.py:120} INFO - [2024-09-23T11:38:06.744+0000] {dag.py:3340} INFO - Setting next_dagrun for example_kubernetes_executor to None, run_after=None
[2024-09-23T11:38:06.771+0000] {processor.py:176} INFO - Processing /home/airflow/.local/lib/python3.7/site-packages/airflow/example_dags/example_kubernetes_executor.py took 0.164 seconds
[2024-09-23T11:38:37.250+0000] {processor.py:154} INFO - Started process (PID=1458) to work on /home/airflow/.local/lib/python3.7/site-packages/airflow/example_dags/example_kubernetes_executor.py
[2024-09-23T11:38:37.252+0000] {processor.py:756} INFO - Processing file /home/airflow/.local/lib/python3.7/site-packages/airflow/example_dags/example_kubernetes_executor.py for tasks to queue
[2024-09-23T11:38:37.253+0000] {logging_mixin.py:120} INFO - [2024-09-23T11:38:37.253+0000] {dagbag.py:537} INFO - Filling up the DagBag from /home/airflow/.local/lib/python3.7/site-packages/airflow/example_dags/example_kubernetes_executor.py
[2024-09-23T11:38:37.292+0000] {processor.py:766} INFO - DAG(s) dict_keys(['example_kubernetes_executor']) retrieved from /home/airflow/.local/lib/python3.7/site-packages/airflow/example_dags/example_kubernetes_executor.py
[2024-09-23T11:38:37.343+0000] {logging_mixin.py:120} INFO - [2024-09-23T11:38:37.343+0000] {dag.py:2585} INFO - Sync 1 DAGs
[2024-09-23T11:38:37.372+0000] {logging_mixin.py:120} INFO - [2024-09-23T11:38:37.372+0000] {dag.py:3340} INFO - Setting next_dagrun for example_kubernetes_executor to None, run_after=None
[2024-09-23T11:38:37.394+0000] {processor.py:176} INFO - Processing /home/airflow/.local/lib/python3.7/site-packages/airflow/example_dags/example_kubernetes_executor.py took 0.148 seconds
[2024-09-23T11:39:07.680+0000] {processor.py:154} INFO - Started process (PID=1521) to work on /home/airflow/.local/lib/python3.7/site-packages/airflow/example_dags/example_kubernetes_executor.py
[2024-09-23T11:39:07.681+0000] {processor.py:756} INFO - Processing file /home/airflow/.local/lib/python3.7/site-packages/airflow/example_dags/example_kubernetes_executor.py for tasks to queue
[2024-09-23T11:39:07.682+0000] {logging_mixin.py:120} INFO - [2024-09-23T11:39:07.682+0000] {dagbag.py:537} INFO - Filling up the DagBag from /home/airflow/.local/lib/python3.7/site-packages/airflow/example_dags/example_kubernetes_executor.py
[2024-09-23T11:39:07.717+0000] {processor.py:766} INFO - DAG(s) dict_keys(['example_kubernetes_executor']) retrieved from /home/airflow/.local/lib/python3.7/site-packages/airflow/example_dags/example_kubernetes_executor.py
[2024-09-23T11:39:07.768+0000] {logging_mixin.py:120} INFO - [2024-09-23T11:39:07.768+0000] {dag.py:2585} INFO - Sync 1 DAGs
[2024-09-23T11:39:07.797+0000] {logging_mixin.py:120} INFO - [2024-09-23T11:39:07.797+0000] {dag.py:3340} INFO - Setting next_dagrun for example_kubernetes_executor to None, run_after=None
[2024-09-23T11:39:07.820+0000] {processor.py:176} INFO - Processing /home/airflow/.local/lib/python3.7/site-packages/airflow/example_dags/example_kubernetes_executor.py took 0.146 seconds
[2024-09-23T11:39:38.370+0000] {processor.py:154} INFO - Started process (PID=1585) to work on /home/airflow/.local/lib/python3.7/site-packages/airflow/example_dags/example_kubernetes_executor.py
[2024-09-23T11:39:38.371+0000] {processor.py:756} INFO - Processing file /home/airflow/.local/lib/python3.7/site-packages/airflow/example_dags/example_kubernetes_executor.py for tasks to queue
[2024-09-23T11:39:38.372+0000] {logging_mixin.py:120} INFO - [2024-09-23T11:39:38.372+0000] {dagbag.py:537} INFO - Filling up the DagBag from /home/airflow/.local/lib/python3.7/site-packages/airflow/example_dags/example_kubernetes_executor.py
[2024-09-23T11:39:38.410+0000] {processor.py:766} INFO - DAG(s) dict_keys(['example_kubernetes_executor']) retrieved from /home/airflow/.local/lib/python3.7/site-packages/airflow/example_dags/example_kubernetes_executor.py
[2024-09-23T11:39:38.461+0000] {logging_mixin.py:120} INFO - [2024-09-23T11:39:38.461+0000] {dag.py:2585} INFO - Sync 1 DAGs
[2024-09-23T11:39:38.491+0000] {logging_mixin.py:120} INFO - [2024-09-23T11:39:38.491+0000] {dag.py:3340} INFO - Setting next_dagrun for example_kubernetes_executor to None, run_after=None
[2024-09-23T11:39:38.513+0000] {processor.py:176} INFO - Processing /home/airflow/.local/lib/python3.7/site-packages/airflow/example_dags/example_kubernetes_executor.py took 0.147 seconds
[2024-09-23T11:40:09.218+0000] {processor.py:154} INFO - Started process (PID=1648) to work on /home/airflow/.local/lib/python3.7/site-packages/airflow/example_dags/example_kubernetes_executor.py
[2024-09-23T11:40:09.220+0000] {processor.py:756} INFO - Processing file /home/airflow/.local/lib/python3.7/site-packages/airflow/example_dags/example_kubernetes_executor.py for tasks to queue
[2024-09-23T11:40:09.221+0000] {logging_mixin.py:120} INFO - [2024-09-23T11:40:09.221+0000] {dagbag.py:537} INFO - Filling up the DagBag from /home/airflow/.local/lib/python3.7/site-packages/airflow/example_dags/example_kubernetes_executor.py
[2024-09-23T11:40:09.258+0000] {processor.py:766} INFO - DAG(s) dict_keys(['example_kubernetes_executor']) retrieved from /home/airflow/.local/lib/python3.7/site-packages/airflow/example_dags/example_kubernetes_executor.py
[2024-09-23T11:40:09.322+0000] {logging_mixin.py:120} INFO - [2024-09-23T11:40:09.321+0000] {dag.py:2585} INFO - Sync 1 DAGs
[2024-09-23T11:40:09.381+0000] {logging_mixin.py:120} INFO - [2024-09-23T11:40:09.381+0000] {dag.py:3340} INFO - Setting next_dagrun for example_kubernetes_executor to None, run_after=None
[2024-09-23T11:40:09.433+0000] {processor.py:176} INFO - Processing /home/airflow/.local/lib/python3.7/site-packages/airflow/example_dags/example_kubernetes_executor.py took 0.220 seconds
[2024-09-23T11:40:40.290+0000] {processor.py:154} INFO - Started process (PID=1702) to work on /home/airflow/.local/lib/python3.7/site-packages/airflow/example_dags/example_kubernetes_executor.py
[2024-09-23T11:40:40.292+0000] {processor.py:756} INFO - Processing file /home/airflow/.local/lib/python3.7/site-packages/airflow/example_dags/example_kubernetes_executor.py for tasks to queue
[2024-09-23T11:40:40.293+0000] {logging_mixin.py:120} INFO - [2024-09-23T11:40:40.292+0000] {dagbag.py:537} INFO - Filling up the DagBag from /home/airflow/.local/lib/python3.7/site-packages/airflow/example_dags/example_kubernetes_executor.py
[2024-09-23T11:40:40.331+0000] {processor.py:766} INFO - DAG(s) dict_keys(['example_kubernetes_executor']) retrieved from /home/airflow/.local/lib/python3.7/site-packages/airflow/example_dags/example_kubernetes_executor.py
[2024-09-23T11:40:40.387+0000] {logging_mixin.py:120} INFO - [2024-09-23T11:40:40.386+0000] {dag.py:2585} INFO - Sync 1 DAGs
[2024-09-23T11:40:40.435+0000] {logging_mixin.py:120} INFO - [2024-09-23T11:40:40.435+0000] {dag.py:3340} INFO - Setting next_dagrun for example_kubernetes_executor to None, run_after=None
[2024-09-23T11:40:40.470+0000] {processor.py:176} INFO - Processing /home/airflow/.local/lib/python3.7/site-packages/airflow/example_dags/example_kubernetes_executor.py took 0.185 seconds
[2024-09-23T11:41:11.322+0000] {processor.py:154} INFO - Started process (PID=1765) to work on /home/airflow/.local/lib/python3.7/site-packages/airflow/example_dags/example_kubernetes_executor.py
[2024-09-23T11:41:11.324+0000] {processor.py:756} INFO - Processing file /home/airflow/.local/lib/python3.7/site-packages/airflow/example_dags/example_kubernetes_executor.py for tasks to queue
[2024-09-23T11:41:11.326+0000] {logging_mixin.py:120} INFO - [2024-09-23T11:41:11.326+0000] {dagbag.py:537} INFO - Filling up the DagBag from /home/airflow/.local/lib/python3.7/site-packages/airflow/example_dags/example_kubernetes_executor.py
[2024-09-23T11:41:11.372+0000] {processor.py:766} INFO - DAG(s) dict_keys(['example_kubernetes_executor']) retrieved from /home/airflow/.local/lib/python3.7/site-packages/airflow/example_dags/example_kubernetes_executor.py
[2024-09-23T11:41:11.433+0000] {logging_mixin.py:120} INFO - [2024-09-23T11:41:11.433+0000] {dag.py:2585} INFO - Sync 1 DAGs
[2024-09-23T11:41:11.469+0000] {logging_mixin.py:120} INFO - [2024-09-23T11:41:11.469+0000] {dag.py:3340} INFO - Setting next_dagrun for example_kubernetes_executor to None, run_after=None
[2024-09-23T11:41:11.492+0000] {processor.py:176} INFO - Processing /home/airflow/.local/lib/python3.7/site-packages/airflow/example_dags/example_kubernetes_executor.py took 0.177 seconds
[2024-09-23T11:41:41.722+0000] {processor.py:154} INFO - Started process (PID=1828) to work on /home/airflow/.local/lib/python3.7/site-packages/airflow/example_dags/example_kubernetes_executor.py
[2024-09-23T11:41:41.723+0000] {processor.py:756} INFO - Processing file /home/airflow/.local/lib/python3.7/site-packages/airflow/example_dags/example_kubernetes_executor.py for tasks to queue
[2024-09-23T11:41:41.724+0000] {logging_mixin.py:120} INFO - [2024-09-23T11:41:41.724+0000] {dagbag.py:537} INFO - Filling up the DagBag from /home/airflow/.local/lib/python3.7/site-packages/airflow/example_dags/example_kubernetes_executor.py
[2024-09-23T11:41:41.759+0000] {processor.py:766} INFO - DAG(s) dict_keys(['example_kubernetes_executor']) retrieved from /home/airflow/.local/lib/python3.7/site-packages/airflow/example_dags/example_kubernetes_executor.py
[2024-09-23T11:41:41.818+0000] {logging_mixin.py:120} INFO - [2024-09-23T11:41:41.817+0000] {dag.py:2585} INFO - Sync 1 DAGs
[2024-09-23T11:41:41.851+0000] {logging_mixin.py:120} INFO - [2024-09-23T11:41:41.851+0000] {dag.py:3340} INFO - Setting next_dagrun for example_kubernetes_executor to None, run_after=None
[2024-09-23T11:41:41.876+0000] {processor.py:176} INFO - Processing /home/airflow/.local/lib/python3.7/site-packages/airflow/example_dags/example_kubernetes_executor.py took 0.158 seconds
[2024-09-23T11:42:12.795+0000] {processor.py:154} INFO - Started process (PID=1882) to work on /home/airflow/.local/lib/python3.7/site-packages/airflow/example_dags/example_kubernetes_executor.py
[2024-09-23T11:42:12.796+0000] {processor.py:756} INFO - Processing file /home/airflow/.local/lib/python3.7/site-packages/airflow/example_dags/example_kubernetes_executor.py for tasks to queue
[2024-09-23T11:42:12.797+0000] {logging_mixin.py:120} INFO - [2024-09-23T11:42:12.797+0000] {dagbag.py:537} INFO - Filling up the DagBag from /home/airflow/.local/lib/python3.7/site-packages/airflow/example_dags/example_kubernetes_executor.py
[2024-09-23T11:42:12.840+0000] {processor.py:766} INFO - DAG(s) dict_keys(['example_kubernetes_executor']) retrieved from /home/airflow/.local/lib/python3.7/site-packages/airflow/example_dags/example_kubernetes_executor.py
[2024-09-23T11:42:12.900+0000] {logging_mixin.py:120} INFO - [2024-09-23T11:42:12.900+0000] {dag.py:2585} INFO - Sync 1 DAGs
[2024-09-23T11:42:12.934+0000] {logging_mixin.py:120} INFO - [2024-09-23T11:42:12.934+0000] {dag.py:3340} INFO - Setting next_dagrun for example_kubernetes_executor to None, run_after=None
[2024-09-23T11:42:12.961+0000] {processor.py:176} INFO - Processing /home/airflow/.local/lib/python3.7/site-packages/airflow/example_dags/example_kubernetes_executor.py took 0.171 seconds
[2024-09-23T11:42:43.221+0000] {processor.py:154} INFO - Started process (PID=1945) to work on /home/airflow/.local/lib/python3.7/site-packages/airflow/example_dags/example_kubernetes_executor.py
[2024-09-23T11:42:43.222+0000] {processor.py:756} INFO - Processing file /home/airflow/.local/lib/python3.7/site-packages/airflow/example_dags/example_kubernetes_executor.py for tasks to queue
[2024-09-23T11:42:43.223+0000] {logging_mixin.py:120} INFO - [2024-09-23T11:42:43.223+0000] {dagbag.py:537} INFO - Filling up the DagBag from /home/airflow/.local/lib/python3.7/site-packages/airflow/example_dags/example_kubernetes_executor.py
[2024-09-23T11:42:43.259+0000] {processor.py:766} INFO - DAG(s) dict_keys(['example_kubernetes_executor']) retrieved from /home/airflow/.local/lib/python3.7/site-packages/airflow/example_dags/example_kubernetes_executor.py
[2024-09-23T11:42:43.311+0000] {logging_mixin.py:120} INFO - [2024-09-23T11:42:43.311+0000] {dag.py:2585} INFO - Sync 1 DAGs
[2024-09-23T11:42:43.345+0000] {logging_mixin.py:120} INFO - [2024-09-23T11:42:43.344+0000] {dag.py:3340} INFO - Setting next_dagrun for example_kubernetes_executor to None, run_after=None
[2024-09-23T11:42:43.370+0000] {processor.py:176} INFO - Processing /home/airflow/.local/lib/python3.7/site-packages/airflow/example_dags/example_kubernetes_executor.py took 0.154 seconds
[2024-09-23T11:43:13.553+0000] {processor.py:154} INFO - Started process (PID=2008) to work on /home/airflow/.local/lib/python3.7/site-packages/airflow/example_dags/example_kubernetes_executor.py
[2024-09-23T11:43:13.555+0000] {processor.py:756} INFO - Processing file /home/airflow/.local/lib/python3.7/site-packages/airflow/example_dags/example_kubernetes_executor.py for tasks to queue
[2024-09-23T11:43:13.556+0000] {logging_mixin.py:120} INFO - [2024-09-23T11:43:13.555+0000] {dagbag.py:537} INFO - Filling up the DagBag from /home/airflow/.local/lib/python3.7/site-packages/airflow/example_dags/example_kubernetes_executor.py
[2024-09-23T11:43:13.589+0000] {processor.py:766} INFO - DAG(s) dict_keys(['example_kubernetes_executor']) retrieved from /home/airflow/.local/lib/python3.7/site-packages/airflow/example_dags/example_kubernetes_executor.py
[2024-09-23T11:43:13.639+0000] {logging_mixin.py:120} INFO - [2024-09-23T11:43:13.639+0000] {dag.py:2585} INFO - Sync 1 DAGs
[2024-09-23T11:43:13.670+0000] {logging_mixin.py:120} INFO - [2024-09-23T11:43:13.670+0000] {dag.py:3340} INFO - Setting next_dagrun for example_kubernetes_executor to None, run_after=None
[2024-09-23T11:43:13.693+0000] {processor.py:176} INFO - Processing /home/airflow/.local/lib/python3.7/site-packages/airflow/example_dags/example_kubernetes_executor.py took 0.144 seconds
[2024-09-23T11:43:43.934+0000] {processor.py:154} INFO - Started process (PID=2062) to work on /home/airflow/.local/lib/python3.7/site-packages/airflow/example_dags/example_kubernetes_executor.py
[2024-09-23T11:43:43.936+0000] {processor.py:756} INFO - Processing file /home/airflow/.local/lib/python3.7/site-packages/airflow/example_dags/example_kubernetes_executor.py for tasks to queue
[2024-09-23T11:43:43.937+0000] {logging_mixin.py:120} INFO - [2024-09-23T11:43:43.937+0000] {dagbag.py:537} INFO - Filling up the DagBag from /home/airflow/.local/lib/python3.7/site-packages/airflow/example_dags/example_kubernetes_executor.py
[2024-09-23T11:43:43.971+0000] {processor.py:766} INFO - DAG(s) dict_keys(['example_kubernetes_executor']) retrieved from /home/airflow/.local/lib/python3.7/site-packages/airflow/example_dags/example_kubernetes_executor.py
[2024-09-23T11:43:44.024+0000] {logging_mixin.py:120} INFO - [2024-09-23T11:43:44.023+0000] {dag.py:2585} INFO - Sync 1 DAGs
[2024-09-23T11:43:44.056+0000] {logging_mixin.py:120} INFO - [2024-09-23T11:43:44.056+0000] {dag.py:3340} INFO - Setting next_dagrun for example_kubernetes_executor to None, run_after=None
[2024-09-23T11:43:44.079+0000] {processor.py:176} INFO - Processing /home/airflow/.local/lib/python3.7/site-packages/airflow/example_dags/example_kubernetes_executor.py took 0.149 seconds
[2024-09-23T11:44:14.481+0000] {processor.py:154} INFO - Started process (PID=2125) to work on /home/airflow/.local/lib/python3.7/site-packages/airflow/example_dags/example_kubernetes_executor.py
[2024-09-23T11:44:14.483+0000] {processor.py:756} INFO - Processing file /home/airflow/.local/lib/python3.7/site-packages/airflow/example_dags/example_kubernetes_executor.py for tasks to queue
[2024-09-23T11:44:14.484+0000] {logging_mixin.py:120} INFO - [2024-09-23T11:44:14.483+0000] {dagbag.py:537} INFO - Filling up the DagBag from /home/airflow/.local/lib/python3.7/site-packages/airflow/example_dags/example_kubernetes_executor.py
[2024-09-23T11:44:14.523+0000] {processor.py:766} INFO - DAG(s) dict_keys(['example_kubernetes_executor']) retrieved from /home/airflow/.local/lib/python3.7/site-packages/airflow/example_dags/example_kubernetes_executor.py
[2024-09-23T11:44:14.574+0000] {logging_mixin.py:120} INFO - [2024-09-23T11:44:14.574+0000] {dag.py:2585} INFO - Sync 1 DAGs
[2024-09-23T11:44:14.603+0000] {logging_mixin.py:120} INFO - [2024-09-23T11:44:14.603+0000] {dag.py:3340} INFO - Setting next_dagrun for example_kubernetes_executor to None, run_after=None
[2024-09-23T11:44:14.630+0000] {processor.py:176} INFO - Processing /home/airflow/.local/lib/python3.7/site-packages/airflow/example_dags/example_kubernetes_executor.py took 0.154 seconds
[2024-09-23T11:44:44.954+0000] {processor.py:154} INFO - Started process (PID=2188) to work on /home/airflow/.local/lib/python3.7/site-packages/airflow/example_dags/example_kubernetes_executor.py
[2024-09-23T11:44:44.955+0000] {processor.py:756} INFO - Processing file /home/airflow/.local/lib/python3.7/site-packages/airflow/example_dags/example_kubernetes_executor.py for tasks to queue
[2024-09-23T11:44:44.956+0000] {logging_mixin.py:120} INFO - [2024-09-23T11:44:44.956+0000] {dagbag.py:537} INFO - Filling up the DagBag from /home/airflow/.local/lib/python3.7/site-packages/airflow/example_dags/example_kubernetes_executor.py
[2024-09-23T11:44:44.991+0000] {processor.py:766} INFO - DAG(s) dict_keys(['example_kubernetes_executor']) retrieved from /home/airflow/.local/lib/python3.7/site-packages/airflow/example_dags/example_kubernetes_executor.py
[2024-09-23T11:44:45.042+0000] {logging_mixin.py:120} INFO - [2024-09-23T11:44:45.041+0000] {dag.py:2585} INFO - Sync 1 DAGs
[2024-09-23T11:44:45.073+0000] {logging_mixin.py:120} INFO - [2024-09-23T11:44:45.072+0000] {dag.py:3340} INFO - Setting next_dagrun for example_kubernetes_executor to None, run_after=None
[2024-09-23T11:44:45.099+0000] {processor.py:176} INFO - Processing /home/airflow/.local/lib/python3.7/site-packages/airflow/example_dags/example_kubernetes_executor.py took 0.150 seconds
[2024-09-23T11:45:15.217+0000] {processor.py:154} INFO - Started process (PID=2242) to work on /home/airflow/.local/lib/python3.7/site-packages/airflow/example_dags/example_kubernetes_executor.py
[2024-09-23T11:45:15.219+0000] {processor.py:756} INFO - Processing file /home/airflow/.local/lib/python3.7/site-packages/airflow/example_dags/example_kubernetes_executor.py for tasks to queue
[2024-09-23T11:45:15.219+0000] {logging_mixin.py:120} INFO - [2024-09-23T11:45:15.219+0000] {dagbag.py:537} INFO - Filling up the DagBag from /home/airflow/.local/lib/python3.7/site-packages/airflow/example_dags/example_kubernetes_executor.py
[2024-09-23T11:45:15.249+0000] {processor.py:766} INFO - DAG(s) dict_keys(['example_kubernetes_executor']) retrieved from /home/airflow/.local/lib/python3.7/site-packages/airflow/example_dags/example_kubernetes_executor.py
[2024-09-23T11:45:15.291+0000] {logging_mixin.py:120} INFO - [2024-09-23T11:45:15.291+0000] {dag.py:2585} INFO - Sync 1 DAGs
[2024-09-23T11:45:15.316+0000] {logging_mixin.py:120} INFO - [2024-09-23T11:45:15.316+0000] {dag.py:3340} INFO - Setting next_dagrun for example_kubernetes_executor to None, run_after=None
[2024-09-23T11:45:15.336+0000] {processor.py:176} INFO - Processing /home/airflow/.local/lib/python3.7/site-packages/airflow/example_dags/example_kubernetes_executor.py took 0.122 seconds
[2024-09-23T11:45:45.842+0000] {processor.py:154} INFO - Started process (PID=2306) to work on /home/airflow/.local/lib/python3.7/site-packages/airflow/example_dags/example_kubernetes_executor.py
[2024-09-23T11:45:45.844+0000] {processor.py:756} INFO - Processing file /home/airflow/.local/lib/python3.7/site-packages/airflow/example_dags/example_kubernetes_executor.py for tasks to queue
[2024-09-23T11:45:45.845+0000] {logging_mixin.py:120} INFO - [2024-09-23T11:45:45.845+0000] {dagbag.py:537} INFO - Filling up the DagBag from /home/airflow/.local/lib/python3.7/site-packages/airflow/example_dags/example_kubernetes_executor.py
[2024-09-23T11:45:45.881+0000] {processor.py:766} INFO - DAG(s) dict_keys(['example_kubernetes_executor']) retrieved from /home/airflow/.local/lib/python3.7/site-packages/airflow/example_dags/example_kubernetes_executor.py
[2024-09-23T11:45:45.929+0000] {logging_mixin.py:120} INFO - [2024-09-23T11:45:45.929+0000] {dag.py:2585} INFO - Sync 1 DAGs
[2024-09-23T11:45:45.963+0000] {logging_mixin.py:120} INFO - [2024-09-23T11:45:45.963+0000] {dag.py:3340} INFO - Setting next_dagrun for example_kubernetes_executor to None, run_after=None
[2024-09-23T11:45:45.986+0000] {processor.py:176} INFO - Processing /home/airflow/.local/lib/python3.7/site-packages/airflow/example_dags/example_kubernetes_executor.py took 0.148 seconds
[2024-09-23T11:46:16.123+0000] {processor.py:154} INFO - Started process (PID=2370) to work on /home/airflow/.local/lib/python3.7/site-packages/airflow/example_dags/example_kubernetes_executor.py
[2024-09-23T11:46:16.124+0000] {processor.py:756} INFO - Processing file /home/airflow/.local/lib/python3.7/site-packages/airflow/example_dags/example_kubernetes_executor.py for tasks to queue
[2024-09-23T11:46:16.125+0000] {logging_mixin.py:120} INFO - [2024-09-23T11:46:16.125+0000] {dagbag.py:537} INFO - Filling up the DagBag from /home/airflow/.local/lib/python3.7/site-packages/airflow/example_dags/example_kubernetes_executor.py
[2024-09-23T11:46:16.160+0000] {processor.py:766} INFO - DAG(s) dict_keys(['example_kubernetes_executor']) retrieved from /home/airflow/.local/lib/python3.7/site-packages/airflow/example_dags/example_kubernetes_executor.py
[2024-09-23T11:46:16.213+0000] {logging_mixin.py:120} INFO - [2024-09-23T11:46:16.213+0000] {dag.py:2585} INFO - Sync 1 DAGs
[2024-09-23T11:46:16.242+0000] {logging_mixin.py:120} INFO - [2024-09-23T11:46:16.242+0000] {dag.py:3340} INFO - Setting next_dagrun for example_kubernetes_executor to None, run_after=None
[2024-09-23T11:46:16.268+0000] {processor.py:176} INFO - Processing /home/airflow/.local/lib/python3.7/site-packages/airflow/example_dags/example_kubernetes_executor.py took 0.149 seconds
[2024-09-23T11:46:47.511+0000] {processor.py:154} INFO - Started process (PID=2432) to work on /home/airflow/.local/lib/python3.7/site-packages/airflow/example_dags/example_kubernetes_executor.py
[2024-09-23T11:46:47.512+0000] {processor.py:756} INFO - Processing file /home/airflow/.local/lib/python3.7/site-packages/airflow/example_dags/example_kubernetes_executor.py for tasks to queue
[2024-09-23T11:46:47.514+0000] {logging_mixin.py:120} INFO - [2024-09-23T11:46:47.513+0000] {dagbag.py:537} INFO - Filling up the DagBag from /home/airflow/.local/lib/python3.7/site-packages/airflow/example_dags/example_kubernetes_executor.py
[2024-09-23T11:46:47.551+0000] {processor.py:766} INFO - DAG(s) dict_keys(['example_kubernetes_executor']) retrieved from /home/airflow/.local/lib/python3.7/site-packages/airflow/example_dags/example_kubernetes_executor.py
[2024-09-23T11:46:47.611+0000] {logging_mixin.py:120} INFO - [2024-09-23T11:46:47.610+0000] {dag.py:2585} INFO - Sync 1 DAGs
[2024-09-23T11:46:47.641+0000] {logging_mixin.py:120} INFO - [2024-09-23T11:46:47.641+0000] {dag.py:3340} INFO - Setting next_dagrun for example_kubernetes_executor to None, run_after=None
[2024-09-23T11:46:47.666+0000] {processor.py:176} INFO - Processing /home/airflow/.local/lib/python3.7/site-packages/airflow/example_dags/example_kubernetes_executor.py took 0.159 seconds
[2024-09-23T11:47:17.873+0000] {processor.py:154} INFO - Started process (PID=2486) to work on /home/airflow/.local/lib/python3.7/site-packages/airflow/example_dags/example_kubernetes_executor.py
[2024-09-23T11:47:17.874+0000] {processor.py:756} INFO - Processing file /home/airflow/.local/lib/python3.7/site-packages/airflow/example_dags/example_kubernetes_executor.py for tasks to queue
[2024-09-23T11:47:17.875+0000] {logging_mixin.py:120} INFO - [2024-09-23T11:47:17.875+0000] {dagbag.py:537} INFO - Filling up the DagBag from /home/airflow/.local/lib/python3.7/site-packages/airflow/example_dags/example_kubernetes_executor.py
[2024-09-23T11:47:17.909+0000] {processor.py:766} INFO - DAG(s) dict_keys(['example_kubernetes_executor']) retrieved from /home/airflow/.local/lib/python3.7/site-packages/airflow/example_dags/example_kubernetes_executor.py
[2024-09-23T11:47:17.957+0000] {logging_mixin.py:120} INFO - [2024-09-23T11:47:17.957+0000] {dag.py:2585} INFO - Sync 1 DAGs
[2024-09-23T11:47:17.988+0000] {logging_mixin.py:120} INFO - [2024-09-23T11:47:17.987+0000] {dag.py:3340} INFO - Setting next_dagrun for example_kubernetes_executor to None, run_after=None
[2024-09-23T11:47:18.012+0000] {processor.py:176} INFO - Processing /home/airflow/.local/lib/python3.7/site-packages/airflow/example_dags/example_kubernetes_executor.py took 0.143 seconds
[2024-09-23T11:47:48.293+0000] {processor.py:154} INFO - Started process (PID=2549) to work on /home/airflow/.local/lib/python3.7/site-packages/airflow/example_dags/example_kubernetes_executor.py
[2024-09-23T11:47:48.295+0000] {processor.py:756} INFO - Processing file /home/airflow/.local/lib/python3.7/site-packages/airflow/example_dags/example_kubernetes_executor.py for tasks to queue
[2024-09-23T11:47:48.296+0000] {logging_mixin.py:120} INFO - [2024-09-23T11:47:48.295+0000] {dagbag.py:537} INFO - Filling up the DagBag from /home/airflow/.local/lib/python3.7/site-packages/airflow/example_dags/example_kubernetes_executor.py
[2024-09-23T11:47:48.329+0000] {processor.py:766} INFO - DAG(s) dict_keys(['example_kubernetes_executor']) retrieved from /home/airflow/.local/lib/python3.7/site-packages/airflow/example_dags/example_kubernetes_executor.py
[2024-09-23T11:47:48.373+0000] {logging_mixin.py:120} INFO - [2024-09-23T11:47:48.373+0000] {dag.py:2585} INFO - Sync 1 DAGs
[2024-09-23T11:47:48.408+0000] {logging_mixin.py:120} INFO - [2024-09-23T11:47:48.408+0000] {dag.py:3340} INFO - Setting next_dagrun for example_kubernetes_executor to None, run_after=None
[2024-09-23T11:47:48.431+0000] {processor.py:176} INFO - Processing /home/airflow/.local/lib/python3.7/site-packages/airflow/example_dags/example_kubernetes_executor.py took 0.142 seconds
[2024-09-23T11:48:18.870+0000] {processor.py:154} INFO - Started process (PID=2612) to work on /home/airflow/.local/lib/python3.7/site-packages/airflow/example_dags/example_kubernetes_executor.py
[2024-09-23T11:48:18.872+0000] {processor.py:756} INFO - Processing file /home/airflow/.local/lib/python3.7/site-packages/airflow/example_dags/example_kubernetes_executor.py for tasks to queue
[2024-09-23T11:48:18.873+0000] {logging_mixin.py:120} INFO - [2024-09-23T11:48:18.872+0000] {dagbag.py:537} INFO - Filling up the DagBag from /home/airflow/.local/lib/python3.7/site-packages/airflow/example_dags/example_kubernetes_executor.py
[2024-09-23T11:48:18.910+0000] {processor.py:766} INFO - DAG(s) dict_keys(['example_kubernetes_executor']) retrieved from /home/airflow/.local/lib/python3.7/site-packages/airflow/example_dags/example_kubernetes_executor.py
[2024-09-23T11:48:18.963+0000] {logging_mixin.py:120} INFO - [2024-09-23T11:48:18.963+0000] {dag.py:2585} INFO - Sync 1 DAGs
[2024-09-23T11:48:18.994+0000] {logging_mixin.py:120} INFO - [2024-09-23T11:48:18.993+0000] {dag.py:3340} INFO - Setting next_dagrun for example_kubernetes_executor to None, run_after=None
[2024-09-23T11:48:19.015+0000] {processor.py:176} INFO - Processing /home/airflow/.local/lib/python3.7/site-packages/airflow/example_dags/example_kubernetes_executor.py took 0.148 seconds
[2024-09-23T11:48:49.159+0000] {processor.py:154} INFO - Started process (PID=2666) to work on /home/airflow/.local/lib/python3.7/site-packages/airflow/example_dags/example_kubernetes_executor.py
[2024-09-23T11:48:49.161+0000] {processor.py:756} INFO - Processing file /home/airflow/.local/lib/python3.7/site-packages/airflow/example_dags/example_kubernetes_executor.py for tasks to queue
[2024-09-23T11:48:49.162+0000] {logging_mixin.py:120} INFO - [2024-09-23T11:48:49.162+0000] {dagbag.py:537} INFO - Filling up the DagBag from /home/airflow/.local/lib/python3.7/site-packages/airflow/example_dags/example_kubernetes_executor.py
[2024-09-23T11:48:49.199+0000] {processor.py:766} INFO - DAG(s) dict_keys(['example_kubernetes_executor']) retrieved from /home/airflow/.local/lib/python3.7/site-packages/airflow/example_dags/example_kubernetes_executor.py
[2024-09-23T11:48:49.251+0000] {logging_mixin.py:120} INFO - [2024-09-23T11:48:49.251+0000] {dag.py:2585} INFO - Sync 1 DAGs
[2024-09-23T11:48:49.281+0000] {logging_mixin.py:120} INFO - [2024-09-23T11:48:49.281+0000] {dag.py:3340} INFO - Setting next_dagrun for example_kubernetes_executor to None, run_after=None
[2024-09-23T11:48:49.303+0000] {processor.py:176} INFO - Processing /home/airflow/.local/lib/python3.7/site-packages/airflow/example_dags/example_kubernetes_executor.py took 0.148 seconds
[2024-09-23T11:49:20.340+0000] {processor.py:154} INFO - Started process (PID=2729) to work on /home/airflow/.local/lib/python3.7/site-packages/airflow/example_dags/example_kubernetes_executor.py
[2024-09-23T11:49:20.342+0000] {processor.py:756} INFO - Processing file /home/airflow/.local/lib/python3.7/site-packages/airflow/example_dags/example_kubernetes_executor.py for tasks to queue
[2024-09-23T11:49:20.344+0000] {logging_mixin.py:120} INFO - [2024-09-23T11:49:20.343+0000] {dagbag.py:537} INFO - Filling up the DagBag from /home/airflow/.local/lib/python3.7/site-packages/airflow/example_dags/example_kubernetes_executor.py
[2024-09-23T11:49:20.406+0000] {processor.py:766} INFO - DAG(s) dict_keys(['example_kubernetes_executor']) retrieved from /home/airflow/.local/lib/python3.7/site-packages/airflow/example_dags/example_kubernetes_executor.py
[2024-09-23T11:49:20.473+0000] {logging_mixin.py:120} INFO - [2024-09-23T11:49:20.472+0000] {dag.py:2585} INFO - Sync 1 DAGs
[2024-09-23T11:49:20.508+0000] {logging_mixin.py:120} INFO - [2024-09-23T11:49:20.508+0000] {dag.py:3340} INFO - Setting next_dagrun for example_kubernetes_executor to None, run_after=None
[2024-09-23T11:49:20.541+0000] {processor.py:176} INFO - Processing /home/airflow/.local/lib/python3.7/site-packages/airflow/example_dags/example_kubernetes_executor.py took 0.207 seconds
[2024-09-23T11:49:51.017+0000] {processor.py:154} INFO - Started process (PID=2792) to work on /home/airflow/.local/lib/python3.7/site-packages/airflow/example_dags/example_kubernetes_executor.py
[2024-09-23T11:49:51.019+0000] {processor.py:756} INFO - Processing file /home/airflow/.local/lib/python3.7/site-packages/airflow/example_dags/example_kubernetes_executor.py for tasks to queue
[2024-09-23T11:49:51.020+0000] {logging_mixin.py:120} INFO - [2024-09-23T11:49:51.019+0000] {dagbag.py:537} INFO - Filling up the DagBag from /home/airflow/.local/lib/python3.7/site-packages/airflow/example_dags/example_kubernetes_executor.py
[2024-09-23T11:49:51.056+0000] {processor.py:766} INFO - DAG(s) dict_keys(['example_kubernetes_executor']) retrieved from /home/airflow/.local/lib/python3.7/site-packages/airflow/example_dags/example_kubernetes_executor.py
[2024-09-23T11:49:51.121+0000] {logging_mixin.py:120} INFO - [2024-09-23T11:49:51.121+0000] {dag.py:2585} INFO - Sync 1 DAGs
[2024-09-23T11:49:51.161+0000] {logging_mixin.py:120} INFO - [2024-09-23T11:49:51.161+0000] {dag.py:3340} INFO - Setting next_dagrun for example_kubernetes_executor to None, run_after=None
[2024-09-23T11:49:51.191+0000] {processor.py:176} INFO - Processing /home/airflow/.local/lib/python3.7/site-packages/airflow/example_dags/example_kubernetes_executor.py took 0.178 seconds
[2024-09-23T11:50:21.794+0000] {processor.py:154} INFO - Started process (PID=2846) to work on /home/airflow/.local/lib/python3.7/site-packages/airflow/example_dags/example_kubernetes_executor.py
[2024-09-23T11:50:21.796+0000] {processor.py:756} INFO - Processing file /home/airflow/.local/lib/python3.7/site-packages/airflow/example_dags/example_kubernetes_executor.py for tasks to queue
[2024-09-23T11:50:21.797+0000] {logging_mixin.py:120} INFO - [2024-09-23T11:50:21.797+0000] {dagbag.py:537} INFO - Filling up the DagBag from /home/airflow/.local/lib/python3.7/site-packages/airflow/example_dags/example_kubernetes_executor.py
[2024-09-23T11:50:21.836+0000] {processor.py:766} INFO - DAG(s) dict_keys(['example_kubernetes_executor']) retrieved from /home/airflow/.local/lib/python3.7/site-packages/airflow/example_dags/example_kubernetes_executor.py
[2024-09-23T11:50:21.891+0000] {logging_mixin.py:120} INFO - [2024-09-23T11:50:21.891+0000] {dag.py:2585} INFO - Sync 1 DAGs
[2024-09-23T11:50:21.924+0000] {logging_mixin.py:120} INFO - [2024-09-23T11:50:21.924+0000] {dag.py:3340} INFO - Setting next_dagrun for example_kubernetes_executor to None, run_after=None
[2024-09-23T11:50:21.950+0000] {processor.py:176} INFO - Processing /home/airflow/.local/lib/python3.7/site-packages/airflow/example_dags/example_kubernetes_executor.py took 0.160 seconds
[2024-09-23T11:50:52.985+0000] {processor.py:154} INFO - Started process (PID=2909) to work on /home/airflow/.local/lib/python3.7/site-packages/airflow/example_dags/example_kubernetes_executor.py
[2024-09-23T11:50:52.986+0000] {processor.py:756} INFO - Processing file /home/airflow/.local/lib/python3.7/site-packages/airflow/example_dags/example_kubernetes_executor.py for tasks to queue
[2024-09-23T11:50:52.987+0000] {logging_mixin.py:120} INFO - [2024-09-23T11:50:52.987+0000] {dagbag.py:537} INFO - Filling up the DagBag from /home/airflow/.local/lib/python3.7/site-packages/airflow/example_dags/example_kubernetes_executor.py
[2024-09-23T11:50:53.029+0000] {processor.py:766} INFO - DAG(s) dict_keys(['example_kubernetes_executor']) retrieved from /home/airflow/.local/lib/python3.7/site-packages/airflow/example_dags/example_kubernetes_executor.py
[2024-09-23T11:50:53.090+0000] {logging_mixin.py:120} INFO - [2024-09-23T11:50:53.089+0000] {dag.py:2585} INFO - Sync 1 DAGs
[2024-09-23T11:50:53.126+0000] {logging_mixin.py:120} INFO - [2024-09-23T11:50:53.126+0000] {dag.py:3340} INFO - Setting next_dagrun for example_kubernetes_executor to None, run_after=None
[2024-09-23T11:50:53.153+0000] {processor.py:176} INFO - Processing /home/airflow/.local/lib/python3.7/site-packages/airflow/example_dags/example_kubernetes_executor.py took 0.173 seconds
[2024-09-23T11:51:23.632+0000] {processor.py:154} INFO - Started process (PID=2972) to work on /home/airflow/.local/lib/python3.7/site-packages/airflow/example_dags/example_kubernetes_executor.py
[2024-09-23T11:51:23.633+0000] {processor.py:756} INFO - Processing file /home/airflow/.local/lib/python3.7/site-packages/airflow/example_dags/example_kubernetes_executor.py for tasks to queue
[2024-09-23T11:51:23.634+0000] {logging_mixin.py:120} INFO - [2024-09-23T11:51:23.634+0000] {dagbag.py:537} INFO - Filling up the DagBag from /home/airflow/.local/lib/python3.7/site-packages/airflow/example_dags/example_kubernetes_executor.py
[2024-09-23T11:51:23.673+0000] {processor.py:766} INFO - DAG(s) dict_keys(['example_kubernetes_executor']) retrieved from /home/airflow/.local/lib/python3.7/site-packages/airflow/example_dags/example_kubernetes_executor.py
[2024-09-23T11:51:23.728+0000] {logging_mixin.py:120} INFO - [2024-09-23T11:51:23.728+0000] {dag.py:2585} INFO - Sync 1 DAGs
[2024-09-23T11:51:23.760+0000] {logging_mixin.py:120} INFO - [2024-09-23T11:51:23.760+0000] {dag.py:3340} INFO - Setting next_dagrun for example_kubernetes_executor to None, run_after=None
[2024-09-23T11:51:23.787+0000] {processor.py:176} INFO - Processing /home/airflow/.local/lib/python3.7/site-packages/airflow/example_dags/example_kubernetes_executor.py took 0.159 seconds
[2024-09-23T11:51:54.133+0000] {processor.py:154} INFO - Started process (PID=3025) to work on /home/airflow/.local/lib/python3.7/site-packages/airflow/example_dags/example_kubernetes_executor.py
[2024-09-23T11:51:54.134+0000] {processor.py:756} INFO - Processing file /home/airflow/.local/lib/python3.7/site-packages/airflow/example_dags/example_kubernetes_executor.py for tasks to queue
[2024-09-23T11:51:54.135+0000] {logging_mixin.py:120} INFO - [2024-09-23T11:51:54.135+0000] {dagbag.py:537} INFO - Filling up the DagBag from /home/airflow/.local/lib/python3.7/site-packages/airflow/example_dags/example_kubernetes_executor.py
[2024-09-23T11:51:54.170+0000] {processor.py:766} INFO - DAG(s) dict_keys(['example_kubernetes_executor']) retrieved from /home/airflow/.local/lib/python3.7/site-packages/airflow/example_dags/example_kubernetes_executor.py
[2024-09-23T11:51:54.220+0000] {logging_mixin.py:120} INFO - [2024-09-23T11:51:54.220+0000] {dag.py:2585} INFO - Sync 1 DAGs
[2024-09-23T11:51:54.255+0000] {logging_mixin.py:120} INFO - [2024-09-23T11:51:54.255+0000] {dag.py:3340} INFO - Setting next_dagrun for example_kubernetes_executor to None, run_after=None
[2024-09-23T11:51:54.286+0000] {processor.py:176} INFO - Processing /home/airflow/.local/lib/python3.7/site-packages/airflow/example_dags/example_kubernetes_executor.py took 0.158 seconds
[2024-09-23T11:52:24.544+0000] {processor.py:154} INFO - Started process (PID=3088) to work on /home/airflow/.local/lib/python3.7/site-packages/airflow/example_dags/example_kubernetes_executor.py
[2024-09-23T11:52:24.546+0000] {processor.py:756} INFO - Processing file /home/airflow/.local/lib/python3.7/site-packages/airflow/example_dags/example_kubernetes_executor.py for tasks to queue
[2024-09-23T11:52:24.547+0000] {logging_mixin.py:120} INFO - [2024-09-23T11:52:24.547+0000] {dagbag.py:537} INFO - Filling up the DagBag from /home/airflow/.local/lib/python3.7/site-packages/airflow/example_dags/example_kubernetes_executor.py
[2024-09-23T11:52:24.592+0000] {processor.py:766} INFO - DAG(s) dict_keys(['example_kubernetes_executor']) retrieved from /home/airflow/.local/lib/python3.7/site-packages/airflow/example_dags/example_kubernetes_executor.py
[2024-09-23T11:52:24.650+0000] {logging_mixin.py:120} INFO - [2024-09-23T11:52:24.649+0000] {dag.py:2585} INFO - Sync 1 DAGs
[2024-09-23T11:52:24.684+0000] {logging_mixin.py:120} INFO - [2024-09-23T11:52:24.684+0000] {dag.py:3340} INFO - Setting next_dagrun for example_kubernetes_executor to None, run_after=None
[2024-09-23T11:52:24.710+0000] {processor.py:176} INFO - Processing /home/airflow/.local/lib/python3.7/site-packages/airflow/example_dags/example_kubernetes_executor.py took 0.169 seconds
[2024-09-23T11:52:55.311+0000] {processor.py:154} INFO - Started process (PID=3151) to work on /home/airflow/.local/lib/python3.7/site-packages/airflow/example_dags/example_kubernetes_executor.py
[2024-09-23T11:52:55.313+0000] {processor.py:756} INFO - Processing file /home/airflow/.local/lib/python3.7/site-packages/airflow/example_dags/example_kubernetes_executor.py for tasks to queue
[2024-09-23T11:52:55.314+0000] {logging_mixin.py:120} INFO - [2024-09-23T11:52:55.314+0000] {dagbag.py:537} INFO - Filling up the DagBag from /home/airflow/.local/lib/python3.7/site-packages/airflow/example_dags/example_kubernetes_executor.py
[2024-09-23T11:52:55.350+0000] {processor.py:766} INFO - DAG(s) dict_keys(['example_kubernetes_executor']) retrieved from /home/airflow/.local/lib/python3.7/site-packages/airflow/example_dags/example_kubernetes_executor.py
[2024-09-23T11:52:55.402+0000] {logging_mixin.py:120} INFO - [2024-09-23T11:52:55.402+0000] {dag.py:2585} INFO - Sync 1 DAGs
[2024-09-23T11:52:55.432+0000] {logging_mixin.py:120} INFO - [2024-09-23T11:52:55.432+0000] {dag.py:3340} INFO - Setting next_dagrun for example_kubernetes_executor to None, run_after=None
[2024-09-23T11:52:55.456+0000] {processor.py:176} INFO - Processing /home/airflow/.local/lib/python3.7/site-packages/airflow/example_dags/example_kubernetes_executor.py took 0.149 seconds
[2024-09-23T11:53:25.801+0000] {processor.py:154} INFO - Started process (PID=3214) to work on /home/airflow/.local/lib/python3.7/site-packages/airflow/example_dags/example_kubernetes_executor.py
[2024-09-23T11:53:25.802+0000] {processor.py:756} INFO - Processing file /home/airflow/.local/lib/python3.7/site-packages/airflow/example_dags/example_kubernetes_executor.py for tasks to queue
[2024-09-23T11:53:25.803+0000] {logging_mixin.py:120} INFO - [2024-09-23T11:53:25.803+0000] {dagbag.py:537} INFO - Filling up the DagBag from /home/airflow/.local/lib/python3.7/site-packages/airflow/example_dags/example_kubernetes_executor.py
[2024-09-23T11:53:25.843+0000] {processor.py:766} INFO - DAG(s) dict_keys(['example_kubernetes_executor']) retrieved from /home/airflow/.local/lib/python3.7/site-packages/airflow/example_dags/example_kubernetes_executor.py
[2024-09-23T11:53:25.898+0000] {logging_mixin.py:120} INFO - [2024-09-23T11:53:25.898+0000] {dag.py:2585} INFO - Sync 1 DAGs
[2024-09-23T11:53:25.930+0000] {logging_mixin.py:120} INFO - [2024-09-23T11:53:25.930+0000] {dag.py:3340} INFO - Setting next_dagrun for example_kubernetes_executor to None, run_after=None
[2024-09-23T11:53:25.964+0000] {processor.py:176} INFO - Processing /home/airflow/.local/lib/python3.7/site-packages/airflow/example_dags/example_kubernetes_executor.py took 0.168 seconds
[2024-09-23T11:53:56.138+0000] {processor.py:154} INFO - Started process (PID=3268) to work on /home/airflow/.local/lib/python3.7/site-packages/airflow/example_dags/example_kubernetes_executor.py
[2024-09-23T11:53:56.139+0000] {processor.py:756} INFO - Processing file /home/airflow/.local/lib/python3.7/site-packages/airflow/example_dags/example_kubernetes_executor.py for tasks to queue
[2024-09-23T11:53:56.140+0000] {logging_mixin.py:120} INFO - [2024-09-23T11:53:56.140+0000] {dagbag.py:537} INFO - Filling up the DagBag from /home/airflow/.local/lib/python3.7/site-packages/airflow/example_dags/example_kubernetes_executor.py
[2024-09-23T11:53:56.174+0000] {processor.py:766} INFO - DAG(s) dict_keys(['example_kubernetes_executor']) retrieved from /home/airflow/.local/lib/python3.7/site-packages/airflow/example_dags/example_kubernetes_executor.py
[2024-09-23T11:53:56.216+0000] {logging_mixin.py:120} INFO - [2024-09-23T11:53:56.216+0000] {dag.py:2585} INFO - Sync 1 DAGs
[2024-09-23T11:53:56.246+0000] {logging_mixin.py:120} INFO - [2024-09-23T11:53:56.246+0000] {dag.py:3340} INFO - Setting next_dagrun for example_kubernetes_executor to None, run_after=None
[2024-09-23T11:53:56.270+0000] {processor.py:176} INFO - Processing /home/airflow/.local/lib/python3.7/site-packages/airflow/example_dags/example_kubernetes_executor.py took 0.136 seconds
[2024-09-23T11:54:26.583+0000] {processor.py:154} INFO - Started process (PID=3331) to work on /home/airflow/.local/lib/python3.7/site-packages/airflow/example_dags/example_kubernetes_executor.py
[2024-09-23T11:54:26.585+0000] {processor.py:756} INFO - Processing file /home/airflow/.local/lib/python3.7/site-packages/airflow/example_dags/example_kubernetes_executor.py for tasks to queue
[2024-09-23T11:54:26.586+0000] {logging_mixin.py:120} INFO - [2024-09-23T11:54:26.586+0000] {dagbag.py:537} INFO - Filling up the DagBag from /home/airflow/.local/lib/python3.7/site-packages/airflow/example_dags/example_kubernetes_executor.py
[2024-09-23T11:54:26.619+0000] {processor.py:766} INFO - DAG(s) dict_keys(['example_kubernetes_executor']) retrieved from /home/airflow/.local/lib/python3.7/site-packages/airflow/example_dags/example_kubernetes_executor.py
[2024-09-23T11:54:26.673+0000] {logging_mixin.py:120} INFO - [2024-09-23T11:54:26.673+0000] {dag.py:2585} INFO - Sync 1 DAGs
[2024-09-23T11:54:26.702+0000] {logging_mixin.py:120} INFO - [2024-09-23T11:54:26.702+0000] {dag.py:3340} INFO - Setting next_dagrun for example_kubernetes_executor to None, run_after=None
[2024-09-23T11:54:26.725+0000] {processor.py:176} INFO - Processing /home/airflow/.local/lib/python3.7/site-packages/airflow/example_dags/example_kubernetes_executor.py took 0.146 seconds
[2024-09-23T11:55:02.688+0000] {processor.py:154} INFO - Started process (PID=3385) to work on /home/airflow/.local/lib/python3.7/site-packages/airflow/example_dags/example_kubernetes_executor.py
[2024-09-23T11:55:02.690+0000] {processor.py:756} INFO - Processing file /home/airflow/.local/lib/python3.7/site-packages/airflow/example_dags/example_kubernetes_executor.py for tasks to queue
[2024-09-23T11:55:02.691+0000] {logging_mixin.py:120} INFO - [2024-09-23T11:55:02.691+0000] {dagbag.py:537} INFO - Filling up the DagBag from /home/airflow/.local/lib/python3.7/site-packages/airflow/example_dags/example_kubernetes_executor.py
[2024-09-23T11:55:02.727+0000] {processor.py:766} INFO - DAG(s) dict_keys(['example_kubernetes_executor']) retrieved from /home/airflow/.local/lib/python3.7/site-packages/airflow/example_dags/example_kubernetes_executor.py
[2024-09-23T11:55:02.797+0000] {logging_mixin.py:120} INFO - [2024-09-23T11:55:02.797+0000] {dag.py:2585} INFO - Sync 1 DAGs
[2024-09-23T11:55:02.834+0000] {logging_mixin.py:120} INFO - [2024-09-23T11:55:02.834+0000] {dag.py:3340} INFO - Setting next_dagrun for example_kubernetes_executor to None, run_after=None
[2024-09-23T11:55:02.859+0000] {processor.py:176} INFO - Processing /home/airflow/.local/lib/python3.7/site-packages/airflow/example_dags/example_kubernetes_executor.py took 0.175 seconds
[2024-09-23T11:56:08.164+0000] {processor.py:154} INFO - Started process (PID=3441) to work on /home/airflow/.local/lib/python3.7/site-packages/airflow/example_dags/example_kubernetes_executor.py
[2024-09-23T11:56:08.168+0000] {processor.py:756} INFO - Processing file /home/airflow/.local/lib/python3.7/site-packages/airflow/example_dags/example_kubernetes_executor.py for tasks to queue
[2024-09-23T11:56:08.171+0000] {logging_mixin.py:120} INFO - [2024-09-23T11:56:08.171+0000] {dagbag.py:537} INFO - Filling up the DagBag from /home/airflow/.local/lib/python3.7/site-packages/airflow/example_dags/example_kubernetes_executor.py
[2024-09-23T11:56:08.339+0000] {processor.py:766} INFO - DAG(s) dict_keys(['example_kubernetes_executor']) retrieved from /home/airflow/.local/lib/python3.7/site-packages/airflow/example_dags/example_kubernetes_executor.py
[2024-09-23T11:56:08.542+0000] {logging_mixin.py:120} INFO - [2024-09-23T11:56:08.541+0000] {dag.py:2585} INFO - Sync 1 DAGs
[2024-09-23T11:56:08.670+0000] {logging_mixin.py:120} INFO - [2024-09-23T11:56:08.670+0000] {dag.py:3340} INFO - Setting next_dagrun for example_kubernetes_executor to None, run_after=None
[2024-09-23T11:56:08.756+0000] {processor.py:176} INFO - Processing /home/airflow/.local/lib/python3.7/site-packages/airflow/example_dags/example_kubernetes_executor.py took 0.608 seconds
[2024-09-23T11:57:17.307+0000] {processor.py:154} INFO - Started process (PID=3495) to work on /home/airflow/.local/lib/python3.7/site-packages/airflow/example_dags/example_kubernetes_executor.py
[2024-09-23T11:57:17.314+0000] {processor.py:756} INFO - Processing file /home/airflow/.local/lib/python3.7/site-packages/airflow/example_dags/example_kubernetes_executor.py for tasks to queue
[2024-09-23T11:57:17.319+0000] {logging_mixin.py:120} INFO - [2024-09-23T11:57:17.318+0000] {dagbag.py:537} INFO - Filling up the DagBag from /home/airflow/.local/lib/python3.7/site-packages/airflow/example_dags/example_kubernetes_executor.py
[2024-09-23T11:57:17.512+0000] {processor.py:766} INFO - DAG(s) dict_keys(['example_kubernetes_executor']) retrieved from /home/airflow/.local/lib/python3.7/site-packages/airflow/example_dags/example_kubernetes_executor.py
[2024-09-23T11:57:17.771+0000] {logging_mixin.py:120} INFO - [2024-09-23T11:57:17.771+0000] {dag.py:2585} INFO - Sync 1 DAGs
[2024-09-23T11:57:18.003+0000] {logging_mixin.py:120} INFO - [2024-09-23T11:57:17.991+0000] {dag.py:3340} INFO - Setting next_dagrun for example_kubernetes_executor to None, run_after=None
[2024-09-23T11:57:18.151+0000] {processor.py:176} INFO - Processing /home/airflow/.local/lib/python3.7/site-packages/airflow/example_dags/example_kubernetes_executor.py took 0.864 seconds
[2024-09-23T11:57:48.811+0000] {processor.py:154} INFO - Started process (PID=3558) to work on /home/airflow/.local/lib/python3.7/site-packages/airflow/example_dags/example_kubernetes_executor.py
[2024-09-23T11:57:48.812+0000] {processor.py:756} INFO - Processing file /home/airflow/.local/lib/python3.7/site-packages/airflow/example_dags/example_kubernetes_executor.py for tasks to queue
[2024-09-23T11:57:48.815+0000] {logging_mixin.py:120} INFO - [2024-09-23T11:57:48.814+0000] {dagbag.py:537} INFO - Filling up the DagBag from /home/airflow/.local/lib/python3.7/site-packages/airflow/example_dags/example_kubernetes_executor.py
[2024-09-23T11:57:48.853+0000] {processor.py:766} INFO - DAG(s) dict_keys(['example_kubernetes_executor']) retrieved from /home/airflow/.local/lib/python3.7/site-packages/airflow/example_dags/example_kubernetes_executor.py
[2024-09-23T11:57:48.906+0000] {logging_mixin.py:120} INFO - [2024-09-23T11:57:48.906+0000] {dag.py:2585} INFO - Sync 1 DAGs
[2024-09-23T11:57:48.936+0000] {logging_mixin.py:120} INFO - [2024-09-23T11:57:48.936+0000] {dag.py:3340} INFO - Setting next_dagrun for example_kubernetes_executor to None, run_after=None
[2024-09-23T11:57:48.962+0000] {processor.py:176} INFO - Processing /home/airflow/.local/lib/python3.7/site-packages/airflow/example_dags/example_kubernetes_executor.py took 0.154 seconds
[2024-09-23T11:58:19.568+0000] {processor.py:154} INFO - Started process (PID=3612) to work on /home/airflow/.local/lib/python3.7/site-packages/airflow/example_dags/example_kubernetes_executor.py
[2024-09-23T11:58:19.569+0000] {processor.py:756} INFO - Processing file /home/airflow/.local/lib/python3.7/site-packages/airflow/example_dags/example_kubernetes_executor.py for tasks to queue
[2024-09-23T11:58:19.570+0000] {logging_mixin.py:120} INFO - [2024-09-23T11:58:19.570+0000] {dagbag.py:537} INFO - Filling up the DagBag from /home/airflow/.local/lib/python3.7/site-packages/airflow/example_dags/example_kubernetes_executor.py
[2024-09-23T11:58:19.610+0000] {processor.py:766} INFO - DAG(s) dict_keys(['example_kubernetes_executor']) retrieved from /home/airflow/.local/lib/python3.7/site-packages/airflow/example_dags/example_kubernetes_executor.py
[2024-09-23T11:58:19.671+0000] {logging_mixin.py:120} INFO - [2024-09-23T11:58:19.671+0000] {dag.py:2585} INFO - Sync 1 DAGs
[2024-09-23T11:58:19.706+0000] {logging_mixin.py:120} INFO - [2024-09-23T11:58:19.706+0000] {dag.py:3340} INFO - Setting next_dagrun for example_kubernetes_executor to None, run_after=None
[2024-09-23T11:58:19.734+0000] {processor.py:176} INFO - Processing /home/airflow/.local/lib/python3.7/site-packages/airflow/example_dags/example_kubernetes_executor.py took 0.174 seconds
[2024-09-23T11:58:50.411+0000] {processor.py:154} INFO - Started process (PID=3675) to work on /home/airflow/.local/lib/python3.7/site-packages/airflow/example_dags/example_kubernetes_executor.py
[2024-09-23T11:58:50.413+0000] {processor.py:756} INFO - Processing file /home/airflow/.local/lib/python3.7/site-packages/airflow/example_dags/example_kubernetes_executor.py for tasks to queue
[2024-09-23T11:58:50.414+0000] {logging_mixin.py:120} INFO - [2024-09-23T11:58:50.414+0000] {dagbag.py:537} INFO - Filling up the DagBag from /home/airflow/.local/lib/python3.7/site-packages/airflow/example_dags/example_kubernetes_executor.py
[2024-09-23T11:58:50.450+0000] {processor.py:766} INFO - DAG(s) dict_keys(['example_kubernetes_executor']) retrieved from /home/airflow/.local/lib/python3.7/site-packages/airflow/example_dags/example_kubernetes_executor.py
[2024-09-23T11:58:50.500+0000] {logging_mixin.py:120} INFO - [2024-09-23T11:58:50.500+0000] {dag.py:2585} INFO - Sync 1 DAGs
[2024-09-23T11:58:50.529+0000] {logging_mixin.py:120} INFO - [2024-09-23T11:58:50.528+0000] {dag.py:3340} INFO - Setting next_dagrun for example_kubernetes_executor to None, run_after=None
[2024-09-23T11:58:50.552+0000] {processor.py:176} INFO - Processing /home/airflow/.local/lib/python3.7/site-packages/airflow/example_dags/example_kubernetes_executor.py took 0.145 seconds
[2024-09-23T11:59:21.131+0000] {processor.py:154} INFO - Started process (PID=3738) to work on /home/airflow/.local/lib/python3.7/site-packages/airflow/example_dags/example_kubernetes_executor.py
[2024-09-23T11:59:21.133+0000] {processor.py:756} INFO - Processing file /home/airflow/.local/lib/python3.7/site-packages/airflow/example_dags/example_kubernetes_executor.py for tasks to queue
[2024-09-23T11:59:21.134+0000] {logging_mixin.py:120} INFO - [2024-09-23T11:59:21.134+0000] {dagbag.py:537} INFO - Filling up the DagBag from /home/airflow/.local/lib/python3.7/site-packages/airflow/example_dags/example_kubernetes_executor.py
[2024-09-23T11:59:21.166+0000] {processor.py:766} INFO - DAG(s) dict_keys(['example_kubernetes_executor']) retrieved from /home/airflow/.local/lib/python3.7/site-packages/airflow/example_dags/example_kubernetes_executor.py
[2024-09-23T11:59:21.218+0000] {logging_mixin.py:120} INFO - [2024-09-23T11:59:21.218+0000] {dag.py:2585} INFO - Sync 1 DAGs
[2024-09-23T11:59:21.251+0000] {logging_mixin.py:120} INFO - [2024-09-23T11:59:21.251+0000] {dag.py:3340} INFO - Setting next_dagrun for example_kubernetes_executor to None, run_after=None
[2024-09-23T11:59:21.273+0000] {processor.py:176} INFO - Processing /home/airflow/.local/lib/python3.7/site-packages/airflow/example_dags/example_kubernetes_executor.py took 0.145 seconds
[2024-09-23T11:59:51.996+0000] {processor.py:154} INFO - Started process (PID=3792) to work on /home/airflow/.local/lib/python3.7/site-packages/airflow/example_dags/example_kubernetes_executor.py
[2024-09-23T11:59:51.997+0000] {processor.py:756} INFO - Processing file /home/airflow/.local/lib/python3.7/site-packages/airflow/example_dags/example_kubernetes_executor.py for tasks to queue
[2024-09-23T11:59:51.998+0000] {logging_mixin.py:120} INFO - [2024-09-23T11:59:51.998+0000] {dagbag.py:537} INFO - Filling up the DagBag from /home/airflow/.local/lib/python3.7/site-packages/airflow/example_dags/example_kubernetes_executor.py
[2024-09-23T11:59:52.042+0000] {processor.py:766} INFO - DAG(s) dict_keys(['example_kubernetes_executor']) retrieved from /home/airflow/.local/lib/python3.7/site-packages/airflow/example_dags/example_kubernetes_executor.py
[2024-09-23T11:59:52.098+0000] {logging_mixin.py:120} INFO - [2024-09-23T11:59:52.098+0000] {dag.py:2585} INFO - Sync 1 DAGs
[2024-09-23T11:59:52.128+0000] {logging_mixin.py:120} INFO - [2024-09-23T11:59:52.128+0000] {dag.py:3340} INFO - Setting next_dagrun for example_kubernetes_executor to None, run_after=None
[2024-09-23T11:59:52.151+0000] {processor.py:176} INFO - Processing /home/airflow/.local/lib/python3.7/site-packages/airflow/example_dags/example_kubernetes_executor.py took 0.160 seconds
[2024-09-23T12:00:22.699+0000] {processor.py:154} INFO - Started process (PID=3855) to work on /home/airflow/.local/lib/python3.7/site-packages/airflow/example_dags/example_kubernetes_executor.py
[2024-09-23T12:00:22.700+0000] {processor.py:756} INFO - Processing file /home/airflow/.local/lib/python3.7/site-packages/airflow/example_dags/example_kubernetes_executor.py for tasks to queue
[2024-09-23T12:00:22.701+0000] {logging_mixin.py:120} INFO - [2024-09-23T12:00:22.701+0000] {dagbag.py:537} INFO - Filling up the DagBag from /home/airflow/.local/lib/python3.7/site-packages/airflow/example_dags/example_kubernetes_executor.py
[2024-09-23T12:00:22.738+0000] {processor.py:766} INFO - DAG(s) dict_keys(['example_kubernetes_executor']) retrieved from /home/airflow/.local/lib/python3.7/site-packages/airflow/example_dags/example_kubernetes_executor.py
[2024-09-23T12:00:22.791+0000] {logging_mixin.py:120} INFO - [2024-09-23T12:00:22.791+0000] {dag.py:2585} INFO - Sync 1 DAGs
[2024-09-23T12:00:22.819+0000] {logging_mixin.py:120} INFO - [2024-09-23T12:00:22.819+0000] {dag.py:3340} INFO - Setting next_dagrun for example_kubernetes_executor to None, run_after=None
[2024-09-23T12:00:22.841+0000] {processor.py:176} INFO - Processing /home/airflow/.local/lib/python3.7/site-packages/airflow/example_dags/example_kubernetes_executor.py took 0.147 seconds
[2024-09-23T12:00:53.524+0000] {processor.py:154} INFO - Started process (PID=3918) to work on /home/airflow/.local/lib/python3.7/site-packages/airflow/example_dags/example_kubernetes_executor.py
[2024-09-23T12:00:53.526+0000] {processor.py:756} INFO - Processing file /home/airflow/.local/lib/python3.7/site-packages/airflow/example_dags/example_kubernetes_executor.py for tasks to queue
[2024-09-23T12:00:53.527+0000] {logging_mixin.py:120} INFO - [2024-09-23T12:00:53.527+0000] {dagbag.py:537} INFO - Filling up the DagBag from /home/airflow/.local/lib/python3.7/site-packages/airflow/example_dags/example_kubernetes_executor.py
[2024-09-23T12:00:53.564+0000] {processor.py:766} INFO - DAG(s) dict_keys(['example_kubernetes_executor']) retrieved from /home/airflow/.local/lib/python3.7/site-packages/airflow/example_dags/example_kubernetes_executor.py
[2024-09-23T12:00:53.616+0000] {logging_mixin.py:120} INFO - [2024-09-23T12:00:53.616+0000] {dag.py:2585} INFO - Sync 1 DAGs
[2024-09-23T12:00:53.645+0000] {logging_mixin.py:120} INFO - [2024-09-23T12:00:53.645+0000] {dag.py:3340} INFO - Setting next_dagrun for example_kubernetes_executor to None, run_after=None
[2024-09-23T12:00:53.669+0000] {processor.py:176} INFO - Processing /home/airflow/.local/lib/python3.7/site-packages/airflow/example_dags/example_kubernetes_executor.py took 0.148 seconds
[2024-09-23T12:01:24.215+0000] {processor.py:154} INFO - Started process (PID=3981) to work on /home/airflow/.local/lib/python3.7/site-packages/airflow/example_dags/example_kubernetes_executor.py
[2024-09-23T12:01:24.217+0000] {processor.py:756} INFO - Processing file /home/airflow/.local/lib/python3.7/site-packages/airflow/example_dags/example_kubernetes_executor.py for tasks to queue
[2024-09-23T12:01:24.217+0000] {logging_mixin.py:120} INFO - [2024-09-23T12:01:24.217+0000] {dagbag.py:537} INFO - Filling up the DagBag from /home/airflow/.local/lib/python3.7/site-packages/airflow/example_dags/example_kubernetes_executor.py
[2024-09-23T12:01:24.252+0000] {processor.py:766} INFO - DAG(s) dict_keys(['example_kubernetes_executor']) retrieved from /home/airflow/.local/lib/python3.7/site-packages/airflow/example_dags/example_kubernetes_executor.py
[2024-09-23T12:01:24.300+0000] {logging_mixin.py:120} INFO - [2024-09-23T12:01:24.299+0000] {dag.py:2585} INFO - Sync 1 DAGs
[2024-09-23T12:01:24.329+0000] {logging_mixin.py:120} INFO - [2024-09-23T12:01:24.329+0000] {dag.py:3340} INFO - Setting next_dagrun for example_kubernetes_executor to None, run_after=None
[2024-09-23T12:01:24.352+0000] {processor.py:176} INFO - Processing /home/airflow/.local/lib/python3.7/site-packages/airflow/example_dags/example_kubernetes_executor.py took 0.141 seconds
[2024-09-23T12:01:54.989+0000] {processor.py:154} INFO - Started process (PID=4035) to work on /home/airflow/.local/lib/python3.7/site-packages/airflow/example_dags/example_kubernetes_executor.py
[2024-09-23T12:01:54.990+0000] {processor.py:756} INFO - Processing file /home/airflow/.local/lib/python3.7/site-packages/airflow/example_dags/example_kubernetes_executor.py for tasks to queue
[2024-09-23T12:01:54.991+0000] {logging_mixin.py:120} INFO - [2024-09-23T12:01:54.991+0000] {dagbag.py:537} INFO - Filling up the DagBag from /home/airflow/.local/lib/python3.7/site-packages/airflow/example_dags/example_kubernetes_executor.py
[2024-09-23T12:01:55.029+0000] {processor.py:766} INFO - DAG(s) dict_keys(['example_kubernetes_executor']) retrieved from /home/airflow/.local/lib/python3.7/site-packages/airflow/example_dags/example_kubernetes_executor.py
[2024-09-23T12:01:55.080+0000] {logging_mixin.py:120} INFO - [2024-09-23T12:01:55.080+0000] {dag.py:2585} INFO - Sync 1 DAGs
[2024-09-23T12:01:55.110+0000] {logging_mixin.py:120} INFO - [2024-09-23T12:01:55.110+0000] {dag.py:3340} INFO - Setting next_dagrun for example_kubernetes_executor to None, run_after=None
[2024-09-23T12:01:55.132+0000] {processor.py:176} INFO - Processing /home/airflow/.local/lib/python3.7/site-packages/airflow/example_dags/example_kubernetes_executor.py took 0.147 seconds
[2024-09-23T12:02:25.953+0000] {processor.py:154} INFO - Started process (PID=4097) to work on /home/airflow/.local/lib/python3.7/site-packages/airflow/example_dags/example_kubernetes_executor.py
[2024-09-23T12:02:25.954+0000] {processor.py:756} INFO - Processing file /home/airflow/.local/lib/python3.7/site-packages/airflow/example_dags/example_kubernetes_executor.py for tasks to queue
[2024-09-23T12:02:25.955+0000] {logging_mixin.py:120} INFO - [2024-09-23T12:02:25.955+0000] {dagbag.py:537} INFO - Filling up the DagBag from /home/airflow/.local/lib/python3.7/site-packages/airflow/example_dags/example_kubernetes_executor.py
[2024-09-23T12:02:25.993+0000] {processor.py:766} INFO - DAG(s) dict_keys(['example_kubernetes_executor']) retrieved from /home/airflow/.local/lib/python3.7/site-packages/airflow/example_dags/example_kubernetes_executor.py
[2024-09-23T12:02:26.042+0000] {logging_mixin.py:120} INFO - [2024-09-23T12:02:26.042+0000] {dag.py:2585} INFO - Sync 1 DAGs
[2024-09-23T12:02:26.072+0000] {logging_mixin.py:120} INFO - [2024-09-23T12:02:26.072+0000] {dag.py:3340} INFO - Setting next_dagrun for example_kubernetes_executor to None, run_after=None
[2024-09-23T12:02:26.094+0000] {processor.py:176} INFO - Processing /home/airflow/.local/lib/python3.7/site-packages/airflow/example_dags/example_kubernetes_executor.py took 0.145 seconds
[2024-09-23T12:02:56.621+0000] {processor.py:154} INFO - Started process (PID=4160) to work on /home/airflow/.local/lib/python3.7/site-packages/airflow/example_dags/example_kubernetes_executor.py
[2024-09-23T12:02:56.623+0000] {processor.py:756} INFO - Processing file /home/airflow/.local/lib/python3.7/site-packages/airflow/example_dags/example_kubernetes_executor.py for tasks to queue
[2024-09-23T12:02:56.624+0000] {logging_mixin.py:120} INFO - [2024-09-23T12:02:56.624+0000] {dagbag.py:537} INFO - Filling up the DagBag from /home/airflow/.local/lib/python3.7/site-packages/airflow/example_dags/example_kubernetes_executor.py
[2024-09-23T12:02:56.662+0000] {processor.py:766} INFO - DAG(s) dict_keys(['example_kubernetes_executor']) retrieved from /home/airflow/.local/lib/python3.7/site-packages/airflow/example_dags/example_kubernetes_executor.py
[2024-09-23T12:02:56.709+0000] {logging_mixin.py:120} INFO - [2024-09-23T12:02:56.709+0000] {dag.py:2585} INFO - Sync 1 DAGs
[2024-09-23T12:02:56.734+0000] {logging_mixin.py:120} INFO - [2024-09-23T12:02:56.734+0000] {dag.py:3340} INFO - Setting next_dagrun for example_kubernetes_executor to None, run_after=None
[2024-09-23T12:02:56.756+0000] {processor.py:176} INFO - Processing /home/airflow/.local/lib/python3.7/site-packages/airflow/example_dags/example_kubernetes_executor.py took 0.138 seconds
[2024-09-23T12:03:27.293+0000] {processor.py:154} INFO - Started process (PID=4223) to work on /home/airflow/.local/lib/python3.7/site-packages/airflow/example_dags/example_kubernetes_executor.py
[2024-09-23T12:03:27.295+0000] {processor.py:756} INFO - Processing file /home/airflow/.local/lib/python3.7/site-packages/airflow/example_dags/example_kubernetes_executor.py for tasks to queue
[2024-09-23T12:03:27.296+0000] {logging_mixin.py:120} INFO - [2024-09-23T12:03:27.295+0000] {dagbag.py:537} INFO - Filling up the DagBag from /home/airflow/.local/lib/python3.7/site-packages/airflow/example_dags/example_kubernetes_executor.py
[2024-09-23T12:03:27.332+0000] {processor.py:766} INFO - DAG(s) dict_keys(['example_kubernetes_executor']) retrieved from /home/airflow/.local/lib/python3.7/site-packages/airflow/example_dags/example_kubernetes_executor.py
[2024-09-23T12:03:27.379+0000] {logging_mixin.py:120} INFO - [2024-09-23T12:03:27.379+0000] {dag.py:2585} INFO - Sync 1 DAGs
[2024-09-23T12:03:27.409+0000] {logging_mixin.py:120} INFO - [2024-09-23T12:03:27.408+0000] {dag.py:3340} INFO - Setting next_dagrun for example_kubernetes_executor to None, run_after=None
[2024-09-23T12:03:27.430+0000] {processor.py:176} INFO - Processing /home/airflow/.local/lib/python3.7/site-packages/airflow/example_dags/example_kubernetes_executor.py took 0.141 seconds
[2024-09-23T12:03:57.976+0000] {processor.py:154} INFO - Started process (PID=4277) to work on /home/airflow/.local/lib/python3.7/site-packages/airflow/example_dags/example_kubernetes_executor.py
[2024-09-23T12:03:57.978+0000] {processor.py:756} INFO - Processing file /home/airflow/.local/lib/python3.7/site-packages/airflow/example_dags/example_kubernetes_executor.py for tasks to queue
[2024-09-23T12:03:57.979+0000] {logging_mixin.py:120} INFO - [2024-09-23T12:03:57.978+0000] {dagbag.py:537} INFO - Filling up the DagBag from /home/airflow/.local/lib/python3.7/site-packages/airflow/example_dags/example_kubernetes_executor.py
[2024-09-23T12:03:58.013+0000] {processor.py:766} INFO - DAG(s) dict_keys(['example_kubernetes_executor']) retrieved from /home/airflow/.local/lib/python3.7/site-packages/airflow/example_dags/example_kubernetes_executor.py
[2024-09-23T12:03:58.062+0000] {logging_mixin.py:120} INFO - [2024-09-23T12:03:58.062+0000] {dag.py:2585} INFO - Sync 1 DAGs
[2024-09-23T12:03:58.088+0000] {logging_mixin.py:120} INFO - [2024-09-23T12:03:58.088+0000] {dag.py:3340} INFO - Setting next_dagrun for example_kubernetes_executor to None, run_after=None
[2024-09-23T12:03:58.108+0000] {processor.py:176} INFO - Processing /home/airflow/.local/lib/python3.7/site-packages/airflow/example_dags/example_kubernetes_executor.py took 0.135 seconds
[2024-09-23T12:04:28.654+0000] {processor.py:154} INFO - Started process (PID=4340) to work on /home/airflow/.local/lib/python3.7/site-packages/airflow/example_dags/example_kubernetes_executor.py
[2024-09-23T12:04:28.655+0000] {processor.py:756} INFO - Processing file /home/airflow/.local/lib/python3.7/site-packages/airflow/example_dags/example_kubernetes_executor.py for tasks to queue
[2024-09-23T12:04:28.656+0000] {logging_mixin.py:120} INFO - [2024-09-23T12:04:28.656+0000] {dagbag.py:537} INFO - Filling up the DagBag from /home/airflow/.local/lib/python3.7/site-packages/airflow/example_dags/example_kubernetes_executor.py
[2024-09-23T12:04:28.692+0000] {processor.py:766} INFO - DAG(s) dict_keys(['example_kubernetes_executor']) retrieved from /home/airflow/.local/lib/python3.7/site-packages/airflow/example_dags/example_kubernetes_executor.py
[2024-09-23T12:04:28.749+0000] {logging_mixin.py:120} INFO - [2024-09-23T12:04:28.749+0000] {dag.py:2585} INFO - Sync 1 DAGs
[2024-09-23T12:04:28.778+0000] {logging_mixin.py:120} INFO - [2024-09-23T12:04:28.778+0000] {dag.py:3340} INFO - Setting next_dagrun for example_kubernetes_executor to None, run_after=None
[2024-09-23T12:04:28.799+0000] {processor.py:176} INFO - Processing /home/airflow/.local/lib/python3.7/site-packages/airflow/example_dags/example_kubernetes_executor.py took 0.150 seconds
[2024-09-23T12:04:59.362+0000] {processor.py:154} INFO - Started process (PID=4403) to work on /home/airflow/.local/lib/python3.7/site-packages/airflow/example_dags/example_kubernetes_executor.py
[2024-09-23T12:04:59.363+0000] {processor.py:756} INFO - Processing file /home/airflow/.local/lib/python3.7/site-packages/airflow/example_dags/example_kubernetes_executor.py for tasks to queue
[2024-09-23T12:04:59.364+0000] {logging_mixin.py:120} INFO - [2024-09-23T12:04:59.364+0000] {dagbag.py:537} INFO - Filling up the DagBag from /home/airflow/.local/lib/python3.7/site-packages/airflow/example_dags/example_kubernetes_executor.py
[2024-09-23T12:04:59.403+0000] {processor.py:766} INFO - DAG(s) dict_keys(['example_kubernetes_executor']) retrieved from /home/airflow/.local/lib/python3.7/site-packages/airflow/example_dags/example_kubernetes_executor.py
[2024-09-23T12:04:59.453+0000] {logging_mixin.py:120} INFO - [2024-09-23T12:04:59.453+0000] {dag.py:2585} INFO - Sync 1 DAGs
[2024-09-23T12:04:59.482+0000] {logging_mixin.py:120} INFO - [2024-09-23T12:04:59.482+0000] {dag.py:3340} INFO - Setting next_dagrun for example_kubernetes_executor to None, run_after=None
[2024-09-23T12:04:59.506+0000] {processor.py:176} INFO - Processing /home/airflow/.local/lib/python3.7/site-packages/airflow/example_dags/example_kubernetes_executor.py took 0.148 seconds
[2024-09-23T12:05:30.064+0000] {processor.py:154} INFO - Started process (PID=4465) to work on /home/airflow/.local/lib/python3.7/site-packages/airflow/example_dags/example_kubernetes_executor.py
[2024-09-23T12:05:30.066+0000] {processor.py:756} INFO - Processing file /home/airflow/.local/lib/python3.7/site-packages/airflow/example_dags/example_kubernetes_executor.py for tasks to queue
[2024-09-23T12:05:30.067+0000] {logging_mixin.py:120} INFO - [2024-09-23T12:05:30.067+0000] {dagbag.py:537} INFO - Filling up the DagBag from /home/airflow/.local/lib/python3.7/site-packages/airflow/example_dags/example_kubernetes_executor.py
[2024-09-23T12:05:30.106+0000] {processor.py:766} INFO - DAG(s) dict_keys(['example_kubernetes_executor']) retrieved from /home/airflow/.local/lib/python3.7/site-packages/airflow/example_dags/example_kubernetes_executor.py
[2024-09-23T12:05:30.168+0000] {logging_mixin.py:120} INFO - [2024-09-23T12:05:30.168+0000] {dag.py:2585} INFO - Sync 1 DAGs
[2024-09-23T12:05:30.201+0000] {logging_mixin.py:120} INFO - [2024-09-23T12:05:30.201+0000] {dag.py:3340} INFO - Setting next_dagrun for example_kubernetes_executor to None, run_after=None
[2024-09-23T12:05:30.225+0000] {processor.py:176} INFO - Processing /home/airflow/.local/lib/python3.7/site-packages/airflow/example_dags/example_kubernetes_executor.py took 0.165 seconds
[2024-09-23T12:06:00.747+0000] {processor.py:154} INFO - Started process (PID=4519) to work on /home/airflow/.local/lib/python3.7/site-packages/airflow/example_dags/example_kubernetes_executor.py
[2024-09-23T12:06:00.749+0000] {processor.py:756} INFO - Processing file /home/airflow/.local/lib/python3.7/site-packages/airflow/example_dags/example_kubernetes_executor.py for tasks to queue
[2024-09-23T12:06:00.750+0000] {logging_mixin.py:120} INFO - [2024-09-23T12:06:00.750+0000] {dagbag.py:537} INFO - Filling up the DagBag from /home/airflow/.local/lib/python3.7/site-packages/airflow/example_dags/example_kubernetes_executor.py
[2024-09-23T12:06:00.790+0000] {processor.py:766} INFO - DAG(s) dict_keys(['example_kubernetes_executor']) retrieved from /home/airflow/.local/lib/python3.7/site-packages/airflow/example_dags/example_kubernetes_executor.py
[2024-09-23T12:06:00.841+0000] {logging_mixin.py:120} INFO - [2024-09-23T12:06:00.841+0000] {dag.py:2585} INFO - Sync 1 DAGs
[2024-09-23T12:06:00.870+0000] {logging_mixin.py:120} INFO - [2024-09-23T12:06:00.870+0000] {dag.py:3340} INFO - Setting next_dagrun for example_kubernetes_executor to None, run_after=None
[2024-09-23T12:06:00.892+0000] {processor.py:176} INFO - Processing /home/airflow/.local/lib/python3.7/site-packages/airflow/example_dags/example_kubernetes_executor.py took 0.150 seconds
[2024-09-23T12:06:31.477+0000] {processor.py:154} INFO - Started process (PID=4582) to work on /home/airflow/.local/lib/python3.7/site-packages/airflow/example_dags/example_kubernetes_executor.py
[2024-09-23T12:06:31.480+0000] {processor.py:756} INFO - Processing file /home/airflow/.local/lib/python3.7/site-packages/airflow/example_dags/example_kubernetes_executor.py for tasks to queue
[2024-09-23T12:06:31.481+0000] {logging_mixin.py:120} INFO - [2024-09-23T12:06:31.481+0000] {dagbag.py:537} INFO - Filling up the DagBag from /home/airflow/.local/lib/python3.7/site-packages/airflow/example_dags/example_kubernetes_executor.py
[2024-09-23T12:06:31.512+0000] {processor.py:766} INFO - DAG(s) dict_keys(['example_kubernetes_executor']) retrieved from /home/airflow/.local/lib/python3.7/site-packages/airflow/example_dags/example_kubernetes_executor.py
[2024-09-23T12:06:31.563+0000] {logging_mixin.py:120} INFO - [2024-09-23T12:06:31.563+0000] {dag.py:2585} INFO - Sync 1 DAGs
[2024-09-23T12:06:31.593+0000] {logging_mixin.py:120} INFO - [2024-09-23T12:06:31.593+0000] {dag.py:3340} INFO - Setting next_dagrun for example_kubernetes_executor to None, run_after=None
[2024-09-23T12:06:31.617+0000] {processor.py:176} INFO - Processing /home/airflow/.local/lib/python3.7/site-packages/airflow/example_dags/example_kubernetes_executor.py took 0.142 seconds
[2024-09-23T12:07:02.095+0000] {processor.py:154} INFO - Started process (PID=4645) to work on /home/airflow/.local/lib/python3.7/site-packages/airflow/example_dags/example_kubernetes_executor.py
[2024-09-23T12:07:02.096+0000] {processor.py:756} INFO - Processing file /home/airflow/.local/lib/python3.7/site-packages/airflow/example_dags/example_kubernetes_executor.py for tasks to queue
[2024-09-23T12:07:02.097+0000] {logging_mixin.py:120} INFO - [2024-09-23T12:07:02.097+0000] {dagbag.py:537} INFO - Filling up the DagBag from /home/airflow/.local/lib/python3.7/site-packages/airflow/example_dags/example_kubernetes_executor.py
[2024-09-23T12:07:02.131+0000] {processor.py:766} INFO - DAG(s) dict_keys(['example_kubernetes_executor']) retrieved from /home/airflow/.local/lib/python3.7/site-packages/airflow/example_dags/example_kubernetes_executor.py
[2024-09-23T12:07:02.186+0000] {logging_mixin.py:120} INFO - [2024-09-23T12:07:02.185+0000] {dag.py:2585} INFO - Sync 1 DAGs
[2024-09-23T12:07:02.218+0000] {logging_mixin.py:120} INFO - [2024-09-23T12:07:02.217+0000] {dag.py:3340} INFO - Setting next_dagrun for example_kubernetes_executor to None, run_after=None
[2024-09-23T12:07:02.242+0000] {processor.py:176} INFO - Processing /home/airflow/.local/lib/python3.7/site-packages/airflow/example_dags/example_kubernetes_executor.py took 0.151 seconds
[2024-09-23T12:07:32.773+0000] {processor.py:154} INFO - Started process (PID=4708) to work on /home/airflow/.local/lib/python3.7/site-packages/airflow/example_dags/example_kubernetes_executor.py
[2024-09-23T12:07:32.775+0000] {processor.py:756} INFO - Processing file /home/airflow/.local/lib/python3.7/site-packages/airflow/example_dags/example_kubernetes_executor.py for tasks to queue
[2024-09-23T12:07:32.776+0000] {logging_mixin.py:120} INFO - [2024-09-23T12:07:32.776+0000] {dagbag.py:537} INFO - Filling up the DagBag from /home/airflow/.local/lib/python3.7/site-packages/airflow/example_dags/example_kubernetes_executor.py
[2024-09-23T12:07:32.810+0000] {processor.py:766} INFO - DAG(s) dict_keys(['example_kubernetes_executor']) retrieved from /home/airflow/.local/lib/python3.7/site-packages/airflow/example_dags/example_kubernetes_executor.py
[2024-09-23T12:07:32.860+0000] {logging_mixin.py:120} INFO - [2024-09-23T12:07:32.859+0000] {dag.py:2585} INFO - Sync 1 DAGs
[2024-09-23T12:07:32.890+0000] {logging_mixin.py:120} INFO - [2024-09-23T12:07:32.890+0000] {dag.py:3340} INFO - Setting next_dagrun for example_kubernetes_executor to None, run_after=None
[2024-09-23T12:07:32.914+0000] {processor.py:176} INFO - Processing /home/airflow/.local/lib/python3.7/site-packages/airflow/example_dags/example_kubernetes_executor.py took 0.144 seconds
[2024-09-23T12:08:03.420+0000] {processor.py:154} INFO - Started process (PID=4762) to work on /home/airflow/.local/lib/python3.7/site-packages/airflow/example_dags/example_kubernetes_executor.py
[2024-09-23T12:08:03.423+0000] {processor.py:756} INFO - Processing file /home/airflow/.local/lib/python3.7/site-packages/airflow/example_dags/example_kubernetes_executor.py for tasks to queue
[2024-09-23T12:08:03.424+0000] {logging_mixin.py:120} INFO - [2024-09-23T12:08:03.424+0000] {dagbag.py:537} INFO - Filling up the DagBag from /home/airflow/.local/lib/python3.7/site-packages/airflow/example_dags/example_kubernetes_executor.py
[2024-09-23T12:08:03.466+0000] {processor.py:766} INFO - DAG(s) dict_keys(['example_kubernetes_executor']) retrieved from /home/airflow/.local/lib/python3.7/site-packages/airflow/example_dags/example_kubernetes_executor.py
[2024-09-23T12:08:03.524+0000] {logging_mixin.py:120} INFO - [2024-09-23T12:08:03.524+0000] {dag.py:2585} INFO - Sync 1 DAGs
[2024-09-23T12:08:03.555+0000] {logging_mixin.py:120} INFO - [2024-09-23T12:08:03.555+0000] {dag.py:3340} INFO - Setting next_dagrun for example_kubernetes_executor to None, run_after=None
[2024-09-23T12:08:03.578+0000] {processor.py:176} INFO - Processing /home/airflow/.local/lib/python3.7/site-packages/airflow/example_dags/example_kubernetes_executor.py took 0.164 seconds
[2024-09-23T12:08:34.059+0000] {processor.py:154} INFO - Started process (PID=4825) to work on /home/airflow/.local/lib/python3.7/site-packages/airflow/example_dags/example_kubernetes_executor.py
[2024-09-23T12:08:34.060+0000] {processor.py:756} INFO - Processing file /home/airflow/.local/lib/python3.7/site-packages/airflow/example_dags/example_kubernetes_executor.py for tasks to queue
[2024-09-23T12:08:34.061+0000] {logging_mixin.py:120} INFO - [2024-09-23T12:08:34.061+0000] {dagbag.py:537} INFO - Filling up the DagBag from /home/airflow/.local/lib/python3.7/site-packages/airflow/example_dags/example_kubernetes_executor.py
[2024-09-23T12:08:34.099+0000] {processor.py:766} INFO - DAG(s) dict_keys(['example_kubernetes_executor']) retrieved from /home/airflow/.local/lib/python3.7/site-packages/airflow/example_dags/example_kubernetes_executor.py
[2024-09-23T12:08:34.149+0000] {logging_mixin.py:120} INFO - [2024-09-23T12:08:34.149+0000] {dag.py:2585} INFO - Sync 1 DAGs
[2024-09-23T12:08:34.179+0000] {logging_mixin.py:120} INFO - [2024-09-23T12:08:34.179+0000] {dag.py:3340} INFO - Setting next_dagrun for example_kubernetes_executor to None, run_after=None
[2024-09-23T12:08:34.202+0000] {processor.py:176} INFO - Processing /home/airflow/.local/lib/python3.7/site-packages/airflow/example_dags/example_kubernetes_executor.py took 0.148 seconds
[2024-09-23T12:09:04.839+0000] {processor.py:154} INFO - Started process (PID=4888) to work on /home/airflow/.local/lib/python3.7/site-packages/airflow/example_dags/example_kubernetes_executor.py
[2024-09-23T12:09:04.841+0000] {processor.py:756} INFO - Processing file /home/airflow/.local/lib/python3.7/site-packages/airflow/example_dags/example_kubernetes_executor.py for tasks to queue
[2024-09-23T12:09:04.843+0000] {logging_mixin.py:120} INFO - [2024-09-23T12:09:04.843+0000] {dagbag.py:537} INFO - Filling up the DagBag from /home/airflow/.local/lib/python3.7/site-packages/airflow/example_dags/example_kubernetes_executor.py
[2024-09-23T12:09:04.880+0000] {processor.py:766} INFO - DAG(s) dict_keys(['example_kubernetes_executor']) retrieved from /home/airflow/.local/lib/python3.7/site-packages/airflow/example_dags/example_kubernetes_executor.py
[2024-09-23T12:09:04.934+0000] {logging_mixin.py:120} INFO - [2024-09-23T12:09:04.934+0000] {dag.py:2585} INFO - Sync 1 DAGs
[2024-09-23T12:09:04.964+0000] {logging_mixin.py:120} INFO - [2024-09-23T12:09:04.963+0000] {dag.py:3340} INFO - Setting next_dagrun for example_kubernetes_executor to None, run_after=None
[2024-09-23T12:09:04.986+0000] {processor.py:176} INFO - Processing /home/airflow/.local/lib/python3.7/site-packages/airflow/example_dags/example_kubernetes_executor.py took 0.151 seconds
[2024-09-23T12:09:35.628+0000] {processor.py:154} INFO - Started process (PID=4951) to work on /home/airflow/.local/lib/python3.7/site-packages/airflow/example_dags/example_kubernetes_executor.py
[2024-09-23T12:09:35.629+0000] {processor.py:756} INFO - Processing file /home/airflow/.local/lib/python3.7/site-packages/airflow/example_dags/example_kubernetes_executor.py for tasks to queue
[2024-09-23T12:09:35.630+0000] {logging_mixin.py:120} INFO - [2024-09-23T12:09:35.630+0000] {dagbag.py:537} INFO - Filling up the DagBag from /home/airflow/.local/lib/python3.7/site-packages/airflow/example_dags/example_kubernetes_executor.py
[2024-09-23T12:09:35.658+0000] {processor.py:766} INFO - DAG(s) dict_keys(['example_kubernetes_executor']) retrieved from /home/airflow/.local/lib/python3.7/site-packages/airflow/example_dags/example_kubernetes_executor.py
[2024-09-23T12:09:35.705+0000] {logging_mixin.py:120} INFO - [2024-09-23T12:09:35.705+0000] {dag.py:2585} INFO - Sync 1 DAGs
[2024-09-23T12:09:35.737+0000] {logging_mixin.py:120} INFO - [2024-09-23T12:09:35.737+0000] {dag.py:3340} INFO - Setting next_dagrun for example_kubernetes_executor to None, run_after=None
[2024-09-23T12:09:35.762+0000] {processor.py:176} INFO - Processing /home/airflow/.local/lib/python3.7/site-packages/airflow/example_dags/example_kubernetes_executor.py took 0.138 seconds
[2024-09-23T12:10:06.299+0000] {processor.py:154} INFO - Started process (PID=5005) to work on /home/airflow/.local/lib/python3.7/site-packages/airflow/example_dags/example_kubernetes_executor.py
[2024-09-23T12:10:06.301+0000] {processor.py:756} INFO - Processing file /home/airflow/.local/lib/python3.7/site-packages/airflow/example_dags/example_kubernetes_executor.py for tasks to queue
[2024-09-23T12:10:06.302+0000] {logging_mixin.py:120} INFO - [2024-09-23T12:10:06.302+0000] {dagbag.py:537} INFO - Filling up the DagBag from /home/airflow/.local/lib/python3.7/site-packages/airflow/example_dags/example_kubernetes_executor.py
[2024-09-23T12:10:06.339+0000] {processor.py:766} INFO - DAG(s) dict_keys(['example_kubernetes_executor']) retrieved from /home/airflow/.local/lib/python3.7/site-packages/airflow/example_dags/example_kubernetes_executor.py
[2024-09-23T12:10:06.390+0000] {logging_mixin.py:120} INFO - [2024-09-23T12:10:06.390+0000] {dag.py:2585} INFO - Sync 1 DAGs
[2024-09-23T12:10:06.419+0000] {logging_mixin.py:120} INFO - [2024-09-23T12:10:06.419+0000] {dag.py:3340} INFO - Setting next_dagrun for example_kubernetes_executor to None, run_after=None
[2024-09-23T12:10:06.441+0000] {processor.py:176} INFO - Processing /home/airflow/.local/lib/python3.7/site-packages/airflow/example_dags/example_kubernetes_executor.py took 0.146 seconds
[2024-09-23T12:10:37.190+0000] {processor.py:154} INFO - Started process (PID=5068) to work on /home/airflow/.local/lib/python3.7/site-packages/airflow/example_dags/example_kubernetes_executor.py
[2024-09-23T12:10:37.192+0000] {processor.py:756} INFO - Processing file /home/airflow/.local/lib/python3.7/site-packages/airflow/example_dags/example_kubernetes_executor.py for tasks to queue
[2024-09-23T12:10:37.195+0000] {logging_mixin.py:120} INFO - [2024-09-23T12:10:37.195+0000] {dagbag.py:537} INFO - Filling up the DagBag from /home/airflow/.local/lib/python3.7/site-packages/airflow/example_dags/example_kubernetes_executor.py
[2024-09-23T12:10:37.230+0000] {processor.py:766} INFO - DAG(s) dict_keys(['example_kubernetes_executor']) retrieved from /home/airflow/.local/lib/python3.7/site-packages/airflow/example_dags/example_kubernetes_executor.py
[2024-09-23T12:10:37.281+0000] {logging_mixin.py:120} INFO - [2024-09-23T12:10:37.280+0000] {dag.py:2585} INFO - Sync 1 DAGs
[2024-09-23T12:10:37.310+0000] {logging_mixin.py:120} INFO - [2024-09-23T12:10:37.310+0000] {dag.py:3340} INFO - Setting next_dagrun for example_kubernetes_executor to None, run_after=None
[2024-09-23T12:10:37.332+0000] {processor.py:176} INFO - Processing /home/airflow/.local/lib/python3.7/site-packages/airflow/example_dags/example_kubernetes_executor.py took 0.146 seconds
[2024-09-23T12:11:08.065+0000] {processor.py:154} INFO - Started process (PID=5131) to work on /home/airflow/.local/lib/python3.7/site-packages/airflow/example_dags/example_kubernetes_executor.py
[2024-09-23T12:11:08.067+0000] {processor.py:756} INFO - Processing file /home/airflow/.local/lib/python3.7/site-packages/airflow/example_dags/example_kubernetes_executor.py for tasks to queue
[2024-09-23T12:11:08.068+0000] {logging_mixin.py:120} INFO - [2024-09-23T12:11:08.068+0000] {dagbag.py:537} INFO - Filling up the DagBag from /home/airflow/.local/lib/python3.7/site-packages/airflow/example_dags/example_kubernetes_executor.py
[2024-09-23T12:11:08.106+0000] {processor.py:766} INFO - DAG(s) dict_keys(['example_kubernetes_executor']) retrieved from /home/airflow/.local/lib/python3.7/site-packages/airflow/example_dags/example_kubernetes_executor.py
[2024-09-23T12:11:08.155+0000] {logging_mixin.py:120} INFO - [2024-09-23T12:11:08.155+0000] {dag.py:2585} INFO - Sync 1 DAGs
[2024-09-23T12:11:08.185+0000] {logging_mixin.py:120} INFO - [2024-09-23T12:11:08.185+0000] {dag.py:3340} INFO - Setting next_dagrun for example_kubernetes_executor to None, run_after=None
[2024-09-23T12:11:08.208+0000] {processor.py:176} INFO - Processing /home/airflow/.local/lib/python3.7/site-packages/airflow/example_dags/example_kubernetes_executor.py took 0.147 seconds
[2024-09-23T12:11:38.912+0000] {processor.py:154} INFO - Started process (PID=5190) to work on /home/airflow/.local/lib/python3.7/site-packages/airflow/example_dags/example_kubernetes_executor.py
[2024-09-23T12:11:38.913+0000] {processor.py:756} INFO - Processing file /home/airflow/.local/lib/python3.7/site-packages/airflow/example_dags/example_kubernetes_executor.py for tasks to queue
[2024-09-23T12:11:38.914+0000] {logging_mixin.py:120} INFO - [2024-09-23T12:11:38.914+0000] {dagbag.py:537} INFO - Filling up the DagBag from /home/airflow/.local/lib/python3.7/site-packages/airflow/example_dags/example_kubernetes_executor.py
[2024-09-23T12:11:38.950+0000] {processor.py:766} INFO - DAG(s) dict_keys(['example_kubernetes_executor']) retrieved from /home/airflow/.local/lib/python3.7/site-packages/airflow/example_dags/example_kubernetes_executor.py
[2024-09-23T12:11:39.000+0000] {logging_mixin.py:120} INFO - [2024-09-23T12:11:39.000+0000] {dag.py:2585} INFO - Sync 1 DAGs
[2024-09-23T12:11:39.035+0000] {logging_mixin.py:120} INFO - [2024-09-23T12:11:39.034+0000] {dag.py:3340} INFO - Setting next_dagrun for example_kubernetes_executor to None, run_after=None
[2024-09-23T12:11:39.061+0000] {processor.py:176} INFO - Processing /home/airflow/.local/lib/python3.7/site-packages/airflow/example_dags/example_kubernetes_executor.py took 0.153 seconds
[2024-09-23T12:12:09.679+0000] {processor.py:154} INFO - Started process (PID=5246) to work on /home/airflow/.local/lib/python3.7/site-packages/airflow/example_dags/example_kubernetes_executor.py
[2024-09-23T12:12:09.680+0000] {processor.py:756} INFO - Processing file /home/airflow/.local/lib/python3.7/site-packages/airflow/example_dags/example_kubernetes_executor.py for tasks to queue
[2024-09-23T12:12:09.681+0000] {logging_mixin.py:120} INFO - [2024-09-23T12:12:09.681+0000] {dagbag.py:537} INFO - Filling up the DagBag from /home/airflow/.local/lib/python3.7/site-packages/airflow/example_dags/example_kubernetes_executor.py
[2024-09-23T12:12:09.716+0000] {processor.py:766} INFO - DAG(s) dict_keys(['example_kubernetes_executor']) retrieved from /home/airflow/.local/lib/python3.7/site-packages/airflow/example_dags/example_kubernetes_executor.py
[2024-09-23T12:12:09.766+0000] {logging_mixin.py:120} INFO - [2024-09-23T12:12:09.766+0000] {dag.py:2585} INFO - Sync 1 DAGs
[2024-09-23T12:12:09.795+0000] {logging_mixin.py:120} INFO - [2024-09-23T12:12:09.795+0000] {dag.py:3340} INFO - Setting next_dagrun for example_kubernetes_executor to None, run_after=None
[2024-09-23T12:12:09.816+0000] {processor.py:176} INFO - Processing /home/airflow/.local/lib/python3.7/site-packages/airflow/example_dags/example_kubernetes_executor.py took 0.142 seconds
[2024-09-23T12:12:40.690+0000] {processor.py:154} INFO - Started process (PID=5310) to work on /home/airflow/.local/lib/python3.7/site-packages/airflow/example_dags/example_kubernetes_executor.py
[2024-09-23T12:12:40.694+0000] {processor.py:756} INFO - Processing file /home/airflow/.local/lib/python3.7/site-packages/airflow/example_dags/example_kubernetes_executor.py for tasks to queue
[2024-09-23T12:12:40.695+0000] {logging_mixin.py:120} INFO - [2024-09-23T12:12:40.695+0000] {dagbag.py:537} INFO - Filling up the DagBag from /home/airflow/.local/lib/python3.7/site-packages/airflow/example_dags/example_kubernetes_executor.py
[2024-09-23T12:12:40.729+0000] {processor.py:766} INFO - DAG(s) dict_keys(['example_kubernetes_executor']) retrieved from /home/airflow/.local/lib/python3.7/site-packages/airflow/example_dags/example_kubernetes_executor.py
[2024-09-23T12:12:40.780+0000] {logging_mixin.py:120} INFO - [2024-09-23T12:12:40.779+0000] {dag.py:2585} INFO - Sync 1 DAGs
[2024-09-23T12:12:40.809+0000] {logging_mixin.py:120} INFO - [2024-09-23T12:12:40.809+0000] {dag.py:3340} INFO - Setting next_dagrun for example_kubernetes_executor to None, run_after=None
[2024-09-23T12:12:40.834+0000] {processor.py:176} INFO - Processing /home/airflow/.local/lib/python3.7/site-packages/airflow/example_dags/example_kubernetes_executor.py took 0.148 seconds
[2024-09-23T12:13:11.233+0000] {processor.py:154} INFO - Started process (PID=5373) to work on /home/airflow/.local/lib/python3.7/site-packages/airflow/example_dags/example_kubernetes_executor.py
[2024-09-23T12:13:11.234+0000] {processor.py:756} INFO - Processing file /home/airflow/.local/lib/python3.7/site-packages/airflow/example_dags/example_kubernetes_executor.py for tasks to queue
[2024-09-23T12:13:11.235+0000] {logging_mixin.py:120} INFO - [2024-09-23T12:13:11.235+0000] {dagbag.py:537} INFO - Filling up the DagBag from /home/airflow/.local/lib/python3.7/site-packages/airflow/example_dags/example_kubernetes_executor.py
[2024-09-23T12:13:11.271+0000] {processor.py:766} INFO - DAG(s) dict_keys(['example_kubernetes_executor']) retrieved from /home/airflow/.local/lib/python3.7/site-packages/airflow/example_dags/example_kubernetes_executor.py
[2024-09-23T12:13:11.322+0000] {logging_mixin.py:120} INFO - [2024-09-23T12:13:11.322+0000] {dag.py:2585} INFO - Sync 1 DAGs
[2024-09-23T12:13:11.354+0000] {logging_mixin.py:120} INFO - [2024-09-23T12:13:11.354+0000] {dag.py:3340} INFO - Setting next_dagrun for example_kubernetes_executor to None, run_after=None
[2024-09-23T12:13:11.380+0000] {processor.py:176} INFO - Processing /home/airflow/.local/lib/python3.7/site-packages/airflow/example_dags/example_kubernetes_executor.py took 0.151 seconds
[2024-09-23T12:13:41.787+0000] {processor.py:154} INFO - Started process (PID=5426) to work on /home/airflow/.local/lib/python3.7/site-packages/airflow/example_dags/example_kubernetes_executor.py
[2024-09-23T12:13:41.789+0000] {processor.py:756} INFO - Processing file /home/airflow/.local/lib/python3.7/site-packages/airflow/example_dags/example_kubernetes_executor.py for tasks to queue
[2024-09-23T12:13:41.790+0000] {logging_mixin.py:120} INFO - [2024-09-23T12:13:41.790+0000] {dagbag.py:537} INFO - Filling up the DagBag from /home/airflow/.local/lib/python3.7/site-packages/airflow/example_dags/example_kubernetes_executor.py
[2024-09-23T12:13:41.829+0000] {processor.py:766} INFO - DAG(s) dict_keys(['example_kubernetes_executor']) retrieved from /home/airflow/.local/lib/python3.7/site-packages/airflow/example_dags/example_kubernetes_executor.py
[2024-09-23T12:13:41.879+0000] {logging_mixin.py:120} INFO - [2024-09-23T12:13:41.879+0000] {dag.py:2585} INFO - Sync 1 DAGs
[2024-09-23T12:13:41.909+0000] {logging_mixin.py:120} INFO - [2024-09-23T12:13:41.909+0000] {dag.py:3340} INFO - Setting next_dagrun for example_kubernetes_executor to None, run_after=None
[2024-09-23T12:13:41.931+0000] {processor.py:176} INFO - Processing /home/airflow/.local/lib/python3.7/site-packages/airflow/example_dags/example_kubernetes_executor.py took 0.149 seconds
[2024-09-23T12:14:12.483+0000] {processor.py:154} INFO - Started process (PID=5489) to work on /home/airflow/.local/lib/python3.7/site-packages/airflow/example_dags/example_kubernetes_executor.py
[2024-09-23T12:14:12.484+0000] {processor.py:756} INFO - Processing file /home/airflow/.local/lib/python3.7/site-packages/airflow/example_dags/example_kubernetes_executor.py for tasks to queue
[2024-09-23T12:14:12.485+0000] {logging_mixin.py:120} INFO - [2024-09-23T12:14:12.485+0000] {dagbag.py:537} INFO - Filling up the DagBag from /home/airflow/.local/lib/python3.7/site-packages/airflow/example_dags/example_kubernetes_executor.py
[2024-09-23T12:14:12.523+0000] {processor.py:766} INFO - DAG(s) dict_keys(['example_kubernetes_executor']) retrieved from /home/airflow/.local/lib/python3.7/site-packages/airflow/example_dags/example_kubernetes_executor.py
[2024-09-23T12:14:12.575+0000] {logging_mixin.py:120} INFO - [2024-09-23T12:14:12.574+0000] {dag.py:2585} INFO - Sync 1 DAGs
[2024-09-23T12:14:12.604+0000] {logging_mixin.py:120} INFO - [2024-09-23T12:14:12.604+0000] {dag.py:3340} INFO - Setting next_dagrun for example_kubernetes_executor to None, run_after=None
[2024-09-23T12:14:12.626+0000] {processor.py:176} INFO - Processing /home/airflow/.local/lib/python3.7/site-packages/airflow/example_dags/example_kubernetes_executor.py took 0.147 seconds
[2024-09-23T12:14:43.276+0000] {processor.py:154} INFO - Started process (PID=5552) to work on /home/airflow/.local/lib/python3.7/site-packages/airflow/example_dags/example_kubernetes_executor.py
[2024-09-23T12:14:43.278+0000] {processor.py:756} INFO - Processing file /home/airflow/.local/lib/python3.7/site-packages/airflow/example_dags/example_kubernetes_executor.py for tasks to queue
[2024-09-23T12:14:43.279+0000] {logging_mixin.py:120} INFO - [2024-09-23T12:14:43.279+0000] {dagbag.py:537} INFO - Filling up the DagBag from /home/airflow/.local/lib/python3.7/site-packages/airflow/example_dags/example_kubernetes_executor.py
[2024-09-23T12:14:43.317+0000] {processor.py:766} INFO - DAG(s) dict_keys(['example_kubernetes_executor']) retrieved from /home/airflow/.local/lib/python3.7/site-packages/airflow/example_dags/example_kubernetes_executor.py
[2024-09-23T12:14:43.368+0000] {logging_mixin.py:120} INFO - [2024-09-23T12:14:43.367+0000] {dag.py:2585} INFO - Sync 1 DAGs
[2024-09-23T12:14:43.396+0000] {logging_mixin.py:120} INFO - [2024-09-23T12:14:43.396+0000] {dag.py:3340} INFO - Setting next_dagrun for example_kubernetes_executor to None, run_after=None
[2024-09-23T12:14:43.419+0000] {processor.py:176} INFO - Processing /home/airflow/.local/lib/python3.7/site-packages/airflow/example_dags/example_kubernetes_executor.py took 0.148 seconds
[2024-09-23T12:15:14.116+0000] {processor.py:154} INFO - Started process (PID=5615) to work on /home/airflow/.local/lib/python3.7/site-packages/airflow/example_dags/example_kubernetes_executor.py
[2024-09-23T12:15:14.121+0000] {processor.py:756} INFO - Processing file /home/airflow/.local/lib/python3.7/site-packages/airflow/example_dags/example_kubernetes_executor.py for tasks to queue
[2024-09-23T12:15:14.122+0000] {logging_mixin.py:120} INFO - [2024-09-23T12:15:14.122+0000] {dagbag.py:537} INFO - Filling up the DagBag from /home/airflow/.local/lib/python3.7/site-packages/airflow/example_dags/example_kubernetes_executor.py
[2024-09-23T12:15:14.158+0000] {processor.py:766} INFO - DAG(s) dict_keys(['example_kubernetes_executor']) retrieved from /home/airflow/.local/lib/python3.7/site-packages/airflow/example_dags/example_kubernetes_executor.py
[2024-09-23T12:15:14.209+0000] {logging_mixin.py:120} INFO - [2024-09-23T12:15:14.209+0000] {dag.py:2585} INFO - Sync 1 DAGs
[2024-09-23T12:15:14.238+0000] {logging_mixin.py:120} INFO - [2024-09-23T12:15:14.238+0000] {dag.py:3340} INFO - Setting next_dagrun for example_kubernetes_executor to None, run_after=None
[2024-09-23T12:15:14.260+0000] {processor.py:176} INFO - Processing /home/airflow/.local/lib/python3.7/site-packages/airflow/example_dags/example_kubernetes_executor.py took 0.148 seconds
[2024-09-23T12:15:44.958+0000] {processor.py:154} INFO - Started process (PID=5668) to work on /home/airflow/.local/lib/python3.7/site-packages/airflow/example_dags/example_kubernetes_executor.py
[2024-09-23T12:15:44.961+0000] {processor.py:756} INFO - Processing file /home/airflow/.local/lib/python3.7/site-packages/airflow/example_dags/example_kubernetes_executor.py for tasks to queue
[2024-09-23T12:15:44.962+0000] {logging_mixin.py:120} INFO - [2024-09-23T12:15:44.962+0000] {dagbag.py:537} INFO - Filling up the DagBag from /home/airflow/.local/lib/python3.7/site-packages/airflow/example_dags/example_kubernetes_executor.py
[2024-09-23T12:15:44.996+0000] {processor.py:766} INFO - DAG(s) dict_keys(['example_kubernetes_executor']) retrieved from /home/airflow/.local/lib/python3.7/site-packages/airflow/example_dags/example_kubernetes_executor.py
[2024-09-23T12:15:45.044+0000] {logging_mixin.py:120} INFO - [2024-09-23T12:15:45.044+0000] {dag.py:2585} INFO - Sync 1 DAGs
[2024-09-23T12:15:45.076+0000] {logging_mixin.py:120} INFO - [2024-09-23T12:15:45.076+0000] {dag.py:3340} INFO - Setting next_dagrun for example_kubernetes_executor to None, run_after=None
[2024-09-23T12:15:45.098+0000] {processor.py:176} INFO - Processing /home/airflow/.local/lib/python3.7/site-packages/airflow/example_dags/example_kubernetes_executor.py took 0.144 seconds
[2024-09-23T12:16:15.670+0000] {processor.py:154} INFO - Started process (PID=5731) to work on /home/airflow/.local/lib/python3.7/site-packages/airflow/example_dags/example_kubernetes_executor.py
[2024-09-23T12:16:15.671+0000] {processor.py:756} INFO - Processing file /home/airflow/.local/lib/python3.7/site-packages/airflow/example_dags/example_kubernetes_executor.py for tasks to queue
[2024-09-23T12:16:15.673+0000] {logging_mixin.py:120} INFO - [2024-09-23T12:16:15.673+0000] {dagbag.py:537} INFO - Filling up the DagBag from /home/airflow/.local/lib/python3.7/site-packages/airflow/example_dags/example_kubernetes_executor.py
[2024-09-23T12:16:15.708+0000] {processor.py:766} INFO - DAG(s) dict_keys(['example_kubernetes_executor']) retrieved from /home/airflow/.local/lib/python3.7/site-packages/airflow/example_dags/example_kubernetes_executor.py
[2024-09-23T12:16:15.757+0000] {logging_mixin.py:120} INFO - [2024-09-23T12:16:15.757+0000] {dag.py:2585} INFO - Sync 1 DAGs
[2024-09-23T12:16:15.786+0000] {logging_mixin.py:120} INFO - [2024-09-23T12:16:15.786+0000] {dag.py:3340} INFO - Setting next_dagrun for example_kubernetes_executor to None, run_after=None
[2024-09-23T12:16:15.808+0000] {processor.py:176} INFO - Processing /home/airflow/.local/lib/python3.7/site-packages/airflow/example_dags/example_kubernetes_executor.py took 0.142 seconds
[2024-09-23T12:16:46.509+0000] {processor.py:154} INFO - Started process (PID=5794) to work on /home/airflow/.local/lib/python3.7/site-packages/airflow/example_dags/example_kubernetes_executor.py
[2024-09-23T12:16:46.510+0000] {processor.py:756} INFO - Processing file /home/airflow/.local/lib/python3.7/site-packages/airflow/example_dags/example_kubernetes_executor.py for tasks to queue
[2024-09-23T12:16:46.512+0000] {logging_mixin.py:120} INFO - [2024-09-23T12:16:46.511+0000] {dagbag.py:537} INFO - Filling up the DagBag from /home/airflow/.local/lib/python3.7/site-packages/airflow/example_dags/example_kubernetes_executor.py
[2024-09-23T12:16:46.552+0000] {processor.py:766} INFO - DAG(s) dict_keys(['example_kubernetes_executor']) retrieved from /home/airflow/.local/lib/python3.7/site-packages/airflow/example_dags/example_kubernetes_executor.py
[2024-09-23T12:16:46.609+0000] {logging_mixin.py:120} INFO - [2024-09-23T12:16:46.609+0000] {dag.py:2585} INFO - Sync 1 DAGs
[2024-09-23T12:16:46.640+0000] {logging_mixin.py:120} INFO - [2024-09-23T12:16:46.639+0000] {dag.py:3340} INFO - Setting next_dagrun for example_kubernetes_executor to None, run_after=None
[2024-09-23T12:16:46.663+0000] {processor.py:176} INFO - Processing /home/airflow/.local/lib/python3.7/site-packages/airflow/example_dags/example_kubernetes_executor.py took 0.158 seconds
[2024-09-23T12:17:17.224+0000] {processor.py:154} INFO - Started process (PID=5857) to work on /home/airflow/.local/lib/python3.7/site-packages/airflow/example_dags/example_kubernetes_executor.py
[2024-09-23T12:17:17.226+0000] {processor.py:756} INFO - Processing file /home/airflow/.local/lib/python3.7/site-packages/airflow/example_dags/example_kubernetes_executor.py for tasks to queue
[2024-09-23T12:17:17.227+0000] {logging_mixin.py:120} INFO - [2024-09-23T12:17:17.227+0000] {dagbag.py:537} INFO - Filling up the DagBag from /home/airflow/.local/lib/python3.7/site-packages/airflow/example_dags/example_kubernetes_executor.py
[2024-09-23T12:17:17.263+0000] {processor.py:766} INFO - DAG(s) dict_keys(['example_kubernetes_executor']) retrieved from /home/airflow/.local/lib/python3.7/site-packages/airflow/example_dags/example_kubernetes_executor.py
[2024-09-23T12:17:17.314+0000] {logging_mixin.py:120} INFO - [2024-09-23T12:17:17.314+0000] {dag.py:2585} INFO - Sync 1 DAGs
[2024-09-23T12:17:17.343+0000] {logging_mixin.py:120} INFO - [2024-09-23T12:17:17.343+0000] {dag.py:3340} INFO - Setting next_dagrun for example_kubernetes_executor to None, run_after=None
[2024-09-23T12:17:17.367+0000] {processor.py:176} INFO - Processing /home/airflow/.local/lib/python3.7/site-packages/airflow/example_dags/example_kubernetes_executor.py took 0.148 seconds
[2024-09-23T12:17:47.921+0000] {processor.py:154} INFO - Started process (PID=5911) to work on /home/airflow/.local/lib/python3.7/site-packages/airflow/example_dags/example_kubernetes_executor.py
[2024-09-23T12:17:47.922+0000] {processor.py:756} INFO - Processing file /home/airflow/.local/lib/python3.7/site-packages/airflow/example_dags/example_kubernetes_executor.py for tasks to queue
[2024-09-23T12:17:47.922+0000] {logging_mixin.py:120} INFO - [2024-09-23T12:17:47.922+0000] {dagbag.py:537} INFO - Filling up the DagBag from /home/airflow/.local/lib/python3.7/site-packages/airflow/example_dags/example_kubernetes_executor.py
[2024-09-23T12:17:47.952+0000] {processor.py:766} INFO - DAG(s) dict_keys(['example_kubernetes_executor']) retrieved from /home/airflow/.local/lib/python3.7/site-packages/airflow/example_dags/example_kubernetes_executor.py
[2024-09-23T12:17:48.001+0000] {logging_mixin.py:120} INFO - [2024-09-23T12:17:48.000+0000] {dag.py:2585} INFO - Sync 1 DAGs
[2024-09-23T12:17:48.029+0000] {logging_mixin.py:120} INFO - [2024-09-23T12:17:48.029+0000] {dag.py:3340} INFO - Setting next_dagrun for example_kubernetes_executor to None, run_after=None
[2024-09-23T12:17:48.053+0000] {processor.py:176} INFO - Processing /home/airflow/.local/lib/python3.7/site-packages/airflow/example_dags/example_kubernetes_executor.py took 0.136 seconds
[2024-09-23T12:18:18.446+0000] {processor.py:154} INFO - Started process (PID=5974) to work on /home/airflow/.local/lib/python3.7/site-packages/airflow/example_dags/example_kubernetes_executor.py
[2024-09-23T12:18:18.449+0000] {processor.py:756} INFO - Processing file /home/airflow/.local/lib/python3.7/site-packages/airflow/example_dags/example_kubernetes_executor.py for tasks to queue
[2024-09-23T12:18:18.450+0000] {logging_mixin.py:120} INFO - [2024-09-23T12:18:18.450+0000] {dagbag.py:537} INFO - Filling up the DagBag from /home/airflow/.local/lib/python3.7/site-packages/airflow/example_dags/example_kubernetes_executor.py
[2024-09-23T12:18:18.489+0000] {processor.py:766} INFO - DAG(s) dict_keys(['example_kubernetes_executor']) retrieved from /home/airflow/.local/lib/python3.7/site-packages/airflow/example_dags/example_kubernetes_executor.py
[2024-09-23T12:18:18.546+0000] {logging_mixin.py:120} INFO - [2024-09-23T12:18:18.545+0000] {dag.py:2585} INFO - Sync 1 DAGs
[2024-09-23T12:18:18.574+0000] {logging_mixin.py:120} INFO - [2024-09-23T12:18:18.574+0000] {dag.py:3340} INFO - Setting next_dagrun for example_kubernetes_executor to None, run_after=None
[2024-09-23T12:18:18.597+0000] {processor.py:176} INFO - Processing /home/airflow/.local/lib/python3.7/site-packages/airflow/example_dags/example_kubernetes_executor.py took 0.155 seconds
[2024-09-23T12:18:49.129+0000] {processor.py:154} INFO - Started process (PID=6037) to work on /home/airflow/.local/lib/python3.7/site-packages/airflow/example_dags/example_kubernetes_executor.py
[2024-09-23T12:18:49.132+0000] {processor.py:756} INFO - Processing file /home/airflow/.local/lib/python3.7/site-packages/airflow/example_dags/example_kubernetes_executor.py for tasks to queue
[2024-09-23T12:18:49.133+0000] {logging_mixin.py:120} INFO - [2024-09-23T12:18:49.133+0000] {dagbag.py:537} INFO - Filling up the DagBag from /home/airflow/.local/lib/python3.7/site-packages/airflow/example_dags/example_kubernetes_executor.py
[2024-09-23T12:18:49.171+0000] {processor.py:766} INFO - DAG(s) dict_keys(['example_kubernetes_executor']) retrieved from /home/airflow/.local/lib/python3.7/site-packages/airflow/example_dags/example_kubernetes_executor.py
[2024-09-23T12:18:49.222+0000] {logging_mixin.py:120} INFO - [2024-09-23T12:18:49.222+0000] {dag.py:2585} INFO - Sync 1 DAGs
[2024-09-23T12:18:49.251+0000] {logging_mixin.py:120} INFO - [2024-09-23T12:18:49.251+0000] {dag.py:3340} INFO - Setting next_dagrun for example_kubernetes_executor to None, run_after=None
[2024-09-23T12:18:49.272+0000] {processor.py:176} INFO - Processing /home/airflow/.local/lib/python3.7/site-packages/airflow/example_dags/example_kubernetes_executor.py took 0.148 seconds
[2024-09-23T12:19:19.923+0000] {processor.py:154} INFO - Started process (PID=6100) to work on /home/airflow/.local/lib/python3.7/site-packages/airflow/example_dags/example_kubernetes_executor.py
[2024-09-23T12:19:19.925+0000] {processor.py:756} INFO - Processing file /home/airflow/.local/lib/python3.7/site-packages/airflow/example_dags/example_kubernetes_executor.py for tasks to queue
[2024-09-23T12:19:19.925+0000] {logging_mixin.py:120} INFO - [2024-09-23T12:19:19.925+0000] {dagbag.py:537} INFO - Filling up the DagBag from /home/airflow/.local/lib/python3.7/site-packages/airflow/example_dags/example_kubernetes_executor.py
[2024-09-23T12:19:19.963+0000] {processor.py:766} INFO - DAG(s) dict_keys(['example_kubernetes_executor']) retrieved from /home/airflow/.local/lib/python3.7/site-packages/airflow/example_dags/example_kubernetes_executor.py
[2024-09-23T12:19:20.012+0000] {logging_mixin.py:120} INFO - [2024-09-23T12:19:20.012+0000] {dag.py:2585} INFO - Sync 1 DAGs
[2024-09-23T12:19:20.041+0000] {logging_mixin.py:120} INFO - [2024-09-23T12:19:20.041+0000] {dag.py:3340} INFO - Setting next_dagrun for example_kubernetes_executor to None, run_after=None
[2024-09-23T12:19:20.064+0000] {processor.py:176} INFO - Processing /home/airflow/.local/lib/python3.7/site-packages/airflow/example_dags/example_kubernetes_executor.py took 0.145 seconds
[2024-09-23T12:19:50.724+0000] {processor.py:154} INFO - Started process (PID=6154) to work on /home/airflow/.local/lib/python3.7/site-packages/airflow/example_dags/example_kubernetes_executor.py
[2024-09-23T12:19:50.725+0000] {processor.py:756} INFO - Processing file /home/airflow/.local/lib/python3.7/site-packages/airflow/example_dags/example_kubernetes_executor.py for tasks to queue
[2024-09-23T12:19:50.726+0000] {logging_mixin.py:120} INFO - [2024-09-23T12:19:50.726+0000] {dagbag.py:537} INFO - Filling up the DagBag from /home/airflow/.local/lib/python3.7/site-packages/airflow/example_dags/example_kubernetes_executor.py
[2024-09-23T12:19:50.764+0000] {processor.py:766} INFO - DAG(s) dict_keys(['example_kubernetes_executor']) retrieved from /home/airflow/.local/lib/python3.7/site-packages/airflow/example_dags/example_kubernetes_executor.py
[2024-09-23T12:19:50.813+0000] {logging_mixin.py:120} INFO - [2024-09-23T12:19:50.813+0000] {dag.py:2585} INFO - Sync 1 DAGs
[2024-09-23T12:19:50.845+0000] {logging_mixin.py:120} INFO - [2024-09-23T12:19:50.845+0000] {dag.py:3340} INFO - Setting next_dagrun for example_kubernetes_executor to None, run_after=None
[2024-09-23T12:19:50.869+0000] {processor.py:176} INFO - Processing /home/airflow/.local/lib/python3.7/site-packages/airflow/example_dags/example_kubernetes_executor.py took 0.149 seconds
[2024-09-23T12:20:21.374+0000] {processor.py:154} INFO - Started process (PID=6217) to work on /home/airflow/.local/lib/python3.7/site-packages/airflow/example_dags/example_kubernetes_executor.py
[2024-09-23T12:20:21.377+0000] {processor.py:756} INFO - Processing file /home/airflow/.local/lib/python3.7/site-packages/airflow/example_dags/example_kubernetes_executor.py for tasks to queue
[2024-09-23T12:20:21.377+0000] {logging_mixin.py:120} INFO - [2024-09-23T12:20:21.377+0000] {dagbag.py:537} INFO - Filling up the DagBag from /home/airflow/.local/lib/python3.7/site-packages/airflow/example_dags/example_kubernetes_executor.py
[2024-09-23T12:20:21.407+0000] {processor.py:766} INFO - DAG(s) dict_keys(['example_kubernetes_executor']) retrieved from /home/airflow/.local/lib/python3.7/site-packages/airflow/example_dags/example_kubernetes_executor.py
[2024-09-23T12:20:21.458+0000] {logging_mixin.py:120} INFO - [2024-09-23T12:20:21.458+0000] {dag.py:2585} INFO - Sync 1 DAGs
[2024-09-23T12:20:21.487+0000] {logging_mixin.py:120} INFO - [2024-09-23T12:20:21.487+0000] {dag.py:3340} INFO - Setting next_dagrun for example_kubernetes_executor to None, run_after=None
[2024-09-23T12:20:21.511+0000] {processor.py:176} INFO - Processing /home/airflow/.local/lib/python3.7/site-packages/airflow/example_dags/example_kubernetes_executor.py took 0.141 seconds
[2024-09-23T12:20:52.261+0000] {processor.py:154} INFO - Started process (PID=6280) to work on /home/airflow/.local/lib/python3.7/site-packages/airflow/example_dags/example_kubernetes_executor.py
[2024-09-23T12:20:52.263+0000] {processor.py:756} INFO - Processing file /home/airflow/.local/lib/python3.7/site-packages/airflow/example_dags/example_kubernetes_executor.py for tasks to queue
[2024-09-23T12:20:52.264+0000] {logging_mixin.py:120} INFO - [2024-09-23T12:20:52.263+0000] {dagbag.py:537} INFO - Filling up the DagBag from /home/airflow/.local/lib/python3.7/site-packages/airflow/example_dags/example_kubernetes_executor.py
[2024-09-23T12:20:52.300+0000] {processor.py:766} INFO - DAG(s) dict_keys(['example_kubernetes_executor']) retrieved from /home/airflow/.local/lib/python3.7/site-packages/airflow/example_dags/example_kubernetes_executor.py
[2024-09-23T12:20:52.350+0000] {logging_mixin.py:120} INFO - [2024-09-23T12:20:52.350+0000] {dag.py:2585} INFO - Sync 1 DAGs
[2024-09-23T12:20:52.378+0000] {logging_mixin.py:120} INFO - [2024-09-23T12:20:52.378+0000] {dag.py:3340} INFO - Setting next_dagrun for example_kubernetes_executor to None, run_after=None
[2024-09-23T12:20:52.400+0000] {processor.py:176} INFO - Processing /home/airflow/.local/lib/python3.7/site-packages/airflow/example_dags/example_kubernetes_executor.py took 0.143 seconds
[2024-09-23T12:21:23.015+0000] {processor.py:154} INFO - Started process (PID=6343) to work on /home/airflow/.local/lib/python3.7/site-packages/airflow/example_dags/example_kubernetes_executor.py
[2024-09-23T12:21:23.017+0000] {processor.py:756} INFO - Processing file /home/airflow/.local/lib/python3.7/site-packages/airflow/example_dags/example_kubernetes_executor.py for tasks to queue
[2024-09-23T12:21:23.018+0000] {logging_mixin.py:120} INFO - [2024-09-23T12:21:23.018+0000] {dagbag.py:537} INFO - Filling up the DagBag from /home/airflow/.local/lib/python3.7/site-packages/airflow/example_dags/example_kubernetes_executor.py
[2024-09-23T12:21:23.056+0000] {processor.py:766} INFO - DAG(s) dict_keys(['example_kubernetes_executor']) retrieved from /home/airflow/.local/lib/python3.7/site-packages/airflow/example_dags/example_kubernetes_executor.py
[2024-09-23T12:21:23.105+0000] {logging_mixin.py:120} INFO - [2024-09-23T12:21:23.105+0000] {dag.py:2585} INFO - Sync 1 DAGs
[2024-09-23T12:21:23.135+0000] {logging_mixin.py:120} INFO - [2024-09-23T12:21:23.135+0000] {dag.py:3340} INFO - Setting next_dagrun for example_kubernetes_executor to None, run_after=None
[2024-09-23T12:21:23.157+0000] {processor.py:176} INFO - Processing /home/airflow/.local/lib/python3.7/site-packages/airflow/example_dags/example_kubernetes_executor.py took 0.147 seconds
[2024-09-23T12:21:53.816+0000] {processor.py:154} INFO - Started process (PID=6397) to work on /home/airflow/.local/lib/python3.7/site-packages/airflow/example_dags/example_kubernetes_executor.py
[2024-09-23T12:21:53.818+0000] {processor.py:756} INFO - Processing file /home/airflow/.local/lib/python3.7/site-packages/airflow/example_dags/example_kubernetes_executor.py for tasks to queue
[2024-09-23T12:21:53.819+0000] {logging_mixin.py:120} INFO - [2024-09-23T12:21:53.819+0000] {dagbag.py:537} INFO - Filling up the DagBag from /home/airflow/.local/lib/python3.7/site-packages/airflow/example_dags/example_kubernetes_executor.py
[2024-09-23T12:21:53.856+0000] {processor.py:766} INFO - DAG(s) dict_keys(['example_kubernetes_executor']) retrieved from /home/airflow/.local/lib/python3.7/site-packages/airflow/example_dags/example_kubernetes_executor.py
[2024-09-23T12:21:53.907+0000] {logging_mixin.py:120} INFO - [2024-09-23T12:21:53.906+0000] {dag.py:2585} INFO - Sync 1 DAGs
[2024-09-23T12:21:53.939+0000] {logging_mixin.py:120} INFO - [2024-09-23T12:21:53.939+0000] {dag.py:3340} INFO - Setting next_dagrun for example_kubernetes_executor to None, run_after=None
[2024-09-23T12:21:53.963+0000] {processor.py:176} INFO - Processing /home/airflow/.local/lib/python3.7/site-packages/airflow/example_dags/example_kubernetes_executor.py took 0.151 seconds
[2024-09-23T12:22:24.509+0000] {processor.py:154} INFO - Started process (PID=6460) to work on /home/airflow/.local/lib/python3.7/site-packages/airflow/example_dags/example_kubernetes_executor.py
[2024-09-23T12:22:24.511+0000] {processor.py:756} INFO - Processing file /home/airflow/.local/lib/python3.7/site-packages/airflow/example_dags/example_kubernetes_executor.py for tasks to queue
[2024-09-23T12:22:24.512+0000] {logging_mixin.py:120} INFO - [2024-09-23T12:22:24.512+0000] {dagbag.py:537} INFO - Filling up the DagBag from /home/airflow/.local/lib/python3.7/site-packages/airflow/example_dags/example_kubernetes_executor.py
[2024-09-23T12:22:24.552+0000] {processor.py:766} INFO - DAG(s) dict_keys(['example_kubernetes_executor']) retrieved from /home/airflow/.local/lib/python3.7/site-packages/airflow/example_dags/example_kubernetes_executor.py
[2024-09-23T12:22:24.607+0000] {logging_mixin.py:120} INFO - [2024-09-23T12:22:24.607+0000] {dag.py:2585} INFO - Sync 1 DAGs
[2024-09-23T12:22:24.642+0000] {logging_mixin.py:120} INFO - [2024-09-23T12:22:24.641+0000] {dag.py:3340} INFO - Setting next_dagrun for example_kubernetes_executor to None, run_after=None
[2024-09-23T12:22:24.673+0000] {processor.py:176} INFO - Processing /home/airflow/.local/lib/python3.7/site-packages/airflow/example_dags/example_kubernetes_executor.py took 0.168 seconds
[2024-09-23T12:22:55.217+0000] {processor.py:154} INFO - Started process (PID=6523) to work on /home/airflow/.local/lib/python3.7/site-packages/airflow/example_dags/example_kubernetes_executor.py
[2024-09-23T12:22:55.219+0000] {processor.py:756} INFO - Processing file /home/airflow/.local/lib/python3.7/site-packages/airflow/example_dags/example_kubernetes_executor.py for tasks to queue
[2024-09-23T12:22:55.221+0000] {logging_mixin.py:120} INFO - [2024-09-23T12:22:55.221+0000] {dagbag.py:537} INFO - Filling up the DagBag from /home/airflow/.local/lib/python3.7/site-packages/airflow/example_dags/example_kubernetes_executor.py
[2024-09-23T12:22:55.258+0000] {processor.py:766} INFO - DAG(s) dict_keys(['example_kubernetes_executor']) retrieved from /home/airflow/.local/lib/python3.7/site-packages/airflow/example_dags/example_kubernetes_executor.py
[2024-09-23T12:22:55.310+0000] {logging_mixin.py:120} INFO - [2024-09-23T12:22:55.310+0000] {dag.py:2585} INFO - Sync 1 DAGs
[2024-09-23T12:22:55.339+0000] {logging_mixin.py:120} INFO - [2024-09-23T12:22:55.339+0000] {dag.py:3340} INFO - Setting next_dagrun for example_kubernetes_executor to None, run_after=None
[2024-09-23T12:22:55.361+0000] {processor.py:176} INFO - Processing /home/airflow/.local/lib/python3.7/site-packages/airflow/example_dags/example_kubernetes_executor.py took 0.148 seconds
[2024-09-23T12:23:25.890+0000] {processor.py:154} INFO - Started process (PID=6587) to work on /home/airflow/.local/lib/python3.7/site-packages/airflow/example_dags/example_kubernetes_executor.py
[2024-09-23T12:23:25.891+0000] {processor.py:756} INFO - Processing file /home/airflow/.local/lib/python3.7/site-packages/airflow/example_dags/example_kubernetes_executor.py for tasks to queue
[2024-09-23T12:23:25.893+0000] {logging_mixin.py:120} INFO - [2024-09-23T12:23:25.892+0000] {dagbag.py:537} INFO - Filling up the DagBag from /home/airflow/.local/lib/python3.7/site-packages/airflow/example_dags/example_kubernetes_executor.py
[2024-09-23T12:23:25.930+0000] {processor.py:766} INFO - DAG(s) dict_keys(['example_kubernetes_executor']) retrieved from /home/airflow/.local/lib/python3.7/site-packages/airflow/example_dags/example_kubernetes_executor.py
[2024-09-23T12:23:25.982+0000] {logging_mixin.py:120} INFO - [2024-09-23T12:23:25.981+0000] {dag.py:2585} INFO - Sync 1 DAGs
[2024-09-23T12:23:26.011+0000] {logging_mixin.py:120} INFO - [2024-09-23T12:23:26.011+0000] {dag.py:3340} INFO - Setting next_dagrun for example_kubernetes_executor to None, run_after=None
[2024-09-23T12:23:26.036+0000] {processor.py:176} INFO - Processing /home/airflow/.local/lib/python3.7/site-packages/airflow/example_dags/example_kubernetes_executor.py took 0.150 seconds
[2024-09-23T12:23:56.564+0000] {processor.py:154} INFO - Started process (PID=6641) to work on /home/airflow/.local/lib/python3.7/site-packages/airflow/example_dags/example_kubernetes_executor.py
[2024-09-23T12:23:56.565+0000] {processor.py:756} INFO - Processing file /home/airflow/.local/lib/python3.7/site-packages/airflow/example_dags/example_kubernetes_executor.py for tasks to queue
[2024-09-23T12:23:56.566+0000] {logging_mixin.py:120} INFO - [2024-09-23T12:23:56.566+0000] {dagbag.py:537} INFO - Filling up the DagBag from /home/airflow/.local/lib/python3.7/site-packages/airflow/example_dags/example_kubernetes_executor.py
[2024-09-23T12:23:56.600+0000] {processor.py:766} INFO - DAG(s) dict_keys(['example_kubernetes_executor']) retrieved from /home/airflow/.local/lib/python3.7/site-packages/airflow/example_dags/example_kubernetes_executor.py
[2024-09-23T12:23:56.650+0000] {logging_mixin.py:120} INFO - [2024-09-23T12:23:56.650+0000] {dag.py:2585} INFO - Sync 1 DAGs
[2024-09-23T12:23:56.680+0000] {logging_mixin.py:120} INFO - [2024-09-23T12:23:56.680+0000] {dag.py:3340} INFO - Setting next_dagrun for example_kubernetes_executor to None, run_after=None
[2024-09-23T12:23:56.702+0000] {processor.py:176} INFO - Processing /home/airflow/.local/lib/python3.7/site-packages/airflow/example_dags/example_kubernetes_executor.py took 0.142 seconds
[2024-09-23T12:24:27.390+0000] {processor.py:154} INFO - Started process (PID=6704) to work on /home/airflow/.local/lib/python3.7/site-packages/airflow/example_dags/example_kubernetes_executor.py
[2024-09-23T12:24:27.391+0000] {processor.py:756} INFO - Processing file /home/airflow/.local/lib/python3.7/site-packages/airflow/example_dags/example_kubernetes_executor.py for tasks to queue
[2024-09-23T12:24:27.392+0000] {logging_mixin.py:120} INFO - [2024-09-23T12:24:27.392+0000] {dagbag.py:537} INFO - Filling up the DagBag from /home/airflow/.local/lib/python3.7/site-packages/airflow/example_dags/example_kubernetes_executor.py
[2024-09-23T12:24:27.429+0000] {processor.py:766} INFO - DAG(s) dict_keys(['example_kubernetes_executor']) retrieved from /home/airflow/.local/lib/python3.7/site-packages/airflow/example_dags/example_kubernetes_executor.py
[2024-09-23T12:24:27.481+0000] {logging_mixin.py:120} INFO - [2024-09-23T12:24:27.481+0000] {dag.py:2585} INFO - Sync 1 DAGs
[2024-09-23T12:24:27.512+0000] {logging_mixin.py:120} INFO - [2024-09-23T12:24:27.512+0000] {dag.py:3340} INFO - Setting next_dagrun for example_kubernetes_executor to None, run_after=None
[2024-09-23T12:24:27.536+0000] {processor.py:176} INFO - Processing /home/airflow/.local/lib/python3.7/site-packages/airflow/example_dags/example_kubernetes_executor.py took 0.150 seconds
[2024-09-23T12:24:58.135+0000] {processor.py:154} INFO - Started process (PID=6767) to work on /home/airflow/.local/lib/python3.7/site-packages/airflow/example_dags/example_kubernetes_executor.py
[2024-09-23T12:24:58.137+0000] {processor.py:756} INFO - Processing file /home/airflow/.local/lib/python3.7/site-packages/airflow/example_dags/example_kubernetes_executor.py for tasks to queue
[2024-09-23T12:24:58.138+0000] {logging_mixin.py:120} INFO - [2024-09-23T12:24:58.138+0000] {dagbag.py:537} INFO - Filling up the DagBag from /home/airflow/.local/lib/python3.7/site-packages/airflow/example_dags/example_kubernetes_executor.py
[2024-09-23T12:24:58.174+0000] {processor.py:766} INFO - DAG(s) dict_keys(['example_kubernetes_executor']) retrieved from /home/airflow/.local/lib/python3.7/site-packages/airflow/example_dags/example_kubernetes_executor.py
[2024-09-23T12:24:58.228+0000] {logging_mixin.py:120} INFO - [2024-09-23T12:24:58.227+0000] {dag.py:2585} INFO - Sync 1 DAGs
[2024-09-23T12:24:58.256+0000] {logging_mixin.py:120} INFO - [2024-09-23T12:24:58.256+0000] {dag.py:3340} INFO - Setting next_dagrun for example_kubernetes_executor to None, run_after=None
[2024-09-23T12:24:58.279+0000] {processor.py:176} INFO - Processing /home/airflow/.local/lib/python3.7/site-packages/airflow/example_dags/example_kubernetes_executor.py took 0.148 seconds
[2024-09-23T12:25:28.824+0000] {processor.py:154} INFO - Started process (PID=6829) to work on /home/airflow/.local/lib/python3.7/site-packages/airflow/example_dags/example_kubernetes_executor.py
[2024-09-23T12:25:28.825+0000] {processor.py:756} INFO - Processing file /home/airflow/.local/lib/python3.7/site-packages/airflow/example_dags/example_kubernetes_executor.py for tasks to queue
[2024-09-23T12:25:28.826+0000] {logging_mixin.py:120} INFO - [2024-09-23T12:25:28.826+0000] {dagbag.py:537} INFO - Filling up the DagBag from /home/airflow/.local/lib/python3.7/site-packages/airflow/example_dags/example_kubernetes_executor.py
[2024-09-23T12:25:28.861+0000] {processor.py:766} INFO - DAG(s) dict_keys(['example_kubernetes_executor']) retrieved from /home/airflow/.local/lib/python3.7/site-packages/airflow/example_dags/example_kubernetes_executor.py
[2024-09-23T12:25:28.915+0000] {logging_mixin.py:120} INFO - [2024-09-23T12:25:28.915+0000] {dag.py:2585} INFO - Sync 1 DAGs
[2024-09-23T12:25:28.949+0000] {logging_mixin.py:120} INFO - [2024-09-23T12:25:28.948+0000] {dag.py:3340} INFO - Setting next_dagrun for example_kubernetes_executor to None, run_after=None
[2024-09-23T12:25:28.975+0000] {processor.py:176} INFO - Processing /home/airflow/.local/lib/python3.7/site-packages/airflow/example_dags/example_kubernetes_executor.py took 0.155 seconds
[2024-09-23T12:25:59.541+0000] {processor.py:154} INFO - Started process (PID=6883) to work on /home/airflow/.local/lib/python3.7/site-packages/airflow/example_dags/example_kubernetes_executor.py
[2024-09-23T12:25:59.543+0000] {processor.py:756} INFO - Processing file /home/airflow/.local/lib/python3.7/site-packages/airflow/example_dags/example_kubernetes_executor.py for tasks to queue
[2024-09-23T12:25:59.544+0000] {logging_mixin.py:120} INFO - [2024-09-23T12:25:59.544+0000] {dagbag.py:537} INFO - Filling up the DagBag from /home/airflow/.local/lib/python3.7/site-packages/airflow/example_dags/example_kubernetes_executor.py
[2024-09-23T12:25:59.582+0000] {processor.py:766} INFO - DAG(s) dict_keys(['example_kubernetes_executor']) retrieved from /home/airflow/.local/lib/python3.7/site-packages/airflow/example_dags/example_kubernetes_executor.py
[2024-09-23T12:25:59.665+0000] {logging_mixin.py:120} INFO - [2024-09-23T12:25:59.665+0000] {dag.py:2585} INFO - Sync 1 DAGs
[2024-09-23T12:25:59.701+0000] {logging_mixin.py:120} INFO - [2024-09-23T12:25:59.701+0000] {dag.py:3340} INFO - Setting next_dagrun for example_kubernetes_executor to None, run_after=None
[2024-09-23T12:25:59.729+0000] {processor.py:176} INFO - Processing /home/airflow/.local/lib/python3.7/site-packages/airflow/example_dags/example_kubernetes_executor.py took 0.193 seconds
[2024-09-23T12:26:30.302+0000] {processor.py:154} INFO - Started process (PID=6945) to work on /home/airflow/.local/lib/python3.7/site-packages/airflow/example_dags/example_kubernetes_executor.py
[2024-09-23T12:26:30.304+0000] {processor.py:756} INFO - Processing file /home/airflow/.local/lib/python3.7/site-packages/airflow/example_dags/example_kubernetes_executor.py for tasks to queue
[2024-09-23T12:26:30.305+0000] {logging_mixin.py:120} INFO - [2024-09-23T12:26:30.305+0000] {dagbag.py:537} INFO - Filling up the DagBag from /home/airflow/.local/lib/python3.7/site-packages/airflow/example_dags/example_kubernetes_executor.py
[2024-09-23T12:26:30.342+0000] {processor.py:766} INFO - DAG(s) dict_keys(['example_kubernetes_executor']) retrieved from /home/airflow/.local/lib/python3.7/site-packages/airflow/example_dags/example_kubernetes_executor.py
[2024-09-23T12:26:30.392+0000] {logging_mixin.py:120} INFO - [2024-09-23T12:26:30.392+0000] {dag.py:2585} INFO - Sync 1 DAGs
[2024-09-23T12:26:30.421+0000] {logging_mixin.py:120} INFO - [2024-09-23T12:26:30.421+0000] {dag.py:3340} INFO - Setting next_dagrun for example_kubernetes_executor to None, run_after=None
[2024-09-23T12:26:30.443+0000] {processor.py:176} INFO - Processing /home/airflow/.local/lib/python3.7/site-packages/airflow/example_dags/example_kubernetes_executor.py took 0.146 seconds
[2024-09-23T12:27:00.998+0000] {processor.py:154} INFO - Started process (PID=7008) to work on /home/airflow/.local/lib/python3.7/site-packages/airflow/example_dags/example_kubernetes_executor.py
[2024-09-23T12:27:01.000+0000] {processor.py:756} INFO - Processing file /home/airflow/.local/lib/python3.7/site-packages/airflow/example_dags/example_kubernetes_executor.py for tasks to queue
[2024-09-23T12:27:01.001+0000] {logging_mixin.py:120} INFO - [2024-09-23T12:27:01.001+0000] {dagbag.py:537} INFO - Filling up the DagBag from /home/airflow/.local/lib/python3.7/site-packages/airflow/example_dags/example_kubernetes_executor.py
[2024-09-23T12:27:01.037+0000] {processor.py:766} INFO - DAG(s) dict_keys(['example_kubernetes_executor']) retrieved from /home/airflow/.local/lib/python3.7/site-packages/airflow/example_dags/example_kubernetes_executor.py
[2024-09-23T12:27:01.090+0000] {logging_mixin.py:120} INFO - [2024-09-23T12:27:01.090+0000] {dag.py:2585} INFO - Sync 1 DAGs
[2024-09-23T12:27:01.119+0000] {logging_mixin.py:120} INFO - [2024-09-23T12:27:01.119+0000] {dag.py:3340} INFO - Setting next_dagrun for example_kubernetes_executor to None, run_after=None
[2024-09-23T12:27:01.142+0000] {processor.py:176} INFO - Processing /home/airflow/.local/lib/python3.7/site-packages/airflow/example_dags/example_kubernetes_executor.py took 0.148 seconds
[2024-09-23T12:27:31.850+0000] {processor.py:154} INFO - Started process (PID=7062) to work on /home/airflow/.local/lib/python3.7/site-packages/airflow/example_dags/example_kubernetes_executor.py
[2024-09-23T12:27:31.852+0000] {processor.py:756} INFO - Processing file /home/airflow/.local/lib/python3.7/site-packages/airflow/example_dags/example_kubernetes_executor.py for tasks to queue
[2024-09-23T12:27:31.853+0000] {logging_mixin.py:120} INFO - [2024-09-23T12:27:31.853+0000] {dagbag.py:537} INFO - Filling up the DagBag from /home/airflow/.local/lib/python3.7/site-packages/airflow/example_dags/example_kubernetes_executor.py
[2024-09-23T12:27:31.889+0000] {processor.py:766} INFO - DAG(s) dict_keys(['example_kubernetes_executor']) retrieved from /home/airflow/.local/lib/python3.7/site-packages/airflow/example_dags/example_kubernetes_executor.py
[2024-09-23T12:27:31.939+0000] {logging_mixin.py:120} INFO - [2024-09-23T12:27:31.939+0000] {dag.py:2585} INFO - Sync 1 DAGs
[2024-09-23T12:27:31.968+0000] {logging_mixin.py:120} INFO - [2024-09-23T12:27:31.968+0000] {dag.py:3340} INFO - Setting next_dagrun for example_kubernetes_executor to None, run_after=None
[2024-09-23T12:27:31.991+0000] {processor.py:176} INFO - Processing /home/airflow/.local/lib/python3.7/site-packages/airflow/example_dags/example_kubernetes_executor.py took 0.146 seconds
[2024-09-23T12:28:02.494+0000] {processor.py:154} INFO - Started process (PID=7124) to work on /home/airflow/.local/lib/python3.7/site-packages/airflow/example_dags/example_kubernetes_executor.py
[2024-09-23T12:28:02.496+0000] {processor.py:756} INFO - Processing file /home/airflow/.local/lib/python3.7/site-packages/airflow/example_dags/example_kubernetes_executor.py for tasks to queue
[2024-09-23T12:28:02.497+0000] {logging_mixin.py:120} INFO - [2024-09-23T12:28:02.496+0000] {dagbag.py:537} INFO - Filling up the DagBag from /home/airflow/.local/lib/python3.7/site-packages/airflow/example_dags/example_kubernetes_executor.py
[2024-09-23T12:28:02.531+0000] {processor.py:766} INFO - DAG(s) dict_keys(['example_kubernetes_executor']) retrieved from /home/airflow/.local/lib/python3.7/site-packages/airflow/example_dags/example_kubernetes_executor.py
[2024-09-23T12:28:02.583+0000] {logging_mixin.py:120} INFO - [2024-09-23T12:28:02.582+0000] {dag.py:2585} INFO - Sync 1 DAGs
[2024-09-23T12:28:02.617+0000] {logging_mixin.py:120} INFO - [2024-09-23T12:28:02.617+0000] {dag.py:3340} INFO - Setting next_dagrun for example_kubernetes_executor to None, run_after=None
[2024-09-23T12:28:02.641+0000] {processor.py:176} INFO - Processing /home/airflow/.local/lib/python3.7/site-packages/airflow/example_dags/example_kubernetes_executor.py took 0.152 seconds
[2024-09-23T12:28:33.018+0000] {processor.py:154} INFO - Started process (PID=7187) to work on /home/airflow/.local/lib/python3.7/site-packages/airflow/example_dags/example_kubernetes_executor.py
[2024-09-23T12:28:33.022+0000] {processor.py:756} INFO - Processing file /home/airflow/.local/lib/python3.7/site-packages/airflow/example_dags/example_kubernetes_executor.py for tasks to queue
[2024-09-23T12:28:33.023+0000] {logging_mixin.py:120} INFO - [2024-09-23T12:28:33.023+0000] {dagbag.py:537} INFO - Filling up the DagBag from /home/airflow/.local/lib/python3.7/site-packages/airflow/example_dags/example_kubernetes_executor.py
[2024-09-23T12:28:33.059+0000] {processor.py:766} INFO - DAG(s) dict_keys(['example_kubernetes_executor']) retrieved from /home/airflow/.local/lib/python3.7/site-packages/airflow/example_dags/example_kubernetes_executor.py
[2024-09-23T12:28:33.109+0000] {logging_mixin.py:120} INFO - [2024-09-23T12:28:33.109+0000] {dag.py:2585} INFO - Sync 1 DAGs
[2024-09-23T12:28:33.139+0000] {logging_mixin.py:120} INFO - [2024-09-23T12:28:33.138+0000] {dag.py:3340} INFO - Setting next_dagrun for example_kubernetes_executor to None, run_after=None
[2024-09-23T12:28:33.160+0000] {processor.py:176} INFO - Processing /home/airflow/.local/lib/python3.7/site-packages/airflow/example_dags/example_kubernetes_executor.py took 0.147 seconds
[2024-09-23T12:29:03.827+0000] {processor.py:154} INFO - Started process (PID=7249) to work on /home/airflow/.local/lib/python3.7/site-packages/airflow/example_dags/example_kubernetes_executor.py
[2024-09-23T12:29:03.829+0000] {processor.py:756} INFO - Processing file /home/airflow/.local/lib/python3.7/site-packages/airflow/example_dags/example_kubernetes_executor.py for tasks to queue
[2024-09-23T12:29:03.830+0000] {logging_mixin.py:120} INFO - [2024-09-23T12:29:03.830+0000] {dagbag.py:537} INFO - Filling up the DagBag from /home/airflow/.local/lib/python3.7/site-packages/airflow/example_dags/example_kubernetes_executor.py
[2024-09-23T12:29:03.866+0000] {processor.py:766} INFO - DAG(s) dict_keys(['example_kubernetes_executor']) retrieved from /home/airflow/.local/lib/python3.7/site-packages/airflow/example_dags/example_kubernetes_executor.py
[2024-09-23T12:29:03.919+0000] {logging_mixin.py:120} INFO - [2024-09-23T12:29:03.918+0000] {dag.py:2585} INFO - Sync 1 DAGs
[2024-09-23T12:29:03.950+0000] {logging_mixin.py:120} INFO - [2024-09-23T12:29:03.950+0000] {dag.py:3340} INFO - Setting next_dagrun for example_kubernetes_executor to None, run_after=None
[2024-09-23T12:29:03.973+0000] {processor.py:176} INFO - Processing /home/airflow/.local/lib/python3.7/site-packages/airflow/example_dags/example_kubernetes_executor.py took 0.151 seconds
[2024-09-23T12:29:34.586+0000] {processor.py:154} INFO - Started process (PID=7303) to work on /home/airflow/.local/lib/python3.7/site-packages/airflow/example_dags/example_kubernetes_executor.py
[2024-09-23T12:29:34.588+0000] {processor.py:756} INFO - Processing file /home/airflow/.local/lib/python3.7/site-packages/airflow/example_dags/example_kubernetes_executor.py for tasks to queue
[2024-09-23T12:29:34.589+0000] {logging_mixin.py:120} INFO - [2024-09-23T12:29:34.589+0000] {dagbag.py:537} INFO - Filling up the DagBag from /home/airflow/.local/lib/python3.7/site-packages/airflow/example_dags/example_kubernetes_executor.py
[2024-09-23T12:29:34.627+0000] {processor.py:766} INFO - DAG(s) dict_keys(['example_kubernetes_executor']) retrieved from /home/airflow/.local/lib/python3.7/site-packages/airflow/example_dags/example_kubernetes_executor.py
[2024-09-23T12:29:34.683+0000] {logging_mixin.py:120} INFO - [2024-09-23T12:29:34.683+0000] {dag.py:2585} INFO - Sync 1 DAGs
[2024-09-23T12:29:34.719+0000] {logging_mixin.py:120} INFO - [2024-09-23T12:29:34.719+0000] {dag.py:3340} INFO - Setting next_dagrun for example_kubernetes_executor to None, run_after=None
[2024-09-23T12:29:34.747+0000] {processor.py:176} INFO - Processing /home/airflow/.local/lib/python3.7/site-packages/airflow/example_dags/example_kubernetes_executor.py took 0.165 seconds
[2024-09-23T12:30:05.319+0000] {processor.py:154} INFO - Started process (PID=7366) to work on /home/airflow/.local/lib/python3.7/site-packages/airflow/example_dags/example_kubernetes_executor.py
[2024-09-23T12:30:05.320+0000] {processor.py:756} INFO - Processing file /home/airflow/.local/lib/python3.7/site-packages/airflow/example_dags/example_kubernetes_executor.py for tasks to queue
[2024-09-23T12:30:05.321+0000] {logging_mixin.py:120} INFO - [2024-09-23T12:30:05.321+0000] {dagbag.py:537} INFO - Filling up the DagBag from /home/airflow/.local/lib/python3.7/site-packages/airflow/example_dags/example_kubernetes_executor.py
[2024-09-23T12:30:05.359+0000] {processor.py:766} INFO - DAG(s) dict_keys(['example_kubernetes_executor']) retrieved from /home/airflow/.local/lib/python3.7/site-packages/airflow/example_dags/example_kubernetes_executor.py
[2024-09-23T12:30:05.407+0000] {logging_mixin.py:120} INFO - [2024-09-23T12:30:05.407+0000] {dag.py:2585} INFO - Sync 1 DAGs
[2024-09-23T12:30:05.437+0000] {logging_mixin.py:120} INFO - [2024-09-23T12:30:05.437+0000] {dag.py:3340} INFO - Setting next_dagrun for example_kubernetes_executor to None, run_after=None
[2024-09-23T12:30:05.462+0000] {processor.py:176} INFO - Processing /home/airflow/.local/lib/python3.7/site-packages/airflow/example_dags/example_kubernetes_executor.py took 0.147 seconds
[2024-09-23T12:30:36.175+0000] {processor.py:154} INFO - Started process (PID=7429) to work on /home/airflow/.local/lib/python3.7/site-packages/airflow/example_dags/example_kubernetes_executor.py
[2024-09-23T12:30:36.176+0000] {processor.py:756} INFO - Processing file /home/airflow/.local/lib/python3.7/site-packages/airflow/example_dags/example_kubernetes_executor.py for tasks to queue
[2024-09-23T12:30:36.177+0000] {logging_mixin.py:120} INFO - [2024-09-23T12:30:36.177+0000] {dagbag.py:537} INFO - Filling up the DagBag from /home/airflow/.local/lib/python3.7/site-packages/airflow/example_dags/example_kubernetes_executor.py
[2024-09-23T12:30:36.213+0000] {processor.py:766} INFO - DAG(s) dict_keys(['example_kubernetes_executor']) retrieved from /home/airflow/.local/lib/python3.7/site-packages/airflow/example_dags/example_kubernetes_executor.py
[2024-09-23T12:30:36.274+0000] {logging_mixin.py:120} INFO - [2024-09-23T12:30:36.273+0000] {dag.py:2585} INFO - Sync 1 DAGs
[2024-09-23T12:30:36.332+0000] {logging_mixin.py:120} INFO - [2024-09-23T12:30:36.332+0000] {dag.py:3340} INFO - Setting next_dagrun for example_kubernetes_executor to None, run_after=None
[2024-09-23T12:30:36.362+0000] {processor.py:176} INFO - Processing /home/airflow/.local/lib/python3.7/site-packages/airflow/example_dags/example_kubernetes_executor.py took 0.191 seconds
[2024-09-23T12:31:06.444+0000] {processor.py:154} INFO - Started process (PID=7492) to work on /home/airflow/.local/lib/python3.7/site-packages/airflow/example_dags/example_kubernetes_executor.py
[2024-09-23T12:31:06.447+0000] {processor.py:756} INFO - Processing file /home/airflow/.local/lib/python3.7/site-packages/airflow/example_dags/example_kubernetes_executor.py for tasks to queue
[2024-09-23T12:31:06.451+0000] {logging_mixin.py:120} INFO - [2024-09-23T12:31:06.450+0000] {dagbag.py:537} INFO - Filling up the DagBag from /home/airflow/.local/lib/python3.7/site-packages/airflow/example_dags/example_kubernetes_executor.py
[2024-09-23T12:31:06.489+0000] {processor.py:766} INFO - DAG(s) dict_keys(['example_kubernetes_executor']) retrieved from /home/airflow/.local/lib/python3.7/site-packages/airflow/example_dags/example_kubernetes_executor.py
[2024-09-23T12:31:06.540+0000] {logging_mixin.py:120} INFO - [2024-09-23T12:31:06.540+0000] {dag.py:2585} INFO - Sync 1 DAGs
[2024-09-23T12:31:06.570+0000] {logging_mixin.py:120} INFO - [2024-09-23T12:31:06.570+0000] {dag.py:3340} INFO - Setting next_dagrun for example_kubernetes_executor to None, run_after=None
[2024-09-23T12:31:06.592+0000] {processor.py:176} INFO - Processing /home/airflow/.local/lib/python3.7/site-packages/airflow/example_dags/example_kubernetes_executor.py took 0.152 seconds
[2024-09-23T12:31:37.216+0000] {processor.py:154} INFO - Started process (PID=7546) to work on /home/airflow/.local/lib/python3.7/site-packages/airflow/example_dags/example_kubernetes_executor.py
[2024-09-23T12:31:37.217+0000] {processor.py:756} INFO - Processing file /home/airflow/.local/lib/python3.7/site-packages/airflow/example_dags/example_kubernetes_executor.py for tasks to queue
[2024-09-23T12:31:37.219+0000] {logging_mixin.py:120} INFO - [2024-09-23T12:31:37.218+0000] {dagbag.py:537} INFO - Filling up the DagBag from /home/airflow/.local/lib/python3.7/site-packages/airflow/example_dags/example_kubernetes_executor.py
[2024-09-23T12:31:37.258+0000] {processor.py:766} INFO - DAG(s) dict_keys(['example_kubernetes_executor']) retrieved from /home/airflow/.local/lib/python3.7/site-packages/airflow/example_dags/example_kubernetes_executor.py
[2024-09-23T12:31:37.313+0000] {logging_mixin.py:120} INFO - [2024-09-23T12:31:37.313+0000] {dag.py:2585} INFO - Sync 1 DAGs
[2024-09-23T12:31:37.343+0000] {logging_mixin.py:120} INFO - [2024-09-23T12:31:37.342+0000] {dag.py:3340} INFO - Setting next_dagrun for example_kubernetes_executor to None, run_after=None
[2024-09-23T12:31:37.370+0000] {processor.py:176} INFO - Processing /home/airflow/.local/lib/python3.7/site-packages/airflow/example_dags/example_kubernetes_executor.py took 0.162 seconds
[2024-09-23T12:32:08.036+0000] {processor.py:154} INFO - Started process (PID=7609) to work on /home/airflow/.local/lib/python3.7/site-packages/airflow/example_dags/example_kubernetes_executor.py
[2024-09-23T12:32:08.037+0000] {processor.py:756} INFO - Processing file /home/airflow/.local/lib/python3.7/site-packages/airflow/example_dags/example_kubernetes_executor.py for tasks to queue
[2024-09-23T12:32:08.038+0000] {logging_mixin.py:120} INFO - [2024-09-23T12:32:08.038+0000] {dagbag.py:537} INFO - Filling up the DagBag from /home/airflow/.local/lib/python3.7/site-packages/airflow/example_dags/example_kubernetes_executor.py
[2024-09-23T12:32:08.076+0000] {processor.py:766} INFO - DAG(s) dict_keys(['example_kubernetes_executor']) retrieved from /home/airflow/.local/lib/python3.7/site-packages/airflow/example_dags/example_kubernetes_executor.py
[2024-09-23T12:32:08.127+0000] {logging_mixin.py:120} INFO - [2024-09-23T12:32:08.126+0000] {dag.py:2585} INFO - Sync 1 DAGs
[2024-09-23T12:32:08.157+0000] {logging_mixin.py:120} INFO - [2024-09-23T12:32:08.157+0000] {dag.py:3340} INFO - Setting next_dagrun for example_kubernetes_executor to None, run_after=None
[2024-09-23T12:32:08.180+0000] {processor.py:176} INFO - Processing /home/airflow/.local/lib/python3.7/site-packages/airflow/example_dags/example_kubernetes_executor.py took 0.148 seconds
[2024-09-23T12:32:38.878+0000] {processor.py:154} INFO - Started process (PID=7672) to work on /home/airflow/.local/lib/python3.7/site-packages/airflow/example_dags/example_kubernetes_executor.py
[2024-09-23T12:32:38.880+0000] {processor.py:756} INFO - Processing file /home/airflow/.local/lib/python3.7/site-packages/airflow/example_dags/example_kubernetes_executor.py for tasks to queue
[2024-09-23T12:32:38.881+0000] {logging_mixin.py:120} INFO - [2024-09-23T12:32:38.881+0000] {dagbag.py:537} INFO - Filling up the DagBag from /home/airflow/.local/lib/python3.7/site-packages/airflow/example_dags/example_kubernetes_executor.py
[2024-09-23T12:32:38.918+0000] {processor.py:766} INFO - DAG(s) dict_keys(['example_kubernetes_executor']) retrieved from /home/airflow/.local/lib/python3.7/site-packages/airflow/example_dags/example_kubernetes_executor.py
[2024-09-23T12:32:38.968+0000] {logging_mixin.py:120} INFO - [2024-09-23T12:32:38.968+0000] {dag.py:2585} INFO - Sync 1 DAGs
[2024-09-23T12:32:38.997+0000] {logging_mixin.py:120} INFO - [2024-09-23T12:32:38.997+0000] {dag.py:3340} INFO - Setting next_dagrun for example_kubernetes_executor to None, run_after=None
[2024-09-23T12:32:39.019+0000] {processor.py:176} INFO - Processing /home/airflow/.local/lib/python3.7/site-packages/airflow/example_dags/example_kubernetes_executor.py took 0.145 seconds
[2024-09-23T12:33:09.921+0000] {processor.py:154} INFO - Started process (PID=7735) to work on /home/airflow/.local/lib/python3.7/site-packages/airflow/example_dags/example_kubernetes_executor.py
[2024-09-23T12:33:09.923+0000] {processor.py:756} INFO - Processing file /home/airflow/.local/lib/python3.7/site-packages/airflow/example_dags/example_kubernetes_executor.py for tasks to queue
[2024-09-23T12:33:09.924+0000] {logging_mixin.py:120} INFO - [2024-09-23T12:33:09.924+0000] {dagbag.py:537} INFO - Filling up the DagBag from /home/airflow/.local/lib/python3.7/site-packages/airflow/example_dags/example_kubernetes_executor.py
[2024-09-23T12:33:09.964+0000] {processor.py:766} INFO - DAG(s) dict_keys(['example_kubernetes_executor']) retrieved from /home/airflow/.local/lib/python3.7/site-packages/airflow/example_dags/example_kubernetes_executor.py
[2024-09-23T12:33:10.017+0000] {logging_mixin.py:120} INFO - [2024-09-23T12:33:10.017+0000] {dag.py:2585} INFO - Sync 1 DAGs
[2024-09-23T12:33:10.048+0000] {logging_mixin.py:120} INFO - [2024-09-23T12:33:10.048+0000] {dag.py:3340} INFO - Setting next_dagrun for example_kubernetes_executor to None, run_after=None
[2024-09-23T12:33:10.071+0000] {processor.py:176} INFO - Processing /home/airflow/.local/lib/python3.7/site-packages/airflow/example_dags/example_kubernetes_executor.py took 0.155 seconds
[2024-09-23T12:33:40.873+0000] {processor.py:154} INFO - Started process (PID=7789) to work on /home/airflow/.local/lib/python3.7/site-packages/airflow/example_dags/example_kubernetes_executor.py
[2024-09-23T12:33:40.875+0000] {processor.py:756} INFO - Processing file /home/airflow/.local/lib/python3.7/site-packages/airflow/example_dags/example_kubernetes_executor.py for tasks to queue
[2024-09-23T12:33:40.876+0000] {logging_mixin.py:120} INFO - [2024-09-23T12:33:40.876+0000] {dagbag.py:537} INFO - Filling up the DagBag from /home/airflow/.local/lib/python3.7/site-packages/airflow/example_dags/example_kubernetes_executor.py
[2024-09-23T12:33:40.916+0000] {processor.py:766} INFO - DAG(s) dict_keys(['example_kubernetes_executor']) retrieved from /home/airflow/.local/lib/python3.7/site-packages/airflow/example_dags/example_kubernetes_executor.py
[2024-09-23T12:33:40.979+0000] {logging_mixin.py:120} INFO - [2024-09-23T12:33:40.979+0000] {dag.py:2585} INFO - Sync 1 DAGs
[2024-09-23T12:33:41.012+0000] {logging_mixin.py:120} INFO - [2024-09-23T12:33:41.011+0000] {dag.py:3340} INFO - Setting next_dagrun for example_kubernetes_executor to None, run_after=None
[2024-09-23T12:33:41.037+0000] {processor.py:176} INFO - Processing /home/airflow/.local/lib/python3.7/site-packages/airflow/example_dags/example_kubernetes_executor.py took 0.168 seconds
[2024-09-23T12:34:11.770+0000] {processor.py:154} INFO - Started process (PID=7852) to work on /home/airflow/.local/lib/python3.7/site-packages/airflow/example_dags/example_kubernetes_executor.py
[2024-09-23T12:34:11.772+0000] {processor.py:756} INFO - Processing file /home/airflow/.local/lib/python3.7/site-packages/airflow/example_dags/example_kubernetes_executor.py for tasks to queue
[2024-09-23T12:34:11.773+0000] {logging_mixin.py:120} INFO - [2024-09-23T12:34:11.773+0000] {dagbag.py:537} INFO - Filling up the DagBag from /home/airflow/.local/lib/python3.7/site-packages/airflow/example_dags/example_kubernetes_executor.py
[2024-09-23T12:34:11.807+0000] {processor.py:766} INFO - DAG(s) dict_keys(['example_kubernetes_executor']) retrieved from /home/airflow/.local/lib/python3.7/site-packages/airflow/example_dags/example_kubernetes_executor.py
[2024-09-23T12:34:11.858+0000] {logging_mixin.py:120} INFO - [2024-09-23T12:34:11.857+0000] {dag.py:2585} INFO - Sync 1 DAGs
[2024-09-23T12:34:11.893+0000] {logging_mixin.py:120} INFO - [2024-09-23T12:34:11.893+0000] {dag.py:3340} INFO - Setting next_dagrun for example_kubernetes_executor to None, run_after=None
[2024-09-23T12:34:11.926+0000] {processor.py:176} INFO - Processing /home/airflow/.local/lib/python3.7/site-packages/airflow/example_dags/example_kubernetes_executor.py took 0.160 seconds
[2024-09-23T12:34:42.704+0000] {processor.py:154} INFO - Started process (PID=7916) to work on /home/airflow/.local/lib/python3.7/site-packages/airflow/example_dags/example_kubernetes_executor.py
[2024-09-23T12:34:42.706+0000] {processor.py:756} INFO - Processing file /home/airflow/.local/lib/python3.7/site-packages/airflow/example_dags/example_kubernetes_executor.py for tasks to queue
[2024-09-23T12:34:42.707+0000] {logging_mixin.py:120} INFO - [2024-09-23T12:34:42.706+0000] {dagbag.py:537} INFO - Filling up the DagBag from /home/airflow/.local/lib/python3.7/site-packages/airflow/example_dags/example_kubernetes_executor.py
[2024-09-23T12:34:42.745+0000] {processor.py:766} INFO - DAG(s) dict_keys(['example_kubernetes_executor']) retrieved from /home/airflow/.local/lib/python3.7/site-packages/airflow/example_dags/example_kubernetes_executor.py
[2024-09-23T12:34:42.797+0000] {logging_mixin.py:120} INFO - [2024-09-23T12:34:42.797+0000] {dag.py:2585} INFO - Sync 1 DAGs
[2024-09-23T12:34:42.826+0000] {logging_mixin.py:120} INFO - [2024-09-23T12:34:42.826+0000] {dag.py:3340} INFO - Setting next_dagrun for example_kubernetes_executor to None, run_after=None
[2024-09-23T12:34:42.848+0000] {processor.py:176} INFO - Processing /home/airflow/.local/lib/python3.7/site-packages/airflow/example_dags/example_kubernetes_executor.py took 0.148 seconds
[2024-09-23T12:35:13.599+0000] {processor.py:154} INFO - Started process (PID=7979) to work on /home/airflow/.local/lib/python3.7/site-packages/airflow/example_dags/example_kubernetes_executor.py
[2024-09-23T12:35:13.602+0000] {processor.py:756} INFO - Processing file /home/airflow/.local/lib/python3.7/site-packages/airflow/example_dags/example_kubernetes_executor.py for tasks to queue
[2024-09-23T12:35:13.603+0000] {logging_mixin.py:120} INFO - [2024-09-23T12:35:13.603+0000] {dagbag.py:537} INFO - Filling up the DagBag from /home/airflow/.local/lib/python3.7/site-packages/airflow/example_dags/example_kubernetes_executor.py
[2024-09-23T12:35:13.640+0000] {processor.py:766} INFO - DAG(s) dict_keys(['example_kubernetes_executor']) retrieved from /home/airflow/.local/lib/python3.7/site-packages/airflow/example_dags/example_kubernetes_executor.py
[2024-09-23T12:35:13.691+0000] {logging_mixin.py:120} INFO - [2024-09-23T12:35:13.691+0000] {dag.py:2585} INFO - Sync 1 DAGs
[2024-09-23T12:35:13.720+0000] {logging_mixin.py:120} INFO - [2024-09-23T12:35:13.720+0000] {dag.py:3340} INFO - Setting next_dagrun for example_kubernetes_executor to None, run_after=None
[2024-09-23T12:35:13.744+0000] {processor.py:176} INFO - Processing /home/airflow/.local/lib/python3.7/site-packages/airflow/example_dags/example_kubernetes_executor.py took 0.150 seconds
[2024-09-23T12:35:44.431+0000] {processor.py:154} INFO - Started process (PID=8033) to work on /home/airflow/.local/lib/python3.7/site-packages/airflow/example_dags/example_kubernetes_executor.py
[2024-09-23T12:35:44.433+0000] {processor.py:756} INFO - Processing file /home/airflow/.local/lib/python3.7/site-packages/airflow/example_dags/example_kubernetes_executor.py for tasks to queue
[2024-09-23T12:35:44.434+0000] {logging_mixin.py:120} INFO - [2024-09-23T12:35:44.434+0000] {dagbag.py:537} INFO - Filling up the DagBag from /home/airflow/.local/lib/python3.7/site-packages/airflow/example_dags/example_kubernetes_executor.py
[2024-09-23T12:35:44.468+0000] {processor.py:766} INFO - DAG(s) dict_keys(['example_kubernetes_executor']) retrieved from /home/airflow/.local/lib/python3.7/site-packages/airflow/example_dags/example_kubernetes_executor.py
[2024-09-23T12:35:44.517+0000] {logging_mixin.py:120} INFO - [2024-09-23T12:35:44.516+0000] {dag.py:2585} INFO - Sync 1 DAGs
[2024-09-23T12:35:44.546+0000] {logging_mixin.py:120} INFO - [2024-09-23T12:35:44.545+0000] {dag.py:3340} INFO - Setting next_dagrun for example_kubernetes_executor to None, run_after=None
[2024-09-23T12:35:44.569+0000] {processor.py:176} INFO - Processing /home/airflow/.local/lib/python3.7/site-packages/airflow/example_dags/example_kubernetes_executor.py took 0.141 seconds
[2024-09-23T12:36:15.315+0000] {processor.py:154} INFO - Started process (PID=8096) to work on /home/airflow/.local/lib/python3.7/site-packages/airflow/example_dags/example_kubernetes_executor.py
[2024-09-23T12:36:15.317+0000] {processor.py:756} INFO - Processing file /home/airflow/.local/lib/python3.7/site-packages/airflow/example_dags/example_kubernetes_executor.py for tasks to queue
[2024-09-23T12:36:15.318+0000] {logging_mixin.py:120} INFO - [2024-09-23T12:36:15.318+0000] {dagbag.py:537} INFO - Filling up the DagBag from /home/airflow/.local/lib/python3.7/site-packages/airflow/example_dags/example_kubernetes_executor.py
[2024-09-23T12:36:15.358+0000] {processor.py:766} INFO - DAG(s) dict_keys(['example_kubernetes_executor']) retrieved from /home/airflow/.local/lib/python3.7/site-packages/airflow/example_dags/example_kubernetes_executor.py
[2024-09-23T12:36:15.408+0000] {logging_mixin.py:120} INFO - [2024-09-23T12:36:15.408+0000] {dag.py:2585} INFO - Sync 1 DAGs
[2024-09-23T12:36:15.439+0000] {logging_mixin.py:120} INFO - [2024-09-23T12:36:15.438+0000] {dag.py:3340} INFO - Setting next_dagrun for example_kubernetes_executor to None, run_after=None
[2024-09-23T12:36:15.462+0000] {processor.py:176} INFO - Processing /home/airflow/.local/lib/python3.7/site-packages/airflow/example_dags/example_kubernetes_executor.py took 0.153 seconds
[2024-09-23T12:36:46.233+0000] {processor.py:154} INFO - Started process (PID=8159) to work on /home/airflow/.local/lib/python3.7/site-packages/airflow/example_dags/example_kubernetes_executor.py
[2024-09-23T12:36:46.235+0000] {processor.py:756} INFO - Processing file /home/airflow/.local/lib/python3.7/site-packages/airflow/example_dags/example_kubernetes_executor.py for tasks to queue
[2024-09-23T12:36:46.236+0000] {logging_mixin.py:120} INFO - [2024-09-23T12:36:46.236+0000] {dagbag.py:537} INFO - Filling up the DagBag from /home/airflow/.local/lib/python3.7/site-packages/airflow/example_dags/example_kubernetes_executor.py
[2024-09-23T12:36:46.274+0000] {processor.py:766} INFO - DAG(s) dict_keys(['example_kubernetes_executor']) retrieved from /home/airflow/.local/lib/python3.7/site-packages/airflow/example_dags/example_kubernetes_executor.py
[2024-09-23T12:36:46.324+0000] {logging_mixin.py:120} INFO - [2024-09-23T12:36:46.324+0000] {dag.py:2585} INFO - Sync 1 DAGs
[2024-09-23T12:36:46.354+0000] {logging_mixin.py:120} INFO - [2024-09-23T12:36:46.354+0000] {dag.py:3340} INFO - Setting next_dagrun for example_kubernetes_executor to None, run_after=None
[2024-09-23T12:36:46.375+0000] {processor.py:176} INFO - Processing /home/airflow/.local/lib/python3.7/site-packages/airflow/example_dags/example_kubernetes_executor.py took 0.146 seconds
[2024-09-23T12:37:17.100+0000] {processor.py:154} INFO - Started process (PID=8222) to work on /home/airflow/.local/lib/python3.7/site-packages/airflow/example_dags/example_kubernetes_executor.py
[2024-09-23T12:37:17.101+0000] {processor.py:756} INFO - Processing file /home/airflow/.local/lib/python3.7/site-packages/airflow/example_dags/example_kubernetes_executor.py for tasks to queue
[2024-09-23T12:37:17.102+0000] {logging_mixin.py:120} INFO - [2024-09-23T12:37:17.102+0000] {dagbag.py:537} INFO - Filling up the DagBag from /home/airflow/.local/lib/python3.7/site-packages/airflow/example_dags/example_kubernetes_executor.py
[2024-09-23T12:37:17.137+0000] {processor.py:766} INFO - DAG(s) dict_keys(['example_kubernetes_executor']) retrieved from /home/airflow/.local/lib/python3.7/site-packages/airflow/example_dags/example_kubernetes_executor.py
[2024-09-23T12:37:17.187+0000] {logging_mixin.py:120} INFO - [2024-09-23T12:37:17.187+0000] {dag.py:2585} INFO - Sync 1 DAGs
[2024-09-23T12:37:17.217+0000] {logging_mixin.py:120} INFO - [2024-09-23T12:37:17.217+0000] {dag.py:3340} INFO - Setting next_dagrun for example_kubernetes_executor to None, run_after=None
[2024-09-23T12:37:17.240+0000] {processor.py:176} INFO - Processing /home/airflow/.local/lib/python3.7/site-packages/airflow/example_dags/example_kubernetes_executor.py took 0.144 seconds
[2024-09-23T12:37:47.913+0000] {processor.py:154} INFO - Started process (PID=8283) to work on /home/airflow/.local/lib/python3.7/site-packages/airflow/example_dags/example_kubernetes_executor.py
[2024-09-23T12:37:47.915+0000] {processor.py:756} INFO - Processing file /home/airflow/.local/lib/python3.7/site-packages/airflow/example_dags/example_kubernetes_executor.py for tasks to queue
[2024-09-23T12:37:47.917+0000] {logging_mixin.py:120} INFO - [2024-09-23T12:37:47.916+0000] {dagbag.py:537} INFO - Filling up the DagBag from /home/airflow/.local/lib/python3.7/site-packages/airflow/example_dags/example_kubernetes_executor.py
[2024-09-23T12:37:47.946+0000] {processor.py:766} INFO - DAG(s) dict_keys(['example_kubernetes_executor']) retrieved from /home/airflow/.local/lib/python3.7/site-packages/airflow/example_dags/example_kubernetes_executor.py
[2024-09-23T12:37:47.995+0000] {logging_mixin.py:120} INFO - [2024-09-23T12:37:47.995+0000] {dag.py:2585} INFO - Sync 1 DAGs
[2024-09-23T12:37:48.025+0000] {logging_mixin.py:120} INFO - [2024-09-23T12:37:48.025+0000] {dag.py:3340} INFO - Setting next_dagrun for example_kubernetes_executor to None, run_after=None
[2024-09-23T12:37:48.051+0000] {processor.py:176} INFO - Processing /home/airflow/.local/lib/python3.7/site-packages/airflow/example_dags/example_kubernetes_executor.py took 0.141 seconds
[2024-09-23T12:38:18.881+0000] {processor.py:154} INFO - Started process (PID=8339) to work on /home/airflow/.local/lib/python3.7/site-packages/airflow/example_dags/example_kubernetes_executor.py
[2024-09-23T12:38:18.883+0000] {processor.py:756} INFO - Processing file /home/airflow/.local/lib/python3.7/site-packages/airflow/example_dags/example_kubernetes_executor.py for tasks to queue
[2024-09-23T12:38:18.884+0000] {logging_mixin.py:120} INFO - [2024-09-23T12:38:18.884+0000] {dagbag.py:537} INFO - Filling up the DagBag from /home/airflow/.local/lib/python3.7/site-packages/airflow/example_dags/example_kubernetes_executor.py
[2024-09-23T12:38:18.923+0000] {processor.py:766} INFO - DAG(s) dict_keys(['example_kubernetes_executor']) retrieved from /home/airflow/.local/lib/python3.7/site-packages/airflow/example_dags/example_kubernetes_executor.py
[2024-09-23T12:38:18.974+0000] {logging_mixin.py:120} INFO - [2024-09-23T12:38:18.974+0000] {dag.py:2585} INFO - Sync 1 DAGs
[2024-09-23T12:38:19.004+0000] {logging_mixin.py:120} INFO - [2024-09-23T12:38:19.004+0000] {dag.py:3340} INFO - Setting next_dagrun for example_kubernetes_executor to None, run_after=None
[2024-09-23T12:38:19.028+0000] {processor.py:176} INFO - Processing /home/airflow/.local/lib/python3.7/site-packages/airflow/example_dags/example_kubernetes_executor.py took 0.151 seconds
[2024-09-23T12:38:49.837+0000] {processor.py:154} INFO - Started process (PID=8402) to work on /home/airflow/.local/lib/python3.7/site-packages/airflow/example_dags/example_kubernetes_executor.py
[2024-09-23T12:38:49.838+0000] {processor.py:756} INFO - Processing file /home/airflow/.local/lib/python3.7/site-packages/airflow/example_dags/example_kubernetes_executor.py for tasks to queue
[2024-09-23T12:38:49.839+0000] {logging_mixin.py:120} INFO - [2024-09-23T12:38:49.839+0000] {dagbag.py:537} INFO - Filling up the DagBag from /home/airflow/.local/lib/python3.7/site-packages/airflow/example_dags/example_kubernetes_executor.py
[2024-09-23T12:38:49.872+0000] {processor.py:766} INFO - DAG(s) dict_keys(['example_kubernetes_executor']) retrieved from /home/airflow/.local/lib/python3.7/site-packages/airflow/example_dags/example_kubernetes_executor.py
[2024-09-23T12:38:49.921+0000] {logging_mixin.py:120} INFO - [2024-09-23T12:38:49.920+0000] {dag.py:2585} INFO - Sync 1 DAGs
[2024-09-23T12:38:49.950+0000] {logging_mixin.py:120} INFO - [2024-09-23T12:38:49.950+0000] {dag.py:3340} INFO - Setting next_dagrun for example_kubernetes_executor to None, run_after=None
[2024-09-23T12:38:49.973+0000] {processor.py:176} INFO - Processing /home/airflow/.local/lib/python3.7/site-packages/airflow/example_dags/example_kubernetes_executor.py took 0.140 seconds
[2024-09-23T12:39:20.581+0000] {processor.py:154} INFO - Started process (PID=8465) to work on /home/airflow/.local/lib/python3.7/site-packages/airflow/example_dags/example_kubernetes_executor.py
[2024-09-23T12:39:20.583+0000] {processor.py:756} INFO - Processing file /home/airflow/.local/lib/python3.7/site-packages/airflow/example_dags/example_kubernetes_executor.py for tasks to queue
[2024-09-23T12:39:20.584+0000] {logging_mixin.py:120} INFO - [2024-09-23T12:39:20.584+0000] {dagbag.py:537} INFO - Filling up the DagBag from /home/airflow/.local/lib/python3.7/site-packages/airflow/example_dags/example_kubernetes_executor.py
[2024-09-23T12:39:20.619+0000] {processor.py:766} INFO - DAG(s) dict_keys(['example_kubernetes_executor']) retrieved from /home/airflow/.local/lib/python3.7/site-packages/airflow/example_dags/example_kubernetes_executor.py
[2024-09-23T12:39:20.668+0000] {logging_mixin.py:120} INFO - [2024-09-23T12:39:20.668+0000] {dag.py:2585} INFO - Sync 1 DAGs
[2024-09-23T12:39:20.697+0000] {logging_mixin.py:120} INFO - [2024-09-23T12:39:20.697+0000] {dag.py:3340} INFO - Setting next_dagrun for example_kubernetes_executor to None, run_after=None
[2024-09-23T12:39:20.720+0000] {processor.py:176} INFO - Processing /home/airflow/.local/lib/python3.7/site-packages/airflow/example_dags/example_kubernetes_executor.py took 0.143 seconds
[2024-09-23T12:39:51.482+0000] {processor.py:154} INFO - Started process (PID=8518) to work on /home/airflow/.local/lib/python3.7/site-packages/airflow/example_dags/example_kubernetes_executor.py
[2024-09-23T12:39:51.485+0000] {processor.py:756} INFO - Processing file /home/airflow/.local/lib/python3.7/site-packages/airflow/example_dags/example_kubernetes_executor.py for tasks to queue
[2024-09-23T12:39:51.486+0000] {logging_mixin.py:120} INFO - [2024-09-23T12:39:51.485+0000] {dagbag.py:537} INFO - Filling up the DagBag from /home/airflow/.local/lib/python3.7/site-packages/airflow/example_dags/example_kubernetes_executor.py
[2024-09-23T12:39:51.515+0000] {processor.py:766} INFO - DAG(s) dict_keys(['example_kubernetes_executor']) retrieved from /home/airflow/.local/lib/python3.7/site-packages/airflow/example_dags/example_kubernetes_executor.py
[2024-09-23T12:39:51.561+0000] {logging_mixin.py:120} INFO - [2024-09-23T12:39:51.561+0000] {dag.py:2585} INFO - Sync 1 DAGs
[2024-09-23T12:39:51.586+0000] {logging_mixin.py:120} INFO - [2024-09-23T12:39:51.586+0000] {dag.py:3340} INFO - Setting next_dagrun for example_kubernetes_executor to None, run_after=None
[2024-09-23T12:39:51.610+0000] {processor.py:176} INFO - Processing /home/airflow/.local/lib/python3.7/site-packages/airflow/example_dags/example_kubernetes_executor.py took 0.131 seconds
[2024-09-23T12:40:22.363+0000] {processor.py:154} INFO - Started process (PID=8581) to work on /home/airflow/.local/lib/python3.7/site-packages/airflow/example_dags/example_kubernetes_executor.py
[2024-09-23T12:40:22.365+0000] {processor.py:756} INFO - Processing file /home/airflow/.local/lib/python3.7/site-packages/airflow/example_dags/example_kubernetes_executor.py for tasks to queue
[2024-09-23T12:40:22.366+0000] {logging_mixin.py:120} INFO - [2024-09-23T12:40:22.366+0000] {dagbag.py:537} INFO - Filling up the DagBag from /home/airflow/.local/lib/python3.7/site-packages/airflow/example_dags/example_kubernetes_executor.py
[2024-09-23T12:40:22.405+0000] {processor.py:766} INFO - DAG(s) dict_keys(['example_kubernetes_executor']) retrieved from /home/airflow/.local/lib/python3.7/site-packages/airflow/example_dags/example_kubernetes_executor.py
[2024-09-23T12:40:22.457+0000] {logging_mixin.py:120} INFO - [2024-09-23T12:40:22.457+0000] {dag.py:2585} INFO - Sync 1 DAGs
[2024-09-23T12:40:22.488+0000] {logging_mixin.py:120} INFO - [2024-09-23T12:40:22.487+0000] {dag.py:3340} INFO - Setting next_dagrun for example_kubernetes_executor to None, run_after=None
[2024-09-23T12:40:22.511+0000] {processor.py:176} INFO - Processing /home/airflow/.local/lib/python3.7/site-packages/airflow/example_dags/example_kubernetes_executor.py took 0.152 seconds
[2024-09-23T12:40:53.260+0000] {processor.py:154} INFO - Started process (PID=8643) to work on /home/airflow/.local/lib/python3.7/site-packages/airflow/example_dags/example_kubernetes_executor.py
[2024-09-23T12:40:53.263+0000] {processor.py:756} INFO - Processing file /home/airflow/.local/lib/python3.7/site-packages/airflow/example_dags/example_kubernetes_executor.py for tasks to queue
[2024-09-23T12:40:53.264+0000] {logging_mixin.py:120} INFO - [2024-09-23T12:40:53.264+0000] {dagbag.py:537} INFO - Filling up the DagBag from /home/airflow/.local/lib/python3.7/site-packages/airflow/example_dags/example_kubernetes_executor.py
[2024-09-23T12:40:53.302+0000] {processor.py:766} INFO - DAG(s) dict_keys(['example_kubernetes_executor']) retrieved from /home/airflow/.local/lib/python3.7/site-packages/airflow/example_dags/example_kubernetes_executor.py
[2024-09-23T12:40:53.356+0000] {logging_mixin.py:120} INFO - [2024-09-23T12:40:53.356+0000] {dag.py:2585} INFO - Sync 1 DAGs
[2024-09-23T12:40:53.385+0000] {logging_mixin.py:120} INFO - [2024-09-23T12:40:53.384+0000] {dag.py:3340} INFO - Setting next_dagrun for example_kubernetes_executor to None, run_after=None
[2024-09-23T12:40:53.408+0000] {processor.py:176} INFO - Processing /home/airflow/.local/lib/python3.7/site-packages/airflow/example_dags/example_kubernetes_executor.py took 0.152 seconds
[2024-09-23T12:41:24.176+0000] {processor.py:154} INFO - Started process (PID=8706) to work on /home/airflow/.local/lib/python3.7/site-packages/airflow/example_dags/example_kubernetes_executor.py
[2024-09-23T12:41:24.178+0000] {processor.py:756} INFO - Processing file /home/airflow/.local/lib/python3.7/site-packages/airflow/example_dags/example_kubernetes_executor.py for tasks to queue
[2024-09-23T12:41:24.180+0000] {logging_mixin.py:120} INFO - [2024-09-23T12:41:24.180+0000] {dagbag.py:537} INFO - Filling up the DagBag from /home/airflow/.local/lib/python3.7/site-packages/airflow/example_dags/example_kubernetes_executor.py
[2024-09-23T12:41:24.209+0000] {processor.py:766} INFO - DAG(s) dict_keys(['example_kubernetes_executor']) retrieved from /home/airflow/.local/lib/python3.7/site-packages/airflow/example_dags/example_kubernetes_executor.py
[2024-09-23T12:41:24.258+0000] {logging_mixin.py:120} INFO - [2024-09-23T12:41:24.258+0000] {dag.py:2585} INFO - Sync 1 DAGs
[2024-09-23T12:41:24.291+0000] {logging_mixin.py:120} INFO - [2024-09-23T12:41:24.290+0000] {dag.py:3340} INFO - Setting next_dagrun for example_kubernetes_executor to None, run_after=None
[2024-09-23T12:41:24.314+0000] {processor.py:176} INFO - Processing /home/airflow/.local/lib/python3.7/site-packages/airflow/example_dags/example_kubernetes_executor.py took 0.142 seconds
[2024-09-23T12:41:55.016+0000] {processor.py:154} INFO - Started process (PID=8760) to work on /home/airflow/.local/lib/python3.7/site-packages/airflow/example_dags/example_kubernetes_executor.py
[2024-09-23T12:41:55.017+0000] {processor.py:756} INFO - Processing file /home/airflow/.local/lib/python3.7/site-packages/airflow/example_dags/example_kubernetes_executor.py for tasks to queue
[2024-09-23T12:41:55.018+0000] {logging_mixin.py:120} INFO - [2024-09-23T12:41:55.018+0000] {dagbag.py:537} INFO - Filling up the DagBag from /home/airflow/.local/lib/python3.7/site-packages/airflow/example_dags/example_kubernetes_executor.py
[2024-09-23T12:41:55.058+0000] {processor.py:766} INFO - DAG(s) dict_keys(['example_kubernetes_executor']) retrieved from /home/airflow/.local/lib/python3.7/site-packages/airflow/example_dags/example_kubernetes_executor.py
[2024-09-23T12:41:55.109+0000] {logging_mixin.py:120} INFO - [2024-09-23T12:41:55.109+0000] {dag.py:2585} INFO - Sync 1 DAGs
[2024-09-23T12:41:55.139+0000] {logging_mixin.py:120} INFO - [2024-09-23T12:41:55.139+0000] {dag.py:3340} INFO - Setting next_dagrun for example_kubernetes_executor to None, run_after=None
[2024-09-23T12:41:55.163+0000] {processor.py:176} INFO - Processing /home/airflow/.local/lib/python3.7/site-packages/airflow/example_dags/example_kubernetes_executor.py took 0.151 seconds
[2024-09-23T12:42:25.979+0000] {processor.py:154} INFO - Started process (PID=8822) to work on /home/airflow/.local/lib/python3.7/site-packages/airflow/example_dags/example_kubernetes_executor.py
[2024-09-23T12:42:25.981+0000] {processor.py:756} INFO - Processing file /home/airflow/.local/lib/python3.7/site-packages/airflow/example_dags/example_kubernetes_executor.py for tasks to queue
[2024-09-23T12:42:25.982+0000] {logging_mixin.py:120} INFO - [2024-09-23T12:42:25.982+0000] {dagbag.py:537} INFO - Filling up the DagBag from /home/airflow/.local/lib/python3.7/site-packages/airflow/example_dags/example_kubernetes_executor.py
[2024-09-23T12:42:26.021+0000] {processor.py:766} INFO - DAG(s) dict_keys(['example_kubernetes_executor']) retrieved from /home/airflow/.local/lib/python3.7/site-packages/airflow/example_dags/example_kubernetes_executor.py
[2024-09-23T12:42:26.076+0000] {logging_mixin.py:120} INFO - [2024-09-23T12:42:26.076+0000] {dag.py:2585} INFO - Sync 1 DAGs
[2024-09-23T12:42:26.108+0000] {logging_mixin.py:120} INFO - [2024-09-23T12:42:26.108+0000] {dag.py:3340} INFO - Setting next_dagrun for example_kubernetes_executor to None, run_after=None
[2024-09-23T12:42:26.131+0000] {processor.py:176} INFO - Processing /home/airflow/.local/lib/python3.7/site-packages/airflow/example_dags/example_kubernetes_executor.py took 0.157 seconds
[2024-09-23T12:42:56.898+0000] {processor.py:154} INFO - Started process (PID=8885) to work on /home/airflow/.local/lib/python3.7/site-packages/airflow/example_dags/example_kubernetes_executor.py
[2024-09-23T12:42:56.901+0000] {processor.py:756} INFO - Processing file /home/airflow/.local/lib/python3.7/site-packages/airflow/example_dags/example_kubernetes_executor.py for tasks to queue
[2024-09-23T12:42:56.902+0000] {logging_mixin.py:120} INFO - [2024-09-23T12:42:56.902+0000] {dagbag.py:537} INFO - Filling up the DagBag from /home/airflow/.local/lib/python3.7/site-packages/airflow/example_dags/example_kubernetes_executor.py
[2024-09-23T12:42:56.935+0000] {processor.py:766} INFO - DAG(s) dict_keys(['example_kubernetes_executor']) retrieved from /home/airflow/.local/lib/python3.7/site-packages/airflow/example_dags/example_kubernetes_executor.py
[2024-09-23T12:42:56.985+0000] {logging_mixin.py:120} INFO - [2024-09-23T12:42:56.985+0000] {dag.py:2585} INFO - Sync 1 DAGs
[2024-09-23T12:42:57.014+0000] {logging_mixin.py:120} INFO - [2024-09-23T12:42:57.014+0000] {dag.py:3340} INFO - Setting next_dagrun for example_kubernetes_executor to None, run_after=None
[2024-09-23T12:42:57.037+0000] {processor.py:176} INFO - Processing /home/airflow/.local/lib/python3.7/site-packages/airflow/example_dags/example_kubernetes_executor.py took 0.143 seconds
[2024-09-23T12:43:27.816+0000] {processor.py:154} INFO - Started process (PID=8948) to work on /home/airflow/.local/lib/python3.7/site-packages/airflow/example_dags/example_kubernetes_executor.py
[2024-09-23T12:43:27.818+0000] {processor.py:756} INFO - Processing file /home/airflow/.local/lib/python3.7/site-packages/airflow/example_dags/example_kubernetes_executor.py for tasks to queue
[2024-09-23T12:43:27.819+0000] {logging_mixin.py:120} INFO - [2024-09-23T12:43:27.819+0000] {dagbag.py:537} INFO - Filling up the DagBag from /home/airflow/.local/lib/python3.7/site-packages/airflow/example_dags/example_kubernetes_executor.py
[2024-09-23T12:43:27.856+0000] {processor.py:766} INFO - DAG(s) dict_keys(['example_kubernetes_executor']) retrieved from /home/airflow/.local/lib/python3.7/site-packages/airflow/example_dags/example_kubernetes_executor.py
[2024-09-23T12:43:27.905+0000] {logging_mixin.py:120} INFO - [2024-09-23T12:43:27.905+0000] {dag.py:2585} INFO - Sync 1 DAGs
[2024-09-23T12:43:27.936+0000] {logging_mixin.py:120} INFO - [2024-09-23T12:43:27.935+0000] {dag.py:3340} INFO - Setting next_dagrun for example_kubernetes_executor to None, run_after=None
[2024-09-23T12:43:27.959+0000] {processor.py:176} INFO - Processing /home/airflow/.local/lib/python3.7/site-packages/airflow/example_dags/example_kubernetes_executor.py took 0.148 seconds
[2024-09-23T12:43:58.621+0000] {processor.py:154} INFO - Started process (PID=9011) to work on /home/airflow/.local/lib/python3.7/site-packages/airflow/example_dags/example_kubernetes_executor.py
[2024-09-23T12:43:58.623+0000] {processor.py:756} INFO - Processing file /home/airflow/.local/lib/python3.7/site-packages/airflow/example_dags/example_kubernetes_executor.py for tasks to queue
[2024-09-23T12:43:58.627+0000] {logging_mixin.py:120} INFO - [2024-09-23T12:43:58.627+0000] {dagbag.py:537} INFO - Filling up the DagBag from /home/airflow/.local/lib/python3.7/site-packages/airflow/example_dags/example_kubernetes_executor.py
[2024-09-23T12:43:58.662+0000] {processor.py:766} INFO - DAG(s) dict_keys(['example_kubernetes_executor']) retrieved from /home/airflow/.local/lib/python3.7/site-packages/airflow/example_dags/example_kubernetes_executor.py
[2024-09-23T12:43:58.713+0000] {logging_mixin.py:120} INFO - [2024-09-23T12:43:58.713+0000] {dag.py:2585} INFO - Sync 1 DAGs
[2024-09-23T12:43:58.743+0000] {logging_mixin.py:120} INFO - [2024-09-23T12:43:58.743+0000] {dag.py:3340} INFO - Setting next_dagrun for example_kubernetes_executor to None, run_after=None
[2024-09-23T12:43:58.767+0000] {processor.py:176} INFO - Processing /home/airflow/.local/lib/python3.7/site-packages/airflow/example_dags/example_kubernetes_executor.py took 0.151 seconds
[2024-09-23T12:44:29.341+0000] {processor.py:154} INFO - Started process (PID=9064) to work on /home/airflow/.local/lib/python3.7/site-packages/airflow/example_dags/example_kubernetes_executor.py
[2024-09-23T12:44:29.343+0000] {processor.py:756} INFO - Processing file /home/airflow/.local/lib/python3.7/site-packages/airflow/example_dags/example_kubernetes_executor.py for tasks to queue
[2024-09-23T12:44:29.344+0000] {logging_mixin.py:120} INFO - [2024-09-23T12:44:29.344+0000] {dagbag.py:537} INFO - Filling up the DagBag from /home/airflow/.local/lib/python3.7/site-packages/airflow/example_dags/example_kubernetes_executor.py
[2024-09-23T12:44:29.383+0000] {processor.py:766} INFO - DAG(s) dict_keys(['example_kubernetes_executor']) retrieved from /home/airflow/.local/lib/python3.7/site-packages/airflow/example_dags/example_kubernetes_executor.py
[2024-09-23T12:44:29.436+0000] {logging_mixin.py:120} INFO - [2024-09-23T12:44:29.435+0000] {dag.py:2585} INFO - Sync 1 DAGs
[2024-09-23T12:44:29.465+0000] {logging_mixin.py:120} INFO - [2024-09-23T12:44:29.465+0000] {dag.py:3340} INFO - Setting next_dagrun for example_kubernetes_executor to None, run_after=None
[2024-09-23T12:44:29.487+0000] {processor.py:176} INFO - Processing /home/airflow/.local/lib/python3.7/site-packages/airflow/example_dags/example_kubernetes_executor.py took 0.151 seconds
[2024-09-23T12:45:00.230+0000] {processor.py:154} INFO - Started process (PID=9127) to work on /home/airflow/.local/lib/python3.7/site-packages/airflow/example_dags/example_kubernetes_executor.py
[2024-09-23T12:45:00.232+0000] {processor.py:756} INFO - Processing file /home/airflow/.local/lib/python3.7/site-packages/airflow/example_dags/example_kubernetes_executor.py for tasks to queue
[2024-09-23T12:45:00.233+0000] {logging_mixin.py:120} INFO - [2024-09-23T12:45:00.233+0000] {dagbag.py:537} INFO - Filling up the DagBag from /home/airflow/.local/lib/python3.7/site-packages/airflow/example_dags/example_kubernetes_executor.py
[2024-09-23T12:45:00.272+0000] {processor.py:766} INFO - DAG(s) dict_keys(['example_kubernetes_executor']) retrieved from /home/airflow/.local/lib/python3.7/site-packages/airflow/example_dags/example_kubernetes_executor.py
[2024-09-23T12:45:00.329+0000] {logging_mixin.py:120} INFO - [2024-09-23T12:45:00.329+0000] {dag.py:2585} INFO - Sync 1 DAGs
[2024-09-23T12:45:00.361+0000] {logging_mixin.py:120} INFO - [2024-09-23T12:45:00.360+0000] {dag.py:3340} INFO - Setting next_dagrun for example_kubernetes_executor to None, run_after=None
[2024-09-23T12:45:00.385+0000] {processor.py:176} INFO - Processing /home/airflow/.local/lib/python3.7/site-packages/airflow/example_dags/example_kubernetes_executor.py took 0.159 seconds
[2024-09-23T12:45:31.120+0000] {processor.py:154} INFO - Started process (PID=9188) to work on /home/airflow/.local/lib/python3.7/site-packages/airflow/example_dags/example_kubernetes_executor.py
[2024-09-23T12:45:31.122+0000] {processor.py:756} INFO - Processing file /home/airflow/.local/lib/python3.7/site-packages/airflow/example_dags/example_kubernetes_executor.py for tasks to queue
[2024-09-23T12:45:31.123+0000] {logging_mixin.py:120} INFO - [2024-09-23T12:45:31.123+0000] {dagbag.py:537} INFO - Filling up the DagBag from /home/airflow/.local/lib/python3.7/site-packages/airflow/example_dags/example_kubernetes_executor.py
[2024-09-23T12:45:31.162+0000] {processor.py:766} INFO - DAG(s) dict_keys(['example_kubernetes_executor']) retrieved from /home/airflow/.local/lib/python3.7/site-packages/airflow/example_dags/example_kubernetes_executor.py
[2024-09-23T12:45:31.213+0000] {logging_mixin.py:120} INFO - [2024-09-23T12:45:31.213+0000] {dag.py:2585} INFO - Sync 1 DAGs
[2024-09-23T12:45:31.242+0000] {logging_mixin.py:120} INFO - [2024-09-23T12:45:31.242+0000] {dag.py:3340} INFO - Setting next_dagrun for example_kubernetes_executor to None, run_after=None
[2024-09-23T12:45:31.264+0000] {processor.py:176} INFO - Processing /home/airflow/.local/lib/python3.7/site-packages/airflow/example_dags/example_kubernetes_executor.py took 0.147 seconds
[2024-09-23T12:46:02.001+0000] {processor.py:154} INFO - Started process (PID=9251) to work on /home/airflow/.local/lib/python3.7/site-packages/airflow/example_dags/example_kubernetes_executor.py
[2024-09-23T12:46:02.002+0000] {processor.py:756} INFO - Processing file /home/airflow/.local/lib/python3.7/site-packages/airflow/example_dags/example_kubernetes_executor.py for tasks to queue
[2024-09-23T12:46:02.003+0000] {logging_mixin.py:120} INFO - [2024-09-23T12:46:02.003+0000] {dagbag.py:537} INFO - Filling up the DagBag from /home/airflow/.local/lib/python3.7/site-packages/airflow/example_dags/example_kubernetes_executor.py
[2024-09-23T12:46:02.032+0000] {processor.py:766} INFO - DAG(s) dict_keys(['example_kubernetes_executor']) retrieved from /home/airflow/.local/lib/python3.7/site-packages/airflow/example_dags/example_kubernetes_executor.py
[2024-09-23T12:46:02.080+0000] {logging_mixin.py:120} INFO - [2024-09-23T12:46:02.079+0000] {dag.py:2585} INFO - Sync 1 DAGs
[2024-09-23T12:46:02.109+0000] {logging_mixin.py:120} INFO - [2024-09-23T12:46:02.109+0000] {dag.py:3340} INFO - Setting next_dagrun for example_kubernetes_executor to None, run_after=None
[2024-09-23T12:46:02.136+0000] {processor.py:176} INFO - Processing /home/airflow/.local/lib/python3.7/site-packages/airflow/example_dags/example_kubernetes_executor.py took 0.138 seconds
[2024-09-23T12:46:32.994+0000] {processor.py:154} INFO - Started process (PID=9305) to work on /home/airflow/.local/lib/python3.7/site-packages/airflow/example_dags/example_kubernetes_executor.py
[2024-09-23T12:46:32.996+0000] {processor.py:756} INFO - Processing file /home/airflow/.local/lib/python3.7/site-packages/airflow/example_dags/example_kubernetes_executor.py for tasks to queue
[2024-09-23T12:46:32.998+0000] {logging_mixin.py:120} INFO - [2024-09-23T12:46:32.998+0000] {dagbag.py:537} INFO - Filling up the DagBag from /home/airflow/.local/lib/python3.7/site-packages/airflow/example_dags/example_kubernetes_executor.py
[2024-09-23T12:46:33.032+0000] {processor.py:766} INFO - DAG(s) dict_keys(['example_kubernetes_executor']) retrieved from /home/airflow/.local/lib/python3.7/site-packages/airflow/example_dags/example_kubernetes_executor.py
[2024-09-23T12:46:33.088+0000] {logging_mixin.py:120} INFO - [2024-09-23T12:46:33.088+0000] {dag.py:2585} INFO - Sync 1 DAGs
[2024-09-23T12:46:33.123+0000] {logging_mixin.py:120} INFO - [2024-09-23T12:46:33.122+0000] {dag.py:3340} INFO - Setting next_dagrun for example_kubernetes_executor to None, run_after=None
[2024-09-23T12:46:33.149+0000] {processor.py:176} INFO - Processing /home/airflow/.local/lib/python3.7/site-packages/airflow/example_dags/example_kubernetes_executor.py took 0.159 seconds
[2024-09-23T12:47:03.287+0000] {processor.py:154} INFO - Started process (PID=9369) to work on /home/airflow/.local/lib/python3.7/site-packages/airflow/example_dags/example_kubernetes_executor.py
[2024-09-23T12:47:03.291+0000] {processor.py:756} INFO - Processing file /home/airflow/.local/lib/python3.7/site-packages/airflow/example_dags/example_kubernetes_executor.py for tasks to queue
[2024-09-23T12:47:03.292+0000] {logging_mixin.py:120} INFO - [2024-09-23T12:47:03.292+0000] {dagbag.py:537} INFO - Filling up the DagBag from /home/airflow/.local/lib/python3.7/site-packages/airflow/example_dags/example_kubernetes_executor.py
[2024-09-23T12:47:03.328+0000] {processor.py:766} INFO - DAG(s) dict_keys(['example_kubernetes_executor']) retrieved from /home/airflow/.local/lib/python3.7/site-packages/airflow/example_dags/example_kubernetes_executor.py
[2024-09-23T12:47:03.381+0000] {logging_mixin.py:120} INFO - [2024-09-23T12:47:03.381+0000] {dag.py:2585} INFO - Sync 1 DAGs
[2024-09-23T12:47:03.411+0000] {logging_mixin.py:120} INFO - [2024-09-23T12:47:03.411+0000] {dag.py:3340} INFO - Setting next_dagrun for example_kubernetes_executor to None, run_after=None
[2024-09-23T12:47:03.433+0000] {processor.py:176} INFO - Processing /home/airflow/.local/lib/python3.7/site-packages/airflow/example_dags/example_kubernetes_executor.py took 0.150 seconds
[2024-09-23T12:47:33.530+0000] {processor.py:154} INFO - Started process (PID=9432) to work on /home/airflow/.local/lib/python3.7/site-packages/airflow/example_dags/example_kubernetes_executor.py
[2024-09-23T12:47:33.531+0000] {processor.py:756} INFO - Processing file /home/airflow/.local/lib/python3.7/site-packages/airflow/example_dags/example_kubernetes_executor.py for tasks to queue
[2024-09-23T12:47:33.532+0000] {logging_mixin.py:120} INFO - [2024-09-23T12:47:33.531+0000] {dagbag.py:537} INFO - Filling up the DagBag from /home/airflow/.local/lib/python3.7/site-packages/airflow/example_dags/example_kubernetes_executor.py
[2024-09-23T12:47:33.561+0000] {processor.py:766} INFO - DAG(s) dict_keys(['example_kubernetes_executor']) retrieved from /home/airflow/.local/lib/python3.7/site-packages/airflow/example_dags/example_kubernetes_executor.py
[2024-09-23T12:47:33.604+0000] {logging_mixin.py:120} INFO - [2024-09-23T12:47:33.604+0000] {dag.py:2585} INFO - Sync 1 DAGs
[2024-09-23T12:47:33.632+0000] {logging_mixin.py:120} INFO - [2024-09-23T12:47:33.632+0000] {dag.py:3340} INFO - Setting next_dagrun for example_kubernetes_executor to None, run_after=None
[2024-09-23T12:47:33.656+0000] {processor.py:176} INFO - Processing /home/airflow/.local/lib/python3.7/site-packages/airflow/example_dags/example_kubernetes_executor.py took 0.129 seconds
[2024-09-23T12:48:03.709+0000] {processor.py:154} INFO - Started process (PID=9486) to work on /home/airflow/.local/lib/python3.7/site-packages/airflow/example_dags/example_kubernetes_executor.py
[2024-09-23T12:48:03.711+0000] {processor.py:756} INFO - Processing file /home/airflow/.local/lib/python3.7/site-packages/airflow/example_dags/example_kubernetes_executor.py for tasks to queue
[2024-09-23T12:48:03.712+0000] {logging_mixin.py:120} INFO - [2024-09-23T12:48:03.712+0000] {dagbag.py:537} INFO - Filling up the DagBag from /home/airflow/.local/lib/python3.7/site-packages/airflow/example_dags/example_kubernetes_executor.py
[2024-09-23T12:48:03.754+0000] {processor.py:766} INFO - DAG(s) dict_keys(['example_kubernetes_executor']) retrieved from /home/airflow/.local/lib/python3.7/site-packages/airflow/example_dags/example_kubernetes_executor.py
[2024-09-23T12:48:03.812+0000] {logging_mixin.py:120} INFO - [2024-09-23T12:48:03.812+0000] {dag.py:2585} INFO - Sync 1 DAGs
[2024-09-23T12:48:03.847+0000] {logging_mixin.py:120} INFO - [2024-09-23T12:48:03.847+0000] {dag.py:3340} INFO - Setting next_dagrun for example_kubernetes_executor to None, run_after=None
[2024-09-23T12:48:03.879+0000] {processor.py:176} INFO - Processing /home/airflow/.local/lib/python3.7/site-packages/airflow/example_dags/example_kubernetes_executor.py took 0.174 seconds
[2024-09-23T12:48:33.945+0000] {processor.py:154} INFO - Started process (PID=9549) to work on /home/airflow/.local/lib/python3.7/site-packages/airflow/example_dags/example_kubernetes_executor.py
[2024-09-23T12:48:33.947+0000] {processor.py:756} INFO - Processing file /home/airflow/.local/lib/python3.7/site-packages/airflow/example_dags/example_kubernetes_executor.py for tasks to queue
[2024-09-23T12:48:33.948+0000] {logging_mixin.py:120} INFO - [2024-09-23T12:48:33.948+0000] {dagbag.py:537} INFO - Filling up the DagBag from /home/airflow/.local/lib/python3.7/site-packages/airflow/example_dags/example_kubernetes_executor.py
[2024-09-23T12:48:33.986+0000] {processor.py:766} INFO - DAG(s) dict_keys(['example_kubernetes_executor']) retrieved from /home/airflow/.local/lib/python3.7/site-packages/airflow/example_dags/example_kubernetes_executor.py
[2024-09-23T12:48:34.037+0000] {logging_mixin.py:120} INFO - [2024-09-23T12:48:34.037+0000] {dag.py:2585} INFO - Sync 1 DAGs
[2024-09-23T12:48:34.073+0000] {logging_mixin.py:120} INFO - [2024-09-23T12:48:34.072+0000] {dag.py:3340} INFO - Setting next_dagrun for example_kubernetes_executor to None, run_after=None
[2024-09-23T12:48:34.098+0000] {processor.py:176} INFO - Processing /home/airflow/.local/lib/python3.7/site-packages/airflow/example_dags/example_kubernetes_executor.py took 0.157 seconds
[2024-09-23T12:49:04.213+0000] {processor.py:154} INFO - Started process (PID=9612) to work on /home/airflow/.local/lib/python3.7/site-packages/airflow/example_dags/example_kubernetes_executor.py
[2024-09-23T12:49:04.215+0000] {processor.py:756} INFO - Processing file /home/airflow/.local/lib/python3.7/site-packages/airflow/example_dags/example_kubernetes_executor.py for tasks to queue
[2024-09-23T12:49:04.216+0000] {logging_mixin.py:120} INFO - [2024-09-23T12:49:04.216+0000] {dagbag.py:537} INFO - Filling up the DagBag from /home/airflow/.local/lib/python3.7/site-packages/airflow/example_dags/example_kubernetes_executor.py
[2024-09-23T12:49:04.253+0000] {processor.py:766} INFO - DAG(s) dict_keys(['example_kubernetes_executor']) retrieved from /home/airflow/.local/lib/python3.7/site-packages/airflow/example_dags/example_kubernetes_executor.py
[2024-09-23T12:49:04.308+0000] {logging_mixin.py:120} INFO - [2024-09-23T12:49:04.308+0000] {dag.py:2585} INFO - Sync 1 DAGs
[2024-09-23T12:49:04.337+0000] {logging_mixin.py:120} INFO - [2024-09-23T12:49:04.337+0000] {dag.py:3340} INFO - Setting next_dagrun for example_kubernetes_executor to None, run_after=None
[2024-09-23T12:49:04.360+0000] {processor.py:176} INFO - Processing /home/airflow/.local/lib/python3.7/site-packages/airflow/example_dags/example_kubernetes_executor.py took 0.151 seconds
[2024-09-23T12:49:34.423+0000] {processor.py:154} INFO - Started process (PID=9667) to work on /home/airflow/.local/lib/python3.7/site-packages/airflow/example_dags/example_kubernetes_executor.py
[2024-09-23T12:49:34.426+0000] {processor.py:756} INFO - Processing file /home/airflow/.local/lib/python3.7/site-packages/airflow/example_dags/example_kubernetes_executor.py for tasks to queue
[2024-09-23T12:49:34.427+0000] {logging_mixin.py:120} INFO - [2024-09-23T12:49:34.427+0000] {dagbag.py:537} INFO - Filling up the DagBag from /home/airflow/.local/lib/python3.7/site-packages/airflow/example_dags/example_kubernetes_executor.py
[2024-09-23T12:49:34.465+0000] {processor.py:766} INFO - DAG(s) dict_keys(['example_kubernetes_executor']) retrieved from /home/airflow/.local/lib/python3.7/site-packages/airflow/example_dags/example_kubernetes_executor.py
[2024-09-23T12:49:34.521+0000] {logging_mixin.py:120} INFO - [2024-09-23T12:49:34.520+0000] {dag.py:2585} INFO - Sync 1 DAGs
[2024-09-23T12:49:34.553+0000] {logging_mixin.py:120} INFO - [2024-09-23T12:49:34.553+0000] {dag.py:3340} INFO - Setting next_dagrun for example_kubernetes_executor to None, run_after=None
[2024-09-23T12:49:34.580+0000] {processor.py:176} INFO - Processing /home/airflow/.local/lib/python3.7/site-packages/airflow/example_dags/example_kubernetes_executor.py took 0.161 seconds
[2024-09-23T12:50:04.752+0000] {processor.py:154} INFO - Started process (PID=9730) to work on /home/airflow/.local/lib/python3.7/site-packages/airflow/example_dags/example_kubernetes_executor.py
[2024-09-23T12:50:04.755+0000] {processor.py:756} INFO - Processing file /home/airflow/.local/lib/python3.7/site-packages/airflow/example_dags/example_kubernetes_executor.py for tasks to queue
[2024-09-23T12:50:04.756+0000] {logging_mixin.py:120} INFO - [2024-09-23T12:50:04.756+0000] {dagbag.py:537} INFO - Filling up the DagBag from /home/airflow/.local/lib/python3.7/site-packages/airflow/example_dags/example_kubernetes_executor.py
[2024-09-23T12:50:04.794+0000] {processor.py:766} INFO - DAG(s) dict_keys(['example_kubernetes_executor']) retrieved from /home/airflow/.local/lib/python3.7/site-packages/airflow/example_dags/example_kubernetes_executor.py
[2024-09-23T12:50:04.846+0000] {logging_mixin.py:120} INFO - [2024-09-23T12:50:04.845+0000] {dag.py:2585} INFO - Sync 1 DAGs
[2024-09-23T12:50:04.876+0000] {logging_mixin.py:120} INFO - [2024-09-23T12:50:04.876+0000] {dag.py:3340} INFO - Setting next_dagrun for example_kubernetes_executor to None, run_after=None
[2024-09-23T12:50:04.901+0000] {processor.py:176} INFO - Processing /home/airflow/.local/lib/python3.7/site-packages/airflow/example_dags/example_kubernetes_executor.py took 0.153 seconds
[2024-09-23T12:50:35.167+0000] {processor.py:154} INFO - Started process (PID=9794) to work on /home/airflow/.local/lib/python3.7/site-packages/airflow/example_dags/example_kubernetes_executor.py
[2024-09-23T12:50:35.169+0000] {processor.py:756} INFO - Processing file /home/airflow/.local/lib/python3.7/site-packages/airflow/example_dags/example_kubernetes_executor.py for tasks to queue
[2024-09-23T12:50:35.170+0000] {logging_mixin.py:120} INFO - [2024-09-23T12:50:35.170+0000] {dagbag.py:537} INFO - Filling up the DagBag from /home/airflow/.local/lib/python3.7/site-packages/airflow/example_dags/example_kubernetes_executor.py
[2024-09-23T12:50:35.209+0000] {processor.py:766} INFO - DAG(s) dict_keys(['example_kubernetes_executor']) retrieved from /home/airflow/.local/lib/python3.7/site-packages/airflow/example_dags/example_kubernetes_executor.py
[2024-09-23T12:50:35.262+0000] {logging_mixin.py:120} INFO - [2024-09-23T12:50:35.262+0000] {dag.py:2585} INFO - Sync 1 DAGs
[2024-09-23T12:50:35.294+0000] {logging_mixin.py:120} INFO - [2024-09-23T12:50:35.294+0000] {dag.py:3340} INFO - Setting next_dagrun for example_kubernetes_executor to None, run_after=None
[2024-09-23T12:50:35.315+0000] {processor.py:176} INFO - Processing /home/airflow/.local/lib/python3.7/site-packages/airflow/example_dags/example_kubernetes_executor.py took 0.153 seconds
[2024-09-23T12:51:05.485+0000] {processor.py:154} INFO - Started process (PID=9857) to work on /home/airflow/.local/lib/python3.7/site-packages/airflow/example_dags/example_kubernetes_executor.py
[2024-09-23T12:51:05.486+0000] {processor.py:756} INFO - Processing file /home/airflow/.local/lib/python3.7/site-packages/airflow/example_dags/example_kubernetes_executor.py for tasks to queue
[2024-09-23T12:51:05.487+0000] {logging_mixin.py:120} INFO - [2024-09-23T12:51:05.487+0000] {dagbag.py:537} INFO - Filling up the DagBag from /home/airflow/.local/lib/python3.7/site-packages/airflow/example_dags/example_kubernetes_executor.py
[2024-09-23T12:51:05.526+0000] {processor.py:766} INFO - DAG(s) dict_keys(['example_kubernetes_executor']) retrieved from /home/airflow/.local/lib/python3.7/site-packages/airflow/example_dags/example_kubernetes_executor.py
[2024-09-23T12:51:05.581+0000] {logging_mixin.py:120} INFO - [2024-09-23T12:51:05.581+0000] {dag.py:2585} INFO - Sync 1 DAGs
[2024-09-23T12:51:05.610+0000] {logging_mixin.py:120} INFO - [2024-09-23T12:51:05.610+0000] {dag.py:3340} INFO - Setting next_dagrun for example_kubernetes_executor to None, run_after=None
[2024-09-23T12:51:05.631+0000] {processor.py:176} INFO - Processing /home/airflow/.local/lib/python3.7/site-packages/airflow/example_dags/example_kubernetes_executor.py took 0.150 seconds
[2024-09-23T12:51:35.711+0000] {processor.py:154} INFO - Started process (PID=9912) to work on /home/airflow/.local/lib/python3.7/site-packages/airflow/example_dags/example_kubernetes_executor.py
[2024-09-23T12:51:35.713+0000] {processor.py:756} INFO - Processing file /home/airflow/.local/lib/python3.7/site-packages/airflow/example_dags/example_kubernetes_executor.py for tasks to queue
[2024-09-23T12:51:35.714+0000] {logging_mixin.py:120} INFO - [2024-09-23T12:51:35.714+0000] {dagbag.py:537} INFO - Filling up the DagBag from /home/airflow/.local/lib/python3.7/site-packages/airflow/example_dags/example_kubernetes_executor.py
[2024-09-23T12:51:35.742+0000] {processor.py:766} INFO - DAG(s) dict_keys(['example_kubernetes_executor']) retrieved from /home/airflow/.local/lib/python3.7/site-packages/airflow/example_dags/example_kubernetes_executor.py
[2024-09-23T12:51:35.787+0000] {logging_mixin.py:120} INFO - [2024-09-23T12:51:35.787+0000] {dag.py:2585} INFO - Sync 1 DAGs
[2024-09-23T12:51:35.814+0000] {logging_mixin.py:120} INFO - [2024-09-23T12:51:35.814+0000] {dag.py:3340} INFO - Setting next_dagrun for example_kubernetes_executor to None, run_after=None
[2024-09-23T12:51:35.833+0000] {processor.py:176} INFO - Processing /home/airflow/.local/lib/python3.7/site-packages/airflow/example_dags/example_kubernetes_executor.py took 0.125 seconds
[2024-09-23T12:52:06.035+0000] {processor.py:154} INFO - Started process (PID=9975) to work on /home/airflow/.local/lib/python3.7/site-packages/airflow/example_dags/example_kubernetes_executor.py
[2024-09-23T12:52:06.037+0000] {processor.py:756} INFO - Processing file /home/airflow/.local/lib/python3.7/site-packages/airflow/example_dags/example_kubernetes_executor.py for tasks to queue
[2024-09-23T12:52:06.038+0000] {logging_mixin.py:120} INFO - [2024-09-23T12:52:06.037+0000] {dagbag.py:537} INFO - Filling up the DagBag from /home/airflow/.local/lib/python3.7/site-packages/airflow/example_dags/example_kubernetes_executor.py
[2024-09-23T12:52:06.072+0000] {processor.py:766} INFO - DAG(s) dict_keys(['example_kubernetes_executor']) retrieved from /home/airflow/.local/lib/python3.7/site-packages/airflow/example_dags/example_kubernetes_executor.py
[2024-09-23T12:52:06.122+0000] {logging_mixin.py:120} INFO - [2024-09-23T12:52:06.122+0000] {dag.py:2585} INFO - Sync 1 DAGs
[2024-09-23T12:52:06.151+0000] {logging_mixin.py:120} INFO - [2024-09-23T12:52:06.151+0000] {dag.py:3340} INFO - Setting next_dagrun for example_kubernetes_executor to None, run_after=None
[2024-09-23T12:52:06.172+0000] {processor.py:176} INFO - Processing /home/airflow/.local/lib/python3.7/site-packages/airflow/example_dags/example_kubernetes_executor.py took 0.141 seconds
[2024-09-23T12:52:36.314+0000] {processor.py:154} INFO - Started process (PID=10036) to work on /home/airflow/.local/lib/python3.7/site-packages/airflow/example_dags/example_kubernetes_executor.py
[2024-09-23T12:52:36.316+0000] {processor.py:756} INFO - Processing file /home/airflow/.local/lib/python3.7/site-packages/airflow/example_dags/example_kubernetes_executor.py for tasks to queue
[2024-09-23T12:52:36.317+0000] {logging_mixin.py:120} INFO - [2024-09-23T12:52:36.317+0000] {dagbag.py:537} INFO - Filling up the DagBag from /home/airflow/.local/lib/python3.7/site-packages/airflow/example_dags/example_kubernetes_executor.py
[2024-09-23T12:52:36.352+0000] {processor.py:766} INFO - DAG(s) dict_keys(['example_kubernetes_executor']) retrieved from /home/airflow/.local/lib/python3.7/site-packages/airflow/example_dags/example_kubernetes_executor.py
[2024-09-23T12:52:36.405+0000] {logging_mixin.py:120} INFO - [2024-09-23T12:52:36.405+0000] {dag.py:2585} INFO - Sync 1 DAGs
[2024-09-23T12:52:36.441+0000] {logging_mixin.py:120} INFO - [2024-09-23T12:52:36.441+0000] {dag.py:3340} INFO - Setting next_dagrun for example_kubernetes_executor to None, run_after=None
[2024-09-23T12:52:36.474+0000] {processor.py:176} INFO - Processing /home/airflow/.local/lib/python3.7/site-packages/airflow/example_dags/example_kubernetes_executor.py took 0.164 seconds
[2024-09-23T12:53:06.686+0000] {processor.py:154} INFO - Started process (PID=10090) to work on /home/airflow/.local/lib/python3.7/site-packages/airflow/example_dags/example_kubernetes_executor.py
[2024-09-23T12:53:06.689+0000] {processor.py:756} INFO - Processing file /home/airflow/.local/lib/python3.7/site-packages/airflow/example_dags/example_kubernetes_executor.py for tasks to queue
[2024-09-23T12:53:06.690+0000] {logging_mixin.py:120} INFO - [2024-09-23T12:53:06.689+0000] {dagbag.py:537} INFO - Filling up the DagBag from /home/airflow/.local/lib/python3.7/site-packages/airflow/example_dags/example_kubernetes_executor.py
[2024-09-23T12:53:06.725+0000] {processor.py:766} INFO - DAG(s) dict_keys(['example_kubernetes_executor']) retrieved from /home/airflow/.local/lib/python3.7/site-packages/airflow/example_dags/example_kubernetes_executor.py
[2024-09-23T12:53:06.782+0000] {logging_mixin.py:120} INFO - [2024-09-23T12:53:06.782+0000] {dag.py:2585} INFO - Sync 1 DAGs
[2024-09-23T12:53:06.818+0000] {logging_mixin.py:120} INFO - [2024-09-23T12:53:06.818+0000] {dag.py:3340} INFO - Setting next_dagrun for example_kubernetes_executor to None, run_after=None
[2024-09-23T12:53:06.846+0000] {processor.py:176} INFO - Processing /home/airflow/.local/lib/python3.7/site-packages/airflow/example_dags/example_kubernetes_executor.py took 0.164 seconds
[2024-09-23T12:53:37.008+0000] {processor.py:154} INFO - Started process (PID=10155) to work on /home/airflow/.local/lib/python3.7/site-packages/airflow/example_dags/example_kubernetes_executor.py
[2024-09-23T12:53:37.010+0000] {processor.py:756} INFO - Processing file /home/airflow/.local/lib/python3.7/site-packages/airflow/example_dags/example_kubernetes_executor.py for tasks to queue
[2024-09-23T12:53:37.011+0000] {logging_mixin.py:120} INFO - [2024-09-23T12:53:37.011+0000] {dagbag.py:537} INFO - Filling up the DagBag from /home/airflow/.local/lib/python3.7/site-packages/airflow/example_dags/example_kubernetes_executor.py
[2024-09-23T12:53:37.050+0000] {processor.py:766} INFO - DAG(s) dict_keys(['example_kubernetes_executor']) retrieved from /home/airflow/.local/lib/python3.7/site-packages/airflow/example_dags/example_kubernetes_executor.py
[2024-09-23T12:53:37.103+0000] {logging_mixin.py:120} INFO - [2024-09-23T12:53:37.103+0000] {dag.py:2585} INFO - Sync 1 DAGs
[2024-09-23T12:53:37.135+0000] {logging_mixin.py:120} INFO - [2024-09-23T12:53:37.135+0000] {dag.py:3340} INFO - Setting next_dagrun for example_kubernetes_executor to None, run_after=None
[2024-09-23T12:53:37.160+0000] {processor.py:176} INFO - Processing /home/airflow/.local/lib/python3.7/site-packages/airflow/example_dags/example_kubernetes_executor.py took 0.158 seconds
[2024-09-23T12:54:07.321+0000] {processor.py:154} INFO - Started process (PID=10217) to work on /home/airflow/.local/lib/python3.7/site-packages/airflow/example_dags/example_kubernetes_executor.py
[2024-09-23T12:54:07.323+0000] {processor.py:756} INFO - Processing file /home/airflow/.local/lib/python3.7/site-packages/airflow/example_dags/example_kubernetes_executor.py for tasks to queue
[2024-09-23T12:54:07.324+0000] {logging_mixin.py:120} INFO - [2024-09-23T12:54:07.324+0000] {dagbag.py:537} INFO - Filling up the DagBag from /home/airflow/.local/lib/python3.7/site-packages/airflow/example_dags/example_kubernetes_executor.py
[2024-09-23T12:54:07.359+0000] {processor.py:766} INFO - DAG(s) dict_keys(['example_kubernetes_executor']) retrieved from /home/airflow/.local/lib/python3.7/site-packages/airflow/example_dags/example_kubernetes_executor.py
[2024-09-23T12:54:07.409+0000] {logging_mixin.py:120} INFO - [2024-09-23T12:54:07.409+0000] {dag.py:2585} INFO - Sync 1 DAGs
[2024-09-23T12:54:07.441+0000] {logging_mixin.py:120} INFO - [2024-09-23T12:54:07.441+0000] {dag.py:3340} INFO - Setting next_dagrun for example_kubernetes_executor to None, run_after=None
[2024-09-23T12:54:07.472+0000] {processor.py:176} INFO - Processing /home/airflow/.local/lib/python3.7/site-packages/airflow/example_dags/example_kubernetes_executor.py took 0.154 seconds
[2024-09-23T12:54:37.848+0000] {processor.py:154} INFO - Started process (PID=10278) to work on /home/airflow/.local/lib/python3.7/site-packages/airflow/example_dags/example_kubernetes_executor.py
[2024-09-23T12:54:37.851+0000] {processor.py:756} INFO - Processing file /home/airflow/.local/lib/python3.7/site-packages/airflow/example_dags/example_kubernetes_executor.py for tasks to queue
[2024-09-23T12:54:37.853+0000] {logging_mixin.py:120} INFO - [2024-09-23T12:54:37.852+0000] {dagbag.py:537} INFO - Filling up the DagBag from /home/airflow/.local/lib/python3.7/site-packages/airflow/example_dags/example_kubernetes_executor.py
[2024-09-23T12:54:37.900+0000] {processor.py:766} INFO - DAG(s) dict_keys(['example_kubernetes_executor']) retrieved from /home/airflow/.local/lib/python3.7/site-packages/airflow/example_dags/example_kubernetes_executor.py
[2024-09-23T12:54:37.965+0000] {logging_mixin.py:120} INFO - [2024-09-23T12:54:37.965+0000] {dag.py:2585} INFO - Sync 1 DAGs
[2024-09-23T12:54:38.003+0000] {logging_mixin.py:120} INFO - [2024-09-23T12:54:38.003+0000] {dag.py:3340} INFO - Setting next_dagrun for example_kubernetes_executor to None, run_after=None
[2024-09-23T12:54:38.029+0000] {processor.py:176} INFO - Processing /home/airflow/.local/lib/python3.7/site-packages/airflow/example_dags/example_kubernetes_executor.py took 0.186 seconds
[2024-09-23T12:55:08.416+0000] {processor.py:154} INFO - Started process (PID=10334) to work on /home/airflow/.local/lib/python3.7/site-packages/airflow/example_dags/example_kubernetes_executor.py
[2024-09-23T12:55:08.418+0000] {processor.py:756} INFO - Processing file /home/airflow/.local/lib/python3.7/site-packages/airflow/example_dags/example_kubernetes_executor.py for tasks to queue
[2024-09-23T12:55:08.419+0000] {logging_mixin.py:120} INFO - [2024-09-23T12:55:08.419+0000] {dagbag.py:537} INFO - Filling up the DagBag from /home/airflow/.local/lib/python3.7/site-packages/airflow/example_dags/example_kubernetes_executor.py
[2024-09-23T12:55:08.456+0000] {processor.py:766} INFO - DAG(s) dict_keys(['example_kubernetes_executor']) retrieved from /home/airflow/.local/lib/python3.7/site-packages/airflow/example_dags/example_kubernetes_executor.py
[2024-09-23T12:55:08.512+0000] {logging_mixin.py:120} INFO - [2024-09-23T12:55:08.512+0000] {dag.py:2585} INFO - Sync 1 DAGs
[2024-09-23T12:55:08.547+0000] {logging_mixin.py:120} INFO - [2024-09-23T12:55:08.547+0000] {dag.py:3340} INFO - Setting next_dagrun for example_kubernetes_executor to None, run_after=None
[2024-09-23T12:55:08.570+0000] {processor.py:176} INFO - Processing /home/airflow/.local/lib/python3.7/site-packages/airflow/example_dags/example_kubernetes_executor.py took 0.158 seconds
[2024-09-23T12:55:38.778+0000] {processor.py:154} INFO - Started process (PID=10398) to work on /home/airflow/.local/lib/python3.7/site-packages/airflow/example_dags/example_kubernetes_executor.py
[2024-09-23T12:55:38.780+0000] {processor.py:756} INFO - Processing file /home/airflow/.local/lib/python3.7/site-packages/airflow/example_dags/example_kubernetes_executor.py for tasks to queue
[2024-09-23T12:55:38.782+0000] {logging_mixin.py:120} INFO - [2024-09-23T12:55:38.781+0000] {dagbag.py:537} INFO - Filling up the DagBag from /home/airflow/.local/lib/python3.7/site-packages/airflow/example_dags/example_kubernetes_executor.py
[2024-09-23T12:55:38.817+0000] {processor.py:766} INFO - DAG(s) dict_keys(['example_kubernetes_executor']) retrieved from /home/airflow/.local/lib/python3.7/site-packages/airflow/example_dags/example_kubernetes_executor.py
[2024-09-23T12:55:38.872+0000] {logging_mixin.py:120} INFO - [2024-09-23T12:55:38.872+0000] {dag.py:2585} INFO - Sync 1 DAGs
[2024-09-23T12:55:38.904+0000] {logging_mixin.py:120} INFO - [2024-09-23T12:55:38.904+0000] {dag.py:3340} INFO - Setting next_dagrun for example_kubernetes_executor to None, run_after=None
[2024-09-23T12:55:38.932+0000] {processor.py:176} INFO - Processing /home/airflow/.local/lib/python3.7/site-packages/airflow/example_dags/example_kubernetes_executor.py took 0.158 seconds
[2024-09-23T12:56:09.569+0000] {processor.py:154} INFO - Started process (PID=10460) to work on /home/airflow/.local/lib/python3.7/site-packages/airflow/example_dags/example_kubernetes_executor.py
[2024-09-23T12:56:09.572+0000] {processor.py:756} INFO - Processing file /home/airflow/.local/lib/python3.7/site-packages/airflow/example_dags/example_kubernetes_executor.py for tasks to queue
[2024-09-23T12:56:09.573+0000] {logging_mixin.py:120} INFO - [2024-09-23T12:56:09.573+0000] {dagbag.py:537} INFO - Filling up the DagBag from /home/airflow/.local/lib/python3.7/site-packages/airflow/example_dags/example_kubernetes_executor.py
[2024-09-23T12:56:09.614+0000] {processor.py:766} INFO - DAG(s) dict_keys(['example_kubernetes_executor']) retrieved from /home/airflow/.local/lib/python3.7/site-packages/airflow/example_dags/example_kubernetes_executor.py
[2024-09-23T12:56:09.681+0000] {logging_mixin.py:120} INFO - [2024-09-23T12:56:09.681+0000] {dag.py:2585} INFO - Sync 1 DAGs
[2024-09-23T12:56:09.721+0000] {logging_mixin.py:120} INFO - [2024-09-23T12:56:09.721+0000] {dag.py:3340} INFO - Setting next_dagrun for example_kubernetes_executor to None, run_after=None
[2024-09-23T12:56:09.754+0000] {processor.py:176} INFO - Processing /home/airflow/.local/lib/python3.7/site-packages/airflow/example_dags/example_kubernetes_executor.py took 0.189 seconds
[2024-09-23T12:56:39.987+0000] {processor.py:154} INFO - Started process (PID=10516) to work on /home/airflow/.local/lib/python3.7/site-packages/airflow/example_dags/example_kubernetes_executor.py
[2024-09-23T12:56:39.988+0000] {processor.py:756} INFO - Processing file /home/airflow/.local/lib/python3.7/site-packages/airflow/example_dags/example_kubernetes_executor.py for tasks to queue
[2024-09-23T12:56:39.989+0000] {logging_mixin.py:120} INFO - [2024-09-23T12:56:39.989+0000] {dagbag.py:537} INFO - Filling up the DagBag from /home/airflow/.local/lib/python3.7/site-packages/airflow/example_dags/example_kubernetes_executor.py
[2024-09-23T12:56:40.024+0000] {processor.py:766} INFO - DAG(s) dict_keys(['example_kubernetes_executor']) retrieved from /home/airflow/.local/lib/python3.7/site-packages/airflow/example_dags/example_kubernetes_executor.py
[2024-09-23T12:56:40.075+0000] {logging_mixin.py:120} INFO - [2024-09-23T12:56:40.075+0000] {dag.py:2585} INFO - Sync 1 DAGs
[2024-09-23T12:56:40.107+0000] {logging_mixin.py:120} INFO - [2024-09-23T12:56:40.107+0000] {dag.py:3340} INFO - Setting next_dagrun for example_kubernetes_executor to None, run_after=None
[2024-09-23T12:56:40.131+0000] {processor.py:176} INFO - Processing /home/airflow/.local/lib/python3.7/site-packages/airflow/example_dags/example_kubernetes_executor.py took 0.148 seconds
[2024-09-23T12:57:10.670+0000] {processor.py:154} INFO - Started process (PID=10579) to work on /home/airflow/.local/lib/python3.7/site-packages/airflow/example_dags/example_kubernetes_executor.py
[2024-09-23T12:57:10.672+0000] {processor.py:756} INFO - Processing file /home/airflow/.local/lib/python3.7/site-packages/airflow/example_dags/example_kubernetes_executor.py for tasks to queue
[2024-09-23T12:57:10.673+0000] {logging_mixin.py:120} INFO - [2024-09-23T12:57:10.673+0000] {dagbag.py:537} INFO - Filling up the DagBag from /home/airflow/.local/lib/python3.7/site-packages/airflow/example_dags/example_kubernetes_executor.py
[2024-09-23T12:57:10.709+0000] {processor.py:766} INFO - DAG(s) dict_keys(['example_kubernetes_executor']) retrieved from /home/airflow/.local/lib/python3.7/site-packages/airflow/example_dags/example_kubernetes_executor.py
[2024-09-23T12:57:10.767+0000] {logging_mixin.py:120} INFO - [2024-09-23T12:57:10.767+0000] {dag.py:2585} INFO - Sync 1 DAGs
[2024-09-23T12:57:10.802+0000] {logging_mixin.py:120} INFO - [2024-09-23T12:57:10.802+0000] {dag.py:3340} INFO - Setting next_dagrun for example_kubernetes_executor to None, run_after=None
[2024-09-23T12:57:10.832+0000] {processor.py:176} INFO - Processing /home/airflow/.local/lib/python3.7/site-packages/airflow/example_dags/example_kubernetes_executor.py took 0.166 seconds
[2024-09-23T13:27:35.102+0000] {processor.py:154} INFO - Started process (PID=10643) to work on /home/airflow/.local/lib/python3.7/site-packages/airflow/example_dags/example_kubernetes_executor.py
[2024-09-23T13:27:35.104+0000] {processor.py:756} INFO - Processing file /home/airflow/.local/lib/python3.7/site-packages/airflow/example_dags/example_kubernetes_executor.py for tasks to queue
[2024-09-23T13:27:35.106+0000] {logging_mixin.py:120} INFO - [2024-09-23T13:27:35.105+0000] {dagbag.py:537} INFO - Filling up the DagBag from /home/airflow/.local/lib/python3.7/site-packages/airflow/example_dags/example_kubernetes_executor.py
[2024-09-23T13:27:35.240+0000] {processor.py:766} INFO - DAG(s) dict_keys(['example_kubernetes_executor']) retrieved from /home/airflow/.local/lib/python3.7/site-packages/airflow/example_dags/example_kubernetes_executor.py
[2024-09-23T13:27:35.674+0000] {logging_mixin.py:120} INFO - [2024-09-23T13:27:35.673+0000] {dag.py:2585} INFO - Sync 1 DAGs
[2024-09-23T13:27:35.974+0000] {logging_mixin.py:120} INFO - [2024-09-23T13:27:35.971+0000] {dag.py:3340} INFO - Setting next_dagrun for example_kubernetes_executor to None, run_after=None
[2024-09-23T13:27:36.158+0000] {processor.py:176} INFO - Processing /home/airflow/.local/lib/python3.7/site-packages/airflow/example_dags/example_kubernetes_executor.py took 1.061 seconds
[2024-09-23T13:28:17.714+0000] {processor.py:154} INFO - Started process (PID=10705) to work on /home/airflow/.local/lib/python3.7/site-packages/airflow/example_dags/example_kubernetes_executor.py
[2024-09-23T13:28:17.728+0000] {processor.py:756} INFO - Processing file /home/airflow/.local/lib/python3.7/site-packages/airflow/example_dags/example_kubernetes_executor.py for tasks to queue
[2024-09-23T13:28:17.734+0000] {logging_mixin.py:120} INFO - [2024-09-23T13:28:17.733+0000] {dagbag.py:537} INFO - Filling up the DagBag from /home/airflow/.local/lib/python3.7/site-packages/airflow/example_dags/example_kubernetes_executor.py
[2024-09-23T13:28:17.915+0000] {processor.py:766} INFO - DAG(s) dict_keys(['example_kubernetes_executor']) retrieved from /home/airflow/.local/lib/python3.7/site-packages/airflow/example_dags/example_kubernetes_executor.py
[2024-09-23T13:28:18.167+0000] {logging_mixin.py:120} INFO - [2024-09-23T13:28:18.167+0000] {dag.py:2585} INFO - Sync 1 DAGs
[2024-09-23T13:28:18.322+0000] {logging_mixin.py:120} INFO - [2024-09-23T13:28:18.321+0000] {dag.py:3340} INFO - Setting next_dagrun for example_kubernetes_executor to None, run_after=None
[2024-09-23T13:28:18.429+0000] {processor.py:176} INFO - Processing /home/airflow/.local/lib/python3.7/site-packages/airflow/example_dags/example_kubernetes_executor.py took 0.734 seconds
[2024-09-23T13:28:49.653+0000] {processor.py:154} INFO - Started process (PID=10757) to work on /home/airflow/.local/lib/python3.7/site-packages/airflow/example_dags/example_kubernetes_executor.py
[2024-09-23T13:28:49.661+0000] {processor.py:756} INFO - Processing file /home/airflow/.local/lib/python3.7/site-packages/airflow/example_dags/example_kubernetes_executor.py for tasks to queue
[2024-09-23T13:28:49.665+0000] {logging_mixin.py:120} INFO - [2024-09-23T13:28:49.664+0000] {dagbag.py:537} INFO - Filling up the DagBag from /home/airflow/.local/lib/python3.7/site-packages/airflow/example_dags/example_kubernetes_executor.py
[2024-09-23T13:28:49.848+0000] {processor.py:766} INFO - DAG(s) dict_keys(['example_kubernetes_executor']) retrieved from /home/airflow/.local/lib/python3.7/site-packages/airflow/example_dags/example_kubernetes_executor.py
[2024-09-23T13:28:50.118+0000] {logging_mixin.py:120} INFO - [2024-09-23T13:28:50.117+0000] {dag.py:2585} INFO - Sync 1 DAGs
[2024-09-23T13:28:50.290+0000] {logging_mixin.py:120} INFO - [2024-09-23T13:28:50.289+0000] {dag.py:3340} INFO - Setting next_dagrun for example_kubernetes_executor to None, run_after=None
[2024-09-23T13:28:50.403+0000] {processor.py:176} INFO - Processing /home/airflow/.local/lib/python3.7/site-packages/airflow/example_dags/example_kubernetes_executor.py took 0.769 seconds
[2024-09-23T13:29:22.028+0000] {processor.py:154} INFO - Started process (PID=10804) to work on /home/airflow/.local/lib/python3.7/site-packages/airflow/example_dags/example_kubernetes_executor.py
[2024-09-23T13:29:22.039+0000] {processor.py:756} INFO - Processing file /home/airflow/.local/lib/python3.7/site-packages/airflow/example_dags/example_kubernetes_executor.py for tasks to queue
[2024-09-23T13:29:22.046+0000] {logging_mixin.py:120} INFO - [2024-09-23T13:29:22.046+0000] {dagbag.py:537} INFO - Filling up the DagBag from /home/airflow/.local/lib/python3.7/site-packages/airflow/example_dags/example_kubernetes_executor.py
[2024-09-23T13:29:22.189+0000] {processor.py:766} INFO - DAG(s) dict_keys(['example_kubernetes_executor']) retrieved from /home/airflow/.local/lib/python3.7/site-packages/airflow/example_dags/example_kubernetes_executor.py
[2024-09-23T13:29:22.393+0000] {logging_mixin.py:120} INFO - [2024-09-23T13:29:22.392+0000] {dag.py:2585} INFO - Sync 1 DAGs
[2024-09-23T13:29:22.532+0000] {logging_mixin.py:120} INFO - [2024-09-23T13:29:22.532+0000] {dag.py:3340} INFO - Setting next_dagrun for example_kubernetes_executor to None, run_after=None
[2024-09-23T13:29:22.621+0000] {processor.py:176} INFO - Processing /home/airflow/.local/lib/python3.7/site-packages/airflow/example_dags/example_kubernetes_executor.py took 0.610 seconds
[2024-09-23T13:29:53.745+0000] {processor.py:154} INFO - Started process (PID=10858) to work on /home/airflow/.local/lib/python3.7/site-packages/airflow/example_dags/example_kubernetes_executor.py
[2024-09-23T13:29:53.756+0000] {processor.py:756} INFO - Processing file /home/airflow/.local/lib/python3.7/site-packages/airflow/example_dags/example_kubernetes_executor.py for tasks to queue
[2024-09-23T13:29:53.762+0000] {logging_mixin.py:120} INFO - [2024-09-23T13:29:53.761+0000] {dagbag.py:537} INFO - Filling up the DagBag from /home/airflow/.local/lib/python3.7/site-packages/airflow/example_dags/example_kubernetes_executor.py
[2024-09-23T13:29:53.932+0000] {processor.py:766} INFO - DAG(s) dict_keys(['example_kubernetes_executor']) retrieved from /home/airflow/.local/lib/python3.7/site-packages/airflow/example_dags/example_kubernetes_executor.py
[2024-09-23T13:29:54.223+0000] {logging_mixin.py:120} INFO - [2024-09-23T13:29:54.222+0000] {dag.py:2585} INFO - Sync 1 DAGs
[2024-09-23T13:29:54.386+0000] {logging_mixin.py:120} INFO - [2024-09-23T13:29:54.385+0000] {dag.py:3340} INFO - Setting next_dagrun for example_kubernetes_executor to None, run_after=None
[2024-09-23T13:29:54.517+0000] {processor.py:176} INFO - Processing /home/airflow/.local/lib/python3.7/site-packages/airflow/example_dags/example_kubernetes_executor.py took 0.796 seconds
[2024-09-23T13:45:08.174+0000] {processor.py:154} INFO - Started process (PID=10903) to work on /home/airflow/.local/lib/python3.7/site-packages/airflow/example_dags/example_kubernetes_executor.py
[2024-09-23T13:45:08.176+0000] {processor.py:756} INFO - Processing file /home/airflow/.local/lib/python3.7/site-packages/airflow/example_dags/example_kubernetes_executor.py for tasks to queue
[2024-09-23T13:45:08.177+0000] {logging_mixin.py:120} INFO - [2024-09-23T13:45:08.177+0000] {dagbag.py:537} INFO - Filling up the DagBag from /home/airflow/.local/lib/python3.7/site-packages/airflow/example_dags/example_kubernetes_executor.py
[2024-09-23T13:45:08.212+0000] {processor.py:766} INFO - DAG(s) dict_keys(['example_kubernetes_executor']) retrieved from /home/airflow/.local/lib/python3.7/site-packages/airflow/example_dags/example_kubernetes_executor.py
[2024-09-23T13:45:08.268+0000] {logging_mixin.py:120} INFO - [2024-09-23T13:45:08.268+0000] {dag.py:2585} INFO - Sync 1 DAGs
[2024-09-23T13:45:08.300+0000] {logging_mixin.py:120} INFO - [2024-09-23T13:45:08.299+0000] {dag.py:3340} INFO - Setting next_dagrun for example_kubernetes_executor to None, run_after=None
[2024-09-23T13:45:08.325+0000] {processor.py:176} INFO - Processing /home/airflow/.local/lib/python3.7/site-packages/airflow/example_dags/example_kubernetes_executor.py took 0.156 seconds
[2024-09-23T13:45:52.046+0000] {processor.py:154} INFO - Started process (PID=10966) to work on /home/airflow/.local/lib/python3.7/site-packages/airflow/example_dags/example_kubernetes_executor.py
[2024-09-23T13:45:52.055+0000] {processor.py:756} INFO - Processing file /home/airflow/.local/lib/python3.7/site-packages/airflow/example_dags/example_kubernetes_executor.py for tasks to queue
[2024-09-23T13:45:52.060+0000] {logging_mixin.py:120} INFO - [2024-09-23T13:45:52.059+0000] {dagbag.py:537} INFO - Filling up the DagBag from /home/airflow/.local/lib/python3.7/site-packages/airflow/example_dags/example_kubernetes_executor.py
[2024-09-23T13:45:52.286+0000] {processor.py:766} INFO - DAG(s) dict_keys(['example_kubernetes_executor']) retrieved from /home/airflow/.local/lib/python3.7/site-packages/airflow/example_dags/example_kubernetes_executor.py
[2024-09-23T13:45:52.683+0000] {logging_mixin.py:120} INFO - [2024-09-23T13:45:52.682+0000] {dag.py:2585} INFO - Sync 1 DAGs
[2024-09-23T13:45:52.928+0000] {logging_mixin.py:120} INFO - [2024-09-23T13:45:52.927+0000] {dag.py:3340} INFO - Setting next_dagrun for example_kubernetes_executor to None, run_after=None
[2024-09-23T13:45:53.067+0000] {processor.py:176} INFO - Processing /home/airflow/.local/lib/python3.7/site-packages/airflow/example_dags/example_kubernetes_executor.py took 1.051 seconds
[2024-09-23T13:50:38.105+0000] {processor.py:154} INFO - Started process (PID=11018) to work on /home/airflow/.local/lib/python3.7/site-packages/airflow/example_dags/example_kubernetes_executor.py
[2024-09-23T13:50:38.114+0000] {processor.py:756} INFO - Processing file /home/airflow/.local/lib/python3.7/site-packages/airflow/example_dags/example_kubernetes_executor.py for tasks to queue
[2024-09-23T13:50:38.119+0000] {logging_mixin.py:120} INFO - [2024-09-23T13:50:38.119+0000] {dagbag.py:537} INFO - Filling up the DagBag from /home/airflow/.local/lib/python3.7/site-packages/airflow/example_dags/example_kubernetes_executor.py
[2024-09-23T13:50:38.387+0000] {processor.py:766} INFO - DAG(s) dict_keys(['example_kubernetes_executor']) retrieved from /home/airflow/.local/lib/python3.7/site-packages/airflow/example_dags/example_kubernetes_executor.py
[2024-09-23T13:50:38.845+0000] {logging_mixin.py:120} INFO - [2024-09-23T13:50:38.845+0000] {dag.py:2585} INFO - Sync 1 DAGs
[2024-09-23T13:50:39.108+0000] {logging_mixin.py:120} INFO - [2024-09-23T13:50:39.107+0000] {dag.py:3340} INFO - Setting next_dagrun for example_kubernetes_executor to None, run_after=None
[2024-09-23T13:50:39.283+0000] {processor.py:176} INFO - Processing /home/airflow/.local/lib/python3.7/site-packages/airflow/example_dags/example_kubernetes_executor.py took 1.206 seconds
[2024-09-23T13:51:09.816+0000] {processor.py:154} INFO - Started process (PID=11065) to work on /home/airflow/.local/lib/python3.7/site-packages/airflow/example_dags/example_kubernetes_executor.py
[2024-09-23T13:51:09.831+0000] {processor.py:756} INFO - Processing file /home/airflow/.local/lib/python3.7/site-packages/airflow/example_dags/example_kubernetes_executor.py for tasks to queue
[2024-09-23T13:51:09.840+0000] {logging_mixin.py:120} INFO - [2024-09-23T13:51:09.838+0000] {dagbag.py:537} INFO - Filling up the DagBag from /home/airflow/.local/lib/python3.7/site-packages/airflow/example_dags/example_kubernetes_executor.py
[2024-09-23T13:51:10.105+0000] {processor.py:766} INFO - DAG(s) dict_keys(['example_kubernetes_executor']) retrieved from /home/airflow/.local/lib/python3.7/site-packages/airflow/example_dags/example_kubernetes_executor.py
[2024-09-23T13:51:10.347+0000] {logging_mixin.py:120} INFO - [2024-09-23T13:51:10.346+0000] {dag.py:2585} INFO - Sync 1 DAGs
[2024-09-23T13:51:10.501+0000] {logging_mixin.py:120} INFO - [2024-09-23T13:51:10.501+0000] {dag.py:3340} INFO - Setting next_dagrun for example_kubernetes_executor to None, run_after=None
[2024-09-23T13:51:10.597+0000] {processor.py:176} INFO - Processing /home/airflow/.local/lib/python3.7/site-packages/airflow/example_dags/example_kubernetes_executor.py took 0.800 seconds
[2024-09-23T13:51:41.711+0000] {processor.py:154} INFO - Started process (PID=11119) to work on /home/airflow/.local/lib/python3.7/site-packages/airflow/example_dags/example_kubernetes_executor.py
[2024-09-23T13:51:41.724+0000] {processor.py:756} INFO - Processing file /home/airflow/.local/lib/python3.7/site-packages/airflow/example_dags/example_kubernetes_executor.py for tasks to queue
[2024-09-23T13:51:41.730+0000] {logging_mixin.py:120} INFO - [2024-09-23T13:51:41.729+0000] {dagbag.py:537} INFO - Filling up the DagBag from /home/airflow/.local/lib/python3.7/site-packages/airflow/example_dags/example_kubernetes_executor.py
[2024-09-23T13:51:41.943+0000] {processor.py:766} INFO - DAG(s) dict_keys(['example_kubernetes_executor']) retrieved from /home/airflow/.local/lib/python3.7/site-packages/airflow/example_dags/example_kubernetes_executor.py
[2024-09-23T13:51:42.218+0000] {logging_mixin.py:120} INFO - [2024-09-23T13:51:42.217+0000] {dag.py:2585} INFO - Sync 1 DAGs
[2024-09-23T13:51:42.372+0000] {logging_mixin.py:120} INFO - [2024-09-23T13:51:42.371+0000] {dag.py:3340} INFO - Setting next_dagrun for example_kubernetes_executor to None, run_after=None
[2024-09-23T13:51:42.482+0000] {processor.py:176} INFO - Processing /home/airflow/.local/lib/python3.7/site-packages/airflow/example_dags/example_kubernetes_executor.py took 0.816 seconds
[2024-09-23T14:07:39.625+0000] {processor.py:154} INFO - Started process (PID=11164) to work on /home/airflow/.local/lib/python3.7/site-packages/airflow/example_dags/example_kubernetes_executor.py
[2024-09-23T14:07:39.639+0000] {processor.py:756} INFO - Processing file /home/airflow/.local/lib/python3.7/site-packages/airflow/example_dags/example_kubernetes_executor.py for tasks to queue
[2024-09-23T14:07:39.645+0000] {logging_mixin.py:120} INFO - [2024-09-23T14:07:39.645+0000] {dagbag.py:537} INFO - Filling up the DagBag from /home/airflow/.local/lib/python3.7/site-packages/airflow/example_dags/example_kubernetes_executor.py
[2024-09-23T14:07:39.943+0000] {processor.py:766} INFO - DAG(s) dict_keys(['example_kubernetes_executor']) retrieved from /home/airflow/.local/lib/python3.7/site-packages/airflow/example_dags/example_kubernetes_executor.py
[2024-09-23T14:07:40.358+0000] {logging_mixin.py:120} INFO - [2024-09-23T14:07:40.357+0000] {dag.py:2585} INFO - Sync 1 DAGs
[2024-09-23T14:07:40.594+0000] {logging_mixin.py:120} INFO - [2024-09-23T14:07:40.593+0000] {dag.py:3340} INFO - Setting next_dagrun for example_kubernetes_executor to None, run_after=None
[2024-09-23T14:07:40.743+0000] {processor.py:176} INFO - Processing /home/airflow/.local/lib/python3.7/site-packages/airflow/example_dags/example_kubernetes_executor.py took 1.148 seconds
[2024-09-23T14:08:11.563+0000] {processor.py:154} INFO - Started process (PID=11218) to work on /home/airflow/.local/lib/python3.7/site-packages/airflow/example_dags/example_kubernetes_executor.py
[2024-09-23T14:08:11.566+0000] {processor.py:756} INFO - Processing file /home/airflow/.local/lib/python3.7/site-packages/airflow/example_dags/example_kubernetes_executor.py for tasks to queue
[2024-09-23T14:08:11.567+0000] {logging_mixin.py:120} INFO - [2024-09-23T14:08:11.567+0000] {dagbag.py:537} INFO - Filling up the DagBag from /home/airflow/.local/lib/python3.7/site-packages/airflow/example_dags/example_kubernetes_executor.py
[2024-09-23T14:08:11.606+0000] {processor.py:766} INFO - DAG(s) dict_keys(['example_kubernetes_executor']) retrieved from /home/airflow/.local/lib/python3.7/site-packages/airflow/example_dags/example_kubernetes_executor.py
[2024-09-23T14:08:11.659+0000] {logging_mixin.py:120} INFO - [2024-09-23T14:08:11.658+0000] {dag.py:2585} INFO - Sync 1 DAGs
[2024-09-23T14:08:11.692+0000] {logging_mixin.py:120} INFO - [2024-09-23T14:08:11.692+0000] {dag.py:3340} INFO - Setting next_dagrun for example_kubernetes_executor to None, run_after=None
[2024-09-23T14:08:11.715+0000] {processor.py:176} INFO - Processing /home/airflow/.local/lib/python3.7/site-packages/airflow/example_dags/example_kubernetes_executor.py took 0.156 seconds
[2024-09-23T14:23:58.531+0000] {processor.py:154} INFO - Started process (PID=11272) to work on /home/airflow/.local/lib/python3.7/site-packages/airflow/example_dags/example_kubernetes_executor.py
[2024-09-23T14:23:58.545+0000] {processor.py:756} INFO - Processing file /home/airflow/.local/lib/python3.7/site-packages/airflow/example_dags/example_kubernetes_executor.py for tasks to queue
[2024-09-23T14:23:58.553+0000] {logging_mixin.py:120} INFO - [2024-09-23T14:23:58.552+0000] {dagbag.py:537} INFO - Filling up the DagBag from /home/airflow/.local/lib/python3.7/site-packages/airflow/example_dags/example_kubernetes_executor.py
[2024-09-23T14:23:58.836+0000] {processor.py:766} INFO - DAG(s) dict_keys(['example_kubernetes_executor']) retrieved from /home/airflow/.local/lib/python3.7/site-packages/airflow/example_dags/example_kubernetes_executor.py
[2024-09-23T14:23:59.299+0000] {logging_mixin.py:120} INFO - [2024-09-23T14:23:59.297+0000] {dag.py:2585} INFO - Sync 1 DAGs
[2024-09-23T14:23:59.582+0000] {logging_mixin.py:120} INFO - [2024-09-23T14:23:59.581+0000] {dag.py:3340} INFO - Setting next_dagrun for example_kubernetes_executor to None, run_after=None
[2024-09-23T14:23:59.744+0000] {processor.py:176} INFO - Processing /home/airflow/.local/lib/python3.7/site-packages/airflow/example_dags/example_kubernetes_executor.py took 1.248 seconds
[2024-09-23T14:24:29.853+0000] {processor.py:154} INFO - Started process (PID=11317) to work on /home/airflow/.local/lib/python3.7/site-packages/airflow/example_dags/example_kubernetes_executor.py
[2024-09-23T14:24:29.855+0000] {processor.py:756} INFO - Processing file /home/airflow/.local/lib/python3.7/site-packages/airflow/example_dags/example_kubernetes_executor.py for tasks to queue
[2024-09-23T14:24:29.856+0000] {logging_mixin.py:120} INFO - [2024-09-23T14:24:29.856+0000] {dagbag.py:537} INFO - Filling up the DagBag from /home/airflow/.local/lib/python3.7/site-packages/airflow/example_dags/example_kubernetes_executor.py
[2024-09-23T14:24:29.894+0000] {processor.py:766} INFO - DAG(s) dict_keys(['example_kubernetes_executor']) retrieved from /home/airflow/.local/lib/python3.7/site-packages/airflow/example_dags/example_kubernetes_executor.py
[2024-09-23T14:24:29.956+0000] {logging_mixin.py:120} INFO - [2024-09-23T14:24:29.956+0000] {dag.py:2585} INFO - Sync 1 DAGs
[2024-09-23T14:24:29.988+0000] {logging_mixin.py:120} INFO - [2024-09-23T14:24:29.987+0000] {dag.py:3340} INFO - Setting next_dagrun for example_kubernetes_executor to None, run_after=None
[2024-09-23T14:24:30.008+0000] {processor.py:176} INFO - Processing /home/airflow/.local/lib/python3.7/site-packages/airflow/example_dags/example_kubernetes_executor.py took 0.159 seconds
[2024-09-23T14:28:37.156+0000] {processor.py:154} INFO - Started process (PID=11362) to work on /home/airflow/.local/lib/python3.7/site-packages/airflow/example_dags/example_kubernetes_executor.py
[2024-09-23T14:28:37.168+0000] {processor.py:756} INFO - Processing file /home/airflow/.local/lib/python3.7/site-packages/airflow/example_dags/example_kubernetes_executor.py for tasks to queue
[2024-09-23T14:28:37.176+0000] {logging_mixin.py:120} INFO - [2024-09-23T14:28:37.174+0000] {dagbag.py:537} INFO - Filling up the DagBag from /home/airflow/.local/lib/python3.7/site-packages/airflow/example_dags/example_kubernetes_executor.py
[2024-09-23T14:28:37.442+0000] {processor.py:766} INFO - DAG(s) dict_keys(['example_kubernetes_executor']) retrieved from /home/airflow/.local/lib/python3.7/site-packages/airflow/example_dags/example_kubernetes_executor.py
[2024-09-23T14:28:37.786+0000] {logging_mixin.py:120} INFO - [2024-09-23T14:28:37.785+0000] {dag.py:2585} INFO - Sync 1 DAGs
[2024-09-23T14:28:37.998+0000] {logging_mixin.py:120} INFO - [2024-09-23T14:28:37.998+0000] {dag.py:3340} INFO - Setting next_dagrun for example_kubernetes_executor to None, run_after=None
[2024-09-23T14:28:38.162+0000] {processor.py:176} INFO - Processing /home/airflow/.local/lib/python3.7/site-packages/airflow/example_dags/example_kubernetes_executor.py took 1.036 seconds
[2024-09-23T14:29:15.612+0000] {processor.py:154} INFO - Started process (PID=11416) to work on /home/airflow/.local/lib/python3.7/site-packages/airflow/example_dags/example_kubernetes_executor.py
[2024-09-23T14:29:15.617+0000] {processor.py:756} INFO - Processing file /home/airflow/.local/lib/python3.7/site-packages/airflow/example_dags/example_kubernetes_executor.py for tasks to queue
[2024-09-23T14:29:15.619+0000] {logging_mixin.py:120} INFO - [2024-09-23T14:29:15.618+0000] {dagbag.py:537} INFO - Filling up the DagBag from /home/airflow/.local/lib/python3.7/site-packages/airflow/example_dags/example_kubernetes_executor.py
[2024-09-23T14:29:15.687+0000] {processor.py:766} INFO - DAG(s) dict_keys(['example_kubernetes_executor']) retrieved from /home/airflow/.local/lib/python3.7/site-packages/airflow/example_dags/example_kubernetes_executor.py
[2024-09-23T14:29:15.772+0000] {logging_mixin.py:120} INFO - [2024-09-23T14:29:15.771+0000] {dag.py:2585} INFO - Sync 1 DAGs
[2024-09-23T14:29:15.820+0000] {logging_mixin.py:120} INFO - [2024-09-23T14:29:15.820+0000] {dag.py:3340} INFO - Setting next_dagrun for example_kubernetes_executor to None, run_after=None
[2024-09-23T14:29:15.859+0000] {processor.py:176} INFO - Processing /home/airflow/.local/lib/python3.7/site-packages/airflow/example_dags/example_kubernetes_executor.py took 0.254 seconds
[2024-09-23T14:45:02.631+0000] {processor.py:154} INFO - Started process (PID=11479) to work on /home/airflow/.local/lib/python3.7/site-packages/airflow/example_dags/example_kubernetes_executor.py
[2024-09-23T14:45:02.646+0000] {processor.py:756} INFO - Processing file /home/airflow/.local/lib/python3.7/site-packages/airflow/example_dags/example_kubernetes_executor.py for tasks to queue
[2024-09-23T14:45:02.654+0000] {logging_mixin.py:120} INFO - [2024-09-23T14:45:02.653+0000] {dagbag.py:537} INFO - Filling up the DagBag from /home/airflow/.local/lib/python3.7/site-packages/airflow/example_dags/example_kubernetes_executor.py
[2024-09-23T14:45:02.969+0000] {processor.py:766} INFO - DAG(s) dict_keys(['example_kubernetes_executor']) retrieved from /home/airflow/.local/lib/python3.7/site-packages/airflow/example_dags/example_kubernetes_executor.py
[2024-09-23T14:45:03.364+0000] {logging_mixin.py:120} INFO - [2024-09-23T14:45:03.363+0000] {dag.py:2585} INFO - Sync 1 DAGs
[2024-09-23T14:45:03.625+0000] {logging_mixin.py:120} INFO - [2024-09-23T14:45:03.623+0000] {dag.py:3340} INFO - Setting next_dagrun for example_kubernetes_executor to None, run_after=None
[2024-09-23T14:45:03.798+0000] {processor.py:176} INFO - Processing /home/airflow/.local/lib/python3.7/site-packages/airflow/example_dags/example_kubernetes_executor.py took 1.196 seconds
[2024-09-23T14:45:34.110+0000] {processor.py:154} INFO - Started process (PID=11524) to work on /home/airflow/.local/lib/python3.7/site-packages/airflow/example_dags/example_kubernetes_executor.py
[2024-09-23T14:45:34.126+0000] {processor.py:756} INFO - Processing file /home/airflow/.local/lib/python3.7/site-packages/airflow/example_dags/example_kubernetes_executor.py for tasks to queue
[2024-09-23T14:45:34.130+0000] {logging_mixin.py:120} INFO - [2024-09-23T14:45:34.130+0000] {dagbag.py:537} INFO - Filling up the DagBag from /home/airflow/.local/lib/python3.7/site-packages/airflow/example_dags/example_kubernetes_executor.py
[2024-09-23T14:45:34.358+0000] {processor.py:766} INFO - DAG(s) dict_keys(['example_kubernetes_executor']) retrieved from /home/airflow/.local/lib/python3.7/site-packages/airflow/example_dags/example_kubernetes_executor.py
[2024-09-23T14:45:34.627+0000] {logging_mixin.py:120} INFO - [2024-09-23T14:45:34.626+0000] {dag.py:2585} INFO - Sync 1 DAGs
[2024-09-23T14:45:34.771+0000] {logging_mixin.py:120} INFO - [2024-09-23T14:45:34.770+0000] {dag.py:3340} INFO - Setting next_dagrun for example_kubernetes_executor to None, run_after=None
[2024-09-23T14:45:34.867+0000] {processor.py:176} INFO - Processing /home/airflow/.local/lib/python3.7/site-packages/airflow/example_dags/example_kubernetes_executor.py took 0.779 seconds
[2024-09-23T14:46:04.963+0000] {processor.py:154} INFO - Started process (PID=11578) to work on /home/airflow/.local/lib/python3.7/site-packages/airflow/example_dags/example_kubernetes_executor.py
[2024-09-23T14:46:04.973+0000] {processor.py:756} INFO - Processing file /home/airflow/.local/lib/python3.7/site-packages/airflow/example_dags/example_kubernetes_executor.py for tasks to queue
[2024-09-23T14:46:04.977+0000] {logging_mixin.py:120} INFO - [2024-09-23T14:46:04.977+0000] {dagbag.py:537} INFO - Filling up the DagBag from /home/airflow/.local/lib/python3.7/site-packages/airflow/example_dags/example_kubernetes_executor.py
[2024-09-23T14:46:05.141+0000] {processor.py:766} INFO - DAG(s) dict_keys(['example_kubernetes_executor']) retrieved from /home/airflow/.local/lib/python3.7/site-packages/airflow/example_dags/example_kubernetes_executor.py
[2024-09-23T14:46:05.620+0000] {logging_mixin.py:120} INFO - [2024-09-23T14:46:05.619+0000] {dag.py:2585} INFO - Sync 1 DAGs
[2024-09-23T14:46:05.981+0000] {logging_mixin.py:120} INFO - [2024-09-23T14:46:05.980+0000] {dag.py:3340} INFO - Setting next_dagrun for example_kubernetes_executor to None, run_after=None
[2024-09-23T14:46:06.313+0000] {processor.py:176} INFO - Processing /home/airflow/.local/lib/python3.7/site-packages/airflow/example_dags/example_kubernetes_executor.py took 1.369 seconds
[2024-09-23T14:52:01.425+0000] {processor.py:154} INFO - Started process (PID=11629) to work on /home/airflow/.local/lib/python3.7/site-packages/airflow/example_dags/example_kubernetes_executor.py
[2024-09-23T14:52:01.442+0000] {processor.py:756} INFO - Processing file /home/airflow/.local/lib/python3.7/site-packages/airflow/example_dags/example_kubernetes_executor.py for tasks to queue
[2024-09-23T14:52:01.449+0000] {logging_mixin.py:120} INFO - [2024-09-23T14:52:01.448+0000] {dagbag.py:537} INFO - Filling up the DagBag from /home/airflow/.local/lib/python3.7/site-packages/airflow/example_dags/example_kubernetes_executor.py
[2024-09-23T14:52:01.778+0000] {processor.py:766} INFO - DAG(s) dict_keys(['example_kubernetes_executor']) retrieved from /home/airflow/.local/lib/python3.7/site-packages/airflow/example_dags/example_kubernetes_executor.py
[2024-09-23T14:52:02.307+0000] {logging_mixin.py:120} INFO - [2024-09-23T14:52:02.305+0000] {dag.py:2585} INFO - Sync 1 DAGs
[2024-09-23T14:52:02.598+0000] {logging_mixin.py:120} INFO - [2024-09-23T14:52:02.597+0000] {dag.py:3340} INFO - Setting next_dagrun for example_kubernetes_executor to None, run_after=None
[2024-09-23T14:52:02.809+0000] {processor.py:176} INFO - Processing /home/airflow/.local/lib/python3.7/site-packages/airflow/example_dags/example_kubernetes_executor.py took 1.411 seconds
[2024-09-23T14:52:33.052+0000] {processor.py:154} INFO - Started process (PID=11675) to work on /home/airflow/.local/lib/python3.7/site-packages/airflow/example_dags/example_kubernetes_executor.py
[2024-09-23T14:52:33.066+0000] {processor.py:756} INFO - Processing file /home/airflow/.local/lib/python3.7/site-packages/airflow/example_dags/example_kubernetes_executor.py for tasks to queue
[2024-09-23T14:52:33.072+0000] {logging_mixin.py:120} INFO - [2024-09-23T14:52:33.071+0000] {dagbag.py:537} INFO - Filling up the DagBag from /home/airflow/.local/lib/python3.7/site-packages/airflow/example_dags/example_kubernetes_executor.py
[2024-09-23T14:52:33.288+0000] {processor.py:766} INFO - DAG(s) dict_keys(['example_kubernetes_executor']) retrieved from /home/airflow/.local/lib/python3.7/site-packages/airflow/example_dags/example_kubernetes_executor.py
[2024-09-23T14:52:33.529+0000] {logging_mixin.py:120} INFO - [2024-09-23T14:52:33.528+0000] {dag.py:2585} INFO - Sync 1 DAGs
[2024-09-23T14:52:33.682+0000] {logging_mixin.py:120} INFO - [2024-09-23T14:52:33.681+0000] {dag.py:3340} INFO - Setting next_dagrun for example_kubernetes_executor to None, run_after=None
[2024-09-23T14:52:33.785+0000] {processor.py:176} INFO - Processing /home/airflow/.local/lib/python3.7/site-packages/airflow/example_dags/example_kubernetes_executor.py took 0.755 seconds
[2024-09-23T14:53:04.207+0000] {processor.py:154} INFO - Started process (PID=11728) to work on /home/airflow/.local/lib/python3.7/site-packages/airflow/example_dags/example_kubernetes_executor.py
[2024-09-23T14:53:04.221+0000] {processor.py:756} INFO - Processing file /home/airflow/.local/lib/python3.7/site-packages/airflow/example_dags/example_kubernetes_executor.py for tasks to queue
[2024-09-23T14:53:04.227+0000] {logging_mixin.py:120} INFO - [2024-09-23T14:53:04.226+0000] {dagbag.py:537} INFO - Filling up the DagBag from /home/airflow/.local/lib/python3.7/site-packages/airflow/example_dags/example_kubernetes_executor.py
[2024-09-23T14:53:04.495+0000] {processor.py:766} INFO - DAG(s) dict_keys(['example_kubernetes_executor']) retrieved from /home/airflow/.local/lib/python3.7/site-packages/airflow/example_dags/example_kubernetes_executor.py
[2024-09-23T14:53:04.784+0000] {logging_mixin.py:120} INFO - [2024-09-23T14:53:04.783+0000] {dag.py:2585} INFO - Sync 1 DAGs
[2024-09-23T14:53:04.946+0000] {logging_mixin.py:120} INFO - [2024-09-23T14:53:04.945+0000] {dag.py:3340} INFO - Setting next_dagrun for example_kubernetes_executor to None, run_after=None
[2024-09-23T14:53:05.063+0000] {processor.py:176} INFO - Processing /home/airflow/.local/lib/python3.7/site-packages/airflow/example_dags/example_kubernetes_executor.py took 0.877 seconds
[2024-09-23T14:53:35.250+0000] {processor.py:154} INFO - Started process (PID=11784) to work on /home/airflow/.local/lib/python3.7/site-packages/airflow/example_dags/example_kubernetes_executor.py
[2024-09-23T14:53:35.262+0000] {processor.py:756} INFO - Processing file /home/airflow/.local/lib/python3.7/site-packages/airflow/example_dags/example_kubernetes_executor.py for tasks to queue
[2024-09-23T14:53:35.268+0000] {logging_mixin.py:120} INFO - [2024-09-23T14:53:35.267+0000] {dagbag.py:537} INFO - Filling up the DagBag from /home/airflow/.local/lib/python3.7/site-packages/airflow/example_dags/example_kubernetes_executor.py
[2024-09-23T14:53:35.498+0000] {processor.py:766} INFO - DAG(s) dict_keys(['example_kubernetes_executor']) retrieved from /home/airflow/.local/lib/python3.7/site-packages/airflow/example_dags/example_kubernetes_executor.py
[2024-09-23T14:53:35.748+0000] {logging_mixin.py:120} INFO - [2024-09-23T14:53:35.748+0000] {dag.py:2585} INFO - Sync 1 DAGs
[2024-09-23T14:53:35.877+0000] {logging_mixin.py:120} INFO - [2024-09-23T14:53:35.876+0000] {dag.py:3340} INFO - Setting next_dagrun for example_kubernetes_executor to None, run_after=None
[2024-09-23T14:53:35.965+0000] {processor.py:176} INFO - Processing /home/airflow/.local/lib/python3.7/site-packages/airflow/example_dags/example_kubernetes_executor.py took 0.741 seconds
[2024-09-23T14:54:06.821+0000] {processor.py:154} INFO - Started process (PID=11838) to work on /home/airflow/.local/lib/python3.7/site-packages/airflow/example_dags/example_kubernetes_executor.py
[2024-09-23T14:54:06.829+0000] {processor.py:756} INFO - Processing file /home/airflow/.local/lib/python3.7/site-packages/airflow/example_dags/example_kubernetes_executor.py for tasks to queue
[2024-09-23T14:54:06.833+0000] {logging_mixin.py:120} INFO - [2024-09-23T14:54:06.832+0000] {dagbag.py:537} INFO - Filling up the DagBag from /home/airflow/.local/lib/python3.7/site-packages/airflow/example_dags/example_kubernetes_executor.py
[2024-09-23T14:54:06.932+0000] {processor.py:766} INFO - DAG(s) dict_keys(['example_kubernetes_executor']) retrieved from /home/airflow/.local/lib/python3.7/site-packages/airflow/example_dags/example_kubernetes_executor.py
[2024-09-23T14:54:07.071+0000] {logging_mixin.py:120} INFO - [2024-09-23T14:54:07.070+0000] {dag.py:2585} INFO - Sync 1 DAGs
[2024-09-23T14:54:07.161+0000] {logging_mixin.py:120} INFO - [2024-09-23T14:54:07.161+0000] {dag.py:3340} INFO - Setting next_dagrun for example_kubernetes_executor to None, run_after=None
[2024-09-23T14:54:07.246+0000] {processor.py:176} INFO - Processing /home/airflow/.local/lib/python3.7/site-packages/airflow/example_dags/example_kubernetes_executor.py took 0.438 seconds
[2024-09-23T14:54:37.604+0000] {processor.py:154} INFO - Started process (PID=11892) to work on /home/airflow/.local/lib/python3.7/site-packages/airflow/example_dags/example_kubernetes_executor.py
[2024-09-23T14:54:37.608+0000] {processor.py:756} INFO - Processing file /home/airflow/.local/lib/python3.7/site-packages/airflow/example_dags/example_kubernetes_executor.py for tasks to queue
[2024-09-23T14:54:37.610+0000] {logging_mixin.py:120} INFO - [2024-09-23T14:54:37.609+0000] {dagbag.py:537} INFO - Filling up the DagBag from /home/airflow/.local/lib/python3.7/site-packages/airflow/example_dags/example_kubernetes_executor.py
[2024-09-23T14:54:37.684+0000] {processor.py:766} INFO - DAG(s) dict_keys(['example_kubernetes_executor']) retrieved from /home/airflow/.local/lib/python3.7/site-packages/airflow/example_dags/example_kubernetes_executor.py
[2024-09-23T14:54:37.802+0000] {logging_mixin.py:120} INFO - [2024-09-23T14:54:37.789+0000] {dag.py:2585} INFO - Sync 1 DAGs
[2024-09-23T14:54:37.885+0000] {logging_mixin.py:120} INFO - [2024-09-23T14:54:37.884+0000] {dag.py:3340} INFO - Setting next_dagrun for example_kubernetes_executor to None, run_after=None
[2024-09-23T14:54:37.941+0000] {processor.py:176} INFO - Processing /home/airflow/.local/lib/python3.7/site-packages/airflow/example_dags/example_kubernetes_executor.py took 0.344 seconds
[2024-09-23T14:55:08.021+0000] {processor.py:154} INFO - Started process (PID=11946) to work on /home/airflow/.local/lib/python3.7/site-packages/airflow/example_dags/example_kubernetes_executor.py
[2024-09-23T14:55:08.025+0000] {processor.py:756} INFO - Processing file /home/airflow/.local/lib/python3.7/site-packages/airflow/example_dags/example_kubernetes_executor.py for tasks to queue
[2024-09-23T14:55:08.027+0000] {logging_mixin.py:120} INFO - [2024-09-23T14:55:08.026+0000] {dagbag.py:537} INFO - Filling up the DagBag from /home/airflow/.local/lib/python3.7/site-packages/airflow/example_dags/example_kubernetes_executor.py
[2024-09-23T14:55:08.080+0000] {processor.py:766} INFO - DAG(s) dict_keys(['example_kubernetes_executor']) retrieved from /home/airflow/.local/lib/python3.7/site-packages/airflow/example_dags/example_kubernetes_executor.py
[2024-09-23T14:55:08.161+0000] {logging_mixin.py:120} INFO - [2024-09-23T14:55:08.161+0000] {dag.py:2585} INFO - Sync 1 DAGs
[2024-09-23T14:55:08.208+0000] {logging_mixin.py:120} INFO - [2024-09-23T14:55:08.208+0000] {dag.py:3340} INFO - Setting next_dagrun for example_kubernetes_executor to None, run_after=None
[2024-09-23T14:55:08.244+0000] {processor.py:176} INFO - Processing /home/airflow/.local/lib/python3.7/site-packages/airflow/example_dags/example_kubernetes_executor.py took 0.229 seconds
[2024-09-23T14:55:38.592+0000] {processor.py:154} INFO - Started process (PID=12009) to work on /home/airflow/.local/lib/python3.7/site-packages/airflow/example_dags/example_kubernetes_executor.py
[2024-09-23T14:55:38.595+0000] {processor.py:756} INFO - Processing file /home/airflow/.local/lib/python3.7/site-packages/airflow/example_dags/example_kubernetes_executor.py for tasks to queue
[2024-09-23T14:55:38.597+0000] {logging_mixin.py:120} INFO - [2024-09-23T14:55:38.596+0000] {dagbag.py:537} INFO - Filling up the DagBag from /home/airflow/.local/lib/python3.7/site-packages/airflow/example_dags/example_kubernetes_executor.py
[2024-09-23T14:55:38.648+0000] {processor.py:766} INFO - DAG(s) dict_keys(['example_kubernetes_executor']) retrieved from /home/airflow/.local/lib/python3.7/site-packages/airflow/example_dags/example_kubernetes_executor.py
[2024-09-23T14:55:38.728+0000] {logging_mixin.py:120} INFO - [2024-09-23T14:55:38.727+0000] {dag.py:2585} INFO - Sync 1 DAGs
[2024-09-23T14:55:38.772+0000] {logging_mixin.py:120} INFO - [2024-09-23T14:55:38.771+0000] {dag.py:3340} INFO - Setting next_dagrun for example_kubernetes_executor to None, run_after=None
[2024-09-23T14:55:38.803+0000] {processor.py:176} INFO - Processing /home/airflow/.local/lib/python3.7/site-packages/airflow/example_dags/example_kubernetes_executor.py took 0.217 seconds
[2024-09-23T14:56:09.639+0000] {processor.py:154} INFO - Started process (PID=12063) to work on /home/airflow/.local/lib/python3.7/site-packages/airflow/example_dags/example_kubernetes_executor.py
[2024-09-23T14:56:09.642+0000] {processor.py:756} INFO - Processing file /home/airflow/.local/lib/python3.7/site-packages/airflow/example_dags/example_kubernetes_executor.py for tasks to queue
[2024-09-23T14:56:09.645+0000] {logging_mixin.py:120} INFO - [2024-09-23T14:56:09.645+0000] {dagbag.py:537} INFO - Filling up the DagBag from /home/airflow/.local/lib/python3.7/site-packages/airflow/example_dags/example_kubernetes_executor.py
[2024-09-23T14:56:09.795+0000] {processor.py:766} INFO - DAG(s) dict_keys(['example_kubernetes_executor']) retrieved from /home/airflow/.local/lib/python3.7/site-packages/airflow/example_dags/example_kubernetes_executor.py
[2024-09-23T14:56:09.926+0000] {logging_mixin.py:120} INFO - [2024-09-23T14:56:09.926+0000] {dag.py:2585} INFO - Sync 1 DAGs
[2024-09-23T14:56:09.986+0000] {logging_mixin.py:120} INFO - [2024-09-23T14:56:09.985+0000] {dag.py:3340} INFO - Setting next_dagrun for example_kubernetes_executor to None, run_after=None
[2024-09-23T14:56:10.029+0000] {processor.py:176} INFO - Processing /home/airflow/.local/lib/python3.7/site-packages/airflow/example_dags/example_kubernetes_executor.py took 0.397 seconds
[2024-09-23T15:12:55.196+0000] {processor.py:154} INFO - Started process (PID=12156) to work on /home/airflow/.local/lib/python3.7/site-packages/airflow/example_dags/example_kubernetes_executor.py
[2024-09-23T15:12:55.215+0000] {processor.py:756} INFO - Processing file /home/airflow/.local/lib/python3.7/site-packages/airflow/example_dags/example_kubernetes_executor.py for tasks to queue
[2024-09-23T15:12:55.225+0000] {logging_mixin.py:120} INFO - [2024-09-23T15:12:55.224+0000] {dagbag.py:537} INFO - Filling up the DagBag from /home/airflow/.local/lib/python3.7/site-packages/airflow/example_dags/example_kubernetes_executor.py
[2024-09-23T15:12:55.529+0000] {processor.py:766} INFO - DAG(s) dict_keys(['example_kubernetes_executor']) retrieved from /home/airflow/.local/lib/python3.7/site-packages/airflow/example_dags/example_kubernetes_executor.py
[2024-09-23T15:12:55.954+0000] {logging_mixin.py:120} INFO - [2024-09-23T15:12:55.953+0000] {dag.py:2585} INFO - Sync 1 DAGs
[2024-09-23T15:12:56.216+0000] {logging_mixin.py:120} INFO - [2024-09-23T15:12:56.215+0000] {dag.py:3340} INFO - Setting next_dagrun for example_kubernetes_executor to None, run_after=None
[2024-09-23T15:12:56.411+0000] {processor.py:176} INFO - Processing /home/airflow/.local/lib/python3.7/site-packages/airflow/example_dags/example_kubernetes_executor.py took 1.245 seconds
[2024-09-23T15:13:26.870+0000] {processor.py:154} INFO - Started process (PID=12203) to work on /home/airflow/.local/lib/python3.7/site-packages/airflow/example_dags/example_kubernetes_executor.py
[2024-09-23T15:13:26.879+0000] {processor.py:756} INFO - Processing file /home/airflow/.local/lib/python3.7/site-packages/airflow/example_dags/example_kubernetes_executor.py for tasks to queue
[2024-09-23T15:13:26.884+0000] {logging_mixin.py:120} INFO - [2024-09-23T15:13:26.883+0000] {dagbag.py:537} INFO - Filling up the DagBag from /home/airflow/.local/lib/python3.7/site-packages/airflow/example_dags/example_kubernetes_executor.py
[2024-09-23T15:13:27.080+0000] {processor.py:766} INFO - DAG(s) dict_keys(['example_kubernetes_executor']) retrieved from /home/airflow/.local/lib/python3.7/site-packages/airflow/example_dags/example_kubernetes_executor.py
[2024-09-23T15:13:27.322+0000] {logging_mixin.py:120} INFO - [2024-09-23T15:13:27.322+0000] {dag.py:2585} INFO - Sync 1 DAGs
[2024-09-23T15:13:27.473+0000] {logging_mixin.py:120} INFO - [2024-09-23T15:13:27.472+0000] {dag.py:3340} INFO - Setting next_dagrun for example_kubernetes_executor to None, run_after=None
[2024-09-23T15:13:27.571+0000] {processor.py:176} INFO - Processing /home/airflow/.local/lib/python3.7/site-packages/airflow/example_dags/example_kubernetes_executor.py took 0.720 seconds
[2024-09-23T15:13:57.938+0000] {processor.py:154} INFO - Started process (PID=12258) to work on /home/airflow/.local/lib/python3.7/site-packages/airflow/example_dags/example_kubernetes_executor.py
[2024-09-23T15:13:57.952+0000] {processor.py:756} INFO - Processing file /home/airflow/.local/lib/python3.7/site-packages/airflow/example_dags/example_kubernetes_executor.py for tasks to queue
[2024-09-23T15:13:57.958+0000] {logging_mixin.py:120} INFO - [2024-09-23T15:13:57.957+0000] {dagbag.py:537} INFO - Filling up the DagBag from /home/airflow/.local/lib/python3.7/site-packages/airflow/example_dags/example_kubernetes_executor.py
[2024-09-23T15:13:58.241+0000] {processor.py:766} INFO - DAG(s) dict_keys(['example_kubernetes_executor']) retrieved from /home/airflow/.local/lib/python3.7/site-packages/airflow/example_dags/example_kubernetes_executor.py
[2024-09-23T15:13:58.541+0000] {logging_mixin.py:120} INFO - [2024-09-23T15:13:58.539+0000] {dag.py:2585} INFO - Sync 1 DAGs
[2024-09-23T15:13:58.756+0000] {logging_mixin.py:120} INFO - [2024-09-23T15:13:58.756+0000] {dag.py:3340} INFO - Setting next_dagrun for example_kubernetes_executor to None, run_after=None
[2024-09-23T15:13:58.909+0000] {processor.py:176} INFO - Processing /home/airflow/.local/lib/python3.7/site-packages/airflow/example_dags/example_kubernetes_executor.py took 1.002 seconds
[2024-09-23T15:14:29.068+0000] {processor.py:154} INFO - Started process (PID=12312) to work on /home/airflow/.local/lib/python3.7/site-packages/airflow/example_dags/example_kubernetes_executor.py
[2024-09-23T15:14:29.075+0000] {processor.py:756} INFO - Processing file /home/airflow/.local/lib/python3.7/site-packages/airflow/example_dags/example_kubernetes_executor.py for tasks to queue
[2024-09-23T15:14:29.078+0000] {logging_mixin.py:120} INFO - [2024-09-23T15:14:29.077+0000] {dagbag.py:537} INFO - Filling up the DagBag from /home/airflow/.local/lib/python3.7/site-packages/airflow/example_dags/example_kubernetes_executor.py
[2024-09-23T15:14:29.211+0000] {processor.py:766} INFO - DAG(s) dict_keys(['example_kubernetes_executor']) retrieved from /home/airflow/.local/lib/python3.7/site-packages/airflow/example_dags/example_kubernetes_executor.py
[2024-09-23T15:14:29.402+0000] {logging_mixin.py:120} INFO - [2024-09-23T15:14:29.401+0000] {dag.py:2585} INFO - Sync 1 DAGs
[2024-09-23T15:14:29.512+0000] {logging_mixin.py:120} INFO - [2024-09-23T15:14:29.512+0000] {dag.py:3340} INFO - Setting next_dagrun for example_kubernetes_executor to None, run_after=None
[2024-09-23T15:14:29.603+0000] {processor.py:176} INFO - Processing /home/airflow/.local/lib/python3.7/site-packages/airflow/example_dags/example_kubernetes_executor.py took 0.549 seconds
[2024-09-23T15:30:15.734+0000] {processor.py:154} INFO - Started process (PID=12406) to work on /home/airflow/.local/lib/python3.7/site-packages/airflow/example_dags/example_kubernetes_executor.py
[2024-09-23T15:30:15.750+0000] {processor.py:756} INFO - Processing file /home/airflow/.local/lib/python3.7/site-packages/airflow/example_dags/example_kubernetes_executor.py for tasks to queue
[2024-09-23T15:30:15.757+0000] {logging_mixin.py:120} INFO - [2024-09-23T15:30:15.755+0000] {dagbag.py:537} INFO - Filling up the DagBag from /home/airflow/.local/lib/python3.7/site-packages/airflow/example_dags/example_kubernetes_executor.py
[2024-09-23T15:30:16.051+0000] {processor.py:766} INFO - DAG(s) dict_keys(['example_kubernetes_executor']) retrieved from /home/airflow/.local/lib/python3.7/site-packages/airflow/example_dags/example_kubernetes_executor.py
[2024-09-23T15:30:16.553+0000] {logging_mixin.py:120} INFO - [2024-09-23T15:30:16.552+0000] {dag.py:2585} INFO - Sync 1 DAGs
[2024-09-23T15:30:16.816+0000] {logging_mixin.py:120} INFO - [2024-09-23T15:30:16.815+0000] {dag.py:3340} INFO - Setting next_dagrun for example_kubernetes_executor to None, run_after=None
[2024-09-23T15:30:16.997+0000] {processor.py:176} INFO - Processing /home/airflow/.local/lib/python3.7/site-packages/airflow/example_dags/example_kubernetes_executor.py took 1.297 seconds
[2024-09-23T15:30:47.986+0000] {processor.py:154} INFO - Started process (PID=12460) to work on /home/airflow/.local/lib/python3.7/site-packages/airflow/example_dags/example_kubernetes_executor.py
[2024-09-23T15:30:47.993+0000] {processor.py:756} INFO - Processing file /home/airflow/.local/lib/python3.7/site-packages/airflow/example_dags/example_kubernetes_executor.py for tasks to queue
[2024-09-23T15:30:47.996+0000] {logging_mixin.py:120} INFO - [2024-09-23T15:30:47.995+0000] {dagbag.py:537} INFO - Filling up the DagBag from /home/airflow/.local/lib/python3.7/site-packages/airflow/example_dags/example_kubernetes_executor.py
[2024-09-23T15:30:48.065+0000] {processor.py:766} INFO - DAG(s) dict_keys(['example_kubernetes_executor']) retrieved from /home/airflow/.local/lib/python3.7/site-packages/airflow/example_dags/example_kubernetes_executor.py
[2024-09-23T15:30:48.149+0000] {logging_mixin.py:120} INFO - [2024-09-23T15:30:48.148+0000] {dag.py:2585} INFO - Sync 1 DAGs
[2024-09-23T15:30:48.193+0000] {logging_mixin.py:120} INFO - [2024-09-23T15:30:48.193+0000] {dag.py:3340} INFO - Setting next_dagrun for example_kubernetes_executor to None, run_after=None
[2024-09-23T15:30:48.233+0000] {processor.py:176} INFO - Processing /home/airflow/.local/lib/python3.7/site-packages/airflow/example_dags/example_kubernetes_executor.py took 0.256 seconds
[2024-09-23T15:48:01.228+0000] {processor.py:154} INFO - Started process (PID=12504) to work on /home/airflow/.local/lib/python3.7/site-packages/airflow/example_dags/example_kubernetes_executor.py
[2024-09-23T15:48:01.232+0000] {processor.py:756} INFO - Processing file /home/airflow/.local/lib/python3.7/site-packages/airflow/example_dags/example_kubernetes_executor.py for tasks to queue
[2024-09-23T15:48:01.233+0000] {logging_mixin.py:120} INFO - [2024-09-23T15:48:01.233+0000] {dagbag.py:537} INFO - Filling up the DagBag from /home/airflow/.local/lib/python3.7/site-packages/airflow/example_dags/example_kubernetes_executor.py
[2024-09-23T15:48:01.273+0000] {processor.py:766} INFO - DAG(s) dict_keys(['example_kubernetes_executor']) retrieved from /home/airflow/.local/lib/python3.7/site-packages/airflow/example_dags/example_kubernetes_executor.py
[2024-09-23T15:48:01.355+0000] {logging_mixin.py:120} INFO - [2024-09-23T15:48:01.354+0000] {dag.py:2585} INFO - Sync 1 DAGs
[2024-09-23T15:48:01.398+0000] {logging_mixin.py:120} INFO - [2024-09-23T15:48:01.398+0000] {dag.py:3340} INFO - Setting next_dagrun for example_kubernetes_executor to None, run_after=None
[2024-09-23T15:48:01.430+0000] {processor.py:176} INFO - Processing /home/airflow/.local/lib/python3.7/site-packages/airflow/example_dags/example_kubernetes_executor.py took 0.206 seconds
[2024-09-23T15:48:31.545+0000] {processor.py:154} INFO - Started process (PID=12559) to work on /home/airflow/.local/lib/python3.7/site-packages/airflow/example_dags/example_kubernetes_executor.py
[2024-09-23T15:48:31.547+0000] {processor.py:756} INFO - Processing file /home/airflow/.local/lib/python3.7/site-packages/airflow/example_dags/example_kubernetes_executor.py for tasks to queue
[2024-09-23T15:48:31.548+0000] {logging_mixin.py:120} INFO - [2024-09-23T15:48:31.548+0000] {dagbag.py:537} INFO - Filling up the DagBag from /home/airflow/.local/lib/python3.7/site-packages/airflow/example_dags/example_kubernetes_executor.py
[2024-09-23T15:48:31.579+0000] {processor.py:766} INFO - DAG(s) dict_keys(['example_kubernetes_executor']) retrieved from /home/airflow/.local/lib/python3.7/site-packages/airflow/example_dags/example_kubernetes_executor.py
[2024-09-23T15:48:31.626+0000] {logging_mixin.py:120} INFO - [2024-09-23T15:48:31.626+0000] {dag.py:2585} INFO - Sync 1 DAGs
[2024-09-23T15:48:31.663+0000] {logging_mixin.py:120} INFO - [2024-09-23T15:48:31.663+0000] {dag.py:3340} INFO - Setting next_dagrun for example_kubernetes_executor to None, run_after=None
[2024-09-23T15:48:31.690+0000] {processor.py:176} INFO - Processing /home/airflow/.local/lib/python3.7/site-packages/airflow/example_dags/example_kubernetes_executor.py took 0.149 seconds
[2024-09-23T15:49:02.481+0000] {processor.py:154} INFO - Started process (PID=12621) to work on /home/airflow/.local/lib/python3.7/site-packages/airflow/example_dags/example_kubernetes_executor.py
[2024-09-23T15:49:02.483+0000] {processor.py:756} INFO - Processing file /home/airflow/.local/lib/python3.7/site-packages/airflow/example_dags/example_kubernetes_executor.py for tasks to queue
[2024-09-23T15:49:02.484+0000] {logging_mixin.py:120} INFO - [2024-09-23T15:49:02.484+0000] {dagbag.py:537} INFO - Filling up the DagBag from /home/airflow/.local/lib/python3.7/site-packages/airflow/example_dags/example_kubernetes_executor.py
[2024-09-23T15:49:02.520+0000] {processor.py:766} INFO - DAG(s) dict_keys(['example_kubernetes_executor']) retrieved from /home/airflow/.local/lib/python3.7/site-packages/airflow/example_dags/example_kubernetes_executor.py
[2024-09-23T15:49:02.574+0000] {logging_mixin.py:120} INFO - [2024-09-23T15:49:02.574+0000] {dag.py:2585} INFO - Sync 1 DAGs
[2024-09-23T15:49:02.605+0000] {logging_mixin.py:120} INFO - [2024-09-23T15:49:02.604+0000] {dag.py:3340} INFO - Setting next_dagrun for example_kubernetes_executor to None, run_after=None
[2024-09-23T15:49:02.628+0000] {processor.py:176} INFO - Processing /home/airflow/.local/lib/python3.7/site-packages/airflow/example_dags/example_kubernetes_executor.py took 0.151 seconds
[2024-09-23T15:50:13.149+0000] {processor.py:154} INFO - Started process (PID=12685) to work on /home/airflow/.local/lib/python3.7/site-packages/airflow/example_dags/example_kubernetes_executor.py
[2024-09-23T15:50:13.160+0000] {processor.py:756} INFO - Processing file /home/airflow/.local/lib/python3.7/site-packages/airflow/example_dags/example_kubernetes_executor.py for tasks to queue
[2024-09-23T15:50:13.166+0000] {logging_mixin.py:120} INFO - [2024-09-23T15:50:13.165+0000] {dagbag.py:537} INFO - Filling up the DagBag from /home/airflow/.local/lib/python3.7/site-packages/airflow/example_dags/example_kubernetes_executor.py
[2024-09-23T15:50:13.407+0000] {processor.py:766} INFO - DAG(s) dict_keys(['example_kubernetes_executor']) retrieved from /home/airflow/.local/lib/python3.7/site-packages/airflow/example_dags/example_kubernetes_executor.py
[2024-09-23T15:50:13.665+0000] {logging_mixin.py:120} INFO - [2024-09-23T15:50:13.664+0000] {dag.py:2585} INFO - Sync 1 DAGs
[2024-09-23T15:50:13.827+0000] {logging_mixin.py:120} INFO - [2024-09-23T15:50:13.826+0000] {dag.py:3340} INFO - Setting next_dagrun for example_kubernetes_executor to None, run_after=None
[2024-09-23T15:50:13.946+0000] {processor.py:176} INFO - Processing /home/airflow/.local/lib/python3.7/site-packages/airflow/example_dags/example_kubernetes_executor.py took 0.820 seconds
[2024-09-23T15:50:44.598+0000] {processor.py:154} INFO - Started process (PID=12730) to work on /home/airflow/.local/lib/python3.7/site-packages/airflow/example_dags/example_kubernetes_executor.py
[2024-09-23T15:50:44.603+0000] {processor.py:756} INFO - Processing file /home/airflow/.local/lib/python3.7/site-packages/airflow/example_dags/example_kubernetes_executor.py for tasks to queue
[2024-09-23T15:50:44.624+0000] {logging_mixin.py:120} INFO - [2024-09-23T15:50:44.624+0000] {dagbag.py:537} INFO - Filling up the DagBag from /home/airflow/.local/lib/python3.7/site-packages/airflow/example_dags/example_kubernetes_executor.py
[2024-09-23T15:50:44.694+0000] {processor.py:766} INFO - DAG(s) dict_keys(['example_kubernetes_executor']) retrieved from /home/airflow/.local/lib/python3.7/site-packages/airflow/example_dags/example_kubernetes_executor.py
[2024-09-23T15:50:44.800+0000] {logging_mixin.py:120} INFO - [2024-09-23T15:50:44.800+0000] {dag.py:2585} INFO - Sync 1 DAGs
[2024-09-23T15:50:44.867+0000] {logging_mixin.py:120} INFO - [2024-09-23T15:50:44.867+0000] {dag.py:3340} INFO - Setting next_dagrun for example_kubernetes_executor to None, run_after=None
[2024-09-23T15:50:44.925+0000] {processor.py:176} INFO - Processing /home/airflow/.local/lib/python3.7/site-packages/airflow/example_dags/example_kubernetes_executor.py took 0.332 seconds
[2024-09-23T15:54:47.275+0000] {processor.py:154} INFO - Started process (PID=12784) to work on /home/airflow/.local/lib/python3.7/site-packages/airflow/example_dags/example_kubernetes_executor.py
[2024-09-23T15:54:47.278+0000] {processor.py:756} INFO - Processing file /home/airflow/.local/lib/python3.7/site-packages/airflow/example_dags/example_kubernetes_executor.py for tasks to queue
[2024-09-23T15:54:47.279+0000] {logging_mixin.py:120} INFO - [2024-09-23T15:54:47.279+0000] {dagbag.py:537} INFO - Filling up the DagBag from /home/airflow/.local/lib/python3.7/site-packages/airflow/example_dags/example_kubernetes_executor.py
[2024-09-23T15:54:47.332+0000] {processor.py:766} INFO - DAG(s) dict_keys(['example_kubernetes_executor']) retrieved from /home/airflow/.local/lib/python3.7/site-packages/airflow/example_dags/example_kubernetes_executor.py
[2024-09-23T15:54:47.405+0000] {logging_mixin.py:120} INFO - [2024-09-23T15:54:47.405+0000] {dag.py:2585} INFO - Sync 1 DAGs
[2024-09-23T15:54:47.449+0000] {logging_mixin.py:120} INFO - [2024-09-23T15:54:47.449+0000] {dag.py:3340} INFO - Setting next_dagrun for example_kubernetes_executor to None, run_after=None
[2024-09-23T15:54:47.506+0000] {processor.py:176} INFO - Processing /home/airflow/.local/lib/python3.7/site-packages/airflow/example_dags/example_kubernetes_executor.py took 0.236 seconds
[2024-09-23T15:55:32.611+0000] {processor.py:154} INFO - Started process (PID=12838) to work on /home/airflow/.local/lib/python3.7/site-packages/airflow/example_dags/example_kubernetes_executor.py
[2024-09-23T15:55:32.614+0000] {processor.py:756} INFO - Processing file /home/airflow/.local/lib/python3.7/site-packages/airflow/example_dags/example_kubernetes_executor.py for tasks to queue
[2024-09-23T15:55:32.615+0000] {logging_mixin.py:120} INFO - [2024-09-23T15:55:32.615+0000] {dagbag.py:537} INFO - Filling up the DagBag from /home/airflow/.local/lib/python3.7/site-packages/airflow/example_dags/example_kubernetes_executor.py
[2024-09-23T15:55:32.655+0000] {processor.py:766} INFO - DAG(s) dict_keys(['example_kubernetes_executor']) retrieved from /home/airflow/.local/lib/python3.7/site-packages/airflow/example_dags/example_kubernetes_executor.py
[2024-09-23T15:55:32.704+0000] {logging_mixin.py:120} INFO - [2024-09-23T15:55:32.704+0000] {dag.py:2585} INFO - Sync 1 DAGs
[2024-09-23T15:55:32.738+0000] {logging_mixin.py:120} INFO - [2024-09-23T15:55:32.738+0000] {dag.py:3340} INFO - Setting next_dagrun for example_kubernetes_executor to None, run_after=None
[2024-09-23T15:55:32.765+0000] {processor.py:176} INFO - Processing /home/airflow/.local/lib/python3.7/site-packages/airflow/example_dags/example_kubernetes_executor.py took 0.159 seconds
[2024-09-23T15:56:11.007+0000] {processor.py:154} INFO - Started process (PID=12901) to work on /home/airflow/.local/lib/python3.7/site-packages/airflow/example_dags/example_kubernetes_executor.py
[2024-09-23T15:56:11.011+0000] {processor.py:756} INFO - Processing file /home/airflow/.local/lib/python3.7/site-packages/airflow/example_dags/example_kubernetes_executor.py for tasks to queue
[2024-09-23T15:56:11.013+0000] {logging_mixin.py:120} INFO - [2024-09-23T15:56:11.012+0000] {dagbag.py:537} INFO - Filling up the DagBag from /home/airflow/.local/lib/python3.7/site-packages/airflow/example_dags/example_kubernetes_executor.py
[2024-09-23T15:56:11.087+0000] {processor.py:766} INFO - DAG(s) dict_keys(['example_kubernetes_executor']) retrieved from /home/airflow/.local/lib/python3.7/site-packages/airflow/example_dags/example_kubernetes_executor.py
[2024-09-23T15:56:11.202+0000] {logging_mixin.py:120} INFO - [2024-09-23T15:56:11.202+0000] {dag.py:2585} INFO - Sync 1 DAGs
[2024-09-23T15:56:11.290+0000] {logging_mixin.py:120} INFO - [2024-09-23T15:56:11.289+0000] {dag.py:3340} INFO - Setting next_dagrun for example_kubernetes_executor to None, run_after=None
[2024-09-23T15:56:11.370+0000] {processor.py:176} INFO - Processing /home/airflow/.local/lib/python3.7/site-packages/airflow/example_dags/example_kubernetes_executor.py took 0.369 seconds
[2024-09-23T15:57:20.304+0000] {processor.py:154} INFO - Started process (PID=12955) to work on /home/airflow/.local/lib/python3.7/site-packages/airflow/example_dags/example_kubernetes_executor.py
[2024-09-23T15:57:20.306+0000] {processor.py:756} INFO - Processing file /home/airflow/.local/lib/python3.7/site-packages/airflow/example_dags/example_kubernetes_executor.py for tasks to queue
[2024-09-23T15:57:20.307+0000] {logging_mixin.py:120} INFO - [2024-09-23T15:57:20.307+0000] {dagbag.py:537} INFO - Filling up the DagBag from /home/airflow/.local/lib/python3.7/site-packages/airflow/example_dags/example_kubernetes_executor.py
[2024-09-23T15:57:20.344+0000] {processor.py:766} INFO - DAG(s) dict_keys(['example_kubernetes_executor']) retrieved from /home/airflow/.local/lib/python3.7/site-packages/airflow/example_dags/example_kubernetes_executor.py
[2024-09-23T15:57:20.398+0000] {logging_mixin.py:120} INFO - [2024-09-23T15:57:20.398+0000] {dag.py:2585} INFO - Sync 1 DAGs
[2024-09-23T15:57:20.434+0000] {logging_mixin.py:120} INFO - [2024-09-23T15:57:20.434+0000] {dag.py:3340} INFO - Setting next_dagrun for example_kubernetes_executor to None, run_after=None
[2024-09-23T15:57:20.459+0000] {processor.py:176} INFO - Processing /home/airflow/.local/lib/python3.7/site-packages/airflow/example_dags/example_kubernetes_executor.py took 0.159 seconds
[2024-09-23T16:10:28.374+0000] {processor.py:154} INFO - Started process (PID=13018) to work on /home/airflow/.local/lib/python3.7/site-packages/airflow/example_dags/example_kubernetes_executor.py
[2024-09-23T16:10:28.378+0000] {processor.py:756} INFO - Processing file /home/airflow/.local/lib/python3.7/site-packages/airflow/example_dags/example_kubernetes_executor.py for tasks to queue
[2024-09-23T16:10:28.384+0000] {logging_mixin.py:120} INFO - [2024-09-23T16:10:28.383+0000] {dagbag.py:537} INFO - Filling up the DagBag from /home/airflow/.local/lib/python3.7/site-packages/airflow/example_dags/example_kubernetes_executor.py
[2024-09-23T16:10:28.451+0000] {processor.py:766} INFO - DAG(s) dict_keys(['example_kubernetes_executor']) retrieved from /home/airflow/.local/lib/python3.7/site-packages/airflow/example_dags/example_kubernetes_executor.py
[2024-09-23T16:10:28.553+0000] {logging_mixin.py:120} INFO - [2024-09-23T16:10:28.552+0000] {dag.py:2585} INFO - Sync 1 DAGs
[2024-09-23T16:10:28.609+0000] {logging_mixin.py:120} INFO - [2024-09-23T16:10:28.609+0000] {dag.py:3340} INFO - Setting next_dagrun for example_kubernetes_executor to None, run_after=None
[2024-09-23T16:10:28.647+0000] {processor.py:176} INFO - Processing /home/airflow/.local/lib/python3.7/site-packages/airflow/example_dags/example_kubernetes_executor.py took 0.280 seconds
[2024-09-23T16:15:35.318+0000] {processor.py:154} INFO - Started process (PID=13072) to work on /home/airflow/.local/lib/python3.7/site-packages/airflow/example_dags/example_kubernetes_executor.py
[2024-09-23T16:15:35.325+0000] {processor.py:756} INFO - Processing file /home/airflow/.local/lib/python3.7/site-packages/airflow/example_dags/example_kubernetes_executor.py for tasks to queue
[2024-09-23T16:15:35.330+0000] {logging_mixin.py:120} INFO - [2024-09-23T16:15:35.329+0000] {dagbag.py:537} INFO - Filling up the DagBag from /home/airflow/.local/lib/python3.7/site-packages/airflow/example_dags/example_kubernetes_executor.py
[2024-09-23T16:15:35.453+0000] {processor.py:766} INFO - DAG(s) dict_keys(['example_kubernetes_executor']) retrieved from /home/airflow/.local/lib/python3.7/site-packages/airflow/example_dags/example_kubernetes_executor.py
[2024-09-23T16:15:35.613+0000] {logging_mixin.py:120} INFO - [2024-09-23T16:15:35.613+0000] {dag.py:2585} INFO - Sync 1 DAGs
[2024-09-23T16:15:35.699+0000] {logging_mixin.py:120} INFO - [2024-09-23T16:15:35.699+0000] {dag.py:3340} INFO - Setting next_dagrun for example_kubernetes_executor to None, run_after=None
[2024-09-23T16:15:35.772+0000] {processor.py:176} INFO - Processing /home/airflow/.local/lib/python3.7/site-packages/airflow/example_dags/example_kubernetes_executor.py took 0.462 seconds
[2024-09-23T16:16:06.151+0000] {processor.py:154} INFO - Started process (PID=13126) to work on /home/airflow/.local/lib/python3.7/site-packages/airflow/example_dags/example_kubernetes_executor.py
[2024-09-23T16:16:06.155+0000] {processor.py:756} INFO - Processing file /home/airflow/.local/lib/python3.7/site-packages/airflow/example_dags/example_kubernetes_executor.py for tasks to queue
[2024-09-23T16:16:06.160+0000] {logging_mixin.py:120} INFO - [2024-09-23T16:16:06.159+0000] {dagbag.py:537} INFO - Filling up the DagBag from /home/airflow/.local/lib/python3.7/site-packages/airflow/example_dags/example_kubernetes_executor.py
[2024-09-23T16:16:06.226+0000] {processor.py:766} INFO - DAG(s) dict_keys(['example_kubernetes_executor']) retrieved from /home/airflow/.local/lib/python3.7/site-packages/airflow/example_dags/example_kubernetes_executor.py
[2024-09-23T16:16:06.301+0000] {logging_mixin.py:120} INFO - [2024-09-23T16:16:06.300+0000] {dag.py:2585} INFO - Sync 1 DAGs
[2024-09-23T16:16:06.355+0000] {logging_mixin.py:120} INFO - [2024-09-23T16:16:06.355+0000] {dag.py:3340} INFO - Setting next_dagrun for example_kubernetes_executor to None, run_after=None
[2024-09-23T16:16:06.398+0000] {processor.py:176} INFO - Processing /home/airflow/.local/lib/python3.7/site-packages/airflow/example_dags/example_kubernetes_executor.py took 0.254 seconds
[2024-09-23T16:23:13.259+0000] {processor.py:154} INFO - Started process (PID=13189) to work on /home/airflow/.local/lib/python3.7/site-packages/airflow/example_dags/example_kubernetes_executor.py
[2024-09-23T16:23:13.262+0000] {processor.py:756} INFO - Processing file /home/airflow/.local/lib/python3.7/site-packages/airflow/example_dags/example_kubernetes_executor.py for tasks to queue
[2024-09-23T16:23:13.264+0000] {logging_mixin.py:120} INFO - [2024-09-23T16:23:13.264+0000] {dagbag.py:537} INFO - Filling up the DagBag from /home/airflow/.local/lib/python3.7/site-packages/airflow/example_dags/example_kubernetes_executor.py
[2024-09-23T16:23:13.326+0000] {processor.py:766} INFO - DAG(s) dict_keys(['example_kubernetes_executor']) retrieved from /home/airflow/.local/lib/python3.7/site-packages/airflow/example_dags/example_kubernetes_executor.py
[2024-09-23T16:23:13.400+0000] {logging_mixin.py:120} INFO - [2024-09-23T16:23:13.400+0000] {dag.py:2585} INFO - Sync 1 DAGs
[2024-09-23T16:23:13.456+0000] {logging_mixin.py:120} INFO - [2024-09-23T16:23:13.456+0000] {dag.py:3340} INFO - Setting next_dagrun for example_kubernetes_executor to None, run_after=None
[2024-09-23T16:23:13.499+0000] {processor.py:176} INFO - Processing /home/airflow/.local/lib/python3.7/site-packages/airflow/example_dags/example_kubernetes_executor.py took 0.245 seconds
[2024-09-23T16:24:08.120+0000] {processor.py:154} INFO - Started process (PID=13243) to work on /home/airflow/.local/lib/python3.7/site-packages/airflow/example_dags/example_kubernetes_executor.py
[2024-09-23T16:24:08.122+0000] {processor.py:756} INFO - Processing file /home/airflow/.local/lib/python3.7/site-packages/airflow/example_dags/example_kubernetes_executor.py for tasks to queue
[2024-09-23T16:24:08.123+0000] {logging_mixin.py:120} INFO - [2024-09-23T16:24:08.122+0000] {dagbag.py:537} INFO - Filling up the DagBag from /home/airflow/.local/lib/python3.7/site-packages/airflow/example_dags/example_kubernetes_executor.py
[2024-09-23T16:24:08.159+0000] {processor.py:766} INFO - DAG(s) dict_keys(['example_kubernetes_executor']) retrieved from /home/airflow/.local/lib/python3.7/site-packages/airflow/example_dags/example_kubernetes_executor.py
[2024-09-23T16:24:08.213+0000] {logging_mixin.py:120} INFO - [2024-09-23T16:24:08.213+0000] {dag.py:2585} INFO - Sync 1 DAGs
[2024-09-23T16:24:08.244+0000] {logging_mixin.py:120} INFO - [2024-09-23T16:24:08.244+0000] {dag.py:3340} INFO - Setting next_dagrun for example_kubernetes_executor to None, run_after=None
[2024-09-23T16:24:08.273+0000] {processor.py:176} INFO - Processing /home/airflow/.local/lib/python3.7/site-packages/airflow/example_dags/example_kubernetes_executor.py took 0.158 seconds
[2024-09-23T16:25:45.263+0000] {processor.py:154} INFO - Started process (PID=13306) to work on /home/airflow/.local/lib/python3.7/site-packages/airflow/example_dags/example_kubernetes_executor.py
[2024-09-23T16:25:45.265+0000] {processor.py:756} INFO - Processing file /home/airflow/.local/lib/python3.7/site-packages/airflow/example_dags/example_kubernetes_executor.py for tasks to queue
[2024-09-23T16:25:45.266+0000] {logging_mixin.py:120} INFO - [2024-09-23T16:25:45.266+0000] {dagbag.py:537} INFO - Filling up the DagBag from /home/airflow/.local/lib/python3.7/site-packages/airflow/example_dags/example_kubernetes_executor.py
[2024-09-23T16:25:45.303+0000] {processor.py:766} INFO - DAG(s) dict_keys(['example_kubernetes_executor']) retrieved from /home/airflow/.local/lib/python3.7/site-packages/airflow/example_dags/example_kubernetes_executor.py
[2024-09-23T16:25:45.356+0000] {logging_mixin.py:120} INFO - [2024-09-23T16:25:45.355+0000] {dag.py:2585} INFO - Sync 1 DAGs
[2024-09-23T16:25:45.391+0000] {logging_mixin.py:120} INFO - [2024-09-23T16:25:45.391+0000] {dag.py:3340} INFO - Setting next_dagrun for example_kubernetes_executor to None, run_after=None
[2024-09-23T16:25:45.423+0000] {processor.py:176} INFO - Processing /home/airflow/.local/lib/python3.7/site-packages/airflow/example_dags/example_kubernetes_executor.py took 0.164 seconds
[2024-09-23T16:27:21.223+0000] {processor.py:154} INFO - Started process (PID=13360) to work on /home/airflow/.local/lib/python3.7/site-packages/airflow/example_dags/example_kubernetes_executor.py
[2024-09-23T16:27:21.225+0000] {processor.py:756} INFO - Processing file /home/airflow/.local/lib/python3.7/site-packages/airflow/example_dags/example_kubernetes_executor.py for tasks to queue
[2024-09-23T16:27:21.226+0000] {logging_mixin.py:120} INFO - [2024-09-23T16:27:21.226+0000] {dagbag.py:537} INFO - Filling up the DagBag from /home/airflow/.local/lib/python3.7/site-packages/airflow/example_dags/example_kubernetes_executor.py
[2024-09-23T16:27:21.276+0000] {processor.py:766} INFO - DAG(s) dict_keys(['example_kubernetes_executor']) retrieved from /home/airflow/.local/lib/python3.7/site-packages/airflow/example_dags/example_kubernetes_executor.py
[2024-09-23T16:27:21.345+0000] {logging_mixin.py:120} INFO - [2024-09-23T16:27:21.345+0000] {dag.py:2585} INFO - Sync 1 DAGs
[2024-09-23T16:27:21.378+0000] {logging_mixin.py:120} INFO - [2024-09-23T16:27:21.378+0000] {dag.py:3340} INFO - Setting next_dagrun for example_kubernetes_executor to None, run_after=None
[2024-09-23T16:27:21.419+0000] {processor.py:176} INFO - Processing /home/airflow/.local/lib/python3.7/site-packages/airflow/example_dags/example_kubernetes_executor.py took 0.200 seconds
[2024-09-23T16:36:39.372+0000] {processor.py:154} INFO - Started process (PID=13423) to work on /home/airflow/.local/lib/python3.7/site-packages/airflow/example_dags/example_kubernetes_executor.py
[2024-09-23T16:36:39.378+0000] {processor.py:756} INFO - Processing file /home/airflow/.local/lib/python3.7/site-packages/airflow/example_dags/example_kubernetes_executor.py for tasks to queue
[2024-09-23T16:36:39.380+0000] {logging_mixin.py:120} INFO - [2024-09-23T16:36:39.379+0000] {dagbag.py:537} INFO - Filling up the DagBag from /home/airflow/.local/lib/python3.7/site-packages/airflow/example_dags/example_kubernetes_executor.py
[2024-09-23T16:36:39.436+0000] {processor.py:766} INFO - DAG(s) dict_keys(['example_kubernetes_executor']) retrieved from /home/airflow/.local/lib/python3.7/site-packages/airflow/example_dags/example_kubernetes_executor.py
[2024-09-23T16:36:39.525+0000] {logging_mixin.py:120} INFO - [2024-09-23T16:36:39.524+0000] {dag.py:2585} INFO - Sync 1 DAGs
[2024-09-23T16:36:39.579+0000] {logging_mixin.py:120} INFO - [2024-09-23T16:36:39.579+0000] {dag.py:3340} INFO - Setting next_dagrun for example_kubernetes_executor to None, run_after=None
[2024-09-23T16:36:39.621+0000] {processor.py:176} INFO - Processing /home/airflow/.local/lib/python3.7/site-packages/airflow/example_dags/example_kubernetes_executor.py took 0.255 seconds
[2024-09-23T16:45:08.935+0000] {processor.py:154} INFO - Started process (PID=13477) to work on /home/airflow/.local/lib/python3.7/site-packages/airflow/example_dags/example_kubernetes_executor.py
[2024-09-23T16:45:08.941+0000] {processor.py:756} INFO - Processing file /home/airflow/.local/lib/python3.7/site-packages/airflow/example_dags/example_kubernetes_executor.py for tasks to queue
[2024-09-23T16:45:08.943+0000] {logging_mixin.py:120} INFO - [2024-09-23T16:45:08.943+0000] {dagbag.py:537} INFO - Filling up the DagBag from /home/airflow/.local/lib/python3.7/site-packages/airflow/example_dags/example_kubernetes_executor.py
[2024-09-23T16:45:09.039+0000] {processor.py:766} INFO - DAG(s) dict_keys(['example_kubernetes_executor']) retrieved from /home/airflow/.local/lib/python3.7/site-packages/airflow/example_dags/example_kubernetes_executor.py
[2024-09-23T16:45:09.161+0000] {logging_mixin.py:120} INFO - [2024-09-23T16:45:09.161+0000] {dag.py:2585} INFO - Sync 1 DAGs
[2024-09-23T16:45:09.237+0000] {logging_mixin.py:120} INFO - [2024-09-23T16:45:09.236+0000] {dag.py:3340} INFO - Setting next_dagrun for example_kubernetes_executor to None, run_after=None
[2024-09-23T16:45:09.306+0000] {processor.py:176} INFO - Processing /home/airflow/.local/lib/python3.7/site-packages/airflow/example_dags/example_kubernetes_executor.py took 0.383 seconds
[2024-09-23T17:23:33.718+0000] {processor.py:154} INFO - Started process (PID=13531) to work on /home/airflow/.local/lib/python3.7/site-packages/airflow/example_dags/example_kubernetes_executor.py
[2024-09-23T17:23:33.720+0000] {processor.py:756} INFO - Processing file /home/airflow/.local/lib/python3.7/site-packages/airflow/example_dags/example_kubernetes_executor.py for tasks to queue
[2024-09-23T17:23:33.722+0000] {logging_mixin.py:120} INFO - [2024-09-23T17:23:33.721+0000] {dagbag.py:537} INFO - Filling up the DagBag from /home/airflow/.local/lib/python3.7/site-packages/airflow/example_dags/example_kubernetes_executor.py
[2024-09-23T17:23:33.763+0000] {processor.py:766} INFO - DAG(s) dict_keys(['example_kubernetes_executor']) retrieved from /home/airflow/.local/lib/python3.7/site-packages/airflow/example_dags/example_kubernetes_executor.py
[2024-09-23T17:23:33.815+0000] {logging_mixin.py:120} INFO - [2024-09-23T17:23:33.815+0000] {dag.py:2585} INFO - Sync 1 DAGs
[2024-09-23T17:23:33.846+0000] {logging_mixin.py:120} INFO - [2024-09-23T17:23:33.845+0000] {dag.py:3340} INFO - Setting next_dagrun for example_kubernetes_executor to None, run_after=None
[2024-09-23T17:23:33.880+0000] {processor.py:176} INFO - Processing /home/airflow/.local/lib/python3.7/site-packages/airflow/example_dags/example_kubernetes_executor.py took 0.167 seconds
[2024-09-23T17:26:16.286+0000] {processor.py:154} INFO - Started process (PID=13595) to work on /home/airflow/.local/lib/python3.7/site-packages/airflow/example_dags/example_kubernetes_executor.py
[2024-09-23T17:26:16.292+0000] {processor.py:756} INFO - Processing file /home/airflow/.local/lib/python3.7/site-packages/airflow/example_dags/example_kubernetes_executor.py for tasks to queue
[2024-09-23T17:26:16.293+0000] {logging_mixin.py:120} INFO - [2024-09-23T17:26:16.293+0000] {dagbag.py:537} INFO - Filling up the DagBag from /home/airflow/.local/lib/python3.7/site-packages/airflow/example_dags/example_kubernetes_executor.py
[2024-09-23T17:26:16.327+0000] {processor.py:766} INFO - DAG(s) dict_keys(['example_kubernetes_executor']) retrieved from /home/airflow/.local/lib/python3.7/site-packages/airflow/example_dags/example_kubernetes_executor.py
[2024-09-23T17:26:16.377+0000] {logging_mixin.py:120} INFO - [2024-09-23T17:26:16.377+0000] {dag.py:2585} INFO - Sync 1 DAGs
[2024-09-23T17:26:16.412+0000] {logging_mixin.py:120} INFO - [2024-09-23T17:26:16.412+0000] {dag.py:3340} INFO - Setting next_dagrun for example_kubernetes_executor to None, run_after=None
[2024-09-23T17:26:16.438+0000] {processor.py:176} INFO - Processing /home/airflow/.local/lib/python3.7/site-packages/airflow/example_dags/example_kubernetes_executor.py took 0.156 seconds
[2024-09-23T18:46:06.599+0000] {processor.py:154} INFO - Started process (PID=13658) to work on /home/airflow/.local/lib/python3.7/site-packages/airflow/example_dags/example_kubernetes_executor.py
[2024-09-23T18:46:06.603+0000] {processor.py:756} INFO - Processing file /home/airflow/.local/lib/python3.7/site-packages/airflow/example_dags/example_kubernetes_executor.py for tasks to queue
[2024-09-23T18:46:06.604+0000] {logging_mixin.py:120} INFO - [2024-09-23T18:46:06.604+0000] {dagbag.py:537} INFO - Filling up the DagBag from /home/airflow/.local/lib/python3.7/site-packages/airflow/example_dags/example_kubernetes_executor.py
[2024-09-23T18:46:06.693+0000] {processor.py:766} INFO - DAG(s) dict_keys(['example_kubernetes_executor']) retrieved from /home/airflow/.local/lib/python3.7/site-packages/airflow/example_dags/example_kubernetes_executor.py
[2024-09-23T18:46:06.859+0000] {logging_mixin.py:120} INFO - [2024-09-23T18:46:06.857+0000] {dag.py:2585} INFO - Sync 1 DAGs
[2024-09-23T18:46:06.966+0000] {logging_mixin.py:120} INFO - [2024-09-23T18:46:06.965+0000] {dag.py:3340} INFO - Setting next_dagrun for example_kubernetes_executor to None, run_after=None
[2024-09-23T18:46:07.035+0000] {processor.py:176} INFO - Processing /home/airflow/.local/lib/python3.7/site-packages/airflow/example_dags/example_kubernetes_executor.py took 0.444 seconds
[2024-09-23T18:46:37.834+0000] {processor.py:154} INFO - Started process (PID=13711) to work on /home/airflow/.local/lib/python3.7/site-packages/airflow/example_dags/example_kubernetes_executor.py
[2024-09-23T18:46:37.845+0000] {processor.py:756} INFO - Processing file /home/airflow/.local/lib/python3.7/site-packages/airflow/example_dags/example_kubernetes_executor.py for tasks to queue
[2024-09-23T18:46:37.866+0000] {logging_mixin.py:120} INFO - [2024-09-23T18:46:37.865+0000] {dagbag.py:537} INFO - Filling up the DagBag from /home/airflow/.local/lib/python3.7/site-packages/airflow/example_dags/example_kubernetes_executor.py
[2024-09-23T18:46:37.924+0000] {processor.py:766} INFO - DAG(s) dict_keys(['example_kubernetes_executor']) retrieved from /home/airflow/.local/lib/python3.7/site-packages/airflow/example_dags/example_kubernetes_executor.py
[2024-09-23T18:46:38.029+0000] {logging_mixin.py:120} INFO - [2024-09-23T18:46:38.028+0000] {dag.py:2585} INFO - Sync 1 DAGs
[2024-09-23T18:46:38.089+0000] {logging_mixin.py:120} INFO - [2024-09-23T18:46:38.089+0000] {dag.py:3340} INFO - Setting next_dagrun for example_kubernetes_executor to None, run_after=None
[2024-09-23T18:46:38.130+0000] {processor.py:176} INFO - Processing /home/airflow/.local/lib/python3.7/site-packages/airflow/example_dags/example_kubernetes_executor.py took 0.301 seconds
[2024-09-23T20:47:12.291+0000] {processor.py:154} INFO - Started process (PID=13765) to work on /home/airflow/.local/lib/python3.7/site-packages/airflow/example_dags/example_kubernetes_executor.py
[2024-09-23T20:47:12.295+0000] {processor.py:756} INFO - Processing file /home/airflow/.local/lib/python3.7/site-packages/airflow/example_dags/example_kubernetes_executor.py for tasks to queue
[2024-09-23T20:47:12.296+0000] {logging_mixin.py:120} INFO - [2024-09-23T20:47:12.295+0000] {dagbag.py:537} INFO - Filling up the DagBag from /home/airflow/.local/lib/python3.7/site-packages/airflow/example_dags/example_kubernetes_executor.py
[2024-09-23T20:47:12.335+0000] {processor.py:766} INFO - DAG(s) dict_keys(['example_kubernetes_executor']) retrieved from /home/airflow/.local/lib/python3.7/site-packages/airflow/example_dags/example_kubernetes_executor.py
[2024-09-23T20:47:12.406+0000] {logging_mixin.py:120} INFO - [2024-09-23T20:47:12.405+0000] {dag.py:2585} INFO - Sync 1 DAGs
[2024-09-23T20:47:12.454+0000] {logging_mixin.py:120} INFO - [2024-09-23T20:47:12.454+0000] {dag.py:3340} INFO - Setting next_dagrun for example_kubernetes_executor to None, run_after=None
[2024-09-23T20:47:12.499+0000] {processor.py:176} INFO - Processing /home/airflow/.local/lib/python3.7/site-packages/airflow/example_dags/example_kubernetes_executor.py took 0.213 seconds
[2024-09-23T23:49:52.537+0000] {processor.py:154} INFO - Started process (PID=13828) to work on /home/airflow/.local/lib/python3.7/site-packages/airflow/example_dags/example_kubernetes_executor.py
[2024-09-23T23:49:52.542+0000] {processor.py:756} INFO - Processing file /home/airflow/.local/lib/python3.7/site-packages/airflow/example_dags/example_kubernetes_executor.py for tasks to queue
[2024-09-23T23:49:52.543+0000] {logging_mixin.py:120} INFO - [2024-09-23T23:49:52.543+0000] {dagbag.py:537} INFO - Filling up the DagBag from /home/airflow/.local/lib/python3.7/site-packages/airflow/example_dags/example_kubernetes_executor.py
[2024-09-23T23:49:52.587+0000] {processor.py:766} INFO - DAG(s) dict_keys(['example_kubernetes_executor']) retrieved from /home/airflow/.local/lib/python3.7/site-packages/airflow/example_dags/example_kubernetes_executor.py
[2024-09-23T23:49:52.656+0000] {logging_mixin.py:120} INFO - [2024-09-23T23:49:52.656+0000] {dag.py:2585} INFO - Sync 1 DAGs
[2024-09-23T23:49:52.696+0000] {logging_mixin.py:120} INFO - [2024-09-23T23:49:52.695+0000] {dag.py:3340} INFO - Setting next_dagrun for example_kubernetes_executor to None, run_after=None
[2024-09-23T23:49:52.730+0000] {processor.py:176} INFO - Processing /home/airflow/.local/lib/python3.7/site-packages/airflow/example_dags/example_kubernetes_executor.py took 0.197 seconds
