[2024-09-29T00:00:00.434+0000] {processor.py:154} INFO - Started process (PID=46473) to work on /home/airflow/.local/lib/python3.7/site-packages/airflow/example_dags/example_xcomargs.py
[2024-09-29T00:00:00.436+0000] {processor.py:756} INFO - Processing file /home/airflow/.local/lib/python3.7/site-packages/airflow/example_dags/example_xcomargs.py for tasks to queue
[2024-09-29T00:00:00.437+0000] {logging_mixin.py:120} INFO - [2024-09-29T00:00:00.437+0000] {dagbag.py:537} INFO - Filling up the DagBag from /home/airflow/.local/lib/python3.7/site-packages/airflow/example_dags/example_xcomargs.py
[2024-09-29T00:00:00.472+0000] {processor.py:766} INFO - DAG(s) dict_keys(['example_xcom_args_with_operators', 'example_xcom_args']) retrieved from /home/airflow/.local/lib/python3.7/site-packages/airflow/example_dags/example_xcomargs.py
[2024-09-29T00:00:00.535+0000] {logging_mixin.py:120} INFO - [2024-09-29T00:00:00.535+0000] {dag.py:2585} INFO - Sync 2 DAGs
[2024-09-29T00:00:00.577+0000] {logging_mixin.py:120} INFO - [2024-09-29T00:00:00.577+0000] {dag.py:3340} INFO - Setting next_dagrun for example_xcom_args to None, run_after=None
[2024-09-29T00:00:00.582+0000] {logging_mixin.py:120} INFO - [2024-09-29T00:00:00.581+0000] {dag.py:3340} INFO - Setting next_dagrun for example_xcom_args_with_operators to None, run_after=None
[2024-09-29T00:00:00.616+0000] {processor.py:176} INFO - Processing /home/airflow/.local/lib/python3.7/site-packages/airflow/example_dags/example_xcomargs.py took 0.187 seconds
[2024-09-29T00:00:31.544+0000] {processor.py:154} INFO - Started process (PID=46554) to work on /home/airflow/.local/lib/python3.7/site-packages/airflow/example_dags/example_xcomargs.py
[2024-09-29T00:00:31.545+0000] {processor.py:756} INFO - Processing file /home/airflow/.local/lib/python3.7/site-packages/airflow/example_dags/example_xcomargs.py for tasks to queue
[2024-09-29T00:00:31.547+0000] {logging_mixin.py:120} INFO - [2024-09-29T00:00:31.546+0000] {dagbag.py:537} INFO - Filling up the DagBag from /home/airflow/.local/lib/python3.7/site-packages/airflow/example_dags/example_xcomargs.py
[2024-09-29T00:00:31.585+0000] {processor.py:766} INFO - DAG(s) dict_keys(['example_xcom_args', 'example_xcom_args_with_operators']) retrieved from /home/airflow/.local/lib/python3.7/site-packages/airflow/example_dags/example_xcomargs.py
[2024-09-29T00:00:31.659+0000] {logging_mixin.py:120} INFO - [2024-09-29T00:00:31.659+0000] {dag.py:2585} INFO - Sync 2 DAGs
[2024-09-29T00:00:31.709+0000] {logging_mixin.py:120} INFO - [2024-09-29T00:00:31.708+0000] {dag.py:3340} INFO - Setting next_dagrun for example_xcom_args to None, run_after=None
[2024-09-29T00:00:31.715+0000] {logging_mixin.py:120} INFO - [2024-09-29T00:00:31.715+0000] {dag.py:3340} INFO - Setting next_dagrun for example_xcom_args_with_operators to None, run_after=None
[2024-09-29T00:00:31.749+0000] {processor.py:176} INFO - Processing /home/airflow/.local/lib/python3.7/site-packages/airflow/example_dags/example_xcomargs.py took 0.210 seconds
[2024-09-29T00:01:01.781+0000] {processor.py:154} INFO - Started process (PID=46616) to work on /home/airflow/.local/lib/python3.7/site-packages/airflow/example_dags/example_xcomargs.py
[2024-09-29T00:01:01.783+0000] {processor.py:756} INFO - Processing file /home/airflow/.local/lib/python3.7/site-packages/airflow/example_dags/example_xcomargs.py for tasks to queue
[2024-09-29T00:01:01.784+0000] {logging_mixin.py:120} INFO - [2024-09-29T00:01:01.784+0000] {dagbag.py:537} INFO - Filling up the DagBag from /home/airflow/.local/lib/python3.7/site-packages/airflow/example_dags/example_xcomargs.py
[2024-09-29T00:01:01.819+0000] {processor.py:766} INFO - DAG(s) dict_keys(['example_xcom_args_with_operators', 'example_xcom_args']) retrieved from /home/airflow/.local/lib/python3.7/site-packages/airflow/example_dags/example_xcomargs.py
[2024-09-29T00:01:01.879+0000] {logging_mixin.py:120} INFO - [2024-09-29T00:01:01.878+0000] {dag.py:2585} INFO - Sync 2 DAGs
[2024-09-29T00:01:01.914+0000] {logging_mixin.py:120} INFO - [2024-09-29T00:01:01.914+0000] {dag.py:3340} INFO - Setting next_dagrun for example_xcom_args to None, run_after=None
[2024-09-29T00:01:01.919+0000] {logging_mixin.py:120} INFO - [2024-09-29T00:01:01.919+0000] {dag.py:3340} INFO - Setting next_dagrun for example_xcom_args_with_operators to None, run_after=None
[2024-09-29T00:01:01.949+0000] {processor.py:176} INFO - Processing /home/airflow/.local/lib/python3.7/site-packages/airflow/example_dags/example_xcomargs.py took 0.172 seconds
[2024-09-29T00:01:32.279+0000] {processor.py:154} INFO - Started process (PID=46687) to work on /home/airflow/.local/lib/python3.7/site-packages/airflow/example_dags/example_xcomargs.py
[2024-09-29T00:01:32.280+0000] {processor.py:756} INFO - Processing file /home/airflow/.local/lib/python3.7/site-packages/airflow/example_dags/example_xcomargs.py for tasks to queue
[2024-09-29T00:01:32.281+0000] {logging_mixin.py:120} INFO - [2024-09-29T00:01:32.281+0000] {dagbag.py:537} INFO - Filling up the DagBag from /home/airflow/.local/lib/python3.7/site-packages/airflow/example_dags/example_xcomargs.py
[2024-09-29T00:01:32.312+0000] {processor.py:766} INFO - DAG(s) dict_keys(['example_xcom_args', 'example_xcom_args_with_operators']) retrieved from /home/airflow/.local/lib/python3.7/site-packages/airflow/example_dags/example_xcomargs.py
[2024-09-29T00:01:32.374+0000] {logging_mixin.py:120} INFO - [2024-09-29T00:01:32.373+0000] {dag.py:2585} INFO - Sync 2 DAGs
[2024-09-29T00:01:32.407+0000] {logging_mixin.py:120} INFO - [2024-09-29T00:01:32.406+0000] {dag.py:3340} INFO - Setting next_dagrun for example_xcom_args to None, run_after=None
[2024-09-29T00:01:32.411+0000] {logging_mixin.py:120} INFO - [2024-09-29T00:01:32.411+0000] {dag.py:3340} INFO - Setting next_dagrun for example_xcom_args_with_operators to None, run_after=None
[2024-09-29T00:01:32.436+0000] {processor.py:176} INFO - Processing /home/airflow/.local/lib/python3.7/site-packages/airflow/example_dags/example_xcomargs.py took 0.162 seconds
[2024-09-29T00:02:02.657+0000] {processor.py:154} INFO - Started process (PID=46759) to work on /home/airflow/.local/lib/python3.7/site-packages/airflow/example_dags/example_xcomargs.py
[2024-09-29T00:02:02.658+0000] {processor.py:756} INFO - Processing file /home/airflow/.local/lib/python3.7/site-packages/airflow/example_dags/example_xcomargs.py for tasks to queue
[2024-09-29T00:02:02.659+0000] {logging_mixin.py:120} INFO - [2024-09-29T00:02:02.659+0000] {dagbag.py:537} INFO - Filling up the DagBag from /home/airflow/.local/lib/python3.7/site-packages/airflow/example_dags/example_xcomargs.py
[2024-09-29T00:02:02.690+0000] {processor.py:766} INFO - DAG(s) dict_keys(['example_xcom_args', 'example_xcom_args_with_operators']) retrieved from /home/airflow/.local/lib/python3.7/site-packages/airflow/example_dags/example_xcomargs.py
[2024-09-29T00:02:02.747+0000] {logging_mixin.py:120} INFO - [2024-09-29T00:02:02.747+0000] {dag.py:2585} INFO - Sync 2 DAGs
[2024-09-29T00:02:02.781+0000] {logging_mixin.py:120} INFO - [2024-09-29T00:02:02.781+0000] {dag.py:3340} INFO - Setting next_dagrun for example_xcom_args to None, run_after=None
[2024-09-29T00:02:02.786+0000] {logging_mixin.py:120} INFO - [2024-09-29T00:02:02.786+0000] {dag.py:3340} INFO - Setting next_dagrun for example_xcom_args_with_operators to None, run_after=None
[2024-09-29T00:02:02.814+0000] {processor.py:176} INFO - Processing /home/airflow/.local/lib/python3.7/site-packages/airflow/example_dags/example_xcomargs.py took 0.162 seconds
[2024-09-29T00:02:33.334+0000] {processor.py:154} INFO - Started process (PID=46822) to work on /home/airflow/.local/lib/python3.7/site-packages/airflow/example_dags/example_xcomargs.py
[2024-09-29T00:02:33.335+0000] {processor.py:756} INFO - Processing file /home/airflow/.local/lib/python3.7/site-packages/airflow/example_dags/example_xcomargs.py for tasks to queue
[2024-09-29T00:02:33.336+0000] {logging_mixin.py:120} INFO - [2024-09-29T00:02:33.336+0000] {dagbag.py:537} INFO - Filling up the DagBag from /home/airflow/.local/lib/python3.7/site-packages/airflow/example_dags/example_xcomargs.py
[2024-09-29T00:02:33.366+0000] {processor.py:766} INFO - DAG(s) dict_keys(['example_xcom_args', 'example_xcom_args_with_operators']) retrieved from /home/airflow/.local/lib/python3.7/site-packages/airflow/example_dags/example_xcomargs.py
[2024-09-29T00:02:33.419+0000] {logging_mixin.py:120} INFO - [2024-09-29T00:02:33.419+0000] {dag.py:2585} INFO - Sync 2 DAGs
[2024-09-29T00:02:33.451+0000] {logging_mixin.py:120} INFO - [2024-09-29T00:02:33.451+0000] {dag.py:3340} INFO - Setting next_dagrun for example_xcom_args to None, run_after=None
[2024-09-29T00:02:33.455+0000] {logging_mixin.py:120} INFO - [2024-09-29T00:02:33.455+0000] {dag.py:3340} INFO - Setting next_dagrun for example_xcom_args_with_operators to None, run_after=None
[2024-09-29T00:02:33.484+0000] {processor.py:176} INFO - Processing /home/airflow/.local/lib/python3.7/site-packages/airflow/example_dags/example_xcomargs.py took 0.154 seconds
[2024-09-29T00:03:03.511+0000] {processor.py:154} INFO - Started process (PID=46891) to work on /home/airflow/.local/lib/python3.7/site-packages/airflow/example_dags/example_xcomargs.py
[2024-09-29T00:03:03.512+0000] {processor.py:756} INFO - Processing file /home/airflow/.local/lib/python3.7/site-packages/airflow/example_dags/example_xcomargs.py for tasks to queue
[2024-09-29T00:03:03.513+0000] {logging_mixin.py:120} INFO - [2024-09-29T00:03:03.513+0000] {dagbag.py:537} INFO - Filling up the DagBag from /home/airflow/.local/lib/python3.7/site-packages/airflow/example_dags/example_xcomargs.py
[2024-09-29T00:03:03.545+0000] {processor.py:766} INFO - DAG(s) dict_keys(['example_xcom_args', 'example_xcom_args_with_operators']) retrieved from /home/airflow/.local/lib/python3.7/site-packages/airflow/example_dags/example_xcomargs.py
[2024-09-29T00:03:03.601+0000] {logging_mixin.py:120} INFO - [2024-09-29T00:03:03.600+0000] {dag.py:2585} INFO - Sync 2 DAGs
[2024-09-29T00:03:03.633+0000] {logging_mixin.py:120} INFO - [2024-09-29T00:03:03.633+0000] {dag.py:3340} INFO - Setting next_dagrun for example_xcom_args to None, run_after=None
[2024-09-29T00:03:03.637+0000] {logging_mixin.py:120} INFO - [2024-09-29T00:03:03.637+0000] {dag.py:3340} INFO - Setting next_dagrun for example_xcom_args_with_operators to None, run_after=None
[2024-09-29T00:03:03.657+0000] {processor.py:176} INFO - Processing /home/airflow/.local/lib/python3.7/site-packages/airflow/example_dags/example_xcomargs.py took 0.150 seconds
[2024-09-29T00:03:33.735+0000] {processor.py:154} INFO - Started process (PID=46963) to work on /home/airflow/.local/lib/python3.7/site-packages/airflow/example_dags/example_xcomargs.py
[2024-09-29T00:03:33.737+0000] {processor.py:756} INFO - Processing file /home/airflow/.local/lib/python3.7/site-packages/airflow/example_dags/example_xcomargs.py for tasks to queue
[2024-09-29T00:03:33.739+0000] {logging_mixin.py:120} INFO - [2024-09-29T00:03:33.739+0000] {dagbag.py:537} INFO - Filling up the DagBag from /home/airflow/.local/lib/python3.7/site-packages/airflow/example_dags/example_xcomargs.py
[2024-09-29T00:03:33.777+0000] {processor.py:766} INFO - DAG(s) dict_keys(['example_xcom_args_with_operators', 'example_xcom_args']) retrieved from /home/airflow/.local/lib/python3.7/site-packages/airflow/example_dags/example_xcomargs.py
[2024-09-29T00:03:33.844+0000] {logging_mixin.py:120} INFO - [2024-09-29T00:03:33.843+0000] {dag.py:2585} INFO - Sync 2 DAGs
[2024-09-29T00:03:33.876+0000] {logging_mixin.py:120} INFO - [2024-09-29T00:03:33.876+0000] {dag.py:3340} INFO - Setting next_dagrun for example_xcom_args to None, run_after=None
[2024-09-29T00:03:33.880+0000] {logging_mixin.py:120} INFO - [2024-09-29T00:03:33.880+0000] {dag.py:3340} INFO - Setting next_dagrun for example_xcom_args_with_operators to None, run_after=None
[2024-09-29T00:03:33.903+0000] {processor.py:176} INFO - Processing /home/airflow/.local/lib/python3.7/site-packages/airflow/example_dags/example_xcomargs.py took 0.175 seconds
[2024-09-29T00:04:03.948+0000] {processor.py:154} INFO - Started process (PID=47026) to work on /home/airflow/.local/lib/python3.7/site-packages/airflow/example_dags/example_xcomargs.py
[2024-09-29T00:04:03.950+0000] {processor.py:756} INFO - Processing file /home/airflow/.local/lib/python3.7/site-packages/airflow/example_dags/example_xcomargs.py for tasks to queue
[2024-09-29T00:04:03.951+0000] {logging_mixin.py:120} INFO - [2024-09-29T00:04:03.950+0000] {dagbag.py:537} INFO - Filling up the DagBag from /home/airflow/.local/lib/python3.7/site-packages/airflow/example_dags/example_xcomargs.py
[2024-09-29T00:04:03.982+0000] {processor.py:766} INFO - DAG(s) dict_keys(['example_xcom_args_with_operators', 'example_xcom_args']) retrieved from /home/airflow/.local/lib/python3.7/site-packages/airflow/example_dags/example_xcomargs.py
[2024-09-29T00:04:04.043+0000] {logging_mixin.py:120} INFO - [2024-09-29T00:04:04.042+0000] {dag.py:2585} INFO - Sync 2 DAGs
[2024-09-29T00:04:04.076+0000] {logging_mixin.py:120} INFO - [2024-09-29T00:04:04.076+0000] {dag.py:3340} INFO - Setting next_dagrun for example_xcom_args to None, run_after=None
[2024-09-29T00:04:04.080+0000] {logging_mixin.py:120} INFO - [2024-09-29T00:04:04.080+0000] {dag.py:3340} INFO - Setting next_dagrun for example_xcom_args_with_operators to None, run_after=None
[2024-09-29T00:04:04.104+0000] {processor.py:176} INFO - Processing /home/airflow/.local/lib/python3.7/site-packages/airflow/example_dags/example_xcomargs.py took 0.161 seconds
[2024-09-29T00:04:34.275+0000] {processor.py:154} INFO - Started process (PID=47096) to work on /home/airflow/.local/lib/python3.7/site-packages/airflow/example_dags/example_xcomargs.py
[2024-09-29T00:04:34.276+0000] {processor.py:756} INFO - Processing file /home/airflow/.local/lib/python3.7/site-packages/airflow/example_dags/example_xcomargs.py for tasks to queue
[2024-09-29T00:04:34.278+0000] {logging_mixin.py:120} INFO - [2024-09-29T00:04:34.278+0000] {dagbag.py:537} INFO - Filling up the DagBag from /home/airflow/.local/lib/python3.7/site-packages/airflow/example_dags/example_xcomargs.py
[2024-09-29T00:04:34.307+0000] {processor.py:766} INFO - DAG(s) dict_keys(['example_xcom_args', 'example_xcom_args_with_operators']) retrieved from /home/airflow/.local/lib/python3.7/site-packages/airflow/example_dags/example_xcomargs.py
[2024-09-29T00:04:34.362+0000] {logging_mixin.py:120} INFO - [2024-09-29T00:04:34.362+0000] {dag.py:2585} INFO - Sync 2 DAGs
[2024-09-29T00:04:34.394+0000] {logging_mixin.py:120} INFO - [2024-09-29T00:04:34.394+0000] {dag.py:3340} INFO - Setting next_dagrun for example_xcom_args to None, run_after=None
[2024-09-29T00:04:34.401+0000] {logging_mixin.py:120} INFO - [2024-09-29T00:04:34.401+0000] {dag.py:3340} INFO - Setting next_dagrun for example_xcom_args_with_operators to None, run_after=None
[2024-09-29T00:04:34.423+0000] {processor.py:176} INFO - Processing /home/airflow/.local/lib/python3.7/site-packages/airflow/example_dags/example_xcomargs.py took 0.152 seconds
[2024-09-29T00:05:04.557+0000] {processor.py:154} INFO - Started process (PID=47168) to work on /home/airflow/.local/lib/python3.7/site-packages/airflow/example_dags/example_xcomargs.py
[2024-09-29T00:05:04.558+0000] {processor.py:756} INFO - Processing file /home/airflow/.local/lib/python3.7/site-packages/airflow/example_dags/example_xcomargs.py for tasks to queue
[2024-09-29T00:05:04.559+0000] {logging_mixin.py:120} INFO - [2024-09-29T00:05:04.559+0000] {dagbag.py:537} INFO - Filling up the DagBag from /home/airflow/.local/lib/python3.7/site-packages/airflow/example_dags/example_xcomargs.py
[2024-09-29T00:05:04.591+0000] {processor.py:766} INFO - DAG(s) dict_keys(['example_xcom_args', 'example_xcom_args_with_operators']) retrieved from /home/airflow/.local/lib/python3.7/site-packages/airflow/example_dags/example_xcomargs.py
[2024-09-29T00:05:04.650+0000] {logging_mixin.py:120} INFO - [2024-09-29T00:05:04.650+0000] {dag.py:2585} INFO - Sync 2 DAGs
[2024-09-29T00:05:04.685+0000] {logging_mixin.py:120} INFO - [2024-09-29T00:05:04.685+0000] {dag.py:3340} INFO - Setting next_dagrun for example_xcom_args to None, run_after=None
[2024-09-29T00:05:04.690+0000] {logging_mixin.py:120} INFO - [2024-09-29T00:05:04.689+0000] {dag.py:3340} INFO - Setting next_dagrun for example_xcom_args_with_operators to None, run_after=None
[2024-09-29T00:05:04.713+0000] {processor.py:176} INFO - Processing /home/airflow/.local/lib/python3.7/site-packages/airflow/example_dags/example_xcomargs.py took 0.160 seconds
[2024-09-29T00:05:34.837+0000] {processor.py:154} INFO - Started process (PID=47231) to work on /home/airflow/.local/lib/python3.7/site-packages/airflow/example_dags/example_xcomargs.py
[2024-09-29T00:05:34.839+0000] {processor.py:756} INFO - Processing file /home/airflow/.local/lib/python3.7/site-packages/airflow/example_dags/example_xcomargs.py for tasks to queue
[2024-09-29T00:05:34.840+0000] {logging_mixin.py:120} INFO - [2024-09-29T00:05:34.839+0000] {dagbag.py:537} INFO - Filling up the DagBag from /home/airflow/.local/lib/python3.7/site-packages/airflow/example_dags/example_xcomargs.py
[2024-09-29T00:05:34.875+0000] {processor.py:766} INFO - DAG(s) dict_keys(['example_xcom_args_with_operators', 'example_xcom_args']) retrieved from /home/airflow/.local/lib/python3.7/site-packages/airflow/example_dags/example_xcomargs.py
[2024-09-29T00:05:34.942+0000] {logging_mixin.py:120} INFO - [2024-09-29T00:05:34.942+0000] {dag.py:2585} INFO - Sync 2 DAGs
[2024-09-29T00:05:34.974+0000] {logging_mixin.py:120} INFO - [2024-09-29T00:05:34.974+0000] {dag.py:3340} INFO - Setting next_dagrun for example_xcom_args to None, run_after=None
[2024-09-29T00:05:34.978+0000] {logging_mixin.py:120} INFO - [2024-09-29T00:05:34.978+0000] {dag.py:3340} INFO - Setting next_dagrun for example_xcom_args_with_operators to None, run_after=None
[2024-09-29T00:05:35.000+0000] {processor.py:176} INFO - Processing /home/airflow/.local/lib/python3.7/site-packages/airflow/example_dags/example_xcomargs.py took 0.168 seconds
[2024-09-29T00:06:05.259+0000] {processor.py:154} INFO - Started process (PID=47303) to work on /home/airflow/.local/lib/python3.7/site-packages/airflow/example_dags/example_xcomargs.py
[2024-09-29T00:06:05.260+0000] {processor.py:756} INFO - Processing file /home/airflow/.local/lib/python3.7/site-packages/airflow/example_dags/example_xcomargs.py for tasks to queue
[2024-09-29T00:06:05.261+0000] {logging_mixin.py:120} INFO - [2024-09-29T00:06:05.261+0000] {dagbag.py:537} INFO - Filling up the DagBag from /home/airflow/.local/lib/python3.7/site-packages/airflow/example_dags/example_xcomargs.py
[2024-09-29T00:06:05.290+0000] {processor.py:766} INFO - DAG(s) dict_keys(['example_xcom_args_with_operators', 'example_xcom_args']) retrieved from /home/airflow/.local/lib/python3.7/site-packages/airflow/example_dags/example_xcomargs.py
[2024-09-29T00:06:05.346+0000] {logging_mixin.py:120} INFO - [2024-09-29T00:06:05.346+0000] {dag.py:2585} INFO - Sync 2 DAGs
[2024-09-29T00:06:05.377+0000] {logging_mixin.py:120} INFO - [2024-09-29T00:06:05.377+0000] {dag.py:3340} INFO - Setting next_dagrun for example_xcom_args to None, run_after=None
[2024-09-29T00:06:05.381+0000] {logging_mixin.py:120} INFO - [2024-09-29T00:06:05.381+0000] {dag.py:3340} INFO - Setting next_dagrun for example_xcom_args_with_operators to None, run_after=None
[2024-09-29T00:06:05.402+0000] {processor.py:176} INFO - Processing /home/airflow/.local/lib/python3.7/site-packages/airflow/example_dags/example_xcomargs.py took 0.147 seconds
[2024-09-29T00:06:35.574+0000] {processor.py:154} INFO - Started process (PID=47366) to work on /home/airflow/.local/lib/python3.7/site-packages/airflow/example_dags/example_xcomargs.py
[2024-09-29T00:06:35.575+0000] {processor.py:756} INFO - Processing file /home/airflow/.local/lib/python3.7/site-packages/airflow/example_dags/example_xcomargs.py for tasks to queue
[2024-09-29T00:06:35.576+0000] {logging_mixin.py:120} INFO - [2024-09-29T00:06:35.576+0000] {dagbag.py:537} INFO - Filling up the DagBag from /home/airflow/.local/lib/python3.7/site-packages/airflow/example_dags/example_xcomargs.py
[2024-09-29T00:06:35.607+0000] {processor.py:766} INFO - DAG(s) dict_keys(['example_xcom_args', 'example_xcom_args_with_operators']) retrieved from /home/airflow/.local/lib/python3.7/site-packages/airflow/example_dags/example_xcomargs.py
[2024-09-29T00:06:35.664+0000] {logging_mixin.py:120} INFO - [2024-09-29T00:06:35.663+0000] {dag.py:2585} INFO - Sync 2 DAGs
[2024-09-29T00:06:35.697+0000] {logging_mixin.py:120} INFO - [2024-09-29T00:06:35.697+0000] {dag.py:3340} INFO - Setting next_dagrun for example_xcom_args to None, run_after=None
[2024-09-29T00:06:35.702+0000] {logging_mixin.py:120} INFO - [2024-09-29T00:06:35.702+0000] {dag.py:3340} INFO - Setting next_dagrun for example_xcom_args_with_operators to None, run_after=None
[2024-09-29T00:06:35.725+0000] {processor.py:176} INFO - Processing /home/airflow/.local/lib/python3.7/site-packages/airflow/example_dags/example_xcomargs.py took 0.155 seconds
[2024-09-29T00:07:06.033+0000] {processor.py:154} INFO - Started process (PID=47437) to work on /home/airflow/.local/lib/python3.7/site-packages/airflow/example_dags/example_xcomargs.py
[2024-09-29T00:07:06.034+0000] {processor.py:756} INFO - Processing file /home/airflow/.local/lib/python3.7/site-packages/airflow/example_dags/example_xcomargs.py for tasks to queue
[2024-09-29T00:07:06.035+0000] {logging_mixin.py:120} INFO - [2024-09-29T00:07:06.035+0000] {dagbag.py:537} INFO - Filling up the DagBag from /home/airflow/.local/lib/python3.7/site-packages/airflow/example_dags/example_xcomargs.py
[2024-09-29T00:07:06.067+0000] {processor.py:766} INFO - DAG(s) dict_keys(['example_xcom_args', 'example_xcom_args_with_operators']) retrieved from /home/airflow/.local/lib/python3.7/site-packages/airflow/example_dags/example_xcomargs.py
[2024-09-29T00:07:06.129+0000] {logging_mixin.py:120} INFO - [2024-09-29T00:07:06.129+0000] {dag.py:2585} INFO - Sync 2 DAGs
[2024-09-29T00:07:06.169+0000] {logging_mixin.py:120} INFO - [2024-09-29T00:07:06.169+0000] {dag.py:3340} INFO - Setting next_dagrun for example_xcom_args to None, run_after=None
[2024-09-29T00:07:06.174+0000] {logging_mixin.py:120} INFO - [2024-09-29T00:07:06.174+0000] {dag.py:3340} INFO - Setting next_dagrun for example_xcom_args_with_operators to None, run_after=None
[2024-09-29T00:07:06.200+0000] {processor.py:176} INFO - Processing /home/airflow/.local/lib/python3.7/site-packages/airflow/example_dags/example_xcomargs.py took 0.171 seconds
[2024-09-29T00:07:36.342+0000] {processor.py:154} INFO - Started process (PID=47509) to work on /home/airflow/.local/lib/python3.7/site-packages/airflow/example_dags/example_xcomargs.py
[2024-09-29T00:07:36.343+0000] {processor.py:756} INFO - Processing file /home/airflow/.local/lib/python3.7/site-packages/airflow/example_dags/example_xcomargs.py for tasks to queue
[2024-09-29T00:07:36.344+0000] {logging_mixin.py:120} INFO - [2024-09-29T00:07:36.344+0000] {dagbag.py:537} INFO - Filling up the DagBag from /home/airflow/.local/lib/python3.7/site-packages/airflow/example_dags/example_xcomargs.py
[2024-09-29T00:07:36.376+0000] {processor.py:766} INFO - DAG(s) dict_keys(['example_xcom_args', 'example_xcom_args_with_operators']) retrieved from /home/airflow/.local/lib/python3.7/site-packages/airflow/example_dags/example_xcomargs.py
[2024-09-29T00:07:36.433+0000] {logging_mixin.py:120} INFO - [2024-09-29T00:07:36.433+0000] {dag.py:2585} INFO - Sync 2 DAGs
[2024-09-29T00:07:36.481+0000] {logging_mixin.py:120} INFO - [2024-09-29T00:07:36.481+0000] {dag.py:3340} INFO - Setting next_dagrun for example_xcom_args to None, run_after=None
[2024-09-29T00:07:36.487+0000] {logging_mixin.py:120} INFO - [2024-09-29T00:07:36.487+0000] {dag.py:3340} INFO - Setting next_dagrun for example_xcom_args_with_operators to None, run_after=None
[2024-09-29T00:07:36.513+0000] {processor.py:176} INFO - Processing /home/airflow/.local/lib/python3.7/site-packages/airflow/example_dags/example_xcomargs.py took 0.175 seconds
[2024-09-29T00:08:07.209+0000] {processor.py:154} INFO - Started process (PID=47572) to work on /home/airflow/.local/lib/python3.7/site-packages/airflow/example_dags/example_xcomargs.py
[2024-09-29T00:08:07.210+0000] {processor.py:756} INFO - Processing file /home/airflow/.local/lib/python3.7/site-packages/airflow/example_dags/example_xcomargs.py for tasks to queue
[2024-09-29T00:08:07.211+0000] {logging_mixin.py:120} INFO - [2024-09-29T00:08:07.211+0000] {dagbag.py:537} INFO - Filling up the DagBag from /home/airflow/.local/lib/python3.7/site-packages/airflow/example_dags/example_xcomargs.py
[2024-09-29T00:08:07.244+0000] {processor.py:766} INFO - DAG(s) dict_keys(['example_xcom_args', 'example_xcom_args_with_operators']) retrieved from /home/airflow/.local/lib/python3.7/site-packages/airflow/example_dags/example_xcomargs.py
[2024-09-29T00:08:07.308+0000] {logging_mixin.py:120} INFO - [2024-09-29T00:08:07.307+0000] {dag.py:2585} INFO - Sync 2 DAGs
[2024-09-29T00:08:07.355+0000] {logging_mixin.py:120} INFO - [2024-09-29T00:08:07.355+0000] {dag.py:3340} INFO - Setting next_dagrun for example_xcom_args to None, run_after=None
[2024-09-29T00:08:07.362+0000] {logging_mixin.py:120} INFO - [2024-09-29T00:08:07.361+0000] {dag.py:3340} INFO - Setting next_dagrun for example_xcom_args_with_operators to None, run_after=None
[2024-09-29T00:08:07.394+0000] {processor.py:176} INFO - Processing /home/airflow/.local/lib/python3.7/site-packages/airflow/example_dags/example_xcomargs.py took 0.191 seconds
[2024-09-29T00:08:37.781+0000] {processor.py:154} INFO - Started process (PID=47644) to work on /home/airflow/.local/lib/python3.7/site-packages/airflow/example_dags/example_xcomargs.py
[2024-09-29T00:08:37.784+0000] {processor.py:756} INFO - Processing file /home/airflow/.local/lib/python3.7/site-packages/airflow/example_dags/example_xcomargs.py for tasks to queue
[2024-09-29T00:08:37.785+0000] {logging_mixin.py:120} INFO - [2024-09-29T00:08:37.785+0000] {dagbag.py:537} INFO - Filling up the DagBag from /home/airflow/.local/lib/python3.7/site-packages/airflow/example_dags/example_xcomargs.py
[2024-09-29T00:08:37.816+0000] {processor.py:766} INFO - DAG(s) dict_keys(['example_xcom_args', 'example_xcom_args_with_operators']) retrieved from /home/airflow/.local/lib/python3.7/site-packages/airflow/example_dags/example_xcomargs.py
[2024-09-29T00:08:37.875+0000] {logging_mixin.py:120} INFO - [2024-09-29T00:08:37.875+0000] {dag.py:2585} INFO - Sync 2 DAGs
[2024-09-29T00:08:37.910+0000] {logging_mixin.py:120} INFO - [2024-09-29T00:08:37.910+0000] {dag.py:3340} INFO - Setting next_dagrun for example_xcom_args to None, run_after=None
[2024-09-29T00:08:37.914+0000] {logging_mixin.py:120} INFO - [2024-09-29T00:08:37.914+0000] {dag.py:3340} INFO - Setting next_dagrun for example_xcom_args_with_operators to None, run_after=None
[2024-09-29T00:08:37.939+0000] {processor.py:176} INFO - Processing /home/airflow/.local/lib/python3.7/site-packages/airflow/example_dags/example_xcomargs.py took 0.162 seconds
[2024-09-29T00:09:08.104+0000] {processor.py:154} INFO - Started process (PID=47715) to work on /home/airflow/.local/lib/python3.7/site-packages/airflow/example_dags/example_xcomargs.py
[2024-09-29T00:09:08.105+0000] {processor.py:756} INFO - Processing file /home/airflow/.local/lib/python3.7/site-packages/airflow/example_dags/example_xcomargs.py for tasks to queue
[2024-09-29T00:09:08.106+0000] {logging_mixin.py:120} INFO - [2024-09-29T00:09:08.106+0000] {dagbag.py:537} INFO - Filling up the DagBag from /home/airflow/.local/lib/python3.7/site-packages/airflow/example_dags/example_xcomargs.py
[2024-09-29T00:09:08.147+0000] {processor.py:766} INFO - DAG(s) dict_keys(['example_xcom_args', 'example_xcom_args_with_operators']) retrieved from /home/airflow/.local/lib/python3.7/site-packages/airflow/example_dags/example_xcomargs.py
[2024-09-29T00:09:08.215+0000] {logging_mixin.py:120} INFO - [2024-09-29T00:09:08.215+0000] {dag.py:2585} INFO - Sync 2 DAGs
[2024-09-29T00:09:08.248+0000] {logging_mixin.py:120} INFO - [2024-09-29T00:09:08.248+0000] {dag.py:3340} INFO - Setting next_dagrun for example_xcom_args to None, run_after=None
[2024-09-29T00:09:08.252+0000] {logging_mixin.py:120} INFO - [2024-09-29T00:09:08.252+0000] {dag.py:3340} INFO - Setting next_dagrun for example_xcom_args_with_operators to None, run_after=None
[2024-09-29T00:09:08.279+0000] {processor.py:176} INFO - Processing /home/airflow/.local/lib/python3.7/site-packages/airflow/example_dags/example_xcomargs.py took 0.181 seconds
[2024-09-29T00:09:38.411+0000] {processor.py:154} INFO - Started process (PID=47778) to work on /home/airflow/.local/lib/python3.7/site-packages/airflow/example_dags/example_xcomargs.py
[2024-09-29T00:09:38.412+0000] {processor.py:756} INFO - Processing file /home/airflow/.local/lib/python3.7/site-packages/airflow/example_dags/example_xcomargs.py for tasks to queue
[2024-09-29T00:09:38.413+0000] {logging_mixin.py:120} INFO - [2024-09-29T00:09:38.413+0000] {dagbag.py:537} INFO - Filling up the DagBag from /home/airflow/.local/lib/python3.7/site-packages/airflow/example_dags/example_xcomargs.py
[2024-09-29T00:09:38.444+0000] {processor.py:766} INFO - DAG(s) dict_keys(['example_xcom_args_with_operators', 'example_xcom_args']) retrieved from /home/airflow/.local/lib/python3.7/site-packages/airflow/example_dags/example_xcomargs.py
[2024-09-29T00:09:38.500+0000] {logging_mixin.py:120} INFO - [2024-09-29T00:09:38.499+0000] {dag.py:2585} INFO - Sync 2 DAGs
[2024-09-29T00:09:38.530+0000] {logging_mixin.py:120} INFO - [2024-09-29T00:09:38.530+0000] {dag.py:3340} INFO - Setting next_dagrun for example_xcom_args to None, run_after=None
[2024-09-29T00:09:38.535+0000] {logging_mixin.py:120} INFO - [2024-09-29T00:09:38.534+0000] {dag.py:3340} INFO - Setting next_dagrun for example_xcom_args_with_operators to None, run_after=None
[2024-09-29T00:09:38.559+0000] {processor.py:176} INFO - Processing /home/airflow/.local/lib/python3.7/site-packages/airflow/example_dags/example_xcomargs.py took 0.153 seconds
[2024-09-29T00:10:08.930+0000] {processor.py:154} INFO - Started process (PID=47849) to work on /home/airflow/.local/lib/python3.7/site-packages/airflow/example_dags/example_xcomargs.py
[2024-09-29T00:10:08.931+0000] {processor.py:756} INFO - Processing file /home/airflow/.local/lib/python3.7/site-packages/airflow/example_dags/example_xcomargs.py for tasks to queue
[2024-09-29T00:10:08.936+0000] {logging_mixin.py:120} INFO - [2024-09-29T00:10:08.936+0000] {dagbag.py:537} INFO - Filling up the DagBag from /home/airflow/.local/lib/python3.7/site-packages/airflow/example_dags/example_xcomargs.py
[2024-09-29T00:10:08.968+0000] {processor.py:766} INFO - DAG(s) dict_keys(['example_xcom_args_with_operators', 'example_xcom_args']) retrieved from /home/airflow/.local/lib/python3.7/site-packages/airflow/example_dags/example_xcomargs.py
[2024-09-29T00:10:09.031+0000] {logging_mixin.py:120} INFO - [2024-09-29T00:10:09.031+0000] {dag.py:2585} INFO - Sync 2 DAGs
[2024-09-29T00:10:09.067+0000] {logging_mixin.py:120} INFO - [2024-09-29T00:10:09.067+0000] {dag.py:3340} INFO - Setting next_dagrun for example_xcom_args to None, run_after=None
[2024-09-29T00:10:09.073+0000] {logging_mixin.py:120} INFO - [2024-09-29T00:10:09.073+0000] {dag.py:3340} INFO - Setting next_dagrun for example_xcom_args_with_operators to None, run_after=None
[2024-09-29T00:10:09.101+0000] {processor.py:176} INFO - Processing /home/airflow/.local/lib/python3.7/site-packages/airflow/example_dags/example_xcomargs.py took 0.175 seconds
[2024-09-29T00:10:39.349+0000] {processor.py:154} INFO - Started process (PID=47920) to work on /home/airflow/.local/lib/python3.7/site-packages/airflow/example_dags/example_xcomargs.py
[2024-09-29T00:10:39.350+0000] {processor.py:756} INFO - Processing file /home/airflow/.local/lib/python3.7/site-packages/airflow/example_dags/example_xcomargs.py for tasks to queue
[2024-09-29T00:10:39.352+0000] {logging_mixin.py:120} INFO - [2024-09-29T00:10:39.351+0000] {dagbag.py:537} INFO - Filling up the DagBag from /home/airflow/.local/lib/python3.7/site-packages/airflow/example_dags/example_xcomargs.py
[2024-09-29T00:10:39.384+0000] {processor.py:766} INFO - DAG(s) dict_keys(['example_xcom_args', 'example_xcom_args_with_operators']) retrieved from /home/airflow/.local/lib/python3.7/site-packages/airflow/example_dags/example_xcomargs.py
[2024-09-29T00:10:39.449+0000] {logging_mixin.py:120} INFO - [2024-09-29T00:10:39.449+0000] {dag.py:2585} INFO - Sync 2 DAGs
[2024-09-29T00:10:39.486+0000] {logging_mixin.py:120} INFO - [2024-09-29T00:10:39.486+0000] {dag.py:3340} INFO - Setting next_dagrun for example_xcom_args to None, run_after=None
[2024-09-29T00:10:39.491+0000] {logging_mixin.py:120} INFO - [2024-09-29T00:10:39.491+0000] {dag.py:3340} INFO - Setting next_dagrun for example_xcom_args_with_operators to None, run_after=None
[2024-09-29T00:10:39.515+0000] {processor.py:176} INFO - Processing /home/airflow/.local/lib/python3.7/site-packages/airflow/example_dags/example_xcomargs.py took 0.171 seconds
[2024-09-29T00:11:09.775+0000] {processor.py:154} INFO - Started process (PID=47983) to work on /home/airflow/.local/lib/python3.7/site-packages/airflow/example_dags/example_xcomargs.py
[2024-09-29T00:11:09.777+0000] {processor.py:756} INFO - Processing file /home/airflow/.local/lib/python3.7/site-packages/airflow/example_dags/example_xcomargs.py for tasks to queue
[2024-09-29T00:11:09.778+0000] {logging_mixin.py:120} INFO - [2024-09-29T00:11:09.778+0000] {dagbag.py:537} INFO - Filling up the DagBag from /home/airflow/.local/lib/python3.7/site-packages/airflow/example_dags/example_xcomargs.py
[2024-09-29T00:11:09.806+0000] {processor.py:766} INFO - DAG(s) dict_keys(['example_xcom_args', 'example_xcom_args_with_operators']) retrieved from /home/airflow/.local/lib/python3.7/site-packages/airflow/example_dags/example_xcomargs.py
[2024-09-29T00:11:09.862+0000] {logging_mixin.py:120} INFO - [2024-09-29T00:11:09.862+0000] {dag.py:2585} INFO - Sync 2 DAGs
[2024-09-29T00:11:09.893+0000] {logging_mixin.py:120} INFO - [2024-09-29T00:11:09.893+0000] {dag.py:3340} INFO - Setting next_dagrun for example_xcom_args to None, run_after=None
[2024-09-29T00:11:09.897+0000] {logging_mixin.py:120} INFO - [2024-09-29T00:11:09.897+0000] {dag.py:3340} INFO - Setting next_dagrun for example_xcom_args_with_operators to None, run_after=None
[2024-09-29T00:11:09.919+0000] {processor.py:176} INFO - Processing /home/airflow/.local/lib/python3.7/site-packages/airflow/example_dags/example_xcomargs.py took 0.148 seconds
[2024-09-29T00:11:40.717+0000] {processor.py:154} INFO - Started process (PID=48055) to work on /home/airflow/.local/lib/python3.7/site-packages/airflow/example_dags/example_xcomargs.py
[2024-09-29T00:11:40.718+0000] {processor.py:756} INFO - Processing file /home/airflow/.local/lib/python3.7/site-packages/airflow/example_dags/example_xcomargs.py for tasks to queue
[2024-09-29T00:11:40.719+0000] {logging_mixin.py:120} INFO - [2024-09-29T00:11:40.719+0000] {dagbag.py:537} INFO - Filling up the DagBag from /home/airflow/.local/lib/python3.7/site-packages/airflow/example_dags/example_xcomargs.py
[2024-09-29T00:11:40.750+0000] {processor.py:766} INFO - DAG(s) dict_keys(['example_xcom_args', 'example_xcom_args_with_operators']) retrieved from /home/airflow/.local/lib/python3.7/site-packages/airflow/example_dags/example_xcomargs.py
[2024-09-29T00:11:40.806+0000] {logging_mixin.py:120} INFO - [2024-09-29T00:11:40.805+0000] {dag.py:2585} INFO - Sync 2 DAGs
[2024-09-29T00:11:40.837+0000] {logging_mixin.py:120} INFO - [2024-09-29T00:11:40.837+0000] {dag.py:3340} INFO - Setting next_dagrun for example_xcom_args to None, run_after=None
[2024-09-29T00:11:40.842+0000] {logging_mixin.py:120} INFO - [2024-09-29T00:11:40.841+0000] {dag.py:3340} INFO - Setting next_dagrun for example_xcom_args_with_operators to None, run_after=None
[2024-09-29T00:11:40.864+0000] {processor.py:176} INFO - Processing /home/airflow/.local/lib/python3.7/site-packages/airflow/example_dags/example_xcomargs.py took 0.151 seconds
[2024-09-29T00:12:10.994+0000] {processor.py:154} INFO - Started process (PID=48127) to work on /home/airflow/.local/lib/python3.7/site-packages/airflow/example_dags/example_xcomargs.py
[2024-09-29T00:12:10.995+0000] {processor.py:756} INFO - Processing file /home/airflow/.local/lib/python3.7/site-packages/airflow/example_dags/example_xcomargs.py for tasks to queue
[2024-09-29T00:12:10.996+0000] {logging_mixin.py:120} INFO - [2024-09-29T00:12:10.996+0000] {dagbag.py:537} INFO - Filling up the DagBag from /home/airflow/.local/lib/python3.7/site-packages/airflow/example_dags/example_xcomargs.py
[2024-09-29T00:12:11.028+0000] {processor.py:766} INFO - DAG(s) dict_keys(['example_xcom_args_with_operators', 'example_xcom_args']) retrieved from /home/airflow/.local/lib/python3.7/site-packages/airflow/example_dags/example_xcomargs.py
[2024-09-29T00:12:11.090+0000] {logging_mixin.py:120} INFO - [2024-09-29T00:12:11.090+0000] {dag.py:2585} INFO - Sync 2 DAGs
[2024-09-29T00:12:11.124+0000] {logging_mixin.py:120} INFO - [2024-09-29T00:12:11.124+0000] {dag.py:3340} INFO - Setting next_dagrun for example_xcom_args to None, run_after=None
[2024-09-29T00:12:11.129+0000] {logging_mixin.py:120} INFO - [2024-09-29T00:12:11.129+0000] {dag.py:3340} INFO - Setting next_dagrun for example_xcom_args_with_operators to None, run_after=None
[2024-09-29T00:12:11.159+0000] {processor.py:176} INFO - Processing /home/airflow/.local/lib/python3.7/site-packages/airflow/example_dags/example_xcomargs.py took 0.168 seconds
[2024-09-29T00:12:41.189+0000] {processor.py:154} INFO - Started process (PID=48190) to work on /home/airflow/.local/lib/python3.7/site-packages/airflow/example_dags/example_xcomargs.py
[2024-09-29T00:12:41.190+0000] {processor.py:756} INFO - Processing file /home/airflow/.local/lib/python3.7/site-packages/airflow/example_dags/example_xcomargs.py for tasks to queue
[2024-09-29T00:12:41.191+0000] {logging_mixin.py:120} INFO - [2024-09-29T00:12:41.191+0000] {dagbag.py:537} INFO - Filling up the DagBag from /home/airflow/.local/lib/python3.7/site-packages/airflow/example_dags/example_xcomargs.py
[2024-09-29T00:12:41.218+0000] {processor.py:766} INFO - DAG(s) dict_keys(['example_xcom_args', 'example_xcom_args_with_operators']) retrieved from /home/airflow/.local/lib/python3.7/site-packages/airflow/example_dags/example_xcomargs.py
[2024-09-29T00:12:41.269+0000] {logging_mixin.py:120} INFO - [2024-09-29T00:12:41.269+0000] {dag.py:2585} INFO - Sync 2 DAGs
[2024-09-29T00:12:41.301+0000] {logging_mixin.py:120} INFO - [2024-09-29T00:12:41.300+0000] {dag.py:3340} INFO - Setting next_dagrun for example_xcom_args to None, run_after=None
[2024-09-29T00:12:41.305+0000] {logging_mixin.py:120} INFO - [2024-09-29T00:12:41.305+0000] {dag.py:3340} INFO - Setting next_dagrun for example_xcom_args_with_operators to None, run_after=None
[2024-09-29T00:12:41.327+0000] {processor.py:176} INFO - Processing /home/airflow/.local/lib/python3.7/site-packages/airflow/example_dags/example_xcomargs.py took 0.142 seconds
[2024-09-29T00:13:11.442+0000] {processor.py:154} INFO - Started process (PID=48262) to work on /home/airflow/.local/lib/python3.7/site-packages/airflow/example_dags/example_xcomargs.py
[2024-09-29T00:13:11.443+0000] {processor.py:756} INFO - Processing file /home/airflow/.local/lib/python3.7/site-packages/airflow/example_dags/example_xcomargs.py for tasks to queue
[2024-09-29T00:13:11.443+0000] {logging_mixin.py:120} INFO - [2024-09-29T00:13:11.443+0000] {dagbag.py:537} INFO - Filling up the DagBag from /home/airflow/.local/lib/python3.7/site-packages/airflow/example_dags/example_xcomargs.py
[2024-09-29T00:13:11.471+0000] {processor.py:766} INFO - DAG(s) dict_keys(['example_xcom_args', 'example_xcom_args_with_operators']) retrieved from /home/airflow/.local/lib/python3.7/site-packages/airflow/example_dags/example_xcomargs.py
[2024-09-29T00:13:11.522+0000] {logging_mixin.py:120} INFO - [2024-09-29T00:13:11.522+0000] {dag.py:2585} INFO - Sync 2 DAGs
[2024-09-29T00:13:11.550+0000] {logging_mixin.py:120} INFO - [2024-09-29T00:13:11.550+0000] {dag.py:3340} INFO - Setting next_dagrun for example_xcom_args to None, run_after=None
[2024-09-29T00:13:11.555+0000] {logging_mixin.py:120} INFO - [2024-09-29T00:13:11.555+0000] {dag.py:3340} INFO - Setting next_dagrun for example_xcom_args_with_operators to None, run_after=None
[2024-09-29T00:13:11.576+0000] {processor.py:176} INFO - Processing /home/airflow/.local/lib/python3.7/site-packages/airflow/example_dags/example_xcomargs.py took 0.138 seconds
[2024-09-29T00:13:41.627+0000] {processor.py:154} INFO - Started process (PID=48334) to work on /home/airflow/.local/lib/python3.7/site-packages/airflow/example_dags/example_xcomargs.py
[2024-09-29T00:13:41.630+0000] {processor.py:756} INFO - Processing file /home/airflow/.local/lib/python3.7/site-packages/airflow/example_dags/example_xcomargs.py for tasks to queue
[2024-09-29T00:13:41.633+0000] {logging_mixin.py:120} INFO - [2024-09-29T00:13:41.633+0000] {dagbag.py:537} INFO - Filling up the DagBag from /home/airflow/.local/lib/python3.7/site-packages/airflow/example_dags/example_xcomargs.py
[2024-09-29T00:13:41.663+0000] {processor.py:766} INFO - DAG(s) dict_keys(['example_xcom_args', 'example_xcom_args_with_operators']) retrieved from /home/airflow/.local/lib/python3.7/site-packages/airflow/example_dags/example_xcomargs.py
[2024-09-29T00:13:41.718+0000] {logging_mixin.py:120} INFO - [2024-09-29T00:13:41.718+0000] {dag.py:2585} INFO - Sync 2 DAGs
[2024-09-29T00:13:41.749+0000] {logging_mixin.py:120} INFO - [2024-09-29T00:13:41.749+0000] {dag.py:3340} INFO - Setting next_dagrun for example_xcom_args to None, run_after=None
[2024-09-29T00:13:41.755+0000] {logging_mixin.py:120} INFO - [2024-09-29T00:13:41.754+0000] {dag.py:3340} INFO - Setting next_dagrun for example_xcom_args_with_operators to None, run_after=None
[2024-09-29T00:13:41.776+0000] {processor.py:176} INFO - Processing /home/airflow/.local/lib/python3.7/site-packages/airflow/example_dags/example_xcomargs.py took 0.153 seconds
[2024-09-29T00:14:12.216+0000] {processor.py:154} INFO - Started process (PID=48396) to work on /home/airflow/.local/lib/python3.7/site-packages/airflow/example_dags/example_xcomargs.py
[2024-09-29T00:14:12.218+0000] {processor.py:756} INFO - Processing file /home/airflow/.local/lib/python3.7/site-packages/airflow/example_dags/example_xcomargs.py for tasks to queue
[2024-09-29T00:14:12.219+0000] {logging_mixin.py:120} INFO - [2024-09-29T00:14:12.219+0000] {dagbag.py:537} INFO - Filling up the DagBag from /home/airflow/.local/lib/python3.7/site-packages/airflow/example_dags/example_xcomargs.py
[2024-09-29T00:14:12.246+0000] {processor.py:766} INFO - DAG(s) dict_keys(['example_xcom_args', 'example_xcom_args_with_operators']) retrieved from /home/airflow/.local/lib/python3.7/site-packages/airflow/example_dags/example_xcomargs.py
[2024-09-29T00:14:12.302+0000] {logging_mixin.py:120} INFO - [2024-09-29T00:14:12.302+0000] {dag.py:2585} INFO - Sync 2 DAGs
[2024-09-29T00:14:12.333+0000] {logging_mixin.py:120} INFO - [2024-09-29T00:14:12.333+0000] {dag.py:3340} INFO - Setting next_dagrun for example_xcom_args to None, run_after=None
[2024-09-29T00:14:12.338+0000] {logging_mixin.py:120} INFO - [2024-09-29T00:14:12.337+0000] {dag.py:3340} INFO - Setting next_dagrun for example_xcom_args_with_operators to None, run_after=None
[2024-09-29T00:14:12.358+0000] {processor.py:176} INFO - Processing /home/airflow/.local/lib/python3.7/site-packages/airflow/example_dags/example_xcomargs.py took 0.146 seconds
[2024-09-29T00:14:42.845+0000] {processor.py:154} INFO - Started process (PID=48467) to work on /home/airflow/.local/lib/python3.7/site-packages/airflow/example_dags/example_xcomargs.py
[2024-09-29T00:14:42.846+0000] {processor.py:756} INFO - Processing file /home/airflow/.local/lib/python3.7/site-packages/airflow/example_dags/example_xcomargs.py for tasks to queue
[2024-09-29T00:14:42.847+0000] {logging_mixin.py:120} INFO - [2024-09-29T00:14:42.847+0000] {dagbag.py:537} INFO - Filling up the DagBag from /home/airflow/.local/lib/python3.7/site-packages/airflow/example_dags/example_xcomargs.py
[2024-09-29T00:14:42.874+0000] {processor.py:766} INFO - DAG(s) dict_keys(['example_xcom_args', 'example_xcom_args_with_operators']) retrieved from /home/airflow/.local/lib/python3.7/site-packages/airflow/example_dags/example_xcomargs.py
[2024-09-29T00:14:42.927+0000] {logging_mixin.py:120} INFO - [2024-09-29T00:14:42.926+0000] {dag.py:2585} INFO - Sync 2 DAGs
[2024-09-29T00:14:42.958+0000] {logging_mixin.py:120} INFO - [2024-09-29T00:14:42.958+0000] {dag.py:3340} INFO - Setting next_dagrun for example_xcom_args to None, run_after=None
[2024-09-29T00:14:42.962+0000] {logging_mixin.py:120} INFO - [2024-09-29T00:14:42.961+0000] {dag.py:3340} INFO - Setting next_dagrun for example_xcom_args_with_operators to None, run_after=None
[2024-09-29T00:14:42.981+0000] {processor.py:176} INFO - Processing /home/airflow/.local/lib/python3.7/site-packages/airflow/example_dags/example_xcomargs.py took 0.139 seconds
[2024-09-29T00:15:13.423+0000] {processor.py:154} INFO - Started process (PID=48538) to work on /home/airflow/.local/lib/python3.7/site-packages/airflow/example_dags/example_xcomargs.py
[2024-09-29T00:15:13.424+0000] {processor.py:756} INFO - Processing file /home/airflow/.local/lib/python3.7/site-packages/airflow/example_dags/example_xcomargs.py for tasks to queue
[2024-09-29T00:15:13.425+0000] {logging_mixin.py:120} INFO - [2024-09-29T00:15:13.425+0000] {dagbag.py:537} INFO - Filling up the DagBag from /home/airflow/.local/lib/python3.7/site-packages/airflow/example_dags/example_xcomargs.py
[2024-09-29T00:15:13.452+0000] {processor.py:766} INFO - DAG(s) dict_keys(['example_xcom_args_with_operators', 'example_xcom_args']) retrieved from /home/airflow/.local/lib/python3.7/site-packages/airflow/example_dags/example_xcomargs.py
[2024-09-29T00:15:13.506+0000] {logging_mixin.py:120} INFO - [2024-09-29T00:15:13.506+0000] {dag.py:2585} INFO - Sync 2 DAGs
[2024-09-29T00:15:13.534+0000] {logging_mixin.py:120} INFO - [2024-09-29T00:15:13.534+0000] {dag.py:3340} INFO - Setting next_dagrun for example_xcom_args to None, run_after=None
[2024-09-29T00:15:13.538+0000] {logging_mixin.py:120} INFO - [2024-09-29T00:15:13.538+0000] {dag.py:3340} INFO - Setting next_dagrun for example_xcom_args_with_operators to None, run_after=None
[2024-09-29T00:15:13.560+0000] {processor.py:176} INFO - Processing /home/airflow/.local/lib/python3.7/site-packages/airflow/example_dags/example_xcomargs.py took 0.141 seconds
[2024-09-29T00:15:43.924+0000] {processor.py:154} INFO - Started process (PID=48610) to work on /home/airflow/.local/lib/python3.7/site-packages/airflow/example_dags/example_xcomargs.py
[2024-09-29T00:15:43.928+0000] {processor.py:756} INFO - Processing file /home/airflow/.local/lib/python3.7/site-packages/airflow/example_dags/example_xcomargs.py for tasks to queue
[2024-09-29T00:15:43.929+0000] {logging_mixin.py:120} INFO - [2024-09-29T00:15:43.929+0000] {dagbag.py:537} INFO - Filling up the DagBag from /home/airflow/.local/lib/python3.7/site-packages/airflow/example_dags/example_xcomargs.py
[2024-09-29T00:15:43.959+0000] {processor.py:766} INFO - DAG(s) dict_keys(['example_xcom_args', 'example_xcom_args_with_operators']) retrieved from /home/airflow/.local/lib/python3.7/site-packages/airflow/example_dags/example_xcomargs.py
[2024-09-29T00:15:44.013+0000] {logging_mixin.py:120} INFO - [2024-09-29T00:15:44.013+0000] {dag.py:2585} INFO - Sync 2 DAGs
[2024-09-29T00:15:44.044+0000] {logging_mixin.py:120} INFO - [2024-09-29T00:15:44.044+0000] {dag.py:3340} INFO - Setting next_dagrun for example_xcom_args to None, run_after=None
[2024-09-29T00:15:44.048+0000] {logging_mixin.py:120} INFO - [2024-09-29T00:15:44.048+0000] {dag.py:3340} INFO - Setting next_dagrun for example_xcom_args_with_operators to None, run_after=None
[2024-09-29T00:15:44.072+0000] {processor.py:176} INFO - Processing /home/airflow/.local/lib/python3.7/site-packages/airflow/example_dags/example_xcomargs.py took 0.152 seconds
[2024-09-29T00:16:14.449+0000] {processor.py:154} INFO - Started process (PID=48673) to work on /home/airflow/.local/lib/python3.7/site-packages/airflow/example_dags/example_xcomargs.py
[2024-09-29T00:16:14.450+0000] {processor.py:756} INFO - Processing file /home/airflow/.local/lib/python3.7/site-packages/airflow/example_dags/example_xcomargs.py for tasks to queue
[2024-09-29T00:16:14.451+0000] {logging_mixin.py:120} INFO - [2024-09-29T00:16:14.451+0000] {dagbag.py:537} INFO - Filling up the DagBag from /home/airflow/.local/lib/python3.7/site-packages/airflow/example_dags/example_xcomargs.py
[2024-09-29T00:16:14.477+0000] {processor.py:766} INFO - DAG(s) dict_keys(['example_xcom_args', 'example_xcom_args_with_operators']) retrieved from /home/airflow/.local/lib/python3.7/site-packages/airflow/example_dags/example_xcomargs.py
[2024-09-29T00:16:14.529+0000] {logging_mixin.py:120} INFO - [2024-09-29T00:16:14.529+0000] {dag.py:2585} INFO - Sync 2 DAGs
[2024-09-29T00:16:14.557+0000] {logging_mixin.py:120} INFO - [2024-09-29T00:16:14.557+0000] {dag.py:3340} INFO - Setting next_dagrun for example_xcom_args to None, run_after=None
[2024-09-29T00:16:14.561+0000] {logging_mixin.py:120} INFO - [2024-09-29T00:16:14.561+0000] {dag.py:3340} INFO - Setting next_dagrun for example_xcom_args_with_operators to None, run_after=None
[2024-09-29T00:16:14.584+0000] {processor.py:176} INFO - Processing /home/airflow/.local/lib/python3.7/site-packages/airflow/example_dags/example_xcomargs.py took 0.139 seconds
[2024-09-29T00:16:45.259+0000] {processor.py:154} INFO - Started process (PID=48745) to work on /home/airflow/.local/lib/python3.7/site-packages/airflow/example_dags/example_xcomargs.py
[2024-09-29T00:16:45.262+0000] {processor.py:756} INFO - Processing file /home/airflow/.local/lib/python3.7/site-packages/airflow/example_dags/example_xcomargs.py for tasks to queue
[2024-09-29T00:16:45.263+0000] {logging_mixin.py:120} INFO - [2024-09-29T00:16:45.263+0000] {dagbag.py:537} INFO - Filling up the DagBag from /home/airflow/.local/lib/python3.7/site-packages/airflow/example_dags/example_xcomargs.py
[2024-09-29T00:16:45.289+0000] {processor.py:766} INFO - DAG(s) dict_keys(['example_xcom_args', 'example_xcom_args_with_operators']) retrieved from /home/airflow/.local/lib/python3.7/site-packages/airflow/example_dags/example_xcomargs.py
[2024-09-29T00:16:45.340+0000] {logging_mixin.py:120} INFO - [2024-09-29T00:16:45.340+0000] {dag.py:2585} INFO - Sync 2 DAGs
[2024-09-29T00:16:45.370+0000] {logging_mixin.py:120} INFO - [2024-09-29T00:16:45.370+0000] {dag.py:3340} INFO - Setting next_dagrun for example_xcom_args to None, run_after=None
[2024-09-29T00:16:45.374+0000] {logging_mixin.py:120} INFO - [2024-09-29T00:16:45.374+0000] {dag.py:3340} INFO - Setting next_dagrun for example_xcom_args_with_operators to None, run_after=None
[2024-09-29T00:16:45.395+0000] {processor.py:176} INFO - Processing /home/airflow/.local/lib/python3.7/site-packages/airflow/example_dags/example_xcomargs.py took 0.140 seconds
[2024-09-29T00:17:15.484+0000] {processor.py:154} INFO - Started process (PID=48817) to work on /home/airflow/.local/lib/python3.7/site-packages/airflow/example_dags/example_xcomargs.py
[2024-09-29T00:17:15.485+0000] {processor.py:756} INFO - Processing file /home/airflow/.local/lib/python3.7/site-packages/airflow/example_dags/example_xcomargs.py for tasks to queue
[2024-09-29T00:17:15.486+0000] {logging_mixin.py:120} INFO - [2024-09-29T00:17:15.486+0000] {dagbag.py:537} INFO - Filling up the DagBag from /home/airflow/.local/lib/python3.7/site-packages/airflow/example_dags/example_xcomargs.py
[2024-09-29T00:17:15.515+0000] {processor.py:766} INFO - DAG(s) dict_keys(['example_xcom_args_with_operators', 'example_xcom_args']) retrieved from /home/airflow/.local/lib/python3.7/site-packages/airflow/example_dags/example_xcomargs.py
[2024-09-29T00:17:15.570+0000] {logging_mixin.py:120} INFO - [2024-09-29T00:17:15.570+0000] {dag.py:2585} INFO - Sync 2 DAGs
[2024-09-29T00:17:15.600+0000] {logging_mixin.py:120} INFO - [2024-09-29T00:17:15.600+0000] {dag.py:3340} INFO - Setting next_dagrun for example_xcom_args to None, run_after=None
[2024-09-29T00:17:15.605+0000] {logging_mixin.py:120} INFO - [2024-09-29T00:17:15.604+0000] {dag.py:3340} INFO - Setting next_dagrun for example_xcom_args_with_operators to None, run_after=None
[2024-09-29T00:17:15.628+0000] {processor.py:176} INFO - Processing /home/airflow/.local/lib/python3.7/site-packages/airflow/example_dags/example_xcomargs.py took 0.148 seconds
[2024-09-29T00:17:46.414+0000] {processor.py:154} INFO - Started process (PID=48880) to work on /home/airflow/.local/lib/python3.7/site-packages/airflow/example_dags/example_xcomargs.py
[2024-09-29T00:17:46.415+0000] {processor.py:756} INFO - Processing file /home/airflow/.local/lib/python3.7/site-packages/airflow/example_dags/example_xcomargs.py for tasks to queue
[2024-09-29T00:17:46.416+0000] {logging_mixin.py:120} INFO - [2024-09-29T00:17:46.416+0000] {dagbag.py:537} INFO - Filling up the DagBag from /home/airflow/.local/lib/python3.7/site-packages/airflow/example_dags/example_xcomargs.py
[2024-09-29T00:17:46.452+0000] {processor.py:766} INFO - DAG(s) dict_keys(['example_xcom_args', 'example_xcom_args_with_operators']) retrieved from /home/airflow/.local/lib/python3.7/site-packages/airflow/example_dags/example_xcomargs.py
[2024-09-29T00:17:46.534+0000] {logging_mixin.py:120} INFO - [2024-09-29T00:17:46.534+0000] {dag.py:2585} INFO - Sync 2 DAGs
[2024-09-29T00:17:46.574+0000] {logging_mixin.py:120} INFO - [2024-09-29T00:17:46.573+0000] {dag.py:3340} INFO - Setting next_dagrun for example_xcom_args to None, run_after=None
[2024-09-29T00:17:46.578+0000] {logging_mixin.py:120} INFO - [2024-09-29T00:17:46.578+0000] {dag.py:3340} INFO - Setting next_dagrun for example_xcom_args_with_operators to None, run_after=None
[2024-09-29T00:17:46.604+0000] {processor.py:176} INFO - Processing /home/airflow/.local/lib/python3.7/site-packages/airflow/example_dags/example_xcomargs.py took 0.195 seconds
[2024-09-29T00:18:16.708+0000] {processor.py:154} INFO - Started process (PID=48952) to work on /home/airflow/.local/lib/python3.7/site-packages/airflow/example_dags/example_xcomargs.py
[2024-09-29T00:18:16.710+0000] {processor.py:756} INFO - Processing file /home/airflow/.local/lib/python3.7/site-packages/airflow/example_dags/example_xcomargs.py for tasks to queue
[2024-09-29T00:18:16.713+0000] {logging_mixin.py:120} INFO - [2024-09-29T00:18:16.713+0000] {dagbag.py:537} INFO - Filling up the DagBag from /home/airflow/.local/lib/python3.7/site-packages/airflow/example_dags/example_xcomargs.py
[2024-09-29T00:18:16.748+0000] {processor.py:766} INFO - DAG(s) dict_keys(['example_xcom_args_with_operators', 'example_xcom_args']) retrieved from /home/airflow/.local/lib/python3.7/site-packages/airflow/example_dags/example_xcomargs.py
[2024-09-29T00:18:16.815+0000] {logging_mixin.py:120} INFO - [2024-09-29T00:18:16.815+0000] {dag.py:2585} INFO - Sync 2 DAGs
[2024-09-29T00:18:16.856+0000] {logging_mixin.py:120} INFO - [2024-09-29T00:18:16.855+0000] {dag.py:3340} INFO - Setting next_dagrun for example_xcom_args to None, run_after=None
[2024-09-29T00:18:16.861+0000] {logging_mixin.py:120} INFO - [2024-09-29T00:18:16.861+0000] {dag.py:3340} INFO - Setting next_dagrun for example_xcom_args_with_operators to None, run_after=None
[2024-09-29T00:18:16.887+0000] {processor.py:176} INFO - Processing /home/airflow/.local/lib/python3.7/site-packages/airflow/example_dags/example_xcomargs.py took 0.184 seconds
[2024-09-29T00:18:47.150+0000] {processor.py:154} INFO - Started process (PID=49024) to work on /home/airflow/.local/lib/python3.7/site-packages/airflow/example_dags/example_xcomargs.py
[2024-09-29T00:18:47.152+0000] {processor.py:756} INFO - Processing file /home/airflow/.local/lib/python3.7/site-packages/airflow/example_dags/example_xcomargs.py for tasks to queue
[2024-09-29T00:18:47.153+0000] {logging_mixin.py:120} INFO - [2024-09-29T00:18:47.153+0000] {dagbag.py:537} INFO - Filling up the DagBag from /home/airflow/.local/lib/python3.7/site-packages/airflow/example_dags/example_xcomargs.py
[2024-09-29T00:18:47.183+0000] {processor.py:766} INFO - DAG(s) dict_keys(['example_xcom_args_with_operators', 'example_xcom_args']) retrieved from /home/airflow/.local/lib/python3.7/site-packages/airflow/example_dags/example_xcomargs.py
[2024-09-29T00:18:47.241+0000] {logging_mixin.py:120} INFO - [2024-09-29T00:18:47.241+0000] {dag.py:2585} INFO - Sync 2 DAGs
[2024-09-29T00:18:47.276+0000] {logging_mixin.py:120} INFO - [2024-09-29T00:18:47.276+0000] {dag.py:3340} INFO - Setting next_dagrun for example_xcom_args to None, run_after=None
[2024-09-29T00:18:47.283+0000] {logging_mixin.py:120} INFO - [2024-09-29T00:18:47.283+0000] {dag.py:3340} INFO - Setting next_dagrun for example_xcom_args_with_operators to None, run_after=None
[2024-09-29T00:18:47.311+0000] {processor.py:176} INFO - Processing /home/airflow/.local/lib/python3.7/site-packages/airflow/example_dags/example_xcomargs.py took 0.165 seconds
[2024-09-29T00:19:17.621+0000] {processor.py:154} INFO - Started process (PID=49087) to work on /home/airflow/.local/lib/python3.7/site-packages/airflow/example_dags/example_xcomargs.py
[2024-09-29T00:19:17.622+0000] {processor.py:756} INFO - Processing file /home/airflow/.local/lib/python3.7/site-packages/airflow/example_dags/example_xcomargs.py for tasks to queue
[2024-09-29T00:19:17.623+0000] {logging_mixin.py:120} INFO - [2024-09-29T00:19:17.623+0000] {dagbag.py:537} INFO - Filling up the DagBag from /home/airflow/.local/lib/python3.7/site-packages/airflow/example_dags/example_xcomargs.py
[2024-09-29T00:19:17.654+0000] {processor.py:766} INFO - DAG(s) dict_keys(['example_xcom_args_with_operators', 'example_xcom_args']) retrieved from /home/airflow/.local/lib/python3.7/site-packages/airflow/example_dags/example_xcomargs.py
[2024-09-29T00:19:17.713+0000] {logging_mixin.py:120} INFO - [2024-09-29T00:19:17.713+0000] {dag.py:2585} INFO - Sync 2 DAGs
[2024-09-29T00:19:17.754+0000] {logging_mixin.py:120} INFO - [2024-09-29T00:19:17.754+0000] {dag.py:3340} INFO - Setting next_dagrun for example_xcom_args to None, run_after=None
[2024-09-29T00:19:17.760+0000] {logging_mixin.py:120} INFO - [2024-09-29T00:19:17.760+0000] {dag.py:3340} INFO - Setting next_dagrun for example_xcom_args_with_operators to None, run_after=None
[2024-09-29T00:19:17.793+0000] {processor.py:176} INFO - Processing /home/airflow/.local/lib/python3.7/site-packages/airflow/example_dags/example_xcomargs.py took 0.177 seconds
[2024-09-29T00:19:48.009+0000] {processor.py:154} INFO - Started process (PID=49159) to work on /home/airflow/.local/lib/python3.7/site-packages/airflow/example_dags/example_xcomargs.py
[2024-09-29T00:19:48.011+0000] {processor.py:756} INFO - Processing file /home/airflow/.local/lib/python3.7/site-packages/airflow/example_dags/example_xcomargs.py for tasks to queue
[2024-09-29T00:19:48.013+0000] {logging_mixin.py:120} INFO - [2024-09-29T00:19:48.013+0000] {dagbag.py:537} INFO - Filling up the DagBag from /home/airflow/.local/lib/python3.7/site-packages/airflow/example_dags/example_xcomargs.py
[2024-09-29T00:19:48.044+0000] {processor.py:766} INFO - DAG(s) dict_keys(['example_xcom_args', 'example_xcom_args_with_operators']) retrieved from /home/airflow/.local/lib/python3.7/site-packages/airflow/example_dags/example_xcomargs.py
[2024-09-29T00:19:48.105+0000] {logging_mixin.py:120} INFO - [2024-09-29T00:19:48.104+0000] {dag.py:2585} INFO - Sync 2 DAGs
[2024-09-29T00:19:48.138+0000] {logging_mixin.py:120} INFO - [2024-09-29T00:19:48.138+0000] {dag.py:3340} INFO - Setting next_dagrun for example_xcom_args to None, run_after=None
[2024-09-29T00:19:48.144+0000] {logging_mixin.py:120} INFO - [2024-09-29T00:19:48.144+0000] {dag.py:3340} INFO - Setting next_dagrun for example_xcom_args_with_operators to None, run_after=None
[2024-09-29T00:19:48.174+0000] {processor.py:176} INFO - Processing /home/airflow/.local/lib/python3.7/site-packages/airflow/example_dags/example_xcomargs.py took 0.169 seconds
[2024-09-29T00:20:18.699+0000] {processor.py:154} INFO - Started process (PID=49231) to work on /home/airflow/.local/lib/python3.7/site-packages/airflow/example_dags/example_xcomargs.py
[2024-09-29T00:20:18.701+0000] {processor.py:756} INFO - Processing file /home/airflow/.local/lib/python3.7/site-packages/airflow/example_dags/example_xcomargs.py for tasks to queue
[2024-09-29T00:20:18.702+0000] {logging_mixin.py:120} INFO - [2024-09-29T00:20:18.702+0000] {dagbag.py:537} INFO - Filling up the DagBag from /home/airflow/.local/lib/python3.7/site-packages/airflow/example_dags/example_xcomargs.py
[2024-09-29T00:20:18.748+0000] {processor.py:766} INFO - DAG(s) dict_keys(['example_xcom_args_with_operators', 'example_xcom_args']) retrieved from /home/airflow/.local/lib/python3.7/site-packages/airflow/example_dags/example_xcomargs.py
[2024-09-29T00:20:18.820+0000] {logging_mixin.py:120} INFO - [2024-09-29T00:20:18.819+0000] {dag.py:2585} INFO - Sync 2 DAGs
[2024-09-29T00:20:18.862+0000] {logging_mixin.py:120} INFO - [2024-09-29T00:20:18.862+0000] {dag.py:3340} INFO - Setting next_dagrun for example_xcom_args to None, run_after=None
[2024-09-29T00:20:18.872+0000] {logging_mixin.py:120} INFO - [2024-09-29T00:20:18.872+0000] {dag.py:3340} INFO - Setting next_dagrun for example_xcom_args_with_operators to None, run_after=None
[2024-09-29T00:20:18.903+0000] {processor.py:176} INFO - Processing /home/airflow/.local/lib/python3.7/site-packages/airflow/example_dags/example_xcomargs.py took 0.213 seconds
[2024-09-29T00:20:49.138+0000] {processor.py:154} INFO - Started process (PID=49294) to work on /home/airflow/.local/lib/python3.7/site-packages/airflow/example_dags/example_xcomargs.py
[2024-09-29T00:20:49.139+0000] {processor.py:756} INFO - Processing file /home/airflow/.local/lib/python3.7/site-packages/airflow/example_dags/example_xcomargs.py for tasks to queue
[2024-09-29T00:20:49.140+0000] {logging_mixin.py:120} INFO - [2024-09-29T00:20:49.140+0000] {dagbag.py:537} INFO - Filling up the DagBag from /home/airflow/.local/lib/python3.7/site-packages/airflow/example_dags/example_xcomargs.py
[2024-09-29T00:20:49.172+0000] {processor.py:766} INFO - DAG(s) dict_keys(['example_xcom_args', 'example_xcom_args_with_operators']) retrieved from /home/airflow/.local/lib/python3.7/site-packages/airflow/example_dags/example_xcomargs.py
[2024-09-29T00:20:49.229+0000] {logging_mixin.py:120} INFO - [2024-09-29T00:20:49.229+0000] {dag.py:2585} INFO - Sync 2 DAGs
[2024-09-29T00:20:49.263+0000] {logging_mixin.py:120} INFO - [2024-09-29T00:20:49.263+0000] {dag.py:3340} INFO - Setting next_dagrun for example_xcom_args to None, run_after=None
[2024-09-29T00:20:49.268+0000] {logging_mixin.py:120} INFO - [2024-09-29T00:20:49.268+0000] {dag.py:3340} INFO - Setting next_dagrun for example_xcom_args_with_operators to None, run_after=None
[2024-09-29T00:20:49.292+0000] {processor.py:176} INFO - Processing /home/airflow/.local/lib/python3.7/site-packages/airflow/example_dags/example_xcomargs.py took 0.158 seconds
[2024-09-29T00:21:19.382+0000] {processor.py:154} INFO - Started process (PID=49366) to work on /home/airflow/.local/lib/python3.7/site-packages/airflow/example_dags/example_xcomargs.py
[2024-09-29T00:21:19.384+0000] {processor.py:756} INFO - Processing file /home/airflow/.local/lib/python3.7/site-packages/airflow/example_dags/example_xcomargs.py for tasks to queue
[2024-09-29T00:21:19.385+0000] {logging_mixin.py:120} INFO - [2024-09-29T00:21:19.384+0000] {dagbag.py:537} INFO - Filling up the DagBag from /home/airflow/.local/lib/python3.7/site-packages/airflow/example_dags/example_xcomargs.py
[2024-09-29T00:21:19.414+0000] {processor.py:766} INFO - DAG(s) dict_keys(['example_xcom_args', 'example_xcom_args_with_operators']) retrieved from /home/airflow/.local/lib/python3.7/site-packages/airflow/example_dags/example_xcomargs.py
[2024-09-29T00:21:19.471+0000] {logging_mixin.py:120} INFO - [2024-09-29T00:21:19.471+0000] {dag.py:2585} INFO - Sync 2 DAGs
[2024-09-29T00:21:19.504+0000] {logging_mixin.py:120} INFO - [2024-09-29T00:21:19.504+0000] {dag.py:3340} INFO - Setting next_dagrun for example_xcom_args to None, run_after=None
[2024-09-29T00:21:19.509+0000] {logging_mixin.py:120} INFO - [2024-09-29T00:21:19.509+0000] {dag.py:3340} INFO - Setting next_dagrun for example_xcom_args_with_operators to None, run_after=None
[2024-09-29T00:21:19.528+0000] {processor.py:176} INFO - Processing /home/airflow/.local/lib/python3.7/site-packages/airflow/example_dags/example_xcomargs.py took 0.150 seconds
[2024-09-29T00:21:50.439+0000] {processor.py:154} INFO - Started process (PID=49436) to work on /home/airflow/.local/lib/python3.7/site-packages/airflow/example_dags/example_xcomargs.py
[2024-09-29T00:21:50.441+0000] {processor.py:756} INFO - Processing file /home/airflow/.local/lib/python3.7/site-packages/airflow/example_dags/example_xcomargs.py for tasks to queue
[2024-09-29T00:21:50.443+0000] {logging_mixin.py:120} INFO - [2024-09-29T00:21:50.443+0000] {dagbag.py:537} INFO - Filling up the DagBag from /home/airflow/.local/lib/python3.7/site-packages/airflow/example_dags/example_xcomargs.py
[2024-09-29T00:21:50.507+0000] {processor.py:766} INFO - DAG(s) dict_keys(['example_xcom_args_with_operators', 'example_xcom_args']) retrieved from /home/airflow/.local/lib/python3.7/site-packages/airflow/example_dags/example_xcomargs.py
[2024-09-29T00:21:50.608+0000] {logging_mixin.py:120} INFO - [2024-09-29T00:21:50.608+0000] {dag.py:2585} INFO - Sync 2 DAGs
[2024-09-29T00:21:50.650+0000] {logging_mixin.py:120} INFO - [2024-09-29T00:21:50.650+0000] {dag.py:3340} INFO - Setting next_dagrun for example_xcom_args to None, run_after=None
[2024-09-29T00:21:50.655+0000] {logging_mixin.py:120} INFO - [2024-09-29T00:21:50.655+0000] {dag.py:3340} INFO - Setting next_dagrun for example_xcom_args_with_operators to None, run_after=None
[2024-09-29T00:21:50.683+0000] {processor.py:176} INFO - Processing /home/airflow/.local/lib/python3.7/site-packages/airflow/example_dags/example_xcomargs.py took 0.250 seconds
[2024-09-29T00:22:20.912+0000] {processor.py:154} INFO - Started process (PID=49500) to work on /home/airflow/.local/lib/python3.7/site-packages/airflow/example_dags/example_xcomargs.py
[2024-09-29T00:22:20.913+0000] {processor.py:756} INFO - Processing file /home/airflow/.local/lib/python3.7/site-packages/airflow/example_dags/example_xcomargs.py for tasks to queue
[2024-09-29T00:22:20.914+0000] {logging_mixin.py:120} INFO - [2024-09-29T00:22:20.914+0000] {dagbag.py:537} INFO - Filling up the DagBag from /home/airflow/.local/lib/python3.7/site-packages/airflow/example_dags/example_xcomargs.py
[2024-09-29T00:22:20.971+0000] {processor.py:766} INFO - DAG(s) dict_keys(['example_xcom_args', 'example_xcom_args_with_operators']) retrieved from /home/airflow/.local/lib/python3.7/site-packages/airflow/example_dags/example_xcomargs.py
[2024-09-29T00:22:21.062+0000] {logging_mixin.py:120} INFO - [2024-09-29T00:22:21.062+0000] {dag.py:2585} INFO - Sync 2 DAGs
[2024-09-29T00:22:21.102+0000] {logging_mixin.py:120} INFO - [2024-09-29T00:22:21.102+0000] {dag.py:3340} INFO - Setting next_dagrun for example_xcom_args to None, run_after=None
[2024-09-29T00:22:21.108+0000] {logging_mixin.py:120} INFO - [2024-09-29T00:22:21.108+0000] {dag.py:3340} INFO - Setting next_dagrun for example_xcom_args_with_operators to None, run_after=None
[2024-09-29T00:22:21.133+0000] {processor.py:176} INFO - Processing /home/airflow/.local/lib/python3.7/site-packages/airflow/example_dags/example_xcomargs.py took 0.226 seconds
[2024-09-29T00:22:51.500+0000] {processor.py:154} INFO - Started process (PID=49572) to work on /home/airflow/.local/lib/python3.7/site-packages/airflow/example_dags/example_xcomargs.py
[2024-09-29T00:22:51.502+0000] {processor.py:756} INFO - Processing file /home/airflow/.local/lib/python3.7/site-packages/airflow/example_dags/example_xcomargs.py for tasks to queue
[2024-09-29T00:22:51.504+0000] {logging_mixin.py:120} INFO - [2024-09-29T00:22:51.504+0000] {dagbag.py:537} INFO - Filling up the DagBag from /home/airflow/.local/lib/python3.7/site-packages/airflow/example_dags/example_xcomargs.py
[2024-09-29T00:22:51.546+0000] {processor.py:766} INFO - DAG(s) dict_keys(['example_xcom_args', 'example_xcom_args_with_operators']) retrieved from /home/airflow/.local/lib/python3.7/site-packages/airflow/example_dags/example_xcomargs.py
[2024-09-29T00:22:51.637+0000] {logging_mixin.py:120} INFO - [2024-09-29T00:22:51.636+0000] {dag.py:2585} INFO - Sync 2 DAGs
[2024-09-29T00:22:51.685+0000] {logging_mixin.py:120} INFO - [2024-09-29T00:22:51.684+0000] {dag.py:3340} INFO - Setting next_dagrun for example_xcom_args to None, run_after=None
[2024-09-29T00:22:51.694+0000] {logging_mixin.py:120} INFO - [2024-09-29T00:22:51.694+0000] {dag.py:3340} INFO - Setting next_dagrun for example_xcom_args_with_operators to None, run_after=None
[2024-09-29T00:22:51.729+0000] {processor.py:176} INFO - Processing /home/airflow/.local/lib/python3.7/site-packages/airflow/example_dags/example_xcomargs.py took 0.236 seconds
[2024-09-29T00:23:21.985+0000] {processor.py:154} INFO - Started process (PID=49635) to work on /home/airflow/.local/lib/python3.7/site-packages/airflow/example_dags/example_xcomargs.py
[2024-09-29T00:23:21.988+0000] {processor.py:756} INFO - Processing file /home/airflow/.local/lib/python3.7/site-packages/airflow/example_dags/example_xcomargs.py for tasks to queue
[2024-09-29T00:23:21.991+0000] {logging_mixin.py:120} INFO - [2024-09-29T00:23:21.990+0000] {dagbag.py:537} INFO - Filling up the DagBag from /home/airflow/.local/lib/python3.7/site-packages/airflow/example_dags/example_xcomargs.py
[2024-09-29T00:23:22.049+0000] {processor.py:766} INFO - DAG(s) dict_keys(['example_xcom_args', 'example_xcom_args_with_operators']) retrieved from /home/airflow/.local/lib/python3.7/site-packages/airflow/example_dags/example_xcomargs.py
[2024-09-29T00:23:22.152+0000] {logging_mixin.py:120} INFO - [2024-09-29T00:23:22.152+0000] {dag.py:2585} INFO - Sync 2 DAGs
[2024-09-29T00:23:22.205+0000] {logging_mixin.py:120} INFO - [2024-09-29T00:23:22.205+0000] {dag.py:3340} INFO - Setting next_dagrun for example_xcom_args to None, run_after=None
[2024-09-29T00:23:22.212+0000] {logging_mixin.py:120} INFO - [2024-09-29T00:23:22.212+0000] {dag.py:3340} INFO - Setting next_dagrun for example_xcom_args_with_operators to None, run_after=None
[2024-09-29T00:23:22.250+0000] {processor.py:176} INFO - Processing /home/airflow/.local/lib/python3.7/site-packages/airflow/example_dags/example_xcomargs.py took 0.272 seconds
[2024-09-29T00:23:53.027+0000] {processor.py:154} INFO - Started process (PID=49707) to work on /home/airflow/.local/lib/python3.7/site-packages/airflow/example_dags/example_xcomargs.py
[2024-09-29T00:23:53.030+0000] {processor.py:756} INFO - Processing file /home/airflow/.local/lib/python3.7/site-packages/airflow/example_dags/example_xcomargs.py for tasks to queue
[2024-09-29T00:23:53.031+0000] {logging_mixin.py:120} INFO - [2024-09-29T00:23:53.031+0000] {dagbag.py:537} INFO - Filling up the DagBag from /home/airflow/.local/lib/python3.7/site-packages/airflow/example_dags/example_xcomargs.py
[2024-09-29T00:23:53.071+0000] {processor.py:766} INFO - DAG(s) dict_keys(['example_xcom_args_with_operators', 'example_xcom_args']) retrieved from /home/airflow/.local/lib/python3.7/site-packages/airflow/example_dags/example_xcomargs.py
[2024-09-29T00:23:53.154+0000] {logging_mixin.py:120} INFO - [2024-09-29T00:23:53.153+0000] {dag.py:2585} INFO - Sync 2 DAGs
[2024-09-29T00:23:53.200+0000] {logging_mixin.py:120} INFO - [2024-09-29T00:23:53.200+0000] {dag.py:3340} INFO - Setting next_dagrun for example_xcom_args to None, run_after=None
[2024-09-29T00:23:53.206+0000] {logging_mixin.py:120} INFO - [2024-09-29T00:23:53.206+0000] {dag.py:3340} INFO - Setting next_dagrun for example_xcom_args_with_operators to None, run_after=None
[2024-09-29T00:23:53.238+0000] {processor.py:176} INFO - Processing /home/airflow/.local/lib/python3.7/site-packages/airflow/example_dags/example_xcomargs.py took 0.217 seconds
[2024-09-29T00:24:23.671+0000] {processor.py:154} INFO - Started process (PID=49770) to work on /home/airflow/.local/lib/python3.7/site-packages/airflow/example_dags/example_xcomargs.py
[2024-09-29T00:24:23.672+0000] {processor.py:756} INFO - Processing file /home/airflow/.local/lib/python3.7/site-packages/airflow/example_dags/example_xcomargs.py for tasks to queue
[2024-09-29T00:24:23.673+0000] {logging_mixin.py:120} INFO - [2024-09-29T00:24:23.673+0000] {dagbag.py:537} INFO - Filling up the DagBag from /home/airflow/.local/lib/python3.7/site-packages/airflow/example_dags/example_xcomargs.py
[2024-09-29T00:24:23.705+0000] {processor.py:766} INFO - DAG(s) dict_keys(['example_xcom_args_with_operators', 'example_xcom_args']) retrieved from /home/airflow/.local/lib/python3.7/site-packages/airflow/example_dags/example_xcomargs.py
[2024-09-29T00:24:23.766+0000] {logging_mixin.py:120} INFO - [2024-09-29T00:24:23.766+0000] {dag.py:2585} INFO - Sync 2 DAGs
[2024-09-29T00:24:23.802+0000] {logging_mixin.py:120} INFO - [2024-09-29T00:24:23.802+0000] {dag.py:3340} INFO - Setting next_dagrun for example_xcom_args to None, run_after=None
[2024-09-29T00:24:23.808+0000] {logging_mixin.py:120} INFO - [2024-09-29T00:24:23.808+0000] {dag.py:3340} INFO - Setting next_dagrun for example_xcom_args_with_operators to None, run_after=None
[2024-09-29T00:24:23.834+0000] {processor.py:176} INFO - Processing /home/airflow/.local/lib/python3.7/site-packages/airflow/example_dags/example_xcomargs.py took 0.168 seconds
[2024-09-29T00:24:54.673+0000] {processor.py:154} INFO - Started process (PID=49841) to work on /home/airflow/.local/lib/python3.7/site-packages/airflow/example_dags/example_xcomargs.py
[2024-09-29T00:24:54.675+0000] {processor.py:756} INFO - Processing file /home/airflow/.local/lib/python3.7/site-packages/airflow/example_dags/example_xcomargs.py for tasks to queue
[2024-09-29T00:24:54.678+0000] {logging_mixin.py:120} INFO - [2024-09-29T00:24:54.678+0000] {dagbag.py:537} INFO - Filling up the DagBag from /home/airflow/.local/lib/python3.7/site-packages/airflow/example_dags/example_xcomargs.py
[2024-09-29T00:24:54.731+0000] {processor.py:766} INFO - DAG(s) dict_keys(['example_xcom_args_with_operators', 'example_xcom_args']) retrieved from /home/airflow/.local/lib/python3.7/site-packages/airflow/example_dags/example_xcomargs.py
[2024-09-29T00:24:54.802+0000] {logging_mixin.py:120} INFO - [2024-09-29T00:24:54.802+0000] {dag.py:2585} INFO - Sync 2 DAGs
[2024-09-29T00:24:54.836+0000] {logging_mixin.py:120} INFO - [2024-09-29T00:24:54.836+0000] {dag.py:3340} INFO - Setting next_dagrun for example_xcom_args to None, run_after=None
[2024-09-29T00:24:54.841+0000] {logging_mixin.py:120} INFO - [2024-09-29T00:24:54.841+0000] {dag.py:3340} INFO - Setting next_dagrun for example_xcom_args_with_operators to None, run_after=None
[2024-09-29T00:24:54.865+0000] {processor.py:176} INFO - Processing /home/airflow/.local/lib/python3.7/site-packages/airflow/example_dags/example_xcomargs.py took 0.197 seconds
[2024-09-29T00:25:25.444+0000] {processor.py:154} INFO - Started process (PID=49913) to work on /home/airflow/.local/lib/python3.7/site-packages/airflow/example_dags/example_xcomargs.py
[2024-09-29T00:25:25.446+0000] {processor.py:756} INFO - Processing file /home/airflow/.local/lib/python3.7/site-packages/airflow/example_dags/example_xcomargs.py for tasks to queue
[2024-09-29T00:25:25.447+0000] {logging_mixin.py:120} INFO - [2024-09-29T00:25:25.447+0000] {dagbag.py:537} INFO - Filling up the DagBag from /home/airflow/.local/lib/python3.7/site-packages/airflow/example_dags/example_xcomargs.py
[2024-09-29T00:25:25.482+0000] {processor.py:766} INFO - DAG(s) dict_keys(['example_xcom_args_with_operators', 'example_xcom_args']) retrieved from /home/airflow/.local/lib/python3.7/site-packages/airflow/example_dags/example_xcomargs.py
[2024-09-29T00:25:25.558+0000] {logging_mixin.py:120} INFO - [2024-09-29T00:25:25.558+0000] {dag.py:2585} INFO - Sync 2 DAGs
[2024-09-29T00:25:25.596+0000] {logging_mixin.py:120} INFO - [2024-09-29T00:25:25.596+0000] {dag.py:3340} INFO - Setting next_dagrun for example_xcom_args to None, run_after=None
[2024-09-29T00:25:25.601+0000] {logging_mixin.py:120} INFO - [2024-09-29T00:25:25.601+0000] {dag.py:3340} INFO - Setting next_dagrun for example_xcom_args_with_operators to None, run_after=None
[2024-09-29T00:25:25.629+0000] {processor.py:176} INFO - Processing /home/airflow/.local/lib/python3.7/site-packages/airflow/example_dags/example_xcomargs.py took 0.190 seconds
[2024-09-29T00:25:56.194+0000] {processor.py:154} INFO - Started process (PID=49976) to work on /home/airflow/.local/lib/python3.7/site-packages/airflow/example_dags/example_xcomargs.py
[2024-09-29T00:25:56.196+0000] {processor.py:756} INFO - Processing file /home/airflow/.local/lib/python3.7/site-packages/airflow/example_dags/example_xcomargs.py for tasks to queue
[2024-09-29T00:25:56.199+0000] {logging_mixin.py:120} INFO - [2024-09-29T00:25:56.199+0000] {dagbag.py:537} INFO - Filling up the DagBag from /home/airflow/.local/lib/python3.7/site-packages/airflow/example_dags/example_xcomargs.py
[2024-09-29T00:25:56.237+0000] {processor.py:766} INFO - DAG(s) dict_keys(['example_xcom_args_with_operators', 'example_xcom_args']) retrieved from /home/airflow/.local/lib/python3.7/site-packages/airflow/example_dags/example_xcomargs.py
[2024-09-29T00:25:56.308+0000] {logging_mixin.py:120} INFO - [2024-09-29T00:25:56.308+0000] {dag.py:2585} INFO - Sync 2 DAGs
[2024-09-29T00:25:56.349+0000] {logging_mixin.py:120} INFO - [2024-09-29T00:25:56.349+0000] {dag.py:3340} INFO - Setting next_dagrun for example_xcom_args to None, run_after=None
[2024-09-29T00:25:56.356+0000] {logging_mixin.py:120} INFO - [2024-09-29T00:25:56.355+0000] {dag.py:3340} INFO - Setting next_dagrun for example_xcom_args_with_operators to None, run_after=None
[2024-09-29T00:25:56.383+0000] {processor.py:176} INFO - Processing /home/airflow/.local/lib/python3.7/site-packages/airflow/example_dags/example_xcomargs.py took 0.195 seconds
[2024-09-29T00:26:26.683+0000] {processor.py:154} INFO - Started process (PID=50048) to work on /home/airflow/.local/lib/python3.7/site-packages/airflow/example_dags/example_xcomargs.py
[2024-09-29T00:26:26.684+0000] {processor.py:756} INFO - Processing file /home/airflow/.local/lib/python3.7/site-packages/airflow/example_dags/example_xcomargs.py for tasks to queue
[2024-09-29T00:26:26.685+0000] {logging_mixin.py:120} INFO - [2024-09-29T00:26:26.685+0000] {dagbag.py:537} INFO - Filling up the DagBag from /home/airflow/.local/lib/python3.7/site-packages/airflow/example_dags/example_xcomargs.py
[2024-09-29T00:26:26.713+0000] {processor.py:766} INFO - DAG(s) dict_keys(['example_xcom_args', 'example_xcom_args_with_operators']) retrieved from /home/airflow/.local/lib/python3.7/site-packages/airflow/example_dags/example_xcomargs.py
[2024-09-29T00:26:26.765+0000] {logging_mixin.py:120} INFO - [2024-09-29T00:26:26.765+0000] {dag.py:2585} INFO - Sync 2 DAGs
[2024-09-29T00:26:26.795+0000] {logging_mixin.py:120} INFO - [2024-09-29T00:26:26.794+0000] {dag.py:3340} INFO - Setting next_dagrun for example_xcom_args to None, run_after=None
[2024-09-29T00:26:26.799+0000] {logging_mixin.py:120} INFO - [2024-09-29T00:26:26.798+0000] {dag.py:3340} INFO - Setting next_dagrun for example_xcom_args_with_operators to None, run_after=None
[2024-09-29T00:26:26.820+0000] {processor.py:176} INFO - Processing /home/airflow/.local/lib/python3.7/site-packages/airflow/example_dags/example_xcomargs.py took 0.140 seconds
[2024-09-29T00:26:57.575+0000] {processor.py:154} INFO - Started process (PID=50117) to work on /home/airflow/.local/lib/python3.7/site-packages/airflow/example_dags/example_xcomargs.py
[2024-09-29T00:26:57.576+0000] {processor.py:756} INFO - Processing file /home/airflow/.local/lib/python3.7/site-packages/airflow/example_dags/example_xcomargs.py for tasks to queue
[2024-09-29T00:26:57.577+0000] {logging_mixin.py:120} INFO - [2024-09-29T00:26:57.577+0000] {dagbag.py:537} INFO - Filling up the DagBag from /home/airflow/.local/lib/python3.7/site-packages/airflow/example_dags/example_xcomargs.py
[2024-09-29T00:26:57.605+0000] {processor.py:766} INFO - DAG(s) dict_keys(['example_xcom_args', 'example_xcom_args_with_operators']) retrieved from /home/airflow/.local/lib/python3.7/site-packages/airflow/example_dags/example_xcomargs.py
[2024-09-29T00:26:57.660+0000] {logging_mixin.py:120} INFO - [2024-09-29T00:26:57.660+0000] {dag.py:2585} INFO - Sync 2 DAGs
[2024-09-29T00:26:57.692+0000] {logging_mixin.py:120} INFO - [2024-09-29T00:26:57.692+0000] {dag.py:3340} INFO - Setting next_dagrun for example_xcom_args to None, run_after=None
[2024-09-29T00:26:57.696+0000] {logging_mixin.py:120} INFO - [2024-09-29T00:26:57.696+0000] {dag.py:3340} INFO - Setting next_dagrun for example_xcom_args_with_operators to None, run_after=None
[2024-09-29T00:26:57.719+0000] {processor.py:176} INFO - Processing /home/airflow/.local/lib/python3.7/site-packages/airflow/example_dags/example_xcomargs.py took 0.148 seconds
[2024-09-29T00:27:28.132+0000] {processor.py:154} INFO - Started process (PID=50180) to work on /home/airflow/.local/lib/python3.7/site-packages/airflow/example_dags/example_xcomargs.py
[2024-09-29T00:27:28.135+0000] {processor.py:756} INFO - Processing file /home/airflow/.local/lib/python3.7/site-packages/airflow/example_dags/example_xcomargs.py for tasks to queue
[2024-09-29T00:27:28.136+0000] {logging_mixin.py:120} INFO - [2024-09-29T00:27:28.136+0000] {dagbag.py:537} INFO - Filling up the DagBag from /home/airflow/.local/lib/python3.7/site-packages/airflow/example_dags/example_xcomargs.py
[2024-09-29T00:27:28.164+0000] {processor.py:766} INFO - DAG(s) dict_keys(['example_xcom_args', 'example_xcom_args_with_operators']) retrieved from /home/airflow/.local/lib/python3.7/site-packages/airflow/example_dags/example_xcomargs.py
[2024-09-29T00:27:28.215+0000] {logging_mixin.py:120} INFO - [2024-09-29T00:27:28.214+0000] {dag.py:2585} INFO - Sync 2 DAGs
[2024-09-29T00:27:28.243+0000] {logging_mixin.py:120} INFO - [2024-09-29T00:27:28.243+0000] {dag.py:3340} INFO - Setting next_dagrun for example_xcom_args to None, run_after=None
[2024-09-29T00:27:28.247+0000] {logging_mixin.py:120} INFO - [2024-09-29T00:27:28.247+0000] {dag.py:3340} INFO - Setting next_dagrun for example_xcom_args_with_operators to None, run_after=None
[2024-09-29T00:27:28.270+0000] {processor.py:176} INFO - Processing /home/airflow/.local/lib/python3.7/site-packages/airflow/example_dags/example_xcomargs.py took 0.142 seconds
[2024-09-29T00:27:58.485+0000] {processor.py:154} INFO - Started process (PID=50251) to work on /home/airflow/.local/lib/python3.7/site-packages/airflow/example_dags/example_xcomargs.py
[2024-09-29T00:27:58.489+0000] {processor.py:756} INFO - Processing file /home/airflow/.local/lib/python3.7/site-packages/airflow/example_dags/example_xcomargs.py for tasks to queue
[2024-09-29T00:27:58.491+0000] {logging_mixin.py:120} INFO - [2024-09-29T00:27:58.491+0000] {dagbag.py:537} INFO - Filling up the DagBag from /home/airflow/.local/lib/python3.7/site-packages/airflow/example_dags/example_xcomargs.py
[2024-09-29T00:27:58.523+0000] {processor.py:766} INFO - DAG(s) dict_keys(['example_xcom_args', 'example_xcom_args_with_operators']) retrieved from /home/airflow/.local/lib/python3.7/site-packages/airflow/example_dags/example_xcomargs.py
[2024-09-29T00:27:58.583+0000] {logging_mixin.py:120} INFO - [2024-09-29T00:27:58.583+0000] {dag.py:2585} INFO - Sync 2 DAGs
[2024-09-29T00:27:58.620+0000] {logging_mixin.py:120} INFO - [2024-09-29T00:27:58.619+0000] {dag.py:3340} INFO - Setting next_dagrun for example_xcom_args to None, run_after=None
[2024-09-29T00:27:58.625+0000] {logging_mixin.py:120} INFO - [2024-09-29T00:27:58.625+0000] {dag.py:3340} INFO - Setting next_dagrun for example_xcom_args_with_operators to None, run_after=None
[2024-09-29T00:27:58.654+0000] {processor.py:176} INFO - Processing /home/airflow/.local/lib/python3.7/site-packages/airflow/example_dags/example_xcomargs.py took 0.173 seconds
[2024-09-29T00:28:29.364+0000] {processor.py:154} INFO - Started process (PID=50323) to work on /home/airflow/.local/lib/python3.7/site-packages/airflow/example_dags/example_xcomargs.py
[2024-09-29T00:28:29.366+0000] {processor.py:756} INFO - Processing file /home/airflow/.local/lib/python3.7/site-packages/airflow/example_dags/example_xcomargs.py for tasks to queue
[2024-09-29T00:28:29.368+0000] {logging_mixin.py:120} INFO - [2024-09-29T00:28:29.367+0000] {dagbag.py:537} INFO - Filling up the DagBag from /home/airflow/.local/lib/python3.7/site-packages/airflow/example_dags/example_xcomargs.py
[2024-09-29T00:28:29.406+0000] {processor.py:766} INFO - DAG(s) dict_keys(['example_xcom_args', 'example_xcom_args_with_operators']) retrieved from /home/airflow/.local/lib/python3.7/site-packages/airflow/example_dags/example_xcomargs.py
[2024-09-29T00:28:29.504+0000] {logging_mixin.py:120} INFO - [2024-09-29T00:28:29.504+0000] {dag.py:2585} INFO - Sync 2 DAGs
[2024-09-29T00:28:29.546+0000] {logging_mixin.py:120} INFO - [2024-09-29T00:28:29.546+0000] {dag.py:3340} INFO - Setting next_dagrun for example_xcom_args to None, run_after=None
[2024-09-29T00:28:29.551+0000] {logging_mixin.py:120} INFO - [2024-09-29T00:28:29.551+0000] {dag.py:3340} INFO - Setting next_dagrun for example_xcom_args_with_operators to None, run_after=None
[2024-09-29T00:28:29.577+0000] {processor.py:176} INFO - Processing /home/airflow/.local/lib/python3.7/site-packages/airflow/example_dags/example_xcomargs.py took 0.220 seconds
[2024-09-29T00:29:00.369+0000] {processor.py:154} INFO - Started process (PID=50386) to work on /home/airflow/.local/lib/python3.7/site-packages/airflow/example_dags/example_xcomargs.py
[2024-09-29T00:29:00.373+0000] {processor.py:756} INFO - Processing file /home/airflow/.local/lib/python3.7/site-packages/airflow/example_dags/example_xcomargs.py for tasks to queue
[2024-09-29T00:29:00.374+0000] {logging_mixin.py:120} INFO - [2024-09-29T00:29:00.374+0000] {dagbag.py:537} INFO - Filling up the DagBag from /home/airflow/.local/lib/python3.7/site-packages/airflow/example_dags/example_xcomargs.py
[2024-09-29T00:29:00.416+0000] {processor.py:766} INFO - DAG(s) dict_keys(['example_xcom_args', 'example_xcom_args_with_operators']) retrieved from /home/airflow/.local/lib/python3.7/site-packages/airflow/example_dags/example_xcomargs.py
[2024-09-29T00:29:00.499+0000] {logging_mixin.py:120} INFO - [2024-09-29T00:29:00.499+0000] {dag.py:2585} INFO - Sync 2 DAGs
[2024-09-29T00:29:00.547+0000] {logging_mixin.py:120} INFO - [2024-09-29T00:29:00.546+0000] {dag.py:3340} INFO - Setting next_dagrun for example_xcom_args to None, run_after=None
[2024-09-29T00:29:00.554+0000] {logging_mixin.py:120} INFO - [2024-09-29T00:29:00.554+0000] {dag.py:3340} INFO - Setting next_dagrun for example_xcom_args_with_operators to None, run_after=None
[2024-09-29T00:29:00.586+0000] {processor.py:176} INFO - Processing /home/airflow/.local/lib/python3.7/site-packages/airflow/example_dags/example_xcomargs.py took 0.224 seconds
[2024-09-29T00:29:30.706+0000] {processor.py:154} INFO - Started process (PID=50458) to work on /home/airflow/.local/lib/python3.7/site-packages/airflow/example_dags/example_xcomargs.py
[2024-09-29T00:29:30.707+0000] {processor.py:756} INFO - Processing file /home/airflow/.local/lib/python3.7/site-packages/airflow/example_dags/example_xcomargs.py for tasks to queue
[2024-09-29T00:29:30.708+0000] {logging_mixin.py:120} INFO - [2024-09-29T00:29:30.708+0000] {dagbag.py:537} INFO - Filling up the DagBag from /home/airflow/.local/lib/python3.7/site-packages/airflow/example_dags/example_xcomargs.py
[2024-09-29T00:29:30.744+0000] {processor.py:766} INFO - DAG(s) dict_keys(['example_xcom_args_with_operators', 'example_xcom_args']) retrieved from /home/airflow/.local/lib/python3.7/site-packages/airflow/example_dags/example_xcomargs.py
[2024-09-29T00:29:30.799+0000] {logging_mixin.py:120} INFO - [2024-09-29T00:29:30.799+0000] {dag.py:2585} INFO - Sync 2 DAGs
[2024-09-29T00:29:30.834+0000] {logging_mixin.py:120} INFO - [2024-09-29T00:29:30.834+0000] {dag.py:3340} INFO - Setting next_dagrun for example_xcom_args to None, run_after=None
[2024-09-29T00:29:30.838+0000] {logging_mixin.py:120} INFO - [2024-09-29T00:29:30.838+0000] {dag.py:3340} INFO - Setting next_dagrun for example_xcom_args_with_operators to None, run_after=None
[2024-09-29T00:29:30.860+0000] {processor.py:176} INFO - Processing /home/airflow/.local/lib/python3.7/site-packages/airflow/example_dags/example_xcomargs.py took 0.159 seconds
[2024-09-29T00:30:01.201+0000] {processor.py:154} INFO - Started process (PID=50530) to work on /home/airflow/.local/lib/python3.7/site-packages/airflow/example_dags/example_xcomargs.py
[2024-09-29T00:30:01.205+0000] {processor.py:756} INFO - Processing file /home/airflow/.local/lib/python3.7/site-packages/airflow/example_dags/example_xcomargs.py for tasks to queue
[2024-09-29T00:30:01.207+0000] {logging_mixin.py:120} INFO - [2024-09-29T00:30:01.207+0000] {dagbag.py:537} INFO - Filling up the DagBag from /home/airflow/.local/lib/python3.7/site-packages/airflow/example_dags/example_xcomargs.py
[2024-09-29T00:30:01.246+0000] {processor.py:766} INFO - DAG(s) dict_keys(['example_xcom_args', 'example_xcom_args_with_operators']) retrieved from /home/airflow/.local/lib/python3.7/site-packages/airflow/example_dags/example_xcomargs.py
[2024-09-29T00:30:01.313+0000] {logging_mixin.py:120} INFO - [2024-09-29T00:30:01.313+0000] {dag.py:2585} INFO - Sync 2 DAGs
[2024-09-29T00:30:01.353+0000] {logging_mixin.py:120} INFO - [2024-09-29T00:30:01.353+0000] {dag.py:3340} INFO - Setting next_dagrun for example_xcom_args to None, run_after=None
[2024-09-29T00:30:01.358+0000] {logging_mixin.py:120} INFO - [2024-09-29T00:30:01.358+0000] {dag.py:3340} INFO - Setting next_dagrun for example_xcom_args_with_operators to None, run_after=None
[2024-09-29T00:30:01.384+0000] {processor.py:176} INFO - Processing /home/airflow/.local/lib/python3.7/site-packages/airflow/example_dags/example_xcomargs.py took 0.188 seconds
[2024-09-29T00:30:31.510+0000] {processor.py:154} INFO - Started process (PID=50593) to work on /home/airflow/.local/lib/python3.7/site-packages/airflow/example_dags/example_xcomargs.py
[2024-09-29T00:30:31.512+0000] {processor.py:756} INFO - Processing file /home/airflow/.local/lib/python3.7/site-packages/airflow/example_dags/example_xcomargs.py for tasks to queue
[2024-09-29T00:30:31.513+0000] {logging_mixin.py:120} INFO - [2024-09-29T00:30:31.513+0000] {dagbag.py:537} INFO - Filling up the DagBag from /home/airflow/.local/lib/python3.7/site-packages/airflow/example_dags/example_xcomargs.py
[2024-09-29T00:30:31.543+0000] {processor.py:766} INFO - DAG(s) dict_keys(['example_xcom_args_with_operators', 'example_xcom_args']) retrieved from /home/airflow/.local/lib/python3.7/site-packages/airflow/example_dags/example_xcomargs.py
[2024-09-29T00:30:31.601+0000] {logging_mixin.py:120} INFO - [2024-09-29T00:30:31.601+0000] {dag.py:2585} INFO - Sync 2 DAGs
[2024-09-29T00:30:31.634+0000] {logging_mixin.py:120} INFO - [2024-09-29T00:30:31.633+0000] {dag.py:3340} INFO - Setting next_dagrun for example_xcom_args to None, run_after=None
[2024-09-29T00:30:31.638+0000] {logging_mixin.py:120} INFO - [2024-09-29T00:30:31.638+0000] {dag.py:3340} INFO - Setting next_dagrun for example_xcom_args_with_operators to None, run_after=None
[2024-09-29T00:30:31.660+0000] {processor.py:176} INFO - Processing /home/airflow/.local/lib/python3.7/site-packages/airflow/example_dags/example_xcomargs.py took 0.154 seconds
[2024-09-29T00:31:02.105+0000] {processor.py:154} INFO - Started process (PID=50665) to work on /home/airflow/.local/lib/python3.7/site-packages/airflow/example_dags/example_xcomargs.py
[2024-09-29T00:31:02.106+0000] {processor.py:756} INFO - Processing file /home/airflow/.local/lib/python3.7/site-packages/airflow/example_dags/example_xcomargs.py for tasks to queue
[2024-09-29T00:31:02.108+0000] {logging_mixin.py:120} INFO - [2024-09-29T00:31:02.107+0000] {dagbag.py:537} INFO - Filling up the DagBag from /home/airflow/.local/lib/python3.7/site-packages/airflow/example_dags/example_xcomargs.py
[2024-09-29T00:31:02.138+0000] {processor.py:766} INFO - DAG(s) dict_keys(['example_xcom_args_with_operators', 'example_xcom_args']) retrieved from /home/airflow/.local/lib/python3.7/site-packages/airflow/example_dags/example_xcomargs.py
[2024-09-29T00:31:02.193+0000] {logging_mixin.py:120} INFO - [2024-09-29T00:31:02.193+0000] {dag.py:2585} INFO - Sync 2 DAGs
[2024-09-29T00:31:02.223+0000] {logging_mixin.py:120} INFO - [2024-09-29T00:31:02.223+0000] {dag.py:3340} INFO - Setting next_dagrun for example_xcom_args to None, run_after=None
[2024-09-29T00:31:02.227+0000] {logging_mixin.py:120} INFO - [2024-09-29T00:31:02.227+0000] {dag.py:3340} INFO - Setting next_dagrun for example_xcom_args_with_operators to None, run_after=None
[2024-09-29T00:31:02.247+0000] {processor.py:176} INFO - Processing /home/airflow/.local/lib/python3.7/site-packages/airflow/example_dags/example_xcomargs.py took 0.147 seconds
[2024-09-29T00:31:33.025+0000] {processor.py:154} INFO - Started process (PID=50736) to work on /home/airflow/.local/lib/python3.7/site-packages/airflow/example_dags/example_xcomargs.py
[2024-09-29T00:31:33.027+0000] {processor.py:756} INFO - Processing file /home/airflow/.local/lib/python3.7/site-packages/airflow/example_dags/example_xcomargs.py for tasks to queue
[2024-09-29T00:31:33.032+0000] {logging_mixin.py:120} INFO - [2024-09-29T00:31:33.032+0000] {dagbag.py:537} INFO - Filling up the DagBag from /home/airflow/.local/lib/python3.7/site-packages/airflow/example_dags/example_xcomargs.py
[2024-09-29T00:31:33.065+0000] {processor.py:766} INFO - DAG(s) dict_keys(['example_xcom_args', 'example_xcom_args_with_operators']) retrieved from /home/airflow/.local/lib/python3.7/site-packages/airflow/example_dags/example_xcomargs.py
[2024-09-29T00:31:33.128+0000] {logging_mixin.py:120} INFO - [2024-09-29T00:31:33.128+0000] {dag.py:2585} INFO - Sync 2 DAGs
[2024-09-29T00:31:33.165+0000] {logging_mixin.py:120} INFO - [2024-09-29T00:31:33.165+0000] {dag.py:3340} INFO - Setting next_dagrun for example_xcom_args to None, run_after=None
[2024-09-29T00:31:33.171+0000] {logging_mixin.py:120} INFO - [2024-09-29T00:31:33.171+0000] {dag.py:3340} INFO - Setting next_dagrun for example_xcom_args_with_operators to None, run_after=None
[2024-09-29T00:31:33.200+0000] {processor.py:176} INFO - Processing /home/airflow/.local/lib/python3.7/site-packages/airflow/example_dags/example_xcomargs.py took 0.179 seconds
[2024-09-29T00:32:03.546+0000] {processor.py:154} INFO - Started process (PID=50797) to work on /home/airflow/.local/lib/python3.7/site-packages/airflow/example_dags/example_xcomargs.py
[2024-09-29T00:32:03.547+0000] {processor.py:756} INFO - Processing file /home/airflow/.local/lib/python3.7/site-packages/airflow/example_dags/example_xcomargs.py for tasks to queue
[2024-09-29T00:32:03.548+0000] {logging_mixin.py:120} INFO - [2024-09-29T00:32:03.548+0000] {dagbag.py:537} INFO - Filling up the DagBag from /home/airflow/.local/lib/python3.7/site-packages/airflow/example_dags/example_xcomargs.py
[2024-09-29T00:32:03.581+0000] {processor.py:766} INFO - DAG(s) dict_keys(['example_xcom_args', 'example_xcom_args_with_operators']) retrieved from /home/airflow/.local/lib/python3.7/site-packages/airflow/example_dags/example_xcomargs.py
[2024-09-29T00:32:03.644+0000] {logging_mixin.py:120} INFO - [2024-09-29T00:32:03.644+0000] {dag.py:2585} INFO - Sync 2 DAGs
[2024-09-29T00:32:03.682+0000] {logging_mixin.py:120} INFO - [2024-09-29T00:32:03.681+0000] {dag.py:3340} INFO - Setting next_dagrun for example_xcom_args to None, run_after=None
[2024-09-29T00:32:03.686+0000] {logging_mixin.py:120} INFO - [2024-09-29T00:32:03.686+0000] {dag.py:3340} INFO - Setting next_dagrun for example_xcom_args_with_operators to None, run_after=None
[2024-09-29T00:32:03.711+0000] {processor.py:176} INFO - Processing /home/airflow/.local/lib/python3.7/site-packages/airflow/example_dags/example_xcomargs.py took 0.170 seconds
[2024-09-29T00:32:34.423+0000] {processor.py:154} INFO - Started process (PID=50869) to work on /home/airflow/.local/lib/python3.7/site-packages/airflow/example_dags/example_xcomargs.py
[2024-09-29T00:32:34.425+0000] {processor.py:756} INFO - Processing file /home/airflow/.local/lib/python3.7/site-packages/airflow/example_dags/example_xcomargs.py for tasks to queue
[2024-09-29T00:32:34.426+0000] {logging_mixin.py:120} INFO - [2024-09-29T00:32:34.426+0000] {dagbag.py:537} INFO - Filling up the DagBag from /home/airflow/.local/lib/python3.7/site-packages/airflow/example_dags/example_xcomargs.py
[2024-09-29T00:32:34.466+0000] {processor.py:766} INFO - DAG(s) dict_keys(['example_xcom_args', 'example_xcom_args_with_operators']) retrieved from /home/airflow/.local/lib/python3.7/site-packages/airflow/example_dags/example_xcomargs.py
[2024-09-29T00:32:34.534+0000] {logging_mixin.py:120} INFO - [2024-09-29T00:32:34.534+0000] {dag.py:2585} INFO - Sync 2 DAGs
[2024-09-29T00:32:34.571+0000] {logging_mixin.py:120} INFO - [2024-09-29T00:32:34.571+0000] {dag.py:3340} INFO - Setting next_dagrun for example_xcom_args to None, run_after=None
[2024-09-29T00:32:34.576+0000] {logging_mixin.py:120} INFO - [2024-09-29T00:32:34.576+0000] {dag.py:3340} INFO - Setting next_dagrun for example_xcom_args_with_operators to None, run_after=None
[2024-09-29T00:32:34.600+0000] {processor.py:176} INFO - Processing /home/airflow/.local/lib/python3.7/site-packages/airflow/example_dags/example_xcomargs.py took 0.181 seconds
[2024-09-29T00:33:05.065+0000] {processor.py:154} INFO - Started process (PID=50941) to work on /home/airflow/.local/lib/python3.7/site-packages/airflow/example_dags/example_xcomargs.py
[2024-09-29T00:33:05.067+0000] {processor.py:756} INFO - Processing file /home/airflow/.local/lib/python3.7/site-packages/airflow/example_dags/example_xcomargs.py for tasks to queue
[2024-09-29T00:33:05.068+0000] {logging_mixin.py:120} INFO - [2024-09-29T00:33:05.068+0000] {dagbag.py:537} INFO - Filling up the DagBag from /home/airflow/.local/lib/python3.7/site-packages/airflow/example_dags/example_xcomargs.py
[2024-09-29T00:33:05.106+0000] {processor.py:766} INFO - DAG(s) dict_keys(['example_xcom_args', 'example_xcom_args_with_operators']) retrieved from /home/airflow/.local/lib/python3.7/site-packages/airflow/example_dags/example_xcomargs.py
[2024-09-29T00:33:05.175+0000] {logging_mixin.py:120} INFO - [2024-09-29T00:33:05.175+0000] {dag.py:2585} INFO - Sync 2 DAGs
[2024-09-29T00:33:05.212+0000] {logging_mixin.py:120} INFO - [2024-09-29T00:33:05.212+0000] {dag.py:3340} INFO - Setting next_dagrun for example_xcom_args to None, run_after=None
[2024-09-29T00:33:05.217+0000] {logging_mixin.py:120} INFO - [2024-09-29T00:33:05.216+0000] {dag.py:3340} INFO - Setting next_dagrun for example_xcom_args_with_operators to None, run_after=None
[2024-09-29T00:33:05.245+0000] {processor.py:176} INFO - Processing /home/airflow/.local/lib/python3.7/site-packages/airflow/example_dags/example_xcomargs.py took 0.185 seconds
[2024-09-29T00:33:35.657+0000] {processor.py:154} INFO - Started process (PID=51003) to work on /home/airflow/.local/lib/python3.7/site-packages/airflow/example_dags/example_xcomargs.py
[2024-09-29T00:33:35.658+0000] {processor.py:756} INFO - Processing file /home/airflow/.local/lib/python3.7/site-packages/airflow/example_dags/example_xcomargs.py for tasks to queue
[2024-09-29T00:33:35.659+0000] {logging_mixin.py:120} INFO - [2024-09-29T00:33:35.659+0000] {dagbag.py:537} INFO - Filling up the DagBag from /home/airflow/.local/lib/python3.7/site-packages/airflow/example_dags/example_xcomargs.py
[2024-09-29T00:33:35.702+0000] {processor.py:766} INFO - DAG(s) dict_keys(['example_xcom_args', 'example_xcom_args_with_operators']) retrieved from /home/airflow/.local/lib/python3.7/site-packages/airflow/example_dags/example_xcomargs.py
[2024-09-29T00:33:35.781+0000] {logging_mixin.py:120} INFO - [2024-09-29T00:33:35.781+0000] {dag.py:2585} INFO - Sync 2 DAGs
[2024-09-29T00:33:35.817+0000] {logging_mixin.py:120} INFO - [2024-09-29T00:33:35.817+0000] {dag.py:3340} INFO - Setting next_dagrun for example_xcom_args to None, run_after=None
[2024-09-29T00:33:35.821+0000] {logging_mixin.py:120} INFO - [2024-09-29T00:33:35.821+0000] {dag.py:3340} INFO - Setting next_dagrun for example_xcom_args_with_operators to None, run_after=None
[2024-09-29T00:33:35.849+0000] {processor.py:176} INFO - Processing /home/airflow/.local/lib/python3.7/site-packages/airflow/example_dags/example_xcomargs.py took 0.196 seconds
[2024-09-29T00:34:05.955+0000] {processor.py:154} INFO - Started process (PID=51074) to work on /home/airflow/.local/lib/python3.7/site-packages/airflow/example_dags/example_xcomargs.py
[2024-09-29T00:34:05.956+0000] {processor.py:756} INFO - Processing file /home/airflow/.local/lib/python3.7/site-packages/airflow/example_dags/example_xcomargs.py for tasks to queue
[2024-09-29T00:34:05.962+0000] {logging_mixin.py:120} INFO - [2024-09-29T00:34:05.962+0000] {dagbag.py:537} INFO - Filling up the DagBag from /home/airflow/.local/lib/python3.7/site-packages/airflow/example_dags/example_xcomargs.py
[2024-09-29T00:34:06.002+0000] {processor.py:766} INFO - DAG(s) dict_keys(['example_xcom_args', 'example_xcom_args_with_operators']) retrieved from /home/airflow/.local/lib/python3.7/site-packages/airflow/example_dags/example_xcomargs.py
[2024-09-29T00:34:06.090+0000] {logging_mixin.py:120} INFO - [2024-09-29T00:34:06.090+0000] {dag.py:2585} INFO - Sync 2 DAGs
[2024-09-29T00:34:06.130+0000] {logging_mixin.py:120} INFO - [2024-09-29T00:34:06.129+0000] {dag.py:3340} INFO - Setting next_dagrun for example_xcom_args to None, run_after=None
[2024-09-29T00:34:06.137+0000] {logging_mixin.py:120} INFO - [2024-09-29T00:34:06.137+0000] {dag.py:3340} INFO - Setting next_dagrun for example_xcom_args_with_operators to None, run_after=None
[2024-09-29T00:34:06.164+0000] {processor.py:176} INFO - Processing /home/airflow/.local/lib/python3.7/site-packages/airflow/example_dags/example_xcomargs.py took 0.215 seconds
[2024-09-29T00:34:36.731+0000] {processor.py:154} INFO - Started process (PID=51144) to work on /home/airflow/.local/lib/python3.7/site-packages/airflow/example_dags/example_xcomargs.py
[2024-09-29T00:34:36.732+0000] {processor.py:756} INFO - Processing file /home/airflow/.local/lib/python3.7/site-packages/airflow/example_dags/example_xcomargs.py for tasks to queue
[2024-09-29T00:34:36.733+0000] {logging_mixin.py:120} INFO - [2024-09-29T00:34:36.733+0000] {dagbag.py:537} INFO - Filling up the DagBag from /home/airflow/.local/lib/python3.7/site-packages/airflow/example_dags/example_xcomargs.py
[2024-09-29T00:34:36.758+0000] {processor.py:766} INFO - DAG(s) dict_keys(['example_xcom_args_with_operators', 'example_xcom_args']) retrieved from /home/airflow/.local/lib/python3.7/site-packages/airflow/example_dags/example_xcomargs.py
[2024-09-29T00:34:36.807+0000] {logging_mixin.py:120} INFO - [2024-09-29T00:34:36.807+0000] {dag.py:2585} INFO - Sync 2 DAGs
[2024-09-29T00:34:36.834+0000] {logging_mixin.py:120} INFO - [2024-09-29T00:34:36.834+0000] {dag.py:3340} INFO - Setting next_dagrun for example_xcom_args to None, run_after=None
[2024-09-29T00:34:36.838+0000] {logging_mixin.py:120} INFO - [2024-09-29T00:34:36.838+0000] {dag.py:3340} INFO - Setting next_dagrun for example_xcom_args_with_operators to None, run_after=None
[2024-09-29T00:34:36.862+0000] {processor.py:176} INFO - Processing /home/airflow/.local/lib/python3.7/site-packages/airflow/example_dags/example_xcomargs.py took 0.134 seconds
[2024-09-29T00:35:07.464+0000] {processor.py:154} INFO - Started process (PID=51208) to work on /home/airflow/.local/lib/python3.7/site-packages/airflow/example_dags/example_xcomargs.py
[2024-09-29T00:35:07.466+0000] {processor.py:756} INFO - Processing file /home/airflow/.local/lib/python3.7/site-packages/airflow/example_dags/example_xcomargs.py for tasks to queue
[2024-09-29T00:35:07.466+0000] {logging_mixin.py:120} INFO - [2024-09-29T00:35:07.466+0000] {dagbag.py:537} INFO - Filling up the DagBag from /home/airflow/.local/lib/python3.7/site-packages/airflow/example_dags/example_xcomargs.py
[2024-09-29T00:35:07.491+0000] {processor.py:766} INFO - DAG(s) dict_keys(['example_xcom_args', 'example_xcom_args_with_operators']) retrieved from /home/airflow/.local/lib/python3.7/site-packages/airflow/example_dags/example_xcomargs.py
[2024-09-29T00:35:07.544+0000] {logging_mixin.py:120} INFO - [2024-09-29T00:35:07.544+0000] {dag.py:2585} INFO - Sync 2 DAGs
[2024-09-29T00:35:07.572+0000] {logging_mixin.py:120} INFO - [2024-09-29T00:35:07.571+0000] {dag.py:3340} INFO - Setting next_dagrun for example_xcom_args to None, run_after=None
[2024-09-29T00:35:07.575+0000] {logging_mixin.py:120} INFO - [2024-09-29T00:35:07.575+0000] {dag.py:3340} INFO - Setting next_dagrun for example_xcom_args_with_operators to None, run_after=None
[2024-09-29T00:35:07.599+0000] {processor.py:176} INFO - Processing /home/airflow/.local/lib/python3.7/site-packages/airflow/example_dags/example_xcomargs.py took 0.138 seconds
[2024-09-29T00:35:38.203+0000] {processor.py:154} INFO - Started process (PID=51280) to work on /home/airflow/.local/lib/python3.7/site-packages/airflow/example_dags/example_xcomargs.py
[2024-09-29T00:35:38.204+0000] {processor.py:756} INFO - Processing file /home/airflow/.local/lib/python3.7/site-packages/airflow/example_dags/example_xcomargs.py for tasks to queue
[2024-09-29T00:35:38.205+0000] {logging_mixin.py:120} INFO - [2024-09-29T00:35:38.205+0000] {dagbag.py:537} INFO - Filling up the DagBag from /home/airflow/.local/lib/python3.7/site-packages/airflow/example_dags/example_xcomargs.py
[2024-09-29T00:35:38.230+0000] {processor.py:766} INFO - DAG(s) dict_keys(['example_xcom_args_with_operators', 'example_xcom_args']) retrieved from /home/airflow/.local/lib/python3.7/site-packages/airflow/example_dags/example_xcomargs.py
[2024-09-29T00:35:38.278+0000] {logging_mixin.py:120} INFO - [2024-09-29T00:35:38.278+0000] {dag.py:2585} INFO - Sync 2 DAGs
[2024-09-29T00:35:38.304+0000] {logging_mixin.py:120} INFO - [2024-09-29T00:35:38.304+0000] {dag.py:3340} INFO - Setting next_dagrun for example_xcom_args to None, run_after=None
[2024-09-29T00:35:38.308+0000] {logging_mixin.py:120} INFO - [2024-09-29T00:35:38.307+0000] {dag.py:3340} INFO - Setting next_dagrun for example_xcom_args_with_operators to None, run_after=None
[2024-09-29T00:35:38.327+0000] {processor.py:176} INFO - Processing /home/airflow/.local/lib/python3.7/site-packages/airflow/example_dags/example_xcomargs.py took 0.128 seconds
[2024-09-29T00:36:08.654+0000] {processor.py:154} INFO - Started process (PID=51352) to work on /home/airflow/.local/lib/python3.7/site-packages/airflow/example_dags/example_xcomargs.py
[2024-09-29T00:36:08.655+0000] {processor.py:756} INFO - Processing file /home/airflow/.local/lib/python3.7/site-packages/airflow/example_dags/example_xcomargs.py for tasks to queue
[2024-09-29T00:36:08.656+0000] {logging_mixin.py:120} INFO - [2024-09-29T00:36:08.656+0000] {dagbag.py:537} INFO - Filling up the DagBag from /home/airflow/.local/lib/python3.7/site-packages/airflow/example_dags/example_xcomargs.py
[2024-09-29T00:36:08.682+0000] {processor.py:766} INFO - DAG(s) dict_keys(['example_xcom_args_with_operators', 'example_xcom_args']) retrieved from /home/airflow/.local/lib/python3.7/site-packages/airflow/example_dags/example_xcomargs.py
[2024-09-29T00:36:08.737+0000] {logging_mixin.py:120} INFO - [2024-09-29T00:36:08.737+0000] {dag.py:2585} INFO - Sync 2 DAGs
[2024-09-29T00:36:08.774+0000] {logging_mixin.py:120} INFO - [2024-09-29T00:36:08.774+0000] {dag.py:3340} INFO - Setting next_dagrun for example_xcom_args to None, run_after=None
[2024-09-29T00:36:08.778+0000] {logging_mixin.py:120} INFO - [2024-09-29T00:36:08.778+0000] {dag.py:3340} INFO - Setting next_dagrun for example_xcom_args_with_operators to None, run_after=None
[2024-09-29T00:36:08.800+0000] {processor.py:176} INFO - Processing /home/airflow/.local/lib/python3.7/site-packages/airflow/example_dags/example_xcomargs.py took 0.151 seconds
[2024-09-29T00:36:39.155+0000] {processor.py:154} INFO - Started process (PID=51415) to work on /home/airflow/.local/lib/python3.7/site-packages/airflow/example_dags/example_xcomargs.py
[2024-09-29T00:36:39.157+0000] {processor.py:756} INFO - Processing file /home/airflow/.local/lib/python3.7/site-packages/airflow/example_dags/example_xcomargs.py for tasks to queue
[2024-09-29T00:36:39.158+0000] {logging_mixin.py:120} INFO - [2024-09-29T00:36:39.158+0000] {dagbag.py:537} INFO - Filling up the DagBag from /home/airflow/.local/lib/python3.7/site-packages/airflow/example_dags/example_xcomargs.py
[2024-09-29T00:36:39.182+0000] {processor.py:766} INFO - DAG(s) dict_keys(['example_xcom_args_with_operators', 'example_xcom_args']) retrieved from /home/airflow/.local/lib/python3.7/site-packages/airflow/example_dags/example_xcomargs.py
[2024-09-29T00:36:39.230+0000] {logging_mixin.py:120} INFO - [2024-09-29T00:36:39.230+0000] {dag.py:2585} INFO - Sync 2 DAGs
[2024-09-29T00:36:39.257+0000] {logging_mixin.py:120} INFO - [2024-09-29T00:36:39.257+0000] {dag.py:3340} INFO - Setting next_dagrun for example_xcom_args to None, run_after=None
[2024-09-29T00:36:39.260+0000] {logging_mixin.py:120} INFO - [2024-09-29T00:36:39.260+0000] {dag.py:3340} INFO - Setting next_dagrun for example_xcom_args_with_operators to None, run_after=None
[2024-09-29T00:36:39.279+0000] {processor.py:176} INFO - Processing /home/airflow/.local/lib/python3.7/site-packages/airflow/example_dags/example_xcomargs.py took 0.128 seconds
[2024-09-29T00:37:09.398+0000] {processor.py:154} INFO - Started process (PID=51486) to work on /home/airflow/.local/lib/python3.7/site-packages/airflow/example_dags/example_xcomargs.py
[2024-09-29T00:37:09.400+0000] {processor.py:756} INFO - Processing file /home/airflow/.local/lib/python3.7/site-packages/airflow/example_dags/example_xcomargs.py for tasks to queue
[2024-09-29T00:37:09.401+0000] {logging_mixin.py:120} INFO - [2024-09-29T00:37:09.401+0000] {dagbag.py:537} INFO - Filling up the DagBag from /home/airflow/.local/lib/python3.7/site-packages/airflow/example_dags/example_xcomargs.py
[2024-09-29T00:37:09.433+0000] {processor.py:766} INFO - DAG(s) dict_keys(['example_xcom_args', 'example_xcom_args_with_operators']) retrieved from /home/airflow/.local/lib/python3.7/site-packages/airflow/example_dags/example_xcomargs.py
[2024-09-29T00:37:09.487+0000] {logging_mixin.py:120} INFO - [2024-09-29T00:37:09.487+0000] {dag.py:2585} INFO - Sync 2 DAGs
[2024-09-29T00:37:09.516+0000] {logging_mixin.py:120} INFO - [2024-09-29T00:37:09.516+0000] {dag.py:3340} INFO - Setting next_dagrun for example_xcom_args to None, run_after=None
[2024-09-29T00:37:09.519+0000] {logging_mixin.py:120} INFO - [2024-09-29T00:37:09.519+0000] {dag.py:3340} INFO - Setting next_dagrun for example_xcom_args_with_operators to None, run_after=None
[2024-09-29T00:37:09.540+0000] {processor.py:176} INFO - Processing /home/airflow/.local/lib/python3.7/site-packages/airflow/example_dags/example_xcomargs.py took 0.148 seconds
[2024-09-29T00:37:39.789+0000] {processor.py:154} INFO - Started process (PID=51558) to work on /home/airflow/.local/lib/python3.7/site-packages/airflow/example_dags/example_xcomargs.py
[2024-09-29T00:37:39.790+0000] {processor.py:756} INFO - Processing file /home/airflow/.local/lib/python3.7/site-packages/airflow/example_dags/example_xcomargs.py for tasks to queue
[2024-09-29T00:37:39.791+0000] {logging_mixin.py:120} INFO - [2024-09-29T00:37:39.791+0000] {dagbag.py:537} INFO - Filling up the DagBag from /home/airflow/.local/lib/python3.7/site-packages/airflow/example_dags/example_xcomargs.py
[2024-09-29T00:37:39.827+0000] {processor.py:766} INFO - DAG(s) dict_keys(['example_xcom_args', 'example_xcom_args_with_operators']) retrieved from /home/airflow/.local/lib/python3.7/site-packages/airflow/example_dags/example_xcomargs.py
[2024-09-29T00:37:39.883+0000] {logging_mixin.py:120} INFO - [2024-09-29T00:37:39.883+0000] {dag.py:2585} INFO - Sync 2 DAGs
[2024-09-29T00:37:39.914+0000] {logging_mixin.py:120} INFO - [2024-09-29T00:37:39.914+0000] {dag.py:3340} INFO - Setting next_dagrun for example_xcom_args to None, run_after=None
[2024-09-29T00:37:39.918+0000] {logging_mixin.py:120} INFO - [2024-09-29T00:37:39.918+0000] {dag.py:3340} INFO - Setting next_dagrun for example_xcom_args_with_operators to None, run_after=None
[2024-09-29T00:37:39.942+0000] {processor.py:176} INFO - Processing /home/airflow/.local/lib/python3.7/site-packages/airflow/example_dags/example_xcomargs.py took 0.158 seconds
[2024-09-29T00:38:10.694+0000] {processor.py:154} INFO - Started process (PID=51630) to work on /home/airflow/.local/lib/python3.7/site-packages/airflow/example_dags/example_xcomargs.py
[2024-09-29T00:38:10.696+0000] {processor.py:756} INFO - Processing file /home/airflow/.local/lib/python3.7/site-packages/airflow/example_dags/example_xcomargs.py for tasks to queue
[2024-09-29T00:38:10.696+0000] {logging_mixin.py:120} INFO - [2024-09-29T00:38:10.696+0000] {dagbag.py:537} INFO - Filling up the DagBag from /home/airflow/.local/lib/python3.7/site-packages/airflow/example_dags/example_xcomargs.py
[2024-09-29T00:38:10.722+0000] {processor.py:766} INFO - DAG(s) dict_keys(['example_xcom_args_with_operators', 'example_xcom_args']) retrieved from /home/airflow/.local/lib/python3.7/site-packages/airflow/example_dags/example_xcomargs.py
[2024-09-29T00:38:10.772+0000] {logging_mixin.py:120} INFO - [2024-09-29T00:38:10.772+0000] {dag.py:2585} INFO - Sync 2 DAGs
[2024-09-29T00:38:10.800+0000] {logging_mixin.py:120} INFO - [2024-09-29T00:38:10.800+0000] {dag.py:3340} INFO - Setting next_dagrun for example_xcom_args to None, run_after=None
[2024-09-29T00:38:10.804+0000] {logging_mixin.py:120} INFO - [2024-09-29T00:38:10.804+0000] {dag.py:3340} INFO - Setting next_dagrun for example_xcom_args_with_operators to None, run_after=None
[2024-09-29T00:38:10.827+0000] {processor.py:176} INFO - Processing /home/airflow/.local/lib/python3.7/site-packages/airflow/example_dags/example_xcomargs.py took 0.136 seconds
[2024-09-29T00:38:41.224+0000] {processor.py:154} INFO - Started process (PID=51693) to work on /home/airflow/.local/lib/python3.7/site-packages/airflow/example_dags/example_xcomargs.py
[2024-09-29T00:38:41.226+0000] {processor.py:756} INFO - Processing file /home/airflow/.local/lib/python3.7/site-packages/airflow/example_dags/example_xcomargs.py for tasks to queue
[2024-09-29T00:38:41.226+0000] {logging_mixin.py:120} INFO - [2024-09-29T00:38:41.226+0000] {dagbag.py:537} INFO - Filling up the DagBag from /home/airflow/.local/lib/python3.7/site-packages/airflow/example_dags/example_xcomargs.py
[2024-09-29T00:38:41.252+0000] {processor.py:766} INFO - DAG(s) dict_keys(['example_xcom_args', 'example_xcom_args_with_operators']) retrieved from /home/airflow/.local/lib/python3.7/site-packages/airflow/example_dags/example_xcomargs.py
[2024-09-29T00:38:41.302+0000] {logging_mixin.py:120} INFO - [2024-09-29T00:38:41.302+0000] {dag.py:2585} INFO - Sync 2 DAGs
[2024-09-29T00:38:41.329+0000] {logging_mixin.py:120} INFO - [2024-09-29T00:38:41.329+0000] {dag.py:3340} INFO - Setting next_dagrun for example_xcom_args to None, run_after=None
[2024-09-29T00:38:41.333+0000] {logging_mixin.py:120} INFO - [2024-09-29T00:38:41.333+0000] {dag.py:3340} INFO - Setting next_dagrun for example_xcom_args_with_operators to None, run_after=None
[2024-09-29T00:38:41.355+0000] {processor.py:176} INFO - Processing /home/airflow/.local/lib/python3.7/site-packages/airflow/example_dags/example_xcomargs.py took 0.134 seconds
[2024-09-29T00:39:11.790+0000] {processor.py:154} INFO - Started process (PID=51765) to work on /home/airflow/.local/lib/python3.7/site-packages/airflow/example_dags/example_xcomargs.py
[2024-09-29T00:39:11.791+0000] {processor.py:756} INFO - Processing file /home/airflow/.local/lib/python3.7/site-packages/airflow/example_dags/example_xcomargs.py for tasks to queue
[2024-09-29T00:39:11.792+0000] {logging_mixin.py:120} INFO - [2024-09-29T00:39:11.792+0000] {dagbag.py:537} INFO - Filling up the DagBag from /home/airflow/.local/lib/python3.7/site-packages/airflow/example_dags/example_xcomargs.py
[2024-09-29T00:39:11.823+0000] {processor.py:766} INFO - DAG(s) dict_keys(['example_xcom_args_with_operators', 'example_xcom_args']) retrieved from /home/airflow/.local/lib/python3.7/site-packages/airflow/example_dags/example_xcomargs.py
[2024-09-29T00:39:11.869+0000] {logging_mixin.py:120} INFO - [2024-09-29T00:39:11.869+0000] {dag.py:2585} INFO - Sync 2 DAGs
[2024-09-29T00:39:11.900+0000] {logging_mixin.py:120} INFO - [2024-09-29T00:39:11.900+0000] {dag.py:3340} INFO - Setting next_dagrun for example_xcom_args to None, run_after=None
[2024-09-29T00:39:11.903+0000] {logging_mixin.py:120} INFO - [2024-09-29T00:39:11.903+0000] {dag.py:3340} INFO - Setting next_dagrun for example_xcom_args_with_operators to None, run_after=None
[2024-09-29T00:39:11.923+0000] {processor.py:176} INFO - Processing /home/airflow/.local/lib/python3.7/site-packages/airflow/example_dags/example_xcomargs.py took 0.136 seconds
[2024-09-29T00:39:44.291+0000] {processor.py:154} INFO - Started process (PID=51837) to work on /home/airflow/.local/lib/python3.7/site-packages/airflow/example_dags/example_xcomargs.py
[2024-09-29T00:39:44.293+0000] {processor.py:756} INFO - Processing file /home/airflow/.local/lib/python3.7/site-packages/airflow/example_dags/example_xcomargs.py for tasks to queue
[2024-09-29T00:39:44.298+0000] {logging_mixin.py:120} INFO - [2024-09-29T00:39:44.298+0000] {dagbag.py:537} INFO - Filling up the DagBag from /home/airflow/.local/lib/python3.7/site-packages/airflow/example_dags/example_xcomargs.py
[2024-09-29T00:39:44.499+0000] {processor.py:766} INFO - DAG(s) dict_keys(['example_xcom_args_with_operators', 'example_xcom_args']) retrieved from /home/airflow/.local/lib/python3.7/site-packages/airflow/example_dags/example_xcomargs.py
[2024-09-29T00:39:44.934+0000] {logging_mixin.py:120} INFO - [2024-09-29T00:39:44.933+0000] {dag.py:2585} INFO - Sync 2 DAGs
[2024-09-29T00:39:45.256+0000] {logging_mixin.py:120} INFO - [2024-09-29T00:39:45.256+0000] {dag.py:3340} INFO - Setting next_dagrun for example_xcom_args to None, run_after=None
[2024-09-29T00:39:45.275+0000] {logging_mixin.py:120} INFO - [2024-09-29T00:39:45.273+0000] {dag.py:3340} INFO - Setting next_dagrun for example_xcom_args_with_operators to None, run_after=None
[2024-09-29T00:39:45.457+0000] {processor.py:176} INFO - Processing /home/airflow/.local/lib/python3.7/site-packages/airflow/example_dags/example_xcomargs.py took 1.259 seconds
[2024-09-29T01:40:53.621+0000] {processor.py:154} INFO - Started process (PID=51924) to work on /home/airflow/.local/lib/python3.7/site-packages/airflow/example_dags/example_xcomargs.py
[2024-09-29T01:40:53.623+0000] {processor.py:756} INFO - Processing file /home/airflow/.local/lib/python3.7/site-packages/airflow/example_dags/example_xcomargs.py for tasks to queue
[2024-09-29T01:40:53.624+0000] {logging_mixin.py:120} INFO - [2024-09-29T01:40:53.624+0000] {dagbag.py:537} INFO - Filling up the DagBag from /home/airflow/.local/lib/python3.7/site-packages/airflow/example_dags/example_xcomargs.py
[2024-09-29T01:40:53.656+0000] {processor.py:766} INFO - DAG(s) dict_keys(['example_xcom_args', 'example_xcom_args_with_operators']) retrieved from /home/airflow/.local/lib/python3.7/site-packages/airflow/example_dags/example_xcomargs.py
[2024-09-29T01:40:53.717+0000] {logging_mixin.py:120} INFO - [2024-09-29T01:40:53.717+0000] {dag.py:2585} INFO - Sync 2 DAGs
[2024-09-29T01:40:53.755+0000] {logging_mixin.py:120} INFO - [2024-09-29T01:40:53.755+0000] {dag.py:3340} INFO - Setting next_dagrun for example_xcom_args to None, run_after=None
[2024-09-29T01:40:53.761+0000] {logging_mixin.py:120} INFO - [2024-09-29T01:40:53.760+0000] {dag.py:3340} INFO - Setting next_dagrun for example_xcom_args_with_operators to None, run_after=None
[2024-09-29T01:40:53.785+0000] {processor.py:176} INFO - Processing /home/airflow/.local/lib/python3.7/site-packages/airflow/example_dags/example_xcomargs.py took 0.169 seconds
[2024-09-29T01:42:56.919+0000] {processor.py:154} INFO - Started process (PID=51987) to work on /home/airflow/.local/lib/python3.7/site-packages/airflow/example_dags/example_xcomargs.py
[2024-09-29T01:42:56.921+0000] {processor.py:756} INFO - Processing file /home/airflow/.local/lib/python3.7/site-packages/airflow/example_dags/example_xcomargs.py for tasks to queue
[2024-09-29T01:42:56.922+0000] {logging_mixin.py:120} INFO - [2024-09-29T01:42:56.922+0000] {dagbag.py:537} INFO - Filling up the DagBag from /home/airflow/.local/lib/python3.7/site-packages/airflow/example_dags/example_xcomargs.py
[2024-09-29T01:42:56.954+0000] {processor.py:766} INFO - DAG(s) dict_keys(['example_xcom_args_with_operators', 'example_xcom_args']) retrieved from /home/airflow/.local/lib/python3.7/site-packages/airflow/example_dags/example_xcomargs.py
[2024-09-29T01:42:57.010+0000] {logging_mixin.py:120} INFO - [2024-09-29T01:42:57.010+0000] {dag.py:2585} INFO - Sync 2 DAGs
[2024-09-29T01:42:57.042+0000] {logging_mixin.py:120} INFO - [2024-09-29T01:42:57.042+0000] {dag.py:3340} INFO - Setting next_dagrun for example_xcom_args to None, run_after=None
[2024-09-29T01:42:57.046+0000] {logging_mixin.py:120} INFO - [2024-09-29T01:42:57.045+0000] {dag.py:3340} INFO - Setting next_dagrun for example_xcom_args_with_operators to None, run_after=None
[2024-09-29T01:42:57.063+0000] {processor.py:176} INFO - Processing /home/airflow/.local/lib/python3.7/site-packages/airflow/example_dags/example_xcomargs.py took 0.148 seconds
[2024-09-29T01:48:02.685+0000] {processor.py:154} INFO - Started process (PID=52059) to work on /home/airflow/.local/lib/python3.7/site-packages/airflow/example_dags/example_xcomargs.py
[2024-09-29T01:48:02.689+0000] {processor.py:756} INFO - Processing file /home/airflow/.local/lib/python3.7/site-packages/airflow/example_dags/example_xcomargs.py for tasks to queue
[2024-09-29T01:48:02.691+0000] {logging_mixin.py:120} INFO - [2024-09-29T01:48:02.691+0000] {dagbag.py:537} INFO - Filling up the DagBag from /home/airflow/.local/lib/python3.7/site-packages/airflow/example_dags/example_xcomargs.py
[2024-09-29T01:48:02.742+0000] {processor.py:766} INFO - DAG(s) dict_keys(['example_xcom_args_with_operators', 'example_xcom_args']) retrieved from /home/airflow/.local/lib/python3.7/site-packages/airflow/example_dags/example_xcomargs.py
[2024-09-29T01:48:02.836+0000] {logging_mixin.py:120} INFO - [2024-09-29T01:48:02.836+0000] {dag.py:2585} INFO - Sync 2 DAGs
[2024-09-29T01:48:02.900+0000] {logging_mixin.py:120} INFO - [2024-09-29T01:48:02.900+0000] {dag.py:3340} INFO - Setting next_dagrun for example_xcom_args to None, run_after=None
[2024-09-29T01:48:02.910+0000] {logging_mixin.py:120} INFO - [2024-09-29T01:48:02.909+0000] {dag.py:3340} INFO - Setting next_dagrun for example_xcom_args_with_operators to None, run_after=None
[2024-09-29T01:48:02.946+0000] {processor.py:176} INFO - Processing /home/airflow/.local/lib/python3.7/site-packages/airflow/example_dags/example_xcomargs.py took 0.267 seconds
[2024-09-29T01:49:28.302+0000] {processor.py:154} INFO - Started process (PID=52122) to work on /home/airflow/.local/lib/python3.7/site-packages/airflow/example_dags/example_xcomargs.py
[2024-09-29T01:49:28.305+0000] {processor.py:756} INFO - Processing file /home/airflow/.local/lib/python3.7/site-packages/airflow/example_dags/example_xcomargs.py for tasks to queue
[2024-09-29T01:49:28.306+0000] {logging_mixin.py:120} INFO - [2024-09-29T01:49:28.306+0000] {dagbag.py:537} INFO - Filling up the DagBag from /home/airflow/.local/lib/python3.7/site-packages/airflow/example_dags/example_xcomargs.py
[2024-09-29T01:49:28.360+0000] {processor.py:766} INFO - DAG(s) dict_keys(['example_xcom_args', 'example_xcom_args_with_operators']) retrieved from /home/airflow/.local/lib/python3.7/site-packages/airflow/example_dags/example_xcomargs.py
[2024-09-29T01:49:28.460+0000] {logging_mixin.py:120} INFO - [2024-09-29T01:49:28.460+0000] {dag.py:2585} INFO - Sync 2 DAGs
[2024-09-29T01:49:28.528+0000] {logging_mixin.py:120} INFO - [2024-09-29T01:49:28.528+0000] {dag.py:3340} INFO - Setting next_dagrun for example_xcom_args to None, run_after=None
[2024-09-29T01:49:28.536+0000] {logging_mixin.py:120} INFO - [2024-09-29T01:49:28.535+0000] {dag.py:3340} INFO - Setting next_dagrun for example_xcom_args_with_operators to None, run_after=None
[2024-09-29T01:49:28.573+0000] {processor.py:176} INFO - Processing /home/airflow/.local/lib/python3.7/site-packages/airflow/example_dags/example_xcomargs.py took 0.276 seconds
[2024-09-29T01:50:03.298+0000] {processor.py:154} INFO - Started process (PID=52194) to work on /home/airflow/.local/lib/python3.7/site-packages/airflow/example_dags/example_xcomargs.py
[2024-09-29T01:50:03.307+0000] {processor.py:756} INFO - Processing file /home/airflow/.local/lib/python3.7/site-packages/airflow/example_dags/example_xcomargs.py for tasks to queue
[2024-09-29T01:50:03.314+0000] {logging_mixin.py:120} INFO - [2024-09-29T01:50:03.313+0000] {dagbag.py:537} INFO - Filling up the DagBag from /home/airflow/.local/lib/python3.7/site-packages/airflow/example_dags/example_xcomargs.py
[2024-09-29T01:50:03.402+0000] {processor.py:766} INFO - DAG(s) dict_keys(['example_xcom_args', 'example_xcom_args_with_operators']) retrieved from /home/airflow/.local/lib/python3.7/site-packages/airflow/example_dags/example_xcomargs.py
[2024-09-29T01:50:03.559+0000] {logging_mixin.py:120} INFO - [2024-09-29T01:50:03.558+0000] {dag.py:2585} INFO - Sync 2 DAGs
[2024-09-29T01:50:03.670+0000] {logging_mixin.py:120} INFO - [2024-09-29T01:50:03.670+0000] {dag.py:3340} INFO - Setting next_dagrun for example_xcom_args to None, run_after=None
[2024-09-29T01:50:03.684+0000] {logging_mixin.py:120} INFO - [2024-09-29T01:50:03.683+0000] {dag.py:3340} INFO - Setting next_dagrun for example_xcom_args_with_operators to None, run_after=None
[2024-09-29T01:50:03.744+0000] {processor.py:176} INFO - Processing /home/airflow/.local/lib/python3.7/site-packages/airflow/example_dags/example_xcomargs.py took 0.466 seconds
[2024-09-29T01:54:39.558+0000] {processor.py:154} INFO - Started process (PID=52257) to work on /home/airflow/.local/lib/python3.7/site-packages/airflow/example_dags/example_xcomargs.py
[2024-09-29T01:54:39.561+0000] {processor.py:756} INFO - Processing file /home/airflow/.local/lib/python3.7/site-packages/airflow/example_dags/example_xcomargs.py for tasks to queue
[2024-09-29T01:54:39.562+0000] {logging_mixin.py:120} INFO - [2024-09-29T01:54:39.562+0000] {dagbag.py:537} INFO - Filling up the DagBag from /home/airflow/.local/lib/python3.7/site-packages/airflow/example_dags/example_xcomargs.py
[2024-09-29T01:54:39.595+0000] {processor.py:766} INFO - DAG(s) dict_keys(['example_xcom_args_with_operators', 'example_xcom_args']) retrieved from /home/airflow/.local/lib/python3.7/site-packages/airflow/example_dags/example_xcomargs.py
[2024-09-29T01:54:39.656+0000] {logging_mixin.py:120} INFO - [2024-09-29T01:54:39.656+0000] {dag.py:2585} INFO - Sync 2 DAGs
[2024-09-29T01:54:39.693+0000] {logging_mixin.py:120} INFO - [2024-09-29T01:54:39.693+0000] {dag.py:3340} INFO - Setting next_dagrun for example_xcom_args to None, run_after=None
[2024-09-29T01:54:39.699+0000] {logging_mixin.py:120} INFO - [2024-09-29T01:54:39.699+0000] {dag.py:3340} INFO - Setting next_dagrun for example_xcom_args_with_operators to None, run_after=None
[2024-09-29T01:54:39.730+0000] {processor.py:176} INFO - Processing /home/airflow/.local/lib/python3.7/site-packages/airflow/example_dags/example_xcomargs.py took 0.177 seconds
[2024-09-29T03:46:10.992+0000] {processor.py:154} INFO - Started process (PID=52329) to work on /home/airflow/.local/lib/python3.7/site-packages/airflow/example_dags/example_xcomargs.py
[2024-09-29T03:46:10.995+0000] {processor.py:756} INFO - Processing file /home/airflow/.local/lib/python3.7/site-packages/airflow/example_dags/example_xcomargs.py for tasks to queue
[2024-09-29T03:46:10.996+0000] {logging_mixin.py:120} INFO - [2024-09-29T03:46:10.996+0000] {dagbag.py:537} INFO - Filling up the DagBag from /home/airflow/.local/lib/python3.7/site-packages/airflow/example_dags/example_xcomargs.py
[2024-09-29T03:46:11.041+0000] {processor.py:766} INFO - DAG(s) dict_keys(['example_xcom_args_with_operators', 'example_xcom_args']) retrieved from /home/airflow/.local/lib/python3.7/site-packages/airflow/example_dags/example_xcomargs.py
[2024-09-29T03:46:11.144+0000] {logging_mixin.py:120} INFO - [2024-09-29T03:46:11.144+0000] {dag.py:2585} INFO - Sync 2 DAGs
[2024-09-29T03:46:11.198+0000] {logging_mixin.py:120} INFO - [2024-09-29T03:46:11.198+0000] {dag.py:3340} INFO - Setting next_dagrun for example_xcom_args to None, run_after=None
[2024-09-29T03:46:11.207+0000] {logging_mixin.py:120} INFO - [2024-09-29T03:46:11.207+0000] {dag.py:3340} INFO - Setting next_dagrun for example_xcom_args_with_operators to None, run_after=None
[2024-09-29T03:46:11.245+0000] {processor.py:176} INFO - Processing /home/airflow/.local/lib/python3.7/site-packages/airflow/example_dags/example_xcomargs.py took 0.259 seconds
[2024-09-29T04:55:51.519+0000] {processor.py:154} INFO - Started process (PID=52401) to work on /home/airflow/.local/lib/python3.7/site-packages/airflow/example_dags/example_xcomargs.py
[2024-09-29T04:55:51.522+0000] {processor.py:756} INFO - Processing file /home/airflow/.local/lib/python3.7/site-packages/airflow/example_dags/example_xcomargs.py for tasks to queue
[2024-09-29T04:55:51.523+0000] {logging_mixin.py:120} INFO - [2024-09-29T04:55:51.523+0000] {dagbag.py:537} INFO - Filling up the DagBag from /home/airflow/.local/lib/python3.7/site-packages/airflow/example_dags/example_xcomargs.py
[2024-09-29T04:55:51.563+0000] {processor.py:766} INFO - DAG(s) dict_keys(['example_xcom_args', 'example_xcom_args_with_operators']) retrieved from /home/airflow/.local/lib/python3.7/site-packages/airflow/example_dags/example_xcomargs.py
[2024-09-29T04:55:51.642+0000] {logging_mixin.py:120} INFO - [2024-09-29T04:55:51.642+0000] {dag.py:2585} INFO - Sync 2 DAGs
[2024-09-29T04:55:51.694+0000] {logging_mixin.py:120} INFO - [2024-09-29T04:55:51.693+0000] {dag.py:3340} INFO - Setting next_dagrun for example_xcom_args to None, run_after=None
[2024-09-29T04:55:51.707+0000] {logging_mixin.py:120} INFO - [2024-09-29T04:55:51.707+0000] {dag.py:3340} INFO - Setting next_dagrun for example_xcom_args_with_operators to None, run_after=None
[2024-09-29T04:55:51.772+0000] {processor.py:176} INFO - Processing /home/airflow/.local/lib/python3.7/site-packages/airflow/example_dags/example_xcomargs.py took 0.259 seconds
[2024-09-29T04:56:39.235+0000] {processor.py:154} INFO - Started process (PID=52476) to work on /home/airflow/.local/lib/python3.7/site-packages/airflow/example_dags/example_xcomargs.py
[2024-09-29T04:56:39.240+0000] {processor.py:756} INFO - Processing file /home/airflow/.local/lib/python3.7/site-packages/airflow/example_dags/example_xcomargs.py for tasks to queue
[2024-09-29T04:56:39.242+0000] {logging_mixin.py:120} INFO - [2024-09-29T04:56:39.242+0000] {dagbag.py:537} INFO - Filling up the DagBag from /home/airflow/.local/lib/python3.7/site-packages/airflow/example_dags/example_xcomargs.py
[2024-09-29T04:56:39.274+0000] {processor.py:766} INFO - DAG(s) dict_keys(['example_xcom_args_with_operators', 'example_xcom_args']) retrieved from /home/airflow/.local/lib/python3.7/site-packages/airflow/example_dags/example_xcomargs.py
[2024-09-29T04:56:39.334+0000] {logging_mixin.py:120} INFO - [2024-09-29T04:56:39.334+0000] {dag.py:2585} INFO - Sync 2 DAGs
[2024-09-29T04:56:39.366+0000] {logging_mixin.py:120} INFO - [2024-09-29T04:56:39.366+0000] {dag.py:3340} INFO - Setting next_dagrun for example_xcom_args to None, run_after=None
[2024-09-29T04:56:39.372+0000] {logging_mixin.py:120} INFO - [2024-09-29T04:56:39.372+0000] {dag.py:3340} INFO - Setting next_dagrun for example_xcom_args_with_operators to None, run_after=None
[2024-09-29T04:56:39.397+0000] {processor.py:176} INFO - Processing /home/airflow/.local/lib/python3.7/site-packages/airflow/example_dags/example_xcomargs.py took 0.166 seconds
[2024-09-29T04:57:27.233+0000] {processor.py:154} INFO - Started process (PID=52537) to work on /home/airflow/.local/lib/python3.7/site-packages/airflow/example_dags/example_xcomargs.py
[2024-09-29T04:57:27.240+0000] {processor.py:756} INFO - Processing file /home/airflow/.local/lib/python3.7/site-packages/airflow/example_dags/example_xcomargs.py for tasks to queue
[2024-09-29T04:57:27.245+0000] {logging_mixin.py:120} INFO - [2024-09-29T04:57:27.245+0000] {dagbag.py:537} INFO - Filling up the DagBag from /home/airflow/.local/lib/python3.7/site-packages/airflow/example_dags/example_xcomargs.py
[2024-09-29T04:57:27.309+0000] {processor.py:766} INFO - DAG(s) dict_keys(['example_xcom_args_with_operators', 'example_xcom_args']) retrieved from /home/airflow/.local/lib/python3.7/site-packages/airflow/example_dags/example_xcomargs.py
[2024-09-29T04:57:27.425+0000] {logging_mixin.py:120} INFO - [2024-09-29T04:57:27.424+0000] {dag.py:2585} INFO - Sync 2 DAGs
[2024-09-29T04:57:27.525+0000] {logging_mixin.py:120} INFO - [2024-09-29T04:57:27.525+0000] {dag.py:3340} INFO - Setting next_dagrun for example_xcom_args to None, run_after=None
[2024-09-29T04:57:27.542+0000] {logging_mixin.py:120} INFO - [2024-09-29T04:57:27.542+0000] {dag.py:3340} INFO - Setting next_dagrun for example_xcom_args_with_operators to None, run_after=None
[2024-09-29T04:57:27.587+0000] {processor.py:176} INFO - Processing /home/airflow/.local/lib/python3.7/site-packages/airflow/example_dags/example_xcomargs.py took 0.363 seconds
[2024-09-29T04:58:10.878+0000] {processor.py:154} INFO - Started process (PID=52592) to work on /home/airflow/.local/lib/python3.7/site-packages/airflow/example_dags/example_xcomargs.py
[2024-09-29T04:58:10.882+0000] {processor.py:756} INFO - Processing file /home/airflow/.local/lib/python3.7/site-packages/airflow/example_dags/example_xcomargs.py for tasks to queue
[2024-09-29T04:58:10.883+0000] {logging_mixin.py:120} INFO - [2024-09-29T04:58:10.883+0000] {dagbag.py:537} INFO - Filling up the DagBag from /home/airflow/.local/lib/python3.7/site-packages/airflow/example_dags/example_xcomargs.py
[2024-09-29T04:58:10.916+0000] {processor.py:766} INFO - DAG(s) dict_keys(['example_xcom_args_with_operators', 'example_xcom_args']) retrieved from /home/airflow/.local/lib/python3.7/site-packages/airflow/example_dags/example_xcomargs.py
[2024-09-29T04:58:17.991+0000] {logging_mixin.py:120} INFO - [2024-09-29T04:58:17.978+0000] {dag.py:2585} INFO - Sync 2 DAGs
[2024-09-29T04:58:18.315+0000] {logging_mixin.py:120} INFO - [2024-09-29T04:58:18.315+0000] {dag.py:3340} INFO - Setting next_dagrun for example_xcom_args to None, run_after=None
[2024-09-29T04:58:18.331+0000] {logging_mixin.py:120} INFO - [2024-09-29T04:58:18.331+0000] {dag.py:3340} INFO - Setting next_dagrun for example_xcom_args_with_operators to None, run_after=None
[2024-09-29T04:58:18.445+0000] {processor.py:176} INFO - Processing /home/airflow/.local/lib/python3.7/site-packages/airflow/example_dags/example_xcomargs.py took 7.573 seconds
[2024-09-29T04:59:11.715+0000] {processor.py:154} INFO - Started process (PID=52664) to work on /home/airflow/.local/lib/python3.7/site-packages/airflow/example_dags/example_xcomargs.py
[2024-09-29T04:59:11.718+0000] {processor.py:756} INFO - Processing file /home/airflow/.local/lib/python3.7/site-packages/airflow/example_dags/example_xcomargs.py for tasks to queue
[2024-09-29T04:59:11.719+0000] {logging_mixin.py:120} INFO - [2024-09-29T04:59:11.719+0000] {dagbag.py:537} INFO - Filling up the DagBag from /home/airflow/.local/lib/python3.7/site-packages/airflow/example_dags/example_xcomargs.py
[2024-09-29T04:59:11.764+0000] {processor.py:766} INFO - DAG(s) dict_keys(['example_xcom_args', 'example_xcom_args_with_operators']) retrieved from /home/airflow/.local/lib/python3.7/site-packages/airflow/example_dags/example_xcomargs.py
[2024-09-29T04:59:11.865+0000] {logging_mixin.py:120} INFO - [2024-09-29T04:59:11.865+0000] {dag.py:2585} INFO - Sync 2 DAGs
[2024-09-29T04:59:11.905+0000] {logging_mixin.py:120} INFO - [2024-09-29T04:59:11.905+0000] {dag.py:3340} INFO - Setting next_dagrun for example_xcom_args to None, run_after=None
[2024-09-29T04:59:11.910+0000] {logging_mixin.py:120} INFO - [2024-09-29T04:59:11.909+0000] {dag.py:3340} INFO - Setting next_dagrun for example_xcom_args_with_operators to None, run_after=None
[2024-09-29T04:59:11.935+0000] {processor.py:176} INFO - Processing /home/airflow/.local/lib/python3.7/site-packages/airflow/example_dags/example_xcomargs.py took 0.226 seconds
[2024-09-29T05:00:00.516+0000] {processor.py:154} INFO - Started process (PID=52725) to work on /home/airflow/.local/lib/python3.7/site-packages/airflow/example_dags/example_xcomargs.py
[2024-09-29T05:00:00.522+0000] {processor.py:756} INFO - Processing file /home/airflow/.local/lib/python3.7/site-packages/airflow/example_dags/example_xcomargs.py for tasks to queue
[2024-09-29T05:00:00.524+0000] {logging_mixin.py:120} INFO - [2024-09-29T05:00:00.524+0000] {dagbag.py:537} INFO - Filling up the DagBag from /home/airflow/.local/lib/python3.7/site-packages/airflow/example_dags/example_xcomargs.py
[2024-09-29T05:00:00.586+0000] {processor.py:766} INFO - DAG(s) dict_keys(['example_xcom_args', 'example_xcom_args_with_operators']) retrieved from /home/airflow/.local/lib/python3.7/site-packages/airflow/example_dags/example_xcomargs.py
[2024-09-29T05:00:00.714+0000] {logging_mixin.py:120} INFO - [2024-09-29T05:00:00.714+0000] {dag.py:2585} INFO - Sync 2 DAGs
[2024-09-29T05:00:00.793+0000] {logging_mixin.py:120} INFO - [2024-09-29T05:00:00.793+0000] {dag.py:3340} INFO - Setting next_dagrun for example_xcom_args to None, run_after=None
[2024-09-29T05:00:00.806+0000] {logging_mixin.py:120} INFO - [2024-09-29T05:00:00.805+0000] {dag.py:3340} INFO - Setting next_dagrun for example_xcom_args_with_operators to None, run_after=None
[2024-09-29T05:00:00.853+0000] {processor.py:176} INFO - Processing /home/airflow/.local/lib/python3.7/site-packages/airflow/example_dags/example_xcomargs.py took 0.346 seconds
[2024-09-29T05:00:43.320+0000] {processor.py:154} INFO - Started process (PID=52781) to work on /home/airflow/.local/lib/python3.7/site-packages/airflow/example_dags/example_xcomargs.py
[2024-09-29T05:00:43.328+0000] {processor.py:756} INFO - Processing file /home/airflow/.local/lib/python3.7/site-packages/airflow/example_dags/example_xcomargs.py for tasks to queue
[2024-09-29T05:00:43.331+0000] {logging_mixin.py:120} INFO - [2024-09-29T05:00:43.330+0000] {dagbag.py:537} INFO - Filling up the DagBag from /home/airflow/.local/lib/python3.7/site-packages/airflow/example_dags/example_xcomargs.py
[2024-09-29T05:00:43.403+0000] {processor.py:766} INFO - DAG(s) dict_keys(['example_xcom_args', 'example_xcom_args_with_operators']) retrieved from /home/airflow/.local/lib/python3.7/site-packages/airflow/example_dags/example_xcomargs.py
[2024-09-29T05:00:43.466+0000] {logging_mixin.py:120} INFO - [2024-09-29T05:00:43.466+0000] {dag.py:2585} INFO - Sync 2 DAGs
[2024-09-29T05:00:43.507+0000] {logging_mixin.py:120} INFO - [2024-09-29T05:00:43.507+0000] {dag.py:3340} INFO - Setting next_dagrun for example_xcom_args to None, run_after=None
[2024-09-29T05:00:43.515+0000] {logging_mixin.py:120} INFO - [2024-09-29T05:00:43.515+0000] {dag.py:3340} INFO - Setting next_dagrun for example_xcom_args_with_operators to None, run_after=None
[2024-09-29T05:00:43.549+0000] {processor.py:176} INFO - Processing /home/airflow/.local/lib/python3.7/site-packages/airflow/example_dags/example_xcomargs.py took 0.242 seconds
[2024-09-29T05:01:34.049+0000] {processor.py:154} INFO - Started process (PID=52843) to work on /home/airflow/.local/lib/python3.7/site-packages/airflow/example_dags/example_xcomargs.py
[2024-09-29T05:01:34.051+0000] {processor.py:756} INFO - Processing file /home/airflow/.local/lib/python3.7/site-packages/airflow/example_dags/example_xcomargs.py for tasks to queue
[2024-09-29T05:01:34.052+0000] {logging_mixin.py:120} INFO - [2024-09-29T05:01:34.052+0000] {dagbag.py:537} INFO - Filling up the DagBag from /home/airflow/.local/lib/python3.7/site-packages/airflow/example_dags/example_xcomargs.py
[2024-09-29T05:01:34.087+0000] {processor.py:766} INFO - DAG(s) dict_keys(['example_xcom_args', 'example_xcom_args_with_operators']) retrieved from /home/airflow/.local/lib/python3.7/site-packages/airflow/example_dags/example_xcomargs.py
[2024-09-29T05:01:34.149+0000] {logging_mixin.py:120} INFO - [2024-09-29T05:01:34.149+0000] {dag.py:2585} INFO - Sync 2 DAGs
[2024-09-29T05:01:34.181+0000] {logging_mixin.py:120} INFO - [2024-09-29T05:01:34.181+0000] {dag.py:3340} INFO - Setting next_dagrun for example_xcom_args to None, run_after=None
[2024-09-29T05:01:34.185+0000] {logging_mixin.py:120} INFO - [2024-09-29T05:01:34.185+0000] {dag.py:3340} INFO - Setting next_dagrun for example_xcom_args_with_operators to None, run_after=None
[2024-09-29T05:01:34.210+0000] {processor.py:176} INFO - Processing /home/airflow/.local/lib/python3.7/site-packages/airflow/example_dags/example_xcomargs.py took 0.165 seconds
[2024-09-29T05:02:32.380+0000] {processor.py:154} INFO - Started process (PID=52913) to work on /home/airflow/.local/lib/python3.7/site-packages/airflow/example_dags/example_xcomargs.py
[2024-09-29T05:02:32.392+0000] {processor.py:756} INFO - Processing file /home/airflow/.local/lib/python3.7/site-packages/airflow/example_dags/example_xcomargs.py for tasks to queue
[2024-09-29T05:02:32.394+0000] {logging_mixin.py:120} INFO - [2024-09-29T05:02:32.394+0000] {dagbag.py:537} INFO - Filling up the DagBag from /home/airflow/.local/lib/python3.7/site-packages/airflow/example_dags/example_xcomargs.py
[2024-09-29T05:02:32.452+0000] {processor.py:766} INFO - DAG(s) dict_keys(['example_xcom_args', 'example_xcom_args_with_operators']) retrieved from /home/airflow/.local/lib/python3.7/site-packages/airflow/example_dags/example_xcomargs.py
[2024-09-29T05:02:32.561+0000] {logging_mixin.py:120} INFO - [2024-09-29T05:02:32.560+0000] {dag.py:2585} INFO - Sync 2 DAGs
[2024-09-29T05:02:32.627+0000] {logging_mixin.py:120} INFO - [2024-09-29T05:02:32.627+0000] {dag.py:3340} INFO - Setting next_dagrun for example_xcom_args to None, run_after=None
[2024-09-29T05:02:32.638+0000] {logging_mixin.py:120} INFO - [2024-09-29T05:02:32.638+0000] {dag.py:3340} INFO - Setting next_dagrun for example_xcom_args_with_operators to None, run_after=None
[2024-09-29T05:02:32.670+0000] {processor.py:176} INFO - Processing /home/airflow/.local/lib/python3.7/site-packages/airflow/example_dags/example_xcomargs.py took 0.300 seconds
[2024-09-29T05:03:24.862+0000] {processor.py:154} INFO - Started process (PID=52979) to work on /home/airflow/.local/lib/python3.7/site-packages/airflow/example_dags/example_xcomargs.py
[2024-09-29T05:03:24.866+0000] {processor.py:756} INFO - Processing file /home/airflow/.local/lib/python3.7/site-packages/airflow/example_dags/example_xcomargs.py for tasks to queue
[2024-09-29T05:03:24.867+0000] {logging_mixin.py:120} INFO - [2024-09-29T05:03:24.867+0000] {dagbag.py:537} INFO - Filling up the DagBag from /home/airflow/.local/lib/python3.7/site-packages/airflow/example_dags/example_xcomargs.py
[2024-09-29T05:03:24.907+0000] {processor.py:766} INFO - DAG(s) dict_keys(['example_xcom_args', 'example_xcom_args_with_operators']) retrieved from /home/airflow/.local/lib/python3.7/site-packages/airflow/example_dags/example_xcomargs.py
[2024-09-29T05:03:24.994+0000] {logging_mixin.py:120} INFO - [2024-09-29T05:03:24.994+0000] {dag.py:2585} INFO - Sync 2 DAGs
[2024-09-29T05:03:25.058+0000] {logging_mixin.py:120} INFO - [2024-09-29T05:03:25.057+0000] {dag.py:3340} INFO - Setting next_dagrun for example_xcom_args to None, run_after=None
[2024-09-29T05:03:25.063+0000] {logging_mixin.py:120} INFO - [2024-09-29T05:03:25.063+0000] {dag.py:3340} INFO - Setting next_dagrun for example_xcom_args_with_operators to None, run_after=None
[2024-09-29T05:03:25.088+0000] {processor.py:176} INFO - Processing /home/airflow/.local/lib/python3.7/site-packages/airflow/example_dags/example_xcomargs.py took 0.232 seconds
[2024-09-29T05:04:16.184+0000] {processor.py:154} INFO - Started process (PID=53041) to work on /home/airflow/.local/lib/python3.7/site-packages/airflow/example_dags/example_xcomargs.py
[2024-09-29T05:04:16.186+0000] {processor.py:756} INFO - Processing file /home/airflow/.local/lib/python3.7/site-packages/airflow/example_dags/example_xcomargs.py for tasks to queue
[2024-09-29T05:04:16.187+0000] {logging_mixin.py:120} INFO - [2024-09-29T05:04:16.187+0000] {dagbag.py:537} INFO - Filling up the DagBag from /home/airflow/.local/lib/python3.7/site-packages/airflow/example_dags/example_xcomargs.py
[2024-09-29T05:04:16.222+0000] {processor.py:766} INFO - DAG(s) dict_keys(['example_xcom_args', 'example_xcom_args_with_operators']) retrieved from /home/airflow/.local/lib/python3.7/site-packages/airflow/example_dags/example_xcomargs.py
[2024-09-29T05:04:16.284+0000] {logging_mixin.py:120} INFO - [2024-09-29T05:04:16.284+0000] {dag.py:2585} INFO - Sync 2 DAGs
[2024-09-29T05:04:16.330+0000] {logging_mixin.py:120} INFO - [2024-09-29T05:04:16.330+0000] {dag.py:3340} INFO - Setting next_dagrun for example_xcom_args to None, run_after=None
[2024-09-29T05:04:16.335+0000] {logging_mixin.py:120} INFO - [2024-09-29T05:04:16.334+0000] {dag.py:3340} INFO - Setting next_dagrun for example_xcom_args_with_operators to None, run_after=None
[2024-09-29T05:04:16.362+0000] {processor.py:176} INFO - Processing /home/airflow/.local/lib/python3.7/site-packages/airflow/example_dags/example_xcomargs.py took 0.184 seconds
[2024-09-29T05:05:06.759+0000] {processor.py:154} INFO - Started process (PID=53104) to work on /home/airflow/.local/lib/python3.7/site-packages/airflow/example_dags/example_xcomargs.py
[2024-09-29T05:05:06.761+0000] {processor.py:756} INFO - Processing file /home/airflow/.local/lib/python3.7/site-packages/airflow/example_dags/example_xcomargs.py for tasks to queue
[2024-09-29T05:05:06.762+0000] {logging_mixin.py:120} INFO - [2024-09-29T05:05:06.762+0000] {dagbag.py:537} INFO - Filling up the DagBag from /home/airflow/.local/lib/python3.7/site-packages/airflow/example_dags/example_xcomargs.py
[2024-09-29T05:05:06.795+0000] {processor.py:766} INFO - DAG(s) dict_keys(['example_xcom_args', 'example_xcom_args_with_operators']) retrieved from /home/airflow/.local/lib/python3.7/site-packages/airflow/example_dags/example_xcomargs.py
[2024-09-29T05:05:06.845+0000] {logging_mixin.py:120} INFO - [2024-09-29T05:05:06.845+0000] {dag.py:2585} INFO - Sync 2 DAGs
[2024-09-29T05:05:06.878+0000] {logging_mixin.py:120} INFO - [2024-09-29T05:05:06.878+0000] {dag.py:3340} INFO - Setting next_dagrun for example_xcom_args to None, run_after=None
[2024-09-29T05:05:06.881+0000] {logging_mixin.py:120} INFO - [2024-09-29T05:05:06.881+0000] {dag.py:3340} INFO - Setting next_dagrun for example_xcom_args_with_operators to None, run_after=None
[2024-09-29T05:05:06.904+0000] {processor.py:176} INFO - Processing /home/airflow/.local/lib/python3.7/site-packages/airflow/example_dags/example_xcomargs.py took 0.148 seconds
[2024-09-29T05:05:57.542+0000] {processor.py:154} INFO - Started process (PID=53167) to work on /home/airflow/.local/lib/python3.7/site-packages/airflow/example_dags/example_xcomargs.py
[2024-09-29T05:05:57.545+0000] {processor.py:756} INFO - Processing file /home/airflow/.local/lib/python3.7/site-packages/airflow/example_dags/example_xcomargs.py for tasks to queue
[2024-09-29T05:05:57.546+0000] {logging_mixin.py:120} INFO - [2024-09-29T05:05:57.546+0000] {dagbag.py:537} INFO - Filling up the DagBag from /home/airflow/.local/lib/python3.7/site-packages/airflow/example_dags/example_xcomargs.py
[2024-09-29T05:05:57.578+0000] {processor.py:766} INFO - DAG(s) dict_keys(['example_xcom_args_with_operators', 'example_xcom_args']) retrieved from /home/airflow/.local/lib/python3.7/site-packages/airflow/example_dags/example_xcomargs.py
[2024-09-29T05:05:57.639+0000] {logging_mixin.py:120} INFO - [2024-09-29T05:05:57.639+0000] {dag.py:2585} INFO - Sync 2 DAGs
[2024-09-29T05:05:57.679+0000] {logging_mixin.py:120} INFO - [2024-09-29T05:05:57.679+0000] {dag.py:3340} INFO - Setting next_dagrun for example_xcom_args to None, run_after=None
[2024-09-29T05:05:57.686+0000] {logging_mixin.py:120} INFO - [2024-09-29T05:05:57.686+0000] {dag.py:3340} INFO - Setting next_dagrun for example_xcom_args_with_operators to None, run_after=None
[2024-09-29T05:05:57.711+0000] {processor.py:176} INFO - Processing /home/airflow/.local/lib/python3.7/site-packages/airflow/example_dags/example_xcomargs.py took 0.173 seconds
[2024-09-29T05:06:49.648+0000] {processor.py:154} INFO - Started process (PID=53230) to work on /home/airflow/.local/lib/python3.7/site-packages/airflow/example_dags/example_xcomargs.py
[2024-09-29T05:06:49.650+0000] {processor.py:756} INFO - Processing file /home/airflow/.local/lib/python3.7/site-packages/airflow/example_dags/example_xcomargs.py for tasks to queue
[2024-09-29T05:06:49.652+0000] {logging_mixin.py:120} INFO - [2024-09-29T05:06:49.651+0000] {dagbag.py:537} INFO - Filling up the DagBag from /home/airflow/.local/lib/python3.7/site-packages/airflow/example_dags/example_xcomargs.py
[2024-09-29T05:06:49.685+0000] {processor.py:766} INFO - DAG(s) dict_keys(['example_xcom_args_with_operators', 'example_xcom_args']) retrieved from /home/airflow/.local/lib/python3.7/site-packages/airflow/example_dags/example_xcomargs.py
[2024-09-29T05:06:49.740+0000] {logging_mixin.py:120} INFO - [2024-09-29T05:06:49.740+0000] {dag.py:2585} INFO - Sync 2 DAGs
[2024-09-29T05:06:49.773+0000] {logging_mixin.py:120} INFO - [2024-09-29T05:06:49.773+0000] {dag.py:3340} INFO - Setting next_dagrun for example_xcom_args to None, run_after=None
[2024-09-29T05:06:49.777+0000] {logging_mixin.py:120} INFO - [2024-09-29T05:06:49.776+0000] {dag.py:3340} INFO - Setting next_dagrun for example_xcom_args_with_operators to None, run_after=None
[2024-09-29T05:06:49.802+0000] {processor.py:176} INFO - Processing /home/airflow/.local/lib/python3.7/site-packages/airflow/example_dags/example_xcomargs.py took 0.158 seconds
[2024-09-29T05:07:39.744+0000] {processor.py:154} INFO - Started process (PID=53292) to work on /home/airflow/.local/lib/python3.7/site-packages/airflow/example_dags/example_xcomargs.py
[2024-09-29T05:07:39.748+0000] {processor.py:756} INFO - Processing file /home/airflow/.local/lib/python3.7/site-packages/airflow/example_dags/example_xcomargs.py for tasks to queue
[2024-09-29T05:07:39.749+0000] {logging_mixin.py:120} INFO - [2024-09-29T05:07:39.749+0000] {dagbag.py:537} INFO - Filling up the DagBag from /home/airflow/.local/lib/python3.7/site-packages/airflow/example_dags/example_xcomargs.py
[2024-09-29T05:07:39.781+0000] {processor.py:766} INFO - DAG(s) dict_keys(['example_xcom_args_with_operators', 'example_xcom_args']) retrieved from /home/airflow/.local/lib/python3.7/site-packages/airflow/example_dags/example_xcomargs.py
[2024-09-29T05:07:39.838+0000] {logging_mixin.py:120} INFO - [2024-09-29T05:07:39.838+0000] {dag.py:2585} INFO - Sync 2 DAGs
[2024-09-29T05:07:39.873+0000] {logging_mixin.py:120} INFO - [2024-09-29T05:07:39.873+0000] {dag.py:3340} INFO - Setting next_dagrun for example_xcom_args to None, run_after=None
[2024-09-29T05:07:39.877+0000] {logging_mixin.py:120} INFO - [2024-09-29T05:07:39.877+0000] {dag.py:3340} INFO - Setting next_dagrun for example_xcom_args_with_operators to None, run_after=None
[2024-09-29T05:07:39.898+0000] {processor.py:176} INFO - Processing /home/airflow/.local/lib/python3.7/site-packages/airflow/example_dags/example_xcomargs.py took 0.157 seconds
[2024-09-29T05:08:31.093+0000] {processor.py:154} INFO - Started process (PID=53354) to work on /home/airflow/.local/lib/python3.7/site-packages/airflow/example_dags/example_xcomargs.py
[2024-09-29T05:08:31.096+0000] {processor.py:756} INFO - Processing file /home/airflow/.local/lib/python3.7/site-packages/airflow/example_dags/example_xcomargs.py for tasks to queue
[2024-09-29T05:08:31.098+0000] {logging_mixin.py:120} INFO - [2024-09-29T05:08:31.098+0000] {dagbag.py:537} INFO - Filling up the DagBag from /home/airflow/.local/lib/python3.7/site-packages/airflow/example_dags/example_xcomargs.py
[2024-09-29T05:08:31.130+0000] {processor.py:766} INFO - DAG(s) dict_keys(['example_xcom_args_with_operators', 'example_xcom_args']) retrieved from /home/airflow/.local/lib/python3.7/site-packages/airflow/example_dags/example_xcomargs.py
[2024-09-29T05:08:31.189+0000] {logging_mixin.py:120} INFO - [2024-09-29T05:08:31.188+0000] {dag.py:2585} INFO - Sync 2 DAGs
[2024-09-29T05:08:31.219+0000] {logging_mixin.py:120} INFO - [2024-09-29T05:08:31.219+0000] {dag.py:3340} INFO - Setting next_dagrun for example_xcom_args to None, run_after=None
[2024-09-29T05:08:31.224+0000] {logging_mixin.py:120} INFO - [2024-09-29T05:08:31.224+0000] {dag.py:3340} INFO - Setting next_dagrun for example_xcom_args_with_operators to None, run_after=None
[2024-09-29T05:08:31.249+0000] {processor.py:176} INFO - Processing /home/airflow/.local/lib/python3.7/site-packages/airflow/example_dags/example_xcomargs.py took 0.171 seconds
[2024-09-29T05:09:21.560+0000] {processor.py:154} INFO - Started process (PID=53417) to work on /home/airflow/.local/lib/python3.7/site-packages/airflow/example_dags/example_xcomargs.py
[2024-09-29T05:09:21.563+0000] {processor.py:756} INFO - Processing file /home/airflow/.local/lib/python3.7/site-packages/airflow/example_dags/example_xcomargs.py for tasks to queue
[2024-09-29T05:09:21.564+0000] {logging_mixin.py:120} INFO - [2024-09-29T05:09:21.564+0000] {dagbag.py:537} INFO - Filling up the DagBag from /home/airflow/.local/lib/python3.7/site-packages/airflow/example_dags/example_xcomargs.py
[2024-09-29T05:09:21.597+0000] {processor.py:766} INFO - DAG(s) dict_keys(['example_xcom_args', 'example_xcom_args_with_operators']) retrieved from /home/airflow/.local/lib/python3.7/site-packages/airflow/example_dags/example_xcomargs.py
[2024-09-29T05:09:21.664+0000] {logging_mixin.py:120} INFO - [2024-09-29T05:09:21.664+0000] {dag.py:2585} INFO - Sync 2 DAGs
[2024-09-29T05:09:21.702+0000] {logging_mixin.py:120} INFO - [2024-09-29T05:09:21.702+0000] {dag.py:3340} INFO - Setting next_dagrun for example_xcom_args to None, run_after=None
[2024-09-29T05:09:21.706+0000] {logging_mixin.py:120} INFO - [2024-09-29T05:09:21.706+0000] {dag.py:3340} INFO - Setting next_dagrun for example_xcom_args_with_operators to None, run_after=None
[2024-09-29T05:09:21.736+0000] {processor.py:176} INFO - Processing /home/airflow/.local/lib/python3.7/site-packages/airflow/example_dags/example_xcomargs.py took 0.180 seconds
[2024-09-29T05:10:12.929+0000] {processor.py:154} INFO - Started process (PID=53480) to work on /home/airflow/.local/lib/python3.7/site-packages/airflow/example_dags/example_xcomargs.py
[2024-09-29T05:10:12.931+0000] {processor.py:756} INFO - Processing file /home/airflow/.local/lib/python3.7/site-packages/airflow/example_dags/example_xcomargs.py for tasks to queue
[2024-09-29T05:10:12.933+0000] {logging_mixin.py:120} INFO - [2024-09-29T05:10:12.933+0000] {dagbag.py:537} INFO - Filling up the DagBag from /home/airflow/.local/lib/python3.7/site-packages/airflow/example_dags/example_xcomargs.py
[2024-09-29T05:10:12.963+0000] {processor.py:766} INFO - DAG(s) dict_keys(['example_xcom_args', 'example_xcom_args_with_operators']) retrieved from /home/airflow/.local/lib/python3.7/site-packages/airflow/example_dags/example_xcomargs.py
[2024-09-29T05:10:13.026+0000] {logging_mixin.py:120} INFO - [2024-09-29T05:10:13.026+0000] {dag.py:2585} INFO - Sync 2 DAGs
[2024-09-29T05:10:13.059+0000] {logging_mixin.py:120} INFO - [2024-09-29T05:10:13.059+0000] {dag.py:3340} INFO - Setting next_dagrun for example_xcom_args to None, run_after=None
[2024-09-29T05:10:13.063+0000] {logging_mixin.py:120} INFO - [2024-09-29T05:10:13.063+0000] {dag.py:3340} INFO - Setting next_dagrun for example_xcom_args_with_operators to None, run_after=None
[2024-09-29T05:10:13.087+0000] {processor.py:176} INFO - Processing /home/airflow/.local/lib/python3.7/site-packages/airflow/example_dags/example_xcomargs.py took 0.161 seconds
[2024-09-29T05:11:03.240+0000] {processor.py:154} INFO - Started process (PID=53543) to work on /home/airflow/.local/lib/python3.7/site-packages/airflow/example_dags/example_xcomargs.py
[2024-09-29T05:11:03.242+0000] {processor.py:756} INFO - Processing file /home/airflow/.local/lib/python3.7/site-packages/airflow/example_dags/example_xcomargs.py for tasks to queue
[2024-09-29T05:11:03.245+0000] {logging_mixin.py:120} INFO - [2024-09-29T05:11:03.245+0000] {dagbag.py:537} INFO - Filling up the DagBag from /home/airflow/.local/lib/python3.7/site-packages/airflow/example_dags/example_xcomargs.py
[2024-09-29T05:11:03.279+0000] {processor.py:766} INFO - DAG(s) dict_keys(['example_xcom_args', 'example_xcom_args_with_operators']) retrieved from /home/airflow/.local/lib/python3.7/site-packages/airflow/example_dags/example_xcomargs.py
[2024-09-29T05:11:03.346+0000] {logging_mixin.py:120} INFO - [2024-09-29T05:11:03.346+0000] {dag.py:2585} INFO - Sync 2 DAGs
[2024-09-29T05:11:03.382+0000] {logging_mixin.py:120} INFO - [2024-09-29T05:11:03.382+0000] {dag.py:3340} INFO - Setting next_dagrun for example_xcom_args to None, run_after=None
[2024-09-29T05:11:03.388+0000] {logging_mixin.py:120} INFO - [2024-09-29T05:11:03.387+0000] {dag.py:3340} INFO - Setting next_dagrun for example_xcom_args_with_operators to None, run_after=None
[2024-09-29T05:11:03.417+0000] {processor.py:176} INFO - Processing /home/airflow/.local/lib/python3.7/site-packages/airflow/example_dags/example_xcomargs.py took 0.182 seconds
[2024-09-29T05:12:03.398+0000] {processor.py:154} INFO - Started process (PID=53606) to work on /home/airflow/.local/lib/python3.7/site-packages/airflow/example_dags/example_xcomargs.py
[2024-09-29T05:12:03.401+0000] {processor.py:756} INFO - Processing file /home/airflow/.local/lib/python3.7/site-packages/airflow/example_dags/example_xcomargs.py for tasks to queue
[2024-09-29T05:12:03.402+0000] {logging_mixin.py:120} INFO - [2024-09-29T05:12:03.401+0000] {dagbag.py:537} INFO - Filling up the DagBag from /home/airflow/.local/lib/python3.7/site-packages/airflow/example_dags/example_xcomargs.py
[2024-09-29T05:12:03.435+0000] {processor.py:766} INFO - DAG(s) dict_keys(['example_xcom_args', 'example_xcom_args_with_operators']) retrieved from /home/airflow/.local/lib/python3.7/site-packages/airflow/example_dags/example_xcomargs.py
[2024-09-29T05:12:03.505+0000] {logging_mixin.py:120} INFO - [2024-09-29T05:12:03.504+0000] {dag.py:2585} INFO - Sync 2 DAGs
[2024-09-29T05:12:03.547+0000] {logging_mixin.py:120} INFO - [2024-09-29T05:12:03.546+0000] {dag.py:3340} INFO - Setting next_dagrun for example_xcom_args to None, run_after=None
[2024-09-29T05:12:03.552+0000] {logging_mixin.py:120} INFO - [2024-09-29T05:12:03.552+0000] {dag.py:3340} INFO - Setting next_dagrun for example_xcom_args_with_operators to None, run_after=None
[2024-09-29T05:12:03.578+0000] {processor.py:176} INFO - Processing /home/airflow/.local/lib/python3.7/site-packages/airflow/example_dags/example_xcomargs.py took 0.184 seconds
[2024-09-29T05:12:53.370+0000] {processor.py:154} INFO - Started process (PID=53669) to work on /home/airflow/.local/lib/python3.7/site-packages/airflow/example_dags/example_xcomargs.py
[2024-09-29T05:12:53.373+0000] {processor.py:756} INFO - Processing file /home/airflow/.local/lib/python3.7/site-packages/airflow/example_dags/example_xcomargs.py for tasks to queue
[2024-09-29T05:12:53.374+0000] {logging_mixin.py:120} INFO - [2024-09-29T05:12:53.374+0000] {dagbag.py:537} INFO - Filling up the DagBag from /home/airflow/.local/lib/python3.7/site-packages/airflow/example_dags/example_xcomargs.py
[2024-09-29T05:12:53.411+0000] {processor.py:766} INFO - DAG(s) dict_keys(['example_xcom_args_with_operators', 'example_xcom_args']) retrieved from /home/airflow/.local/lib/python3.7/site-packages/airflow/example_dags/example_xcomargs.py
[2024-09-29T05:12:53.473+0000] {logging_mixin.py:120} INFO - [2024-09-29T05:12:53.472+0000] {dag.py:2585} INFO - Sync 2 DAGs
[2024-09-29T05:12:53.507+0000] {logging_mixin.py:120} INFO - [2024-09-29T05:12:53.507+0000] {dag.py:3340} INFO - Setting next_dagrun for example_xcom_args to None, run_after=None
[2024-09-29T05:12:53.516+0000] {logging_mixin.py:120} INFO - [2024-09-29T05:12:53.515+0000] {dag.py:3340} INFO - Setting next_dagrun for example_xcom_args_with_operators to None, run_after=None
[2024-09-29T05:12:53.555+0000] {processor.py:176} INFO - Processing /home/airflow/.local/lib/python3.7/site-packages/airflow/example_dags/example_xcomargs.py took 0.190 seconds
[2024-09-29T05:13:44.269+0000] {processor.py:154} INFO - Started process (PID=53733) to work on /home/airflow/.local/lib/python3.7/site-packages/airflow/example_dags/example_xcomargs.py
[2024-09-29T05:13:44.271+0000] {processor.py:756} INFO - Processing file /home/airflow/.local/lib/python3.7/site-packages/airflow/example_dags/example_xcomargs.py for tasks to queue
[2024-09-29T05:13:44.272+0000] {logging_mixin.py:120} INFO - [2024-09-29T05:13:44.272+0000] {dagbag.py:537} INFO - Filling up the DagBag from /home/airflow/.local/lib/python3.7/site-packages/airflow/example_dags/example_xcomargs.py
[2024-09-29T05:13:44.302+0000] {processor.py:766} INFO - DAG(s) dict_keys(['example_xcom_args_with_operators', 'example_xcom_args']) retrieved from /home/airflow/.local/lib/python3.7/site-packages/airflow/example_dags/example_xcomargs.py
[2024-09-29T05:13:44.364+0000] {logging_mixin.py:120} INFO - [2024-09-29T05:13:44.364+0000] {dag.py:2585} INFO - Sync 2 DAGs
[2024-09-29T05:13:44.402+0000] {logging_mixin.py:120} INFO - [2024-09-29T05:13:44.401+0000] {dag.py:3340} INFO - Setting next_dagrun for example_xcom_args to None, run_after=None
[2024-09-29T05:13:44.406+0000] {logging_mixin.py:120} INFO - [2024-09-29T05:13:44.406+0000] {dag.py:3340} INFO - Setting next_dagrun for example_xcom_args_with_operators to None, run_after=None
[2024-09-29T05:13:44.426+0000] {processor.py:176} INFO - Processing /home/airflow/.local/lib/python3.7/site-packages/airflow/example_dags/example_xcomargs.py took 0.161 seconds
[2024-09-29T05:14:35.965+0000] {processor.py:154} INFO - Started process (PID=53796) to work on /home/airflow/.local/lib/python3.7/site-packages/airflow/example_dags/example_xcomargs.py
[2024-09-29T05:14:35.967+0000] {processor.py:756} INFO - Processing file /home/airflow/.local/lib/python3.7/site-packages/airflow/example_dags/example_xcomargs.py for tasks to queue
[2024-09-29T05:14:35.968+0000] {logging_mixin.py:120} INFO - [2024-09-29T05:14:35.968+0000] {dagbag.py:537} INFO - Filling up the DagBag from /home/airflow/.local/lib/python3.7/site-packages/airflow/example_dags/example_xcomargs.py
[2024-09-29T05:14:36.003+0000] {processor.py:766} INFO - DAG(s) dict_keys(['example_xcom_args_with_operators', 'example_xcom_args']) retrieved from /home/airflow/.local/lib/python3.7/site-packages/airflow/example_dags/example_xcomargs.py
[2024-09-29T05:14:36.060+0000] {logging_mixin.py:120} INFO - [2024-09-29T05:14:36.060+0000] {dag.py:2585} INFO - Sync 2 DAGs
[2024-09-29T05:14:36.096+0000] {logging_mixin.py:120} INFO - [2024-09-29T05:14:36.096+0000] {dag.py:3340} INFO - Setting next_dagrun for example_xcom_args to None, run_after=None
[2024-09-29T05:14:36.104+0000] {logging_mixin.py:120} INFO - [2024-09-29T05:14:36.104+0000] {dag.py:3340} INFO - Setting next_dagrun for example_xcom_args_with_operators to None, run_after=None
[2024-09-29T05:14:36.136+0000] {processor.py:176} INFO - Processing /home/airflow/.local/lib/python3.7/site-packages/airflow/example_dags/example_xcomargs.py took 0.174 seconds
[2024-09-29T05:15:28.370+0000] {processor.py:154} INFO - Started process (PID=53860) to work on /home/airflow/.local/lib/python3.7/site-packages/airflow/example_dags/example_xcomargs.py
[2024-09-29T05:15:28.373+0000] {processor.py:756} INFO - Processing file /home/airflow/.local/lib/python3.7/site-packages/airflow/example_dags/example_xcomargs.py for tasks to queue
[2024-09-29T05:15:28.374+0000] {logging_mixin.py:120} INFO - [2024-09-29T05:15:28.374+0000] {dagbag.py:537} INFO - Filling up the DagBag from /home/airflow/.local/lib/python3.7/site-packages/airflow/example_dags/example_xcomargs.py
[2024-09-29T05:15:28.412+0000] {processor.py:766} INFO - DAG(s) dict_keys(['example_xcom_args', 'example_xcom_args_with_operators']) retrieved from /home/airflow/.local/lib/python3.7/site-packages/airflow/example_dags/example_xcomargs.py
[2024-09-29T05:15:28.480+0000] {logging_mixin.py:120} INFO - [2024-09-29T05:15:28.480+0000] {dag.py:2585} INFO - Sync 2 DAGs
[2024-09-29T05:15:28.521+0000] {logging_mixin.py:120} INFO - [2024-09-29T05:15:28.521+0000] {dag.py:3340} INFO - Setting next_dagrun for example_xcom_args to None, run_after=None
[2024-09-29T05:15:28.525+0000] {logging_mixin.py:120} INFO - [2024-09-29T05:15:28.525+0000] {dag.py:3340} INFO - Setting next_dagrun for example_xcom_args_with_operators to None, run_after=None
[2024-09-29T05:15:28.561+0000] {processor.py:176} INFO - Processing /home/airflow/.local/lib/python3.7/site-packages/airflow/example_dags/example_xcomargs.py took 0.196 seconds
[2024-09-29T05:16:19.305+0000] {processor.py:154} INFO - Started process (PID=53923) to work on /home/airflow/.local/lib/python3.7/site-packages/airflow/example_dags/example_xcomargs.py
[2024-09-29T05:16:19.310+0000] {processor.py:756} INFO - Processing file /home/airflow/.local/lib/python3.7/site-packages/airflow/example_dags/example_xcomargs.py for tasks to queue
[2024-09-29T05:16:19.311+0000] {logging_mixin.py:120} INFO - [2024-09-29T05:16:19.311+0000] {dagbag.py:537} INFO - Filling up the DagBag from /home/airflow/.local/lib/python3.7/site-packages/airflow/example_dags/example_xcomargs.py
[2024-09-29T05:16:19.344+0000] {processor.py:766} INFO - DAG(s) dict_keys(['example_xcom_args_with_operators', 'example_xcom_args']) retrieved from /home/airflow/.local/lib/python3.7/site-packages/airflow/example_dags/example_xcomargs.py
[2024-09-29T05:16:19.412+0000] {logging_mixin.py:120} INFO - [2024-09-29T05:16:19.412+0000] {dag.py:2585} INFO - Sync 2 DAGs
[2024-09-29T05:16:19.449+0000] {logging_mixin.py:120} INFO - [2024-09-29T05:16:19.449+0000] {dag.py:3340} INFO - Setting next_dagrun for example_xcom_args to None, run_after=None
[2024-09-29T05:16:19.454+0000] {logging_mixin.py:120} INFO - [2024-09-29T05:16:19.454+0000] {dag.py:3340} INFO - Setting next_dagrun for example_xcom_args_with_operators to None, run_after=None
[2024-09-29T05:16:19.480+0000] {processor.py:176} INFO - Processing /home/airflow/.local/lib/python3.7/site-packages/airflow/example_dags/example_xcomargs.py took 0.179 seconds
[2024-09-29T05:17:10.959+0000] {processor.py:154} INFO - Started process (PID=53986) to work on /home/airflow/.local/lib/python3.7/site-packages/airflow/example_dags/example_xcomargs.py
[2024-09-29T05:17:10.961+0000] {processor.py:756} INFO - Processing file /home/airflow/.local/lib/python3.7/site-packages/airflow/example_dags/example_xcomargs.py for tasks to queue
[2024-09-29T05:17:10.962+0000] {logging_mixin.py:120} INFO - [2024-09-29T05:17:10.962+0000] {dagbag.py:537} INFO - Filling up the DagBag from /home/airflow/.local/lib/python3.7/site-packages/airflow/example_dags/example_xcomargs.py
[2024-09-29T05:17:10.999+0000] {processor.py:766} INFO - DAG(s) dict_keys(['example_xcom_args_with_operators', 'example_xcom_args']) retrieved from /home/airflow/.local/lib/python3.7/site-packages/airflow/example_dags/example_xcomargs.py
[2024-09-29T05:17:11.069+0000] {logging_mixin.py:120} INFO - [2024-09-29T05:17:11.069+0000] {dag.py:2585} INFO - Sync 2 DAGs
[2024-09-29T05:17:11.105+0000] {logging_mixin.py:120} INFO - [2024-09-29T05:17:11.105+0000] {dag.py:3340} INFO - Setting next_dagrun for example_xcom_args to None, run_after=None
[2024-09-29T05:17:11.110+0000] {logging_mixin.py:120} INFO - [2024-09-29T05:17:11.110+0000] {dag.py:3340} INFO - Setting next_dagrun for example_xcom_args_with_operators to None, run_after=None
[2024-09-29T05:17:11.143+0000] {processor.py:176} INFO - Processing /home/airflow/.local/lib/python3.7/site-packages/airflow/example_dags/example_xcomargs.py took 0.189 seconds
[2024-09-29T05:18:06.654+0000] {processor.py:154} INFO - Started process (PID=54049) to work on /home/airflow/.local/lib/python3.7/site-packages/airflow/example_dags/example_xcomargs.py
[2024-09-29T05:18:06.659+0000] {processor.py:756} INFO - Processing file /home/airflow/.local/lib/python3.7/site-packages/airflow/example_dags/example_xcomargs.py for tasks to queue
[2024-09-29T05:18:06.660+0000] {logging_mixin.py:120} INFO - [2024-09-29T05:18:06.660+0000] {dagbag.py:537} INFO - Filling up the DagBag from /home/airflow/.local/lib/python3.7/site-packages/airflow/example_dags/example_xcomargs.py
[2024-09-29T05:18:06.698+0000] {processor.py:766} INFO - DAG(s) dict_keys(['example_xcom_args_with_operators', 'example_xcom_args']) retrieved from /home/airflow/.local/lib/python3.7/site-packages/airflow/example_dags/example_xcomargs.py
[2024-09-29T05:18:06.775+0000] {logging_mixin.py:120} INFO - [2024-09-29T05:18:06.775+0000] {dag.py:2585} INFO - Sync 2 DAGs
[2024-09-29T05:18:06.823+0000] {logging_mixin.py:120} INFO - [2024-09-29T05:18:06.823+0000] {dag.py:3340} INFO - Setting next_dagrun for example_xcom_args to None, run_after=None
[2024-09-29T05:18:06.830+0000] {logging_mixin.py:120} INFO - [2024-09-29T05:18:06.830+0000] {dag.py:3340} INFO - Setting next_dagrun for example_xcom_args_with_operators to None, run_after=None
[2024-09-29T05:18:06.867+0000] {processor.py:176} INFO - Processing /home/airflow/.local/lib/python3.7/site-packages/airflow/example_dags/example_xcomargs.py took 0.218 seconds
[2024-09-29T05:19:06.814+0000] {processor.py:154} INFO - Started process (PID=54119) to work on /home/airflow/.local/lib/python3.7/site-packages/airflow/example_dags/example_xcomargs.py
[2024-09-29T05:19:06.853+0000] {processor.py:756} INFO - Processing file /home/airflow/.local/lib/python3.7/site-packages/airflow/example_dags/example_xcomargs.py for tasks to queue
[2024-09-29T05:19:06.874+0000] {logging_mixin.py:120} INFO - [2024-09-29T05:19:06.861+0000] {dagbag.py:537} INFO - Filling up the DagBag from /home/airflow/.local/lib/python3.7/site-packages/airflow/example_dags/example_xcomargs.py
[2024-09-29T05:19:07.022+0000] {processor.py:766} INFO - DAG(s) dict_keys(['example_xcom_args_with_operators', 'example_xcom_args']) retrieved from /home/airflow/.local/lib/python3.7/site-packages/airflow/example_dags/example_xcomargs.py
[2024-09-29T05:19:07.218+0000] {logging_mixin.py:120} INFO - [2024-09-29T05:19:07.217+0000] {dag.py:2585} INFO - Sync 2 DAGs
[2024-09-29T05:19:07.339+0000] {logging_mixin.py:120} INFO - [2024-09-29T05:19:07.339+0000] {dag.py:3340} INFO - Setting next_dagrun for example_xcom_args to None, run_after=None
[2024-09-29T05:19:07.351+0000] {logging_mixin.py:120} INFO - [2024-09-29T05:19:07.351+0000] {dag.py:3340} INFO - Setting next_dagrun for example_xcom_args_with_operators to None, run_after=None
[2024-09-29T05:19:07.407+0000] {processor.py:176} INFO - Processing /home/airflow/.local/lib/python3.7/site-packages/airflow/example_dags/example_xcomargs.py took 0.623 seconds
[2024-09-29T05:19:48.796+0000] {processor.py:154} INFO - Started process (PID=54175) to work on /home/airflow/.local/lib/python3.7/site-packages/airflow/example_dags/example_xcomargs.py
[2024-09-29T05:19:48.799+0000] {processor.py:756} INFO - Processing file /home/airflow/.local/lib/python3.7/site-packages/airflow/example_dags/example_xcomargs.py for tasks to queue
[2024-09-29T05:19:48.801+0000] {logging_mixin.py:120} INFO - [2024-09-29T05:19:48.801+0000] {dagbag.py:537} INFO - Filling up the DagBag from /home/airflow/.local/lib/python3.7/site-packages/airflow/example_dags/example_xcomargs.py
[2024-09-29T05:19:48.836+0000] {processor.py:766} INFO - DAG(s) dict_keys(['example_xcom_args_with_operators', 'example_xcom_args']) retrieved from /home/airflow/.local/lib/python3.7/site-packages/airflow/example_dags/example_xcomargs.py
[2024-09-29T05:19:48.905+0000] {logging_mixin.py:120} INFO - [2024-09-29T05:19:48.905+0000] {dag.py:2585} INFO - Sync 2 DAGs
[2024-09-29T05:19:48.941+0000] {logging_mixin.py:120} INFO - [2024-09-29T05:19:48.940+0000] {dag.py:3340} INFO - Setting next_dagrun for example_xcom_args to None, run_after=None
[2024-09-29T05:19:48.945+0000] {logging_mixin.py:120} INFO - [2024-09-29T05:19:48.945+0000] {dag.py:3340} INFO - Setting next_dagrun for example_xcom_args_with_operators to None, run_after=None
[2024-09-29T05:19:48.975+0000] {processor.py:176} INFO - Processing /home/airflow/.local/lib/python3.7/site-packages/airflow/example_dags/example_xcomargs.py took 0.183 seconds
[2024-09-29T05:20:39.454+0000] {processor.py:154} INFO - Started process (PID=54237) to work on /home/airflow/.local/lib/python3.7/site-packages/airflow/example_dags/example_xcomargs.py
[2024-09-29T05:20:39.456+0000] {processor.py:756} INFO - Processing file /home/airflow/.local/lib/python3.7/site-packages/airflow/example_dags/example_xcomargs.py for tasks to queue
[2024-09-29T05:20:39.458+0000] {logging_mixin.py:120} INFO - [2024-09-29T05:20:39.458+0000] {dagbag.py:537} INFO - Filling up the DagBag from /home/airflow/.local/lib/python3.7/site-packages/airflow/example_dags/example_xcomargs.py
[2024-09-29T05:20:39.495+0000] {processor.py:766} INFO - DAG(s) dict_keys(['example_xcom_args_with_operators', 'example_xcom_args']) retrieved from /home/airflow/.local/lib/python3.7/site-packages/airflow/example_dags/example_xcomargs.py
[2024-09-29T05:20:39.555+0000] {logging_mixin.py:120} INFO - [2024-09-29T05:20:39.555+0000] {dag.py:2585} INFO - Sync 2 DAGs
[2024-09-29T05:20:39.587+0000] {logging_mixin.py:120} INFO - [2024-09-29T05:20:39.586+0000] {dag.py:3340} INFO - Setting next_dagrun for example_xcom_args to None, run_after=None
[2024-09-29T05:20:39.591+0000] {logging_mixin.py:120} INFO - [2024-09-29T05:20:39.590+0000] {dag.py:3340} INFO - Setting next_dagrun for example_xcom_args_with_operators to None, run_after=None
[2024-09-29T05:20:39.618+0000] {processor.py:176} INFO - Processing /home/airflow/.local/lib/python3.7/site-packages/airflow/example_dags/example_xcomargs.py took 0.168 seconds
[2024-09-29T05:21:46.866+0000] {processor.py:154} INFO - Started process (PID=54310) to work on /home/airflow/.local/lib/python3.7/site-packages/airflow/example_dags/example_xcomargs.py
[2024-09-29T05:21:46.868+0000] {processor.py:756} INFO - Processing file /home/airflow/.local/lib/python3.7/site-packages/airflow/example_dags/example_xcomargs.py for tasks to queue
[2024-09-29T05:21:46.870+0000] {logging_mixin.py:120} INFO - [2024-09-29T05:21:46.870+0000] {dagbag.py:537} INFO - Filling up the DagBag from /home/airflow/.local/lib/python3.7/site-packages/airflow/example_dags/example_xcomargs.py
[2024-09-29T05:21:46.953+0000] {processor.py:766} INFO - DAG(s) dict_keys(['example_xcom_args_with_operators', 'example_xcom_args']) retrieved from /home/airflow/.local/lib/python3.7/site-packages/airflow/example_dags/example_xcomargs.py
[2024-09-29T05:21:47.047+0000] {logging_mixin.py:120} INFO - [2024-09-29T05:21:47.047+0000] {dag.py:2585} INFO - Sync 2 DAGs
[2024-09-29T05:21:47.108+0000] {logging_mixin.py:120} INFO - [2024-09-29T05:21:47.108+0000] {dag.py:3340} INFO - Setting next_dagrun for example_xcom_args to None, run_after=None
[2024-09-29T05:21:47.115+0000] {logging_mixin.py:120} INFO - [2024-09-29T05:21:47.115+0000] {dag.py:3340} INFO - Setting next_dagrun for example_xcom_args_with_operators to None, run_after=None
[2024-09-29T05:21:47.157+0000] {processor.py:176} INFO - Processing /home/airflow/.local/lib/python3.7/site-packages/airflow/example_dags/example_xcomargs.py took 0.298 seconds
[2024-09-29T05:22:27.788+0000] {processor.py:154} INFO - Started process (PID=54364) to work on /home/airflow/.local/lib/python3.7/site-packages/airflow/example_dags/example_xcomargs.py
[2024-09-29T05:22:27.791+0000] {processor.py:756} INFO - Processing file /home/airflow/.local/lib/python3.7/site-packages/airflow/example_dags/example_xcomargs.py for tasks to queue
[2024-09-29T05:22:27.793+0000] {logging_mixin.py:120} INFO - [2024-09-29T05:22:27.792+0000] {dagbag.py:537} INFO - Filling up the DagBag from /home/airflow/.local/lib/python3.7/site-packages/airflow/example_dags/example_xcomargs.py
[2024-09-29T05:22:27.834+0000] {processor.py:766} INFO - DAG(s) dict_keys(['example_xcom_args', 'example_xcom_args_with_operators']) retrieved from /home/airflow/.local/lib/python3.7/site-packages/airflow/example_dags/example_xcomargs.py
[2024-09-29T05:22:27.912+0000] {logging_mixin.py:120} INFO - [2024-09-29T05:22:27.912+0000] {dag.py:2585} INFO - Sync 2 DAGs
[2024-09-29T05:22:27.952+0000] {logging_mixin.py:120} INFO - [2024-09-29T05:22:27.952+0000] {dag.py:3340} INFO - Setting next_dagrun for example_xcom_args to None, run_after=None
[2024-09-29T05:22:27.957+0000] {logging_mixin.py:120} INFO - [2024-09-29T05:22:27.957+0000] {dag.py:3340} INFO - Setting next_dagrun for example_xcom_args_with_operators to None, run_after=None
[2024-09-29T05:22:27.982+0000] {processor.py:176} INFO - Processing /home/airflow/.local/lib/python3.7/site-packages/airflow/example_dags/example_xcomargs.py took 0.199 seconds
[2024-09-29T05:23:17.004+0000] {processor.py:154} INFO - Started process (PID=54427) to work on /home/airflow/.local/lib/python3.7/site-packages/airflow/example_dags/example_xcomargs.py
[2024-09-29T05:23:17.007+0000] {processor.py:756} INFO - Processing file /home/airflow/.local/lib/python3.7/site-packages/airflow/example_dags/example_xcomargs.py for tasks to queue
[2024-09-29T05:23:17.008+0000] {logging_mixin.py:120} INFO - [2024-09-29T05:23:17.008+0000] {dagbag.py:537} INFO - Filling up the DagBag from /home/airflow/.local/lib/python3.7/site-packages/airflow/example_dags/example_xcomargs.py
[2024-09-29T05:23:17.035+0000] {processor.py:766} INFO - DAG(s) dict_keys(['example_xcom_args_with_operators', 'example_xcom_args']) retrieved from /home/airflow/.local/lib/python3.7/site-packages/airflow/example_dags/example_xcomargs.py
[2024-09-29T05:23:17.091+0000] {logging_mixin.py:120} INFO - [2024-09-29T05:23:17.091+0000] {dag.py:2585} INFO - Sync 2 DAGs
[2024-09-29T05:23:17.127+0000] {logging_mixin.py:120} INFO - [2024-09-29T05:23:17.126+0000] {dag.py:3340} INFO - Setting next_dagrun for example_xcom_args to None, run_after=None
[2024-09-29T05:23:17.133+0000] {logging_mixin.py:120} INFO - [2024-09-29T05:23:17.133+0000] {dag.py:3340} INFO - Setting next_dagrun for example_xcom_args_with_operators to None, run_after=None
[2024-09-29T05:23:17.161+0000] {processor.py:176} INFO - Processing /home/airflow/.local/lib/python3.7/site-packages/airflow/example_dags/example_xcomargs.py took 0.161 seconds
[2024-09-29T05:24:27.803+0000] {processor.py:154} INFO - Started process (PID=54499) to work on /home/airflow/.local/lib/python3.7/site-packages/airflow/example_dags/example_xcomargs.py
[2024-09-29T05:24:27.811+0000] {processor.py:756} INFO - Processing file /home/airflow/.local/lib/python3.7/site-packages/airflow/example_dags/example_xcomargs.py for tasks to queue
[2024-09-29T05:24:27.814+0000] {logging_mixin.py:120} INFO - [2024-09-29T05:24:27.813+0000] {dagbag.py:537} INFO - Filling up the DagBag from /home/airflow/.local/lib/python3.7/site-packages/airflow/example_dags/example_xcomargs.py
[2024-09-29T05:24:27.895+0000] {processor.py:766} INFO - DAG(s) dict_keys(['example_xcom_args', 'example_xcom_args_with_operators']) retrieved from /home/airflow/.local/lib/python3.7/site-packages/airflow/example_dags/example_xcomargs.py
[2024-09-29T05:24:27.995+0000] {logging_mixin.py:120} INFO - [2024-09-29T05:24:27.995+0000] {dag.py:2585} INFO - Sync 2 DAGs
[2024-09-29T05:24:28.039+0000] {logging_mixin.py:120} INFO - [2024-09-29T05:24:28.038+0000] {dag.py:3340} INFO - Setting next_dagrun for example_xcom_args to None, run_after=None
[2024-09-29T05:24:28.047+0000] {logging_mixin.py:120} INFO - [2024-09-29T05:24:28.047+0000] {dag.py:3340} INFO - Setting next_dagrun for example_xcom_args_with_operators to None, run_after=None
[2024-09-29T05:24:28.082+0000] {processor.py:176} INFO - Processing /home/airflow/.local/lib/python3.7/site-packages/airflow/example_dags/example_xcomargs.py took 0.284 seconds
[2024-09-29T05:25:10.616+0000] {processor.py:154} INFO - Started process (PID=54553) to work on /home/airflow/.local/lib/python3.7/site-packages/airflow/example_dags/example_xcomargs.py
[2024-09-29T05:25:10.619+0000] {processor.py:756} INFO - Processing file /home/airflow/.local/lib/python3.7/site-packages/airflow/example_dags/example_xcomargs.py for tasks to queue
[2024-09-29T05:25:10.620+0000] {logging_mixin.py:120} INFO - [2024-09-29T05:25:10.620+0000] {dagbag.py:537} INFO - Filling up the DagBag from /home/airflow/.local/lib/python3.7/site-packages/airflow/example_dags/example_xcomargs.py
[2024-09-29T05:25:10.660+0000] {processor.py:766} INFO - DAG(s) dict_keys(['example_xcom_args', 'example_xcom_args_with_operators']) retrieved from /home/airflow/.local/lib/python3.7/site-packages/airflow/example_dags/example_xcomargs.py
[2024-09-29T05:25:10.734+0000] {logging_mixin.py:120} INFO - [2024-09-29T05:25:10.733+0000] {dag.py:2585} INFO - Sync 2 DAGs
[2024-09-29T05:25:10.775+0000] {logging_mixin.py:120} INFO - [2024-09-29T05:25:10.775+0000] {dag.py:3340} INFO - Setting next_dagrun for example_xcom_args to None, run_after=None
[2024-09-29T05:25:10.780+0000] {logging_mixin.py:120} INFO - [2024-09-29T05:25:10.779+0000] {dag.py:3340} INFO - Setting next_dagrun for example_xcom_args_with_operators to None, run_after=None
[2024-09-29T05:25:10.807+0000] {processor.py:176} INFO - Processing /home/airflow/.local/lib/python3.7/site-packages/airflow/example_dags/example_xcomargs.py took 0.196 seconds
[2024-09-29T05:26:14.358+0000] {processor.py:154} INFO - Started process (PID=54617) to work on /home/airflow/.local/lib/python3.7/site-packages/airflow/example_dags/example_xcomargs.py
[2024-09-29T05:26:14.360+0000] {processor.py:756} INFO - Processing file /home/airflow/.local/lib/python3.7/site-packages/airflow/example_dags/example_xcomargs.py for tasks to queue
[2024-09-29T05:26:14.362+0000] {logging_mixin.py:120} INFO - [2024-09-29T05:26:14.361+0000] {dagbag.py:537} INFO - Filling up the DagBag from /home/airflow/.local/lib/python3.7/site-packages/airflow/example_dags/example_xcomargs.py
[2024-09-29T05:26:14.398+0000] {processor.py:766} INFO - DAG(s) dict_keys(['example_xcom_args', 'example_xcom_args_with_operators']) retrieved from /home/airflow/.local/lib/python3.7/site-packages/airflow/example_dags/example_xcomargs.py
[2024-09-29T05:26:14.480+0000] {logging_mixin.py:120} INFO - [2024-09-29T05:26:14.479+0000] {dag.py:2585} INFO - Sync 2 DAGs
[2024-09-29T05:26:14.524+0000] {logging_mixin.py:120} INFO - [2024-09-29T05:26:14.524+0000] {dag.py:3340} INFO - Setting next_dagrun for example_xcom_args to None, run_after=None
[2024-09-29T05:26:14.530+0000] {logging_mixin.py:120} INFO - [2024-09-29T05:26:14.530+0000] {dag.py:3340} INFO - Setting next_dagrun for example_xcom_args_with_operators to None, run_after=None
[2024-09-29T05:26:14.573+0000] {processor.py:176} INFO - Processing /home/airflow/.local/lib/python3.7/site-packages/airflow/example_dags/example_xcomargs.py took 0.220 seconds
[2024-09-29T05:27:16.401+0000] {processor.py:154} INFO - Started process (PID=54679) to work on /home/airflow/.local/lib/python3.7/site-packages/airflow/example_dags/example_xcomargs.py
[2024-09-29T05:27:16.408+0000] {processor.py:756} INFO - Processing file /home/airflow/.local/lib/python3.7/site-packages/airflow/example_dags/example_xcomargs.py for tasks to queue
[2024-09-29T05:27:16.410+0000] {logging_mixin.py:120} INFO - [2024-09-29T05:27:16.410+0000] {dagbag.py:537} INFO - Filling up the DagBag from /home/airflow/.local/lib/python3.7/site-packages/airflow/example_dags/example_xcomargs.py
[2024-09-29T05:27:16.444+0000] {processor.py:766} INFO - DAG(s) dict_keys(['example_xcom_args_with_operators', 'example_xcom_args']) retrieved from /home/airflow/.local/lib/python3.7/site-packages/airflow/example_dags/example_xcomargs.py
[2024-09-29T05:27:16.507+0000] {logging_mixin.py:120} INFO - [2024-09-29T05:27:16.506+0000] {dag.py:2585} INFO - Sync 2 DAGs
[2024-09-29T05:27:16.543+0000] {logging_mixin.py:120} INFO - [2024-09-29T05:27:16.543+0000] {dag.py:3340} INFO - Setting next_dagrun for example_xcom_args to None, run_after=None
[2024-09-29T05:27:16.550+0000] {logging_mixin.py:120} INFO - [2024-09-29T05:27:16.550+0000] {dag.py:3340} INFO - Setting next_dagrun for example_xcom_args_with_operators to None, run_after=None
[2024-09-29T05:27:16.575+0000] {processor.py:176} INFO - Processing /home/airflow/.local/lib/python3.7/site-packages/airflow/example_dags/example_xcomargs.py took 0.179 seconds
[2024-09-29T05:28:07.276+0000] {processor.py:154} INFO - Started process (PID=54742) to work on /home/airflow/.local/lib/python3.7/site-packages/airflow/example_dags/example_xcomargs.py
[2024-09-29T05:28:07.278+0000] {processor.py:756} INFO - Processing file /home/airflow/.local/lib/python3.7/site-packages/airflow/example_dags/example_xcomargs.py for tasks to queue
[2024-09-29T05:28:07.279+0000] {logging_mixin.py:120} INFO - [2024-09-29T05:28:07.279+0000] {dagbag.py:537} INFO - Filling up the DagBag from /home/airflow/.local/lib/python3.7/site-packages/airflow/example_dags/example_xcomargs.py
[2024-09-29T05:28:07.315+0000] {processor.py:766} INFO - DAG(s) dict_keys(['example_xcom_args', 'example_xcom_args_with_operators']) retrieved from /home/airflow/.local/lib/python3.7/site-packages/airflow/example_dags/example_xcomargs.py
[2024-09-29T05:28:07.391+0000] {logging_mixin.py:120} INFO - [2024-09-29T05:28:07.390+0000] {dag.py:2585} INFO - Sync 2 DAGs
[2024-09-29T05:28:07.430+0000] {logging_mixin.py:120} INFO - [2024-09-29T05:28:07.430+0000] {dag.py:3340} INFO - Setting next_dagrun for example_xcom_args to None, run_after=None
[2024-09-29T05:28:07.435+0000] {logging_mixin.py:120} INFO - [2024-09-29T05:28:07.434+0000] {dag.py:3340} INFO - Setting next_dagrun for example_xcom_args_with_operators to None, run_after=None
[2024-09-29T05:28:07.462+0000] {processor.py:176} INFO - Processing /home/airflow/.local/lib/python3.7/site-packages/airflow/example_dags/example_xcomargs.py took 0.190 seconds
[2024-09-29T05:29:15.230+0000] {processor.py:154} INFO - Started process (PID=54814) to work on /home/airflow/.local/lib/python3.7/site-packages/airflow/example_dags/example_xcomargs.py
[2024-09-29T05:29:15.235+0000] {processor.py:756} INFO - Processing file /home/airflow/.local/lib/python3.7/site-packages/airflow/example_dags/example_xcomargs.py for tasks to queue
[2024-09-29T05:29:15.240+0000] {logging_mixin.py:120} INFO - [2024-09-29T05:29:15.240+0000] {dagbag.py:537} INFO - Filling up the DagBag from /home/airflow/.local/lib/python3.7/site-packages/airflow/example_dags/example_xcomargs.py
[2024-09-29T05:29:15.293+0000] {processor.py:766} INFO - DAG(s) dict_keys(['example_xcom_args_with_operators', 'example_xcom_args']) retrieved from /home/airflow/.local/lib/python3.7/site-packages/airflow/example_dags/example_xcomargs.py
[2024-09-29T05:29:15.451+0000] {logging_mixin.py:120} INFO - [2024-09-29T05:29:15.451+0000] {dag.py:2585} INFO - Sync 2 DAGs
[2024-09-29T05:29:15.514+0000] {logging_mixin.py:120} INFO - [2024-09-29T05:29:15.514+0000] {dag.py:3340} INFO - Setting next_dagrun for example_xcom_args to None, run_after=None
[2024-09-29T05:29:15.522+0000] {logging_mixin.py:120} INFO - [2024-09-29T05:29:15.522+0000] {dag.py:3340} INFO - Setting next_dagrun for example_xcom_args_with_operators to None, run_after=None
[2024-09-29T05:29:15.561+0000] {processor.py:176} INFO - Processing /home/airflow/.local/lib/python3.7/site-packages/airflow/example_dags/example_xcomargs.py took 0.354 seconds
[2024-09-29T05:29:55.943+0000] {processor.py:154} INFO - Started process (PID=54868) to work on /home/airflow/.local/lib/python3.7/site-packages/airflow/example_dags/example_xcomargs.py
[2024-09-29T05:29:55.946+0000] {processor.py:756} INFO - Processing file /home/airflow/.local/lib/python3.7/site-packages/airflow/example_dags/example_xcomargs.py for tasks to queue
[2024-09-29T05:29:55.947+0000] {logging_mixin.py:120} INFO - [2024-09-29T05:29:55.947+0000] {dagbag.py:537} INFO - Filling up the DagBag from /home/airflow/.local/lib/python3.7/site-packages/airflow/example_dags/example_xcomargs.py
[2024-09-29T05:29:55.987+0000] {processor.py:766} INFO - DAG(s) dict_keys(['example_xcom_args', 'example_xcom_args_with_operators']) retrieved from /home/airflow/.local/lib/python3.7/site-packages/airflow/example_dags/example_xcomargs.py
[2024-09-29T05:29:56.060+0000] {logging_mixin.py:120} INFO - [2024-09-29T05:29:56.059+0000] {dag.py:2585} INFO - Sync 2 DAGs
[2024-09-29T05:29:56.104+0000] {logging_mixin.py:120} INFO - [2024-09-29T05:29:56.104+0000] {dag.py:3340} INFO - Setting next_dagrun for example_xcom_args to None, run_after=None
[2024-09-29T05:29:56.111+0000] {logging_mixin.py:120} INFO - [2024-09-29T05:29:56.111+0000] {dag.py:3340} INFO - Setting next_dagrun for example_xcom_args_with_operators to None, run_after=None
[2024-09-29T05:29:56.150+0000] {processor.py:176} INFO - Processing /home/airflow/.local/lib/python3.7/site-packages/airflow/example_dags/example_xcomargs.py took 0.213 seconds
[2024-09-29T05:31:34.151+0000] {processor.py:154} INFO - Started process (PID=54939) to work on /home/airflow/.local/lib/python3.7/site-packages/airflow/example_dags/example_xcomargs.py
[2024-09-29T05:31:34.159+0000] {processor.py:756} INFO - Processing file /home/airflow/.local/lib/python3.7/site-packages/airflow/example_dags/example_xcomargs.py for tasks to queue
[2024-09-29T05:31:34.164+0000] {logging_mixin.py:120} INFO - [2024-09-29T05:31:34.163+0000] {dagbag.py:537} INFO - Filling up the DagBag from /home/airflow/.local/lib/python3.7/site-packages/airflow/example_dags/example_xcomargs.py
[2024-09-29T05:31:34.297+0000] {processor.py:766} INFO - DAG(s) dict_keys(['example_xcom_args', 'example_xcom_args_with_operators']) retrieved from /home/airflow/.local/lib/python3.7/site-packages/airflow/example_dags/example_xcomargs.py
[2024-09-29T05:31:34.519+0000] {logging_mixin.py:120} INFO - [2024-09-29T05:31:34.518+0000] {dag.py:2585} INFO - Sync 2 DAGs
[2024-09-29T05:31:34.689+0000] {logging_mixin.py:120} INFO - [2024-09-29T05:31:34.689+0000] {dag.py:3340} INFO - Setting next_dagrun for example_xcom_args to None, run_after=None
[2024-09-29T05:31:34.713+0000] {logging_mixin.py:120} INFO - [2024-09-29T05:31:34.712+0000] {dag.py:3340} INFO - Setting next_dagrun for example_xcom_args_with_operators to None, run_after=None
[2024-09-29T05:31:34.808+0000] {processor.py:176} INFO - Processing /home/airflow/.local/lib/python3.7/site-packages/airflow/example_dags/example_xcomargs.py took 0.672 seconds
[2024-09-29T05:32:21.808+0000] {processor.py:154} INFO - Started process (PID=55002) to work on /home/airflow/.local/lib/python3.7/site-packages/airflow/example_dags/example_xcomargs.py
[2024-09-29T05:32:21.813+0000] {processor.py:756} INFO - Processing file /home/airflow/.local/lib/python3.7/site-packages/airflow/example_dags/example_xcomargs.py for tasks to queue
[2024-09-29T05:32:21.816+0000] {logging_mixin.py:120} INFO - [2024-09-29T05:32:21.815+0000] {dagbag.py:537} INFO - Filling up the DagBag from /home/airflow/.local/lib/python3.7/site-packages/airflow/example_dags/example_xcomargs.py
[2024-09-29T05:32:21.902+0000] {processor.py:766} INFO - DAG(s) dict_keys(['example_xcom_args_with_operators', 'example_xcom_args']) retrieved from /home/airflow/.local/lib/python3.7/site-packages/airflow/example_dags/example_xcomargs.py
[2024-09-29T05:32:22.078+0000] {logging_mixin.py:120} INFO - [2024-09-29T05:32:22.078+0000] {dag.py:2585} INFO - Sync 2 DAGs
[2024-09-29T05:32:22.187+0000] {logging_mixin.py:120} INFO - [2024-09-29T05:32:22.186+0000] {dag.py:3340} INFO - Setting next_dagrun for example_xcom_args to None, run_after=None
[2024-09-29T05:32:22.198+0000] {logging_mixin.py:120} INFO - [2024-09-29T05:32:22.198+0000] {dag.py:3340} INFO - Setting next_dagrun for example_xcom_args_with_operators to None, run_after=None
[2024-09-29T05:32:22.249+0000] {processor.py:176} INFO - Processing /home/airflow/.local/lib/python3.7/site-packages/airflow/example_dags/example_xcomargs.py took 0.454 seconds
[2024-09-29T05:34:01.490+0000] {processor.py:154} INFO - Started process (PID=55074) to work on /home/airflow/.local/lib/python3.7/site-packages/airflow/example_dags/example_xcomargs.py
[2024-09-29T05:34:01.500+0000] {processor.py:756} INFO - Processing file /home/airflow/.local/lib/python3.7/site-packages/airflow/example_dags/example_xcomargs.py for tasks to queue
[2024-09-29T05:34:01.504+0000] {logging_mixin.py:120} INFO - [2024-09-29T05:34:01.504+0000] {dagbag.py:537} INFO - Filling up the DagBag from /home/airflow/.local/lib/python3.7/site-packages/airflow/example_dags/example_xcomargs.py
[2024-09-29T05:34:01.637+0000] {processor.py:766} INFO - DAG(s) dict_keys(['example_xcom_args_with_operators', 'example_xcom_args']) retrieved from /home/airflow/.local/lib/python3.7/site-packages/airflow/example_dags/example_xcomargs.py
[2024-09-29T05:34:01.960+0000] {logging_mixin.py:120} INFO - [2024-09-29T05:34:01.960+0000] {dag.py:2585} INFO - Sync 2 DAGs
[2024-09-29T05:34:02.090+0000] {logging_mixin.py:120} INFO - [2024-09-29T05:34:02.090+0000] {dag.py:3340} INFO - Setting next_dagrun for example_xcom_args to None, run_after=None
[2024-09-29T05:34:02.105+0000] {logging_mixin.py:120} INFO - [2024-09-29T05:34:02.105+0000] {dag.py:3340} INFO - Setting next_dagrun for example_xcom_args_with_operators to None, run_after=None
[2024-09-29T05:34:02.174+0000] {processor.py:176} INFO - Processing /home/airflow/.local/lib/python3.7/site-packages/airflow/example_dags/example_xcomargs.py took 0.700 seconds
[2024-09-29T05:35:49.955+0000] {processor.py:154} INFO - Started process (PID=55168) to work on /home/airflow/.local/lib/python3.7/site-packages/airflow/example_dags/example_xcomargs.py
[2024-09-29T05:35:49.967+0000] {processor.py:756} INFO - Processing file /home/airflow/.local/lib/python3.7/site-packages/airflow/example_dags/example_xcomargs.py for tasks to queue
[2024-09-29T05:35:49.979+0000] {logging_mixin.py:120} INFO - [2024-09-29T05:35:49.978+0000] {dagbag.py:537} INFO - Filling up the DagBag from /home/airflow/.local/lib/python3.7/site-packages/airflow/example_dags/example_xcomargs.py
[2024-09-29T05:35:50.136+0000] {processor.py:766} INFO - DAG(s) dict_keys(['example_xcom_args', 'example_xcom_args_with_operators']) retrieved from /home/airflow/.local/lib/python3.7/site-packages/airflow/example_dags/example_xcomargs.py
[2024-09-29T05:35:50.360+0000] {logging_mixin.py:120} INFO - [2024-09-29T05:35:50.359+0000] {dag.py:2585} INFO - Sync 2 DAGs
[2024-09-29T05:35:50.478+0000] {logging_mixin.py:120} INFO - [2024-09-29T05:35:50.478+0000] {dag.py:3340} INFO - Setting next_dagrun for example_xcom_args to None, run_after=None
[2024-09-29T05:35:50.493+0000] {logging_mixin.py:120} INFO - [2024-09-29T05:35:50.492+0000] {dag.py:3340} INFO - Setting next_dagrun for example_xcom_args_with_operators to None, run_after=None
[2024-09-29T05:35:50.563+0000] {processor.py:176} INFO - Processing /home/airflow/.local/lib/python3.7/site-packages/airflow/example_dags/example_xcomargs.py took 0.625 seconds
[2024-09-29T05:37:34.146+0000] {processor.py:154} INFO - Started process (PID=55257) to work on /home/airflow/.local/lib/python3.7/site-packages/airflow/example_dags/example_xcomargs.py
[2024-09-29T05:37:34.161+0000] {processor.py:756} INFO - Processing file /home/airflow/.local/lib/python3.7/site-packages/airflow/example_dags/example_xcomargs.py for tasks to queue
[2024-09-29T05:37:34.165+0000] {logging_mixin.py:120} INFO - [2024-09-29T05:37:34.164+0000] {dagbag.py:537} INFO - Filling up the DagBag from /home/airflow/.local/lib/python3.7/site-packages/airflow/example_dags/example_xcomargs.py
[2024-09-29T05:37:34.278+0000] {processor.py:766} INFO - DAG(s) dict_keys(['example_xcom_args_with_operators', 'example_xcom_args']) retrieved from /home/airflow/.local/lib/python3.7/site-packages/airflow/example_dags/example_xcomargs.py
[2024-09-29T05:37:34.518+0000] {logging_mixin.py:120} INFO - [2024-09-29T05:37:34.517+0000] {dag.py:2585} INFO - Sync 2 DAGs
[2024-09-29T05:37:34.612+0000] {logging_mixin.py:120} INFO - [2024-09-29T05:37:34.612+0000] {dag.py:3340} INFO - Setting next_dagrun for example_xcom_args to None, run_after=None
[2024-09-29T05:37:34.623+0000] {logging_mixin.py:120} INFO - [2024-09-29T05:37:34.622+0000] {dag.py:3340} INFO - Setting next_dagrun for example_xcom_args_with_operators to None, run_after=None
[2024-09-29T05:37:34.692+0000] {processor.py:176} INFO - Processing /home/airflow/.local/lib/python3.7/site-packages/airflow/example_dags/example_xcomargs.py took 0.561 seconds
[2024-09-29T05:39:26.977+0000] {processor.py:154} INFO - Started process (PID=55342) to work on /home/airflow/.local/lib/python3.7/site-packages/airflow/example_dags/example_xcomargs.py
[2024-09-29T05:39:26.984+0000] {processor.py:756} INFO - Processing file /home/airflow/.local/lib/python3.7/site-packages/airflow/example_dags/example_xcomargs.py for tasks to queue
[2024-09-29T05:39:26.987+0000] {logging_mixin.py:120} INFO - [2024-09-29T05:39:26.986+0000] {dagbag.py:537} INFO - Filling up the DagBag from /home/airflow/.local/lib/python3.7/site-packages/airflow/example_dags/example_xcomargs.py
[2024-09-29T05:39:27.084+0000] {processor.py:766} INFO - DAG(s) dict_keys(['example_xcom_args_with_operators', 'example_xcom_args']) retrieved from /home/airflow/.local/lib/python3.7/site-packages/airflow/example_dags/example_xcomargs.py
[2024-09-29T05:39:27.332+0000] {logging_mixin.py:120} INFO - [2024-09-29T05:39:27.332+0000] {dag.py:2585} INFO - Sync 2 DAGs
[2024-09-29T05:39:27.451+0000] {logging_mixin.py:120} INFO - [2024-09-29T05:39:27.450+0000] {dag.py:3340} INFO - Setting next_dagrun for example_xcom_args to None, run_after=None
[2024-09-29T05:39:27.468+0000] {logging_mixin.py:120} INFO - [2024-09-29T05:39:27.468+0000] {dag.py:3340} INFO - Setting next_dagrun for example_xcom_args_with_operators to None, run_after=None
[2024-09-29T05:39:27.539+0000] {processor.py:176} INFO - Processing /home/airflow/.local/lib/python3.7/site-packages/airflow/example_dags/example_xcomargs.py took 0.578 seconds
[2024-09-29T05:40:29.047+0000] {processor.py:154} INFO - Started process (PID=55414) to work on /home/airflow/.local/lib/python3.7/site-packages/airflow/example_dags/example_xcomargs.py
[2024-09-29T05:40:29.055+0000] {processor.py:756} INFO - Processing file /home/airflow/.local/lib/python3.7/site-packages/airflow/example_dags/example_xcomargs.py for tasks to queue
[2024-09-29T05:40:29.059+0000] {logging_mixin.py:120} INFO - [2024-09-29T05:40:29.058+0000] {dagbag.py:537} INFO - Filling up the DagBag from /home/airflow/.local/lib/python3.7/site-packages/airflow/example_dags/example_xcomargs.py
[2024-09-29T05:40:29.157+0000] {processor.py:766} INFO - DAG(s) dict_keys(['example_xcom_args', 'example_xcom_args_with_operators']) retrieved from /home/airflow/.local/lib/python3.7/site-packages/airflow/example_dags/example_xcomargs.py
[2024-09-29T05:40:29.317+0000] {logging_mixin.py:120} INFO - [2024-09-29T05:40:29.316+0000] {dag.py:2585} INFO - Sync 2 DAGs
[2024-09-29T05:40:29.399+0000] {logging_mixin.py:120} INFO - [2024-09-29T05:40:29.399+0000] {dag.py:3340} INFO - Setting next_dagrun for example_xcom_args to None, run_after=None
[2024-09-29T05:40:29.413+0000] {logging_mixin.py:120} INFO - [2024-09-29T05:40:29.413+0000] {dag.py:3340} INFO - Setting next_dagrun for example_xcom_args_with_operators to None, run_after=None
[2024-09-29T05:40:29.463+0000] {processor.py:176} INFO - Processing /home/airflow/.local/lib/python3.7/site-packages/airflow/example_dags/example_xcomargs.py took 0.427 seconds
[2024-09-29T05:41:54.917+0000] {processor.py:154} INFO - Started process (PID=55471) to work on /home/airflow/.local/lib/python3.7/site-packages/airflow/example_dags/example_xcomargs.py
[2024-09-29T05:41:54.947+0000] {processor.py:756} INFO - Processing file /home/airflow/.local/lib/python3.7/site-packages/airflow/example_dags/example_xcomargs.py for tasks to queue
[2024-09-29T05:41:54.951+0000] {logging_mixin.py:120} INFO - [2024-09-29T05:41:54.950+0000] {dagbag.py:537} INFO - Filling up the DagBag from /home/airflow/.local/lib/python3.7/site-packages/airflow/example_dags/example_xcomargs.py
[2024-09-29T05:41:55.079+0000] {processor.py:766} INFO - DAG(s) dict_keys(['example_xcom_args_with_operators', 'example_xcom_args']) retrieved from /home/airflow/.local/lib/python3.7/site-packages/airflow/example_dags/example_xcomargs.py
[2024-09-29T05:41:55.295+0000] {logging_mixin.py:120} INFO - [2024-09-29T05:41:55.294+0000] {dag.py:2585} INFO - Sync 2 DAGs
[2024-09-29T05:41:55.508+0000] {logging_mixin.py:120} INFO - [2024-09-29T05:41:55.507+0000] {dag.py:3340} INFO - Setting next_dagrun for example_xcom_args to None, run_after=None
[2024-09-29T05:41:55.533+0000] {logging_mixin.py:120} INFO - [2024-09-29T05:41:55.532+0000] {dag.py:3340} INFO - Setting next_dagrun for example_xcom_args_with_operators to None, run_after=None
[2024-09-29T05:41:55.643+0000] {processor.py:176} INFO - Processing /home/airflow/.local/lib/python3.7/site-packages/airflow/example_dags/example_xcomargs.py took 0.746 seconds
[2024-09-29T05:43:00.463+0000] {processor.py:154} INFO - Started process (PID=55551) to work on /home/airflow/.local/lib/python3.7/site-packages/airflow/example_dags/example_xcomargs.py
[2024-09-29T05:43:00.468+0000] {processor.py:756} INFO - Processing file /home/airflow/.local/lib/python3.7/site-packages/airflow/example_dags/example_xcomargs.py for tasks to queue
[2024-09-29T05:43:00.471+0000] {logging_mixin.py:120} INFO - [2024-09-29T05:43:00.471+0000] {dagbag.py:537} INFO - Filling up the DagBag from /home/airflow/.local/lib/python3.7/site-packages/airflow/example_dags/example_xcomargs.py
[2024-09-29T05:43:00.547+0000] {processor.py:766} INFO - DAG(s) dict_keys(['example_xcom_args_with_operators', 'example_xcom_args']) retrieved from /home/airflow/.local/lib/python3.7/site-packages/airflow/example_dags/example_xcomargs.py
[2024-09-29T05:43:00.695+0000] {logging_mixin.py:120} INFO - [2024-09-29T05:43:00.695+0000] {dag.py:2585} INFO - Sync 2 DAGs
[2024-09-29T05:43:00.780+0000] {logging_mixin.py:120} INFO - [2024-09-29T05:43:00.779+0000] {dag.py:3340} INFO - Setting next_dagrun for example_xcom_args to None, run_after=None
[2024-09-29T05:43:00.793+0000] {logging_mixin.py:120} INFO - [2024-09-29T05:43:00.792+0000] {dag.py:3340} INFO - Setting next_dagrun for example_xcom_args_with_operators to None, run_after=None
[2024-09-29T05:43:00.847+0000] {processor.py:176} INFO - Processing /home/airflow/.local/lib/python3.7/site-packages/airflow/example_dags/example_xcomargs.py took 0.397 seconds
[2024-09-29T05:44:25.818+0000] {processor.py:154} INFO - Started process (PID=55617) to work on /home/airflow/.local/lib/python3.7/site-packages/airflow/example_dags/example_xcomargs.py
[2024-09-29T05:44:25.828+0000] {processor.py:756} INFO - Processing file /home/airflow/.local/lib/python3.7/site-packages/airflow/example_dags/example_xcomargs.py for tasks to queue
[2024-09-29T05:44:25.832+0000] {logging_mixin.py:120} INFO - [2024-09-29T05:44:25.832+0000] {dagbag.py:537} INFO - Filling up the DagBag from /home/airflow/.local/lib/python3.7/site-packages/airflow/example_dags/example_xcomargs.py
[2024-09-29T05:44:25.917+0000] {processor.py:766} INFO - DAG(s) dict_keys(['example_xcom_args_with_operators', 'example_xcom_args']) retrieved from /home/airflow/.local/lib/python3.7/site-packages/airflow/example_dags/example_xcomargs.py
[2024-09-29T05:44:26.063+0000] {logging_mixin.py:120} INFO - [2024-09-29T05:44:26.062+0000] {dag.py:2585} INFO - Sync 2 DAGs
[2024-09-29T05:44:26.152+0000] {logging_mixin.py:120} INFO - [2024-09-29T05:44:26.151+0000] {dag.py:3340} INFO - Setting next_dagrun for example_xcom_args to None, run_after=None
[2024-09-29T05:44:26.162+0000] {logging_mixin.py:120} INFO - [2024-09-29T05:44:26.162+0000] {dag.py:3340} INFO - Setting next_dagrun for example_xcom_args_with_operators to None, run_after=None
[2024-09-29T05:44:26.234+0000] {processor.py:176} INFO - Processing /home/airflow/.local/lib/python3.7/site-packages/airflow/example_dags/example_xcomargs.py took 0.427 seconds
[2024-09-29T05:45:27.869+0000] {processor.py:154} INFO - Started process (PID=55680) to work on /home/airflow/.local/lib/python3.7/site-packages/airflow/example_dags/example_xcomargs.py
[2024-09-29T05:45:27.880+0000] {processor.py:756} INFO - Processing file /home/airflow/.local/lib/python3.7/site-packages/airflow/example_dags/example_xcomargs.py for tasks to queue
[2024-09-29T05:45:27.884+0000] {logging_mixin.py:120} INFO - [2024-09-29T05:45:27.883+0000] {dagbag.py:537} INFO - Filling up the DagBag from /home/airflow/.local/lib/python3.7/site-packages/airflow/example_dags/example_xcomargs.py
[2024-09-29T05:45:28.034+0000] {processor.py:766} INFO - DAG(s) dict_keys(['example_xcom_args', 'example_xcom_args_with_operators']) retrieved from /home/airflow/.local/lib/python3.7/site-packages/airflow/example_dags/example_xcomargs.py
[2024-09-29T05:45:41.529+0000] {logging_mixin.py:120} INFO - [2024-09-29T05:45:41.529+0000] {dag.py:2585} INFO - Sync 2 DAGs
[2024-09-29T05:45:41.681+0000] {logging_mixin.py:120} INFO - [2024-09-29T05:45:41.680+0000] {dag.py:3340} INFO - Setting next_dagrun for example_xcom_args to None, run_after=None
[2024-09-29T05:45:41.700+0000] {logging_mixin.py:120} INFO - [2024-09-29T05:45:41.700+0000] {dag.py:3340} INFO - Setting next_dagrun for example_xcom_args_with_operators to None, run_after=None
[2024-09-29T05:45:41.798+0000] {processor.py:176} INFO - Processing /home/airflow/.local/lib/python3.7/site-packages/airflow/example_dags/example_xcomargs.py took 0.716 seconds
[2024-09-29T05:46:41.870+0000] {processor.py:154} INFO - Started process (PID=55747) to work on /home/airflow/.local/lib/python3.7/site-packages/airflow/example_dags/example_xcomargs.py
[2024-09-29T05:46:41.902+0000] {processor.py:756} INFO - Processing file /home/airflow/.local/lib/python3.7/site-packages/airflow/example_dags/example_xcomargs.py for tasks to queue
[2024-09-29T05:46:41.910+0000] {logging_mixin.py:120} INFO - [2024-09-29T05:46:41.909+0000] {dagbag.py:537} INFO - Filling up the DagBag from /home/airflow/.local/lib/python3.7/site-packages/airflow/example_dags/example_xcomargs.py
[2024-09-29T05:46:42.051+0000] {processor.py:766} INFO - DAG(s) dict_keys(['example_xcom_args_with_operators', 'example_xcom_args']) retrieved from /home/airflow/.local/lib/python3.7/site-packages/airflow/example_dags/example_xcomargs.py
[2024-09-29T05:46:42.367+0000] {logging_mixin.py:120} INFO - [2024-09-29T05:46:42.367+0000] {dag.py:2585} INFO - Sync 2 DAGs
[2024-09-29T05:46:42.546+0000] {logging_mixin.py:120} INFO - [2024-09-29T05:46:42.546+0000] {dag.py:3340} INFO - Setting next_dagrun for example_xcom_args to None, run_after=None
[2024-09-29T05:46:42.568+0000] {logging_mixin.py:120} INFO - [2024-09-29T05:46:42.567+0000] {dag.py:3340} INFO - Setting next_dagrun for example_xcom_args_with_operators to None, run_after=None
[2024-09-29T05:46:42.659+0000] {processor.py:176} INFO - Processing /home/airflow/.local/lib/python3.7/site-packages/airflow/example_dags/example_xcomargs.py took 0.825 seconds
[2024-09-29T05:47:54.515+0000] {processor.py:154} INFO - Started process (PID=55815) to work on /home/airflow/.local/lib/python3.7/site-packages/airflow/example_dags/example_xcomargs.py
[2024-09-29T05:47:54.528+0000] {processor.py:756} INFO - Processing file /home/airflow/.local/lib/python3.7/site-packages/airflow/example_dags/example_xcomargs.py for tasks to queue
[2024-09-29T05:47:54.532+0000] {logging_mixin.py:120} INFO - [2024-09-29T05:47:54.531+0000] {dagbag.py:537} INFO - Filling up the DagBag from /home/airflow/.local/lib/python3.7/site-packages/airflow/example_dags/example_xcomargs.py
[2024-09-29T05:47:54.683+0000] {processor.py:766} INFO - DAG(s) dict_keys(['example_xcom_args_with_operators', 'example_xcom_args']) retrieved from /home/airflow/.local/lib/python3.7/site-packages/airflow/example_dags/example_xcomargs.py
[2024-09-29T05:47:54.947+0000] {logging_mixin.py:120} INFO - [2024-09-29T05:47:54.947+0000] {dag.py:2585} INFO - Sync 2 DAGs
[2024-09-29T05:47:55.112+0000] {logging_mixin.py:120} INFO - [2024-09-29T05:47:55.112+0000] {dag.py:3340} INFO - Setting next_dagrun for example_xcom_args to None, run_after=None
[2024-09-29T05:47:55.133+0000] {logging_mixin.py:120} INFO - [2024-09-29T05:47:55.132+0000] {dag.py:3340} INFO - Setting next_dagrun for example_xcom_args_with_operators to None, run_after=None
[2024-09-29T05:47:55.209+0000] {processor.py:176} INFO - Processing /home/airflow/.local/lib/python3.7/site-packages/airflow/example_dags/example_xcomargs.py took 0.711 seconds
[2024-09-29T05:49:18.882+0000] {processor.py:154} INFO - Started process (PID=55876) to work on /home/airflow/.local/lib/python3.7/site-packages/airflow/example_dags/example_xcomargs.py
[2024-09-29T05:49:18.890+0000] {processor.py:756} INFO - Processing file /home/airflow/.local/lib/python3.7/site-packages/airflow/example_dags/example_xcomargs.py for tasks to queue
[2024-09-29T05:49:18.894+0000] {logging_mixin.py:120} INFO - [2024-09-29T05:49:18.893+0000] {dagbag.py:537} INFO - Filling up the DagBag from /home/airflow/.local/lib/python3.7/site-packages/airflow/example_dags/example_xcomargs.py
[2024-09-29T05:49:18.994+0000] {processor.py:766} INFO - DAG(s) dict_keys(['example_xcom_args_with_operators', 'example_xcom_args']) retrieved from /home/airflow/.local/lib/python3.7/site-packages/airflow/example_dags/example_xcomargs.py
[2024-09-29T05:49:19.186+0000] {logging_mixin.py:120} INFO - [2024-09-29T05:49:19.186+0000] {dag.py:2585} INFO - Sync 2 DAGs
[2024-09-29T05:49:19.297+0000] {logging_mixin.py:120} INFO - [2024-09-29T05:49:19.297+0000] {dag.py:3340} INFO - Setting next_dagrun for example_xcom_args to None, run_after=None
[2024-09-29T05:49:19.309+0000] {logging_mixin.py:120} INFO - [2024-09-29T05:49:19.309+0000] {dag.py:3340} INFO - Setting next_dagrun for example_xcom_args_with_operators to None, run_after=None
[2024-09-29T05:49:19.372+0000] {processor.py:176} INFO - Processing /home/airflow/.local/lib/python3.7/site-packages/airflow/example_dags/example_xcomargs.py took 0.513 seconds
[2024-09-29T05:51:03.661+0000] {processor.py:154} INFO - Started process (PID=55962) to work on /home/airflow/.local/lib/python3.7/site-packages/airflow/example_dags/example_xcomargs.py
[2024-09-29T05:51:03.671+0000] {processor.py:756} INFO - Processing file /home/airflow/.local/lib/python3.7/site-packages/airflow/example_dags/example_xcomargs.py for tasks to queue
[2024-09-29T05:51:03.677+0000] {logging_mixin.py:120} INFO - [2024-09-29T05:51:03.677+0000] {dagbag.py:537} INFO - Filling up the DagBag from /home/airflow/.local/lib/python3.7/site-packages/airflow/example_dags/example_xcomargs.py
[2024-09-29T05:51:03.832+0000] {processor.py:766} INFO - DAG(s) dict_keys(['example_xcom_args_with_operators', 'example_xcom_args']) retrieved from /home/airflow/.local/lib/python3.7/site-packages/airflow/example_dags/example_xcomargs.py
[2024-09-29T05:51:04.079+0000] {logging_mixin.py:120} INFO - [2024-09-29T05:51:04.078+0000] {dag.py:2585} INFO - Sync 2 DAGs
[2024-09-29T05:51:04.234+0000] {logging_mixin.py:120} INFO - [2024-09-29T05:51:04.234+0000] {dag.py:3340} INFO - Setting next_dagrun for example_xcom_args to None, run_after=None
[2024-09-29T05:51:04.259+0000] {logging_mixin.py:120} INFO - [2024-09-29T05:51:04.258+0000] {dag.py:3340} INFO - Setting next_dagrun for example_xcom_args_with_operators to None, run_after=None
[2024-09-29T05:51:04.361+0000] {processor.py:176} INFO - Processing /home/airflow/.local/lib/python3.7/site-packages/airflow/example_dags/example_xcomargs.py took 0.727 seconds
[2024-09-29T05:52:52.997+0000] {processor.py:154} INFO - Started process (PID=56064) to work on /home/airflow/.local/lib/python3.7/site-packages/airflow/example_dags/example_xcomargs.py
[2024-09-29T05:52:53.009+0000] {processor.py:756} INFO - Processing file /home/airflow/.local/lib/python3.7/site-packages/airflow/example_dags/example_xcomargs.py for tasks to queue
[2024-09-29T05:52:53.017+0000] {logging_mixin.py:120} INFO - [2024-09-29T05:52:53.016+0000] {dagbag.py:537} INFO - Filling up the DagBag from /home/airflow/.local/lib/python3.7/site-packages/airflow/example_dags/example_xcomargs.py
[2024-09-29T05:52:53.136+0000] {processor.py:766} INFO - DAG(s) dict_keys(['example_xcom_args_with_operators', 'example_xcom_args']) retrieved from /home/airflow/.local/lib/python3.7/site-packages/airflow/example_dags/example_xcomargs.py
[2024-09-29T05:52:53.353+0000] {logging_mixin.py:120} INFO - [2024-09-29T05:52:53.353+0000] {dag.py:2585} INFO - Sync 2 DAGs
[2024-09-29T05:52:53.495+0000] {logging_mixin.py:120} INFO - [2024-09-29T05:52:53.495+0000] {dag.py:3340} INFO - Setting next_dagrun for example_xcom_args to None, run_after=None
[2024-09-29T05:52:53.507+0000] {logging_mixin.py:120} INFO - [2024-09-29T05:52:53.506+0000] {dag.py:3340} INFO - Setting next_dagrun for example_xcom_args_with_operators to None, run_after=None
[2024-09-29T05:52:53.577+0000] {processor.py:176} INFO - Processing /home/airflow/.local/lib/python3.7/site-packages/airflow/example_dags/example_xcomargs.py took 0.595 seconds
