[2024-09-29T00:00:27.327+0000] {processor.py:154} INFO - Started process (PID=46543) to work on /home/airflow/.local/lib/python3.7/site-packages/airflow/example_dags/example_complex.py
[2024-09-29T00:00:27.329+0000] {processor.py:756} INFO - Processing file /home/airflow/.local/lib/python3.7/site-packages/airflow/example_dags/example_complex.py for tasks to queue
[2024-09-29T00:00:27.331+0000] {logging_mixin.py:120} INFO - [2024-09-29T00:00:27.330+0000] {dagbag.py:537} INFO - Filling up the DagBag from /home/airflow/.local/lib/python3.7/site-packages/airflow/example_dags/example_complex.py
[2024-09-29T00:00:27.356+0000] {logging_mixin.py:120} INFO - [2024-09-29T00:00:27.356+0000] {taskmixin.py:205} WARNING - Dependency <Task(BashOperator): create_entry_group>, delete_entry_group already registered for DAG: example_complex
[2024-09-29T00:00:27.357+0000] {logging_mixin.py:120} INFO - [2024-09-29T00:00:27.357+0000] {taskmixin.py:205} WARNING - Dependency <Task(BashOperator): delete_entry_group>, create_entry_group already registered for DAG: example_complex
[2024-09-29T00:00:27.358+0000] {logging_mixin.py:120} INFO - [2024-09-29T00:00:27.358+0000] {taskmixin.py:205} WARNING - Dependency <Task(BashOperator): create_entry_gcs>, delete_entry already registered for DAG: example_complex
[2024-09-29T00:00:27.359+0000] {logging_mixin.py:120} INFO - [2024-09-29T00:00:27.359+0000] {taskmixin.py:205} WARNING - Dependency <Task(BashOperator): delete_entry>, create_entry_gcs already registered for DAG: example_complex
[2024-09-29T00:00:27.360+0000] {logging_mixin.py:120} INFO - [2024-09-29T00:00:27.360+0000] {taskmixin.py:205} WARNING - Dependency <Task(BashOperator): create_tag>, delete_tag already registered for DAG: example_complex
[2024-09-29T00:00:27.361+0000] {logging_mixin.py:120} INFO - [2024-09-29T00:00:27.361+0000] {taskmixin.py:205} WARNING - Dependency <Task(BashOperator): delete_tag>, create_tag already registered for DAG: example_complex
[2024-09-29T00:00:27.380+0000] {processor.py:766} INFO - DAG(s) dict_keys(['example_complex']) retrieved from /home/airflow/.local/lib/python3.7/site-packages/airflow/example_dags/example_complex.py
[2024-09-29T00:00:27.478+0000] {logging_mixin.py:120} INFO - [2024-09-29T00:00:27.478+0000] {dag.py:2585} INFO - Sync 1 DAGs
[2024-09-29T00:00:27.530+0000] {logging_mixin.py:120} INFO - [2024-09-29T00:00:27.530+0000] {dag.py:3340} INFO - Setting next_dagrun for example_complex to None, run_after=None
[2024-09-29T00:00:27.566+0000] {processor.py:176} INFO - Processing /home/airflow/.local/lib/python3.7/site-packages/airflow/example_dags/example_complex.py took 0.245 seconds
[2024-09-29T00:00:57.691+0000] {processor.py:154} INFO - Started process (PID=46606) to work on /home/airflow/.local/lib/python3.7/site-packages/airflow/example_dags/example_complex.py
[2024-09-29T00:00:57.692+0000] {processor.py:756} INFO - Processing file /home/airflow/.local/lib/python3.7/site-packages/airflow/example_dags/example_complex.py for tasks to queue
[2024-09-29T00:00:57.694+0000] {logging_mixin.py:120} INFO - [2024-09-29T00:00:57.693+0000] {dagbag.py:537} INFO - Filling up the DagBag from /home/airflow/.local/lib/python3.7/site-packages/airflow/example_dags/example_complex.py
[2024-09-29T00:00:57.713+0000] {logging_mixin.py:120} INFO - [2024-09-29T00:00:57.713+0000] {taskmixin.py:205} WARNING - Dependency <Task(BashOperator): create_entry_group>, delete_entry_group already registered for DAG: example_complex
[2024-09-29T00:00:57.716+0000] {logging_mixin.py:120} INFO - [2024-09-29T00:00:57.716+0000] {taskmixin.py:205} WARNING - Dependency <Task(BashOperator): delete_entry_group>, create_entry_group already registered for DAG: example_complex
[2024-09-29T00:00:57.717+0000] {logging_mixin.py:120} INFO - [2024-09-29T00:00:57.716+0000] {taskmixin.py:205} WARNING - Dependency <Task(BashOperator): create_entry_gcs>, delete_entry already registered for DAG: example_complex
[2024-09-29T00:00:57.717+0000] {logging_mixin.py:120} INFO - [2024-09-29T00:00:57.717+0000] {taskmixin.py:205} WARNING - Dependency <Task(BashOperator): delete_entry>, create_entry_gcs already registered for DAG: example_complex
[2024-09-29T00:00:57.718+0000] {logging_mixin.py:120} INFO - [2024-09-29T00:00:57.718+0000] {taskmixin.py:205} WARNING - Dependency <Task(BashOperator): create_tag>, delete_tag already registered for DAG: example_complex
[2024-09-29T00:00:57.719+0000] {logging_mixin.py:120} INFO - [2024-09-29T00:00:57.718+0000] {taskmixin.py:205} WARNING - Dependency <Task(BashOperator): delete_tag>, create_tag already registered for DAG: example_complex
[2024-09-29T00:00:57.731+0000] {processor.py:766} INFO - DAG(s) dict_keys(['example_complex']) retrieved from /home/airflow/.local/lib/python3.7/site-packages/airflow/example_dags/example_complex.py
[2024-09-29T00:00:57.814+0000] {logging_mixin.py:120} INFO - [2024-09-29T00:00:57.814+0000] {dag.py:2585} INFO - Sync 1 DAGs
[2024-09-29T00:00:57.857+0000] {logging_mixin.py:120} INFO - [2024-09-29T00:00:57.857+0000] {dag.py:3340} INFO - Setting next_dagrun for example_complex to None, run_after=None
[2024-09-29T00:00:57.896+0000] {processor.py:176} INFO - Processing /home/airflow/.local/lib/python3.7/site-packages/airflow/example_dags/example_complex.py took 0.210 seconds
[2024-09-29T00:01:27.962+0000] {processor.py:154} INFO - Started process (PID=46677) to work on /home/airflow/.local/lib/python3.7/site-packages/airflow/example_dags/example_complex.py
[2024-09-29T00:01:27.963+0000] {processor.py:756} INFO - Processing file /home/airflow/.local/lib/python3.7/site-packages/airflow/example_dags/example_complex.py for tasks to queue
[2024-09-29T00:01:27.964+0000] {logging_mixin.py:120} INFO - [2024-09-29T00:01:27.964+0000] {dagbag.py:537} INFO - Filling up the DagBag from /home/airflow/.local/lib/python3.7/site-packages/airflow/example_dags/example_complex.py
[2024-09-29T00:01:27.981+0000] {logging_mixin.py:120} INFO - [2024-09-29T00:01:27.981+0000] {taskmixin.py:205} WARNING - Dependency <Task(BashOperator): create_entry_group>, delete_entry_group already registered for DAG: example_complex
[2024-09-29T00:01:27.982+0000] {logging_mixin.py:120} INFO - [2024-09-29T00:01:27.982+0000] {taskmixin.py:205} WARNING - Dependency <Task(BashOperator): delete_entry_group>, create_entry_group already registered for DAG: example_complex
[2024-09-29T00:01:27.986+0000] {logging_mixin.py:120} INFO - [2024-09-29T00:01:27.986+0000] {taskmixin.py:205} WARNING - Dependency <Task(BashOperator): create_entry_gcs>, delete_entry already registered for DAG: example_complex
[2024-09-29T00:01:27.986+0000] {logging_mixin.py:120} INFO - [2024-09-29T00:01:27.986+0000] {taskmixin.py:205} WARNING - Dependency <Task(BashOperator): delete_entry>, create_entry_gcs already registered for DAG: example_complex
[2024-09-29T00:01:27.987+0000] {logging_mixin.py:120} INFO - [2024-09-29T00:01:27.987+0000] {taskmixin.py:205} WARNING - Dependency <Task(BashOperator): create_tag>, delete_tag already registered for DAG: example_complex
[2024-09-29T00:01:27.987+0000] {logging_mixin.py:120} INFO - [2024-09-29T00:01:27.987+0000] {taskmixin.py:205} WARNING - Dependency <Task(BashOperator): delete_tag>, create_tag already registered for DAG: example_complex
[2024-09-29T00:01:27.998+0000] {processor.py:766} INFO - DAG(s) dict_keys(['example_complex']) retrieved from /home/airflow/.local/lib/python3.7/site-packages/airflow/example_dags/example_complex.py
[2024-09-29T00:01:28.061+0000] {logging_mixin.py:120} INFO - [2024-09-29T00:01:28.061+0000] {dag.py:2585} INFO - Sync 1 DAGs
[2024-09-29T00:01:28.097+0000] {logging_mixin.py:120} INFO - [2024-09-29T00:01:28.097+0000] {dag.py:3340} INFO - Setting next_dagrun for example_complex to None, run_after=None
[2024-09-29T00:01:28.124+0000] {processor.py:176} INFO - Processing /home/airflow/.local/lib/python3.7/site-packages/airflow/example_dags/example_complex.py took 0.167 seconds
[2024-09-29T00:01:58.224+0000] {processor.py:154} INFO - Started process (PID=46740) to work on /home/airflow/.local/lib/python3.7/site-packages/airflow/example_dags/example_complex.py
[2024-09-29T00:01:58.226+0000] {processor.py:756} INFO - Processing file /home/airflow/.local/lib/python3.7/site-packages/airflow/example_dags/example_complex.py for tasks to queue
[2024-09-29T00:01:58.227+0000] {logging_mixin.py:120} INFO - [2024-09-29T00:01:58.227+0000] {dagbag.py:537} INFO - Filling up the DagBag from /home/airflow/.local/lib/python3.7/site-packages/airflow/example_dags/example_complex.py
[2024-09-29T00:01:58.244+0000] {logging_mixin.py:120} INFO - [2024-09-29T00:01:58.244+0000] {taskmixin.py:205} WARNING - Dependency <Task(BashOperator): create_entry_group>, delete_entry_group already registered for DAG: example_complex
[2024-09-29T00:01:58.245+0000] {logging_mixin.py:120} INFO - [2024-09-29T00:01:58.245+0000] {taskmixin.py:205} WARNING - Dependency <Task(BashOperator): delete_entry_group>, create_entry_group already registered for DAG: example_complex
[2024-09-29T00:01:58.245+0000] {logging_mixin.py:120} INFO - [2024-09-29T00:01:58.245+0000] {taskmixin.py:205} WARNING - Dependency <Task(BashOperator): create_entry_gcs>, delete_entry already registered for DAG: example_complex
[2024-09-29T00:01:58.246+0000] {logging_mixin.py:120} INFO - [2024-09-29T00:01:58.246+0000] {taskmixin.py:205} WARNING - Dependency <Task(BashOperator): delete_entry>, create_entry_gcs already registered for DAG: example_complex
[2024-09-29T00:01:58.246+0000] {logging_mixin.py:120} INFO - [2024-09-29T00:01:58.246+0000] {taskmixin.py:205} WARNING - Dependency <Task(BashOperator): create_tag>, delete_tag already registered for DAG: example_complex
[2024-09-29T00:01:58.247+0000] {logging_mixin.py:120} INFO - [2024-09-29T00:01:58.247+0000] {taskmixin.py:205} WARNING - Dependency <Task(BashOperator): delete_tag>, create_tag already registered for DAG: example_complex
[2024-09-29T00:01:58.259+0000] {processor.py:766} INFO - DAG(s) dict_keys(['example_complex']) retrieved from /home/airflow/.local/lib/python3.7/site-packages/airflow/example_dags/example_complex.py
[2024-09-29T00:01:58.334+0000] {logging_mixin.py:120} INFO - [2024-09-29T00:01:58.334+0000] {dag.py:2585} INFO - Sync 1 DAGs
[2024-09-29T00:01:58.375+0000] {logging_mixin.py:120} INFO - [2024-09-29T00:01:58.375+0000] {dag.py:3340} INFO - Setting next_dagrun for example_complex to None, run_after=None
[2024-09-29T00:01:58.409+0000] {processor.py:176} INFO - Processing /home/airflow/.local/lib/python3.7/site-packages/airflow/example_dags/example_complex.py took 0.189 seconds
[2024-09-29T00:02:28.453+0000] {processor.py:154} INFO - Started process (PID=46812) to work on /home/airflow/.local/lib/python3.7/site-packages/airflow/example_dags/example_complex.py
[2024-09-29T00:02:28.454+0000] {processor.py:756} INFO - Processing file /home/airflow/.local/lib/python3.7/site-packages/airflow/example_dags/example_complex.py for tasks to queue
[2024-09-29T00:02:28.455+0000] {logging_mixin.py:120} INFO - [2024-09-29T00:02:28.455+0000] {dagbag.py:537} INFO - Filling up the DagBag from /home/airflow/.local/lib/python3.7/site-packages/airflow/example_dags/example_complex.py
[2024-09-29T00:02:28.469+0000] {logging_mixin.py:120} INFO - [2024-09-29T00:02:28.469+0000] {taskmixin.py:205} WARNING - Dependency <Task(BashOperator): create_entry_group>, delete_entry_group already registered for DAG: example_complex
[2024-09-29T00:02:28.470+0000] {logging_mixin.py:120} INFO - [2024-09-29T00:02:28.470+0000] {taskmixin.py:205} WARNING - Dependency <Task(BashOperator): delete_entry_group>, create_entry_group already registered for DAG: example_complex
[2024-09-29T00:02:28.470+0000] {logging_mixin.py:120} INFO - [2024-09-29T00:02:28.470+0000] {taskmixin.py:205} WARNING - Dependency <Task(BashOperator): create_entry_gcs>, delete_entry already registered for DAG: example_complex
[2024-09-29T00:02:28.471+0000] {logging_mixin.py:120} INFO - [2024-09-29T00:02:28.471+0000] {taskmixin.py:205} WARNING - Dependency <Task(BashOperator): delete_entry>, create_entry_gcs already registered for DAG: example_complex
[2024-09-29T00:02:28.471+0000] {logging_mixin.py:120} INFO - [2024-09-29T00:02:28.471+0000] {taskmixin.py:205} WARNING - Dependency <Task(BashOperator): create_tag>, delete_tag already registered for DAG: example_complex
[2024-09-29T00:02:28.472+0000] {logging_mixin.py:120} INFO - [2024-09-29T00:02:28.472+0000] {taskmixin.py:205} WARNING - Dependency <Task(BashOperator): delete_tag>, create_tag already registered for DAG: example_complex
[2024-09-29T00:02:28.482+0000] {processor.py:766} INFO - DAG(s) dict_keys(['example_complex']) retrieved from /home/airflow/.local/lib/python3.7/site-packages/airflow/example_dags/example_complex.py
[2024-09-29T00:02:28.549+0000] {logging_mixin.py:120} INFO - [2024-09-29T00:02:28.548+0000] {dag.py:2585} INFO - Sync 1 DAGs
[2024-09-29T00:02:28.584+0000] {logging_mixin.py:120} INFO - [2024-09-29T00:02:28.584+0000] {dag.py:3340} INFO - Setting next_dagrun for example_complex to None, run_after=None
[2024-09-29T00:02:28.611+0000] {processor.py:176} INFO - Processing /home/airflow/.local/lib/python3.7/site-packages/airflow/example_dags/example_complex.py took 0.162 seconds
[2024-09-29T00:02:58.797+0000] {processor.py:154} INFO - Started process (PID=46883) to work on /home/airflow/.local/lib/python3.7/site-packages/airflow/example_dags/example_complex.py
[2024-09-29T00:02:58.799+0000] {processor.py:756} INFO - Processing file /home/airflow/.local/lib/python3.7/site-packages/airflow/example_dags/example_complex.py for tasks to queue
[2024-09-29T00:02:58.802+0000] {logging_mixin.py:120} INFO - [2024-09-29T00:02:58.802+0000] {dagbag.py:537} INFO - Filling up the DagBag from /home/airflow/.local/lib/python3.7/site-packages/airflow/example_dags/example_complex.py
[2024-09-29T00:02:58.818+0000] {logging_mixin.py:120} INFO - [2024-09-29T00:02:58.818+0000] {taskmixin.py:205} WARNING - Dependency <Task(BashOperator): create_entry_group>, delete_entry_group already registered for DAG: example_complex
[2024-09-29T00:02:58.820+0000] {logging_mixin.py:120} INFO - [2024-09-29T00:02:58.820+0000] {taskmixin.py:205} WARNING - Dependency <Task(BashOperator): delete_entry_group>, create_entry_group already registered for DAG: example_complex
[2024-09-29T00:02:58.825+0000] {logging_mixin.py:120} INFO - [2024-09-29T00:02:58.824+0000] {taskmixin.py:205} WARNING - Dependency <Task(BashOperator): create_entry_gcs>, delete_entry already registered for DAG: example_complex
[2024-09-29T00:02:58.825+0000] {logging_mixin.py:120} INFO - [2024-09-29T00:02:58.825+0000] {taskmixin.py:205} WARNING - Dependency <Task(BashOperator): delete_entry>, create_entry_gcs already registered for DAG: example_complex
[2024-09-29T00:02:58.826+0000] {logging_mixin.py:120} INFO - [2024-09-29T00:02:58.825+0000] {taskmixin.py:205} WARNING - Dependency <Task(BashOperator): create_tag>, delete_tag already registered for DAG: example_complex
[2024-09-29T00:02:58.826+0000] {logging_mixin.py:120} INFO - [2024-09-29T00:02:58.826+0000] {taskmixin.py:205} WARNING - Dependency <Task(BashOperator): delete_tag>, create_tag already registered for DAG: example_complex
[2024-09-29T00:02:58.836+0000] {processor.py:766} INFO - DAG(s) dict_keys(['example_complex']) retrieved from /home/airflow/.local/lib/python3.7/site-packages/airflow/example_dags/example_complex.py
[2024-09-29T00:02:58.898+0000] {logging_mixin.py:120} INFO - [2024-09-29T00:02:58.898+0000] {dag.py:2585} INFO - Sync 1 DAGs
[2024-09-29T00:02:58.932+0000] {logging_mixin.py:120} INFO - [2024-09-29T00:02:58.932+0000] {dag.py:3340} INFO - Setting next_dagrun for example_complex to None, run_after=None
[2024-09-29T00:02:58.963+0000] {processor.py:176} INFO - Processing /home/airflow/.local/lib/python3.7/site-packages/airflow/example_dags/example_complex.py took 0.171 seconds
[2024-09-29T00:03:29.050+0000] {processor.py:154} INFO - Started process (PID=46946) to work on /home/airflow/.local/lib/python3.7/site-packages/airflow/example_dags/example_complex.py
[2024-09-29T00:03:29.051+0000] {processor.py:756} INFO - Processing file /home/airflow/.local/lib/python3.7/site-packages/airflow/example_dags/example_complex.py for tasks to queue
[2024-09-29T00:03:29.052+0000] {logging_mixin.py:120} INFO - [2024-09-29T00:03:29.052+0000] {dagbag.py:537} INFO - Filling up the DagBag from /home/airflow/.local/lib/python3.7/site-packages/airflow/example_dags/example_complex.py
[2024-09-29T00:03:29.068+0000] {logging_mixin.py:120} INFO - [2024-09-29T00:03:29.067+0000] {taskmixin.py:205} WARNING - Dependency <Task(BashOperator): create_entry_group>, delete_entry_group already registered for DAG: example_complex
[2024-09-29T00:03:29.068+0000] {logging_mixin.py:120} INFO - [2024-09-29T00:03:29.068+0000] {taskmixin.py:205} WARNING - Dependency <Task(BashOperator): delete_entry_group>, create_entry_group already registered for DAG: example_complex
[2024-09-29T00:03:29.068+0000] {logging_mixin.py:120} INFO - [2024-09-29T00:03:29.068+0000] {taskmixin.py:205} WARNING - Dependency <Task(BashOperator): create_entry_gcs>, delete_entry already registered for DAG: example_complex
[2024-09-29T00:03:29.069+0000] {logging_mixin.py:120} INFO - [2024-09-29T00:03:29.069+0000] {taskmixin.py:205} WARNING - Dependency <Task(BashOperator): delete_entry>, create_entry_gcs already registered for DAG: example_complex
[2024-09-29T00:03:29.069+0000] {logging_mixin.py:120} INFO - [2024-09-29T00:03:29.069+0000] {taskmixin.py:205} WARNING - Dependency <Task(BashOperator): create_tag>, delete_tag already registered for DAG: example_complex
[2024-09-29T00:03:29.070+0000] {logging_mixin.py:120} INFO - [2024-09-29T00:03:29.070+0000] {taskmixin.py:205} WARNING - Dependency <Task(BashOperator): delete_tag>, create_tag already registered for DAG: example_complex
[2024-09-29T00:03:29.080+0000] {processor.py:766} INFO - DAG(s) dict_keys(['example_complex']) retrieved from /home/airflow/.local/lib/python3.7/site-packages/airflow/example_dags/example_complex.py
[2024-09-29T00:03:29.141+0000] {logging_mixin.py:120} INFO - [2024-09-29T00:03:29.141+0000] {dag.py:2585} INFO - Sync 1 DAGs
[2024-09-29T00:03:29.182+0000] {logging_mixin.py:120} INFO - [2024-09-29T00:03:29.182+0000] {dag.py:3340} INFO - Setting next_dagrun for example_complex to None, run_after=None
[2024-09-29T00:03:29.207+0000] {processor.py:176} INFO - Processing /home/airflow/.local/lib/python3.7/site-packages/airflow/example_dags/example_complex.py took 0.162 seconds
[2024-09-29T00:03:59.258+0000] {processor.py:154} INFO - Started process (PID=47018) to work on /home/airflow/.local/lib/python3.7/site-packages/airflow/example_dags/example_complex.py
[2024-09-29T00:03:59.260+0000] {processor.py:756} INFO - Processing file /home/airflow/.local/lib/python3.7/site-packages/airflow/example_dags/example_complex.py for tasks to queue
[2024-09-29T00:03:59.262+0000] {logging_mixin.py:120} INFO - [2024-09-29T00:03:59.261+0000] {dagbag.py:537} INFO - Filling up the DagBag from /home/airflow/.local/lib/python3.7/site-packages/airflow/example_dags/example_complex.py
[2024-09-29T00:03:59.278+0000] {logging_mixin.py:120} INFO - [2024-09-29T00:03:59.278+0000] {taskmixin.py:205} WARNING - Dependency <Task(BashOperator): create_entry_group>, delete_entry_group already registered for DAG: example_complex
[2024-09-29T00:03:59.278+0000] {logging_mixin.py:120} INFO - [2024-09-29T00:03:59.278+0000] {taskmixin.py:205} WARNING - Dependency <Task(BashOperator): delete_entry_group>, create_entry_group already registered for DAG: example_complex
[2024-09-29T00:03:59.279+0000] {logging_mixin.py:120} INFO - [2024-09-29T00:03:59.279+0000] {taskmixin.py:205} WARNING - Dependency <Task(BashOperator): create_entry_gcs>, delete_entry already registered for DAG: example_complex
[2024-09-29T00:03:59.279+0000] {logging_mixin.py:120} INFO - [2024-09-29T00:03:59.279+0000] {taskmixin.py:205} WARNING - Dependency <Task(BashOperator): delete_entry>, create_entry_gcs already registered for DAG: example_complex
[2024-09-29T00:03:59.280+0000] {logging_mixin.py:120} INFO - [2024-09-29T00:03:59.280+0000] {taskmixin.py:205} WARNING - Dependency <Task(BashOperator): create_tag>, delete_tag already registered for DAG: example_complex
[2024-09-29T00:03:59.281+0000] {logging_mixin.py:120} INFO - [2024-09-29T00:03:59.281+0000] {taskmixin.py:205} WARNING - Dependency <Task(BashOperator): delete_tag>, create_tag already registered for DAG: example_complex
[2024-09-29T00:03:59.291+0000] {processor.py:766} INFO - DAG(s) dict_keys(['example_complex']) retrieved from /home/airflow/.local/lib/python3.7/site-packages/airflow/example_dags/example_complex.py
[2024-09-29T00:03:59.359+0000] {logging_mixin.py:120} INFO - [2024-09-29T00:03:59.359+0000] {dag.py:2585} INFO - Sync 1 DAGs
[2024-09-29T00:03:59.396+0000] {logging_mixin.py:120} INFO - [2024-09-29T00:03:59.396+0000] {dag.py:3340} INFO - Setting next_dagrun for example_complex to None, run_after=None
[2024-09-29T00:03:59.429+0000] {processor.py:176} INFO - Processing /home/airflow/.local/lib/python3.7/site-packages/airflow/example_dags/example_complex.py took 0.176 seconds
[2024-09-29T00:04:29.663+0000] {processor.py:154} INFO - Started process (PID=47080) to work on /home/airflow/.local/lib/python3.7/site-packages/airflow/example_dags/example_complex.py
[2024-09-29T00:04:29.664+0000] {processor.py:756} INFO - Processing file /home/airflow/.local/lib/python3.7/site-packages/airflow/example_dags/example_complex.py for tasks to queue
[2024-09-29T00:04:29.665+0000] {logging_mixin.py:120} INFO - [2024-09-29T00:04:29.665+0000] {dagbag.py:537} INFO - Filling up the DagBag from /home/airflow/.local/lib/python3.7/site-packages/airflow/example_dags/example_complex.py
[2024-09-29T00:04:29.682+0000] {logging_mixin.py:120} INFO - [2024-09-29T00:04:29.681+0000] {taskmixin.py:205} WARNING - Dependency <Task(BashOperator): create_entry_group>, delete_entry_group already registered for DAG: example_complex
[2024-09-29T00:04:29.682+0000] {logging_mixin.py:120} INFO - [2024-09-29T00:04:29.682+0000] {taskmixin.py:205} WARNING - Dependency <Task(BashOperator): delete_entry_group>, create_entry_group already registered for DAG: example_complex
[2024-09-29T00:04:29.682+0000] {logging_mixin.py:120} INFO - [2024-09-29T00:04:29.682+0000] {taskmixin.py:205} WARNING - Dependency <Task(BashOperator): create_entry_gcs>, delete_entry already registered for DAG: example_complex
[2024-09-29T00:04:29.683+0000] {logging_mixin.py:120} INFO - [2024-09-29T00:04:29.683+0000] {taskmixin.py:205} WARNING - Dependency <Task(BashOperator): delete_entry>, create_entry_gcs already registered for DAG: example_complex
[2024-09-29T00:04:29.683+0000] {logging_mixin.py:120} INFO - [2024-09-29T00:04:29.683+0000] {taskmixin.py:205} WARNING - Dependency <Task(BashOperator): create_tag>, delete_tag already registered for DAG: example_complex
[2024-09-29T00:04:29.684+0000] {logging_mixin.py:120} INFO - [2024-09-29T00:04:29.684+0000] {taskmixin.py:205} WARNING - Dependency <Task(BashOperator): delete_tag>, create_tag already registered for DAG: example_complex
[2024-09-29T00:04:29.694+0000] {processor.py:766} INFO - DAG(s) dict_keys(['example_complex']) retrieved from /home/airflow/.local/lib/python3.7/site-packages/airflow/example_dags/example_complex.py
[2024-09-29T00:04:29.755+0000] {logging_mixin.py:120} INFO - [2024-09-29T00:04:29.755+0000] {dag.py:2585} INFO - Sync 1 DAGs
[2024-09-29T00:04:29.788+0000] {logging_mixin.py:120} INFO - [2024-09-29T00:04:29.787+0000] {dag.py:3340} INFO - Setting next_dagrun for example_complex to None, run_after=None
[2024-09-29T00:04:29.817+0000] {processor.py:176} INFO - Processing /home/airflow/.local/lib/python3.7/site-packages/airflow/example_dags/example_complex.py took 0.158 seconds
[2024-09-29T00:04:59.913+0000] {processor.py:154} INFO - Started process (PID=47151) to work on /home/airflow/.local/lib/python3.7/site-packages/airflow/example_dags/example_complex.py
[2024-09-29T00:04:59.914+0000] {processor.py:756} INFO - Processing file /home/airflow/.local/lib/python3.7/site-packages/airflow/example_dags/example_complex.py for tasks to queue
[2024-09-29T00:04:59.915+0000] {logging_mixin.py:120} INFO - [2024-09-29T00:04:59.915+0000] {dagbag.py:537} INFO - Filling up the DagBag from /home/airflow/.local/lib/python3.7/site-packages/airflow/example_dags/example_complex.py
[2024-09-29T00:04:59.934+0000] {logging_mixin.py:120} INFO - [2024-09-29T00:04:59.934+0000] {taskmixin.py:205} WARNING - Dependency <Task(BashOperator): create_entry_group>, delete_entry_group already registered for DAG: example_complex
[2024-09-29T00:04:59.935+0000] {logging_mixin.py:120} INFO - [2024-09-29T00:04:59.935+0000] {taskmixin.py:205} WARNING - Dependency <Task(BashOperator): delete_entry_group>, create_entry_group already registered for DAG: example_complex
[2024-09-29T00:04:59.935+0000] {logging_mixin.py:120} INFO - [2024-09-29T00:04:59.935+0000] {taskmixin.py:205} WARNING - Dependency <Task(BashOperator): create_entry_gcs>, delete_entry already registered for DAG: example_complex
[2024-09-29T00:04:59.935+0000] {logging_mixin.py:120} INFO - [2024-09-29T00:04:59.935+0000] {taskmixin.py:205} WARNING - Dependency <Task(BashOperator): delete_entry>, create_entry_gcs already registered for DAG: example_complex
[2024-09-29T00:04:59.936+0000] {logging_mixin.py:120} INFO - [2024-09-29T00:04:59.936+0000] {taskmixin.py:205} WARNING - Dependency <Task(BashOperator): create_tag>, delete_tag already registered for DAG: example_complex
[2024-09-29T00:04:59.937+0000] {logging_mixin.py:120} INFO - [2024-09-29T00:04:59.936+0000] {taskmixin.py:205} WARNING - Dependency <Task(BashOperator): delete_tag>, create_tag already registered for DAG: example_complex
[2024-09-29T00:04:59.948+0000] {processor.py:766} INFO - DAG(s) dict_keys(['example_complex']) retrieved from /home/airflow/.local/lib/python3.7/site-packages/airflow/example_dags/example_complex.py
[2024-09-29T00:05:00.024+0000] {logging_mixin.py:120} INFO - [2024-09-29T00:05:00.024+0000] {dag.py:2585} INFO - Sync 1 DAGs
[2024-09-29T00:05:00.061+0000] {logging_mixin.py:120} INFO - [2024-09-29T00:05:00.061+0000] {dag.py:3340} INFO - Setting next_dagrun for example_complex to None, run_after=None
[2024-09-29T00:05:00.089+0000] {processor.py:176} INFO - Processing /home/airflow/.local/lib/python3.7/site-packages/airflow/example_dags/example_complex.py took 0.181 seconds
[2024-09-29T00:05:30.222+0000] {processor.py:154} INFO - Started process (PID=47223) to work on /home/airflow/.local/lib/python3.7/site-packages/airflow/example_dags/example_complex.py
[2024-09-29T00:05:30.223+0000] {processor.py:756} INFO - Processing file /home/airflow/.local/lib/python3.7/site-packages/airflow/example_dags/example_complex.py for tasks to queue
[2024-09-29T00:05:30.224+0000] {logging_mixin.py:120} INFO - [2024-09-29T00:05:30.224+0000] {dagbag.py:537} INFO - Filling up the DagBag from /home/airflow/.local/lib/python3.7/site-packages/airflow/example_dags/example_complex.py
[2024-09-29T00:05:30.241+0000] {logging_mixin.py:120} INFO - [2024-09-29T00:05:30.241+0000] {taskmixin.py:205} WARNING - Dependency <Task(BashOperator): create_entry_group>, delete_entry_group already registered for DAG: example_complex
[2024-09-29T00:05:30.241+0000] {logging_mixin.py:120} INFO - [2024-09-29T00:05:30.241+0000] {taskmixin.py:205} WARNING - Dependency <Task(BashOperator): delete_entry_group>, create_entry_group already registered for DAG: example_complex
[2024-09-29T00:05:30.242+0000] {logging_mixin.py:120} INFO - [2024-09-29T00:05:30.242+0000] {taskmixin.py:205} WARNING - Dependency <Task(BashOperator): create_entry_gcs>, delete_entry already registered for DAG: example_complex
[2024-09-29T00:05:30.242+0000] {logging_mixin.py:120} INFO - [2024-09-29T00:05:30.242+0000] {taskmixin.py:205} WARNING - Dependency <Task(BashOperator): delete_entry>, create_entry_gcs already registered for DAG: example_complex
[2024-09-29T00:05:30.243+0000] {logging_mixin.py:120} INFO - [2024-09-29T00:05:30.243+0000] {taskmixin.py:205} WARNING - Dependency <Task(BashOperator): create_tag>, delete_tag already registered for DAG: example_complex
[2024-09-29T00:05:30.243+0000] {logging_mixin.py:120} INFO - [2024-09-29T00:05:30.243+0000] {taskmixin.py:205} WARNING - Dependency <Task(BashOperator): delete_tag>, create_tag already registered for DAG: example_complex
[2024-09-29T00:05:30.253+0000] {processor.py:766} INFO - DAG(s) dict_keys(['example_complex']) retrieved from /home/airflow/.local/lib/python3.7/site-packages/airflow/example_dags/example_complex.py
[2024-09-29T00:05:30.315+0000] {logging_mixin.py:120} INFO - [2024-09-29T00:05:30.315+0000] {dag.py:2585} INFO - Sync 1 DAGs
[2024-09-29T00:05:30.350+0000] {logging_mixin.py:120} INFO - [2024-09-29T00:05:30.350+0000] {dag.py:3340} INFO - Setting next_dagrun for example_complex to None, run_after=None
[2024-09-29T00:05:30.375+0000] {processor.py:176} INFO - Processing /home/airflow/.local/lib/python3.7/site-packages/airflow/example_dags/example_complex.py took 0.158 seconds
[2024-09-29T00:06:00.648+0000] {processor.py:154} INFO - Started process (PID=47286) to work on /home/airflow/.local/lib/python3.7/site-packages/airflow/example_dags/example_complex.py
[2024-09-29T00:06:00.649+0000] {processor.py:756} INFO - Processing file /home/airflow/.local/lib/python3.7/site-packages/airflow/example_dags/example_complex.py for tasks to queue
[2024-09-29T00:06:00.650+0000] {logging_mixin.py:120} INFO - [2024-09-29T00:06:00.650+0000] {dagbag.py:537} INFO - Filling up the DagBag from /home/airflow/.local/lib/python3.7/site-packages/airflow/example_dags/example_complex.py
[2024-09-29T00:06:00.667+0000] {logging_mixin.py:120} INFO - [2024-09-29T00:06:00.667+0000] {taskmixin.py:205} WARNING - Dependency <Task(BashOperator): create_entry_group>, delete_entry_group already registered for DAG: example_complex
[2024-09-29T00:06:00.668+0000] {logging_mixin.py:120} INFO - [2024-09-29T00:06:00.667+0000] {taskmixin.py:205} WARNING - Dependency <Task(BashOperator): delete_entry_group>, create_entry_group already registered for DAG: example_complex
[2024-09-29T00:06:00.668+0000] {logging_mixin.py:120} INFO - [2024-09-29T00:06:00.668+0000] {taskmixin.py:205} WARNING - Dependency <Task(BashOperator): create_entry_gcs>, delete_entry already registered for DAG: example_complex
[2024-09-29T00:06:00.668+0000] {logging_mixin.py:120} INFO - [2024-09-29T00:06:00.668+0000] {taskmixin.py:205} WARNING - Dependency <Task(BashOperator): delete_entry>, create_entry_gcs already registered for DAG: example_complex
[2024-09-29T00:06:00.669+0000] {logging_mixin.py:120} INFO - [2024-09-29T00:06:00.669+0000] {taskmixin.py:205} WARNING - Dependency <Task(BashOperator): create_tag>, delete_tag already registered for DAG: example_complex
[2024-09-29T00:06:00.669+0000] {logging_mixin.py:120} INFO - [2024-09-29T00:06:00.669+0000] {taskmixin.py:205} WARNING - Dependency <Task(BashOperator): delete_tag>, create_tag already registered for DAG: example_complex
[2024-09-29T00:06:00.679+0000] {processor.py:766} INFO - DAG(s) dict_keys(['example_complex']) retrieved from /home/airflow/.local/lib/python3.7/site-packages/airflow/example_dags/example_complex.py
[2024-09-29T00:06:00.742+0000] {logging_mixin.py:120} INFO - [2024-09-29T00:06:00.742+0000] {dag.py:2585} INFO - Sync 1 DAGs
[2024-09-29T00:06:00.777+0000] {logging_mixin.py:120} INFO - [2024-09-29T00:06:00.776+0000] {dag.py:3340} INFO - Setting next_dagrun for example_complex to None, run_after=None
[2024-09-29T00:06:00.802+0000] {processor.py:176} INFO - Processing /home/airflow/.local/lib/python3.7/site-packages/airflow/example_dags/example_complex.py took 0.158 seconds
[2024-09-29T00:06:30.836+0000] {processor.py:154} INFO - Started process (PID=47358) to work on /home/airflow/.local/lib/python3.7/site-packages/airflow/example_dags/example_complex.py
[2024-09-29T00:06:30.837+0000] {processor.py:756} INFO - Processing file /home/airflow/.local/lib/python3.7/site-packages/airflow/example_dags/example_complex.py for tasks to queue
[2024-09-29T00:06:30.841+0000] {logging_mixin.py:120} INFO - [2024-09-29T00:06:30.841+0000] {dagbag.py:537} INFO - Filling up the DagBag from /home/airflow/.local/lib/python3.7/site-packages/airflow/example_dags/example_complex.py
[2024-09-29T00:06:30.856+0000] {logging_mixin.py:120} INFO - [2024-09-29T00:06:30.856+0000] {taskmixin.py:205} WARNING - Dependency <Task(BashOperator): create_entry_group>, delete_entry_group already registered for DAG: example_complex
[2024-09-29T00:06:30.858+0000] {logging_mixin.py:120} INFO - [2024-09-29T00:06:30.858+0000] {taskmixin.py:205} WARNING - Dependency <Task(BashOperator): delete_entry_group>, create_entry_group already registered for DAG: example_complex
[2024-09-29T00:06:30.859+0000] {logging_mixin.py:120} INFO - [2024-09-29T00:06:30.859+0000] {taskmixin.py:205} WARNING - Dependency <Task(BashOperator): create_entry_gcs>, delete_entry already registered for DAG: example_complex
[2024-09-29T00:06:30.859+0000] {logging_mixin.py:120} INFO - [2024-09-29T00:06:30.859+0000] {taskmixin.py:205} WARNING - Dependency <Task(BashOperator): delete_entry>, create_entry_gcs already registered for DAG: example_complex
[2024-09-29T00:06:30.860+0000] {logging_mixin.py:120} INFO - [2024-09-29T00:06:30.860+0000] {taskmixin.py:205} WARNING - Dependency <Task(BashOperator): create_tag>, delete_tag already registered for DAG: example_complex
[2024-09-29T00:06:30.860+0000] {logging_mixin.py:120} INFO - [2024-09-29T00:06:30.860+0000] {taskmixin.py:205} WARNING - Dependency <Task(BashOperator): delete_tag>, create_tag already registered for DAG: example_complex
[2024-09-29T00:06:30.870+0000] {processor.py:766} INFO - DAG(s) dict_keys(['example_complex']) retrieved from /home/airflow/.local/lib/python3.7/site-packages/airflow/example_dags/example_complex.py
[2024-09-29T00:06:30.931+0000] {logging_mixin.py:120} INFO - [2024-09-29T00:06:30.931+0000] {dag.py:2585} INFO - Sync 1 DAGs
[2024-09-29T00:06:30.963+0000] {logging_mixin.py:120} INFO - [2024-09-29T00:06:30.963+0000] {dag.py:3340} INFO - Setting next_dagrun for example_complex to None, run_after=None
[2024-09-29T00:06:30.988+0000] {processor.py:176} INFO - Processing /home/airflow/.local/lib/python3.7/site-packages/airflow/example_dags/example_complex.py took 0.156 seconds
[2024-09-29T00:07:01.464+0000] {processor.py:154} INFO - Started process (PID=47429) to work on /home/airflow/.local/lib/python3.7/site-packages/airflow/example_dags/example_complex.py
[2024-09-29T00:07:01.465+0000] {processor.py:756} INFO - Processing file /home/airflow/.local/lib/python3.7/site-packages/airflow/example_dags/example_complex.py for tasks to queue
[2024-09-29T00:07:01.466+0000] {logging_mixin.py:120} INFO - [2024-09-29T00:07:01.466+0000] {dagbag.py:537} INFO - Filling up the DagBag from /home/airflow/.local/lib/python3.7/site-packages/airflow/example_dags/example_complex.py
[2024-09-29T00:07:01.482+0000] {logging_mixin.py:120} INFO - [2024-09-29T00:07:01.482+0000] {taskmixin.py:205} WARNING - Dependency <Task(BashOperator): create_entry_group>, delete_entry_group already registered for DAG: example_complex
[2024-09-29T00:07:01.482+0000] {logging_mixin.py:120} INFO - [2024-09-29T00:07:01.482+0000] {taskmixin.py:205} WARNING - Dependency <Task(BashOperator): delete_entry_group>, create_entry_group already registered for DAG: example_complex
[2024-09-29T00:07:01.483+0000] {logging_mixin.py:120} INFO - [2024-09-29T00:07:01.483+0000] {taskmixin.py:205} WARNING - Dependency <Task(BashOperator): create_entry_gcs>, delete_entry already registered for DAG: example_complex
[2024-09-29T00:07:01.483+0000] {logging_mixin.py:120} INFO - [2024-09-29T00:07:01.483+0000] {taskmixin.py:205} WARNING - Dependency <Task(BashOperator): delete_entry>, create_entry_gcs already registered for DAG: example_complex
[2024-09-29T00:07:01.484+0000] {logging_mixin.py:120} INFO - [2024-09-29T00:07:01.484+0000] {taskmixin.py:205} WARNING - Dependency <Task(BashOperator): create_tag>, delete_tag already registered for DAG: example_complex
[2024-09-29T00:07:01.484+0000] {logging_mixin.py:120} INFO - [2024-09-29T00:07:01.484+0000] {taskmixin.py:205} WARNING - Dependency <Task(BashOperator): delete_tag>, create_tag already registered for DAG: example_complex
[2024-09-29T00:07:01.494+0000] {processor.py:766} INFO - DAG(s) dict_keys(['example_complex']) retrieved from /home/airflow/.local/lib/python3.7/site-packages/airflow/example_dags/example_complex.py
[2024-09-29T00:07:01.551+0000] {logging_mixin.py:120} INFO - [2024-09-29T00:07:01.551+0000] {dag.py:2585} INFO - Sync 1 DAGs
[2024-09-29T00:07:01.583+0000] {logging_mixin.py:120} INFO - [2024-09-29T00:07:01.582+0000] {dag.py:3340} INFO - Setting next_dagrun for example_complex to None, run_after=None
[2024-09-29T00:07:01.605+0000] {processor.py:176} INFO - Processing /home/airflow/.local/lib/python3.7/site-packages/airflow/example_dags/example_complex.py took 0.145 seconds
[2024-09-29T00:07:32.518+0000] {processor.py:154} INFO - Started process (PID=47499) to work on /home/airflow/.local/lib/python3.7/site-packages/airflow/example_dags/example_complex.py
[2024-09-29T00:07:32.521+0000] {processor.py:756} INFO - Processing file /home/airflow/.local/lib/python3.7/site-packages/airflow/example_dags/example_complex.py for tasks to queue
[2024-09-29T00:07:32.522+0000] {logging_mixin.py:120} INFO - [2024-09-29T00:07:32.522+0000] {dagbag.py:537} INFO - Filling up the DagBag from /home/airflow/.local/lib/python3.7/site-packages/airflow/example_dags/example_complex.py
[2024-09-29T00:07:32.540+0000] {logging_mixin.py:120} INFO - [2024-09-29T00:07:32.539+0000] {taskmixin.py:205} WARNING - Dependency <Task(BashOperator): create_entry_group>, delete_entry_group already registered for DAG: example_complex
[2024-09-29T00:07:32.540+0000] {logging_mixin.py:120} INFO - [2024-09-29T00:07:32.540+0000] {taskmixin.py:205} WARNING - Dependency <Task(BashOperator): delete_entry_group>, create_entry_group already registered for DAG: example_complex
[2024-09-29T00:07:32.541+0000] {logging_mixin.py:120} INFO - [2024-09-29T00:07:32.541+0000] {taskmixin.py:205} WARNING - Dependency <Task(BashOperator): create_entry_gcs>, delete_entry already registered for DAG: example_complex
[2024-09-29T00:07:32.541+0000] {logging_mixin.py:120} INFO - [2024-09-29T00:07:32.541+0000] {taskmixin.py:205} WARNING - Dependency <Task(BashOperator): delete_entry>, create_entry_gcs already registered for DAG: example_complex
[2024-09-29T00:07:32.544+0000] {logging_mixin.py:120} INFO - [2024-09-29T00:07:32.544+0000] {taskmixin.py:205} WARNING - Dependency <Task(BashOperator): create_tag>, delete_tag already registered for DAG: example_complex
[2024-09-29T00:07:32.545+0000] {logging_mixin.py:120} INFO - [2024-09-29T00:07:32.544+0000] {taskmixin.py:205} WARNING - Dependency <Task(BashOperator): delete_tag>, create_tag already registered for DAG: example_complex
[2024-09-29T00:07:32.555+0000] {processor.py:766} INFO - DAG(s) dict_keys(['example_complex']) retrieved from /home/airflow/.local/lib/python3.7/site-packages/airflow/example_dags/example_complex.py
[2024-09-29T00:07:32.623+0000] {logging_mixin.py:120} INFO - [2024-09-29T00:07:32.623+0000] {dag.py:2585} INFO - Sync 1 DAGs
[2024-09-29T00:07:32.655+0000] {logging_mixin.py:120} INFO - [2024-09-29T00:07:32.655+0000] {dag.py:3340} INFO - Setting next_dagrun for example_complex to None, run_after=None
[2024-09-29T00:07:32.679+0000] {processor.py:176} INFO - Processing /home/airflow/.local/lib/python3.7/site-packages/airflow/example_dags/example_complex.py took 0.166 seconds
[2024-09-29T00:08:03.398+0000] {processor.py:154} INFO - Started process (PID=47564) to work on /home/airflow/.local/lib/python3.7/site-packages/airflow/example_dags/example_complex.py
[2024-09-29T00:08:03.400+0000] {processor.py:756} INFO - Processing file /home/airflow/.local/lib/python3.7/site-packages/airflow/example_dags/example_complex.py for tasks to queue
[2024-09-29T00:08:03.404+0000] {logging_mixin.py:120} INFO - [2024-09-29T00:08:03.404+0000] {dagbag.py:537} INFO - Filling up the DagBag from /home/airflow/.local/lib/python3.7/site-packages/airflow/example_dags/example_complex.py
[2024-09-29T00:08:03.424+0000] {logging_mixin.py:120} INFO - [2024-09-29T00:08:03.424+0000] {taskmixin.py:205} WARNING - Dependency <Task(BashOperator): create_entry_group>, delete_entry_group already registered for DAG: example_complex
[2024-09-29T00:08:03.424+0000] {logging_mixin.py:120} INFO - [2024-09-29T00:08:03.424+0000] {taskmixin.py:205} WARNING - Dependency <Task(BashOperator): delete_entry_group>, create_entry_group already registered for DAG: example_complex
[2024-09-29T00:08:03.425+0000] {logging_mixin.py:120} INFO - [2024-09-29T00:08:03.425+0000] {taskmixin.py:205} WARNING - Dependency <Task(BashOperator): create_entry_gcs>, delete_entry already registered for DAG: example_complex
[2024-09-29T00:08:03.425+0000] {logging_mixin.py:120} INFO - [2024-09-29T00:08:03.425+0000] {taskmixin.py:205} WARNING - Dependency <Task(BashOperator): delete_entry>, create_entry_gcs already registered for DAG: example_complex
[2024-09-29T00:08:03.426+0000] {logging_mixin.py:120} INFO - [2024-09-29T00:08:03.426+0000] {taskmixin.py:205} WARNING - Dependency <Task(BashOperator): create_tag>, delete_tag already registered for DAG: example_complex
[2024-09-29T00:08:03.427+0000] {logging_mixin.py:120} INFO - [2024-09-29T00:08:03.426+0000] {taskmixin.py:205} WARNING - Dependency <Task(BashOperator): delete_tag>, create_tag already registered for DAG: example_complex
[2024-09-29T00:08:03.440+0000] {processor.py:766} INFO - DAG(s) dict_keys(['example_complex']) retrieved from /home/airflow/.local/lib/python3.7/site-packages/airflow/example_dags/example_complex.py
[2024-09-29T00:08:03.521+0000] {logging_mixin.py:120} INFO - [2024-09-29T00:08:03.521+0000] {dag.py:2585} INFO - Sync 1 DAGs
[2024-09-29T00:08:03.561+0000] {logging_mixin.py:120} INFO - [2024-09-29T00:08:03.561+0000] {dag.py:3340} INFO - Setting next_dagrun for example_complex to None, run_after=None
[2024-09-29T00:08:03.593+0000] {processor.py:176} INFO - Processing /home/airflow/.local/lib/python3.7/site-packages/airflow/example_dags/example_complex.py took 0.199 seconds
[2024-09-29T00:08:34.077+0000] {processor.py:154} INFO - Started process (PID=47636) to work on /home/airflow/.local/lib/python3.7/site-packages/airflow/example_dags/example_complex.py
[2024-09-29T00:08:34.078+0000] {processor.py:756} INFO - Processing file /home/airflow/.local/lib/python3.7/site-packages/airflow/example_dags/example_complex.py for tasks to queue
[2024-09-29T00:08:34.079+0000] {logging_mixin.py:120} INFO - [2024-09-29T00:08:34.078+0000] {dagbag.py:537} INFO - Filling up the DagBag from /home/airflow/.local/lib/python3.7/site-packages/airflow/example_dags/example_complex.py
[2024-09-29T00:08:34.095+0000] {logging_mixin.py:120} INFO - [2024-09-29T00:08:34.095+0000] {taskmixin.py:205} WARNING - Dependency <Task(BashOperator): create_entry_group>, delete_entry_group already registered for DAG: example_complex
[2024-09-29T00:08:34.096+0000] {logging_mixin.py:120} INFO - [2024-09-29T00:08:34.096+0000] {taskmixin.py:205} WARNING - Dependency <Task(BashOperator): delete_entry_group>, create_entry_group already registered for DAG: example_complex
[2024-09-29T00:08:34.096+0000] {logging_mixin.py:120} INFO - [2024-09-29T00:08:34.096+0000] {taskmixin.py:205} WARNING - Dependency <Task(BashOperator): create_entry_gcs>, delete_entry already registered for DAG: example_complex
[2024-09-29T00:08:34.097+0000] {logging_mixin.py:120} INFO - [2024-09-29T00:08:34.096+0000] {taskmixin.py:205} WARNING - Dependency <Task(BashOperator): delete_entry>, create_entry_gcs already registered for DAG: example_complex
[2024-09-29T00:08:34.097+0000] {logging_mixin.py:120} INFO - [2024-09-29T00:08:34.097+0000] {taskmixin.py:205} WARNING - Dependency <Task(BashOperator): create_tag>, delete_tag already registered for DAG: example_complex
[2024-09-29T00:08:34.098+0000] {logging_mixin.py:120} INFO - [2024-09-29T00:08:34.097+0000] {taskmixin.py:205} WARNING - Dependency <Task(BashOperator): delete_tag>, create_tag already registered for DAG: example_complex
[2024-09-29T00:08:34.108+0000] {processor.py:766} INFO - DAG(s) dict_keys(['example_complex']) retrieved from /home/airflow/.local/lib/python3.7/site-packages/airflow/example_dags/example_complex.py
[2024-09-29T00:08:34.167+0000] {logging_mixin.py:120} INFO - [2024-09-29T00:08:34.167+0000] {dag.py:2585} INFO - Sync 1 DAGs
[2024-09-29T00:08:34.199+0000] {logging_mixin.py:120} INFO - [2024-09-29T00:08:34.199+0000] {dag.py:3340} INFO - Setting next_dagrun for example_complex to None, run_after=None
[2024-09-29T00:08:34.227+0000] {processor.py:176} INFO - Processing /home/airflow/.local/lib/python3.7/site-packages/airflow/example_dags/example_complex.py took 0.154 seconds
[2024-09-29T00:09:04.330+0000] {processor.py:154} INFO - Started process (PID=47698) to work on /home/airflow/.local/lib/python3.7/site-packages/airflow/example_dags/example_complex.py
[2024-09-29T00:09:04.332+0000] {processor.py:756} INFO - Processing file /home/airflow/.local/lib/python3.7/site-packages/airflow/example_dags/example_complex.py for tasks to queue
[2024-09-29T00:09:04.333+0000] {logging_mixin.py:120} INFO - [2024-09-29T00:09:04.333+0000] {dagbag.py:537} INFO - Filling up the DagBag from /home/airflow/.local/lib/python3.7/site-packages/airflow/example_dags/example_complex.py
[2024-09-29T00:09:04.350+0000] {logging_mixin.py:120} INFO - [2024-09-29T00:09:04.350+0000] {taskmixin.py:205} WARNING - Dependency <Task(BashOperator): create_entry_group>, delete_entry_group already registered for DAG: example_complex
[2024-09-29T00:09:04.350+0000] {logging_mixin.py:120} INFO - [2024-09-29T00:09:04.350+0000] {taskmixin.py:205} WARNING - Dependency <Task(BashOperator): delete_entry_group>, create_entry_group already registered for DAG: example_complex
[2024-09-29T00:09:04.351+0000] {logging_mixin.py:120} INFO - [2024-09-29T00:09:04.351+0000] {taskmixin.py:205} WARNING - Dependency <Task(BashOperator): create_entry_gcs>, delete_entry already registered for DAG: example_complex
[2024-09-29T00:09:04.351+0000] {logging_mixin.py:120} INFO - [2024-09-29T00:09:04.351+0000] {taskmixin.py:205} WARNING - Dependency <Task(BashOperator): delete_entry>, create_entry_gcs already registered for DAG: example_complex
[2024-09-29T00:09:04.352+0000] {logging_mixin.py:120} INFO - [2024-09-29T00:09:04.352+0000] {taskmixin.py:205} WARNING - Dependency <Task(BashOperator): create_tag>, delete_tag already registered for DAG: example_complex
[2024-09-29T00:09:04.353+0000] {logging_mixin.py:120} INFO - [2024-09-29T00:09:04.353+0000] {taskmixin.py:205} WARNING - Dependency <Task(BashOperator): delete_tag>, create_tag already registered for DAG: example_complex
[2024-09-29T00:09:04.366+0000] {processor.py:766} INFO - DAG(s) dict_keys(['example_complex']) retrieved from /home/airflow/.local/lib/python3.7/site-packages/airflow/example_dags/example_complex.py
[2024-09-29T00:09:04.430+0000] {logging_mixin.py:120} INFO - [2024-09-29T00:09:04.430+0000] {dag.py:2585} INFO - Sync 1 DAGs
[2024-09-29T00:09:04.466+0000] {logging_mixin.py:120} INFO - [2024-09-29T00:09:04.466+0000] {dag.py:3340} INFO - Setting next_dagrun for example_complex to None, run_after=None
[2024-09-29T00:09:04.494+0000] {processor.py:176} INFO - Processing /home/airflow/.local/lib/python3.7/site-packages/airflow/example_dags/example_complex.py took 0.169 seconds
[2024-09-29T00:09:34.650+0000] {processor.py:154} INFO - Started process (PID=47770) to work on /home/airflow/.local/lib/python3.7/site-packages/airflow/example_dags/example_complex.py
[2024-09-29T00:09:34.652+0000] {processor.py:756} INFO - Processing file /home/airflow/.local/lib/python3.7/site-packages/airflow/example_dags/example_complex.py for tasks to queue
[2024-09-29T00:09:34.653+0000] {logging_mixin.py:120} INFO - [2024-09-29T00:09:34.653+0000] {dagbag.py:537} INFO - Filling up the DagBag from /home/airflow/.local/lib/python3.7/site-packages/airflow/example_dags/example_complex.py
[2024-09-29T00:09:34.668+0000] {logging_mixin.py:120} INFO - [2024-09-29T00:09:34.668+0000] {taskmixin.py:205} WARNING - Dependency <Task(BashOperator): create_entry_group>, delete_entry_group already registered for DAG: example_complex
[2024-09-29T00:09:34.669+0000] {logging_mixin.py:120} INFO - [2024-09-29T00:09:34.669+0000] {taskmixin.py:205} WARNING - Dependency <Task(BashOperator): delete_entry_group>, create_entry_group already registered for DAG: example_complex
[2024-09-29T00:09:34.669+0000] {logging_mixin.py:120} INFO - [2024-09-29T00:09:34.669+0000] {taskmixin.py:205} WARNING - Dependency <Task(BashOperator): create_entry_gcs>, delete_entry already registered for DAG: example_complex
[2024-09-29T00:09:34.670+0000] {logging_mixin.py:120} INFO - [2024-09-29T00:09:34.670+0000] {taskmixin.py:205} WARNING - Dependency <Task(BashOperator): delete_entry>, create_entry_gcs already registered for DAG: example_complex
[2024-09-29T00:09:34.671+0000] {logging_mixin.py:120} INFO - [2024-09-29T00:09:34.671+0000] {taskmixin.py:205} WARNING - Dependency <Task(BashOperator): create_tag>, delete_tag already registered for DAG: example_complex
[2024-09-29T00:09:34.671+0000] {logging_mixin.py:120} INFO - [2024-09-29T00:09:34.671+0000] {taskmixin.py:205} WARNING - Dependency <Task(BashOperator): delete_tag>, create_tag already registered for DAG: example_complex
[2024-09-29T00:09:34.681+0000] {processor.py:766} INFO - DAG(s) dict_keys(['example_complex']) retrieved from /home/airflow/.local/lib/python3.7/site-packages/airflow/example_dags/example_complex.py
[2024-09-29T00:09:34.746+0000] {logging_mixin.py:120} INFO - [2024-09-29T00:09:34.746+0000] {dag.py:2585} INFO - Sync 1 DAGs
[2024-09-29T00:09:34.782+0000] {logging_mixin.py:120} INFO - [2024-09-29T00:09:34.782+0000] {dag.py:3340} INFO - Setting next_dagrun for example_complex to None, run_after=None
[2024-09-29T00:09:34.817+0000] {processor.py:176} INFO - Processing /home/airflow/.local/lib/python3.7/site-packages/airflow/example_dags/example_complex.py took 0.170 seconds
[2024-09-29T00:10:05.124+0000] {processor.py:154} INFO - Started process (PID=47841) to work on /home/airflow/.local/lib/python3.7/site-packages/airflow/example_dags/example_complex.py
[2024-09-29T00:10:05.125+0000] {processor.py:756} INFO - Processing file /home/airflow/.local/lib/python3.7/site-packages/airflow/example_dags/example_complex.py for tasks to queue
[2024-09-29T00:10:05.130+0000] {logging_mixin.py:120} INFO - [2024-09-29T00:10:05.129+0000] {dagbag.py:537} INFO - Filling up the DagBag from /home/airflow/.local/lib/python3.7/site-packages/airflow/example_dags/example_complex.py
[2024-09-29T00:10:05.149+0000] {logging_mixin.py:120} INFO - [2024-09-29T00:10:05.149+0000] {taskmixin.py:205} WARNING - Dependency <Task(BashOperator): create_entry_group>, delete_entry_group already registered for DAG: example_complex
[2024-09-29T00:10:05.150+0000] {logging_mixin.py:120} INFO - [2024-09-29T00:10:05.150+0000] {taskmixin.py:205} WARNING - Dependency <Task(BashOperator): delete_entry_group>, create_entry_group already registered for DAG: example_complex
[2024-09-29T00:10:05.150+0000] {logging_mixin.py:120} INFO - [2024-09-29T00:10:05.150+0000] {taskmixin.py:205} WARNING - Dependency <Task(BashOperator): create_entry_gcs>, delete_entry already registered for DAG: example_complex
[2024-09-29T00:10:05.151+0000] {logging_mixin.py:120} INFO - [2024-09-29T00:10:05.150+0000] {taskmixin.py:205} WARNING - Dependency <Task(BashOperator): delete_entry>, create_entry_gcs already registered for DAG: example_complex
[2024-09-29T00:10:05.151+0000] {logging_mixin.py:120} INFO - [2024-09-29T00:10:05.151+0000] {taskmixin.py:205} WARNING - Dependency <Task(BashOperator): create_tag>, delete_tag already registered for DAG: example_complex
[2024-09-29T00:10:05.152+0000] {logging_mixin.py:120} INFO - [2024-09-29T00:10:05.151+0000] {taskmixin.py:205} WARNING - Dependency <Task(BashOperator): delete_tag>, create_tag already registered for DAG: example_complex
[2024-09-29T00:10:05.162+0000] {processor.py:766} INFO - DAG(s) dict_keys(['example_complex']) retrieved from /home/airflow/.local/lib/python3.7/site-packages/airflow/example_dags/example_complex.py
[2024-09-29T00:10:05.226+0000] {logging_mixin.py:120} INFO - [2024-09-29T00:10:05.226+0000] {dag.py:2585} INFO - Sync 1 DAGs
[2024-09-29T00:10:05.265+0000] {logging_mixin.py:120} INFO - [2024-09-29T00:10:05.265+0000] {dag.py:3340} INFO - Setting next_dagrun for example_complex to None, run_after=None
[2024-09-29T00:10:05.299+0000] {processor.py:176} INFO - Processing /home/airflow/.local/lib/python3.7/site-packages/airflow/example_dags/example_complex.py took 0.184 seconds
[2024-09-29T00:10:35.641+0000] {processor.py:154} INFO - Started process (PID=47904) to work on /home/airflow/.local/lib/python3.7/site-packages/airflow/example_dags/example_complex.py
[2024-09-29T00:10:35.642+0000] {processor.py:756} INFO - Processing file /home/airflow/.local/lib/python3.7/site-packages/airflow/example_dags/example_complex.py for tasks to queue
[2024-09-29T00:10:35.646+0000] {logging_mixin.py:120} INFO - [2024-09-29T00:10:35.646+0000] {dagbag.py:537} INFO - Filling up the DagBag from /home/airflow/.local/lib/python3.7/site-packages/airflow/example_dags/example_complex.py
[2024-09-29T00:10:35.663+0000] {logging_mixin.py:120} INFO - [2024-09-29T00:10:35.663+0000] {taskmixin.py:205} WARNING - Dependency <Task(BashOperator): create_entry_group>, delete_entry_group already registered for DAG: example_complex
[2024-09-29T00:10:35.665+0000] {logging_mixin.py:120} INFO - [2024-09-29T00:10:35.665+0000] {taskmixin.py:205} WARNING - Dependency <Task(BashOperator): delete_entry_group>, create_entry_group already registered for DAG: example_complex
[2024-09-29T00:10:35.666+0000] {logging_mixin.py:120} INFO - [2024-09-29T00:10:35.666+0000] {taskmixin.py:205} WARNING - Dependency <Task(BashOperator): create_entry_gcs>, delete_entry already registered for DAG: example_complex
[2024-09-29T00:10:35.667+0000] {logging_mixin.py:120} INFO - [2024-09-29T00:10:35.666+0000] {taskmixin.py:205} WARNING - Dependency <Task(BashOperator): delete_entry>, create_entry_gcs already registered for DAG: example_complex
[2024-09-29T00:10:35.667+0000] {logging_mixin.py:120} INFO - [2024-09-29T00:10:35.667+0000] {taskmixin.py:205} WARNING - Dependency <Task(BashOperator): create_tag>, delete_tag already registered for DAG: example_complex
[2024-09-29T00:10:35.668+0000] {logging_mixin.py:120} INFO - [2024-09-29T00:10:35.668+0000] {taskmixin.py:205} WARNING - Dependency <Task(BashOperator): delete_tag>, create_tag already registered for DAG: example_complex
[2024-09-29T00:10:35.678+0000] {processor.py:766} INFO - DAG(s) dict_keys(['example_complex']) retrieved from /home/airflow/.local/lib/python3.7/site-packages/airflow/example_dags/example_complex.py
[2024-09-29T00:10:35.746+0000] {logging_mixin.py:120} INFO - [2024-09-29T00:10:35.746+0000] {dag.py:2585} INFO - Sync 1 DAGs
[2024-09-29T00:10:35.779+0000] {logging_mixin.py:120} INFO - [2024-09-29T00:10:35.779+0000] {dag.py:3340} INFO - Setting next_dagrun for example_complex to None, run_after=None
[2024-09-29T00:10:35.807+0000] {processor.py:176} INFO - Processing /home/airflow/.local/lib/python3.7/site-packages/airflow/example_dags/example_complex.py took 0.170 seconds
[2024-09-29T00:11:06.092+0000] {processor.py:154} INFO - Started process (PID=47975) to work on /home/airflow/.local/lib/python3.7/site-packages/airflow/example_dags/example_complex.py
[2024-09-29T00:11:06.094+0000] {processor.py:756} INFO - Processing file /home/airflow/.local/lib/python3.7/site-packages/airflow/example_dags/example_complex.py for tasks to queue
[2024-09-29T00:11:06.095+0000] {logging_mixin.py:120} INFO - [2024-09-29T00:11:06.094+0000] {dagbag.py:537} INFO - Filling up the DagBag from /home/airflow/.local/lib/python3.7/site-packages/airflow/example_dags/example_complex.py
[2024-09-29T00:11:06.109+0000] {logging_mixin.py:120} INFO - [2024-09-29T00:11:06.109+0000] {taskmixin.py:205} WARNING - Dependency <Task(BashOperator): create_entry_group>, delete_entry_group already registered for DAG: example_complex
[2024-09-29T00:11:06.110+0000] {logging_mixin.py:120} INFO - [2024-09-29T00:11:06.110+0000] {taskmixin.py:205} WARNING - Dependency <Task(BashOperator): delete_entry_group>, create_entry_group already registered for DAG: example_complex
[2024-09-29T00:11:06.110+0000] {logging_mixin.py:120} INFO - [2024-09-29T00:11:06.110+0000] {taskmixin.py:205} WARNING - Dependency <Task(BashOperator): create_entry_gcs>, delete_entry already registered for DAG: example_complex
[2024-09-29T00:11:06.111+0000] {logging_mixin.py:120} INFO - [2024-09-29T00:11:06.110+0000] {taskmixin.py:205} WARNING - Dependency <Task(BashOperator): delete_entry>, create_entry_gcs already registered for DAG: example_complex
[2024-09-29T00:11:06.111+0000] {logging_mixin.py:120} INFO - [2024-09-29T00:11:06.111+0000] {taskmixin.py:205} WARNING - Dependency <Task(BashOperator): create_tag>, delete_tag already registered for DAG: example_complex
[2024-09-29T00:11:06.112+0000] {logging_mixin.py:120} INFO - [2024-09-29T00:11:06.111+0000] {taskmixin.py:205} WARNING - Dependency <Task(BashOperator): delete_tag>, create_tag already registered for DAG: example_complex
[2024-09-29T00:11:06.121+0000] {processor.py:766} INFO - DAG(s) dict_keys(['example_complex']) retrieved from /home/airflow/.local/lib/python3.7/site-packages/airflow/example_dags/example_complex.py
[2024-09-29T00:11:06.182+0000] {logging_mixin.py:120} INFO - [2024-09-29T00:11:06.181+0000] {dag.py:2585} INFO - Sync 1 DAGs
[2024-09-29T00:11:06.214+0000] {logging_mixin.py:120} INFO - [2024-09-29T00:11:06.214+0000] {dag.py:3340} INFO - Setting next_dagrun for example_complex to None, run_after=None
[2024-09-29T00:11:06.240+0000] {processor.py:176} INFO - Processing /home/airflow/.local/lib/python3.7/site-packages/airflow/example_dags/example_complex.py took 0.152 seconds
[2024-09-29T00:11:36.938+0000] {processor.py:154} INFO - Started process (PID=48047) to work on /home/airflow/.local/lib/python3.7/site-packages/airflow/example_dags/example_complex.py
[2024-09-29T00:11:36.939+0000] {processor.py:756} INFO - Processing file /home/airflow/.local/lib/python3.7/site-packages/airflow/example_dags/example_complex.py for tasks to queue
[2024-09-29T00:11:36.942+0000] {logging_mixin.py:120} INFO - [2024-09-29T00:11:36.941+0000] {dagbag.py:537} INFO - Filling up the DagBag from /home/airflow/.local/lib/python3.7/site-packages/airflow/example_dags/example_complex.py
[2024-09-29T00:11:36.959+0000] {logging_mixin.py:120} INFO - [2024-09-29T00:11:36.959+0000] {taskmixin.py:205} WARNING - Dependency <Task(BashOperator): create_entry_group>, delete_entry_group already registered for DAG: example_complex
[2024-09-29T00:11:36.960+0000] {logging_mixin.py:120} INFO - [2024-09-29T00:11:36.960+0000] {taskmixin.py:205} WARNING - Dependency <Task(BashOperator): delete_entry_group>, create_entry_group already registered for DAG: example_complex
[2024-09-29T00:11:36.960+0000] {logging_mixin.py:120} INFO - [2024-09-29T00:11:36.960+0000] {taskmixin.py:205} WARNING - Dependency <Task(BashOperator): create_entry_gcs>, delete_entry already registered for DAG: example_complex
[2024-09-29T00:11:36.961+0000] {logging_mixin.py:120} INFO - [2024-09-29T00:11:36.961+0000] {taskmixin.py:205} WARNING - Dependency <Task(BashOperator): delete_entry>, create_entry_gcs already registered for DAG: example_complex
[2024-09-29T00:11:36.961+0000] {logging_mixin.py:120} INFO - [2024-09-29T00:11:36.961+0000] {taskmixin.py:205} WARNING - Dependency <Task(BashOperator): create_tag>, delete_tag already registered for DAG: example_complex
[2024-09-29T00:11:36.962+0000] {logging_mixin.py:120} INFO - [2024-09-29T00:11:36.962+0000] {taskmixin.py:205} WARNING - Dependency <Task(BashOperator): delete_tag>, create_tag already registered for DAG: example_complex
[2024-09-29T00:11:36.972+0000] {processor.py:766} INFO - DAG(s) dict_keys(['example_complex']) retrieved from /home/airflow/.local/lib/python3.7/site-packages/airflow/example_dags/example_complex.py
[2024-09-29T00:11:37.043+0000] {logging_mixin.py:120} INFO - [2024-09-29T00:11:37.043+0000] {dag.py:2585} INFO - Sync 1 DAGs
[2024-09-29T00:11:37.078+0000] {logging_mixin.py:120} INFO - [2024-09-29T00:11:37.078+0000] {dag.py:3340} INFO - Setting next_dagrun for example_complex to None, run_after=None
[2024-09-29T00:11:37.106+0000] {processor.py:176} INFO - Processing /home/airflow/.local/lib/python3.7/site-packages/airflow/example_dags/example_complex.py took 0.173 seconds
[2024-09-29T00:12:07.148+0000] {processor.py:154} INFO - Started process (PID=48110) to work on /home/airflow/.local/lib/python3.7/site-packages/airflow/example_dags/example_complex.py
[2024-09-29T00:12:07.150+0000] {processor.py:756} INFO - Processing file /home/airflow/.local/lib/python3.7/site-packages/airflow/example_dags/example_complex.py for tasks to queue
[2024-09-29T00:12:07.154+0000] {logging_mixin.py:120} INFO - [2024-09-29T00:12:07.154+0000] {dagbag.py:537} INFO - Filling up the DagBag from /home/airflow/.local/lib/python3.7/site-packages/airflow/example_dags/example_complex.py
[2024-09-29T00:12:07.171+0000] {logging_mixin.py:120} INFO - [2024-09-29T00:12:07.171+0000] {taskmixin.py:205} WARNING - Dependency <Task(BashOperator): create_entry_group>, delete_entry_group already registered for DAG: example_complex
[2024-09-29T00:12:07.171+0000] {logging_mixin.py:120} INFO - [2024-09-29T00:12:07.171+0000] {taskmixin.py:205} WARNING - Dependency <Task(BashOperator): delete_entry_group>, create_entry_group already registered for DAG: example_complex
[2024-09-29T00:12:07.174+0000] {logging_mixin.py:120} INFO - [2024-09-29T00:12:07.174+0000] {taskmixin.py:205} WARNING - Dependency <Task(BashOperator): create_entry_gcs>, delete_entry already registered for DAG: example_complex
[2024-09-29T00:12:07.175+0000] {logging_mixin.py:120} INFO - [2024-09-29T00:12:07.175+0000] {taskmixin.py:205} WARNING - Dependency <Task(BashOperator): delete_entry>, create_entry_gcs already registered for DAG: example_complex
[2024-09-29T00:12:07.176+0000] {logging_mixin.py:120} INFO - [2024-09-29T00:12:07.175+0000] {taskmixin.py:205} WARNING - Dependency <Task(BashOperator): create_tag>, delete_tag already registered for DAG: example_complex
[2024-09-29T00:12:07.176+0000] {logging_mixin.py:120} INFO - [2024-09-29T00:12:07.176+0000] {taskmixin.py:205} WARNING - Dependency <Task(BashOperator): delete_tag>, create_tag already registered for DAG: example_complex
[2024-09-29T00:12:07.186+0000] {processor.py:766} INFO - DAG(s) dict_keys(['example_complex']) retrieved from /home/airflow/.local/lib/python3.7/site-packages/airflow/example_dags/example_complex.py
[2024-09-29T00:12:07.256+0000] {logging_mixin.py:120} INFO - [2024-09-29T00:12:07.256+0000] {dag.py:2585} INFO - Sync 1 DAGs
[2024-09-29T00:12:07.287+0000] {logging_mixin.py:120} INFO - [2024-09-29T00:12:07.287+0000] {dag.py:3340} INFO - Setting next_dagrun for example_complex to None, run_after=None
[2024-09-29T00:12:07.315+0000] {processor.py:176} INFO - Processing /home/airflow/.local/lib/python3.7/site-packages/airflow/example_dags/example_complex.py took 0.174 seconds
[2024-09-29T00:12:37.408+0000] {processor.py:154} INFO - Started process (PID=48182) to work on /home/airflow/.local/lib/python3.7/site-packages/airflow/example_dags/example_complex.py
[2024-09-29T00:12:37.409+0000] {processor.py:756} INFO - Processing file /home/airflow/.local/lib/python3.7/site-packages/airflow/example_dags/example_complex.py for tasks to queue
[2024-09-29T00:12:37.412+0000] {logging_mixin.py:120} INFO - [2024-09-29T00:12:37.411+0000] {dagbag.py:537} INFO - Filling up the DagBag from /home/airflow/.local/lib/python3.7/site-packages/airflow/example_dags/example_complex.py
[2024-09-29T00:12:37.425+0000] {logging_mixin.py:120} INFO - [2024-09-29T00:12:37.425+0000] {taskmixin.py:205} WARNING - Dependency <Task(BashOperator): create_entry_group>, delete_entry_group already registered for DAG: example_complex
[2024-09-29T00:12:37.426+0000] {logging_mixin.py:120} INFO - [2024-09-29T00:12:37.425+0000] {taskmixin.py:205} WARNING - Dependency <Task(BashOperator): delete_entry_group>, create_entry_group already registered for DAG: example_complex
[2024-09-29T00:12:37.426+0000] {logging_mixin.py:120} INFO - [2024-09-29T00:12:37.426+0000] {taskmixin.py:205} WARNING - Dependency <Task(BashOperator): create_entry_gcs>, delete_entry already registered for DAG: example_complex
[2024-09-29T00:12:37.426+0000] {logging_mixin.py:120} INFO - [2024-09-29T00:12:37.426+0000] {taskmixin.py:205} WARNING - Dependency <Task(BashOperator): delete_entry>, create_entry_gcs already registered for DAG: example_complex
[2024-09-29T00:12:37.427+0000] {logging_mixin.py:120} INFO - [2024-09-29T00:12:37.427+0000] {taskmixin.py:205} WARNING - Dependency <Task(BashOperator): create_tag>, delete_tag already registered for DAG: example_complex
[2024-09-29T00:12:37.427+0000] {logging_mixin.py:120} INFO - [2024-09-29T00:12:37.427+0000] {taskmixin.py:205} WARNING - Dependency <Task(BashOperator): delete_tag>, create_tag already registered for DAG: example_complex
[2024-09-29T00:12:37.436+0000] {processor.py:766} INFO - DAG(s) dict_keys(['example_complex']) retrieved from /home/airflow/.local/lib/python3.7/site-packages/airflow/example_dags/example_complex.py
[2024-09-29T00:12:37.493+0000] {logging_mixin.py:120} INFO - [2024-09-29T00:12:37.492+0000] {dag.py:2585} INFO - Sync 1 DAGs
[2024-09-29T00:12:37.526+0000] {logging_mixin.py:120} INFO - [2024-09-29T00:12:37.526+0000] {dag.py:3340} INFO - Setting next_dagrun for example_complex to None, run_after=None
[2024-09-29T00:12:37.550+0000] {processor.py:176} INFO - Processing /home/airflow/.local/lib/python3.7/site-packages/airflow/example_dags/example_complex.py took 0.146 seconds
[2024-09-29T00:13:07.601+0000] {processor.py:154} INFO - Started process (PID=48254) to work on /home/airflow/.local/lib/python3.7/site-packages/airflow/example_dags/example_complex.py
[2024-09-29T00:13:07.602+0000] {processor.py:756} INFO - Processing file /home/airflow/.local/lib/python3.7/site-packages/airflow/example_dags/example_complex.py for tasks to queue
[2024-09-29T00:13:07.604+0000] {logging_mixin.py:120} INFO - [2024-09-29T00:13:07.604+0000] {dagbag.py:537} INFO - Filling up the DagBag from /home/airflow/.local/lib/python3.7/site-packages/airflow/example_dags/example_complex.py
[2024-09-29T00:13:07.620+0000] {logging_mixin.py:120} INFO - [2024-09-29T00:13:07.620+0000] {taskmixin.py:205} WARNING - Dependency <Task(BashOperator): create_entry_group>, delete_entry_group already registered for DAG: example_complex
[2024-09-29T00:13:07.620+0000] {logging_mixin.py:120} INFO - [2024-09-29T00:13:07.620+0000] {taskmixin.py:205} WARNING - Dependency <Task(BashOperator): delete_entry_group>, create_entry_group already registered for DAG: example_complex
[2024-09-29T00:13:07.621+0000] {logging_mixin.py:120} INFO - [2024-09-29T00:13:07.621+0000] {taskmixin.py:205} WARNING - Dependency <Task(BashOperator): create_entry_gcs>, delete_entry already registered for DAG: example_complex
[2024-09-29T00:13:07.622+0000] {logging_mixin.py:120} INFO - [2024-09-29T00:13:07.622+0000] {taskmixin.py:205} WARNING - Dependency <Task(BashOperator): delete_entry>, create_entry_gcs already registered for DAG: example_complex
[2024-09-29T00:13:07.622+0000] {logging_mixin.py:120} INFO - [2024-09-29T00:13:07.622+0000] {taskmixin.py:205} WARNING - Dependency <Task(BashOperator): create_tag>, delete_tag already registered for DAG: example_complex
[2024-09-29T00:13:07.625+0000] {logging_mixin.py:120} INFO - [2024-09-29T00:13:07.624+0000] {taskmixin.py:205} WARNING - Dependency <Task(BashOperator): delete_tag>, create_tag already registered for DAG: example_complex
[2024-09-29T00:13:07.634+0000] {processor.py:766} INFO - DAG(s) dict_keys(['example_complex']) retrieved from /home/airflow/.local/lib/python3.7/site-packages/airflow/example_dags/example_complex.py
[2024-09-29T00:13:07.693+0000] {logging_mixin.py:120} INFO - [2024-09-29T00:13:07.693+0000] {dag.py:2585} INFO - Sync 1 DAGs
[2024-09-29T00:13:07.724+0000] {logging_mixin.py:120} INFO - [2024-09-29T00:13:07.724+0000] {dag.py:3340} INFO - Setting next_dagrun for example_complex to None, run_after=None
[2024-09-29T00:13:07.751+0000] {processor.py:176} INFO - Processing /home/airflow/.local/lib/python3.7/site-packages/airflow/example_dags/example_complex.py took 0.154 seconds
[2024-09-29T00:13:37.933+0000] {processor.py:154} INFO - Started process (PID=48317) to work on /home/airflow/.local/lib/python3.7/site-packages/airflow/example_dags/example_complex.py
[2024-09-29T00:13:37.934+0000] {processor.py:756} INFO - Processing file /home/airflow/.local/lib/python3.7/site-packages/airflow/example_dags/example_complex.py for tasks to queue
[2024-09-29T00:13:37.935+0000] {logging_mixin.py:120} INFO - [2024-09-29T00:13:37.935+0000] {dagbag.py:537} INFO - Filling up the DagBag from /home/airflow/.local/lib/python3.7/site-packages/airflow/example_dags/example_complex.py
[2024-09-29T00:13:37.950+0000] {logging_mixin.py:120} INFO - [2024-09-29T00:13:37.950+0000] {taskmixin.py:205} WARNING - Dependency <Task(BashOperator): create_entry_group>, delete_entry_group already registered for DAG: example_complex
[2024-09-29T00:13:37.951+0000] {logging_mixin.py:120} INFO - [2024-09-29T00:13:37.951+0000] {taskmixin.py:205} WARNING - Dependency <Task(BashOperator): delete_entry_group>, create_entry_group already registered for DAG: example_complex
[2024-09-29T00:13:37.951+0000] {logging_mixin.py:120} INFO - [2024-09-29T00:13:37.951+0000] {taskmixin.py:205} WARNING - Dependency <Task(BashOperator): create_entry_gcs>, delete_entry already registered for DAG: example_complex
[2024-09-29T00:13:37.952+0000] {logging_mixin.py:120} INFO - [2024-09-29T00:13:37.951+0000] {taskmixin.py:205} WARNING - Dependency <Task(BashOperator): delete_entry>, create_entry_gcs already registered for DAG: example_complex
[2024-09-29T00:13:37.953+0000] {logging_mixin.py:120} INFO - [2024-09-29T00:13:37.953+0000] {taskmixin.py:205} WARNING - Dependency <Task(BashOperator): create_tag>, delete_tag already registered for DAG: example_complex
[2024-09-29T00:13:37.954+0000] {logging_mixin.py:120} INFO - [2024-09-29T00:13:37.953+0000] {taskmixin.py:205} WARNING - Dependency <Task(BashOperator): delete_tag>, create_tag already registered for DAG: example_complex
[2024-09-29T00:13:37.963+0000] {processor.py:766} INFO - DAG(s) dict_keys(['example_complex']) retrieved from /home/airflow/.local/lib/python3.7/site-packages/airflow/example_dags/example_complex.py
[2024-09-29T00:13:38.020+0000] {logging_mixin.py:120} INFO - [2024-09-29T00:13:38.020+0000] {dag.py:2585} INFO - Sync 1 DAGs
[2024-09-29T00:13:38.054+0000] {logging_mixin.py:120} INFO - [2024-09-29T00:13:38.054+0000] {dag.py:3340} INFO - Setting next_dagrun for example_complex to None, run_after=None
[2024-09-29T00:13:38.082+0000] {processor.py:176} INFO - Processing /home/airflow/.local/lib/python3.7/site-packages/airflow/example_dags/example_complex.py took 0.153 seconds
[2024-09-29T00:14:08.671+0000] {processor.py:154} INFO - Started process (PID=48388) to work on /home/airflow/.local/lib/python3.7/site-packages/airflow/example_dags/example_complex.py
[2024-09-29T00:14:08.672+0000] {processor.py:756} INFO - Processing file /home/airflow/.local/lib/python3.7/site-packages/airflow/example_dags/example_complex.py for tasks to queue
[2024-09-29T00:14:08.673+0000] {logging_mixin.py:120} INFO - [2024-09-29T00:14:08.673+0000] {dagbag.py:537} INFO - Filling up the DagBag from /home/airflow/.local/lib/python3.7/site-packages/airflow/example_dags/example_complex.py
[2024-09-29T00:14:08.690+0000] {logging_mixin.py:120} INFO - [2024-09-29T00:14:08.690+0000] {taskmixin.py:205} WARNING - Dependency <Task(BashOperator): create_entry_group>, delete_entry_group already registered for DAG: example_complex
[2024-09-29T00:14:08.690+0000] {logging_mixin.py:120} INFO - [2024-09-29T00:14:08.690+0000] {taskmixin.py:205} WARNING - Dependency <Task(BashOperator): delete_entry_group>, create_entry_group already registered for DAG: example_complex
[2024-09-29T00:14:08.691+0000] {logging_mixin.py:120} INFO - [2024-09-29T00:14:08.690+0000] {taskmixin.py:205} WARNING - Dependency <Task(BashOperator): create_entry_gcs>, delete_entry already registered for DAG: example_complex
[2024-09-29T00:14:08.691+0000] {logging_mixin.py:120} INFO - [2024-09-29T00:14:08.691+0000] {taskmixin.py:205} WARNING - Dependency <Task(BashOperator): delete_entry>, create_entry_gcs already registered for DAG: example_complex
[2024-09-29T00:14:08.692+0000] {logging_mixin.py:120} INFO - [2024-09-29T00:14:08.691+0000] {taskmixin.py:205} WARNING - Dependency <Task(BashOperator): create_tag>, delete_tag already registered for DAG: example_complex
[2024-09-29T00:14:08.692+0000] {logging_mixin.py:120} INFO - [2024-09-29T00:14:08.692+0000] {taskmixin.py:205} WARNING - Dependency <Task(BashOperator): delete_tag>, create_tag already registered for DAG: example_complex
[2024-09-29T00:14:08.702+0000] {processor.py:766} INFO - DAG(s) dict_keys(['example_complex']) retrieved from /home/airflow/.local/lib/python3.7/site-packages/airflow/example_dags/example_complex.py
[2024-09-29T00:14:08.761+0000] {logging_mixin.py:120} INFO - [2024-09-29T00:14:08.760+0000] {dag.py:2585} INFO - Sync 1 DAGs
[2024-09-29T00:14:08.795+0000] {logging_mixin.py:120} INFO - [2024-09-29T00:14:08.795+0000] {dag.py:3340} INFO - Setting next_dagrun for example_complex to None, run_after=None
[2024-09-29T00:14:08.818+0000] {processor.py:176} INFO - Processing /home/airflow/.local/lib/python3.7/site-packages/airflow/example_dags/example_complex.py took 0.152 seconds
[2024-09-29T00:14:39.147+0000] {processor.py:154} INFO - Started process (PID=48459) to work on /home/airflow/.local/lib/python3.7/site-packages/airflow/example_dags/example_complex.py
[2024-09-29T00:14:39.149+0000] {processor.py:756} INFO - Processing file /home/airflow/.local/lib/python3.7/site-packages/airflow/example_dags/example_complex.py for tasks to queue
[2024-09-29T00:14:39.150+0000] {logging_mixin.py:120} INFO - [2024-09-29T00:14:39.150+0000] {dagbag.py:537} INFO - Filling up the DagBag from /home/airflow/.local/lib/python3.7/site-packages/airflow/example_dags/example_complex.py
[2024-09-29T00:14:39.164+0000] {logging_mixin.py:120} INFO - [2024-09-29T00:14:39.164+0000] {taskmixin.py:205} WARNING - Dependency <Task(BashOperator): create_entry_group>, delete_entry_group already registered for DAG: example_complex
[2024-09-29T00:14:39.165+0000] {logging_mixin.py:120} INFO - [2024-09-29T00:14:39.165+0000] {taskmixin.py:205} WARNING - Dependency <Task(BashOperator): delete_entry_group>, create_entry_group already registered for DAG: example_complex
[2024-09-29T00:14:39.166+0000] {logging_mixin.py:120} INFO - [2024-09-29T00:14:39.165+0000] {taskmixin.py:205} WARNING - Dependency <Task(BashOperator): create_entry_gcs>, delete_entry already registered for DAG: example_complex
[2024-09-29T00:14:39.167+0000] {logging_mixin.py:120} INFO - [2024-09-29T00:14:39.167+0000] {taskmixin.py:205} WARNING - Dependency <Task(BashOperator): delete_entry>, create_entry_gcs already registered for DAG: example_complex
[2024-09-29T00:14:39.168+0000] {logging_mixin.py:120} INFO - [2024-09-29T00:14:39.168+0000] {taskmixin.py:205} WARNING - Dependency <Task(BashOperator): create_tag>, delete_tag already registered for DAG: example_complex
[2024-09-29T00:14:39.168+0000] {logging_mixin.py:120} INFO - [2024-09-29T00:14:39.168+0000] {taskmixin.py:205} WARNING - Dependency <Task(BashOperator): delete_tag>, create_tag already registered for DAG: example_complex
[2024-09-29T00:14:39.178+0000] {processor.py:766} INFO - DAG(s) dict_keys(['example_complex']) retrieved from /home/airflow/.local/lib/python3.7/site-packages/airflow/example_dags/example_complex.py
[2024-09-29T00:14:39.236+0000] {logging_mixin.py:120} INFO - [2024-09-29T00:14:39.236+0000] {dag.py:2585} INFO - Sync 1 DAGs
[2024-09-29T00:14:39.267+0000] {logging_mixin.py:120} INFO - [2024-09-29T00:14:39.267+0000] {dag.py:3340} INFO - Setting next_dagrun for example_complex to None, run_after=None
[2024-09-29T00:14:39.290+0000] {processor.py:176} INFO - Processing /home/airflow/.local/lib/python3.7/site-packages/airflow/example_dags/example_complex.py took 0.147 seconds
[2024-09-29T00:15:09.847+0000] {processor.py:154} INFO - Started process (PID=48530) to work on /home/airflow/.local/lib/python3.7/site-packages/airflow/example_dags/example_complex.py
[2024-09-29T00:15:09.848+0000] {processor.py:756} INFO - Processing file /home/airflow/.local/lib/python3.7/site-packages/airflow/example_dags/example_complex.py for tasks to queue
[2024-09-29T00:15:09.849+0000] {logging_mixin.py:120} INFO - [2024-09-29T00:15:09.849+0000] {dagbag.py:537} INFO - Filling up the DagBag from /home/airflow/.local/lib/python3.7/site-packages/airflow/example_dags/example_complex.py
[2024-09-29T00:15:09.863+0000] {logging_mixin.py:120} INFO - [2024-09-29T00:15:09.863+0000] {taskmixin.py:205} WARNING - Dependency <Task(BashOperator): create_entry_group>, delete_entry_group already registered for DAG: example_complex
[2024-09-29T00:15:09.864+0000] {logging_mixin.py:120} INFO - [2024-09-29T00:15:09.864+0000] {taskmixin.py:205} WARNING - Dependency <Task(BashOperator): delete_entry_group>, create_entry_group already registered for DAG: example_complex
[2024-09-29T00:15:09.864+0000] {logging_mixin.py:120} INFO - [2024-09-29T00:15:09.864+0000] {taskmixin.py:205} WARNING - Dependency <Task(BashOperator): create_entry_gcs>, delete_entry already registered for DAG: example_complex
[2024-09-29T00:15:09.865+0000] {logging_mixin.py:120} INFO - [2024-09-29T00:15:09.864+0000] {taskmixin.py:205} WARNING - Dependency <Task(BashOperator): delete_entry>, create_entry_gcs already registered for DAG: example_complex
[2024-09-29T00:15:09.865+0000] {logging_mixin.py:120} INFO - [2024-09-29T00:15:09.865+0000] {taskmixin.py:205} WARNING - Dependency <Task(BashOperator): create_tag>, delete_tag already registered for DAG: example_complex
[2024-09-29T00:15:09.866+0000] {logging_mixin.py:120} INFO - [2024-09-29T00:15:09.865+0000] {taskmixin.py:205} WARNING - Dependency <Task(BashOperator): delete_tag>, create_tag already registered for DAG: example_complex
[2024-09-29T00:15:09.875+0000] {processor.py:766} INFO - DAG(s) dict_keys(['example_complex']) retrieved from /home/airflow/.local/lib/python3.7/site-packages/airflow/example_dags/example_complex.py
[2024-09-29T00:15:09.940+0000] {logging_mixin.py:120} INFO - [2024-09-29T00:15:09.940+0000] {dag.py:2585} INFO - Sync 1 DAGs
[2024-09-29T00:15:09.971+0000] {logging_mixin.py:120} INFO - [2024-09-29T00:15:09.971+0000] {dag.py:3340} INFO - Setting next_dagrun for example_complex to None, run_after=None
[2024-09-29T00:15:09.994+0000] {processor.py:176} INFO - Processing /home/airflow/.local/lib/python3.7/site-packages/airflow/example_dags/example_complex.py took 0.153 seconds
[2024-09-29T00:15:40.313+0000] {processor.py:154} INFO - Started process (PID=48593) to work on /home/airflow/.local/lib/python3.7/site-packages/airflow/example_dags/example_complex.py
[2024-09-29T00:15:40.315+0000] {processor.py:756} INFO - Processing file /home/airflow/.local/lib/python3.7/site-packages/airflow/example_dags/example_complex.py for tasks to queue
[2024-09-29T00:15:40.316+0000] {logging_mixin.py:120} INFO - [2024-09-29T00:15:40.315+0000] {dagbag.py:537} INFO - Filling up the DagBag from /home/airflow/.local/lib/python3.7/site-packages/airflow/example_dags/example_complex.py
[2024-09-29T00:15:40.331+0000] {logging_mixin.py:120} INFO - [2024-09-29T00:15:40.331+0000] {taskmixin.py:205} WARNING - Dependency <Task(BashOperator): create_entry_group>, delete_entry_group already registered for DAG: example_complex
[2024-09-29T00:15:40.331+0000] {logging_mixin.py:120} INFO - [2024-09-29T00:15:40.331+0000] {taskmixin.py:205} WARNING - Dependency <Task(BashOperator): delete_entry_group>, create_entry_group already registered for DAG: example_complex
[2024-09-29T00:15:40.333+0000] {logging_mixin.py:120} INFO - [2024-09-29T00:15:40.332+0000] {taskmixin.py:205} WARNING - Dependency <Task(BashOperator): create_entry_gcs>, delete_entry already registered for DAG: example_complex
[2024-09-29T00:15:40.333+0000] {logging_mixin.py:120} INFO - [2024-09-29T00:15:40.333+0000] {taskmixin.py:205} WARNING - Dependency <Task(BashOperator): delete_entry>, create_entry_gcs already registered for DAG: example_complex
[2024-09-29T00:15:40.334+0000] {logging_mixin.py:120} INFO - [2024-09-29T00:15:40.333+0000] {taskmixin.py:205} WARNING - Dependency <Task(BashOperator): create_tag>, delete_tag already registered for DAG: example_complex
[2024-09-29T00:15:40.336+0000] {logging_mixin.py:120} INFO - [2024-09-29T00:15:40.336+0000] {taskmixin.py:205} WARNING - Dependency <Task(BashOperator): delete_tag>, create_tag already registered for DAG: example_complex
[2024-09-29T00:15:40.347+0000] {processor.py:766} INFO - DAG(s) dict_keys(['example_complex']) retrieved from /home/airflow/.local/lib/python3.7/site-packages/airflow/example_dags/example_complex.py
[2024-09-29T00:15:40.408+0000] {logging_mixin.py:120} INFO - [2024-09-29T00:15:40.408+0000] {dag.py:2585} INFO - Sync 1 DAGs
[2024-09-29T00:15:40.440+0000] {logging_mixin.py:120} INFO - [2024-09-29T00:15:40.440+0000] {dag.py:3340} INFO - Setting next_dagrun for example_complex to None, run_after=None
[2024-09-29T00:15:40.463+0000] {processor.py:176} INFO - Processing /home/airflow/.local/lib/python3.7/site-packages/airflow/example_dags/example_complex.py took 0.154 seconds
[2024-09-29T00:16:10.941+0000] {processor.py:154} INFO - Started process (PID=48665) to work on /home/airflow/.local/lib/python3.7/site-packages/airflow/example_dags/example_complex.py
[2024-09-29T00:16:10.942+0000] {processor.py:756} INFO - Processing file /home/airflow/.local/lib/python3.7/site-packages/airflow/example_dags/example_complex.py for tasks to queue
[2024-09-29T00:16:10.943+0000] {logging_mixin.py:120} INFO - [2024-09-29T00:16:10.943+0000] {dagbag.py:537} INFO - Filling up the DagBag from /home/airflow/.local/lib/python3.7/site-packages/airflow/example_dags/example_complex.py
[2024-09-29T00:16:10.957+0000] {logging_mixin.py:120} INFO - [2024-09-29T00:16:10.957+0000] {taskmixin.py:205} WARNING - Dependency <Task(BashOperator): create_entry_group>, delete_entry_group already registered for DAG: example_complex
[2024-09-29T00:16:10.957+0000] {logging_mixin.py:120} INFO - [2024-09-29T00:16:10.957+0000] {taskmixin.py:205} WARNING - Dependency <Task(BashOperator): delete_entry_group>, create_entry_group already registered for DAG: example_complex
[2024-09-29T00:16:10.958+0000] {logging_mixin.py:120} INFO - [2024-09-29T00:16:10.958+0000] {taskmixin.py:205} WARNING - Dependency <Task(BashOperator): create_entry_gcs>, delete_entry already registered for DAG: example_complex
[2024-09-29T00:16:10.958+0000] {logging_mixin.py:120} INFO - [2024-09-29T00:16:10.958+0000] {taskmixin.py:205} WARNING - Dependency <Task(BashOperator): delete_entry>, create_entry_gcs already registered for DAG: example_complex
[2024-09-29T00:16:10.959+0000] {logging_mixin.py:120} INFO - [2024-09-29T00:16:10.959+0000] {taskmixin.py:205} WARNING - Dependency <Task(BashOperator): create_tag>, delete_tag already registered for DAG: example_complex
[2024-09-29T00:16:10.959+0000] {logging_mixin.py:120} INFO - [2024-09-29T00:16:10.959+0000] {taskmixin.py:205} WARNING - Dependency <Task(BashOperator): delete_tag>, create_tag already registered for DAG: example_complex
[2024-09-29T00:16:10.969+0000] {processor.py:766} INFO - DAG(s) dict_keys(['example_complex']) retrieved from /home/airflow/.local/lib/python3.7/site-packages/airflow/example_dags/example_complex.py
[2024-09-29T00:16:11.020+0000] {logging_mixin.py:120} INFO - [2024-09-29T00:16:11.019+0000] {dag.py:2585} INFO - Sync 1 DAGs
[2024-09-29T00:16:11.048+0000] {logging_mixin.py:120} INFO - [2024-09-29T00:16:11.048+0000] {dag.py:3340} INFO - Setting next_dagrun for example_complex to None, run_after=None
[2024-09-29T00:16:11.069+0000] {processor.py:176} INFO - Processing /home/airflow/.local/lib/python3.7/site-packages/airflow/example_dags/example_complex.py took 0.133 seconds
[2024-09-29T00:16:41.543+0000] {processor.py:154} INFO - Started process (PID=48737) to work on /home/airflow/.local/lib/python3.7/site-packages/airflow/example_dags/example_complex.py
[2024-09-29T00:16:41.544+0000] {processor.py:756} INFO - Processing file /home/airflow/.local/lib/python3.7/site-packages/airflow/example_dags/example_complex.py for tasks to queue
[2024-09-29T00:16:41.546+0000] {logging_mixin.py:120} INFO - [2024-09-29T00:16:41.545+0000] {dagbag.py:537} INFO - Filling up the DagBag from /home/airflow/.local/lib/python3.7/site-packages/airflow/example_dags/example_complex.py
[2024-09-29T00:16:41.561+0000] {logging_mixin.py:120} INFO - [2024-09-29T00:16:41.561+0000] {taskmixin.py:205} WARNING - Dependency <Task(BashOperator): create_entry_group>, delete_entry_group already registered for DAG: example_complex
[2024-09-29T00:16:41.564+0000] {logging_mixin.py:120} INFO - [2024-09-29T00:16:41.564+0000] {taskmixin.py:205} WARNING - Dependency <Task(BashOperator): delete_entry_group>, create_entry_group already registered for DAG: example_complex
[2024-09-29T00:16:41.565+0000] {logging_mixin.py:120} INFO - [2024-09-29T00:16:41.565+0000] {taskmixin.py:205} WARNING - Dependency <Task(BashOperator): create_entry_gcs>, delete_entry already registered for DAG: example_complex
[2024-09-29T00:16:41.566+0000] {logging_mixin.py:120} INFO - [2024-09-29T00:16:41.566+0000] {taskmixin.py:205} WARNING - Dependency <Task(BashOperator): delete_entry>, create_entry_gcs already registered for DAG: example_complex
[2024-09-29T00:16:41.566+0000] {logging_mixin.py:120} INFO - [2024-09-29T00:16:41.566+0000] {taskmixin.py:205} WARNING - Dependency <Task(BashOperator): create_tag>, delete_tag already registered for DAG: example_complex
[2024-09-29T00:16:41.567+0000] {logging_mixin.py:120} INFO - [2024-09-29T00:16:41.567+0000] {taskmixin.py:205} WARNING - Dependency <Task(BashOperator): delete_tag>, create_tag already registered for DAG: example_complex
[2024-09-29T00:16:41.578+0000] {processor.py:766} INFO - DAG(s) dict_keys(['example_complex']) retrieved from /home/airflow/.local/lib/python3.7/site-packages/airflow/example_dags/example_complex.py
[2024-09-29T00:16:41.639+0000] {logging_mixin.py:120} INFO - [2024-09-29T00:16:41.639+0000] {dag.py:2585} INFO - Sync 1 DAGs
[2024-09-29T00:16:41.671+0000] {logging_mixin.py:120} INFO - [2024-09-29T00:16:41.671+0000] {dag.py:3340} INFO - Setting next_dagrun for example_complex to None, run_after=None
[2024-09-29T00:16:41.695+0000] {processor.py:176} INFO - Processing /home/airflow/.local/lib/python3.7/site-packages/airflow/example_dags/example_complex.py took 0.156 seconds
[2024-09-29T00:17:11.963+0000] {processor.py:154} INFO - Started process (PID=48800) to work on /home/airflow/.local/lib/python3.7/site-packages/airflow/example_dags/example_complex.py
[2024-09-29T00:17:11.965+0000] {processor.py:756} INFO - Processing file /home/airflow/.local/lib/python3.7/site-packages/airflow/example_dags/example_complex.py for tasks to queue
[2024-09-29T00:17:11.965+0000] {logging_mixin.py:120} INFO - [2024-09-29T00:17:11.965+0000] {dagbag.py:537} INFO - Filling up the DagBag from /home/airflow/.local/lib/python3.7/site-packages/airflow/example_dags/example_complex.py
[2024-09-29T00:17:11.981+0000] {logging_mixin.py:120} INFO - [2024-09-29T00:17:11.981+0000] {taskmixin.py:205} WARNING - Dependency <Task(BashOperator): create_entry_group>, delete_entry_group already registered for DAG: example_complex
[2024-09-29T00:17:11.981+0000] {logging_mixin.py:120} INFO - [2024-09-29T00:17:11.981+0000] {taskmixin.py:205} WARNING - Dependency <Task(BashOperator): delete_entry_group>, create_entry_group already registered for DAG: example_complex
[2024-09-29T00:17:11.982+0000] {logging_mixin.py:120} INFO - [2024-09-29T00:17:11.982+0000] {taskmixin.py:205} WARNING - Dependency <Task(BashOperator): create_entry_gcs>, delete_entry already registered for DAG: example_complex
[2024-09-29T00:17:11.982+0000] {logging_mixin.py:120} INFO - [2024-09-29T00:17:11.982+0000] {taskmixin.py:205} WARNING - Dependency <Task(BashOperator): delete_entry>, create_entry_gcs already registered for DAG: example_complex
[2024-09-29T00:17:11.983+0000] {logging_mixin.py:120} INFO - [2024-09-29T00:17:11.982+0000] {taskmixin.py:205} WARNING - Dependency <Task(BashOperator): create_tag>, delete_tag already registered for DAG: example_complex
[2024-09-29T00:17:11.983+0000] {logging_mixin.py:120} INFO - [2024-09-29T00:17:11.983+0000] {taskmixin.py:205} WARNING - Dependency <Task(BashOperator): delete_tag>, create_tag already registered for DAG: example_complex
[2024-09-29T00:17:11.993+0000] {processor.py:766} INFO - DAG(s) dict_keys(['example_complex']) retrieved from /home/airflow/.local/lib/python3.7/site-packages/airflow/example_dags/example_complex.py
[2024-09-29T00:17:12.054+0000] {logging_mixin.py:120} INFO - [2024-09-29T00:17:12.054+0000] {dag.py:2585} INFO - Sync 1 DAGs
[2024-09-29T00:17:12.084+0000] {logging_mixin.py:120} INFO - [2024-09-29T00:17:12.083+0000] {dag.py:3340} INFO - Setting next_dagrun for example_complex to None, run_after=None
[2024-09-29T00:17:12.106+0000] {processor.py:176} INFO - Processing /home/airflow/.local/lib/python3.7/site-packages/airflow/example_dags/example_complex.py took 0.147 seconds
[2024-09-29T00:17:42.648+0000] {processor.py:154} INFO - Started process (PID=48872) to work on /home/airflow/.local/lib/python3.7/site-packages/airflow/example_dags/example_complex.py
[2024-09-29T00:17:42.650+0000] {processor.py:756} INFO - Processing file /home/airflow/.local/lib/python3.7/site-packages/airflow/example_dags/example_complex.py for tasks to queue
[2024-09-29T00:17:42.651+0000] {logging_mixin.py:120} INFO - [2024-09-29T00:17:42.651+0000] {dagbag.py:537} INFO - Filling up the DagBag from /home/airflow/.local/lib/python3.7/site-packages/airflow/example_dags/example_complex.py
[2024-09-29T00:17:42.669+0000] {logging_mixin.py:120} INFO - [2024-09-29T00:17:42.669+0000] {taskmixin.py:205} WARNING - Dependency <Task(BashOperator): create_entry_group>, delete_entry_group already registered for DAG: example_complex
[2024-09-29T00:17:42.670+0000] {logging_mixin.py:120} INFO - [2024-09-29T00:17:42.670+0000] {taskmixin.py:205} WARNING - Dependency <Task(BashOperator): delete_entry_group>, create_entry_group already registered for DAG: example_complex
[2024-09-29T00:17:42.671+0000] {logging_mixin.py:120} INFO - [2024-09-29T00:17:42.671+0000] {taskmixin.py:205} WARNING - Dependency <Task(BashOperator): create_entry_gcs>, delete_entry already registered for DAG: example_complex
[2024-09-29T00:17:42.671+0000] {logging_mixin.py:120} INFO - [2024-09-29T00:17:42.671+0000] {taskmixin.py:205} WARNING - Dependency <Task(BashOperator): delete_entry>, create_entry_gcs already registered for DAG: example_complex
[2024-09-29T00:17:42.672+0000] {logging_mixin.py:120} INFO - [2024-09-29T00:17:42.672+0000] {taskmixin.py:205} WARNING - Dependency <Task(BashOperator): create_tag>, delete_tag already registered for DAG: example_complex
[2024-09-29T00:17:42.673+0000] {logging_mixin.py:120} INFO - [2024-09-29T00:17:42.672+0000] {taskmixin.py:205} WARNING - Dependency <Task(BashOperator): delete_tag>, create_tag already registered for DAG: example_complex
[2024-09-29T00:17:42.684+0000] {processor.py:766} INFO - DAG(s) dict_keys(['example_complex']) retrieved from /home/airflow/.local/lib/python3.7/site-packages/airflow/example_dags/example_complex.py
[2024-09-29T00:17:42.753+0000] {logging_mixin.py:120} INFO - [2024-09-29T00:17:42.753+0000] {dag.py:2585} INFO - Sync 1 DAGs
[2024-09-29T00:17:42.786+0000] {logging_mixin.py:120} INFO - [2024-09-29T00:17:42.786+0000] {dag.py:3340} INFO - Setting next_dagrun for example_complex to None, run_after=None
[2024-09-29T00:17:42.812+0000] {processor.py:176} INFO - Processing /home/airflow/.local/lib/python3.7/site-packages/airflow/example_dags/example_complex.py took 0.169 seconds
[2024-09-29T00:18:12.896+0000] {processor.py:154} INFO - Started process (PID=48944) to work on /home/airflow/.local/lib/python3.7/site-packages/airflow/example_dags/example_complex.py
[2024-09-29T00:18:12.899+0000] {processor.py:756} INFO - Processing file /home/airflow/.local/lib/python3.7/site-packages/airflow/example_dags/example_complex.py for tasks to queue
[2024-09-29T00:18:12.900+0000] {logging_mixin.py:120} INFO - [2024-09-29T00:18:12.900+0000] {dagbag.py:537} INFO - Filling up the DagBag from /home/airflow/.local/lib/python3.7/site-packages/airflow/example_dags/example_complex.py
[2024-09-29T00:18:12.918+0000] {logging_mixin.py:120} INFO - [2024-09-29T00:18:12.917+0000] {taskmixin.py:205} WARNING - Dependency <Task(BashOperator): create_entry_group>, delete_entry_group already registered for DAG: example_complex
[2024-09-29T00:18:12.918+0000] {logging_mixin.py:120} INFO - [2024-09-29T00:18:12.918+0000] {taskmixin.py:205} WARNING - Dependency <Task(BashOperator): delete_entry_group>, create_entry_group already registered for DAG: example_complex
[2024-09-29T00:18:12.918+0000] {logging_mixin.py:120} INFO - [2024-09-29T00:18:12.918+0000] {taskmixin.py:205} WARNING - Dependency <Task(BashOperator): create_entry_gcs>, delete_entry already registered for DAG: example_complex
[2024-09-29T00:18:12.919+0000] {logging_mixin.py:120} INFO - [2024-09-29T00:18:12.919+0000] {taskmixin.py:205} WARNING - Dependency <Task(BashOperator): delete_entry>, create_entry_gcs already registered for DAG: example_complex
[2024-09-29T00:18:12.920+0000] {logging_mixin.py:120} INFO - [2024-09-29T00:18:12.920+0000] {taskmixin.py:205} WARNING - Dependency <Task(BashOperator): create_tag>, delete_tag already registered for DAG: example_complex
[2024-09-29T00:18:12.920+0000] {logging_mixin.py:120} INFO - [2024-09-29T00:18:12.920+0000] {taskmixin.py:205} WARNING - Dependency <Task(BashOperator): delete_tag>, create_tag already registered for DAG: example_complex
[2024-09-29T00:18:12.931+0000] {processor.py:766} INFO - DAG(s) dict_keys(['example_complex']) retrieved from /home/airflow/.local/lib/python3.7/site-packages/airflow/example_dags/example_complex.py
[2024-09-29T00:18:12.994+0000] {logging_mixin.py:120} INFO - [2024-09-29T00:18:12.994+0000] {dag.py:2585} INFO - Sync 1 DAGs
[2024-09-29T00:18:13.028+0000] {logging_mixin.py:120} INFO - [2024-09-29T00:18:13.028+0000] {dag.py:3340} INFO - Setting next_dagrun for example_complex to None, run_after=None
[2024-09-29T00:18:13.061+0000] {processor.py:176} INFO - Processing /home/airflow/.local/lib/python3.7/site-packages/airflow/example_dags/example_complex.py took 0.171 seconds
[2024-09-29T00:18:43.532+0000] {processor.py:154} INFO - Started process (PID=49007) to work on /home/airflow/.local/lib/python3.7/site-packages/airflow/example_dags/example_complex.py
[2024-09-29T00:18:43.534+0000] {processor.py:756} INFO - Processing file /home/airflow/.local/lib/python3.7/site-packages/airflow/example_dags/example_complex.py for tasks to queue
[2024-09-29T00:18:43.535+0000] {logging_mixin.py:120} INFO - [2024-09-29T00:18:43.535+0000] {dagbag.py:537} INFO - Filling up the DagBag from /home/airflow/.local/lib/python3.7/site-packages/airflow/example_dags/example_complex.py
[2024-09-29T00:18:43.554+0000] {logging_mixin.py:120} INFO - [2024-09-29T00:18:43.553+0000] {taskmixin.py:205} WARNING - Dependency <Task(BashOperator): create_entry_group>, delete_entry_group already registered for DAG: example_complex
[2024-09-29T00:18:43.554+0000] {logging_mixin.py:120} INFO - [2024-09-29T00:18:43.554+0000] {taskmixin.py:205} WARNING - Dependency <Task(BashOperator): delete_entry_group>, create_entry_group already registered for DAG: example_complex
[2024-09-29T00:18:43.555+0000] {logging_mixin.py:120} INFO - [2024-09-29T00:18:43.555+0000] {taskmixin.py:205} WARNING - Dependency <Task(BashOperator): create_entry_gcs>, delete_entry already registered for DAG: example_complex
[2024-09-29T00:18:43.555+0000] {logging_mixin.py:120} INFO - [2024-09-29T00:18:43.555+0000] {taskmixin.py:205} WARNING - Dependency <Task(BashOperator): delete_entry>, create_entry_gcs already registered for DAG: example_complex
[2024-09-29T00:18:43.556+0000] {logging_mixin.py:120} INFO - [2024-09-29T00:18:43.556+0000] {taskmixin.py:205} WARNING - Dependency <Task(BashOperator): create_tag>, delete_tag already registered for DAG: example_complex
[2024-09-29T00:18:43.557+0000] {logging_mixin.py:120} INFO - [2024-09-29T00:18:43.557+0000] {taskmixin.py:205} WARNING - Dependency <Task(BashOperator): delete_tag>, create_tag already registered for DAG: example_complex
[2024-09-29T00:18:43.570+0000] {processor.py:766} INFO - DAG(s) dict_keys(['example_complex']) retrieved from /home/airflow/.local/lib/python3.7/site-packages/airflow/example_dags/example_complex.py
[2024-09-29T00:18:43.642+0000] {logging_mixin.py:120} INFO - [2024-09-29T00:18:43.642+0000] {dag.py:2585} INFO - Sync 1 DAGs
[2024-09-29T00:18:43.680+0000] {logging_mixin.py:120} INFO - [2024-09-29T00:18:43.680+0000] {dag.py:3340} INFO - Setting next_dagrun for example_complex to None, run_after=None
[2024-09-29T00:18:43.706+0000] {processor.py:176} INFO - Processing /home/airflow/.local/lib/python3.7/site-packages/airflow/example_dags/example_complex.py took 0.180 seconds
[2024-09-29T00:19:13.882+0000] {processor.py:154} INFO - Started process (PID=49079) to work on /home/airflow/.local/lib/python3.7/site-packages/airflow/example_dags/example_complex.py
[2024-09-29T00:19:13.883+0000] {processor.py:756} INFO - Processing file /home/airflow/.local/lib/python3.7/site-packages/airflow/example_dags/example_complex.py for tasks to queue
[2024-09-29T00:19:13.884+0000] {logging_mixin.py:120} INFO - [2024-09-29T00:19:13.884+0000] {dagbag.py:537} INFO - Filling up the DagBag from /home/airflow/.local/lib/python3.7/site-packages/airflow/example_dags/example_complex.py
[2024-09-29T00:19:13.900+0000] {logging_mixin.py:120} INFO - [2024-09-29T00:19:13.900+0000] {taskmixin.py:205} WARNING - Dependency <Task(BashOperator): create_entry_group>, delete_entry_group already registered for DAG: example_complex
[2024-09-29T00:19:13.901+0000] {logging_mixin.py:120} INFO - [2024-09-29T00:19:13.901+0000] {taskmixin.py:205} WARNING - Dependency <Task(BashOperator): delete_entry_group>, create_entry_group already registered for DAG: example_complex
[2024-09-29T00:19:13.901+0000] {logging_mixin.py:120} INFO - [2024-09-29T00:19:13.901+0000] {taskmixin.py:205} WARNING - Dependency <Task(BashOperator): create_entry_gcs>, delete_entry already registered for DAG: example_complex
[2024-09-29T00:19:13.902+0000] {logging_mixin.py:120} INFO - [2024-09-29T00:19:13.901+0000] {taskmixin.py:205} WARNING - Dependency <Task(BashOperator): delete_entry>, create_entry_gcs already registered for DAG: example_complex
[2024-09-29T00:19:13.902+0000] {logging_mixin.py:120} INFO - [2024-09-29T00:19:13.902+0000] {taskmixin.py:205} WARNING - Dependency <Task(BashOperator): create_tag>, delete_tag already registered for DAG: example_complex
[2024-09-29T00:19:13.903+0000] {logging_mixin.py:120} INFO - [2024-09-29T00:19:13.902+0000] {taskmixin.py:205} WARNING - Dependency <Task(BashOperator): delete_tag>, create_tag already registered for DAG: example_complex
[2024-09-29T00:19:13.913+0000] {processor.py:766} INFO - DAG(s) dict_keys(['example_complex']) retrieved from /home/airflow/.local/lib/python3.7/site-packages/airflow/example_dags/example_complex.py
[2024-09-29T00:19:13.973+0000] {logging_mixin.py:120} INFO - [2024-09-29T00:19:13.973+0000] {dag.py:2585} INFO - Sync 1 DAGs
[2024-09-29T00:19:14.003+0000] {logging_mixin.py:120} INFO - [2024-09-29T00:19:14.003+0000] {dag.py:3340} INFO - Setting next_dagrun for example_complex to None, run_after=None
[2024-09-29T00:19:14.026+0000] {processor.py:176} INFO - Processing /home/airflow/.local/lib/python3.7/site-packages/airflow/example_dags/example_complex.py took 0.149 seconds
[2024-09-29T00:19:44.350+0000] {processor.py:154} INFO - Started process (PID=49151) to work on /home/airflow/.local/lib/python3.7/site-packages/airflow/example_dags/example_complex.py
[2024-09-29T00:19:44.352+0000] {processor.py:756} INFO - Processing file /home/airflow/.local/lib/python3.7/site-packages/airflow/example_dags/example_complex.py for tasks to queue
[2024-09-29T00:19:44.353+0000] {logging_mixin.py:120} INFO - [2024-09-29T00:19:44.352+0000] {dagbag.py:537} INFO - Filling up the DagBag from /home/airflow/.local/lib/python3.7/site-packages/airflow/example_dags/example_complex.py
[2024-09-29T00:19:44.370+0000] {logging_mixin.py:120} INFO - [2024-09-29T00:19:44.370+0000] {taskmixin.py:205} WARNING - Dependency <Task(BashOperator): create_entry_group>, delete_entry_group already registered for DAG: example_complex
[2024-09-29T00:19:44.372+0000] {logging_mixin.py:120} INFO - [2024-09-29T00:19:44.371+0000] {taskmixin.py:205} WARNING - Dependency <Task(BashOperator): delete_entry_group>, create_entry_group already registered for DAG: example_complex
[2024-09-29T00:19:44.372+0000] {logging_mixin.py:120} INFO - [2024-09-29T00:19:44.372+0000] {taskmixin.py:205} WARNING - Dependency <Task(BashOperator): create_entry_gcs>, delete_entry already registered for DAG: example_complex
[2024-09-29T00:19:44.372+0000] {logging_mixin.py:120} INFO - [2024-09-29T00:19:44.372+0000] {taskmixin.py:205} WARNING - Dependency <Task(BashOperator): delete_entry>, create_entry_gcs already registered for DAG: example_complex
[2024-09-29T00:19:44.373+0000] {logging_mixin.py:120} INFO - [2024-09-29T00:19:44.373+0000] {taskmixin.py:205} WARNING - Dependency <Task(BashOperator): create_tag>, delete_tag already registered for DAG: example_complex
[2024-09-29T00:19:44.373+0000] {logging_mixin.py:120} INFO - [2024-09-29T00:19:44.373+0000] {taskmixin.py:205} WARNING - Dependency <Task(BashOperator): delete_tag>, create_tag already registered for DAG: example_complex
[2024-09-29T00:19:44.384+0000] {processor.py:766} INFO - DAG(s) dict_keys(['example_complex']) retrieved from /home/airflow/.local/lib/python3.7/site-packages/airflow/example_dags/example_complex.py
[2024-09-29T00:19:44.444+0000] {logging_mixin.py:120} INFO - [2024-09-29T00:19:44.444+0000] {dag.py:2585} INFO - Sync 1 DAGs
[2024-09-29T00:19:44.478+0000] {logging_mixin.py:120} INFO - [2024-09-29T00:19:44.478+0000] {dag.py:3340} INFO - Setting next_dagrun for example_complex to None, run_after=None
[2024-09-29T00:19:44.507+0000] {processor.py:176} INFO - Processing /home/airflow/.local/lib/python3.7/site-packages/airflow/example_dags/example_complex.py took 0.161 seconds
[2024-09-29T00:20:14.844+0000] {processor.py:154} INFO - Started process (PID=49214) to work on /home/airflow/.local/lib/python3.7/site-packages/airflow/example_dags/example_complex.py
[2024-09-29T00:20:14.846+0000] {processor.py:756} INFO - Processing file /home/airflow/.local/lib/python3.7/site-packages/airflow/example_dags/example_complex.py for tasks to queue
[2024-09-29T00:20:14.847+0000] {logging_mixin.py:120} INFO - [2024-09-29T00:20:14.847+0000] {dagbag.py:537} INFO - Filling up the DagBag from /home/airflow/.local/lib/python3.7/site-packages/airflow/example_dags/example_complex.py
[2024-09-29T00:20:14.866+0000] {logging_mixin.py:120} INFO - [2024-09-29T00:20:14.866+0000] {taskmixin.py:205} WARNING - Dependency <Task(BashOperator): create_entry_group>, delete_entry_group already registered for DAG: example_complex
[2024-09-29T00:20:14.867+0000] {logging_mixin.py:120} INFO - [2024-09-29T00:20:14.866+0000] {taskmixin.py:205} WARNING - Dependency <Task(BashOperator): delete_entry_group>, create_entry_group already registered for DAG: example_complex
[2024-09-29T00:20:14.870+0000] {logging_mixin.py:120} INFO - [2024-09-29T00:20:14.870+0000] {taskmixin.py:205} WARNING - Dependency <Task(BashOperator): create_entry_gcs>, delete_entry already registered for DAG: example_complex
[2024-09-29T00:20:14.871+0000] {logging_mixin.py:120} INFO - [2024-09-29T00:20:14.871+0000] {taskmixin.py:205} WARNING - Dependency <Task(BashOperator): delete_entry>, create_entry_gcs already registered for DAG: example_complex
[2024-09-29T00:20:14.871+0000] {logging_mixin.py:120} INFO - [2024-09-29T00:20:14.871+0000] {taskmixin.py:205} WARNING - Dependency <Task(BashOperator): create_tag>, delete_tag already registered for DAG: example_complex
[2024-09-29T00:20:14.872+0000] {logging_mixin.py:120} INFO - [2024-09-29T00:20:14.872+0000] {taskmixin.py:205} WARNING - Dependency <Task(BashOperator): delete_tag>, create_tag already registered for DAG: example_complex
[2024-09-29T00:20:14.885+0000] {processor.py:766} INFO - DAG(s) dict_keys(['example_complex']) retrieved from /home/airflow/.local/lib/python3.7/site-packages/airflow/example_dags/example_complex.py
[2024-09-29T00:20:14.993+0000] {logging_mixin.py:120} INFO - [2024-09-29T00:20:14.993+0000] {dag.py:2585} INFO - Sync 1 DAGs
[2024-09-29T00:20:15.065+0000] {logging_mixin.py:120} INFO - [2024-09-29T00:20:15.065+0000] {dag.py:3340} INFO - Setting next_dagrun for example_complex to None, run_after=None
[2024-09-29T00:20:15.111+0000] {processor.py:176} INFO - Processing /home/airflow/.local/lib/python3.7/site-packages/airflow/example_dags/example_complex.py took 0.272 seconds
[2024-09-29T00:20:45.495+0000] {processor.py:154} INFO - Started process (PID=49286) to work on /home/airflow/.local/lib/python3.7/site-packages/airflow/example_dags/example_complex.py
[2024-09-29T00:20:45.497+0000] {processor.py:756} INFO - Processing file /home/airflow/.local/lib/python3.7/site-packages/airflow/example_dags/example_complex.py for tasks to queue
[2024-09-29T00:20:45.498+0000] {logging_mixin.py:120} INFO - [2024-09-29T00:20:45.498+0000] {dagbag.py:537} INFO - Filling up the DagBag from /home/airflow/.local/lib/python3.7/site-packages/airflow/example_dags/example_complex.py
[2024-09-29T00:20:45.516+0000] {logging_mixin.py:120} INFO - [2024-09-29T00:20:45.516+0000] {taskmixin.py:205} WARNING - Dependency <Task(BashOperator): create_entry_group>, delete_entry_group already registered for DAG: example_complex
[2024-09-29T00:20:45.518+0000] {logging_mixin.py:120} INFO - [2024-09-29T00:20:45.518+0000] {taskmixin.py:205} WARNING - Dependency <Task(BashOperator): delete_entry_group>, create_entry_group already registered for DAG: example_complex
[2024-09-29T00:20:45.519+0000] {logging_mixin.py:120} INFO - [2024-09-29T00:20:45.519+0000] {taskmixin.py:205} WARNING - Dependency <Task(BashOperator): create_entry_gcs>, delete_entry already registered for DAG: example_complex
[2024-09-29T00:20:45.519+0000] {logging_mixin.py:120} INFO - [2024-09-29T00:20:45.519+0000] {taskmixin.py:205} WARNING - Dependency <Task(BashOperator): delete_entry>, create_entry_gcs already registered for DAG: example_complex
[2024-09-29T00:20:45.520+0000] {logging_mixin.py:120} INFO - [2024-09-29T00:20:45.520+0000] {taskmixin.py:205} WARNING - Dependency <Task(BashOperator): create_tag>, delete_tag already registered for DAG: example_complex
[2024-09-29T00:20:45.521+0000] {logging_mixin.py:120} INFO - [2024-09-29T00:20:45.521+0000] {taskmixin.py:205} WARNING - Dependency <Task(BashOperator): delete_tag>, create_tag already registered for DAG: example_complex
[2024-09-29T00:20:45.533+0000] {processor.py:766} INFO - DAG(s) dict_keys(['example_complex']) retrieved from /home/airflow/.local/lib/python3.7/site-packages/airflow/example_dags/example_complex.py
[2024-09-29T00:20:45.599+0000] {logging_mixin.py:120} INFO - [2024-09-29T00:20:45.599+0000] {dag.py:2585} INFO - Sync 1 DAGs
[2024-09-29T00:20:45.635+0000] {logging_mixin.py:120} INFO - [2024-09-29T00:20:45.635+0000] {dag.py:3340} INFO - Setting next_dagrun for example_complex to None, run_after=None
[2024-09-29T00:20:45.662+0000] {processor.py:176} INFO - Processing /home/airflow/.local/lib/python3.7/site-packages/airflow/example_dags/example_complex.py took 0.171 seconds
[2024-09-29T00:21:15.704+0000] {processor.py:154} INFO - Started process (PID=49356) to work on /home/airflow/.local/lib/python3.7/site-packages/airflow/example_dags/example_complex.py
[2024-09-29T00:21:15.709+0000] {processor.py:756} INFO - Processing file /home/airflow/.local/lib/python3.7/site-packages/airflow/example_dags/example_complex.py for tasks to queue
[2024-09-29T00:21:15.710+0000] {logging_mixin.py:120} INFO - [2024-09-29T00:21:15.710+0000] {dagbag.py:537} INFO - Filling up the DagBag from /home/airflow/.local/lib/python3.7/site-packages/airflow/example_dags/example_complex.py
[2024-09-29T00:21:15.730+0000] {logging_mixin.py:120} INFO - [2024-09-29T00:21:15.729+0000] {taskmixin.py:205} WARNING - Dependency <Task(BashOperator): create_entry_group>, delete_entry_group already registered for DAG: example_complex
[2024-09-29T00:21:15.730+0000] {logging_mixin.py:120} INFO - [2024-09-29T00:21:15.730+0000] {taskmixin.py:205} WARNING - Dependency <Task(BashOperator): delete_entry_group>, create_entry_group already registered for DAG: example_complex
[2024-09-29T00:21:15.730+0000] {logging_mixin.py:120} INFO - [2024-09-29T00:21:15.730+0000] {taskmixin.py:205} WARNING - Dependency <Task(BashOperator): create_entry_gcs>, delete_entry already registered for DAG: example_complex
[2024-09-29T00:21:15.731+0000] {logging_mixin.py:120} INFO - [2024-09-29T00:21:15.731+0000] {taskmixin.py:205} WARNING - Dependency <Task(BashOperator): delete_entry>, create_entry_gcs already registered for DAG: example_complex
[2024-09-29T00:21:15.732+0000] {logging_mixin.py:120} INFO - [2024-09-29T00:21:15.731+0000] {taskmixin.py:205} WARNING - Dependency <Task(BashOperator): create_tag>, delete_tag already registered for DAG: example_complex
[2024-09-29T00:21:15.732+0000] {logging_mixin.py:120} INFO - [2024-09-29T00:21:15.732+0000] {taskmixin.py:205} WARNING - Dependency <Task(BashOperator): delete_tag>, create_tag already registered for DAG: example_complex
[2024-09-29T00:21:15.746+0000] {processor.py:766} INFO - DAG(s) dict_keys(['example_complex']) retrieved from /home/airflow/.local/lib/python3.7/site-packages/airflow/example_dags/example_complex.py
[2024-09-29T00:21:15.818+0000] {logging_mixin.py:120} INFO - [2024-09-29T00:21:15.818+0000] {dag.py:2585} INFO - Sync 1 DAGs
[2024-09-29T00:21:15.855+0000] {logging_mixin.py:120} INFO - [2024-09-29T00:21:15.855+0000] {dag.py:3340} INFO - Setting next_dagrun for example_complex to None, run_after=None
[2024-09-29T00:21:15.887+0000] {processor.py:176} INFO - Processing /home/airflow/.local/lib/python3.7/site-packages/airflow/example_dags/example_complex.py took 0.187 seconds
[2024-09-29T00:21:46.588+0000] {processor.py:154} INFO - Started process (PID=49421) to work on /home/airflow/.local/lib/python3.7/site-packages/airflow/example_dags/example_complex.py
[2024-09-29T00:21:46.589+0000] {processor.py:756} INFO - Processing file /home/airflow/.local/lib/python3.7/site-packages/airflow/example_dags/example_complex.py for tasks to queue
[2024-09-29T00:21:46.592+0000] {logging_mixin.py:120} INFO - [2024-09-29T00:21:46.591+0000] {dagbag.py:537} INFO - Filling up the DagBag from /home/airflow/.local/lib/python3.7/site-packages/airflow/example_dags/example_complex.py
[2024-09-29T00:21:46.609+0000] {logging_mixin.py:120} INFO - [2024-09-29T00:21:46.609+0000] {taskmixin.py:205} WARNING - Dependency <Task(BashOperator): create_entry_group>, delete_entry_group already registered for DAG: example_complex
[2024-09-29T00:21:46.610+0000] {logging_mixin.py:120} INFO - [2024-09-29T00:21:46.610+0000] {taskmixin.py:205} WARNING - Dependency <Task(BashOperator): delete_entry_group>, create_entry_group already registered for DAG: example_complex
[2024-09-29T00:21:46.611+0000] {logging_mixin.py:120} INFO - [2024-09-29T00:21:46.611+0000] {taskmixin.py:205} WARNING - Dependency <Task(BashOperator): create_entry_gcs>, delete_entry already registered for DAG: example_complex
[2024-09-29T00:21:46.611+0000] {logging_mixin.py:120} INFO - [2024-09-29T00:21:46.611+0000] {taskmixin.py:205} WARNING - Dependency <Task(BashOperator): delete_entry>, create_entry_gcs already registered for DAG: example_complex
[2024-09-29T00:21:46.612+0000] {logging_mixin.py:120} INFO - [2024-09-29T00:21:46.612+0000] {taskmixin.py:205} WARNING - Dependency <Task(BashOperator): create_tag>, delete_tag already registered for DAG: example_complex
[2024-09-29T00:21:46.612+0000] {logging_mixin.py:120} INFO - [2024-09-29T00:21:46.612+0000] {taskmixin.py:205} WARNING - Dependency <Task(BashOperator): delete_tag>, create_tag already registered for DAG: example_complex
[2024-09-29T00:21:46.625+0000] {processor.py:766} INFO - DAG(s) dict_keys(['example_complex']) retrieved from /home/airflow/.local/lib/python3.7/site-packages/airflow/example_dags/example_complex.py
[2024-09-29T00:21:46.697+0000] {logging_mixin.py:120} INFO - [2024-09-29T00:21:46.697+0000] {dag.py:2585} INFO - Sync 1 DAGs
[2024-09-29T00:21:46.736+0000] {logging_mixin.py:120} INFO - [2024-09-29T00:21:46.736+0000] {dag.py:3340} INFO - Setting next_dagrun for example_complex to None, run_after=None
[2024-09-29T00:21:46.767+0000] {processor.py:176} INFO - Processing /home/airflow/.local/lib/python3.7/site-packages/airflow/example_dags/example_complex.py took 0.184 seconds
[2024-09-29T00:22:17.237+0000] {processor.py:154} INFO - Started process (PID=49492) to work on /home/airflow/.local/lib/python3.7/site-packages/airflow/example_dags/example_complex.py
[2024-09-29T00:22:17.239+0000] {processor.py:756} INFO - Processing file /home/airflow/.local/lib/python3.7/site-packages/airflow/example_dags/example_complex.py for tasks to queue
[2024-09-29T00:22:17.240+0000] {logging_mixin.py:120} INFO - [2024-09-29T00:22:17.240+0000] {dagbag.py:537} INFO - Filling up the DagBag from /home/airflow/.local/lib/python3.7/site-packages/airflow/example_dags/example_complex.py
[2024-09-29T00:22:17.259+0000] {logging_mixin.py:120} INFO - [2024-09-29T00:22:17.259+0000] {taskmixin.py:205} WARNING - Dependency <Task(BashOperator): create_entry_group>, delete_entry_group already registered for DAG: example_complex
[2024-09-29T00:22:17.260+0000] {logging_mixin.py:120} INFO - [2024-09-29T00:22:17.260+0000] {taskmixin.py:205} WARNING - Dependency <Task(BashOperator): delete_entry_group>, create_entry_group already registered for DAG: example_complex
[2024-09-29T00:22:17.260+0000] {logging_mixin.py:120} INFO - [2024-09-29T00:22:17.260+0000] {taskmixin.py:205} WARNING - Dependency <Task(BashOperator): create_entry_gcs>, delete_entry already registered for DAG: example_complex
[2024-09-29T00:22:17.261+0000] {logging_mixin.py:120} INFO - [2024-09-29T00:22:17.261+0000] {taskmixin.py:205} WARNING - Dependency <Task(BashOperator): delete_entry>, create_entry_gcs already registered for DAG: example_complex
[2024-09-29T00:22:17.261+0000] {logging_mixin.py:120} INFO - [2024-09-29T00:22:17.261+0000] {taskmixin.py:205} WARNING - Dependency <Task(BashOperator): create_tag>, delete_tag already registered for DAG: example_complex
[2024-09-29T00:22:17.262+0000] {logging_mixin.py:120} INFO - [2024-09-29T00:22:17.262+0000] {taskmixin.py:205} WARNING - Dependency <Task(BashOperator): delete_tag>, create_tag already registered for DAG: example_complex
[2024-09-29T00:22:17.274+0000] {processor.py:766} INFO - DAG(s) dict_keys(['example_complex']) retrieved from /home/airflow/.local/lib/python3.7/site-packages/airflow/example_dags/example_complex.py
[2024-09-29T00:22:17.349+0000] {logging_mixin.py:120} INFO - [2024-09-29T00:22:17.349+0000] {dag.py:2585} INFO - Sync 1 DAGs
[2024-09-29T00:22:17.392+0000] {logging_mixin.py:120} INFO - [2024-09-29T00:22:17.392+0000] {dag.py:3340} INFO - Setting next_dagrun for example_complex to None, run_after=None
[2024-09-29T00:22:17.422+0000] {processor.py:176} INFO - Processing /home/airflow/.local/lib/python3.7/site-packages/airflow/example_dags/example_complex.py took 0.191 seconds
[2024-09-29T00:22:47.619+0000] {processor.py:154} INFO - Started process (PID=49555) to work on /home/airflow/.local/lib/python3.7/site-packages/airflow/example_dags/example_complex.py
[2024-09-29T00:22:47.621+0000] {processor.py:756} INFO - Processing file /home/airflow/.local/lib/python3.7/site-packages/airflow/example_dags/example_complex.py for tasks to queue
[2024-09-29T00:22:47.622+0000] {logging_mixin.py:120} INFO - [2024-09-29T00:22:47.622+0000] {dagbag.py:537} INFO - Filling up the DagBag from /home/airflow/.local/lib/python3.7/site-packages/airflow/example_dags/example_complex.py
[2024-09-29T00:22:47.643+0000] {logging_mixin.py:120} INFO - [2024-09-29T00:22:47.643+0000] {taskmixin.py:205} WARNING - Dependency <Task(BashOperator): create_entry_group>, delete_entry_group already registered for DAG: example_complex
[2024-09-29T00:22:47.644+0000] {logging_mixin.py:120} INFO - [2024-09-29T00:22:47.644+0000] {taskmixin.py:205} WARNING - Dependency <Task(BashOperator): delete_entry_group>, create_entry_group already registered for DAG: example_complex
[2024-09-29T00:22:47.645+0000] {logging_mixin.py:120} INFO - [2024-09-29T00:22:47.645+0000] {taskmixin.py:205} WARNING - Dependency <Task(BashOperator): create_entry_gcs>, delete_entry already registered for DAG: example_complex
[2024-09-29T00:22:47.648+0000] {logging_mixin.py:120} INFO - [2024-09-29T00:22:47.648+0000] {taskmixin.py:205} WARNING - Dependency <Task(BashOperator): delete_entry>, create_entry_gcs already registered for DAG: example_complex
[2024-09-29T00:22:47.649+0000] {logging_mixin.py:120} INFO - [2024-09-29T00:22:47.649+0000] {taskmixin.py:205} WARNING - Dependency <Task(BashOperator): create_tag>, delete_tag already registered for DAG: example_complex
[2024-09-29T00:22:47.651+0000] {logging_mixin.py:120} INFO - [2024-09-29T00:22:47.651+0000] {taskmixin.py:205} WARNING - Dependency <Task(BashOperator): delete_tag>, create_tag already registered for DAG: example_complex
[2024-09-29T00:22:47.664+0000] {processor.py:766} INFO - DAG(s) dict_keys(['example_complex']) retrieved from /home/airflow/.local/lib/python3.7/site-packages/airflow/example_dags/example_complex.py
[2024-09-29T00:22:47.740+0000] {logging_mixin.py:120} INFO - [2024-09-29T00:22:47.740+0000] {dag.py:2585} INFO - Sync 1 DAGs
[2024-09-29T00:22:47.780+0000] {logging_mixin.py:120} INFO - [2024-09-29T00:22:47.780+0000] {dag.py:3340} INFO - Setting next_dagrun for example_complex to None, run_after=None
[2024-09-29T00:22:47.811+0000] {processor.py:176} INFO - Processing /home/airflow/.local/lib/python3.7/site-packages/airflow/example_dags/example_complex.py took 0.197 seconds
[2024-09-29T00:23:18.468+0000] {processor.py:154} INFO - Started process (PID=49627) to work on /home/airflow/.local/lib/python3.7/site-packages/airflow/example_dags/example_complex.py
[2024-09-29T00:23:18.471+0000] {processor.py:756} INFO - Processing file /home/airflow/.local/lib/python3.7/site-packages/airflow/example_dags/example_complex.py for tasks to queue
[2024-09-29T00:23:18.473+0000] {logging_mixin.py:120} INFO - [2024-09-29T00:23:18.473+0000] {dagbag.py:537} INFO - Filling up the DagBag from /home/airflow/.local/lib/python3.7/site-packages/airflow/example_dags/example_complex.py
[2024-09-29T00:23:18.504+0000] {logging_mixin.py:120} INFO - [2024-09-29T00:23:18.504+0000] {taskmixin.py:205} WARNING - Dependency <Task(BashOperator): create_entry_group>, delete_entry_group already registered for DAG: example_complex
[2024-09-29T00:23:18.505+0000] {logging_mixin.py:120} INFO - [2024-09-29T00:23:18.505+0000] {taskmixin.py:205} WARNING - Dependency <Task(BashOperator): delete_entry_group>, create_entry_group already registered for DAG: example_complex
[2024-09-29T00:23:18.510+0000] {logging_mixin.py:120} INFO - [2024-09-29T00:23:18.510+0000] {taskmixin.py:205} WARNING - Dependency <Task(BashOperator): create_entry_gcs>, delete_entry already registered for DAG: example_complex
[2024-09-29T00:23:18.511+0000] {logging_mixin.py:120} INFO - [2024-09-29T00:23:18.511+0000] {taskmixin.py:205} WARNING - Dependency <Task(BashOperator): delete_entry>, create_entry_gcs already registered for DAG: example_complex
[2024-09-29T00:23:18.513+0000] {logging_mixin.py:120} INFO - [2024-09-29T00:23:18.513+0000] {taskmixin.py:205} WARNING - Dependency <Task(BashOperator): create_tag>, delete_tag already registered for DAG: example_complex
[2024-09-29T00:23:18.514+0000] {logging_mixin.py:120} INFO - [2024-09-29T00:23:18.514+0000] {taskmixin.py:205} WARNING - Dependency <Task(BashOperator): delete_tag>, create_tag already registered for DAG: example_complex
[2024-09-29T00:23:18.544+0000] {processor.py:766} INFO - DAG(s) dict_keys(['example_complex']) retrieved from /home/airflow/.local/lib/python3.7/site-packages/airflow/example_dags/example_complex.py
[2024-09-29T00:23:18.663+0000] {logging_mixin.py:120} INFO - [2024-09-29T00:23:18.663+0000] {dag.py:2585} INFO - Sync 1 DAGs
[2024-09-29T00:23:18.723+0000] {logging_mixin.py:120} INFO - [2024-09-29T00:23:18.722+0000] {dag.py:3340} INFO - Setting next_dagrun for example_complex to None, run_after=None
[2024-09-29T00:23:18.770+0000] {processor.py:176} INFO - Processing /home/airflow/.local/lib/python3.7/site-packages/airflow/example_dags/example_complex.py took 0.308 seconds
[2024-09-29T00:23:49.214+0000] {processor.py:154} INFO - Started process (PID=49690) to work on /home/airflow/.local/lib/python3.7/site-packages/airflow/example_dags/example_complex.py
[2024-09-29T00:23:49.216+0000] {processor.py:756} INFO - Processing file /home/airflow/.local/lib/python3.7/site-packages/airflow/example_dags/example_complex.py for tasks to queue
[2024-09-29T00:23:49.218+0000] {logging_mixin.py:120} INFO - [2024-09-29T00:23:49.217+0000] {dagbag.py:537} INFO - Filling up the DagBag from /home/airflow/.local/lib/python3.7/site-packages/airflow/example_dags/example_complex.py
[2024-09-29T00:23:49.238+0000] {logging_mixin.py:120} INFO - [2024-09-29T00:23:49.238+0000] {taskmixin.py:205} WARNING - Dependency <Task(BashOperator): create_entry_group>, delete_entry_group already registered for DAG: example_complex
[2024-09-29T00:23:49.239+0000] {logging_mixin.py:120} INFO - [2024-09-29T00:23:49.238+0000] {taskmixin.py:205} WARNING - Dependency <Task(BashOperator): delete_entry_group>, create_entry_group already registered for DAG: example_complex
[2024-09-29T00:23:49.239+0000] {logging_mixin.py:120} INFO - [2024-09-29T00:23:49.239+0000] {taskmixin.py:205} WARNING - Dependency <Task(BashOperator): create_entry_gcs>, delete_entry already registered for DAG: example_complex
[2024-09-29T00:23:49.240+0000] {logging_mixin.py:120} INFO - [2024-09-29T00:23:49.240+0000] {taskmixin.py:205} WARNING - Dependency <Task(BashOperator): delete_entry>, create_entry_gcs already registered for DAG: example_complex
[2024-09-29T00:23:49.241+0000] {logging_mixin.py:120} INFO - [2024-09-29T00:23:49.241+0000] {taskmixin.py:205} WARNING - Dependency <Task(BashOperator): create_tag>, delete_tag already registered for DAG: example_complex
[2024-09-29T00:23:49.242+0000] {logging_mixin.py:120} INFO - [2024-09-29T00:23:49.242+0000] {taskmixin.py:205} WARNING - Dependency <Task(BashOperator): delete_tag>, create_tag already registered for DAG: example_complex
[2024-09-29T00:23:49.258+0000] {processor.py:766} INFO - DAG(s) dict_keys(['example_complex']) retrieved from /home/airflow/.local/lib/python3.7/site-packages/airflow/example_dags/example_complex.py
[2024-09-29T00:23:49.339+0000] {logging_mixin.py:120} INFO - [2024-09-29T00:23:49.339+0000] {dag.py:2585} INFO - Sync 1 DAGs
[2024-09-29T00:23:49.394+0000] {logging_mixin.py:120} INFO - [2024-09-29T00:23:49.393+0000] {dag.py:3340} INFO - Setting next_dagrun for example_complex to None, run_after=None
[2024-09-29T00:23:49.433+0000] {processor.py:176} INFO - Processing /home/airflow/.local/lib/python3.7/site-packages/airflow/example_dags/example_complex.py took 0.225 seconds
[2024-09-29T00:24:19.891+0000] {processor.py:154} INFO - Started process (PID=49762) to work on /home/airflow/.local/lib/python3.7/site-packages/airflow/example_dags/example_complex.py
[2024-09-29T00:24:19.894+0000] {processor.py:756} INFO - Processing file /home/airflow/.local/lib/python3.7/site-packages/airflow/example_dags/example_complex.py for tasks to queue
[2024-09-29T00:24:19.895+0000] {logging_mixin.py:120} INFO - [2024-09-29T00:24:19.895+0000] {dagbag.py:537} INFO - Filling up the DagBag from /home/airflow/.local/lib/python3.7/site-packages/airflow/example_dags/example_complex.py
[2024-09-29T00:24:19.914+0000] {logging_mixin.py:120} INFO - [2024-09-29T00:24:19.914+0000] {taskmixin.py:205} WARNING - Dependency <Task(BashOperator): create_entry_group>, delete_entry_group already registered for DAG: example_complex
[2024-09-29T00:24:19.915+0000] {logging_mixin.py:120} INFO - [2024-09-29T00:24:19.915+0000] {taskmixin.py:205} WARNING - Dependency <Task(BashOperator): delete_entry_group>, create_entry_group already registered for DAG: example_complex
[2024-09-29T00:24:19.915+0000] {logging_mixin.py:120} INFO - [2024-09-29T00:24:19.915+0000] {taskmixin.py:205} WARNING - Dependency <Task(BashOperator): create_entry_gcs>, delete_entry already registered for DAG: example_complex
[2024-09-29T00:24:19.917+0000] {logging_mixin.py:120} INFO - [2024-09-29T00:24:19.917+0000] {taskmixin.py:205} WARNING - Dependency <Task(BashOperator): delete_entry>, create_entry_gcs already registered for DAG: example_complex
[2024-09-29T00:24:19.919+0000] {logging_mixin.py:120} INFO - [2024-09-29T00:24:19.919+0000] {taskmixin.py:205} WARNING - Dependency <Task(BashOperator): create_tag>, delete_tag already registered for DAG: example_complex
[2024-09-29T00:24:19.919+0000] {logging_mixin.py:120} INFO - [2024-09-29T00:24:19.919+0000] {taskmixin.py:205} WARNING - Dependency <Task(BashOperator): delete_tag>, create_tag already registered for DAG: example_complex
[2024-09-29T00:24:19.929+0000] {processor.py:766} INFO - DAG(s) dict_keys(['example_complex']) retrieved from /home/airflow/.local/lib/python3.7/site-packages/airflow/example_dags/example_complex.py
[2024-09-29T00:24:19.993+0000] {logging_mixin.py:120} INFO - [2024-09-29T00:24:19.992+0000] {dag.py:2585} INFO - Sync 1 DAGs
[2024-09-29T00:24:20.031+0000] {logging_mixin.py:120} INFO - [2024-09-29T00:24:20.030+0000] {dag.py:3340} INFO - Setting next_dagrun for example_complex to None, run_after=None
[2024-09-29T00:24:20.064+0000] {processor.py:176} INFO - Processing /home/airflow/.local/lib/python3.7/site-packages/airflow/example_dags/example_complex.py took 0.177 seconds
[2024-09-29T00:24:50.844+0000] {processor.py:154} INFO - Started process (PID=49833) to work on /home/airflow/.local/lib/python3.7/site-packages/airflow/example_dags/example_complex.py
[2024-09-29T00:24:50.846+0000] {processor.py:756} INFO - Processing file /home/airflow/.local/lib/python3.7/site-packages/airflow/example_dags/example_complex.py for tasks to queue
[2024-09-29T00:24:50.847+0000] {logging_mixin.py:120} INFO - [2024-09-29T00:24:50.847+0000] {dagbag.py:537} INFO - Filling up the DagBag from /home/airflow/.local/lib/python3.7/site-packages/airflow/example_dags/example_complex.py
[2024-09-29T00:24:50.865+0000] {logging_mixin.py:120} INFO - [2024-09-29T00:24:50.865+0000] {taskmixin.py:205} WARNING - Dependency <Task(BashOperator): create_entry_group>, delete_entry_group already registered for DAG: example_complex
[2024-09-29T00:24:50.865+0000] {logging_mixin.py:120} INFO - [2024-09-29T00:24:50.865+0000] {taskmixin.py:205} WARNING - Dependency <Task(BashOperator): delete_entry_group>, create_entry_group already registered for DAG: example_complex
[2024-09-29T00:24:50.866+0000] {logging_mixin.py:120} INFO - [2024-09-29T00:24:50.866+0000] {taskmixin.py:205} WARNING - Dependency <Task(BashOperator): create_entry_gcs>, delete_entry already registered for DAG: example_complex
[2024-09-29T00:24:50.866+0000] {logging_mixin.py:120} INFO - [2024-09-29T00:24:50.866+0000] {taskmixin.py:205} WARNING - Dependency <Task(BashOperator): delete_entry>, create_entry_gcs already registered for DAG: example_complex
[2024-09-29T00:24:50.867+0000] {logging_mixin.py:120} INFO - [2024-09-29T00:24:50.867+0000] {taskmixin.py:205} WARNING - Dependency <Task(BashOperator): create_tag>, delete_tag already registered for DAG: example_complex
[2024-09-29T00:24:50.867+0000] {logging_mixin.py:120} INFO - [2024-09-29T00:24:50.867+0000] {taskmixin.py:205} WARNING - Dependency <Task(BashOperator): delete_tag>, create_tag already registered for DAG: example_complex
[2024-09-29T00:24:50.879+0000] {processor.py:766} INFO - DAG(s) dict_keys(['example_complex']) retrieved from /home/airflow/.local/lib/python3.7/site-packages/airflow/example_dags/example_complex.py
[2024-09-29T00:24:50.955+0000] {logging_mixin.py:120} INFO - [2024-09-29T00:24:50.954+0000] {dag.py:2585} INFO - Sync 1 DAGs
[2024-09-29T00:24:50.989+0000] {logging_mixin.py:120} INFO - [2024-09-29T00:24:50.989+0000] {dag.py:3340} INFO - Setting next_dagrun for example_complex to None, run_after=None
[2024-09-29T00:24:51.015+0000] {processor.py:176} INFO - Processing /home/airflow/.local/lib/python3.7/site-packages/airflow/example_dags/example_complex.py took 0.178 seconds
[2024-09-29T00:25:21.662+0000] {processor.py:154} INFO - Started process (PID=49896) to work on /home/airflow/.local/lib/python3.7/site-packages/airflow/example_dags/example_complex.py
[2024-09-29T00:25:21.664+0000] {processor.py:756} INFO - Processing file /home/airflow/.local/lib/python3.7/site-packages/airflow/example_dags/example_complex.py for tasks to queue
[2024-09-29T00:25:21.665+0000] {logging_mixin.py:120} INFO - [2024-09-29T00:25:21.665+0000] {dagbag.py:537} INFO - Filling up the DagBag from /home/airflow/.local/lib/python3.7/site-packages/airflow/example_dags/example_complex.py
[2024-09-29T00:25:21.683+0000] {logging_mixin.py:120} INFO - [2024-09-29T00:25:21.683+0000] {taskmixin.py:205} WARNING - Dependency <Task(BashOperator): create_entry_group>, delete_entry_group already registered for DAG: example_complex
[2024-09-29T00:25:21.684+0000] {logging_mixin.py:120} INFO - [2024-09-29T00:25:21.684+0000] {taskmixin.py:205} WARNING - Dependency <Task(BashOperator): delete_entry_group>, create_entry_group already registered for DAG: example_complex
[2024-09-29T00:25:21.685+0000] {logging_mixin.py:120} INFO - [2024-09-29T00:25:21.685+0000] {taskmixin.py:205} WARNING - Dependency <Task(BashOperator): create_entry_gcs>, delete_entry already registered for DAG: example_complex
[2024-09-29T00:25:21.685+0000] {logging_mixin.py:120} INFO - [2024-09-29T00:25:21.685+0000] {taskmixin.py:205} WARNING - Dependency <Task(BashOperator): delete_entry>, create_entry_gcs already registered for DAG: example_complex
[2024-09-29T00:25:21.686+0000] {logging_mixin.py:120} INFO - [2024-09-29T00:25:21.686+0000] {taskmixin.py:205} WARNING - Dependency <Task(BashOperator): create_tag>, delete_tag already registered for DAG: example_complex
[2024-09-29T00:25:21.687+0000] {logging_mixin.py:120} INFO - [2024-09-29T00:25:21.687+0000] {taskmixin.py:205} WARNING - Dependency <Task(BashOperator): delete_tag>, create_tag already registered for DAG: example_complex
[2024-09-29T00:25:21.698+0000] {processor.py:766} INFO - DAG(s) dict_keys(['example_complex']) retrieved from /home/airflow/.local/lib/python3.7/site-packages/airflow/example_dags/example_complex.py
[2024-09-29T00:25:21.766+0000] {logging_mixin.py:120} INFO - [2024-09-29T00:25:21.765+0000] {dag.py:2585} INFO - Sync 1 DAGs
[2024-09-29T00:25:21.802+0000] {logging_mixin.py:120} INFO - [2024-09-29T00:25:21.802+0000] {dag.py:3340} INFO - Setting next_dagrun for example_complex to None, run_after=None
[2024-09-29T00:25:21.831+0000] {processor.py:176} INFO - Processing /home/airflow/.local/lib/python3.7/site-packages/airflow/example_dags/example_complex.py took 0.173 seconds
[2024-09-29T00:25:52.355+0000] {processor.py:154} INFO - Started process (PID=49968) to work on /home/airflow/.local/lib/python3.7/site-packages/airflow/example_dags/example_complex.py
[2024-09-29T00:25:52.357+0000] {processor.py:756} INFO - Processing file /home/airflow/.local/lib/python3.7/site-packages/airflow/example_dags/example_complex.py for tasks to queue
[2024-09-29T00:25:52.358+0000] {logging_mixin.py:120} INFO - [2024-09-29T00:25:52.358+0000] {dagbag.py:537} INFO - Filling up the DagBag from /home/airflow/.local/lib/python3.7/site-packages/airflow/example_dags/example_complex.py
[2024-09-29T00:25:52.378+0000] {logging_mixin.py:120} INFO - [2024-09-29T00:25:52.378+0000] {taskmixin.py:205} WARNING - Dependency <Task(BashOperator): create_entry_group>, delete_entry_group already registered for DAG: example_complex
[2024-09-29T00:25:52.381+0000] {logging_mixin.py:120} INFO - [2024-09-29T00:25:52.380+0000] {taskmixin.py:205} WARNING - Dependency <Task(BashOperator): delete_entry_group>, create_entry_group already registered for DAG: example_complex
[2024-09-29T00:25:52.381+0000] {logging_mixin.py:120} INFO - [2024-09-29T00:25:52.381+0000] {taskmixin.py:205} WARNING - Dependency <Task(BashOperator): create_entry_gcs>, delete_entry already registered for DAG: example_complex
[2024-09-29T00:25:52.382+0000] {logging_mixin.py:120} INFO - [2024-09-29T00:25:52.382+0000] {taskmixin.py:205} WARNING - Dependency <Task(BashOperator): delete_entry>, create_entry_gcs already registered for DAG: example_complex
[2024-09-29T00:25:52.383+0000] {logging_mixin.py:120} INFO - [2024-09-29T00:25:52.383+0000] {taskmixin.py:205} WARNING - Dependency <Task(BashOperator): create_tag>, delete_tag already registered for DAG: example_complex
[2024-09-29T00:25:52.384+0000] {logging_mixin.py:120} INFO - [2024-09-29T00:25:52.384+0000] {taskmixin.py:205} WARNING - Dependency <Task(BashOperator): delete_tag>, create_tag already registered for DAG: example_complex
[2024-09-29T00:25:52.399+0000] {processor.py:766} INFO - DAG(s) dict_keys(['example_complex']) retrieved from /home/airflow/.local/lib/python3.7/site-packages/airflow/example_dags/example_complex.py
[2024-09-29T00:25:52.476+0000] {logging_mixin.py:120} INFO - [2024-09-29T00:25:52.475+0000] {dag.py:2585} INFO - Sync 1 DAGs
[2024-09-29T00:25:52.516+0000] {logging_mixin.py:120} INFO - [2024-09-29T00:25:52.516+0000] {dag.py:3340} INFO - Setting next_dagrun for example_complex to None, run_after=None
[2024-09-29T00:25:52.551+0000] {processor.py:176} INFO - Processing /home/airflow/.local/lib/python3.7/site-packages/airflow/example_dags/example_complex.py took 0.203 seconds
[2024-09-29T00:26:23.008+0000] {processor.py:154} INFO - Started process (PID=50040) to work on /home/airflow/.local/lib/python3.7/site-packages/airflow/example_dags/example_complex.py
[2024-09-29T00:26:23.010+0000] {processor.py:756} INFO - Processing file /home/airflow/.local/lib/python3.7/site-packages/airflow/example_dags/example_complex.py for tasks to queue
[2024-09-29T00:26:23.011+0000] {logging_mixin.py:120} INFO - [2024-09-29T00:26:23.011+0000] {dagbag.py:537} INFO - Filling up the DagBag from /home/airflow/.local/lib/python3.7/site-packages/airflow/example_dags/example_complex.py
[2024-09-29T00:26:23.027+0000] {logging_mixin.py:120} INFO - [2024-09-29T00:26:23.026+0000] {taskmixin.py:205} WARNING - Dependency <Task(BashOperator): create_entry_group>, delete_entry_group already registered for DAG: example_complex
[2024-09-29T00:26:23.027+0000] {logging_mixin.py:120} INFO - [2024-09-29T00:26:23.027+0000] {taskmixin.py:205} WARNING - Dependency <Task(BashOperator): delete_entry_group>, create_entry_group already registered for DAG: example_complex
[2024-09-29T00:26:23.028+0000] {logging_mixin.py:120} INFO - [2024-09-29T00:26:23.028+0000] {taskmixin.py:205} WARNING - Dependency <Task(BashOperator): create_entry_gcs>, delete_entry already registered for DAG: example_complex
[2024-09-29T00:26:23.028+0000] {logging_mixin.py:120} INFO - [2024-09-29T00:26:23.028+0000] {taskmixin.py:205} WARNING - Dependency <Task(BashOperator): delete_entry>, create_entry_gcs already registered for DAG: example_complex
[2024-09-29T00:26:23.029+0000] {logging_mixin.py:120} INFO - [2024-09-29T00:26:23.029+0000] {taskmixin.py:205} WARNING - Dependency <Task(BashOperator): create_tag>, delete_tag already registered for DAG: example_complex
[2024-09-29T00:26:23.029+0000] {logging_mixin.py:120} INFO - [2024-09-29T00:26:23.029+0000] {taskmixin.py:205} WARNING - Dependency <Task(BashOperator): delete_tag>, create_tag already registered for DAG: example_complex
[2024-09-29T00:26:23.039+0000] {processor.py:766} INFO - DAG(s) dict_keys(['example_complex']) retrieved from /home/airflow/.local/lib/python3.7/site-packages/airflow/example_dags/example_complex.py
[2024-09-29T00:26:23.107+0000] {logging_mixin.py:120} INFO - [2024-09-29T00:26:23.107+0000] {dag.py:2585} INFO - Sync 1 DAGs
[2024-09-29T00:26:23.151+0000] {logging_mixin.py:120} INFO - [2024-09-29T00:26:23.151+0000] {dag.py:3340} INFO - Setting next_dagrun for example_complex to None, run_after=None
[2024-09-29T00:26:23.178+0000] {processor.py:176} INFO - Processing /home/airflow/.local/lib/python3.7/site-packages/airflow/example_dags/example_complex.py took 0.175 seconds
[2024-09-29T00:26:53.945+0000] {processor.py:154} INFO - Started process (PID=50101) to work on /home/airflow/.local/lib/python3.7/site-packages/airflow/example_dags/example_complex.py
[2024-09-29T00:26:53.947+0000] {processor.py:756} INFO - Processing file /home/airflow/.local/lib/python3.7/site-packages/airflow/example_dags/example_complex.py for tasks to queue
[2024-09-29T00:26:53.948+0000] {logging_mixin.py:120} INFO - [2024-09-29T00:26:53.947+0000] {dagbag.py:537} INFO - Filling up the DagBag from /home/airflow/.local/lib/python3.7/site-packages/airflow/example_dags/example_complex.py
[2024-09-29T00:26:53.963+0000] {logging_mixin.py:120} INFO - [2024-09-29T00:26:53.962+0000] {taskmixin.py:205} WARNING - Dependency <Task(BashOperator): create_entry_group>, delete_entry_group already registered for DAG: example_complex
[2024-09-29T00:26:53.963+0000] {logging_mixin.py:120} INFO - [2024-09-29T00:26:53.963+0000] {taskmixin.py:205} WARNING - Dependency <Task(BashOperator): delete_entry_group>, create_entry_group already registered for DAG: example_complex
[2024-09-29T00:26:53.964+0000] {logging_mixin.py:120} INFO - [2024-09-29T00:26:53.963+0000] {taskmixin.py:205} WARNING - Dependency <Task(BashOperator): create_entry_gcs>, delete_entry already registered for DAG: example_complex
[2024-09-29T00:26:53.964+0000] {logging_mixin.py:120} INFO - [2024-09-29T00:26:53.964+0000] {taskmixin.py:205} WARNING - Dependency <Task(BashOperator): delete_entry>, create_entry_gcs already registered for DAG: example_complex
[2024-09-29T00:26:53.965+0000] {logging_mixin.py:120} INFO - [2024-09-29T00:26:53.964+0000] {taskmixin.py:205} WARNING - Dependency <Task(BashOperator): create_tag>, delete_tag already registered for DAG: example_complex
[2024-09-29T00:26:53.965+0000] {logging_mixin.py:120} INFO - [2024-09-29T00:26:53.965+0000] {taskmixin.py:205} WARNING - Dependency <Task(BashOperator): delete_tag>, create_tag already registered for DAG: example_complex
[2024-09-29T00:26:53.975+0000] {processor.py:766} INFO - DAG(s) dict_keys(['example_complex']) retrieved from /home/airflow/.local/lib/python3.7/site-packages/airflow/example_dags/example_complex.py
[2024-09-29T00:26:54.032+0000] {logging_mixin.py:120} INFO - [2024-09-29T00:26:54.032+0000] {dag.py:2585} INFO - Sync 1 DAGs
[2024-09-29T00:26:54.064+0000] {logging_mixin.py:120} INFO - [2024-09-29T00:26:54.064+0000] {dag.py:3340} INFO - Setting next_dagrun for example_complex to None, run_after=None
[2024-09-29T00:26:54.087+0000] {processor.py:176} INFO - Processing /home/airflow/.local/lib/python3.7/site-packages/airflow/example_dags/example_complex.py took 0.147 seconds
[2024-09-29T00:27:24.481+0000] {processor.py:154} INFO - Started process (PID=50172) to work on /home/airflow/.local/lib/python3.7/site-packages/airflow/example_dags/example_complex.py
[2024-09-29T00:27:24.482+0000] {processor.py:756} INFO - Processing file /home/airflow/.local/lib/python3.7/site-packages/airflow/example_dags/example_complex.py for tasks to queue
[2024-09-29T00:27:24.483+0000] {logging_mixin.py:120} INFO - [2024-09-29T00:27:24.483+0000] {dagbag.py:537} INFO - Filling up the DagBag from /home/airflow/.local/lib/python3.7/site-packages/airflow/example_dags/example_complex.py
[2024-09-29T00:27:24.498+0000] {logging_mixin.py:120} INFO - [2024-09-29T00:27:24.498+0000] {taskmixin.py:205} WARNING - Dependency <Task(BashOperator): create_entry_group>, delete_entry_group already registered for DAG: example_complex
[2024-09-29T00:27:24.499+0000] {logging_mixin.py:120} INFO - [2024-09-29T00:27:24.499+0000] {taskmixin.py:205} WARNING - Dependency <Task(BashOperator): delete_entry_group>, create_entry_group already registered for DAG: example_complex
[2024-09-29T00:27:24.499+0000] {logging_mixin.py:120} INFO - [2024-09-29T00:27:24.499+0000] {taskmixin.py:205} WARNING - Dependency <Task(BashOperator): create_entry_gcs>, delete_entry already registered for DAG: example_complex
[2024-09-29T00:27:24.500+0000] {logging_mixin.py:120} INFO - [2024-09-29T00:27:24.500+0000] {taskmixin.py:205} WARNING - Dependency <Task(BashOperator): delete_entry>, create_entry_gcs already registered for DAG: example_complex
[2024-09-29T00:27:24.500+0000] {logging_mixin.py:120} INFO - [2024-09-29T00:27:24.500+0000] {taskmixin.py:205} WARNING - Dependency <Task(BashOperator): create_tag>, delete_tag already registered for DAG: example_complex
[2024-09-29T00:27:24.501+0000] {logging_mixin.py:120} INFO - [2024-09-29T00:27:24.501+0000] {taskmixin.py:205} WARNING - Dependency <Task(BashOperator): delete_tag>, create_tag already registered for DAG: example_complex
[2024-09-29T00:27:24.510+0000] {processor.py:766} INFO - DAG(s) dict_keys(['example_complex']) retrieved from /home/airflow/.local/lib/python3.7/site-packages/airflow/example_dags/example_complex.py
[2024-09-29T00:27:24.563+0000] {logging_mixin.py:120} INFO - [2024-09-29T00:27:24.563+0000] {dag.py:2585} INFO - Sync 1 DAGs
[2024-09-29T00:27:24.592+0000] {logging_mixin.py:120} INFO - [2024-09-29T00:27:24.592+0000] {dag.py:3340} INFO - Setting next_dagrun for example_complex to None, run_after=None
[2024-09-29T00:27:24.615+0000] {processor.py:176} INFO - Processing /home/airflow/.local/lib/python3.7/site-packages/airflow/example_dags/example_complex.py took 0.138 seconds
[2024-09-29T00:27:55.782+0000] {processor.py:154} INFO - Started process (PID=50243) to work on /home/airflow/.local/lib/python3.7/site-packages/airflow/example_dags/example_complex.py
[2024-09-29T00:27:55.784+0000] {processor.py:756} INFO - Processing file /home/airflow/.local/lib/python3.7/site-packages/airflow/example_dags/example_complex.py for tasks to queue
[2024-09-29T00:27:55.785+0000] {logging_mixin.py:120} INFO - [2024-09-29T00:27:55.785+0000] {dagbag.py:537} INFO - Filling up the DagBag from /home/airflow/.local/lib/python3.7/site-packages/airflow/example_dags/example_complex.py
[2024-09-29T00:27:55.801+0000] {logging_mixin.py:120} INFO - [2024-09-29T00:27:55.801+0000] {taskmixin.py:205} WARNING - Dependency <Task(BashOperator): create_entry_group>, delete_entry_group already registered for DAG: example_complex
[2024-09-29T00:27:55.801+0000] {logging_mixin.py:120} INFO - [2024-09-29T00:27:55.801+0000] {taskmixin.py:205} WARNING - Dependency <Task(BashOperator): delete_entry_group>, create_entry_group already registered for DAG: example_complex
[2024-09-29T00:27:55.801+0000] {logging_mixin.py:120} INFO - [2024-09-29T00:27:55.801+0000] {taskmixin.py:205} WARNING - Dependency <Task(BashOperator): create_entry_gcs>, delete_entry already registered for DAG: example_complex
[2024-09-29T00:27:55.802+0000] {logging_mixin.py:120} INFO - [2024-09-29T00:27:55.802+0000] {taskmixin.py:205} WARNING - Dependency <Task(BashOperator): delete_entry>, create_entry_gcs already registered for DAG: example_complex
[2024-09-29T00:27:55.802+0000] {logging_mixin.py:120} INFO - [2024-09-29T00:27:55.802+0000] {taskmixin.py:205} WARNING - Dependency <Task(BashOperator): create_tag>, delete_tag already registered for DAG: example_complex
[2024-09-29T00:27:55.803+0000] {logging_mixin.py:120} INFO - [2024-09-29T00:27:55.803+0000] {taskmixin.py:205} WARNING - Dependency <Task(BashOperator): delete_tag>, create_tag already registered for DAG: example_complex
[2024-09-29T00:27:55.812+0000] {processor.py:766} INFO - DAG(s) dict_keys(['example_complex']) retrieved from /home/airflow/.local/lib/python3.7/site-packages/airflow/example_dags/example_complex.py
[2024-09-29T00:27:55.871+0000] {logging_mixin.py:120} INFO - [2024-09-29T00:27:55.870+0000] {dag.py:2585} INFO - Sync 1 DAGs
[2024-09-29T00:27:55.903+0000] {logging_mixin.py:120} INFO - [2024-09-29T00:27:55.903+0000] {dag.py:3340} INFO - Setting next_dagrun for example_complex to None, run_after=None
[2024-09-29T00:27:55.926+0000] {processor.py:176} INFO - Processing /home/airflow/.local/lib/python3.7/site-packages/airflow/example_dags/example_complex.py took 0.149 seconds
[2024-09-29T00:28:26.345+0000] {processor.py:154} INFO - Started process (PID=50305) to work on /home/airflow/.local/lib/python3.7/site-packages/airflow/example_dags/example_complex.py
[2024-09-29T00:28:26.347+0000] {processor.py:756} INFO - Processing file /home/airflow/.local/lib/python3.7/site-packages/airflow/example_dags/example_complex.py for tasks to queue
[2024-09-29T00:28:26.348+0000] {logging_mixin.py:120} INFO - [2024-09-29T00:28:26.348+0000] {dagbag.py:537} INFO - Filling up the DagBag from /home/airflow/.local/lib/python3.7/site-packages/airflow/example_dags/example_complex.py
[2024-09-29T00:28:26.367+0000] {logging_mixin.py:120} INFO - [2024-09-29T00:28:26.366+0000] {taskmixin.py:205} WARNING - Dependency <Task(BashOperator): create_entry_group>, delete_entry_group already registered for DAG: example_complex
[2024-09-29T00:28:26.368+0000] {logging_mixin.py:120} INFO - [2024-09-29T00:28:26.368+0000] {taskmixin.py:205} WARNING - Dependency <Task(BashOperator): delete_entry_group>, create_entry_group already registered for DAG: example_complex
[2024-09-29T00:28:26.369+0000] {logging_mixin.py:120} INFO - [2024-09-29T00:28:26.368+0000] {taskmixin.py:205} WARNING - Dependency <Task(BashOperator): create_entry_gcs>, delete_entry already registered for DAG: example_complex
[2024-09-29T00:28:26.369+0000] {logging_mixin.py:120} INFO - [2024-09-29T00:28:26.369+0000] {taskmixin.py:205} WARNING - Dependency <Task(BashOperator): delete_entry>, create_entry_gcs already registered for DAG: example_complex
[2024-09-29T00:28:26.370+0000] {logging_mixin.py:120} INFO - [2024-09-29T00:28:26.370+0000] {taskmixin.py:205} WARNING - Dependency <Task(BashOperator): create_tag>, delete_tag already registered for DAG: example_complex
[2024-09-29T00:28:26.370+0000] {logging_mixin.py:120} INFO - [2024-09-29T00:28:26.370+0000] {taskmixin.py:205} WARNING - Dependency <Task(BashOperator): delete_tag>, create_tag already registered for DAG: example_complex
[2024-09-29T00:28:26.381+0000] {processor.py:766} INFO - DAG(s) dict_keys(['example_complex']) retrieved from /home/airflow/.local/lib/python3.7/site-packages/airflow/example_dags/example_complex.py
[2024-09-29T00:28:26.447+0000] {logging_mixin.py:120} INFO - [2024-09-29T00:28:26.447+0000] {dag.py:2585} INFO - Sync 1 DAGs
[2024-09-29T00:28:26.486+0000] {logging_mixin.py:120} INFO - [2024-09-29T00:28:26.485+0000] {dag.py:3340} INFO - Setting next_dagrun for example_complex to None, run_after=None
[2024-09-29T00:28:26.518+0000] {processor.py:176} INFO - Processing /home/airflow/.local/lib/python3.7/site-packages/airflow/example_dags/example_complex.py took 0.177 seconds
[2024-09-29T00:28:56.935+0000] {processor.py:154} INFO - Started process (PID=50376) to work on /home/airflow/.local/lib/python3.7/site-packages/airflow/example_dags/example_complex.py
[2024-09-29T00:28:56.938+0000] {processor.py:756} INFO - Processing file /home/airflow/.local/lib/python3.7/site-packages/airflow/example_dags/example_complex.py for tasks to queue
[2024-09-29T00:28:56.939+0000] {logging_mixin.py:120} INFO - [2024-09-29T00:28:56.939+0000] {dagbag.py:537} INFO - Filling up the DagBag from /home/airflow/.local/lib/python3.7/site-packages/airflow/example_dags/example_complex.py
[2024-09-29T00:28:56.962+0000] {logging_mixin.py:120} INFO - [2024-09-29T00:28:56.962+0000] {taskmixin.py:205} WARNING - Dependency <Task(BashOperator): create_entry_group>, delete_entry_group already registered for DAG: example_complex
[2024-09-29T00:28:56.965+0000] {logging_mixin.py:120} INFO - [2024-09-29T00:28:56.964+0000] {taskmixin.py:205} WARNING - Dependency <Task(BashOperator): delete_entry_group>, create_entry_group already registered for DAG: example_complex
[2024-09-29T00:28:56.965+0000] {logging_mixin.py:120} INFO - [2024-09-29T00:28:56.965+0000] {taskmixin.py:205} WARNING - Dependency <Task(BashOperator): create_entry_gcs>, delete_entry already registered for DAG: example_complex
[2024-09-29T00:28:56.966+0000] {logging_mixin.py:120} INFO - [2024-09-29T00:28:56.966+0000] {taskmixin.py:205} WARNING - Dependency <Task(BashOperator): delete_entry>, create_entry_gcs already registered for DAG: example_complex
[2024-09-29T00:28:56.967+0000] {logging_mixin.py:120} INFO - [2024-09-29T00:28:56.967+0000] {taskmixin.py:205} WARNING - Dependency <Task(BashOperator): create_tag>, delete_tag already registered for DAG: example_complex
[2024-09-29T00:28:56.967+0000] {logging_mixin.py:120} INFO - [2024-09-29T00:28:56.967+0000] {taskmixin.py:205} WARNING - Dependency <Task(BashOperator): delete_tag>, create_tag already registered for DAG: example_complex
[2024-09-29T00:28:56.981+0000] {processor.py:766} INFO - DAG(s) dict_keys(['example_complex']) retrieved from /home/airflow/.local/lib/python3.7/site-packages/airflow/example_dags/example_complex.py
[2024-09-29T00:28:57.067+0000] {logging_mixin.py:120} INFO - [2024-09-29T00:28:57.067+0000] {dag.py:2585} INFO - Sync 1 DAGs
[2024-09-29T00:28:57.111+0000] {logging_mixin.py:120} INFO - [2024-09-29T00:28:57.110+0000] {dag.py:3340} INFO - Setting next_dagrun for example_complex to None, run_after=None
[2024-09-29T00:28:57.144+0000] {processor.py:176} INFO - Processing /home/airflow/.local/lib/python3.7/site-packages/airflow/example_dags/example_complex.py took 0.215 seconds
[2024-09-29T00:29:27.909+0000] {processor.py:154} INFO - Started process (PID=50448) to work on /home/airflow/.local/lib/python3.7/site-packages/airflow/example_dags/example_complex.py
[2024-09-29T00:29:27.911+0000] {processor.py:756} INFO - Processing file /home/airflow/.local/lib/python3.7/site-packages/airflow/example_dags/example_complex.py for tasks to queue
[2024-09-29T00:29:27.912+0000] {logging_mixin.py:120} INFO - [2024-09-29T00:29:27.912+0000] {dagbag.py:537} INFO - Filling up the DagBag from /home/airflow/.local/lib/python3.7/site-packages/airflow/example_dags/example_complex.py
[2024-09-29T00:29:27.928+0000] {logging_mixin.py:120} INFO - [2024-09-29T00:29:27.928+0000] {taskmixin.py:205} WARNING - Dependency <Task(BashOperator): create_entry_group>, delete_entry_group already registered for DAG: example_complex
[2024-09-29T00:29:27.932+0000] {logging_mixin.py:120} INFO - [2024-09-29T00:29:27.932+0000] {taskmixin.py:205} WARNING - Dependency <Task(BashOperator): delete_entry_group>, create_entry_group already registered for DAG: example_complex
[2024-09-29T00:29:27.932+0000] {logging_mixin.py:120} INFO - [2024-09-29T00:29:27.932+0000] {taskmixin.py:205} WARNING - Dependency <Task(BashOperator): create_entry_gcs>, delete_entry already registered for DAG: example_complex
[2024-09-29T00:29:27.933+0000] {logging_mixin.py:120} INFO - [2024-09-29T00:29:27.933+0000] {taskmixin.py:205} WARNING - Dependency <Task(BashOperator): delete_entry>, create_entry_gcs already registered for DAG: example_complex
[2024-09-29T00:29:27.934+0000] {logging_mixin.py:120} INFO - [2024-09-29T00:29:27.933+0000] {taskmixin.py:205} WARNING - Dependency <Task(BashOperator): create_tag>, delete_tag already registered for DAG: example_complex
[2024-09-29T00:29:27.935+0000] {logging_mixin.py:120} INFO - [2024-09-29T00:29:27.935+0000] {taskmixin.py:205} WARNING - Dependency <Task(BashOperator): delete_tag>, create_tag already registered for DAG: example_complex
[2024-09-29T00:29:27.945+0000] {processor.py:766} INFO - DAG(s) dict_keys(['example_complex']) retrieved from /home/airflow/.local/lib/python3.7/site-packages/airflow/example_dags/example_complex.py
[2024-09-29T00:29:28.012+0000] {logging_mixin.py:120} INFO - [2024-09-29T00:29:28.012+0000] {dag.py:2585} INFO - Sync 1 DAGs
[2024-09-29T00:29:28.048+0000] {logging_mixin.py:120} INFO - [2024-09-29T00:29:28.047+0000] {dag.py:3340} INFO - Setting next_dagrun for example_complex to None, run_after=None
[2024-09-29T00:29:28.079+0000] {processor.py:176} INFO - Processing /home/airflow/.local/lib/python3.7/site-packages/airflow/example_dags/example_complex.py took 0.174 seconds
[2024-09-29T00:29:58.432+0000] {processor.py:154} INFO - Started process (PID=50511) to work on /home/airflow/.local/lib/python3.7/site-packages/airflow/example_dags/example_complex.py
[2024-09-29T00:29:58.435+0000] {processor.py:756} INFO - Processing file /home/airflow/.local/lib/python3.7/site-packages/airflow/example_dags/example_complex.py for tasks to queue
[2024-09-29T00:29:58.436+0000] {logging_mixin.py:120} INFO - [2024-09-29T00:29:58.436+0000] {dagbag.py:537} INFO - Filling up the DagBag from /home/airflow/.local/lib/python3.7/site-packages/airflow/example_dags/example_complex.py
[2024-09-29T00:29:58.455+0000] {logging_mixin.py:120} INFO - [2024-09-29T00:29:58.454+0000] {taskmixin.py:205} WARNING - Dependency <Task(BashOperator): create_entry_group>, delete_entry_group already registered for DAG: example_complex
[2024-09-29T00:29:58.455+0000] {logging_mixin.py:120} INFO - [2024-09-29T00:29:58.455+0000] {taskmixin.py:205} WARNING - Dependency <Task(BashOperator): delete_entry_group>, create_entry_group already registered for DAG: example_complex
[2024-09-29T00:29:58.459+0000] {logging_mixin.py:120} INFO - [2024-09-29T00:29:58.459+0000] {taskmixin.py:205} WARNING - Dependency <Task(BashOperator): create_entry_gcs>, delete_entry already registered for DAG: example_complex
[2024-09-29T00:29:58.460+0000] {logging_mixin.py:120} INFO - [2024-09-29T00:29:58.459+0000] {taskmixin.py:205} WARNING - Dependency <Task(BashOperator): delete_entry>, create_entry_gcs already registered for DAG: example_complex
[2024-09-29T00:29:58.460+0000] {logging_mixin.py:120} INFO - [2024-09-29T00:29:58.460+0000] {taskmixin.py:205} WARNING - Dependency <Task(BashOperator): create_tag>, delete_tag already registered for DAG: example_complex
[2024-09-29T00:29:58.461+0000] {logging_mixin.py:120} INFO - [2024-09-29T00:29:58.461+0000] {taskmixin.py:205} WARNING - Dependency <Task(BashOperator): delete_tag>, create_tag already registered for DAG: example_complex
[2024-09-29T00:29:58.472+0000] {processor.py:766} INFO - DAG(s) dict_keys(['example_complex']) retrieved from /home/airflow/.local/lib/python3.7/site-packages/airflow/example_dags/example_complex.py
[2024-09-29T00:29:58.542+0000] {logging_mixin.py:120} INFO - [2024-09-29T00:29:58.542+0000] {dag.py:2585} INFO - Sync 1 DAGs
[2024-09-29T00:29:58.581+0000] {logging_mixin.py:120} INFO - [2024-09-29T00:29:58.581+0000] {dag.py:3340} INFO - Setting next_dagrun for example_complex to None, run_after=None
[2024-09-29T00:29:58.614+0000] {processor.py:176} INFO - Processing /home/airflow/.local/lib/python3.7/site-packages/airflow/example_dags/example_complex.py took 0.187 seconds
[2024-09-29T00:30:28.820+0000] {processor.py:154} INFO - Started process (PID=50583) to work on /home/airflow/.local/lib/python3.7/site-packages/airflow/example_dags/example_complex.py
[2024-09-29T00:30:28.822+0000] {processor.py:756} INFO - Processing file /home/airflow/.local/lib/python3.7/site-packages/airflow/example_dags/example_complex.py for tasks to queue
[2024-09-29T00:30:28.823+0000] {logging_mixin.py:120} INFO - [2024-09-29T00:30:28.823+0000] {dagbag.py:537} INFO - Filling up the DagBag from /home/airflow/.local/lib/python3.7/site-packages/airflow/example_dags/example_complex.py
[2024-09-29T00:30:28.839+0000] {logging_mixin.py:120} INFO - [2024-09-29T00:30:28.839+0000] {taskmixin.py:205} WARNING - Dependency <Task(BashOperator): create_entry_group>, delete_entry_group already registered for DAG: example_complex
[2024-09-29T00:30:28.840+0000] {logging_mixin.py:120} INFO - [2024-09-29T00:30:28.839+0000] {taskmixin.py:205} WARNING - Dependency <Task(BashOperator): delete_entry_group>, create_entry_group already registered for DAG: example_complex
[2024-09-29T00:30:28.842+0000] {logging_mixin.py:120} INFO - [2024-09-29T00:30:28.842+0000] {taskmixin.py:205} WARNING - Dependency <Task(BashOperator): create_entry_gcs>, delete_entry already registered for DAG: example_complex
[2024-09-29T00:30:28.843+0000] {logging_mixin.py:120} INFO - [2024-09-29T00:30:28.843+0000] {taskmixin.py:205} WARNING - Dependency <Task(BashOperator): delete_entry>, create_entry_gcs already registered for DAG: example_complex
[2024-09-29T00:30:28.844+0000] {logging_mixin.py:120} INFO - [2024-09-29T00:30:28.844+0000] {taskmixin.py:205} WARNING - Dependency <Task(BashOperator): create_tag>, delete_tag already registered for DAG: example_complex
[2024-09-29T00:30:28.844+0000] {logging_mixin.py:120} INFO - [2024-09-29T00:30:28.844+0000] {taskmixin.py:205} WARNING - Dependency <Task(BashOperator): delete_tag>, create_tag already registered for DAG: example_complex
[2024-09-29T00:30:28.855+0000] {processor.py:766} INFO - DAG(s) dict_keys(['example_complex']) retrieved from /home/airflow/.local/lib/python3.7/site-packages/airflow/example_dags/example_complex.py
[2024-09-29T00:30:28.924+0000] {logging_mixin.py:120} INFO - [2024-09-29T00:30:28.924+0000] {dag.py:2585} INFO - Sync 1 DAGs
[2024-09-29T00:30:28.957+0000] {logging_mixin.py:120} INFO - [2024-09-29T00:30:28.957+0000] {dag.py:3340} INFO - Setting next_dagrun for example_complex to None, run_after=None
[2024-09-29T00:30:28.983+0000] {processor.py:176} INFO - Processing /home/airflow/.local/lib/python3.7/site-packages/airflow/example_dags/example_complex.py took 0.168 seconds
[2024-09-29T00:30:59.372+0000] {processor.py:154} INFO - Started process (PID=50655) to work on /home/airflow/.local/lib/python3.7/site-packages/airflow/example_dags/example_complex.py
[2024-09-29T00:30:59.374+0000] {processor.py:756} INFO - Processing file /home/airflow/.local/lib/python3.7/site-packages/airflow/example_dags/example_complex.py for tasks to queue
[2024-09-29T00:30:59.375+0000] {logging_mixin.py:120} INFO - [2024-09-29T00:30:59.375+0000] {dagbag.py:537} INFO - Filling up the DagBag from /home/airflow/.local/lib/python3.7/site-packages/airflow/example_dags/example_complex.py
[2024-09-29T00:30:59.395+0000] {logging_mixin.py:120} INFO - [2024-09-29T00:30:59.395+0000] {taskmixin.py:205} WARNING - Dependency <Task(BashOperator): create_entry_group>, delete_entry_group already registered for DAG: example_complex
[2024-09-29T00:30:59.396+0000] {logging_mixin.py:120} INFO - [2024-09-29T00:30:59.395+0000] {taskmixin.py:205} WARNING - Dependency <Task(BashOperator): delete_entry_group>, create_entry_group already registered for DAG: example_complex
[2024-09-29T00:30:59.396+0000] {logging_mixin.py:120} INFO - [2024-09-29T00:30:59.396+0000] {taskmixin.py:205} WARNING - Dependency <Task(BashOperator): create_entry_gcs>, delete_entry already registered for DAG: example_complex
[2024-09-29T00:30:59.397+0000] {logging_mixin.py:120} INFO - [2024-09-29T00:30:59.397+0000] {taskmixin.py:205} WARNING - Dependency <Task(BashOperator): delete_entry>, create_entry_gcs already registered for DAG: example_complex
[2024-09-29T00:30:59.397+0000] {logging_mixin.py:120} INFO - [2024-09-29T00:30:59.397+0000] {taskmixin.py:205} WARNING - Dependency <Task(BashOperator): create_tag>, delete_tag already registered for DAG: example_complex
[2024-09-29T00:30:59.398+0000] {logging_mixin.py:120} INFO - [2024-09-29T00:30:59.398+0000] {taskmixin.py:205} WARNING - Dependency <Task(BashOperator): delete_tag>, create_tag already registered for DAG: example_complex
[2024-09-29T00:30:59.408+0000] {processor.py:766} INFO - DAG(s) dict_keys(['example_complex']) retrieved from /home/airflow/.local/lib/python3.7/site-packages/airflow/example_dags/example_complex.py
[2024-09-29T00:30:59.473+0000] {logging_mixin.py:120} INFO - [2024-09-29T00:30:59.472+0000] {dag.py:2585} INFO - Sync 1 DAGs
[2024-09-29T00:30:59.504+0000] {logging_mixin.py:120} INFO - [2024-09-29T00:30:59.504+0000] {dag.py:3340} INFO - Setting next_dagrun for example_complex to None, run_after=None
[2024-09-29T00:30:59.527+0000] {processor.py:176} INFO - Processing /home/airflow/.local/lib/python3.7/site-packages/airflow/example_dags/example_complex.py took 0.160 seconds
[2024-09-29T00:31:30.263+0000] {processor.py:154} INFO - Started process (PID=50717) to work on /home/airflow/.local/lib/python3.7/site-packages/airflow/example_dags/example_complex.py
[2024-09-29T00:31:30.265+0000] {processor.py:756} INFO - Processing file /home/airflow/.local/lib/python3.7/site-packages/airflow/example_dags/example_complex.py for tasks to queue
[2024-09-29T00:31:30.266+0000] {logging_mixin.py:120} INFO - [2024-09-29T00:31:30.266+0000] {dagbag.py:537} INFO - Filling up the DagBag from /home/airflow/.local/lib/python3.7/site-packages/airflow/example_dags/example_complex.py
[2024-09-29T00:31:30.281+0000] {logging_mixin.py:120} INFO - [2024-09-29T00:31:30.280+0000] {taskmixin.py:205} WARNING - Dependency <Task(BashOperator): create_entry_group>, delete_entry_group already registered for DAG: example_complex
[2024-09-29T00:31:30.281+0000] {logging_mixin.py:120} INFO - [2024-09-29T00:31:30.281+0000] {taskmixin.py:205} WARNING - Dependency <Task(BashOperator): delete_entry_group>, create_entry_group already registered for DAG: example_complex
[2024-09-29T00:31:30.285+0000] {logging_mixin.py:120} INFO - [2024-09-29T00:31:30.285+0000] {taskmixin.py:205} WARNING - Dependency <Task(BashOperator): create_entry_gcs>, delete_entry already registered for DAG: example_complex
[2024-09-29T00:31:30.285+0000] {logging_mixin.py:120} INFO - [2024-09-29T00:31:30.285+0000] {taskmixin.py:205} WARNING - Dependency <Task(BashOperator): delete_entry>, create_entry_gcs already registered for DAG: example_complex
[2024-09-29T00:31:30.286+0000] {logging_mixin.py:120} INFO - [2024-09-29T00:31:30.286+0000] {taskmixin.py:205} WARNING - Dependency <Task(BashOperator): create_tag>, delete_tag already registered for DAG: example_complex
[2024-09-29T00:31:30.286+0000] {logging_mixin.py:120} INFO - [2024-09-29T00:31:30.286+0000] {taskmixin.py:205} WARNING - Dependency <Task(BashOperator): delete_tag>, create_tag already registered for DAG: example_complex
[2024-09-29T00:31:30.297+0000] {processor.py:766} INFO - DAG(s) dict_keys(['example_complex']) retrieved from /home/airflow/.local/lib/python3.7/site-packages/airflow/example_dags/example_complex.py
[2024-09-29T00:31:30.361+0000] {logging_mixin.py:120} INFO - [2024-09-29T00:31:30.361+0000] {dag.py:2585} INFO - Sync 1 DAGs
[2024-09-29T00:31:30.394+0000] {logging_mixin.py:120} INFO - [2024-09-29T00:31:30.393+0000] {dag.py:3340} INFO - Setting next_dagrun for example_complex to None, run_after=None
[2024-09-29T00:31:30.420+0000] {processor.py:176} INFO - Processing /home/airflow/.local/lib/python3.7/site-packages/airflow/example_dags/example_complex.py took 0.161 seconds
[2024-09-29T00:32:00.901+0000] {processor.py:154} INFO - Started process (PID=50789) to work on /home/airflow/.local/lib/python3.7/site-packages/airflow/example_dags/example_complex.py
[2024-09-29T00:32:00.903+0000] {processor.py:756} INFO - Processing file /home/airflow/.local/lib/python3.7/site-packages/airflow/example_dags/example_complex.py for tasks to queue
[2024-09-29T00:32:00.904+0000] {logging_mixin.py:120} INFO - [2024-09-29T00:32:00.904+0000] {dagbag.py:537} INFO - Filling up the DagBag from /home/airflow/.local/lib/python3.7/site-packages/airflow/example_dags/example_complex.py
[2024-09-29T00:32:00.922+0000] {logging_mixin.py:120} INFO - [2024-09-29T00:32:00.922+0000] {taskmixin.py:205} WARNING - Dependency <Task(BashOperator): create_entry_group>, delete_entry_group already registered for DAG: example_complex
[2024-09-29T00:32:00.924+0000] {logging_mixin.py:120} INFO - [2024-09-29T00:32:00.924+0000] {taskmixin.py:205} WARNING - Dependency <Task(BashOperator): delete_entry_group>, create_entry_group already registered for DAG: example_complex
[2024-09-29T00:32:00.925+0000] {logging_mixin.py:120} INFO - [2024-09-29T00:32:00.925+0000] {taskmixin.py:205} WARNING - Dependency <Task(BashOperator): create_entry_gcs>, delete_entry already registered for DAG: example_complex
[2024-09-29T00:32:00.925+0000] {logging_mixin.py:120} INFO - [2024-09-29T00:32:00.925+0000] {taskmixin.py:205} WARNING - Dependency <Task(BashOperator): delete_entry>, create_entry_gcs already registered for DAG: example_complex
[2024-09-29T00:32:00.926+0000] {logging_mixin.py:120} INFO - [2024-09-29T00:32:00.926+0000] {taskmixin.py:205} WARNING - Dependency <Task(BashOperator): create_tag>, delete_tag already registered for DAG: example_complex
[2024-09-29T00:32:00.927+0000] {logging_mixin.py:120} INFO - [2024-09-29T00:32:00.927+0000] {taskmixin.py:205} WARNING - Dependency <Task(BashOperator): delete_tag>, create_tag already registered for DAG: example_complex
[2024-09-29T00:32:00.938+0000] {processor.py:766} INFO - DAG(s) dict_keys(['example_complex']) retrieved from /home/airflow/.local/lib/python3.7/site-packages/airflow/example_dags/example_complex.py
[2024-09-29T00:32:01.007+0000] {logging_mixin.py:120} INFO - [2024-09-29T00:32:01.007+0000] {dag.py:2585} INFO - Sync 1 DAGs
[2024-09-29T00:32:01.045+0000] {logging_mixin.py:120} INFO - [2024-09-29T00:32:01.045+0000] {dag.py:3340} INFO - Setting next_dagrun for example_complex to None, run_after=None
[2024-09-29T00:32:01.072+0000] {processor.py:176} INFO - Processing /home/airflow/.local/lib/python3.7/site-packages/airflow/example_dags/example_complex.py took 0.177 seconds
[2024-09-29T00:32:31.752+0000] {processor.py:154} INFO - Started process (PID=50861) to work on /home/airflow/.local/lib/python3.7/site-packages/airflow/example_dags/example_complex.py
[2024-09-29T00:32:31.753+0000] {processor.py:756} INFO - Processing file /home/airflow/.local/lib/python3.7/site-packages/airflow/example_dags/example_complex.py for tasks to queue
[2024-09-29T00:32:31.755+0000] {logging_mixin.py:120} INFO - [2024-09-29T00:32:31.754+0000] {dagbag.py:537} INFO - Filling up the DagBag from /home/airflow/.local/lib/python3.7/site-packages/airflow/example_dags/example_complex.py
[2024-09-29T00:32:31.773+0000] {logging_mixin.py:120} INFO - [2024-09-29T00:32:31.773+0000] {taskmixin.py:205} WARNING - Dependency <Task(BashOperator): create_entry_group>, delete_entry_group already registered for DAG: example_complex
[2024-09-29T00:32:31.774+0000] {logging_mixin.py:120} INFO - [2024-09-29T00:32:31.773+0000] {taskmixin.py:205} WARNING - Dependency <Task(BashOperator): delete_entry_group>, create_entry_group already registered for DAG: example_complex
[2024-09-29T00:32:31.774+0000] {logging_mixin.py:120} INFO - [2024-09-29T00:32:31.774+0000] {taskmixin.py:205} WARNING - Dependency <Task(BashOperator): create_entry_gcs>, delete_entry already registered for DAG: example_complex
[2024-09-29T00:32:31.775+0000] {logging_mixin.py:120} INFO - [2024-09-29T00:32:31.775+0000] {taskmixin.py:205} WARNING - Dependency <Task(BashOperator): delete_entry>, create_entry_gcs already registered for DAG: example_complex
[2024-09-29T00:32:31.775+0000] {logging_mixin.py:120} INFO - [2024-09-29T00:32:31.775+0000] {taskmixin.py:205} WARNING - Dependency <Task(BashOperator): create_tag>, delete_tag already registered for DAG: example_complex
[2024-09-29T00:32:31.776+0000] {logging_mixin.py:120} INFO - [2024-09-29T00:32:31.776+0000] {taskmixin.py:205} WARNING - Dependency <Task(BashOperator): delete_tag>, create_tag already registered for DAG: example_complex
[2024-09-29T00:32:31.787+0000] {processor.py:766} INFO - DAG(s) dict_keys(['example_complex']) retrieved from /home/airflow/.local/lib/python3.7/site-packages/airflow/example_dags/example_complex.py
[2024-09-29T00:32:31.859+0000] {logging_mixin.py:120} INFO - [2024-09-29T00:32:31.859+0000] {dag.py:2585} INFO - Sync 1 DAGs
[2024-09-29T00:32:31.896+0000] {logging_mixin.py:120} INFO - [2024-09-29T00:32:31.896+0000] {dag.py:3340} INFO - Setting next_dagrun for example_complex to None, run_after=None
[2024-09-29T00:32:31.927+0000] {processor.py:176} INFO - Processing /home/airflow/.local/lib/python3.7/site-packages/airflow/example_dags/example_complex.py took 0.180 seconds
[2024-09-29T00:33:02.462+0000] {processor.py:154} INFO - Started process (PID=50924) to work on /home/airflow/.local/lib/python3.7/site-packages/airflow/example_dags/example_complex.py
[2024-09-29T00:33:02.464+0000] {processor.py:756} INFO - Processing file /home/airflow/.local/lib/python3.7/site-packages/airflow/example_dags/example_complex.py for tasks to queue
[2024-09-29T00:33:02.465+0000] {logging_mixin.py:120} INFO - [2024-09-29T00:33:02.465+0000] {dagbag.py:537} INFO - Filling up the DagBag from /home/airflow/.local/lib/python3.7/site-packages/airflow/example_dags/example_complex.py
[2024-09-29T00:33:02.481+0000] {logging_mixin.py:120} INFO - [2024-09-29T00:33:02.481+0000] {taskmixin.py:205} WARNING - Dependency <Task(BashOperator): create_entry_group>, delete_entry_group already registered for DAG: example_complex
[2024-09-29T00:33:02.482+0000] {logging_mixin.py:120} INFO - [2024-09-29T00:33:02.482+0000] {taskmixin.py:205} WARNING - Dependency <Task(BashOperator): delete_entry_group>, create_entry_group already registered for DAG: example_complex
[2024-09-29T00:33:02.482+0000] {logging_mixin.py:120} INFO - [2024-09-29T00:33:02.482+0000] {taskmixin.py:205} WARNING - Dependency <Task(BashOperator): create_entry_gcs>, delete_entry already registered for DAG: example_complex
[2024-09-29T00:33:02.483+0000] {logging_mixin.py:120} INFO - [2024-09-29T00:33:02.483+0000] {taskmixin.py:205} WARNING - Dependency <Task(BashOperator): delete_entry>, create_entry_gcs already registered for DAG: example_complex
[2024-09-29T00:33:02.483+0000] {logging_mixin.py:120} INFO - [2024-09-29T00:33:02.483+0000] {taskmixin.py:205} WARNING - Dependency <Task(BashOperator): create_tag>, delete_tag already registered for DAG: example_complex
[2024-09-29T00:33:02.484+0000] {logging_mixin.py:120} INFO - [2024-09-29T00:33:02.484+0000] {taskmixin.py:205} WARNING - Dependency <Task(BashOperator): delete_tag>, create_tag already registered for DAG: example_complex
[2024-09-29T00:33:02.495+0000] {processor.py:766} INFO - DAG(s) dict_keys(['example_complex']) retrieved from /home/airflow/.local/lib/python3.7/site-packages/airflow/example_dags/example_complex.py
[2024-09-29T00:33:02.562+0000] {logging_mixin.py:120} INFO - [2024-09-29T00:33:02.562+0000] {dag.py:2585} INFO - Sync 1 DAGs
[2024-09-29T00:33:02.600+0000] {logging_mixin.py:120} INFO - [2024-09-29T00:33:02.600+0000] {dag.py:3340} INFO - Setting next_dagrun for example_complex to None, run_after=None
[2024-09-29T00:33:02.626+0000] {processor.py:176} INFO - Processing /home/airflow/.local/lib/python3.7/site-packages/airflow/example_dags/example_complex.py took 0.168 seconds
[2024-09-29T00:33:33.061+0000] {processor.py:154} INFO - Started process (PID=50995) to work on /home/airflow/.local/lib/python3.7/site-packages/airflow/example_dags/example_complex.py
[2024-09-29T00:33:33.063+0000] {processor.py:756} INFO - Processing file /home/airflow/.local/lib/python3.7/site-packages/airflow/example_dags/example_complex.py for tasks to queue
[2024-09-29T00:33:33.064+0000] {logging_mixin.py:120} INFO - [2024-09-29T00:33:33.064+0000] {dagbag.py:537} INFO - Filling up the DagBag from /home/airflow/.local/lib/python3.7/site-packages/airflow/example_dags/example_complex.py
[2024-09-29T00:33:33.082+0000] {logging_mixin.py:120} INFO - [2024-09-29T00:33:33.081+0000] {taskmixin.py:205} WARNING - Dependency <Task(BashOperator): create_entry_group>, delete_entry_group already registered for DAG: example_complex
[2024-09-29T00:33:33.083+0000] {logging_mixin.py:120} INFO - [2024-09-29T00:33:33.083+0000] {taskmixin.py:205} WARNING - Dependency <Task(BashOperator): delete_entry_group>, create_entry_group already registered for DAG: example_complex
[2024-09-29T00:33:33.084+0000] {logging_mixin.py:120} INFO - [2024-09-29T00:33:33.084+0000] {taskmixin.py:205} WARNING - Dependency <Task(BashOperator): create_entry_gcs>, delete_entry already registered for DAG: example_complex
[2024-09-29T00:33:33.084+0000] {logging_mixin.py:120} INFO - [2024-09-29T00:33:33.084+0000] {taskmixin.py:205} WARNING - Dependency <Task(BashOperator): delete_entry>, create_entry_gcs already registered for DAG: example_complex
[2024-09-29T00:33:33.085+0000] {logging_mixin.py:120} INFO - [2024-09-29T00:33:33.085+0000] {taskmixin.py:205} WARNING - Dependency <Task(BashOperator): create_tag>, delete_tag already registered for DAG: example_complex
[2024-09-29T00:33:33.085+0000] {logging_mixin.py:120} INFO - [2024-09-29T00:33:33.085+0000] {taskmixin.py:205} WARNING - Dependency <Task(BashOperator): delete_tag>, create_tag already registered for DAG: example_complex
[2024-09-29T00:33:33.096+0000] {processor.py:766} INFO - DAG(s) dict_keys(['example_complex']) retrieved from /home/airflow/.local/lib/python3.7/site-packages/airflow/example_dags/example_complex.py
[2024-09-29T00:33:33.157+0000] {logging_mixin.py:120} INFO - [2024-09-29T00:33:33.157+0000] {dag.py:2585} INFO - Sync 1 DAGs
[2024-09-29T00:33:33.190+0000] {logging_mixin.py:120} INFO - [2024-09-29T00:33:33.190+0000] {dag.py:3340} INFO - Setting next_dagrun for example_complex to None, run_after=None
[2024-09-29T00:33:33.218+0000] {processor.py:176} INFO - Processing /home/airflow/.local/lib/python3.7/site-packages/airflow/example_dags/example_complex.py took 0.163 seconds
[2024-09-29T00:34:03.998+0000] {processor.py:154} INFO - Started process (PID=51066) to work on /home/airflow/.local/lib/python3.7/site-packages/airflow/example_dags/example_complex.py
[2024-09-29T00:34:04.001+0000] {processor.py:756} INFO - Processing file /home/airflow/.local/lib/python3.7/site-packages/airflow/example_dags/example_complex.py for tasks to queue
[2024-09-29T00:34:04.002+0000] {logging_mixin.py:120} INFO - [2024-09-29T00:34:04.002+0000] {dagbag.py:537} INFO - Filling up the DagBag from /home/airflow/.local/lib/python3.7/site-packages/airflow/example_dags/example_complex.py
[2024-09-29T00:34:04.021+0000] {logging_mixin.py:120} INFO - [2024-09-29T00:34:04.021+0000] {taskmixin.py:205} WARNING - Dependency <Task(BashOperator): create_entry_group>, delete_entry_group already registered for DAG: example_complex
[2024-09-29T00:34:04.022+0000] {logging_mixin.py:120} INFO - [2024-09-29T00:34:04.022+0000] {taskmixin.py:205} WARNING - Dependency <Task(BashOperator): delete_entry_group>, create_entry_group already registered for DAG: example_complex
[2024-09-29T00:34:04.022+0000] {logging_mixin.py:120} INFO - [2024-09-29T00:34:04.022+0000] {taskmixin.py:205} WARNING - Dependency <Task(BashOperator): create_entry_gcs>, delete_entry already registered for DAG: example_complex
[2024-09-29T00:34:04.023+0000] {logging_mixin.py:120} INFO - [2024-09-29T00:34:04.023+0000] {taskmixin.py:205} WARNING - Dependency <Task(BashOperator): delete_entry>, create_entry_gcs already registered for DAG: example_complex
[2024-09-29T00:34:04.024+0000] {logging_mixin.py:120} INFO - [2024-09-29T00:34:04.024+0000] {taskmixin.py:205} WARNING - Dependency <Task(BashOperator): create_tag>, delete_tag already registered for DAG: example_complex
[2024-09-29T00:34:04.024+0000] {logging_mixin.py:120} INFO - [2024-09-29T00:34:04.024+0000] {taskmixin.py:205} WARNING - Dependency <Task(BashOperator): delete_tag>, create_tag already registered for DAG: example_complex
[2024-09-29T00:34:04.035+0000] {processor.py:766} INFO - DAG(s) dict_keys(['example_complex']) retrieved from /home/airflow/.local/lib/python3.7/site-packages/airflow/example_dags/example_complex.py
[2024-09-29T00:34:04.102+0000] {logging_mixin.py:120} INFO - [2024-09-29T00:34:04.102+0000] {dag.py:2585} INFO - Sync 1 DAGs
[2024-09-29T00:34:04.139+0000] {logging_mixin.py:120} INFO - [2024-09-29T00:34:04.139+0000] {dag.py:3340} INFO - Setting next_dagrun for example_complex to None, run_after=None
[2024-09-29T00:34:04.170+0000] {processor.py:176} INFO - Processing /home/airflow/.local/lib/python3.7/site-packages/airflow/example_dags/example_complex.py took 0.177 seconds
[2024-09-29T00:34:34.208+0000] {processor.py:154} INFO - Started process (PID=51129) to work on /home/airflow/.local/lib/python3.7/site-packages/airflow/example_dags/example_complex.py
[2024-09-29T00:34:34.210+0000] {processor.py:756} INFO - Processing file /home/airflow/.local/lib/python3.7/site-packages/airflow/example_dags/example_complex.py for tasks to queue
[2024-09-29T00:34:34.211+0000] {logging_mixin.py:120} INFO - [2024-09-29T00:34:34.211+0000] {dagbag.py:537} INFO - Filling up the DagBag from /home/airflow/.local/lib/python3.7/site-packages/airflow/example_dags/example_complex.py
[2024-09-29T00:34:34.225+0000] {logging_mixin.py:120} INFO - [2024-09-29T00:34:34.225+0000] {taskmixin.py:205} WARNING - Dependency <Task(BashOperator): create_entry_group>, delete_entry_group already registered for DAG: example_complex
[2024-09-29T00:34:34.245+0000] {logging_mixin.py:120} INFO - [2024-09-29T00:34:34.245+0000] {taskmixin.py:205} WARNING - Dependency <Task(BashOperator): delete_entry_group>, create_entry_group already registered for DAG: example_complex
[2024-09-29T00:34:34.248+0000] {logging_mixin.py:120} INFO - [2024-09-29T00:34:34.248+0000] {taskmixin.py:205} WARNING - Dependency <Task(BashOperator): create_entry_gcs>, delete_entry already registered for DAG: example_complex
[2024-09-29T00:34:34.248+0000] {logging_mixin.py:120} INFO - [2024-09-29T00:34:34.248+0000] {taskmixin.py:205} WARNING - Dependency <Task(BashOperator): delete_entry>, create_entry_gcs already registered for DAG: example_complex
[2024-09-29T00:34:34.249+0000] {logging_mixin.py:120} INFO - [2024-09-29T00:34:34.249+0000] {taskmixin.py:205} WARNING - Dependency <Task(BashOperator): create_tag>, delete_tag already registered for DAG: example_complex
[2024-09-29T00:34:34.249+0000] {logging_mixin.py:120} INFO - [2024-09-29T00:34:34.249+0000] {taskmixin.py:205} WARNING - Dependency <Task(BashOperator): delete_tag>, create_tag already registered for DAG: example_complex
[2024-09-29T00:34:34.257+0000] {processor.py:766} INFO - DAG(s) dict_keys(['example_complex']) retrieved from /home/airflow/.local/lib/python3.7/site-packages/airflow/example_dags/example_complex.py
[2024-09-29T00:34:34.314+0000] {logging_mixin.py:120} INFO - [2024-09-29T00:34:34.314+0000] {dag.py:2585} INFO - Sync 1 DAGs
[2024-09-29T00:34:34.346+0000] {logging_mixin.py:120} INFO - [2024-09-29T00:34:34.346+0000] {dag.py:3340} INFO - Setting next_dagrun for example_complex to None, run_after=None
[2024-09-29T00:34:34.369+0000] {processor.py:176} INFO - Processing /home/airflow/.local/lib/python3.7/site-packages/airflow/example_dags/example_complex.py took 0.166 seconds
[2024-09-29T00:35:04.959+0000] {processor.py:154} INFO - Started process (PID=51200) to work on /home/airflow/.local/lib/python3.7/site-packages/airflow/example_dags/example_complex.py
[2024-09-29T00:35:04.961+0000] {processor.py:756} INFO - Processing file /home/airflow/.local/lib/python3.7/site-packages/airflow/example_dags/example_complex.py for tasks to queue
[2024-09-29T00:35:04.962+0000] {logging_mixin.py:120} INFO - [2024-09-29T00:35:04.962+0000] {dagbag.py:537} INFO - Filling up the DagBag from /home/airflow/.local/lib/python3.7/site-packages/airflow/example_dags/example_complex.py
[2024-09-29T00:35:04.977+0000] {logging_mixin.py:120} INFO - [2024-09-29T00:35:04.977+0000] {taskmixin.py:205} WARNING - Dependency <Task(BashOperator): create_entry_group>, delete_entry_group already registered for DAG: example_complex
[2024-09-29T00:35:04.978+0000] {logging_mixin.py:120} INFO - [2024-09-29T00:35:04.978+0000] {taskmixin.py:205} WARNING - Dependency <Task(BashOperator): delete_entry_group>, create_entry_group already registered for DAG: example_complex
[2024-09-29T00:35:04.979+0000] {logging_mixin.py:120} INFO - [2024-09-29T00:35:04.979+0000] {taskmixin.py:205} WARNING - Dependency <Task(BashOperator): create_entry_gcs>, delete_entry already registered for DAG: example_complex
[2024-09-29T00:35:04.981+0000] {logging_mixin.py:120} INFO - [2024-09-29T00:35:04.981+0000] {taskmixin.py:205} WARNING - Dependency <Task(BashOperator): delete_entry>, create_entry_gcs already registered for DAG: example_complex
[2024-09-29T00:35:04.981+0000] {logging_mixin.py:120} INFO - [2024-09-29T00:35:04.981+0000] {taskmixin.py:205} WARNING - Dependency <Task(BashOperator): create_tag>, delete_tag already registered for DAG: example_complex
[2024-09-29T00:35:04.982+0000] {logging_mixin.py:120} INFO - [2024-09-29T00:35:04.981+0000] {taskmixin.py:205} WARNING - Dependency <Task(BashOperator): delete_tag>, create_tag already registered for DAG: example_complex
[2024-09-29T00:35:04.992+0000] {processor.py:766} INFO - DAG(s) dict_keys(['example_complex']) retrieved from /home/airflow/.local/lib/python3.7/site-packages/airflow/example_dags/example_complex.py
[2024-09-29T00:35:05.049+0000] {logging_mixin.py:120} INFO - [2024-09-29T00:35:05.048+0000] {dag.py:2585} INFO - Sync 1 DAGs
[2024-09-29T00:35:05.078+0000] {logging_mixin.py:120} INFO - [2024-09-29T00:35:05.078+0000] {dag.py:3340} INFO - Setting next_dagrun for example_complex to None, run_after=None
[2024-09-29T00:35:05.103+0000] {processor.py:176} INFO - Processing /home/airflow/.local/lib/python3.7/site-packages/airflow/example_dags/example_complex.py took 0.147 seconds
[2024-09-29T00:35:35.673+0000] {processor.py:154} INFO - Started process (PID=51272) to work on /home/airflow/.local/lib/python3.7/site-packages/airflow/example_dags/example_complex.py
[2024-09-29T00:35:35.676+0000] {processor.py:756} INFO - Processing file /home/airflow/.local/lib/python3.7/site-packages/airflow/example_dags/example_complex.py for tasks to queue
[2024-09-29T00:35:35.677+0000] {logging_mixin.py:120} INFO - [2024-09-29T00:35:35.677+0000] {dagbag.py:537} INFO - Filling up the DagBag from /home/airflow/.local/lib/python3.7/site-packages/airflow/example_dags/example_complex.py
[2024-09-29T00:35:35.694+0000] {logging_mixin.py:120} INFO - [2024-09-29T00:35:35.694+0000] {taskmixin.py:205} WARNING - Dependency <Task(BashOperator): create_entry_group>, delete_entry_group already registered for DAG: example_complex
[2024-09-29T00:35:35.694+0000] {logging_mixin.py:120} INFO - [2024-09-29T00:35:35.694+0000] {taskmixin.py:205} WARNING - Dependency <Task(BashOperator): delete_entry_group>, create_entry_group already registered for DAG: example_complex
[2024-09-29T00:35:35.695+0000] {logging_mixin.py:120} INFO - [2024-09-29T00:35:35.694+0000] {taskmixin.py:205} WARNING - Dependency <Task(BashOperator): create_entry_gcs>, delete_entry already registered for DAG: example_complex
[2024-09-29T00:35:35.695+0000] {logging_mixin.py:120} INFO - [2024-09-29T00:35:35.695+0000] {taskmixin.py:205} WARNING - Dependency <Task(BashOperator): delete_entry>, create_entry_gcs already registered for DAG: example_complex
[2024-09-29T00:35:35.695+0000] {logging_mixin.py:120} INFO - [2024-09-29T00:35:35.695+0000] {taskmixin.py:205} WARNING - Dependency <Task(BashOperator): create_tag>, delete_tag already registered for DAG: example_complex
[2024-09-29T00:35:35.696+0000] {logging_mixin.py:120} INFO - [2024-09-29T00:35:35.696+0000] {taskmixin.py:205} WARNING - Dependency <Task(BashOperator): delete_tag>, create_tag already registered for DAG: example_complex
[2024-09-29T00:35:35.706+0000] {processor.py:766} INFO - DAG(s) dict_keys(['example_complex']) retrieved from /home/airflow/.local/lib/python3.7/site-packages/airflow/example_dags/example_complex.py
[2024-09-29T00:35:35.764+0000] {logging_mixin.py:120} INFO - [2024-09-29T00:35:35.764+0000] {dag.py:2585} INFO - Sync 1 DAGs
[2024-09-29T00:35:35.798+0000] {logging_mixin.py:120} INFO - [2024-09-29T00:35:35.798+0000] {dag.py:3340} INFO - Setting next_dagrun for example_complex to None, run_after=None
[2024-09-29T00:35:35.820+0000] {processor.py:176} INFO - Processing /home/airflow/.local/lib/python3.7/site-packages/airflow/example_dags/example_complex.py took 0.151 seconds
[2024-09-29T00:36:06.152+0000] {processor.py:154} INFO - Started process (PID=51335) to work on /home/airflow/.local/lib/python3.7/site-packages/airflow/example_dags/example_complex.py
[2024-09-29T00:36:06.154+0000] {processor.py:756} INFO - Processing file /home/airflow/.local/lib/python3.7/site-packages/airflow/example_dags/example_complex.py for tasks to queue
[2024-09-29T00:36:06.156+0000] {logging_mixin.py:120} INFO - [2024-09-29T00:36:06.155+0000] {dagbag.py:537} INFO - Filling up the DagBag from /home/airflow/.local/lib/python3.7/site-packages/airflow/example_dags/example_complex.py
[2024-09-29T00:36:06.172+0000] {logging_mixin.py:120} INFO - [2024-09-29T00:36:06.172+0000] {taskmixin.py:205} WARNING - Dependency <Task(BashOperator): create_entry_group>, delete_entry_group already registered for DAG: example_complex
[2024-09-29T00:36:06.173+0000] {logging_mixin.py:120} INFO - [2024-09-29T00:36:06.173+0000] {taskmixin.py:205} WARNING - Dependency <Task(BashOperator): delete_entry_group>, create_entry_group already registered for DAG: example_complex
[2024-09-29T00:36:06.174+0000] {logging_mixin.py:120} INFO - [2024-09-29T00:36:06.173+0000] {taskmixin.py:205} WARNING - Dependency <Task(BashOperator): create_entry_gcs>, delete_entry already registered for DAG: example_complex
[2024-09-29T00:36:06.174+0000] {logging_mixin.py:120} INFO - [2024-09-29T00:36:06.174+0000] {taskmixin.py:205} WARNING - Dependency <Task(BashOperator): delete_entry>, create_entry_gcs already registered for DAG: example_complex
[2024-09-29T00:36:06.175+0000] {logging_mixin.py:120} INFO - [2024-09-29T00:36:06.175+0000] {taskmixin.py:205} WARNING - Dependency <Task(BashOperator): create_tag>, delete_tag already registered for DAG: example_complex
[2024-09-29T00:36:06.175+0000] {logging_mixin.py:120} INFO - [2024-09-29T00:36:06.175+0000] {taskmixin.py:205} WARNING - Dependency <Task(BashOperator): delete_tag>, create_tag already registered for DAG: example_complex
[2024-09-29T00:36:06.185+0000] {processor.py:766} INFO - DAG(s) dict_keys(['example_complex']) retrieved from /home/airflow/.local/lib/python3.7/site-packages/airflow/example_dags/example_complex.py
[2024-09-29T00:36:06.232+0000] {logging_mixin.py:120} INFO - [2024-09-29T00:36:06.232+0000] {dag.py:2585} INFO - Sync 1 DAGs
[2024-09-29T00:36:06.258+0000] {logging_mixin.py:120} INFO - [2024-09-29T00:36:06.258+0000] {dag.py:3340} INFO - Setting next_dagrun for example_complex to None, run_after=None
[2024-09-29T00:36:06.277+0000] {processor.py:176} INFO - Processing /home/airflow/.local/lib/python3.7/site-packages/airflow/example_dags/example_complex.py took 0.129 seconds
[2024-09-29T00:36:36.649+0000] {processor.py:154} INFO - Started process (PID=51407) to work on /home/airflow/.local/lib/python3.7/site-packages/airflow/example_dags/example_complex.py
[2024-09-29T00:36:36.651+0000] {processor.py:756} INFO - Processing file /home/airflow/.local/lib/python3.7/site-packages/airflow/example_dags/example_complex.py for tasks to queue
[2024-09-29T00:36:36.653+0000] {logging_mixin.py:120} INFO - [2024-09-29T00:36:36.652+0000] {dagbag.py:537} INFO - Filling up the DagBag from /home/airflow/.local/lib/python3.7/site-packages/airflow/example_dags/example_complex.py
[2024-09-29T00:36:36.666+0000] {logging_mixin.py:120} INFO - [2024-09-29T00:36:36.666+0000] {taskmixin.py:205} WARNING - Dependency <Task(BashOperator): create_entry_group>, delete_entry_group already registered for DAG: example_complex
[2024-09-29T00:36:36.666+0000] {logging_mixin.py:120} INFO - [2024-09-29T00:36:36.666+0000] {taskmixin.py:205} WARNING - Dependency <Task(BashOperator): delete_entry_group>, create_entry_group already registered for DAG: example_complex
[2024-09-29T00:36:36.667+0000] {logging_mixin.py:120} INFO - [2024-09-29T00:36:36.667+0000] {taskmixin.py:205} WARNING - Dependency <Task(BashOperator): create_entry_gcs>, delete_entry already registered for DAG: example_complex
[2024-09-29T00:36:36.667+0000] {logging_mixin.py:120} INFO - [2024-09-29T00:36:36.667+0000] {taskmixin.py:205} WARNING - Dependency <Task(BashOperator): delete_entry>, create_entry_gcs already registered for DAG: example_complex
[2024-09-29T00:36:36.668+0000] {logging_mixin.py:120} INFO - [2024-09-29T00:36:36.667+0000] {taskmixin.py:205} WARNING - Dependency <Task(BashOperator): create_tag>, delete_tag already registered for DAG: example_complex
[2024-09-29T00:36:36.668+0000] {logging_mixin.py:120} INFO - [2024-09-29T00:36:36.668+0000] {taskmixin.py:205} WARNING - Dependency <Task(BashOperator): delete_tag>, create_tag already registered for DAG: example_complex
[2024-09-29T00:36:36.677+0000] {processor.py:766} INFO - DAG(s) dict_keys(['example_complex']) retrieved from /home/airflow/.local/lib/python3.7/site-packages/airflow/example_dags/example_complex.py
[2024-09-29T00:36:36.734+0000] {logging_mixin.py:120} INFO - [2024-09-29T00:36:36.733+0000] {dag.py:2585} INFO - Sync 1 DAGs
[2024-09-29T00:36:36.759+0000] {logging_mixin.py:120} INFO - [2024-09-29T00:36:36.759+0000] {dag.py:3340} INFO - Setting next_dagrun for example_complex to None, run_after=None
[2024-09-29T00:36:36.780+0000] {processor.py:176} INFO - Processing /home/airflow/.local/lib/python3.7/site-packages/airflow/example_dags/example_complex.py took 0.135 seconds
[2024-09-29T00:37:06.886+0000] {processor.py:154} INFO - Started process (PID=51478) to work on /home/airflow/.local/lib/python3.7/site-packages/airflow/example_dags/example_complex.py
[2024-09-29T00:37:06.889+0000] {processor.py:756} INFO - Processing file /home/airflow/.local/lib/python3.7/site-packages/airflow/example_dags/example_complex.py for tasks to queue
[2024-09-29T00:37:06.890+0000] {logging_mixin.py:120} INFO - [2024-09-29T00:37:06.890+0000] {dagbag.py:537} INFO - Filling up the DagBag from /home/airflow/.local/lib/python3.7/site-packages/airflow/example_dags/example_complex.py
[2024-09-29T00:37:06.904+0000] {logging_mixin.py:120} INFO - [2024-09-29T00:37:06.904+0000] {taskmixin.py:205} WARNING - Dependency <Task(BashOperator): create_entry_group>, delete_entry_group already registered for DAG: example_complex
[2024-09-29T00:37:06.905+0000] {logging_mixin.py:120} INFO - [2024-09-29T00:37:06.905+0000] {taskmixin.py:205} WARNING - Dependency <Task(BashOperator): delete_entry_group>, create_entry_group already registered for DAG: example_complex
[2024-09-29T00:37:06.905+0000] {logging_mixin.py:120} INFO - [2024-09-29T00:37:06.905+0000] {taskmixin.py:205} WARNING - Dependency <Task(BashOperator): create_entry_gcs>, delete_entry already registered for DAG: example_complex
[2024-09-29T00:37:06.905+0000] {logging_mixin.py:120} INFO - [2024-09-29T00:37:06.905+0000] {taskmixin.py:205} WARNING - Dependency <Task(BashOperator): delete_entry>, create_entry_gcs already registered for DAG: example_complex
[2024-09-29T00:37:06.906+0000] {logging_mixin.py:120} INFO - [2024-09-29T00:37:06.906+0000] {taskmixin.py:205} WARNING - Dependency <Task(BashOperator): create_tag>, delete_tag already registered for DAG: example_complex
[2024-09-29T00:37:06.906+0000] {logging_mixin.py:120} INFO - [2024-09-29T00:37:06.906+0000] {taskmixin.py:205} WARNING - Dependency <Task(BashOperator): delete_tag>, create_tag already registered for DAG: example_complex
[2024-09-29T00:37:06.914+0000] {processor.py:766} INFO - DAG(s) dict_keys(['example_complex']) retrieved from /home/airflow/.local/lib/python3.7/site-packages/airflow/example_dags/example_complex.py
[2024-09-29T00:37:06.964+0000] {logging_mixin.py:120} INFO - [2024-09-29T00:37:06.964+0000] {dag.py:2585} INFO - Sync 1 DAGs
[2024-09-29T00:37:06.990+0000] {logging_mixin.py:120} INFO - [2024-09-29T00:37:06.990+0000] {dag.py:3340} INFO - Setting next_dagrun for example_complex to None, run_after=None
[2024-09-29T00:37:07.015+0000] {processor.py:176} INFO - Processing /home/airflow/.local/lib/python3.7/site-packages/airflow/example_dags/example_complex.py took 0.134 seconds
[2024-09-29T00:37:37.288+0000] {processor.py:154} INFO - Started process (PID=51550) to work on /home/airflow/.local/lib/python3.7/site-packages/airflow/example_dags/example_complex.py
[2024-09-29T00:37:37.290+0000] {processor.py:756} INFO - Processing file /home/airflow/.local/lib/python3.7/site-packages/airflow/example_dags/example_complex.py for tasks to queue
[2024-09-29T00:37:37.291+0000] {logging_mixin.py:120} INFO - [2024-09-29T00:37:37.291+0000] {dagbag.py:537} INFO - Filling up the DagBag from /home/airflow/.local/lib/python3.7/site-packages/airflow/example_dags/example_complex.py
[2024-09-29T00:37:37.304+0000] {logging_mixin.py:120} INFO - [2024-09-29T00:37:37.304+0000] {taskmixin.py:205} WARNING - Dependency <Task(BashOperator): create_entry_group>, delete_entry_group already registered for DAG: example_complex
[2024-09-29T00:37:37.306+0000] {logging_mixin.py:120} INFO - [2024-09-29T00:37:37.306+0000] {taskmixin.py:205} WARNING - Dependency <Task(BashOperator): delete_entry_group>, create_entry_group already registered for DAG: example_complex
[2024-09-29T00:37:37.306+0000] {logging_mixin.py:120} INFO - [2024-09-29T00:37:37.306+0000] {taskmixin.py:205} WARNING - Dependency <Task(BashOperator): create_entry_gcs>, delete_entry already registered for DAG: example_complex
[2024-09-29T00:37:37.307+0000] {logging_mixin.py:120} INFO - [2024-09-29T00:37:37.307+0000] {taskmixin.py:205} WARNING - Dependency <Task(BashOperator): delete_entry>, create_entry_gcs already registered for DAG: example_complex
[2024-09-29T00:37:37.307+0000] {logging_mixin.py:120} INFO - [2024-09-29T00:37:37.307+0000] {taskmixin.py:205} WARNING - Dependency <Task(BashOperator): create_tag>, delete_tag already registered for DAG: example_complex
[2024-09-29T00:37:37.308+0000] {logging_mixin.py:120} INFO - [2024-09-29T00:37:37.308+0000] {taskmixin.py:205} WARNING - Dependency <Task(BashOperator): delete_tag>, create_tag already registered for DAG: example_complex
[2024-09-29T00:37:37.316+0000] {processor.py:766} INFO - DAG(s) dict_keys(['example_complex']) retrieved from /home/airflow/.local/lib/python3.7/site-packages/airflow/example_dags/example_complex.py
[2024-09-29T00:37:37.364+0000] {logging_mixin.py:120} INFO - [2024-09-29T00:37:37.364+0000] {dag.py:2585} INFO - Sync 1 DAGs
[2024-09-29T00:37:37.392+0000] {logging_mixin.py:120} INFO - [2024-09-29T00:37:37.392+0000] {dag.py:3340} INFO - Setting next_dagrun for example_complex to None, run_after=None
[2024-09-29T00:37:37.413+0000] {processor.py:176} INFO - Processing /home/airflow/.local/lib/python3.7/site-packages/airflow/example_dags/example_complex.py took 0.128 seconds
[2024-09-29T00:38:08.169+0000] {processor.py:154} INFO - Started process (PID=51613) to work on /home/airflow/.local/lib/python3.7/site-packages/airflow/example_dags/example_complex.py
[2024-09-29T00:38:08.171+0000] {processor.py:756} INFO - Processing file /home/airflow/.local/lib/python3.7/site-packages/airflow/example_dags/example_complex.py for tasks to queue
[2024-09-29T00:38:08.172+0000] {logging_mixin.py:120} INFO - [2024-09-29T00:38:08.171+0000] {dagbag.py:537} INFO - Filling up the DagBag from /home/airflow/.local/lib/python3.7/site-packages/airflow/example_dags/example_complex.py
[2024-09-29T00:38:08.185+0000] {logging_mixin.py:120} INFO - [2024-09-29T00:38:08.185+0000] {taskmixin.py:205} WARNING - Dependency <Task(BashOperator): create_entry_group>, delete_entry_group already registered for DAG: example_complex
[2024-09-29T00:38:08.186+0000] {logging_mixin.py:120} INFO - [2024-09-29T00:38:08.186+0000] {taskmixin.py:205} WARNING - Dependency <Task(BashOperator): delete_entry_group>, create_entry_group already registered for DAG: example_complex
[2024-09-29T00:38:08.186+0000] {logging_mixin.py:120} INFO - [2024-09-29T00:38:08.186+0000] {taskmixin.py:205} WARNING - Dependency <Task(BashOperator): create_entry_gcs>, delete_entry already registered for DAG: example_complex
[2024-09-29T00:38:08.186+0000] {logging_mixin.py:120} INFO - [2024-09-29T00:38:08.186+0000] {taskmixin.py:205} WARNING - Dependency <Task(BashOperator): delete_entry>, create_entry_gcs already registered for DAG: example_complex
[2024-09-29T00:38:08.187+0000] {logging_mixin.py:120} INFO - [2024-09-29T00:38:08.187+0000] {taskmixin.py:205} WARNING - Dependency <Task(BashOperator): create_tag>, delete_tag already registered for DAG: example_complex
[2024-09-29T00:38:08.187+0000] {logging_mixin.py:120} INFO - [2024-09-29T00:38:08.187+0000] {taskmixin.py:205} WARNING - Dependency <Task(BashOperator): delete_tag>, create_tag already registered for DAG: example_complex
[2024-09-29T00:38:08.196+0000] {processor.py:766} INFO - DAG(s) dict_keys(['example_complex']) retrieved from /home/airflow/.local/lib/python3.7/site-packages/airflow/example_dags/example_complex.py
[2024-09-29T00:38:08.244+0000] {logging_mixin.py:120} INFO - [2024-09-29T00:38:08.244+0000] {dag.py:2585} INFO - Sync 1 DAGs
[2024-09-29T00:38:08.274+0000] {logging_mixin.py:120} INFO - [2024-09-29T00:38:08.274+0000] {dag.py:3340} INFO - Setting next_dagrun for example_complex to None, run_after=None
[2024-09-29T00:38:08.301+0000] {processor.py:176} INFO - Processing /home/airflow/.local/lib/python3.7/site-packages/airflow/example_dags/example_complex.py took 0.135 seconds
[2024-09-29T00:38:38.715+0000] {processor.py:154} INFO - Started process (PID=51685) to work on /home/airflow/.local/lib/python3.7/site-packages/airflow/example_dags/example_complex.py
[2024-09-29T00:38:38.717+0000] {processor.py:756} INFO - Processing file /home/airflow/.local/lib/python3.7/site-packages/airflow/example_dags/example_complex.py for tasks to queue
[2024-09-29T00:38:38.718+0000] {logging_mixin.py:120} INFO - [2024-09-29T00:38:38.718+0000] {dagbag.py:537} INFO - Filling up the DagBag from /home/airflow/.local/lib/python3.7/site-packages/airflow/example_dags/example_complex.py
[2024-09-29T00:38:38.733+0000] {logging_mixin.py:120} INFO - [2024-09-29T00:38:38.733+0000] {taskmixin.py:205} WARNING - Dependency <Task(BashOperator): create_entry_group>, delete_entry_group already registered for DAG: example_complex
[2024-09-29T00:38:38.734+0000] {logging_mixin.py:120} INFO - [2024-09-29T00:38:38.734+0000] {taskmixin.py:205} WARNING - Dependency <Task(BashOperator): delete_entry_group>, create_entry_group already registered for DAG: example_complex
[2024-09-29T00:38:38.734+0000] {logging_mixin.py:120} INFO - [2024-09-29T00:38:38.734+0000] {taskmixin.py:205} WARNING - Dependency <Task(BashOperator): create_entry_gcs>, delete_entry already registered for DAG: example_complex
[2024-09-29T00:38:38.735+0000] {logging_mixin.py:120} INFO - [2024-09-29T00:38:38.735+0000] {taskmixin.py:205} WARNING - Dependency <Task(BashOperator): delete_entry>, create_entry_gcs already registered for DAG: example_complex
[2024-09-29T00:38:38.735+0000] {logging_mixin.py:120} INFO - [2024-09-29T00:38:38.735+0000] {taskmixin.py:205} WARNING - Dependency <Task(BashOperator): create_tag>, delete_tag already registered for DAG: example_complex
[2024-09-29T00:38:38.736+0000] {logging_mixin.py:120} INFO - [2024-09-29T00:38:38.736+0000] {taskmixin.py:205} WARNING - Dependency <Task(BashOperator): delete_tag>, create_tag already registered for DAG: example_complex
[2024-09-29T00:38:38.746+0000] {processor.py:766} INFO - DAG(s) dict_keys(['example_complex']) retrieved from /home/airflow/.local/lib/python3.7/site-packages/airflow/example_dags/example_complex.py
[2024-09-29T00:38:38.806+0000] {logging_mixin.py:120} INFO - [2024-09-29T00:38:38.806+0000] {dag.py:2585} INFO - Sync 1 DAGs
[2024-09-29T00:38:38.834+0000] {logging_mixin.py:120} INFO - [2024-09-29T00:38:38.834+0000] {dag.py:3340} INFO - Setting next_dagrun for example_complex to None, run_after=None
[2024-09-29T00:38:38.854+0000] {processor.py:176} INFO - Processing /home/airflow/.local/lib/python3.7/site-packages/airflow/example_dags/example_complex.py took 0.144 seconds
[2024-09-29T00:39:09.240+0000] {processor.py:154} INFO - Started process (PID=51757) to work on /home/airflow/.local/lib/python3.7/site-packages/airflow/example_dags/example_complex.py
[2024-09-29T00:39:09.242+0000] {processor.py:756} INFO - Processing file /home/airflow/.local/lib/python3.7/site-packages/airflow/example_dags/example_complex.py for tasks to queue
[2024-09-29T00:39:09.243+0000] {logging_mixin.py:120} INFO - [2024-09-29T00:39:09.243+0000] {dagbag.py:537} INFO - Filling up the DagBag from /home/airflow/.local/lib/python3.7/site-packages/airflow/example_dags/example_complex.py
[2024-09-29T00:39:09.261+0000] {logging_mixin.py:120} INFO - [2024-09-29T00:39:09.260+0000] {taskmixin.py:205} WARNING - Dependency <Task(BashOperator): create_entry_group>, delete_entry_group already registered for DAG: example_complex
[2024-09-29T00:39:09.261+0000] {logging_mixin.py:120} INFO - [2024-09-29T00:39:09.261+0000] {taskmixin.py:205} WARNING - Dependency <Task(BashOperator): delete_entry_group>, create_entry_group already registered for DAG: example_complex
[2024-09-29T00:39:09.263+0000] {logging_mixin.py:120} INFO - [2024-09-29T00:39:09.263+0000] {taskmixin.py:205} WARNING - Dependency <Task(BashOperator): create_entry_gcs>, delete_entry already registered for DAG: example_complex
[2024-09-29T00:39:09.264+0000] {logging_mixin.py:120} INFO - [2024-09-29T00:39:09.264+0000] {taskmixin.py:205} WARNING - Dependency <Task(BashOperator): delete_entry>, create_entry_gcs already registered for DAG: example_complex
[2024-09-29T00:39:09.265+0000] {logging_mixin.py:120} INFO - [2024-09-29T00:39:09.265+0000] {taskmixin.py:205} WARNING - Dependency <Task(BashOperator): create_tag>, delete_tag already registered for DAG: example_complex
[2024-09-29T00:39:09.265+0000] {logging_mixin.py:120} INFO - [2024-09-29T00:39:09.265+0000] {taskmixin.py:205} WARNING - Dependency <Task(BashOperator): delete_tag>, create_tag already registered for DAG: example_complex
[2024-09-29T00:39:09.278+0000] {processor.py:766} INFO - DAG(s) dict_keys(['example_complex']) retrieved from /home/airflow/.local/lib/python3.7/site-packages/airflow/example_dags/example_complex.py
[2024-09-29T00:39:09.343+0000] {logging_mixin.py:120} INFO - [2024-09-29T00:39:09.343+0000] {dag.py:2585} INFO - Sync 1 DAGs
[2024-09-29T00:39:09.379+0000] {logging_mixin.py:120} INFO - [2024-09-29T00:39:09.379+0000] {dag.py:3340} INFO - Setting next_dagrun for example_complex to None, run_after=None
[2024-09-29T00:39:09.408+0000] {processor.py:176} INFO - Processing /home/airflow/.local/lib/python3.7/site-packages/airflow/example_dags/example_complex.py took 0.171 seconds
[2024-09-29T00:39:40.460+0000] {processor.py:154} INFO - Started process (PID=51820) to work on /home/airflow/.local/lib/python3.7/site-packages/airflow/example_dags/example_complex.py
[2024-09-29T00:39:40.467+0000] {processor.py:756} INFO - Processing file /home/airflow/.local/lib/python3.7/site-packages/airflow/example_dags/example_complex.py for tasks to queue
[2024-09-29T00:39:40.474+0000] {logging_mixin.py:120} INFO - [2024-09-29T00:39:40.474+0000] {dagbag.py:537} INFO - Filling up the DagBag from /home/airflow/.local/lib/python3.7/site-packages/airflow/example_dags/example_complex.py
[2024-09-29T00:39:40.604+0000] {logging_mixin.py:120} INFO - [2024-09-29T00:39:40.604+0000] {taskmixin.py:205} WARNING - Dependency <Task(BashOperator): create_entry_group>, delete_entry_group already registered for DAG: example_complex
[2024-09-29T00:39:40.605+0000] {logging_mixin.py:120} INFO - [2024-09-29T00:39:40.605+0000] {taskmixin.py:205} WARNING - Dependency <Task(BashOperator): delete_entry_group>, create_entry_group already registered for DAG: example_complex
[2024-09-29T00:39:40.607+0000] {logging_mixin.py:120} INFO - [2024-09-29T00:39:40.606+0000] {taskmixin.py:205} WARNING - Dependency <Task(BashOperator): create_entry_gcs>, delete_entry already registered for DAG: example_complex
[2024-09-29T00:39:40.607+0000] {logging_mixin.py:120} INFO - [2024-09-29T00:39:40.607+0000] {taskmixin.py:205} WARNING - Dependency <Task(BashOperator): delete_entry>, create_entry_gcs already registered for DAG: example_complex
[2024-09-29T00:39:40.608+0000] {logging_mixin.py:120} INFO - [2024-09-29T00:39:40.608+0000] {taskmixin.py:205} WARNING - Dependency <Task(BashOperator): create_tag>, delete_tag already registered for DAG: example_complex
[2024-09-29T00:39:40.609+0000] {logging_mixin.py:120} INFO - [2024-09-29T00:39:40.609+0000] {taskmixin.py:205} WARNING - Dependency <Task(BashOperator): delete_tag>, create_tag already registered for DAG: example_complex
[2024-09-29T00:39:40.805+0000] {processor.py:766} INFO - DAG(s) dict_keys(['example_complex']) retrieved from /home/airflow/.local/lib/python3.7/site-packages/airflow/example_dags/example_complex.py
[2024-09-29T00:39:41.340+0000] {logging_mixin.py:120} INFO - [2024-09-29T00:39:41.339+0000] {dag.py:2585} INFO - Sync 1 DAGs
[2024-09-29T00:39:41.773+0000] {logging_mixin.py:120} INFO - [2024-09-29T00:39:41.773+0000] {dag.py:3340} INFO - Setting next_dagrun for example_complex to None, run_after=None
[2024-09-29T00:39:41.876+0000] {processor.py:176} INFO - Processing /home/airflow/.local/lib/python3.7/site-packages/airflow/example_dags/example_complex.py took 1.431 seconds
[2024-09-29T01:40:52.091+0000] {processor.py:154} INFO - Started process (PID=51915) to work on /home/airflow/.local/lib/python3.7/site-packages/airflow/example_dags/example_complex.py
[2024-09-29T01:40:52.096+0000] {processor.py:756} INFO - Processing file /home/airflow/.local/lib/python3.7/site-packages/airflow/example_dags/example_complex.py for tasks to queue
[2024-09-29T01:40:52.099+0000] {logging_mixin.py:120} INFO - [2024-09-29T01:40:52.099+0000] {dagbag.py:537} INFO - Filling up the DagBag from /home/airflow/.local/lib/python3.7/site-packages/airflow/example_dags/example_complex.py
[2024-09-29T01:40:52.132+0000] {logging_mixin.py:120} INFO - [2024-09-29T01:40:52.132+0000] {taskmixin.py:205} WARNING - Dependency <Task(BashOperator): create_entry_group>, delete_entry_group already registered for DAG: example_complex
[2024-09-29T01:40:52.135+0000] {logging_mixin.py:120} INFO - [2024-09-29T01:40:52.135+0000] {taskmixin.py:205} WARNING - Dependency <Task(BashOperator): delete_entry_group>, create_entry_group already registered for DAG: example_complex
[2024-09-29T01:40:52.137+0000] {logging_mixin.py:120} INFO - [2024-09-29T01:40:52.136+0000] {taskmixin.py:205} WARNING - Dependency <Task(BashOperator): create_entry_gcs>, delete_entry already registered for DAG: example_complex
[2024-09-29T01:40:52.138+0000] {logging_mixin.py:120} INFO - [2024-09-29T01:40:52.137+0000] {taskmixin.py:205} WARNING - Dependency <Task(BashOperator): delete_entry>, create_entry_gcs already registered for DAG: example_complex
[2024-09-29T01:40:52.139+0000] {logging_mixin.py:120} INFO - [2024-09-29T01:40:52.138+0000] {taskmixin.py:205} WARNING - Dependency <Task(BashOperator): create_tag>, delete_tag already registered for DAG: example_complex
[2024-09-29T01:40:52.139+0000] {logging_mixin.py:120} INFO - [2024-09-29T01:40:52.139+0000] {taskmixin.py:205} WARNING - Dependency <Task(BashOperator): delete_tag>, create_tag already registered for DAG: example_complex
[2024-09-29T01:40:52.161+0000] {processor.py:766} INFO - DAG(s) dict_keys(['example_complex']) retrieved from /home/airflow/.local/lib/python3.7/site-packages/airflow/example_dags/example_complex.py
[2024-09-29T01:40:52.279+0000] {logging_mixin.py:120} INFO - [2024-09-29T01:40:52.279+0000] {dag.py:2585} INFO - Sync 1 DAGs
[2024-09-29T01:40:52.344+0000] {logging_mixin.py:120} INFO - [2024-09-29T01:40:52.344+0000] {dag.py:3340} INFO - Setting next_dagrun for example_complex to None, run_after=None
[2024-09-29T01:40:52.390+0000] {processor.py:176} INFO - Processing /home/airflow/.local/lib/python3.7/site-packages/airflow/example_dags/example_complex.py took 0.306 seconds
[2024-09-29T01:42:55.931+0000] {processor.py:154} INFO - Started process (PID=51978) to work on /home/airflow/.local/lib/python3.7/site-packages/airflow/example_dags/example_complex.py
[2024-09-29T01:42:55.934+0000] {processor.py:756} INFO - Processing file /home/airflow/.local/lib/python3.7/site-packages/airflow/example_dags/example_complex.py for tasks to queue
[2024-09-29T01:42:55.935+0000] {logging_mixin.py:120} INFO - [2024-09-29T01:42:55.935+0000] {dagbag.py:537} INFO - Filling up the DagBag from /home/airflow/.local/lib/python3.7/site-packages/airflow/example_dags/example_complex.py
[2024-09-29T01:42:55.953+0000] {logging_mixin.py:120} INFO - [2024-09-29T01:42:55.953+0000] {taskmixin.py:205} WARNING - Dependency <Task(BashOperator): create_entry_group>, delete_entry_group already registered for DAG: example_complex
[2024-09-29T01:42:55.954+0000] {logging_mixin.py:120} INFO - [2024-09-29T01:42:55.954+0000] {taskmixin.py:205} WARNING - Dependency <Task(BashOperator): delete_entry_group>, create_entry_group already registered for DAG: example_complex
[2024-09-29T01:42:55.955+0000] {logging_mixin.py:120} INFO - [2024-09-29T01:42:55.955+0000] {taskmixin.py:205} WARNING - Dependency <Task(BashOperator): create_entry_gcs>, delete_entry already registered for DAG: example_complex
[2024-09-29T01:42:55.960+0000] {logging_mixin.py:120} INFO - [2024-09-29T01:42:55.959+0000] {taskmixin.py:205} WARNING - Dependency <Task(BashOperator): delete_entry>, create_entry_gcs already registered for DAG: example_complex
[2024-09-29T01:42:55.961+0000] {logging_mixin.py:120} INFO - [2024-09-29T01:42:55.960+0000] {taskmixin.py:205} WARNING - Dependency <Task(BashOperator): create_tag>, delete_tag already registered for DAG: example_complex
[2024-09-29T01:42:55.961+0000] {logging_mixin.py:120} INFO - [2024-09-29T01:42:55.961+0000] {taskmixin.py:205} WARNING - Dependency <Task(BashOperator): delete_tag>, create_tag already registered for DAG: example_complex
[2024-09-29T01:42:55.974+0000] {processor.py:766} INFO - DAG(s) dict_keys(['example_complex']) retrieved from /home/airflow/.local/lib/python3.7/site-packages/airflow/example_dags/example_complex.py
[2024-09-29T01:42:56.032+0000] {logging_mixin.py:120} INFO - [2024-09-29T01:42:56.032+0000] {dag.py:2585} INFO - Sync 1 DAGs
[2024-09-29T01:42:56.059+0000] {logging_mixin.py:120} INFO - [2024-09-29T01:42:56.059+0000] {dag.py:3340} INFO - Setting next_dagrun for example_complex to None, run_after=None
[2024-09-29T01:42:56.078+0000] {processor.py:176} INFO - Processing /home/airflow/.local/lib/python3.7/site-packages/airflow/example_dags/example_complex.py took 0.153 seconds
[2024-09-29T01:48:01.210+0000] {processor.py:154} INFO - Started process (PID=52050) to work on /home/airflow/.local/lib/python3.7/site-packages/airflow/example_dags/example_complex.py
[2024-09-29T01:48:01.216+0000] {processor.py:756} INFO - Processing file /home/airflow/.local/lib/python3.7/site-packages/airflow/example_dags/example_complex.py for tasks to queue
[2024-09-29T01:48:01.219+0000] {logging_mixin.py:120} INFO - [2024-09-29T01:48:01.219+0000] {dagbag.py:537} INFO - Filling up the DagBag from /home/airflow/.local/lib/python3.7/site-packages/airflow/example_dags/example_complex.py
[2024-09-29T01:48:01.252+0000] {logging_mixin.py:120} INFO - [2024-09-29T01:48:01.251+0000] {taskmixin.py:205} WARNING - Dependency <Task(BashOperator): create_entry_group>, delete_entry_group already registered for DAG: example_complex
[2024-09-29T01:48:01.252+0000] {logging_mixin.py:120} INFO - [2024-09-29T01:48:01.252+0000] {taskmixin.py:205} WARNING - Dependency <Task(BashOperator): delete_entry_group>, create_entry_group already registered for DAG: example_complex
[2024-09-29T01:48:01.255+0000] {logging_mixin.py:120} INFO - [2024-09-29T01:48:01.255+0000] {taskmixin.py:205} WARNING - Dependency <Task(BashOperator): create_entry_gcs>, delete_entry already registered for DAG: example_complex
[2024-09-29T01:48:01.256+0000] {logging_mixin.py:120} INFO - [2024-09-29T01:48:01.255+0000] {taskmixin.py:205} WARNING - Dependency <Task(BashOperator): delete_entry>, create_entry_gcs already registered for DAG: example_complex
[2024-09-29T01:48:01.256+0000] {logging_mixin.py:120} INFO - [2024-09-29T01:48:01.256+0000] {taskmixin.py:205} WARNING - Dependency <Task(BashOperator): create_tag>, delete_tag already registered for DAG: example_complex
[2024-09-29T01:48:01.257+0000] {logging_mixin.py:120} INFO - [2024-09-29T01:48:01.257+0000] {taskmixin.py:205} WARNING - Dependency <Task(BashOperator): delete_tag>, create_tag already registered for DAG: example_complex
[2024-09-29T01:48:01.275+0000] {processor.py:766} INFO - DAG(s) dict_keys(['example_complex']) retrieved from /home/airflow/.local/lib/python3.7/site-packages/airflow/example_dags/example_complex.py
[2024-09-29T01:48:01.384+0000] {logging_mixin.py:120} INFO - [2024-09-29T01:48:01.383+0000] {dag.py:2585} INFO - Sync 1 DAGs
[2024-09-29T01:48:01.448+0000] {logging_mixin.py:120} INFO - [2024-09-29T01:48:01.448+0000] {dag.py:3340} INFO - Setting next_dagrun for example_complex to None, run_after=None
[2024-09-29T01:48:01.488+0000] {processor.py:176} INFO - Processing /home/airflow/.local/lib/python3.7/site-packages/airflow/example_dags/example_complex.py took 0.285 seconds
[2024-09-29T01:49:26.817+0000] {processor.py:154} INFO - Started process (PID=52113) to work on /home/airflow/.local/lib/python3.7/site-packages/airflow/example_dags/example_complex.py
[2024-09-29T01:49:26.821+0000] {processor.py:756} INFO - Processing file /home/airflow/.local/lib/python3.7/site-packages/airflow/example_dags/example_complex.py for tasks to queue
[2024-09-29T01:49:26.823+0000] {logging_mixin.py:120} INFO - [2024-09-29T01:49:26.823+0000] {dagbag.py:537} INFO - Filling up the DagBag from /home/airflow/.local/lib/python3.7/site-packages/airflow/example_dags/example_complex.py
[2024-09-29T01:49:26.853+0000] {logging_mixin.py:120} INFO - [2024-09-29T01:49:26.853+0000] {taskmixin.py:205} WARNING - Dependency <Task(BashOperator): create_entry_group>, delete_entry_group already registered for DAG: example_complex
[2024-09-29T01:49:26.854+0000] {logging_mixin.py:120} INFO - [2024-09-29T01:49:26.854+0000] {taskmixin.py:205} WARNING - Dependency <Task(BashOperator): delete_entry_group>, create_entry_group already registered for DAG: example_complex
[2024-09-29T01:49:26.857+0000] {logging_mixin.py:120} INFO - [2024-09-29T01:49:26.857+0000] {taskmixin.py:205} WARNING - Dependency <Task(BashOperator): create_entry_gcs>, delete_entry already registered for DAG: example_complex
[2024-09-29T01:49:26.857+0000] {logging_mixin.py:120} INFO - [2024-09-29T01:49:26.857+0000] {taskmixin.py:205} WARNING - Dependency <Task(BashOperator): delete_entry>, create_entry_gcs already registered for DAG: example_complex
[2024-09-29T01:49:26.859+0000] {logging_mixin.py:120} INFO - [2024-09-29T01:49:26.858+0000] {taskmixin.py:205} WARNING - Dependency <Task(BashOperator): create_tag>, delete_tag already registered for DAG: example_complex
[2024-09-29T01:49:26.859+0000] {logging_mixin.py:120} INFO - [2024-09-29T01:49:26.859+0000] {taskmixin.py:205} WARNING - Dependency <Task(BashOperator): delete_tag>, create_tag already registered for DAG: example_complex
[2024-09-29T01:49:26.882+0000] {processor.py:766} INFO - DAG(s) dict_keys(['example_complex']) retrieved from /home/airflow/.local/lib/python3.7/site-packages/airflow/example_dags/example_complex.py
[2024-09-29T01:49:27.004+0000] {logging_mixin.py:120} INFO - [2024-09-29T01:49:27.004+0000] {dag.py:2585} INFO - Sync 1 DAGs
[2024-09-29T01:49:27.050+0000] {logging_mixin.py:120} INFO - [2024-09-29T01:49:27.050+0000] {dag.py:3340} INFO - Setting next_dagrun for example_complex to None, run_after=None
[2024-09-29T01:49:27.085+0000] {processor.py:176} INFO - Processing /home/airflow/.local/lib/python3.7/site-packages/airflow/example_dags/example_complex.py took 0.275 seconds
[2024-09-29T01:49:59.734+0000] {processor.py:154} INFO - Started process (PID=52185) to work on /home/airflow/.local/lib/python3.7/site-packages/airflow/example_dags/example_complex.py
[2024-09-29T01:49:59.742+0000] {processor.py:756} INFO - Processing file /home/airflow/.local/lib/python3.7/site-packages/airflow/example_dags/example_complex.py for tasks to queue
[2024-09-29T01:49:59.746+0000] {logging_mixin.py:120} INFO - [2024-09-29T01:49:59.746+0000] {dagbag.py:537} INFO - Filling up the DagBag from /home/airflow/.local/lib/python3.7/site-packages/airflow/example_dags/example_complex.py
[2024-09-29T01:49:59.781+0000] {logging_mixin.py:120} INFO - [2024-09-29T01:49:59.781+0000] {taskmixin.py:205} WARNING - Dependency <Task(BashOperator): create_entry_group>, delete_entry_group already registered for DAG: example_complex
[2024-09-29T01:49:59.783+0000] {logging_mixin.py:120} INFO - [2024-09-29T01:49:59.782+0000] {taskmixin.py:205} WARNING - Dependency <Task(BashOperator): delete_entry_group>, create_entry_group already registered for DAG: example_complex
[2024-09-29T01:49:59.783+0000] {logging_mixin.py:120} INFO - [2024-09-29T01:49:59.783+0000] {taskmixin.py:205} WARNING - Dependency <Task(BashOperator): create_entry_gcs>, delete_entry already registered for DAG: example_complex
[2024-09-29T01:49:59.784+0000] {logging_mixin.py:120} INFO - [2024-09-29T01:49:59.784+0000] {taskmixin.py:205} WARNING - Dependency <Task(BashOperator): delete_entry>, create_entry_gcs already registered for DAG: example_complex
[2024-09-29T01:49:59.786+0000] {logging_mixin.py:120} INFO - [2024-09-29T01:49:59.785+0000] {taskmixin.py:205} WARNING - Dependency <Task(BashOperator): create_tag>, delete_tag already registered for DAG: example_complex
[2024-09-29T01:49:59.787+0000] {logging_mixin.py:120} INFO - [2024-09-29T01:49:59.786+0000] {taskmixin.py:205} WARNING - Dependency <Task(BashOperator): delete_tag>, create_tag already registered for DAG: example_complex
[2024-09-29T01:49:59.822+0000] {processor.py:766} INFO - DAG(s) dict_keys(['example_complex']) retrieved from /home/airflow/.local/lib/python3.7/site-packages/airflow/example_dags/example_complex.py
[2024-09-29T01:50:00.019+0000] {logging_mixin.py:120} INFO - [2024-09-29T01:50:00.019+0000] {dag.py:2585} INFO - Sync 1 DAGs
[2024-09-29T01:50:00.104+0000] {logging_mixin.py:120} INFO - [2024-09-29T01:50:00.103+0000] {dag.py:3340} INFO - Setting next_dagrun for example_complex to None, run_after=None
[2024-09-29T01:50:00.250+0000] {processor.py:176} INFO - Processing /home/airflow/.local/lib/python3.7/site-packages/airflow/example_dags/example_complex.py took 0.523 seconds
[2024-09-29T01:54:38.522+0000] {processor.py:154} INFO - Started process (PID=52248) to work on /home/airflow/.local/lib/python3.7/site-packages/airflow/example_dags/example_complex.py
[2024-09-29T01:54:38.524+0000] {processor.py:756} INFO - Processing file /home/airflow/.local/lib/python3.7/site-packages/airflow/example_dags/example_complex.py for tasks to queue
[2024-09-29T01:54:38.527+0000] {logging_mixin.py:120} INFO - [2024-09-29T01:54:38.526+0000] {dagbag.py:537} INFO - Filling up the DagBag from /home/airflow/.local/lib/python3.7/site-packages/airflow/example_dags/example_complex.py
[2024-09-29T01:54:38.549+0000] {logging_mixin.py:120} INFO - [2024-09-29T01:54:38.549+0000] {taskmixin.py:205} WARNING - Dependency <Task(BashOperator): create_entry_group>, delete_entry_group already registered for DAG: example_complex
[2024-09-29T01:54:38.550+0000] {logging_mixin.py:120} INFO - [2024-09-29T01:54:38.550+0000] {taskmixin.py:205} WARNING - Dependency <Task(BashOperator): delete_entry_group>, create_entry_group already registered for DAG: example_complex
[2024-09-29T01:54:38.554+0000] {logging_mixin.py:120} INFO - [2024-09-29T01:54:38.554+0000] {taskmixin.py:205} WARNING - Dependency <Task(BashOperator): create_entry_gcs>, delete_entry already registered for DAG: example_complex
[2024-09-29T01:54:38.555+0000] {logging_mixin.py:120} INFO - [2024-09-29T01:54:38.554+0000] {taskmixin.py:205} WARNING - Dependency <Task(BashOperator): delete_entry>, create_entry_gcs already registered for DAG: example_complex
[2024-09-29T01:54:38.556+0000] {logging_mixin.py:120} INFO - [2024-09-29T01:54:38.556+0000] {taskmixin.py:205} WARNING - Dependency <Task(BashOperator): create_tag>, delete_tag already registered for DAG: example_complex
[2024-09-29T01:54:38.561+0000] {logging_mixin.py:120} INFO - [2024-09-29T01:54:38.560+0000] {taskmixin.py:205} WARNING - Dependency <Task(BashOperator): delete_tag>, create_tag already registered for DAG: example_complex
[2024-09-29T01:54:38.575+0000] {processor.py:766} INFO - DAG(s) dict_keys(['example_complex']) retrieved from /home/airflow/.local/lib/python3.7/site-packages/airflow/example_dags/example_complex.py
[2024-09-29T01:54:38.639+0000] {logging_mixin.py:120} INFO - [2024-09-29T01:54:38.638+0000] {dag.py:2585} INFO - Sync 1 DAGs
[2024-09-29T01:54:38.671+0000] {logging_mixin.py:120} INFO - [2024-09-29T01:54:38.671+0000] {dag.py:3340} INFO - Setting next_dagrun for example_complex to None, run_after=None
[2024-09-29T01:54:38.702+0000] {processor.py:176} INFO - Processing /home/airflow/.local/lib/python3.7/site-packages/airflow/example_dags/example_complex.py took 0.188 seconds
[2024-09-29T03:46:09.668+0000] {processor.py:154} INFO - Started process (PID=52320) to work on /home/airflow/.local/lib/python3.7/site-packages/airflow/example_dags/example_complex.py
[2024-09-29T03:46:09.671+0000] {processor.py:756} INFO - Processing file /home/airflow/.local/lib/python3.7/site-packages/airflow/example_dags/example_complex.py for tasks to queue
[2024-09-29T03:46:09.673+0000] {logging_mixin.py:120} INFO - [2024-09-29T03:46:09.673+0000] {dagbag.py:537} INFO - Filling up the DagBag from /home/airflow/.local/lib/python3.7/site-packages/airflow/example_dags/example_complex.py
[2024-09-29T03:46:09.694+0000] {logging_mixin.py:120} INFO - [2024-09-29T03:46:09.694+0000] {taskmixin.py:205} WARNING - Dependency <Task(BashOperator): create_entry_group>, delete_entry_group already registered for DAG: example_complex
[2024-09-29T03:46:09.695+0000] {logging_mixin.py:120} INFO - [2024-09-29T03:46:09.695+0000] {taskmixin.py:205} WARNING - Dependency <Task(BashOperator): delete_entry_group>, create_entry_group already registered for DAG: example_complex
[2024-09-29T03:46:09.695+0000] {logging_mixin.py:120} INFO - [2024-09-29T03:46:09.695+0000] {taskmixin.py:205} WARNING - Dependency <Task(BashOperator): create_entry_gcs>, delete_entry already registered for DAG: example_complex
[2024-09-29T03:46:09.696+0000] {logging_mixin.py:120} INFO - [2024-09-29T03:46:09.696+0000] {taskmixin.py:205} WARNING - Dependency <Task(BashOperator): delete_entry>, create_entry_gcs already registered for DAG: example_complex
[2024-09-29T03:46:09.697+0000] {logging_mixin.py:120} INFO - [2024-09-29T03:46:09.697+0000] {taskmixin.py:205} WARNING - Dependency <Task(BashOperator): create_tag>, delete_tag already registered for DAG: example_complex
[2024-09-29T03:46:09.699+0000] {logging_mixin.py:120} INFO - [2024-09-29T03:46:09.699+0000] {taskmixin.py:205} WARNING - Dependency <Task(BashOperator): delete_tag>, create_tag already registered for DAG: example_complex
[2024-09-29T03:46:09.712+0000] {processor.py:766} INFO - DAG(s) dict_keys(['example_complex']) retrieved from /home/airflow/.local/lib/python3.7/site-packages/airflow/example_dags/example_complex.py
[2024-09-29T03:46:09.799+0000] {logging_mixin.py:120} INFO - [2024-09-29T03:46:09.799+0000] {dag.py:2585} INFO - Sync 1 DAGs
[2024-09-29T03:46:09.852+0000] {logging_mixin.py:120} INFO - [2024-09-29T03:46:09.852+0000] {dag.py:3340} INFO - Setting next_dagrun for example_complex to None, run_after=None
[2024-09-29T03:46:09.882+0000] {processor.py:176} INFO - Processing /home/airflow/.local/lib/python3.7/site-packages/airflow/example_dags/example_complex.py took 0.219 seconds
[2024-09-29T04:55:49.715+0000] {processor.py:154} INFO - Started process (PID=52392) to work on /home/airflow/.local/lib/python3.7/site-packages/airflow/example_dags/example_complex.py
[2024-09-29T04:55:49.723+0000] {processor.py:756} INFO - Processing file /home/airflow/.local/lib/python3.7/site-packages/airflow/example_dags/example_complex.py for tasks to queue
[2024-09-29T04:55:49.749+0000] {logging_mixin.py:120} INFO - [2024-09-29T04:55:49.748+0000] {dagbag.py:537} INFO - Filling up the DagBag from /home/airflow/.local/lib/python3.7/site-packages/airflow/example_dags/example_complex.py
[2024-09-29T04:55:49.790+0000] {logging_mixin.py:120} INFO - [2024-09-29T04:55:49.789+0000] {taskmixin.py:205} WARNING - Dependency <Task(BashOperator): create_entry_group>, delete_entry_group already registered for DAG: example_complex
[2024-09-29T04:55:49.791+0000] {logging_mixin.py:120} INFO - [2024-09-29T04:55:49.790+0000] {taskmixin.py:205} WARNING - Dependency <Task(BashOperator): delete_entry_group>, create_entry_group already registered for DAG: example_complex
[2024-09-29T04:55:49.792+0000] {logging_mixin.py:120} INFO - [2024-09-29T04:55:49.792+0000] {taskmixin.py:205} WARNING - Dependency <Task(BashOperator): create_entry_gcs>, delete_entry already registered for DAG: example_complex
[2024-09-29T04:55:49.793+0000] {logging_mixin.py:120} INFO - [2024-09-29T04:55:49.793+0000] {taskmixin.py:205} WARNING - Dependency <Task(BashOperator): delete_entry>, create_entry_gcs already registered for DAG: example_complex
[2024-09-29T04:55:49.795+0000] {logging_mixin.py:120} INFO - [2024-09-29T04:55:49.795+0000] {taskmixin.py:205} WARNING - Dependency <Task(BashOperator): create_tag>, delete_tag already registered for DAG: example_complex
[2024-09-29T04:55:49.796+0000] {logging_mixin.py:120} INFO - [2024-09-29T04:55:49.796+0000] {taskmixin.py:205} WARNING - Dependency <Task(BashOperator): delete_tag>, create_tag already registered for DAG: example_complex
[2024-09-29T04:55:49.834+0000] {processor.py:766} INFO - DAG(s) dict_keys(['example_complex']) retrieved from /home/airflow/.local/lib/python3.7/site-packages/airflow/example_dags/example_complex.py
[2024-09-29T04:55:50.008+0000] {logging_mixin.py:120} INFO - [2024-09-29T04:55:50.008+0000] {dag.py:2585} INFO - Sync 1 DAGs
[2024-09-29T04:55:50.095+0000] {logging_mixin.py:120} INFO - [2024-09-29T04:55:50.094+0000] {dag.py:3340} INFO - Setting next_dagrun for example_complex to None, run_after=None
[2024-09-29T04:55:50.152+0000] {processor.py:176} INFO - Processing /home/airflow/.local/lib/python3.7/site-packages/airflow/example_dags/example_complex.py took 0.446 seconds
[2024-09-29T04:56:38.312+0000] {processor.py:154} INFO - Started process (PID=52467) to work on /home/airflow/.local/lib/python3.7/site-packages/airflow/example_dags/example_complex.py
[2024-09-29T04:56:38.321+0000] {processor.py:756} INFO - Processing file /home/airflow/.local/lib/python3.7/site-packages/airflow/example_dags/example_complex.py for tasks to queue
[2024-09-29T04:56:38.322+0000] {logging_mixin.py:120} INFO - [2024-09-29T04:56:38.322+0000] {dagbag.py:537} INFO - Filling up the DagBag from /home/airflow/.local/lib/python3.7/site-packages/airflow/example_dags/example_complex.py
[2024-09-29T04:56:38.341+0000] {logging_mixin.py:120} INFO - [2024-09-29T04:56:38.341+0000] {taskmixin.py:205} WARNING - Dependency <Task(BashOperator): create_entry_group>, delete_entry_group already registered for DAG: example_complex
[2024-09-29T04:56:38.341+0000] {logging_mixin.py:120} INFO - [2024-09-29T04:56:38.341+0000] {taskmixin.py:205} WARNING - Dependency <Task(BashOperator): delete_entry_group>, create_entry_group already registered for DAG: example_complex
[2024-09-29T04:56:38.342+0000] {logging_mixin.py:120} INFO - [2024-09-29T04:56:38.342+0000] {taskmixin.py:205} WARNING - Dependency <Task(BashOperator): create_entry_gcs>, delete_entry already registered for DAG: example_complex
[2024-09-29T04:56:38.342+0000] {logging_mixin.py:120} INFO - [2024-09-29T04:56:38.342+0000] {taskmixin.py:205} WARNING - Dependency <Task(BashOperator): delete_entry>, create_entry_gcs already registered for DAG: example_complex
[2024-09-29T04:56:38.343+0000] {logging_mixin.py:120} INFO - [2024-09-29T04:56:38.343+0000] {taskmixin.py:205} WARNING - Dependency <Task(BashOperator): create_tag>, delete_tag already registered for DAG: example_complex
[2024-09-29T04:56:38.344+0000] {logging_mixin.py:120} INFO - [2024-09-29T04:56:38.343+0000] {taskmixin.py:205} WARNING - Dependency <Task(BashOperator): delete_tag>, create_tag already registered for DAG: example_complex
[2024-09-29T04:56:38.362+0000] {processor.py:766} INFO - DAG(s) dict_keys(['example_complex']) retrieved from /home/airflow/.local/lib/python3.7/site-packages/airflow/example_dags/example_complex.py
[2024-09-29T04:56:38.432+0000] {logging_mixin.py:120} INFO - [2024-09-29T04:56:38.431+0000] {dag.py:2585} INFO - Sync 1 DAGs
[2024-09-29T04:56:38.459+0000] {logging_mixin.py:120} INFO - [2024-09-29T04:56:38.459+0000] {dag.py:3340} INFO - Setting next_dagrun for example_complex to None, run_after=None
[2024-09-29T04:56:38.488+0000] {processor.py:176} INFO - Processing /home/airflow/.local/lib/python3.7/site-packages/airflow/example_dags/example_complex.py took 0.186 seconds
[2024-09-29T04:57:18.945+0000] {processor.py:154} INFO - Started process (PID=52522) to work on /home/airflow/.local/lib/python3.7/site-packages/airflow/example_dags/example_complex.py
[2024-09-29T04:57:18.949+0000] {processor.py:756} INFO - Processing file /home/airflow/.local/lib/python3.7/site-packages/airflow/example_dags/example_complex.py for tasks to queue
[2024-09-29T04:57:18.950+0000] {logging_mixin.py:120} INFO - [2024-09-29T04:57:18.950+0000] {dagbag.py:537} INFO - Filling up the DagBag from /home/airflow/.local/lib/python3.7/site-packages/airflow/example_dags/example_complex.py
[2024-09-29T04:57:18.966+0000] {logging_mixin.py:120} INFO - [2024-09-29T04:57:18.966+0000] {taskmixin.py:205} WARNING - Dependency <Task(BashOperator): create_entry_group>, delete_entry_group already registered for DAG: example_complex
[2024-09-29T04:57:18.966+0000] {logging_mixin.py:120} INFO - [2024-09-29T04:57:18.966+0000] {taskmixin.py:205} WARNING - Dependency <Task(BashOperator): delete_entry_group>, create_entry_group already registered for DAG: example_complex
[2024-09-29T04:57:18.967+0000] {logging_mixin.py:120} INFO - [2024-09-29T04:57:18.967+0000] {taskmixin.py:205} WARNING - Dependency <Task(BashOperator): create_entry_gcs>, delete_entry already registered for DAG: example_complex
[2024-09-29T04:57:18.970+0000] {logging_mixin.py:120} INFO - [2024-09-29T04:57:18.967+0000] {taskmixin.py:205} WARNING - Dependency <Task(BashOperator): delete_entry>, create_entry_gcs already registered for DAG: example_complex
[2024-09-29T04:57:18.971+0000] {logging_mixin.py:120} INFO - [2024-09-29T04:57:18.971+0000] {taskmixin.py:205} WARNING - Dependency <Task(BashOperator): create_tag>, delete_tag already registered for DAG: example_complex
[2024-09-29T04:57:18.971+0000] {logging_mixin.py:120} INFO - [2024-09-29T04:57:18.971+0000] {taskmixin.py:205} WARNING - Dependency <Task(BashOperator): delete_tag>, create_tag already registered for DAG: example_complex
[2024-09-29T04:57:18.983+0000] {processor.py:766} INFO - DAG(s) dict_keys(['example_complex']) retrieved from /home/airflow/.local/lib/python3.7/site-packages/airflow/example_dags/example_complex.py
[2024-09-29T04:57:19.048+0000] {logging_mixin.py:120} INFO - [2024-09-29T04:57:19.048+0000] {dag.py:2585} INFO - Sync 1 DAGs
[2024-09-29T04:57:19.080+0000] {logging_mixin.py:120} INFO - [2024-09-29T04:57:19.080+0000] {dag.py:3340} INFO - Setting next_dagrun for example_complex to None, run_after=None
[2024-09-29T04:57:19.106+0000] {processor.py:176} INFO - Processing /home/airflow/.local/lib/python3.7/site-packages/airflow/example_dags/example_complex.py took 0.165 seconds
[2024-09-29T04:58:09.942+0000] {processor.py:154} INFO - Started process (PID=52583) to work on /home/airflow/.local/lib/python3.7/site-packages/airflow/example_dags/example_complex.py
[2024-09-29T04:58:09.945+0000] {processor.py:756} INFO - Processing file /home/airflow/.local/lib/python3.7/site-packages/airflow/example_dags/example_complex.py for tasks to queue
[2024-09-29T04:58:09.946+0000] {logging_mixin.py:120} INFO - [2024-09-29T04:58:09.946+0000] {dagbag.py:537} INFO - Filling up the DagBag from /home/airflow/.local/lib/python3.7/site-packages/airflow/example_dags/example_complex.py
[2024-09-29T04:58:09.963+0000] {logging_mixin.py:120} INFO - [2024-09-29T04:58:09.963+0000] {taskmixin.py:205} WARNING - Dependency <Task(BashOperator): create_entry_group>, delete_entry_group already registered for DAG: example_complex
[2024-09-29T04:58:09.964+0000] {logging_mixin.py:120} INFO - [2024-09-29T04:58:09.964+0000] {taskmixin.py:205} WARNING - Dependency <Task(BashOperator): delete_entry_group>, create_entry_group already registered for DAG: example_complex
[2024-09-29T04:58:09.966+0000] {logging_mixin.py:120} INFO - [2024-09-29T04:58:09.966+0000] {taskmixin.py:205} WARNING - Dependency <Task(BashOperator): create_entry_gcs>, delete_entry already registered for DAG: example_complex
[2024-09-29T04:58:09.968+0000] {logging_mixin.py:120} INFO - [2024-09-29T04:58:09.968+0000] {taskmixin.py:205} WARNING - Dependency <Task(BashOperator): delete_entry>, create_entry_gcs already registered for DAG: example_complex
[2024-09-29T04:58:09.969+0000] {logging_mixin.py:120} INFO - [2024-09-29T04:58:09.968+0000] {taskmixin.py:205} WARNING - Dependency <Task(BashOperator): create_tag>, delete_tag already registered for DAG: example_complex
[2024-09-29T04:58:09.969+0000] {logging_mixin.py:120} INFO - [2024-09-29T04:58:09.969+0000] {taskmixin.py:205} WARNING - Dependency <Task(BashOperator): delete_tag>, create_tag already registered for DAG: example_complex
[2024-09-29T04:58:09.978+0000] {processor.py:766} INFO - DAG(s) dict_keys(['example_complex']) retrieved from /home/airflow/.local/lib/python3.7/site-packages/airflow/example_dags/example_complex.py
[2024-09-29T04:58:10.029+0000] {logging_mixin.py:120} INFO - [2024-09-29T04:58:10.029+0000] {dag.py:2585} INFO - Sync 1 DAGs
[2024-09-29T04:58:10.061+0000] {logging_mixin.py:120} INFO - [2024-09-29T04:58:10.061+0000] {dag.py:3340} INFO - Setting next_dagrun for example_complex to None, run_after=None
[2024-09-29T04:58:10.084+0000] {processor.py:176} INFO - Processing /home/airflow/.local/lib/python3.7/site-packages/airflow/example_dags/example_complex.py took 0.146 seconds
[2024-09-29T04:59:10.057+0000] {processor.py:154} INFO - Started process (PID=52654) to work on /home/airflow/.local/lib/python3.7/site-packages/airflow/example_dags/example_complex.py
[2024-09-29T04:59:10.065+0000] {processor.py:756} INFO - Processing file /home/airflow/.local/lib/python3.7/site-packages/airflow/example_dags/example_complex.py for tasks to queue
[2024-09-29T04:59:10.067+0000] {logging_mixin.py:120} INFO - [2024-09-29T04:59:10.067+0000] {dagbag.py:537} INFO - Filling up the DagBag from /home/airflow/.local/lib/python3.7/site-packages/airflow/example_dags/example_complex.py
[2024-09-29T04:59:10.096+0000] {logging_mixin.py:120} INFO - [2024-09-29T04:59:10.095+0000] {taskmixin.py:205} WARNING - Dependency <Task(BashOperator): create_entry_group>, delete_entry_group already registered for DAG: example_complex
[2024-09-29T04:59:10.096+0000] {logging_mixin.py:120} INFO - [2024-09-29T04:59:10.096+0000] {taskmixin.py:205} WARNING - Dependency <Task(BashOperator): delete_entry_group>, create_entry_group already registered for DAG: example_complex
[2024-09-29T04:59:10.097+0000] {logging_mixin.py:120} INFO - [2024-09-29T04:59:10.097+0000] {taskmixin.py:205} WARNING - Dependency <Task(BashOperator): create_entry_gcs>, delete_entry already registered for DAG: example_complex
[2024-09-29T04:59:10.098+0000] {logging_mixin.py:120} INFO - [2024-09-29T04:59:10.097+0000] {taskmixin.py:205} WARNING - Dependency <Task(BashOperator): delete_entry>, create_entry_gcs already registered for DAG: example_complex
[2024-09-29T04:59:10.099+0000] {logging_mixin.py:120} INFO - [2024-09-29T04:59:10.098+0000] {taskmixin.py:205} WARNING - Dependency <Task(BashOperator): create_tag>, delete_tag already registered for DAG: example_complex
[2024-09-29T04:59:10.099+0000] {logging_mixin.py:120} INFO - [2024-09-29T04:59:10.099+0000] {taskmixin.py:205} WARNING - Dependency <Task(BashOperator): delete_tag>, create_tag already registered for DAG: example_complex
[2024-09-29T04:59:10.113+0000] {processor.py:766} INFO - DAG(s) dict_keys(['example_complex']) retrieved from /home/airflow/.local/lib/python3.7/site-packages/airflow/example_dags/example_complex.py
[2024-09-29T04:59:10.309+0000] {logging_mixin.py:120} INFO - [2024-09-29T04:59:10.308+0000] {dag.py:2585} INFO - Sync 1 DAGs
[2024-09-29T04:59:10.388+0000] {logging_mixin.py:120} INFO - [2024-09-29T04:59:10.388+0000] {dag.py:3340} INFO - Setting next_dagrun for example_complex to None, run_after=None
[2024-09-29T04:59:10.432+0000] {processor.py:176} INFO - Processing /home/airflow/.local/lib/python3.7/site-packages/airflow/example_dags/example_complex.py took 0.386 seconds
[2024-09-29T04:59:51.916+0000] {processor.py:154} INFO - Started process (PID=52709) to work on /home/airflow/.local/lib/python3.7/site-packages/airflow/example_dags/example_complex.py
[2024-09-29T04:59:51.920+0000] {processor.py:756} INFO - Processing file /home/airflow/.local/lib/python3.7/site-packages/airflow/example_dags/example_complex.py for tasks to queue
[2024-09-29T04:59:51.921+0000] {logging_mixin.py:120} INFO - [2024-09-29T04:59:51.921+0000] {dagbag.py:537} INFO - Filling up the DagBag from /home/airflow/.local/lib/python3.7/site-packages/airflow/example_dags/example_complex.py
[2024-09-29T04:59:51.937+0000] {logging_mixin.py:120} INFO - [2024-09-29T04:59:51.936+0000] {taskmixin.py:205} WARNING - Dependency <Task(BashOperator): create_entry_group>, delete_entry_group already registered for DAG: example_complex
[2024-09-29T04:59:51.940+0000] {logging_mixin.py:120} INFO - [2024-09-29T04:59:51.938+0000] {taskmixin.py:205} WARNING - Dependency <Task(BashOperator): delete_entry_group>, create_entry_group already registered for DAG: example_complex
[2024-09-29T04:59:51.941+0000] {logging_mixin.py:120} INFO - [2024-09-29T04:59:51.941+0000] {taskmixin.py:205} WARNING - Dependency <Task(BashOperator): create_entry_gcs>, delete_entry already registered for DAG: example_complex
[2024-09-29T04:59:51.942+0000] {logging_mixin.py:120} INFO - [2024-09-29T04:59:51.942+0000] {taskmixin.py:205} WARNING - Dependency <Task(BashOperator): delete_entry>, create_entry_gcs already registered for DAG: example_complex
[2024-09-29T04:59:51.943+0000] {logging_mixin.py:120} INFO - [2024-09-29T04:59:51.942+0000] {taskmixin.py:205} WARNING - Dependency <Task(BashOperator): create_tag>, delete_tag already registered for DAG: example_complex
[2024-09-29T04:59:51.944+0000] {logging_mixin.py:120} INFO - [2024-09-29T04:59:51.944+0000] {taskmixin.py:205} WARNING - Dependency <Task(BashOperator): delete_tag>, create_tag already registered for DAG: example_complex
[2024-09-29T04:59:51.954+0000] {processor.py:766} INFO - DAG(s) dict_keys(['example_complex']) retrieved from /home/airflow/.local/lib/python3.7/site-packages/airflow/example_dags/example_complex.py
[2024-09-29T04:59:52.020+0000] {logging_mixin.py:120} INFO - [2024-09-29T04:59:52.020+0000] {dag.py:2585} INFO - Sync 1 DAGs
[2024-09-29T04:59:52.052+0000] {logging_mixin.py:120} INFO - [2024-09-29T04:59:52.052+0000] {dag.py:3340} INFO - Setting next_dagrun for example_complex to None, run_after=None
[2024-09-29T04:59:52.078+0000] {processor.py:176} INFO - Processing /home/airflow/.local/lib/python3.7/site-packages/airflow/example_dags/example_complex.py took 0.165 seconds
[2024-09-29T05:00:42.371+0000] {processor.py:154} INFO - Started process (PID=52772) to work on /home/airflow/.local/lib/python3.7/site-packages/airflow/example_dags/example_complex.py
[2024-09-29T05:00:42.375+0000] {processor.py:756} INFO - Processing file /home/airflow/.local/lib/python3.7/site-packages/airflow/example_dags/example_complex.py for tasks to queue
[2024-09-29T05:00:42.376+0000] {logging_mixin.py:120} INFO - [2024-09-29T05:00:42.376+0000] {dagbag.py:537} INFO - Filling up the DagBag from /home/airflow/.local/lib/python3.7/site-packages/airflow/example_dags/example_complex.py
[2024-09-29T05:00:42.393+0000] {logging_mixin.py:120} INFO - [2024-09-29T05:00:42.393+0000] {taskmixin.py:205} WARNING - Dependency <Task(BashOperator): create_entry_group>, delete_entry_group already registered for DAG: example_complex
[2024-09-29T05:00:42.395+0000] {logging_mixin.py:120} INFO - [2024-09-29T05:00:42.395+0000] {taskmixin.py:205} WARNING - Dependency <Task(BashOperator): delete_entry_group>, create_entry_group already registered for DAG: example_complex
[2024-09-29T05:00:42.396+0000] {logging_mixin.py:120} INFO - [2024-09-29T05:00:42.396+0000] {taskmixin.py:205} WARNING - Dependency <Task(BashOperator): create_entry_gcs>, delete_entry already registered for DAG: example_complex
[2024-09-29T05:00:42.397+0000] {logging_mixin.py:120} INFO - [2024-09-29T05:00:42.397+0000] {taskmixin.py:205} WARNING - Dependency <Task(BashOperator): delete_entry>, create_entry_gcs already registered for DAG: example_complex
[2024-09-29T05:00:42.400+0000] {logging_mixin.py:120} INFO - [2024-09-29T05:00:42.400+0000] {taskmixin.py:205} WARNING - Dependency <Task(BashOperator): create_tag>, delete_tag already registered for DAG: example_complex
[2024-09-29T05:00:42.401+0000] {logging_mixin.py:120} INFO - [2024-09-29T05:00:42.401+0000] {taskmixin.py:205} WARNING - Dependency <Task(BashOperator): delete_tag>, create_tag already registered for DAG: example_complex
[2024-09-29T05:00:42.412+0000] {processor.py:766} INFO - DAG(s) dict_keys(['example_complex']) retrieved from /home/airflow/.local/lib/python3.7/site-packages/airflow/example_dags/example_complex.py
[2024-09-29T05:00:42.476+0000] {logging_mixin.py:120} INFO - [2024-09-29T05:00:42.476+0000] {dag.py:2585} INFO - Sync 1 DAGs
[2024-09-29T05:00:42.506+0000] {logging_mixin.py:120} INFO - [2024-09-29T05:00:42.506+0000] {dag.py:3340} INFO - Setting next_dagrun for example_complex to None, run_after=None
[2024-09-29T05:00:42.530+0000] {processor.py:176} INFO - Processing /home/airflow/.local/lib/python3.7/site-packages/airflow/example_dags/example_complex.py took 0.162 seconds
[2024-09-29T05:01:33.110+0000] {processor.py:154} INFO - Started process (PID=52834) to work on /home/airflow/.local/lib/python3.7/site-packages/airflow/example_dags/example_complex.py
[2024-09-29T05:01:33.114+0000] {processor.py:756} INFO - Processing file /home/airflow/.local/lib/python3.7/site-packages/airflow/example_dags/example_complex.py for tasks to queue
[2024-09-29T05:01:33.115+0000] {logging_mixin.py:120} INFO - [2024-09-29T05:01:33.115+0000] {dagbag.py:537} INFO - Filling up the DagBag from /home/airflow/.local/lib/python3.7/site-packages/airflow/example_dags/example_complex.py
[2024-09-29T05:01:33.130+0000] {logging_mixin.py:120} INFO - [2024-09-29T05:01:33.130+0000] {taskmixin.py:205} WARNING - Dependency <Task(BashOperator): create_entry_group>, delete_entry_group already registered for DAG: example_complex
[2024-09-29T05:01:33.130+0000] {logging_mixin.py:120} INFO - [2024-09-29T05:01:33.130+0000] {taskmixin.py:205} WARNING - Dependency <Task(BashOperator): delete_entry_group>, create_entry_group already registered for DAG: example_complex
[2024-09-29T05:01:33.131+0000] {logging_mixin.py:120} INFO - [2024-09-29T05:01:33.131+0000] {taskmixin.py:205} WARNING - Dependency <Task(BashOperator): create_entry_gcs>, delete_entry already registered for DAG: example_complex
[2024-09-29T05:01:33.131+0000] {logging_mixin.py:120} INFO - [2024-09-29T05:01:33.131+0000] {taskmixin.py:205} WARNING - Dependency <Task(BashOperator): delete_entry>, create_entry_gcs already registered for DAG: example_complex
[2024-09-29T05:01:33.132+0000] {logging_mixin.py:120} INFO - [2024-09-29T05:01:33.132+0000] {taskmixin.py:205} WARNING - Dependency <Task(BashOperator): create_tag>, delete_tag already registered for DAG: example_complex
[2024-09-29T05:01:33.132+0000] {logging_mixin.py:120} INFO - [2024-09-29T05:01:33.132+0000] {taskmixin.py:205} WARNING - Dependency <Task(BashOperator): delete_tag>, create_tag already registered for DAG: example_complex
[2024-09-29T05:01:33.141+0000] {processor.py:766} INFO - DAG(s) dict_keys(['example_complex']) retrieved from /home/airflow/.local/lib/python3.7/site-packages/airflow/example_dags/example_complex.py
[2024-09-29T05:01:33.208+0000] {logging_mixin.py:120} INFO - [2024-09-29T05:01:33.208+0000] {dag.py:2585} INFO - Sync 1 DAGs
[2024-09-29T05:01:33.241+0000] {logging_mixin.py:120} INFO - [2024-09-29T05:01:33.241+0000] {dag.py:3340} INFO - Setting next_dagrun for example_complex to None, run_after=None
[2024-09-29T05:01:33.270+0000] {processor.py:176} INFO - Processing /home/airflow/.local/lib/python3.7/site-packages/airflow/example_dags/example_complex.py took 0.165 seconds
[2024-09-29T05:02:24.114+0000] {processor.py:154} INFO - Started process (PID=52897) to work on /home/airflow/.local/lib/python3.7/site-packages/airflow/example_dags/example_complex.py
[2024-09-29T05:02:24.117+0000] {processor.py:756} INFO - Processing file /home/airflow/.local/lib/python3.7/site-packages/airflow/example_dags/example_complex.py for tasks to queue
[2024-09-29T05:02:24.118+0000] {logging_mixin.py:120} INFO - [2024-09-29T05:02:24.118+0000] {dagbag.py:537} INFO - Filling up the DagBag from /home/airflow/.local/lib/python3.7/site-packages/airflow/example_dags/example_complex.py
[2024-09-29T05:02:24.136+0000] {logging_mixin.py:120} INFO - [2024-09-29T05:02:24.136+0000] {taskmixin.py:205} WARNING - Dependency <Task(BashOperator): create_entry_group>, delete_entry_group already registered for DAG: example_complex
[2024-09-29T05:02:24.136+0000] {logging_mixin.py:120} INFO - [2024-09-29T05:02:24.136+0000] {taskmixin.py:205} WARNING - Dependency <Task(BashOperator): delete_entry_group>, create_entry_group already registered for DAG: example_complex
[2024-09-29T05:02:24.137+0000] {logging_mixin.py:120} INFO - [2024-09-29T05:02:24.137+0000] {taskmixin.py:205} WARNING - Dependency <Task(BashOperator): create_entry_gcs>, delete_entry already registered for DAG: example_complex
[2024-09-29T05:02:24.137+0000] {logging_mixin.py:120} INFO - [2024-09-29T05:02:24.137+0000] {taskmixin.py:205} WARNING - Dependency <Task(BashOperator): delete_entry>, create_entry_gcs already registered for DAG: example_complex
[2024-09-29T05:02:24.138+0000] {logging_mixin.py:120} INFO - [2024-09-29T05:02:24.138+0000] {taskmixin.py:205} WARNING - Dependency <Task(BashOperator): create_tag>, delete_tag already registered for DAG: example_complex
[2024-09-29T05:02:24.139+0000] {logging_mixin.py:120} INFO - [2024-09-29T05:02:24.139+0000] {taskmixin.py:205} WARNING - Dependency <Task(BashOperator): delete_tag>, create_tag already registered for DAG: example_complex
[2024-09-29T05:02:24.149+0000] {processor.py:766} INFO - DAG(s) dict_keys(['example_complex']) retrieved from /home/airflow/.local/lib/python3.7/site-packages/airflow/example_dags/example_complex.py
[2024-09-29T05:02:24.221+0000] {logging_mixin.py:120} INFO - [2024-09-29T05:02:24.221+0000] {dag.py:2585} INFO - Sync 1 DAGs
[2024-09-29T05:02:24.260+0000] {logging_mixin.py:120} INFO - [2024-09-29T05:02:24.260+0000] {dag.py:3340} INFO - Setting next_dagrun for example_complex to None, run_after=None
[2024-09-29T05:02:24.294+0000] {processor.py:176} INFO - Processing /home/airflow/.local/lib/python3.7/site-packages/airflow/example_dags/example_complex.py took 0.184 seconds
[2024-09-29T05:03:23.400+0000] {processor.py:154} INFO - Started process (PID=52968) to work on /home/airflow/.local/lib/python3.7/site-packages/airflow/example_dags/example_complex.py
[2024-09-29T05:03:23.411+0000] {processor.py:756} INFO - Processing file /home/airflow/.local/lib/python3.7/site-packages/airflow/example_dags/example_complex.py for tasks to queue
[2024-09-29T05:03:23.416+0000] {logging_mixin.py:120} INFO - [2024-09-29T05:03:23.415+0000] {dagbag.py:537} INFO - Filling up the DagBag from /home/airflow/.local/lib/python3.7/site-packages/airflow/example_dags/example_complex.py
[2024-09-29T05:03:23.460+0000] {logging_mixin.py:120} INFO - [2024-09-29T05:03:23.460+0000] {taskmixin.py:205} WARNING - Dependency <Task(BashOperator): create_entry_group>, delete_entry_group already registered for DAG: example_complex
[2024-09-29T05:03:23.461+0000] {logging_mixin.py:120} INFO - [2024-09-29T05:03:23.461+0000] {taskmixin.py:205} WARNING - Dependency <Task(BashOperator): delete_entry_group>, create_entry_group already registered for DAG: example_complex
[2024-09-29T05:03:23.462+0000] {logging_mixin.py:120} INFO - [2024-09-29T05:03:23.462+0000] {taskmixin.py:205} WARNING - Dependency <Task(BashOperator): create_entry_gcs>, delete_entry already registered for DAG: example_complex
[2024-09-29T05:03:23.463+0000] {logging_mixin.py:120} INFO - [2024-09-29T05:03:23.463+0000] {taskmixin.py:205} WARNING - Dependency <Task(BashOperator): delete_entry>, create_entry_gcs already registered for DAG: example_complex
[2024-09-29T05:03:23.464+0000] {logging_mixin.py:120} INFO - [2024-09-29T05:03:23.464+0000] {taskmixin.py:205} WARNING - Dependency <Task(BashOperator): create_tag>, delete_tag already registered for DAG: example_complex
[2024-09-29T05:03:23.465+0000] {logging_mixin.py:120} INFO - [2024-09-29T05:03:23.464+0000] {taskmixin.py:205} WARNING - Dependency <Task(BashOperator): delete_tag>, create_tag already registered for DAG: example_complex
[2024-09-29T05:03:23.484+0000] {processor.py:766} INFO - DAG(s) dict_keys(['example_complex']) retrieved from /home/airflow/.local/lib/python3.7/site-packages/airflow/example_dags/example_complex.py
[2024-09-29T05:03:23.606+0000] {logging_mixin.py:120} INFO - [2024-09-29T05:03:23.606+0000] {dag.py:2585} INFO - Sync 1 DAGs
[2024-09-29T05:03:23.686+0000] {logging_mixin.py:120} INFO - [2024-09-29T05:03:23.686+0000] {dag.py:3340} INFO - Setting next_dagrun for example_complex to None, run_after=None
[2024-09-29T05:03:23.743+0000] {processor.py:176} INFO - Processing /home/airflow/.local/lib/python3.7/site-packages/airflow/example_dags/example_complex.py took 0.353 seconds
[2024-09-29T05:04:14.706+0000] {processor.py:154} INFO - Started process (PID=53032) to work on /home/airflow/.local/lib/python3.7/site-packages/airflow/example_dags/example_complex.py
[2024-09-29T05:04:14.714+0000] {processor.py:756} INFO - Processing file /home/airflow/.local/lib/python3.7/site-packages/airflow/example_dags/example_complex.py for tasks to queue
[2024-09-29T05:04:14.716+0000] {logging_mixin.py:120} INFO - [2024-09-29T05:04:14.716+0000] {dagbag.py:537} INFO - Filling up the DagBag from /home/airflow/.local/lib/python3.7/site-packages/airflow/example_dags/example_complex.py
[2024-09-29T05:04:14.760+0000] {logging_mixin.py:120} INFO - [2024-09-29T05:04:14.760+0000] {taskmixin.py:205} WARNING - Dependency <Task(BashOperator): create_entry_group>, delete_entry_group already registered for DAG: example_complex
[2024-09-29T05:04:14.763+0000] {logging_mixin.py:120} INFO - [2024-09-29T05:04:14.763+0000] {taskmixin.py:205} WARNING - Dependency <Task(BashOperator): delete_entry_group>, create_entry_group already registered for DAG: example_complex
[2024-09-29T05:04:14.765+0000] {logging_mixin.py:120} INFO - [2024-09-29T05:04:14.765+0000] {taskmixin.py:205} WARNING - Dependency <Task(BashOperator): create_entry_gcs>, delete_entry already registered for DAG: example_complex
[2024-09-29T05:04:14.765+0000] {logging_mixin.py:120} INFO - [2024-09-29T05:04:14.765+0000] {taskmixin.py:205} WARNING - Dependency <Task(BashOperator): delete_entry>, create_entry_gcs already registered for DAG: example_complex
[2024-09-29T05:04:14.766+0000] {logging_mixin.py:120} INFO - [2024-09-29T05:04:14.766+0000] {taskmixin.py:205} WARNING - Dependency <Task(BashOperator): create_tag>, delete_tag already registered for DAG: example_complex
[2024-09-29T05:04:14.770+0000] {logging_mixin.py:120} INFO - [2024-09-29T05:04:14.770+0000] {taskmixin.py:205} WARNING - Dependency <Task(BashOperator): delete_tag>, create_tag already registered for DAG: example_complex
[2024-09-29T05:04:14.788+0000] {processor.py:766} INFO - DAG(s) dict_keys(['example_complex']) retrieved from /home/airflow/.local/lib/python3.7/site-packages/airflow/example_dags/example_complex.py
[2024-09-29T05:04:14.917+0000] {logging_mixin.py:120} INFO - [2024-09-29T05:04:14.917+0000] {dag.py:2585} INFO - Sync 1 DAGs
[2024-09-29T05:04:14.973+0000] {logging_mixin.py:120} INFO - [2024-09-29T05:04:14.973+0000] {dag.py:3340} INFO - Setting next_dagrun for example_complex to None, run_after=None
[2024-09-29T05:04:15.018+0000] {processor.py:176} INFO - Processing /home/airflow/.local/lib/python3.7/site-packages/airflow/example_dags/example_complex.py took 0.318 seconds
[2024-09-29T05:05:05.811+0000] {processor.py:154} INFO - Started process (PID=53095) to work on /home/airflow/.local/lib/python3.7/site-packages/airflow/example_dags/example_complex.py
[2024-09-29T05:05:05.815+0000] {processor.py:756} INFO - Processing file /home/airflow/.local/lib/python3.7/site-packages/airflow/example_dags/example_complex.py for tasks to queue
[2024-09-29T05:05:05.818+0000] {logging_mixin.py:120} INFO - [2024-09-29T05:05:05.817+0000] {dagbag.py:537} INFO - Filling up the DagBag from /home/airflow/.local/lib/python3.7/site-packages/airflow/example_dags/example_complex.py
[2024-09-29T05:05:05.834+0000] {logging_mixin.py:120} INFO - [2024-09-29T05:05:05.834+0000] {taskmixin.py:205} WARNING - Dependency <Task(BashOperator): create_entry_group>, delete_entry_group already registered for DAG: example_complex
[2024-09-29T05:05:05.836+0000] {logging_mixin.py:120} INFO - [2024-09-29T05:05:05.836+0000] {taskmixin.py:205} WARNING - Dependency <Task(BashOperator): delete_entry_group>, create_entry_group already registered for DAG: example_complex
[2024-09-29T05:05:05.837+0000] {logging_mixin.py:120} INFO - [2024-09-29T05:05:05.836+0000] {taskmixin.py:205} WARNING - Dependency <Task(BashOperator): create_entry_gcs>, delete_entry already registered for DAG: example_complex
[2024-09-29T05:05:05.837+0000] {logging_mixin.py:120} INFO - [2024-09-29T05:05:05.837+0000] {taskmixin.py:205} WARNING - Dependency <Task(BashOperator): delete_entry>, create_entry_gcs already registered for DAG: example_complex
[2024-09-29T05:05:05.841+0000] {logging_mixin.py:120} INFO - [2024-09-29T05:05:05.840+0000] {taskmixin.py:205} WARNING - Dependency <Task(BashOperator): create_tag>, delete_tag already registered for DAG: example_complex
[2024-09-29T05:05:05.841+0000] {logging_mixin.py:120} INFO - [2024-09-29T05:05:05.841+0000] {taskmixin.py:205} WARNING - Dependency <Task(BashOperator): delete_tag>, create_tag already registered for DAG: example_complex
[2024-09-29T05:05:05.852+0000] {processor.py:766} INFO - DAG(s) dict_keys(['example_complex']) retrieved from /home/airflow/.local/lib/python3.7/site-packages/airflow/example_dags/example_complex.py
[2024-09-29T05:05:05.920+0000] {logging_mixin.py:120} INFO - [2024-09-29T05:05:05.920+0000] {dag.py:2585} INFO - Sync 1 DAGs
[2024-09-29T05:05:05.956+0000] {logging_mixin.py:120} INFO - [2024-09-29T05:05:05.956+0000] {dag.py:3340} INFO - Setting next_dagrun for example_complex to None, run_after=None
[2024-09-29T05:05:05.991+0000] {processor.py:176} INFO - Processing /home/airflow/.local/lib/python3.7/site-packages/airflow/example_dags/example_complex.py took 0.184 seconds
[2024-09-29T05:05:56.482+0000] {processor.py:154} INFO - Started process (PID=53158) to work on /home/airflow/.local/lib/python3.7/site-packages/airflow/example_dags/example_complex.py
[2024-09-29T05:05:56.486+0000] {processor.py:756} INFO - Processing file /home/airflow/.local/lib/python3.7/site-packages/airflow/example_dags/example_complex.py for tasks to queue
[2024-09-29T05:05:56.487+0000] {logging_mixin.py:120} INFO - [2024-09-29T05:05:56.487+0000] {dagbag.py:537} INFO - Filling up the DagBag from /home/airflow/.local/lib/python3.7/site-packages/airflow/example_dags/example_complex.py
[2024-09-29T05:05:56.503+0000] {logging_mixin.py:120} INFO - [2024-09-29T05:05:56.503+0000] {taskmixin.py:205} WARNING - Dependency <Task(BashOperator): create_entry_group>, delete_entry_group already registered for DAG: example_complex
[2024-09-29T05:05:56.507+0000] {logging_mixin.py:120} INFO - [2024-09-29T05:05:56.507+0000] {taskmixin.py:205} WARNING - Dependency <Task(BashOperator): delete_entry_group>, create_entry_group already registered for DAG: example_complex
[2024-09-29T05:05:56.508+0000] {logging_mixin.py:120} INFO - [2024-09-29T05:05:56.508+0000] {taskmixin.py:205} WARNING - Dependency <Task(BashOperator): create_entry_gcs>, delete_entry already registered for DAG: example_complex
[2024-09-29T05:05:56.508+0000] {logging_mixin.py:120} INFO - [2024-09-29T05:05:56.508+0000] {taskmixin.py:205} WARNING - Dependency <Task(BashOperator): delete_entry>, create_entry_gcs already registered for DAG: example_complex
[2024-09-29T05:05:56.509+0000] {logging_mixin.py:120} INFO - [2024-09-29T05:05:56.509+0000] {taskmixin.py:205} WARNING - Dependency <Task(BashOperator): create_tag>, delete_tag already registered for DAG: example_complex
[2024-09-29T05:05:56.509+0000] {logging_mixin.py:120} INFO - [2024-09-29T05:05:56.509+0000] {taskmixin.py:205} WARNING - Dependency <Task(BashOperator): delete_tag>, create_tag already registered for DAG: example_complex
[2024-09-29T05:05:56.522+0000] {processor.py:766} INFO - DAG(s) dict_keys(['example_complex']) retrieved from /home/airflow/.local/lib/python3.7/site-packages/airflow/example_dags/example_complex.py
[2024-09-29T05:05:56.596+0000] {logging_mixin.py:120} INFO - [2024-09-29T05:05:56.596+0000] {dag.py:2585} INFO - Sync 1 DAGs
[2024-09-29T05:05:56.633+0000] {logging_mixin.py:120} INFO - [2024-09-29T05:05:56.633+0000] {dag.py:3340} INFO - Setting next_dagrun for example_complex to None, run_after=None
[2024-09-29T05:05:56.671+0000] {processor.py:176} INFO - Processing /home/airflow/.local/lib/python3.7/site-packages/airflow/example_dags/example_complex.py took 0.193 seconds
[2024-09-29T05:06:48.504+0000] {processor.py:154} INFO - Started process (PID=53221) to work on /home/airflow/.local/lib/python3.7/site-packages/airflow/example_dags/example_complex.py
[2024-09-29T05:06:48.509+0000] {processor.py:756} INFO - Processing file /home/airflow/.local/lib/python3.7/site-packages/airflow/example_dags/example_complex.py for tasks to queue
[2024-09-29T05:06:48.513+0000] {logging_mixin.py:120} INFO - [2024-09-29T05:06:48.513+0000] {dagbag.py:537} INFO - Filling up the DagBag from /home/airflow/.local/lib/python3.7/site-packages/airflow/example_dags/example_complex.py
[2024-09-29T05:06:48.538+0000] {logging_mixin.py:120} INFO - [2024-09-29T05:06:48.538+0000] {taskmixin.py:205} WARNING - Dependency <Task(BashOperator): create_entry_group>, delete_entry_group already registered for DAG: example_complex
[2024-09-29T05:06:48.539+0000] {logging_mixin.py:120} INFO - [2024-09-29T05:06:48.538+0000] {taskmixin.py:205} WARNING - Dependency <Task(BashOperator): delete_entry_group>, create_entry_group already registered for DAG: example_complex
[2024-09-29T05:06:48.539+0000] {logging_mixin.py:120} INFO - [2024-09-29T05:06:48.539+0000] {taskmixin.py:205} WARNING - Dependency <Task(BashOperator): create_entry_gcs>, delete_entry already registered for DAG: example_complex
[2024-09-29T05:06:48.541+0000] {logging_mixin.py:120} INFO - [2024-09-29T05:06:48.540+0000] {taskmixin.py:205} WARNING - Dependency <Task(BashOperator): delete_entry>, create_entry_gcs already registered for DAG: example_complex
[2024-09-29T05:06:48.542+0000] {logging_mixin.py:120} INFO - [2024-09-29T05:06:48.542+0000] {taskmixin.py:205} WARNING - Dependency <Task(BashOperator): create_tag>, delete_tag already registered for DAG: example_complex
[2024-09-29T05:06:48.544+0000] {logging_mixin.py:120} INFO - [2024-09-29T05:06:48.543+0000] {taskmixin.py:205} WARNING - Dependency <Task(BashOperator): delete_tag>, create_tag already registered for DAG: example_complex
[2024-09-29T05:06:48.557+0000] {processor.py:766} INFO - DAG(s) dict_keys(['example_complex']) retrieved from /home/airflow/.local/lib/python3.7/site-packages/airflow/example_dags/example_complex.py
[2024-09-29T05:06:48.640+0000] {logging_mixin.py:120} INFO - [2024-09-29T05:06:48.640+0000] {dag.py:2585} INFO - Sync 1 DAGs
[2024-09-29T05:06:48.676+0000] {logging_mixin.py:120} INFO - [2024-09-29T05:06:48.676+0000] {dag.py:3340} INFO - Setting next_dagrun for example_complex to None, run_after=None
[2024-09-29T05:06:48.704+0000] {processor.py:176} INFO - Processing /home/airflow/.local/lib/python3.7/site-packages/airflow/example_dags/example_complex.py took 0.205 seconds
[2024-09-29T05:07:38.800+0000] {processor.py:154} INFO - Started process (PID=53283) to work on /home/airflow/.local/lib/python3.7/site-packages/airflow/example_dags/example_complex.py
[2024-09-29T05:07:38.806+0000] {processor.py:756} INFO - Processing file /home/airflow/.local/lib/python3.7/site-packages/airflow/example_dags/example_complex.py for tasks to queue
[2024-09-29T05:07:38.807+0000] {logging_mixin.py:120} INFO - [2024-09-29T05:07:38.807+0000] {dagbag.py:537} INFO - Filling up the DagBag from /home/airflow/.local/lib/python3.7/site-packages/airflow/example_dags/example_complex.py
[2024-09-29T05:07:38.826+0000] {logging_mixin.py:120} INFO - [2024-09-29T05:07:38.826+0000] {taskmixin.py:205} WARNING - Dependency <Task(BashOperator): create_entry_group>, delete_entry_group already registered for DAG: example_complex
[2024-09-29T05:07:38.827+0000] {logging_mixin.py:120} INFO - [2024-09-29T05:07:38.827+0000] {taskmixin.py:205} WARNING - Dependency <Task(BashOperator): delete_entry_group>, create_entry_group already registered for DAG: example_complex
[2024-09-29T05:07:38.827+0000] {logging_mixin.py:120} INFO - [2024-09-29T05:07:38.827+0000] {taskmixin.py:205} WARNING - Dependency <Task(BashOperator): create_entry_gcs>, delete_entry already registered for DAG: example_complex
[2024-09-29T05:07:38.828+0000] {logging_mixin.py:120} INFO - [2024-09-29T05:07:38.828+0000] {taskmixin.py:205} WARNING - Dependency <Task(BashOperator): delete_entry>, create_entry_gcs already registered for DAG: example_complex
[2024-09-29T05:07:38.829+0000] {logging_mixin.py:120} INFO - [2024-09-29T05:07:38.829+0000] {taskmixin.py:205} WARNING - Dependency <Task(BashOperator): create_tag>, delete_tag already registered for DAG: example_complex
[2024-09-29T05:07:38.830+0000] {logging_mixin.py:120} INFO - [2024-09-29T05:07:38.830+0000] {taskmixin.py:205} WARNING - Dependency <Task(BashOperator): delete_tag>, create_tag already registered for DAG: example_complex
[2024-09-29T05:07:38.843+0000] {processor.py:766} INFO - DAG(s) dict_keys(['example_complex']) retrieved from /home/airflow/.local/lib/python3.7/site-packages/airflow/example_dags/example_complex.py
[2024-09-29T05:07:38.916+0000] {logging_mixin.py:120} INFO - [2024-09-29T05:07:38.916+0000] {dag.py:2585} INFO - Sync 1 DAGs
[2024-09-29T05:07:38.948+0000] {logging_mixin.py:120} INFO - [2024-09-29T05:07:38.948+0000] {dag.py:3340} INFO - Setting next_dagrun for example_complex to None, run_after=None
[2024-09-29T05:07:38.978+0000] {processor.py:176} INFO - Processing /home/airflow/.local/lib/python3.7/site-packages/airflow/example_dags/example_complex.py took 0.181 seconds
[2024-09-29T05:08:30.127+0000] {processor.py:154} INFO - Started process (PID=53345) to work on /home/airflow/.local/lib/python3.7/site-packages/airflow/example_dags/example_complex.py
[2024-09-29T05:08:30.131+0000] {processor.py:756} INFO - Processing file /home/airflow/.local/lib/python3.7/site-packages/airflow/example_dags/example_complex.py for tasks to queue
[2024-09-29T05:08:30.133+0000] {logging_mixin.py:120} INFO - [2024-09-29T05:08:30.133+0000] {dagbag.py:537} INFO - Filling up the DagBag from /home/airflow/.local/lib/python3.7/site-packages/airflow/example_dags/example_complex.py
[2024-09-29T05:08:30.156+0000] {logging_mixin.py:120} INFO - [2024-09-29T05:08:30.155+0000] {taskmixin.py:205} WARNING - Dependency <Task(BashOperator): create_entry_group>, delete_entry_group already registered for DAG: example_complex
[2024-09-29T05:08:30.156+0000] {logging_mixin.py:120} INFO - [2024-09-29T05:08:30.156+0000] {taskmixin.py:205} WARNING - Dependency <Task(BashOperator): delete_entry_group>, create_entry_group already registered for DAG: example_complex
[2024-09-29T05:08:30.158+0000] {logging_mixin.py:120} INFO - [2024-09-29T05:08:30.158+0000] {taskmixin.py:205} WARNING - Dependency <Task(BashOperator): create_entry_gcs>, delete_entry already registered for DAG: example_complex
[2024-09-29T05:08:30.158+0000] {logging_mixin.py:120} INFO - [2024-09-29T05:08:30.158+0000] {taskmixin.py:205} WARNING - Dependency <Task(BashOperator): delete_entry>, create_entry_gcs already registered for DAG: example_complex
[2024-09-29T05:08:30.159+0000] {logging_mixin.py:120} INFO - [2024-09-29T05:08:30.159+0000] {taskmixin.py:205} WARNING - Dependency <Task(BashOperator): create_tag>, delete_tag already registered for DAG: example_complex
[2024-09-29T05:08:30.159+0000] {logging_mixin.py:120} INFO - [2024-09-29T05:08:30.159+0000] {taskmixin.py:205} WARNING - Dependency <Task(BashOperator): delete_tag>, create_tag already registered for DAG: example_complex
[2024-09-29T05:08:30.169+0000] {processor.py:766} INFO - DAG(s) dict_keys(['example_complex']) retrieved from /home/airflow/.local/lib/python3.7/site-packages/airflow/example_dags/example_complex.py
[2024-09-29T05:08:30.242+0000] {logging_mixin.py:120} INFO - [2024-09-29T05:08:30.242+0000] {dag.py:2585} INFO - Sync 1 DAGs
[2024-09-29T05:08:30.272+0000] {logging_mixin.py:120} INFO - [2024-09-29T05:08:30.272+0000] {dag.py:3340} INFO - Setting next_dagrun for example_complex to None, run_after=None
[2024-09-29T05:08:30.301+0000] {processor.py:176} INFO - Processing /home/airflow/.local/lib/python3.7/site-packages/airflow/example_dags/example_complex.py took 0.178 seconds
[2024-09-29T05:09:20.630+0000] {processor.py:154} INFO - Started process (PID=53408) to work on /home/airflow/.local/lib/python3.7/site-packages/airflow/example_dags/example_complex.py
[2024-09-29T05:09:20.636+0000] {processor.py:756} INFO - Processing file /home/airflow/.local/lib/python3.7/site-packages/airflow/example_dags/example_complex.py for tasks to queue
[2024-09-29T05:09:20.638+0000] {logging_mixin.py:120} INFO - [2024-09-29T05:09:20.638+0000] {dagbag.py:537} INFO - Filling up the DagBag from /home/airflow/.local/lib/python3.7/site-packages/airflow/example_dags/example_complex.py
[2024-09-29T05:09:20.655+0000] {logging_mixin.py:120} INFO - [2024-09-29T05:09:20.655+0000] {taskmixin.py:205} WARNING - Dependency <Task(BashOperator): create_entry_group>, delete_entry_group already registered for DAG: example_complex
[2024-09-29T05:09:20.657+0000] {logging_mixin.py:120} INFO - [2024-09-29T05:09:20.657+0000] {taskmixin.py:205} WARNING - Dependency <Task(BashOperator): delete_entry_group>, create_entry_group already registered for DAG: example_complex
[2024-09-29T05:09:20.658+0000] {logging_mixin.py:120} INFO - [2024-09-29T05:09:20.658+0000] {taskmixin.py:205} WARNING - Dependency <Task(BashOperator): create_entry_gcs>, delete_entry already registered for DAG: example_complex
[2024-09-29T05:09:20.658+0000] {logging_mixin.py:120} INFO - [2024-09-29T05:09:20.658+0000] {taskmixin.py:205} WARNING - Dependency <Task(BashOperator): delete_entry>, create_entry_gcs already registered for DAG: example_complex
[2024-09-29T05:09:20.661+0000] {logging_mixin.py:120} INFO - [2024-09-29T05:09:20.661+0000] {taskmixin.py:205} WARNING - Dependency <Task(BashOperator): create_tag>, delete_tag already registered for DAG: example_complex
[2024-09-29T05:09:20.661+0000] {logging_mixin.py:120} INFO - [2024-09-29T05:09:20.661+0000] {taskmixin.py:205} WARNING - Dependency <Task(BashOperator): delete_tag>, create_tag already registered for DAG: example_complex
[2024-09-29T05:09:20.673+0000] {processor.py:766} INFO - DAG(s) dict_keys(['example_complex']) retrieved from /home/airflow/.local/lib/python3.7/site-packages/airflow/example_dags/example_complex.py
[2024-09-29T05:09:20.736+0000] {logging_mixin.py:120} INFO - [2024-09-29T05:09:20.736+0000] {dag.py:2585} INFO - Sync 1 DAGs
[2024-09-29T05:09:20.766+0000] {logging_mixin.py:120} INFO - [2024-09-29T05:09:20.765+0000] {dag.py:3340} INFO - Setting next_dagrun for example_complex to None, run_after=None
[2024-09-29T05:09:20.791+0000] {processor.py:176} INFO - Processing /home/airflow/.local/lib/python3.7/site-packages/airflow/example_dags/example_complex.py took 0.165 seconds
[2024-09-29T05:10:11.942+0000] {processor.py:154} INFO - Started process (PID=53471) to work on /home/airflow/.local/lib/python3.7/site-packages/airflow/example_dags/example_complex.py
[2024-09-29T05:10:11.946+0000] {processor.py:756} INFO - Processing file /home/airflow/.local/lib/python3.7/site-packages/airflow/example_dags/example_complex.py for tasks to queue
[2024-09-29T05:10:11.949+0000] {logging_mixin.py:120} INFO - [2024-09-29T05:10:11.949+0000] {dagbag.py:537} INFO - Filling up the DagBag from /home/airflow/.local/lib/python3.7/site-packages/airflow/example_dags/example_complex.py
[2024-09-29T05:10:11.968+0000] {logging_mixin.py:120} INFO - [2024-09-29T05:10:11.968+0000] {taskmixin.py:205} WARNING - Dependency <Task(BashOperator): create_entry_group>, delete_entry_group already registered for DAG: example_complex
[2024-09-29T05:10:11.969+0000] {logging_mixin.py:120} INFO - [2024-09-29T05:10:11.969+0000] {taskmixin.py:205} WARNING - Dependency <Task(BashOperator): delete_entry_group>, create_entry_group already registered for DAG: example_complex
[2024-09-29T05:10:11.969+0000] {logging_mixin.py:120} INFO - [2024-09-29T05:10:11.969+0000] {taskmixin.py:205} WARNING - Dependency <Task(BashOperator): create_entry_gcs>, delete_entry already registered for DAG: example_complex
[2024-09-29T05:10:11.970+0000] {logging_mixin.py:120} INFO - [2024-09-29T05:10:11.969+0000] {taskmixin.py:205} WARNING - Dependency <Task(BashOperator): delete_entry>, create_entry_gcs already registered for DAG: example_complex
[2024-09-29T05:10:11.970+0000] {logging_mixin.py:120} INFO - [2024-09-29T05:10:11.970+0000] {taskmixin.py:205} WARNING - Dependency <Task(BashOperator): create_tag>, delete_tag already registered for DAG: example_complex
[2024-09-29T05:10:11.971+0000] {logging_mixin.py:120} INFO - [2024-09-29T05:10:11.971+0000] {taskmixin.py:205} WARNING - Dependency <Task(BashOperator): delete_tag>, create_tag already registered for DAG: example_complex
[2024-09-29T05:10:11.981+0000] {processor.py:766} INFO - DAG(s) dict_keys(['example_complex']) retrieved from /home/airflow/.local/lib/python3.7/site-packages/airflow/example_dags/example_complex.py
[2024-09-29T05:10:12.051+0000] {logging_mixin.py:120} INFO - [2024-09-29T05:10:12.051+0000] {dag.py:2585} INFO - Sync 1 DAGs
[2024-09-29T05:10:12.086+0000] {logging_mixin.py:120} INFO - [2024-09-29T05:10:12.086+0000] {dag.py:3340} INFO - Setting next_dagrun for example_complex to None, run_after=None
[2024-09-29T05:10:12.120+0000] {processor.py:176} INFO - Processing /home/airflow/.local/lib/python3.7/site-packages/airflow/example_dags/example_complex.py took 0.183 seconds
[2024-09-29T05:11:02.294+0000] {processor.py:154} INFO - Started process (PID=53534) to work on /home/airflow/.local/lib/python3.7/site-packages/airflow/example_dags/example_complex.py
[2024-09-29T05:11:02.299+0000] {processor.py:756} INFO - Processing file /home/airflow/.local/lib/python3.7/site-packages/airflow/example_dags/example_complex.py for tasks to queue
[2024-09-29T05:11:02.300+0000] {logging_mixin.py:120} INFO - [2024-09-29T05:11:02.300+0000] {dagbag.py:537} INFO - Filling up the DagBag from /home/airflow/.local/lib/python3.7/site-packages/airflow/example_dags/example_complex.py
[2024-09-29T05:11:02.318+0000] {logging_mixin.py:120} INFO - [2024-09-29T05:11:02.318+0000] {taskmixin.py:205} WARNING - Dependency <Task(BashOperator): create_entry_group>, delete_entry_group already registered for DAG: example_complex
[2024-09-29T05:11:02.319+0000] {logging_mixin.py:120} INFO - [2024-09-29T05:11:02.318+0000] {taskmixin.py:205} WARNING - Dependency <Task(BashOperator): delete_entry_group>, create_entry_group already registered for DAG: example_complex
[2024-09-29T05:11:02.319+0000] {logging_mixin.py:120} INFO - [2024-09-29T05:11:02.319+0000] {taskmixin.py:205} WARNING - Dependency <Task(BashOperator): create_entry_gcs>, delete_entry already registered for DAG: example_complex
[2024-09-29T05:11:02.320+0000] {logging_mixin.py:120} INFO - [2024-09-29T05:11:02.320+0000] {taskmixin.py:205} WARNING - Dependency <Task(BashOperator): delete_entry>, create_entry_gcs already registered for DAG: example_complex
[2024-09-29T05:11:02.322+0000] {logging_mixin.py:120} INFO - [2024-09-29T05:11:02.322+0000] {taskmixin.py:205} WARNING - Dependency <Task(BashOperator): create_tag>, delete_tag already registered for DAG: example_complex
[2024-09-29T05:11:02.323+0000] {logging_mixin.py:120} INFO - [2024-09-29T05:11:02.323+0000] {taskmixin.py:205} WARNING - Dependency <Task(BashOperator): delete_tag>, create_tag already registered for DAG: example_complex
[2024-09-29T05:11:02.334+0000] {processor.py:766} INFO - DAG(s) dict_keys(['example_complex']) retrieved from /home/airflow/.local/lib/python3.7/site-packages/airflow/example_dags/example_complex.py
[2024-09-29T05:11:02.397+0000] {logging_mixin.py:120} INFO - [2024-09-29T05:11:02.397+0000] {dag.py:2585} INFO - Sync 1 DAGs
[2024-09-29T05:11:02.435+0000] {logging_mixin.py:120} INFO - [2024-09-29T05:11:02.435+0000] {dag.py:3340} INFO - Setting next_dagrun for example_complex to None, run_after=None
[2024-09-29T05:11:02.461+0000] {processor.py:176} INFO - Processing /home/airflow/.local/lib/python3.7/site-packages/airflow/example_dags/example_complex.py took 0.171 seconds
[2024-09-29T05:12:02.413+0000] {processor.py:154} INFO - Started process (PID=53597) to work on /home/airflow/.local/lib/python3.7/site-packages/airflow/example_dags/example_complex.py
[2024-09-29T05:12:02.419+0000] {processor.py:756} INFO - Processing file /home/airflow/.local/lib/python3.7/site-packages/airflow/example_dags/example_complex.py for tasks to queue
[2024-09-29T05:12:02.421+0000] {logging_mixin.py:120} INFO - [2024-09-29T05:12:02.421+0000] {dagbag.py:537} INFO - Filling up the DagBag from /home/airflow/.local/lib/python3.7/site-packages/airflow/example_dags/example_complex.py
[2024-09-29T05:12:02.442+0000] {logging_mixin.py:120} INFO - [2024-09-29T05:12:02.442+0000] {taskmixin.py:205} WARNING - Dependency <Task(BashOperator): create_entry_group>, delete_entry_group already registered for DAG: example_complex
[2024-09-29T05:12:02.442+0000] {logging_mixin.py:120} INFO - [2024-09-29T05:12:02.442+0000] {taskmixin.py:205} WARNING - Dependency <Task(BashOperator): delete_entry_group>, create_entry_group already registered for DAG: example_complex
[2024-09-29T05:12:02.445+0000] {logging_mixin.py:120} INFO - [2024-09-29T05:12:02.445+0000] {taskmixin.py:205} WARNING - Dependency <Task(BashOperator): create_entry_gcs>, delete_entry already registered for DAG: example_complex
[2024-09-29T05:12:02.445+0000] {logging_mixin.py:120} INFO - [2024-09-29T05:12:02.445+0000] {taskmixin.py:205} WARNING - Dependency <Task(BashOperator): delete_entry>, create_entry_gcs already registered for DAG: example_complex
[2024-09-29T05:12:02.448+0000] {logging_mixin.py:120} INFO - [2024-09-29T05:12:02.448+0000] {taskmixin.py:205} WARNING - Dependency <Task(BashOperator): create_tag>, delete_tag already registered for DAG: example_complex
[2024-09-29T05:12:02.448+0000] {logging_mixin.py:120} INFO - [2024-09-29T05:12:02.448+0000] {taskmixin.py:205} WARNING - Dependency <Task(BashOperator): delete_tag>, create_tag already registered for DAG: example_complex
[2024-09-29T05:12:02.457+0000] {processor.py:766} INFO - DAG(s) dict_keys(['example_complex']) retrieved from /home/airflow/.local/lib/python3.7/site-packages/airflow/example_dags/example_complex.py
[2024-09-29T05:12:02.527+0000] {logging_mixin.py:120} INFO - [2024-09-29T05:12:02.527+0000] {dag.py:2585} INFO - Sync 1 DAGs
[2024-09-29T05:12:02.569+0000] {logging_mixin.py:120} INFO - [2024-09-29T05:12:02.569+0000] {dag.py:3340} INFO - Setting next_dagrun for example_complex to None, run_after=None
[2024-09-29T05:12:02.604+0000] {processor.py:176} INFO - Processing /home/airflow/.local/lib/python3.7/site-packages/airflow/example_dags/example_complex.py took 0.195 seconds
[2024-09-29T05:12:52.333+0000] {processor.py:154} INFO - Started process (PID=53660) to work on /home/airflow/.local/lib/python3.7/site-packages/airflow/example_dags/example_complex.py
[2024-09-29T05:12:52.337+0000] {processor.py:756} INFO - Processing file /home/airflow/.local/lib/python3.7/site-packages/airflow/example_dags/example_complex.py for tasks to queue
[2024-09-29T05:12:52.338+0000] {logging_mixin.py:120} INFO - [2024-09-29T05:12:52.338+0000] {dagbag.py:537} INFO - Filling up the DagBag from /home/airflow/.local/lib/python3.7/site-packages/airflow/example_dags/example_complex.py
[2024-09-29T05:12:52.355+0000] {logging_mixin.py:120} INFO - [2024-09-29T05:12:52.355+0000] {taskmixin.py:205} WARNING - Dependency <Task(BashOperator): create_entry_group>, delete_entry_group already registered for DAG: example_complex
[2024-09-29T05:12:52.356+0000] {logging_mixin.py:120} INFO - [2024-09-29T05:12:52.356+0000] {taskmixin.py:205} WARNING - Dependency <Task(BashOperator): delete_entry_group>, create_entry_group already registered for DAG: example_complex
[2024-09-29T05:12:52.358+0000] {logging_mixin.py:120} INFO - [2024-09-29T05:12:52.358+0000] {taskmixin.py:205} WARNING - Dependency <Task(BashOperator): create_entry_gcs>, delete_entry already registered for DAG: example_complex
[2024-09-29T05:12:52.360+0000] {logging_mixin.py:120} INFO - [2024-09-29T05:12:52.359+0000] {taskmixin.py:205} WARNING - Dependency <Task(BashOperator): delete_entry>, create_entry_gcs already registered for DAG: example_complex
[2024-09-29T05:12:52.362+0000] {logging_mixin.py:120} INFO - [2024-09-29T05:12:52.362+0000] {taskmixin.py:205} WARNING - Dependency <Task(BashOperator): create_tag>, delete_tag already registered for DAG: example_complex
[2024-09-29T05:12:52.362+0000] {logging_mixin.py:120} INFO - [2024-09-29T05:12:52.362+0000] {taskmixin.py:205} WARNING - Dependency <Task(BashOperator): delete_tag>, create_tag already registered for DAG: example_complex
[2024-09-29T05:12:52.376+0000] {processor.py:766} INFO - DAG(s) dict_keys(['example_complex']) retrieved from /home/airflow/.local/lib/python3.7/site-packages/airflow/example_dags/example_complex.py
[2024-09-29T05:12:52.454+0000] {logging_mixin.py:120} INFO - [2024-09-29T05:12:52.453+0000] {dag.py:2585} INFO - Sync 1 DAGs
[2024-09-29T05:12:52.490+0000] {logging_mixin.py:120} INFO - [2024-09-29T05:12:52.489+0000] {dag.py:3340} INFO - Setting next_dagrun for example_complex to None, run_after=None
[2024-09-29T05:12:52.521+0000] {processor.py:176} INFO - Processing /home/airflow/.local/lib/python3.7/site-packages/airflow/example_dags/example_complex.py took 0.192 seconds
[2024-09-29T05:13:43.256+0000] {processor.py:154} INFO - Started process (PID=53724) to work on /home/airflow/.local/lib/python3.7/site-packages/airflow/example_dags/example_complex.py
[2024-09-29T05:13:43.259+0000] {processor.py:756} INFO - Processing file /home/airflow/.local/lib/python3.7/site-packages/airflow/example_dags/example_complex.py for tasks to queue
[2024-09-29T05:13:43.260+0000] {logging_mixin.py:120} INFO - [2024-09-29T05:13:43.260+0000] {dagbag.py:537} INFO - Filling up the DagBag from /home/airflow/.local/lib/python3.7/site-packages/airflow/example_dags/example_complex.py
[2024-09-29T05:13:43.277+0000] {logging_mixin.py:120} INFO - [2024-09-29T05:13:43.276+0000] {taskmixin.py:205} WARNING - Dependency <Task(BashOperator): create_entry_group>, delete_entry_group already registered for DAG: example_complex
[2024-09-29T05:13:43.277+0000] {logging_mixin.py:120} INFO - [2024-09-29T05:13:43.277+0000] {taskmixin.py:205} WARNING - Dependency <Task(BashOperator): delete_entry_group>, create_entry_group already registered for DAG: example_complex
[2024-09-29T05:13:43.278+0000] {logging_mixin.py:120} INFO - [2024-09-29T05:13:43.278+0000] {taskmixin.py:205} WARNING - Dependency <Task(BashOperator): create_entry_gcs>, delete_entry already registered for DAG: example_complex
[2024-09-29T05:13:43.278+0000] {logging_mixin.py:120} INFO - [2024-09-29T05:13:43.278+0000] {taskmixin.py:205} WARNING - Dependency <Task(BashOperator): delete_entry>, create_entry_gcs already registered for DAG: example_complex
[2024-09-29T05:13:43.279+0000] {logging_mixin.py:120} INFO - [2024-09-29T05:13:43.279+0000] {taskmixin.py:205} WARNING - Dependency <Task(BashOperator): create_tag>, delete_tag already registered for DAG: example_complex
[2024-09-29T05:13:43.279+0000] {logging_mixin.py:120} INFO - [2024-09-29T05:13:43.279+0000] {taskmixin.py:205} WARNING - Dependency <Task(BashOperator): delete_tag>, create_tag already registered for DAG: example_complex
[2024-09-29T05:13:43.290+0000] {processor.py:766} INFO - DAG(s) dict_keys(['example_complex']) retrieved from /home/airflow/.local/lib/python3.7/site-packages/airflow/example_dags/example_complex.py
[2024-09-29T05:13:43.360+0000] {logging_mixin.py:120} INFO - [2024-09-29T05:13:43.360+0000] {dag.py:2585} INFO - Sync 1 DAGs
[2024-09-29T05:13:43.393+0000] {logging_mixin.py:120} INFO - [2024-09-29T05:13:43.393+0000] {dag.py:3340} INFO - Setting next_dagrun for example_complex to None, run_after=None
[2024-09-29T05:13:43.420+0000] {processor.py:176} INFO - Processing /home/airflow/.local/lib/python3.7/site-packages/airflow/example_dags/example_complex.py took 0.168 seconds
[2024-09-29T05:14:34.974+0000] {processor.py:154} INFO - Started process (PID=53787) to work on /home/airflow/.local/lib/python3.7/site-packages/airflow/example_dags/example_complex.py
[2024-09-29T05:14:34.978+0000] {processor.py:756} INFO - Processing file /home/airflow/.local/lib/python3.7/site-packages/airflow/example_dags/example_complex.py for tasks to queue
[2024-09-29T05:14:34.980+0000] {logging_mixin.py:120} INFO - [2024-09-29T05:14:34.980+0000] {dagbag.py:537} INFO - Filling up the DagBag from /home/airflow/.local/lib/python3.7/site-packages/airflow/example_dags/example_complex.py
[2024-09-29T05:14:35.002+0000] {logging_mixin.py:120} INFO - [2024-09-29T05:14:35.002+0000] {taskmixin.py:205} WARNING - Dependency <Task(BashOperator): create_entry_group>, delete_entry_group already registered for DAG: example_complex
[2024-09-29T05:14:35.002+0000] {logging_mixin.py:120} INFO - [2024-09-29T05:14:35.002+0000] {taskmixin.py:205} WARNING - Dependency <Task(BashOperator): delete_entry_group>, create_entry_group already registered for DAG: example_complex
[2024-09-29T05:14:35.003+0000] {logging_mixin.py:120} INFO - [2024-09-29T05:14:35.003+0000] {taskmixin.py:205} WARNING - Dependency <Task(BashOperator): create_entry_gcs>, delete_entry already registered for DAG: example_complex
[2024-09-29T05:14:35.003+0000] {logging_mixin.py:120} INFO - [2024-09-29T05:14:35.003+0000] {taskmixin.py:205} WARNING - Dependency <Task(BashOperator): delete_entry>, create_entry_gcs already registered for DAG: example_complex
[2024-09-29T05:14:35.004+0000] {logging_mixin.py:120} INFO - [2024-09-29T05:14:35.004+0000] {taskmixin.py:205} WARNING - Dependency <Task(BashOperator): create_tag>, delete_tag already registered for DAG: example_complex
[2024-09-29T05:14:35.004+0000] {logging_mixin.py:120} INFO - [2024-09-29T05:14:35.004+0000] {taskmixin.py:205} WARNING - Dependency <Task(BashOperator): delete_tag>, create_tag already registered for DAG: example_complex
[2024-09-29T05:14:35.015+0000] {processor.py:766} INFO - DAG(s) dict_keys(['example_complex']) retrieved from /home/airflow/.local/lib/python3.7/site-packages/airflow/example_dags/example_complex.py
[2024-09-29T05:14:35.082+0000] {logging_mixin.py:120} INFO - [2024-09-29T05:14:35.082+0000] {dag.py:2585} INFO - Sync 1 DAGs
[2024-09-29T05:14:35.121+0000] {logging_mixin.py:120} INFO - [2024-09-29T05:14:35.121+0000] {dag.py:3340} INFO - Setting next_dagrun for example_complex to None, run_after=None
[2024-09-29T05:14:35.160+0000] {processor.py:176} INFO - Processing /home/airflow/.local/lib/python3.7/site-packages/airflow/example_dags/example_complex.py took 0.190 seconds
[2024-09-29T05:15:27.198+0000] {processor.py:154} INFO - Started process (PID=53851) to work on /home/airflow/.local/lib/python3.7/site-packages/airflow/example_dags/example_complex.py
[2024-09-29T05:15:27.202+0000] {processor.py:756} INFO - Processing file /home/airflow/.local/lib/python3.7/site-packages/airflow/example_dags/example_complex.py for tasks to queue
[2024-09-29T05:15:27.203+0000] {logging_mixin.py:120} INFO - [2024-09-29T05:15:27.202+0000] {dagbag.py:537} INFO - Filling up the DagBag from /home/airflow/.local/lib/python3.7/site-packages/airflow/example_dags/example_complex.py
[2024-09-29T05:15:27.220+0000] {logging_mixin.py:120} INFO - [2024-09-29T05:15:27.219+0000] {taskmixin.py:205} WARNING - Dependency <Task(BashOperator): create_entry_group>, delete_entry_group already registered for DAG: example_complex
[2024-09-29T05:15:27.220+0000] {logging_mixin.py:120} INFO - [2024-09-29T05:15:27.220+0000] {taskmixin.py:205} WARNING - Dependency <Task(BashOperator): delete_entry_group>, create_entry_group already registered for DAG: example_complex
[2024-09-29T05:15:27.221+0000] {logging_mixin.py:120} INFO - [2024-09-29T05:15:27.221+0000] {taskmixin.py:205} WARNING - Dependency <Task(BashOperator): create_entry_gcs>, delete_entry already registered for DAG: example_complex
[2024-09-29T05:15:27.221+0000] {logging_mixin.py:120} INFO - [2024-09-29T05:15:27.221+0000] {taskmixin.py:205} WARNING - Dependency <Task(BashOperator): delete_entry>, create_entry_gcs already registered for DAG: example_complex
[2024-09-29T05:15:27.222+0000] {logging_mixin.py:120} INFO - [2024-09-29T05:15:27.222+0000] {taskmixin.py:205} WARNING - Dependency <Task(BashOperator): create_tag>, delete_tag already registered for DAG: example_complex
[2024-09-29T05:15:27.222+0000] {logging_mixin.py:120} INFO - [2024-09-29T05:15:27.222+0000] {taskmixin.py:205} WARNING - Dependency <Task(BashOperator): delete_tag>, create_tag already registered for DAG: example_complex
[2024-09-29T05:15:27.233+0000] {processor.py:766} INFO - DAG(s) dict_keys(['example_complex']) retrieved from /home/airflow/.local/lib/python3.7/site-packages/airflow/example_dags/example_complex.py
[2024-09-29T05:15:27.295+0000] {logging_mixin.py:120} INFO - [2024-09-29T05:15:27.295+0000] {dag.py:2585} INFO - Sync 1 DAGs
[2024-09-29T05:15:27.333+0000] {logging_mixin.py:120} INFO - [2024-09-29T05:15:27.333+0000] {dag.py:3340} INFO - Setting next_dagrun for example_complex to None, run_after=None
[2024-09-29T05:15:27.358+0000] {processor.py:176} INFO - Processing /home/airflow/.local/lib/python3.7/site-packages/airflow/example_dags/example_complex.py took 0.165 seconds
[2024-09-29T05:16:18.241+0000] {processor.py:154} INFO - Started process (PID=53914) to work on /home/airflow/.local/lib/python3.7/site-packages/airflow/example_dags/example_complex.py
[2024-09-29T05:16:18.246+0000] {processor.py:756} INFO - Processing file /home/airflow/.local/lib/python3.7/site-packages/airflow/example_dags/example_complex.py for tasks to queue
[2024-09-29T05:16:18.247+0000] {logging_mixin.py:120} INFO - [2024-09-29T05:16:18.247+0000] {dagbag.py:537} INFO - Filling up the DagBag from /home/airflow/.local/lib/python3.7/site-packages/airflow/example_dags/example_complex.py
[2024-09-29T05:16:18.265+0000] {logging_mixin.py:120} INFO - [2024-09-29T05:16:18.265+0000] {taskmixin.py:205} WARNING - Dependency <Task(BashOperator): create_entry_group>, delete_entry_group already registered for DAG: example_complex
[2024-09-29T05:16:18.266+0000] {logging_mixin.py:120} INFO - [2024-09-29T05:16:18.266+0000] {taskmixin.py:205} WARNING - Dependency <Task(BashOperator): delete_entry_group>, create_entry_group already registered for DAG: example_complex
[2024-09-29T05:16:18.267+0000] {logging_mixin.py:120} INFO - [2024-09-29T05:16:18.267+0000] {taskmixin.py:205} WARNING - Dependency <Task(BashOperator): create_entry_gcs>, delete_entry already registered for DAG: example_complex
[2024-09-29T05:16:18.268+0000] {logging_mixin.py:120} INFO - [2024-09-29T05:16:18.268+0000] {taskmixin.py:205} WARNING - Dependency <Task(BashOperator): delete_entry>, create_entry_gcs already registered for DAG: example_complex
[2024-09-29T05:16:18.269+0000] {logging_mixin.py:120} INFO - [2024-09-29T05:16:18.269+0000] {taskmixin.py:205} WARNING - Dependency <Task(BashOperator): create_tag>, delete_tag already registered for DAG: example_complex
[2024-09-29T05:16:18.271+0000] {logging_mixin.py:120} INFO - [2024-09-29T05:16:18.271+0000] {taskmixin.py:205} WARNING - Dependency <Task(BashOperator): delete_tag>, create_tag already registered for DAG: example_complex
[2024-09-29T05:16:18.282+0000] {processor.py:766} INFO - DAG(s) dict_keys(['example_complex']) retrieved from /home/airflow/.local/lib/python3.7/site-packages/airflow/example_dags/example_complex.py
[2024-09-29T05:16:18.354+0000] {logging_mixin.py:120} INFO - [2024-09-29T05:16:18.353+0000] {dag.py:2585} INFO - Sync 1 DAGs
[2024-09-29T05:16:18.392+0000] {logging_mixin.py:120} INFO - [2024-09-29T05:16:18.392+0000] {dag.py:3340} INFO - Setting next_dagrun for example_complex to None, run_after=None
[2024-09-29T05:16:18.423+0000] {processor.py:176} INFO - Processing /home/airflow/.local/lib/python3.7/site-packages/airflow/example_dags/example_complex.py took 0.187 seconds
[2024-09-29T05:17:09.705+0000] {processor.py:154} INFO - Started process (PID=53977) to work on /home/airflow/.local/lib/python3.7/site-packages/airflow/example_dags/example_complex.py
[2024-09-29T05:17:09.711+0000] {processor.py:756} INFO - Processing file /home/airflow/.local/lib/python3.7/site-packages/airflow/example_dags/example_complex.py for tasks to queue
[2024-09-29T05:17:09.715+0000] {logging_mixin.py:120} INFO - [2024-09-29T05:17:09.714+0000] {dagbag.py:537} INFO - Filling up the DagBag from /home/airflow/.local/lib/python3.7/site-packages/airflow/example_dags/example_complex.py
[2024-09-29T05:17:09.734+0000] {logging_mixin.py:120} INFO - [2024-09-29T05:17:09.734+0000] {taskmixin.py:205} WARNING - Dependency <Task(BashOperator): create_entry_group>, delete_entry_group already registered for DAG: example_complex
[2024-09-29T05:17:09.735+0000] {logging_mixin.py:120} INFO - [2024-09-29T05:17:09.734+0000] {taskmixin.py:205} WARNING - Dependency <Task(BashOperator): delete_entry_group>, create_entry_group already registered for DAG: example_complex
[2024-09-29T05:17:09.735+0000] {logging_mixin.py:120} INFO - [2024-09-29T05:17:09.735+0000] {taskmixin.py:205} WARNING - Dependency <Task(BashOperator): create_entry_gcs>, delete_entry already registered for DAG: example_complex
[2024-09-29T05:17:09.739+0000] {logging_mixin.py:120} INFO - [2024-09-29T05:17:09.739+0000] {taskmixin.py:205} WARNING - Dependency <Task(BashOperator): delete_entry>, create_entry_gcs already registered for DAG: example_complex
[2024-09-29T05:17:09.739+0000] {logging_mixin.py:120} INFO - [2024-09-29T05:17:09.739+0000] {taskmixin.py:205} WARNING - Dependency <Task(BashOperator): create_tag>, delete_tag already registered for DAG: example_complex
[2024-09-29T05:17:09.740+0000] {logging_mixin.py:120} INFO - [2024-09-29T05:17:09.740+0000] {taskmixin.py:205} WARNING - Dependency <Task(BashOperator): delete_tag>, create_tag already registered for DAG: example_complex
[2024-09-29T05:17:09.754+0000] {processor.py:766} INFO - DAG(s) dict_keys(['example_complex']) retrieved from /home/airflow/.local/lib/python3.7/site-packages/airflow/example_dags/example_complex.py
[2024-09-29T05:17:09.830+0000] {logging_mixin.py:120} INFO - [2024-09-29T05:17:09.830+0000] {dag.py:2585} INFO - Sync 1 DAGs
[2024-09-29T05:17:09.871+0000] {logging_mixin.py:120} INFO - [2024-09-29T05:17:09.870+0000] {dag.py:3340} INFO - Setting next_dagrun for example_complex to None, run_after=None
[2024-09-29T05:17:09.895+0000] {processor.py:176} INFO - Processing /home/airflow/.local/lib/python3.7/site-packages/airflow/example_dags/example_complex.py took 0.195 seconds
[2024-09-29T05:18:05.501+0000] {processor.py:154} INFO - Started process (PID=54040) to work on /home/airflow/.local/lib/python3.7/site-packages/airflow/example_dags/example_complex.py
[2024-09-29T05:18:05.506+0000] {processor.py:756} INFO - Processing file /home/airflow/.local/lib/python3.7/site-packages/airflow/example_dags/example_complex.py for tasks to queue
[2024-09-29T05:18:05.508+0000] {logging_mixin.py:120} INFO - [2024-09-29T05:18:05.508+0000] {dagbag.py:537} INFO - Filling up the DagBag from /home/airflow/.local/lib/python3.7/site-packages/airflow/example_dags/example_complex.py
[2024-09-29T05:18:05.534+0000] {logging_mixin.py:120} INFO - [2024-09-29T05:18:05.533+0000] {taskmixin.py:205} WARNING - Dependency <Task(BashOperator): create_entry_group>, delete_entry_group already registered for DAG: example_complex
[2024-09-29T05:18:05.534+0000] {logging_mixin.py:120} INFO - [2024-09-29T05:18:05.534+0000] {taskmixin.py:205} WARNING - Dependency <Task(BashOperator): delete_entry_group>, create_entry_group already registered for DAG: example_complex
[2024-09-29T05:18:05.535+0000] {logging_mixin.py:120} INFO - [2024-09-29T05:18:05.535+0000] {taskmixin.py:205} WARNING - Dependency <Task(BashOperator): create_entry_gcs>, delete_entry already registered for DAG: example_complex
[2024-09-29T05:18:05.535+0000] {logging_mixin.py:120} INFO - [2024-09-29T05:18:05.535+0000] {taskmixin.py:205} WARNING - Dependency <Task(BashOperator): delete_entry>, create_entry_gcs already registered for DAG: example_complex
[2024-09-29T05:18:05.536+0000] {logging_mixin.py:120} INFO - [2024-09-29T05:18:05.536+0000] {taskmixin.py:205} WARNING - Dependency <Task(BashOperator): create_tag>, delete_tag already registered for DAG: example_complex
[2024-09-29T05:18:05.537+0000] {logging_mixin.py:120} INFO - [2024-09-29T05:18:05.537+0000] {taskmixin.py:205} WARNING - Dependency <Task(BashOperator): delete_tag>, create_tag already registered for DAG: example_complex
[2024-09-29T05:18:05.550+0000] {processor.py:766} INFO - DAG(s) dict_keys(['example_complex']) retrieved from /home/airflow/.local/lib/python3.7/site-packages/airflow/example_dags/example_complex.py
[2024-09-29T05:18:05.641+0000] {logging_mixin.py:120} INFO - [2024-09-29T05:18:05.640+0000] {dag.py:2585} INFO - Sync 1 DAGs
[2024-09-29T05:18:05.683+0000] {logging_mixin.py:120} INFO - [2024-09-29T05:18:05.683+0000] {dag.py:3340} INFO - Setting next_dagrun for example_complex to None, run_after=None
[2024-09-29T05:18:05.720+0000] {processor.py:176} INFO - Processing /home/airflow/.local/lib/python3.7/site-packages/airflow/example_dags/example_complex.py took 0.224 seconds
[2024-09-29T05:18:57.264+0000] {processor.py:154} INFO - Started process (PID=54103) to work on /home/airflow/.local/lib/python3.7/site-packages/airflow/example_dags/example_complex.py
[2024-09-29T05:18:57.268+0000] {processor.py:756} INFO - Processing file /home/airflow/.local/lib/python3.7/site-packages/airflow/example_dags/example_complex.py for tasks to queue
[2024-09-29T05:18:57.270+0000] {logging_mixin.py:120} INFO - [2024-09-29T05:18:57.270+0000] {dagbag.py:537} INFO - Filling up the DagBag from /home/airflow/.local/lib/python3.7/site-packages/airflow/example_dags/example_complex.py
[2024-09-29T05:18:57.292+0000] {logging_mixin.py:120} INFO - [2024-09-29T05:18:57.292+0000] {taskmixin.py:205} WARNING - Dependency <Task(BashOperator): create_entry_group>, delete_entry_group already registered for DAG: example_complex
[2024-09-29T05:18:57.292+0000] {logging_mixin.py:120} INFO - [2024-09-29T05:18:57.292+0000] {taskmixin.py:205} WARNING - Dependency <Task(BashOperator): delete_entry_group>, create_entry_group already registered for DAG: example_complex
[2024-09-29T05:18:57.293+0000] {logging_mixin.py:120} INFO - [2024-09-29T05:18:57.293+0000] {taskmixin.py:205} WARNING - Dependency <Task(BashOperator): create_entry_gcs>, delete_entry already registered for DAG: example_complex
[2024-09-29T05:18:57.294+0000] {logging_mixin.py:120} INFO - [2024-09-29T05:18:57.293+0000] {taskmixin.py:205} WARNING - Dependency <Task(BashOperator): delete_entry>, create_entry_gcs already registered for DAG: example_complex
[2024-09-29T05:18:57.294+0000] {logging_mixin.py:120} INFO - [2024-09-29T05:18:57.294+0000] {taskmixin.py:205} WARNING - Dependency <Task(BashOperator): create_tag>, delete_tag already registered for DAG: example_complex
[2024-09-29T05:18:57.295+0000] {logging_mixin.py:120} INFO - [2024-09-29T05:18:57.295+0000] {taskmixin.py:205} WARNING - Dependency <Task(BashOperator): delete_tag>, create_tag already registered for DAG: example_complex
[2024-09-29T05:18:57.310+0000] {processor.py:766} INFO - DAG(s) dict_keys(['example_complex']) retrieved from /home/airflow/.local/lib/python3.7/site-packages/airflow/example_dags/example_complex.py
[2024-09-29T05:18:57.396+0000] {logging_mixin.py:120} INFO - [2024-09-29T05:18:57.396+0000] {dag.py:2585} INFO - Sync 1 DAGs
[2024-09-29T05:18:57.437+0000] {logging_mixin.py:120} INFO - [2024-09-29T05:18:57.437+0000] {dag.py:3340} INFO - Setting next_dagrun for example_complex to None, run_after=None
[2024-09-29T05:18:57.474+0000] {processor.py:176} INFO - Processing /home/airflow/.local/lib/python3.7/site-packages/airflow/example_dags/example_complex.py took 0.216 seconds
[2024-09-29T05:19:47.690+0000] {processor.py:154} INFO - Started process (PID=54166) to work on /home/airflow/.local/lib/python3.7/site-packages/airflow/example_dags/example_complex.py
[2024-09-29T05:19:47.694+0000] {processor.py:756} INFO - Processing file /home/airflow/.local/lib/python3.7/site-packages/airflow/example_dags/example_complex.py for tasks to queue
[2024-09-29T05:19:47.695+0000] {logging_mixin.py:120} INFO - [2024-09-29T05:19:47.695+0000] {dagbag.py:537} INFO - Filling up the DagBag from /home/airflow/.local/lib/python3.7/site-packages/airflow/example_dags/example_complex.py
[2024-09-29T05:19:47.713+0000] {logging_mixin.py:120} INFO - [2024-09-29T05:19:47.713+0000] {taskmixin.py:205} WARNING - Dependency <Task(BashOperator): create_entry_group>, delete_entry_group already registered for DAG: example_complex
[2024-09-29T05:19:47.714+0000] {logging_mixin.py:120} INFO - [2024-09-29T05:19:47.714+0000] {taskmixin.py:205} WARNING - Dependency <Task(BashOperator): delete_entry_group>, create_entry_group already registered for DAG: example_complex
[2024-09-29T05:19:47.714+0000] {logging_mixin.py:120} INFO - [2024-09-29T05:19:47.714+0000] {taskmixin.py:205} WARNING - Dependency <Task(BashOperator): create_entry_gcs>, delete_entry already registered for DAG: example_complex
[2024-09-29T05:19:47.715+0000] {logging_mixin.py:120} INFO - [2024-09-29T05:19:47.715+0000] {taskmixin.py:205} WARNING - Dependency <Task(BashOperator): delete_entry>, create_entry_gcs already registered for DAG: example_complex
[2024-09-29T05:19:47.716+0000] {logging_mixin.py:120} INFO - [2024-09-29T05:19:47.716+0000] {taskmixin.py:205} WARNING - Dependency <Task(BashOperator): create_tag>, delete_tag already registered for DAG: example_complex
[2024-09-29T05:19:47.716+0000] {logging_mixin.py:120} INFO - [2024-09-29T05:19:47.716+0000] {taskmixin.py:205} WARNING - Dependency <Task(BashOperator): delete_tag>, create_tag already registered for DAG: example_complex
[2024-09-29T05:19:47.731+0000] {processor.py:766} INFO - DAG(s) dict_keys(['example_complex']) retrieved from /home/airflow/.local/lib/python3.7/site-packages/airflow/example_dags/example_complex.py
[2024-09-29T05:19:47.808+0000] {logging_mixin.py:120} INFO - [2024-09-29T05:19:47.808+0000] {dag.py:2585} INFO - Sync 1 DAGs
[2024-09-29T05:19:47.850+0000] {logging_mixin.py:120} INFO - [2024-09-29T05:19:47.850+0000] {dag.py:3340} INFO - Setting next_dagrun for example_complex to None, run_after=None
[2024-09-29T05:19:47.893+0000] {processor.py:176} INFO - Processing /home/airflow/.local/lib/python3.7/site-packages/airflow/example_dags/example_complex.py took 0.208 seconds
[2024-09-29T05:20:38.344+0000] {processor.py:154} INFO - Started process (PID=54228) to work on /home/airflow/.local/lib/python3.7/site-packages/airflow/example_dags/example_complex.py
[2024-09-29T05:20:38.349+0000] {processor.py:756} INFO - Processing file /home/airflow/.local/lib/python3.7/site-packages/airflow/example_dags/example_complex.py for tasks to queue
[2024-09-29T05:20:38.350+0000] {logging_mixin.py:120} INFO - [2024-09-29T05:20:38.350+0000] {dagbag.py:537} INFO - Filling up the DagBag from /home/airflow/.local/lib/python3.7/site-packages/airflow/example_dags/example_complex.py
[2024-09-29T05:20:38.370+0000] {logging_mixin.py:120} INFO - [2024-09-29T05:20:38.370+0000] {taskmixin.py:205} WARNING - Dependency <Task(BashOperator): create_entry_group>, delete_entry_group already registered for DAG: example_complex
[2024-09-29T05:20:38.371+0000] {logging_mixin.py:120} INFO - [2024-09-29T05:20:38.370+0000] {taskmixin.py:205} WARNING - Dependency <Task(BashOperator): delete_entry_group>, create_entry_group already registered for DAG: example_complex
[2024-09-29T05:20:38.371+0000] {logging_mixin.py:120} INFO - [2024-09-29T05:20:38.371+0000] {taskmixin.py:205} WARNING - Dependency <Task(BashOperator): create_entry_gcs>, delete_entry already registered for DAG: example_complex
[2024-09-29T05:20:38.374+0000] {logging_mixin.py:120} INFO - [2024-09-29T05:20:38.374+0000] {taskmixin.py:205} WARNING - Dependency <Task(BashOperator): delete_entry>, create_entry_gcs already registered for DAG: example_complex
[2024-09-29T05:20:38.377+0000] {logging_mixin.py:120} INFO - [2024-09-29T05:20:38.377+0000] {taskmixin.py:205} WARNING - Dependency <Task(BashOperator): create_tag>, delete_tag already registered for DAG: example_complex
[2024-09-29T05:20:38.377+0000] {logging_mixin.py:120} INFO - [2024-09-29T05:20:38.377+0000] {taskmixin.py:205} WARNING - Dependency <Task(BashOperator): delete_tag>, create_tag already registered for DAG: example_complex
[2024-09-29T05:20:38.390+0000] {processor.py:766} INFO - DAG(s) dict_keys(['example_complex']) retrieved from /home/airflow/.local/lib/python3.7/site-packages/airflow/example_dags/example_complex.py
[2024-09-29T05:20:38.462+0000] {logging_mixin.py:120} INFO - [2024-09-29T05:20:38.462+0000] {dag.py:2585} INFO - Sync 1 DAGs
[2024-09-29T05:20:38.499+0000] {logging_mixin.py:120} INFO - [2024-09-29T05:20:38.498+0000] {dag.py:3340} INFO - Setting next_dagrun for example_complex to None, run_after=None
[2024-09-29T05:20:38.525+0000] {processor.py:176} INFO - Processing /home/airflow/.local/lib/python3.7/site-packages/airflow/example_dags/example_complex.py took 0.186 seconds
[2024-09-29T05:21:34.482+0000] {processor.py:154} INFO - Started process (PID=54292) to work on /home/airflow/.local/lib/python3.7/site-packages/airflow/example_dags/example_complex.py
[2024-09-29T05:21:34.487+0000] {processor.py:756} INFO - Processing file /home/airflow/.local/lib/python3.7/site-packages/airflow/example_dags/example_complex.py for tasks to queue
[2024-09-29T05:21:34.489+0000] {logging_mixin.py:120} INFO - [2024-09-29T05:21:34.488+0000] {dagbag.py:537} INFO - Filling up the DagBag from /home/airflow/.local/lib/python3.7/site-packages/airflow/example_dags/example_complex.py
[2024-09-29T05:21:34.514+0000] {logging_mixin.py:120} INFO - [2024-09-29T05:21:34.513+0000] {taskmixin.py:205} WARNING - Dependency <Task(BashOperator): create_entry_group>, delete_entry_group already registered for DAG: example_complex
[2024-09-29T05:21:34.514+0000] {logging_mixin.py:120} INFO - [2024-09-29T05:21:34.514+0000] {taskmixin.py:205} WARNING - Dependency <Task(BashOperator): delete_entry_group>, create_entry_group already registered for DAG: example_complex
[2024-09-29T05:21:34.515+0000] {logging_mixin.py:120} INFO - [2024-09-29T05:21:34.515+0000] {taskmixin.py:205} WARNING - Dependency <Task(BashOperator): create_entry_gcs>, delete_entry already registered for DAG: example_complex
[2024-09-29T05:21:34.516+0000] {logging_mixin.py:120} INFO - [2024-09-29T05:21:34.516+0000] {taskmixin.py:205} WARNING - Dependency <Task(BashOperator): delete_entry>, create_entry_gcs already registered for DAG: example_complex
[2024-09-29T05:21:34.517+0000] {logging_mixin.py:120} INFO - [2024-09-29T05:21:34.517+0000] {taskmixin.py:205} WARNING - Dependency <Task(BashOperator): create_tag>, delete_tag already registered for DAG: example_complex
[2024-09-29T05:21:34.518+0000] {logging_mixin.py:120} INFO - [2024-09-29T05:21:34.517+0000] {taskmixin.py:205} WARNING - Dependency <Task(BashOperator): delete_tag>, create_tag already registered for DAG: example_complex
[2024-09-29T05:21:34.533+0000] {processor.py:766} INFO - DAG(s) dict_keys(['example_complex']) retrieved from /home/airflow/.local/lib/python3.7/site-packages/airflow/example_dags/example_complex.py
[2024-09-29T05:21:34.624+0000] {logging_mixin.py:120} INFO - [2024-09-29T05:21:34.624+0000] {dag.py:2585} INFO - Sync 1 DAGs
[2024-09-29T05:21:34.675+0000] {logging_mixin.py:120} INFO - [2024-09-29T05:21:34.674+0000] {dag.py:3340} INFO - Setting next_dagrun for example_complex to None, run_after=None
[2024-09-29T05:21:34.714+0000] {processor.py:176} INFO - Processing /home/airflow/.local/lib/python3.7/site-packages/airflow/example_dags/example_complex.py took 0.239 seconds
[2024-09-29T05:22:26.726+0000] {processor.py:154} INFO - Started process (PID=54355) to work on /home/airflow/.local/lib/python3.7/site-packages/airflow/example_dags/example_complex.py
[2024-09-29T05:22:26.734+0000] {processor.py:756} INFO - Processing file /home/airflow/.local/lib/python3.7/site-packages/airflow/example_dags/example_complex.py for tasks to queue
[2024-09-29T05:22:26.735+0000] {logging_mixin.py:120} INFO - [2024-09-29T05:22:26.735+0000] {dagbag.py:537} INFO - Filling up the DagBag from /home/airflow/.local/lib/python3.7/site-packages/airflow/example_dags/example_complex.py
[2024-09-29T05:22:26.759+0000] {logging_mixin.py:120} INFO - [2024-09-29T05:22:26.759+0000] {taskmixin.py:205} WARNING - Dependency <Task(BashOperator): create_entry_group>, delete_entry_group already registered for DAG: example_complex
[2024-09-29T05:22:26.761+0000] {logging_mixin.py:120} INFO - [2024-09-29T05:22:26.761+0000] {taskmixin.py:205} WARNING - Dependency <Task(BashOperator): delete_entry_group>, create_entry_group already registered for DAG: example_complex
[2024-09-29T05:22:26.762+0000] {logging_mixin.py:120} INFO - [2024-09-29T05:22:26.762+0000] {taskmixin.py:205} WARNING - Dependency <Task(BashOperator): create_entry_gcs>, delete_entry already registered for DAG: example_complex
[2024-09-29T05:22:26.763+0000] {logging_mixin.py:120} INFO - [2024-09-29T05:22:26.762+0000] {taskmixin.py:205} WARNING - Dependency <Task(BashOperator): delete_entry>, create_entry_gcs already registered for DAG: example_complex
[2024-09-29T05:22:26.764+0000] {logging_mixin.py:120} INFO - [2024-09-29T05:22:26.764+0000] {taskmixin.py:205} WARNING - Dependency <Task(BashOperator): create_tag>, delete_tag already registered for DAG: example_complex
[2024-09-29T05:22:26.765+0000] {logging_mixin.py:120} INFO - [2024-09-29T05:22:26.765+0000] {taskmixin.py:205} WARNING - Dependency <Task(BashOperator): delete_tag>, create_tag already registered for DAG: example_complex
[2024-09-29T05:22:26.778+0000] {processor.py:766} INFO - DAG(s) dict_keys(['example_complex']) retrieved from /home/airflow/.local/lib/python3.7/site-packages/airflow/example_dags/example_complex.py
[2024-09-29T05:22:26.862+0000] {logging_mixin.py:120} INFO - [2024-09-29T05:22:26.862+0000] {dag.py:2585} INFO - Sync 1 DAGs
[2024-09-29T05:22:26.901+0000] {logging_mixin.py:120} INFO - [2024-09-29T05:22:26.901+0000] {dag.py:3340} INFO - Setting next_dagrun for example_complex to None, run_after=None
[2024-09-29T05:22:26.941+0000] {processor.py:176} INFO - Processing /home/airflow/.local/lib/python3.7/site-packages/airflow/example_dags/example_complex.py took 0.220 seconds
[2024-09-29T05:23:16.083+0000] {processor.py:154} INFO - Started process (PID=54418) to work on /home/airflow/.local/lib/python3.7/site-packages/airflow/example_dags/example_complex.py
[2024-09-29T05:23:16.086+0000] {processor.py:756} INFO - Processing file /home/airflow/.local/lib/python3.7/site-packages/airflow/example_dags/example_complex.py for tasks to queue
[2024-09-29T05:23:16.087+0000] {logging_mixin.py:120} INFO - [2024-09-29T05:23:16.087+0000] {dagbag.py:537} INFO - Filling up the DagBag from /home/airflow/.local/lib/python3.7/site-packages/airflow/example_dags/example_complex.py
[2024-09-29T05:23:16.102+0000] {logging_mixin.py:120} INFO - [2024-09-29T05:23:16.102+0000] {taskmixin.py:205} WARNING - Dependency <Task(BashOperator): create_entry_group>, delete_entry_group already registered for DAG: example_complex
[2024-09-29T05:23:16.103+0000] {logging_mixin.py:120} INFO - [2024-09-29T05:23:16.103+0000] {taskmixin.py:205} WARNING - Dependency <Task(BashOperator): delete_entry_group>, create_entry_group already registered for DAG: example_complex
[2024-09-29T05:23:16.104+0000] {logging_mixin.py:120} INFO - [2024-09-29T05:23:16.103+0000] {taskmixin.py:205} WARNING - Dependency <Task(BashOperator): create_entry_gcs>, delete_entry already registered for DAG: example_complex
[2024-09-29T05:23:16.104+0000] {logging_mixin.py:120} INFO - [2024-09-29T05:23:16.104+0000] {taskmixin.py:205} WARNING - Dependency <Task(BashOperator): delete_entry>, create_entry_gcs already registered for DAG: example_complex
[2024-09-29T05:23:16.105+0000] {logging_mixin.py:120} INFO - [2024-09-29T05:23:16.105+0000] {taskmixin.py:205} WARNING - Dependency <Task(BashOperator): create_tag>, delete_tag already registered for DAG: example_complex
[2024-09-29T05:23:16.105+0000] {logging_mixin.py:120} INFO - [2024-09-29T05:23:16.105+0000] {taskmixin.py:205} WARNING - Dependency <Task(BashOperator): delete_tag>, create_tag already registered for DAG: example_complex
[2024-09-29T05:23:16.117+0000] {processor.py:766} INFO - DAG(s) dict_keys(['example_complex']) retrieved from /home/airflow/.local/lib/python3.7/site-packages/airflow/example_dags/example_complex.py
[2024-09-29T05:23:16.186+0000] {logging_mixin.py:120} INFO - [2024-09-29T05:23:16.186+0000] {dag.py:2585} INFO - Sync 1 DAGs
[2024-09-29T05:23:16.216+0000] {logging_mixin.py:120} INFO - [2024-09-29T05:23:16.216+0000] {dag.py:3340} INFO - Setting next_dagrun for example_complex to None, run_after=None
[2024-09-29T05:23:16.240+0000] {processor.py:176} INFO - Processing /home/airflow/.local/lib/python3.7/site-packages/airflow/example_dags/example_complex.py took 0.163 seconds
[2024-09-29T05:24:16.396+0000] {processor.py:154} INFO - Started process (PID=54481) to work on /home/airflow/.local/lib/python3.7/site-packages/airflow/example_dags/example_complex.py
[2024-09-29T05:24:16.403+0000] {processor.py:756} INFO - Processing file /home/airflow/.local/lib/python3.7/site-packages/airflow/example_dags/example_complex.py for tasks to queue
[2024-09-29T05:24:16.406+0000] {logging_mixin.py:120} INFO - [2024-09-29T05:24:16.406+0000] {dagbag.py:537} INFO - Filling up the DagBag from /home/airflow/.local/lib/python3.7/site-packages/airflow/example_dags/example_complex.py
[2024-09-29T05:24:16.435+0000] {logging_mixin.py:120} INFO - [2024-09-29T05:24:16.435+0000] {taskmixin.py:205} WARNING - Dependency <Task(BashOperator): create_entry_group>, delete_entry_group already registered for DAG: example_complex
[2024-09-29T05:24:16.436+0000] {logging_mixin.py:120} INFO - [2024-09-29T05:24:16.436+0000] {taskmixin.py:205} WARNING - Dependency <Task(BashOperator): delete_entry_group>, create_entry_group already registered for DAG: example_complex
[2024-09-29T05:24:16.437+0000] {logging_mixin.py:120} INFO - [2024-09-29T05:24:16.437+0000] {taskmixin.py:205} WARNING - Dependency <Task(BashOperator): create_entry_gcs>, delete_entry already registered for DAG: example_complex
[2024-09-29T05:24:16.438+0000] {logging_mixin.py:120} INFO - [2024-09-29T05:24:16.438+0000] {taskmixin.py:205} WARNING - Dependency <Task(BashOperator): delete_entry>, create_entry_gcs already registered for DAG: example_complex
[2024-09-29T05:24:16.439+0000] {logging_mixin.py:120} INFO - [2024-09-29T05:24:16.439+0000] {taskmixin.py:205} WARNING - Dependency <Task(BashOperator): create_tag>, delete_tag already registered for DAG: example_complex
[2024-09-29T05:24:16.440+0000] {logging_mixin.py:120} INFO - [2024-09-29T05:24:16.440+0000] {taskmixin.py:205} WARNING - Dependency <Task(BashOperator): delete_tag>, create_tag already registered for DAG: example_complex
[2024-09-29T05:24:16.459+0000] {processor.py:766} INFO - DAG(s) dict_keys(['example_complex']) retrieved from /home/airflow/.local/lib/python3.7/site-packages/airflow/example_dags/example_complex.py
[2024-09-29T05:24:16.581+0000] {logging_mixin.py:120} INFO - [2024-09-29T05:24:16.581+0000] {dag.py:2585} INFO - Sync 1 DAGs
[2024-09-29T05:24:16.648+0000] {logging_mixin.py:120} INFO - [2024-09-29T05:24:16.648+0000] {dag.py:3340} INFO - Setting next_dagrun for example_complex to None, run_after=None
[2024-09-29T05:24:16.699+0000] {processor.py:176} INFO - Processing /home/airflow/.local/lib/python3.7/site-packages/airflow/example_dags/example_complex.py took 0.311 seconds
[2024-09-29T05:25:09.450+0000] {processor.py:154} INFO - Started process (PID=54544) to work on /home/airflow/.local/lib/python3.7/site-packages/airflow/example_dags/example_complex.py
[2024-09-29T05:25:09.456+0000] {processor.py:756} INFO - Processing file /home/airflow/.local/lib/python3.7/site-packages/airflow/example_dags/example_complex.py for tasks to queue
[2024-09-29T05:25:09.460+0000] {logging_mixin.py:120} INFO - [2024-09-29T05:25:09.460+0000] {dagbag.py:537} INFO - Filling up the DagBag from /home/airflow/.local/lib/python3.7/site-packages/airflow/example_dags/example_complex.py
[2024-09-29T05:25:09.483+0000] {logging_mixin.py:120} INFO - [2024-09-29T05:25:09.483+0000] {taskmixin.py:205} WARNING - Dependency <Task(BashOperator): create_entry_group>, delete_entry_group already registered for DAG: example_complex
[2024-09-29T05:25:09.484+0000] {logging_mixin.py:120} INFO - [2024-09-29T05:25:09.484+0000] {taskmixin.py:205} WARNING - Dependency <Task(BashOperator): delete_entry_group>, create_entry_group already registered for DAG: example_complex
[2024-09-29T05:25:09.485+0000] {logging_mixin.py:120} INFO - [2024-09-29T05:25:09.484+0000] {taskmixin.py:205} WARNING - Dependency <Task(BashOperator): create_entry_gcs>, delete_entry already registered for DAG: example_complex
[2024-09-29T05:25:09.485+0000] {logging_mixin.py:120} INFO - [2024-09-29T05:25:09.485+0000] {taskmixin.py:205} WARNING - Dependency <Task(BashOperator): delete_entry>, create_entry_gcs already registered for DAG: example_complex
[2024-09-29T05:25:09.486+0000] {logging_mixin.py:120} INFO - [2024-09-29T05:25:09.486+0000] {taskmixin.py:205} WARNING - Dependency <Task(BashOperator): create_tag>, delete_tag already registered for DAG: example_complex
[2024-09-29T05:25:09.486+0000] {logging_mixin.py:120} INFO - [2024-09-29T05:25:09.486+0000] {taskmixin.py:205} WARNING - Dependency <Task(BashOperator): delete_tag>, create_tag already registered for DAG: example_complex
[2024-09-29T05:25:09.499+0000] {processor.py:766} INFO - DAG(s) dict_keys(['example_complex']) retrieved from /home/airflow/.local/lib/python3.7/site-packages/airflow/example_dags/example_complex.py
[2024-09-29T05:25:09.580+0000] {logging_mixin.py:120} INFO - [2024-09-29T05:25:09.579+0000] {dag.py:2585} INFO - Sync 1 DAGs
[2024-09-29T05:25:09.620+0000] {logging_mixin.py:120} INFO - [2024-09-29T05:25:09.619+0000] {dag.py:3340} INFO - Setting next_dagrun for example_complex to None, run_after=None
[2024-09-29T05:25:09.661+0000] {processor.py:176} INFO - Processing /home/airflow/.local/lib/python3.7/site-packages/airflow/example_dags/example_complex.py took 0.216 seconds
[2024-09-29T05:26:13.355+0000] {processor.py:154} INFO - Started process (PID=54608) to work on /home/airflow/.local/lib/python3.7/site-packages/airflow/example_dags/example_complex.py
[2024-09-29T05:26:13.359+0000] {processor.py:756} INFO - Processing file /home/airflow/.local/lib/python3.7/site-packages/airflow/example_dags/example_complex.py for tasks to queue
[2024-09-29T05:26:13.361+0000] {logging_mixin.py:120} INFO - [2024-09-29T05:26:13.361+0000] {dagbag.py:537} INFO - Filling up the DagBag from /home/airflow/.local/lib/python3.7/site-packages/airflow/example_dags/example_complex.py
[2024-09-29T05:26:13.384+0000] {logging_mixin.py:120} INFO - [2024-09-29T05:26:13.383+0000] {taskmixin.py:205} WARNING - Dependency <Task(BashOperator): create_entry_group>, delete_entry_group already registered for DAG: example_complex
[2024-09-29T05:26:13.386+0000] {logging_mixin.py:120} INFO - [2024-09-29T05:26:13.386+0000] {taskmixin.py:205} WARNING - Dependency <Task(BashOperator): delete_entry_group>, create_entry_group already registered for DAG: example_complex
[2024-09-29T05:26:13.389+0000] {logging_mixin.py:120} INFO - [2024-09-29T05:26:13.389+0000] {taskmixin.py:205} WARNING - Dependency <Task(BashOperator): create_entry_gcs>, delete_entry already registered for DAG: example_complex
[2024-09-29T05:26:13.389+0000] {logging_mixin.py:120} INFO - [2024-09-29T05:26:13.389+0000] {taskmixin.py:205} WARNING - Dependency <Task(BashOperator): delete_entry>, create_entry_gcs already registered for DAG: example_complex
[2024-09-29T05:26:13.390+0000] {logging_mixin.py:120} INFO - [2024-09-29T05:26:13.390+0000] {taskmixin.py:205} WARNING - Dependency <Task(BashOperator): create_tag>, delete_tag already registered for DAG: example_complex
[2024-09-29T05:26:13.390+0000] {logging_mixin.py:120} INFO - [2024-09-29T05:26:13.390+0000] {taskmixin.py:205} WARNING - Dependency <Task(BashOperator): delete_tag>, create_tag already registered for DAG: example_complex
[2024-09-29T05:26:13.405+0000] {processor.py:766} INFO - DAG(s) dict_keys(['example_complex']) retrieved from /home/airflow/.local/lib/python3.7/site-packages/airflow/example_dags/example_complex.py
[2024-09-29T05:26:13.483+0000] {logging_mixin.py:120} INFO - [2024-09-29T05:26:13.483+0000] {dag.py:2585} INFO - Sync 1 DAGs
[2024-09-29T05:26:13.518+0000] {logging_mixin.py:120} INFO - [2024-09-29T05:26:13.518+0000] {dag.py:3340} INFO - Setting next_dagrun for example_complex to None, run_after=None
[2024-09-29T05:26:13.546+0000] {processor.py:176} INFO - Processing /home/airflow/.local/lib/python3.7/site-packages/airflow/example_dags/example_complex.py took 0.195 seconds
[2024-09-29T05:27:15.427+0000] {processor.py:154} INFO - Started process (PID=54670) to work on /home/airflow/.local/lib/python3.7/site-packages/airflow/example_dags/example_complex.py
[2024-09-29T05:27:15.432+0000] {processor.py:756} INFO - Processing file /home/airflow/.local/lib/python3.7/site-packages/airflow/example_dags/example_complex.py for tasks to queue
[2024-09-29T05:27:15.435+0000] {logging_mixin.py:120} INFO - [2024-09-29T05:27:15.435+0000] {dagbag.py:537} INFO - Filling up the DagBag from /home/airflow/.local/lib/python3.7/site-packages/airflow/example_dags/example_complex.py
[2024-09-29T05:27:15.454+0000] {logging_mixin.py:120} INFO - [2024-09-29T05:27:15.454+0000] {taskmixin.py:205} WARNING - Dependency <Task(BashOperator): create_entry_group>, delete_entry_group already registered for DAG: example_complex
[2024-09-29T05:27:15.456+0000] {logging_mixin.py:120} INFO - [2024-09-29T05:27:15.455+0000] {taskmixin.py:205} WARNING - Dependency <Task(BashOperator): delete_entry_group>, create_entry_group already registered for DAG: example_complex
[2024-09-29T05:27:15.456+0000] {logging_mixin.py:120} INFO - [2024-09-29T05:27:15.456+0000] {taskmixin.py:205} WARNING - Dependency <Task(BashOperator): create_entry_gcs>, delete_entry already registered for DAG: example_complex
[2024-09-29T05:27:15.457+0000] {logging_mixin.py:120} INFO - [2024-09-29T05:27:15.457+0000] {taskmixin.py:205} WARNING - Dependency <Task(BashOperator): delete_entry>, create_entry_gcs already registered for DAG: example_complex
[2024-09-29T05:27:15.459+0000] {logging_mixin.py:120} INFO - [2024-09-29T05:27:15.459+0000] {taskmixin.py:205} WARNING - Dependency <Task(BashOperator): create_tag>, delete_tag already registered for DAG: example_complex
[2024-09-29T05:27:15.460+0000] {logging_mixin.py:120} INFO - [2024-09-29T05:27:15.460+0000] {taskmixin.py:205} WARNING - Dependency <Task(BashOperator): delete_tag>, create_tag already registered for DAG: example_complex
[2024-09-29T05:27:15.472+0000] {processor.py:766} INFO - DAG(s) dict_keys(['example_complex']) retrieved from /home/airflow/.local/lib/python3.7/site-packages/airflow/example_dags/example_complex.py
[2024-09-29T05:27:15.540+0000] {logging_mixin.py:120} INFO - [2024-09-29T05:27:15.540+0000] {dag.py:2585} INFO - Sync 1 DAGs
[2024-09-29T05:27:15.573+0000] {logging_mixin.py:120} INFO - [2024-09-29T05:27:15.573+0000] {dag.py:3340} INFO - Setting next_dagrun for example_complex to None, run_after=None
[2024-09-29T05:27:15.602+0000] {processor.py:176} INFO - Processing /home/airflow/.local/lib/python3.7/site-packages/airflow/example_dags/example_complex.py took 0.179 seconds
[2024-09-29T05:28:06.090+0000] {processor.py:154} INFO - Started process (PID=54733) to work on /home/airflow/.local/lib/python3.7/site-packages/airflow/example_dags/example_complex.py
[2024-09-29T05:28:06.094+0000] {processor.py:756} INFO - Processing file /home/airflow/.local/lib/python3.7/site-packages/airflow/example_dags/example_complex.py for tasks to queue
[2024-09-29T05:28:06.097+0000] {logging_mixin.py:120} INFO - [2024-09-29T05:28:06.096+0000] {dagbag.py:537} INFO - Filling up the DagBag from /home/airflow/.local/lib/python3.7/site-packages/airflow/example_dags/example_complex.py
[2024-09-29T05:28:06.114+0000] {logging_mixin.py:120} INFO - [2024-09-29T05:28:06.114+0000] {taskmixin.py:205} WARNING - Dependency <Task(BashOperator): create_entry_group>, delete_entry_group already registered for DAG: example_complex
[2024-09-29T05:28:06.115+0000] {logging_mixin.py:120} INFO - [2024-09-29T05:28:06.114+0000] {taskmixin.py:205} WARNING - Dependency <Task(BashOperator): delete_entry_group>, create_entry_group already registered for DAG: example_complex
[2024-09-29T05:28:06.115+0000] {logging_mixin.py:120} INFO - [2024-09-29T05:28:06.115+0000] {taskmixin.py:205} WARNING - Dependency <Task(BashOperator): create_entry_gcs>, delete_entry already registered for DAG: example_complex
[2024-09-29T05:28:06.116+0000] {logging_mixin.py:120} INFO - [2024-09-29T05:28:06.116+0000] {taskmixin.py:205} WARNING - Dependency <Task(BashOperator): delete_entry>, create_entry_gcs already registered for DAG: example_complex
[2024-09-29T05:28:06.116+0000] {logging_mixin.py:120} INFO - [2024-09-29T05:28:06.116+0000] {taskmixin.py:205} WARNING - Dependency <Task(BashOperator): create_tag>, delete_tag already registered for DAG: example_complex
[2024-09-29T05:28:06.117+0000] {logging_mixin.py:120} INFO - [2024-09-29T05:28:06.117+0000] {taskmixin.py:205} WARNING - Dependency <Task(BashOperator): delete_tag>, create_tag already registered for DAG: example_complex
[2024-09-29T05:28:06.128+0000] {processor.py:766} INFO - DAG(s) dict_keys(['example_complex']) retrieved from /home/airflow/.local/lib/python3.7/site-packages/airflow/example_dags/example_complex.py
[2024-09-29T05:28:06.194+0000] {logging_mixin.py:120} INFO - [2024-09-29T05:28:06.194+0000] {dag.py:2585} INFO - Sync 1 DAGs
[2024-09-29T05:28:06.233+0000] {logging_mixin.py:120} INFO - [2024-09-29T05:28:06.233+0000] {dag.py:3340} INFO - Setting next_dagrun for example_complex to None, run_after=None
[2024-09-29T05:28:06.263+0000] {processor.py:176} INFO - Processing /home/airflow/.local/lib/python3.7/site-packages/airflow/example_dags/example_complex.py took 0.177 seconds
[2024-09-29T05:29:12.784+0000] {processor.py:154} INFO - Started process (PID=54803) to work on /home/airflow/.local/lib/python3.7/site-packages/airflow/example_dags/example_complex.py
[2024-09-29T05:29:12.805+0000] {processor.py:756} INFO - Processing file /home/airflow/.local/lib/python3.7/site-packages/airflow/example_dags/example_complex.py for tasks to queue
[2024-09-29T05:29:12.808+0000] {logging_mixin.py:120} INFO - [2024-09-29T05:29:12.808+0000] {dagbag.py:537} INFO - Filling up the DagBag from /home/airflow/.local/lib/python3.7/site-packages/airflow/example_dags/example_complex.py
[2024-09-29T05:29:12.871+0000] {logging_mixin.py:120} INFO - [2024-09-29T05:29:12.870+0000] {taskmixin.py:205} WARNING - Dependency <Task(BashOperator): create_entry_group>, delete_entry_group already registered for DAG: example_complex
[2024-09-29T05:29:12.873+0000] {logging_mixin.py:120} INFO - [2024-09-29T05:29:12.872+0000] {taskmixin.py:205} WARNING - Dependency <Task(BashOperator): delete_entry_group>, create_entry_group already registered for DAG: example_complex
[2024-09-29T05:29:12.874+0000] {logging_mixin.py:120} INFO - [2024-09-29T05:29:12.874+0000] {taskmixin.py:205} WARNING - Dependency <Task(BashOperator): create_entry_gcs>, delete_entry already registered for DAG: example_complex
[2024-09-29T05:29:12.876+0000] {logging_mixin.py:120} INFO - [2024-09-29T05:29:12.875+0000] {taskmixin.py:205} WARNING - Dependency <Task(BashOperator): delete_entry>, create_entry_gcs already registered for DAG: example_complex
[2024-09-29T05:29:12.877+0000] {logging_mixin.py:120} INFO - [2024-09-29T05:29:12.877+0000] {taskmixin.py:205} WARNING - Dependency <Task(BashOperator): create_tag>, delete_tag already registered for DAG: example_complex
[2024-09-29T05:29:12.878+0000] {logging_mixin.py:120} INFO - [2024-09-29T05:29:12.878+0000] {taskmixin.py:205} WARNING - Dependency <Task(BashOperator): delete_tag>, create_tag already registered for DAG: example_complex
[2024-09-29T05:29:12.909+0000] {processor.py:766} INFO - DAG(s) dict_keys(['example_complex']) retrieved from /home/airflow/.local/lib/python3.7/site-packages/airflow/example_dags/example_complex.py
[2024-09-29T05:29:13.164+0000] {logging_mixin.py:120} INFO - [2024-09-29T05:29:13.163+0000] {dag.py:2585} INFO - Sync 1 DAGs
[2024-09-29T05:29:13.287+0000] {logging_mixin.py:120} INFO - [2024-09-29T05:29:13.287+0000] {dag.py:3340} INFO - Setting next_dagrun for example_complex to None, run_after=None
[2024-09-29T05:29:13.376+0000] {processor.py:176} INFO - Processing /home/airflow/.local/lib/python3.7/site-packages/airflow/example_dags/example_complex.py took 0.612 seconds
[2024-09-29T05:29:54.786+0000] {processor.py:154} INFO - Started process (PID=54859) to work on /home/airflow/.local/lib/python3.7/site-packages/airflow/example_dags/example_complex.py
[2024-09-29T05:29:54.791+0000] {processor.py:756} INFO - Processing file /home/airflow/.local/lib/python3.7/site-packages/airflow/example_dags/example_complex.py for tasks to queue
[2024-09-29T05:29:54.796+0000] {logging_mixin.py:120} INFO - [2024-09-29T05:29:54.796+0000] {dagbag.py:537} INFO - Filling up the DagBag from /home/airflow/.local/lib/python3.7/site-packages/airflow/example_dags/example_complex.py
[2024-09-29T05:29:54.816+0000] {logging_mixin.py:120} INFO - [2024-09-29T05:29:54.816+0000] {taskmixin.py:205} WARNING - Dependency <Task(BashOperator): create_entry_group>, delete_entry_group already registered for DAG: example_complex
[2024-09-29T05:29:54.817+0000] {logging_mixin.py:120} INFO - [2024-09-29T05:29:54.816+0000] {taskmixin.py:205} WARNING - Dependency <Task(BashOperator): delete_entry_group>, create_entry_group already registered for DAG: example_complex
[2024-09-29T05:29:54.818+0000] {logging_mixin.py:120} INFO - [2024-09-29T05:29:54.817+0000] {taskmixin.py:205} WARNING - Dependency <Task(BashOperator): create_entry_gcs>, delete_entry already registered for DAG: example_complex
[2024-09-29T05:29:54.818+0000] {logging_mixin.py:120} INFO - [2024-09-29T05:29:54.818+0000] {taskmixin.py:205} WARNING - Dependency <Task(BashOperator): delete_entry>, create_entry_gcs already registered for DAG: example_complex
[2024-09-29T05:29:54.819+0000] {logging_mixin.py:120} INFO - [2024-09-29T05:29:54.819+0000] {taskmixin.py:205} WARNING - Dependency <Task(BashOperator): create_tag>, delete_tag already registered for DAG: example_complex
[2024-09-29T05:29:54.820+0000] {logging_mixin.py:120} INFO - [2024-09-29T05:29:54.819+0000] {taskmixin.py:205} WARNING - Dependency <Task(BashOperator): delete_tag>, create_tag already registered for DAG: example_complex
[2024-09-29T05:29:54.834+0000] {processor.py:766} INFO - DAG(s) dict_keys(['example_complex']) retrieved from /home/airflow/.local/lib/python3.7/site-packages/airflow/example_dags/example_complex.py
[2024-09-29T05:29:54.933+0000] {logging_mixin.py:120} INFO - [2024-09-29T05:29:54.933+0000] {dag.py:2585} INFO - Sync 1 DAGs
[2024-09-29T05:29:54.981+0000] {logging_mixin.py:120} INFO - [2024-09-29T05:29:54.981+0000] {dag.py:3340} INFO - Setting next_dagrun for example_complex to None, run_after=None
[2024-09-29T05:29:55.019+0000] {processor.py:176} INFO - Processing /home/airflow/.local/lib/python3.7/site-packages/airflow/example_dags/example_complex.py took 0.238 seconds
[2024-09-29T05:31:28.803+0000] {processor.py:154} INFO - Started process (PID=54928) to work on /home/airflow/.local/lib/python3.7/site-packages/airflow/example_dags/example_complex.py
[2024-09-29T05:31:28.823+0000] {processor.py:756} INFO - Processing file /home/airflow/.local/lib/python3.7/site-packages/airflow/example_dags/example_complex.py for tasks to queue
[2024-09-29T05:31:28.828+0000] {logging_mixin.py:120} INFO - [2024-09-29T05:31:28.827+0000] {dagbag.py:537} INFO - Filling up the DagBag from /home/airflow/.local/lib/python3.7/site-packages/airflow/example_dags/example_complex.py
[2024-09-29T05:31:28.925+0000] {logging_mixin.py:120} INFO - [2024-09-29T05:31:28.925+0000] {taskmixin.py:205} WARNING - Dependency <Task(BashOperator): create_entry_group>, delete_entry_group already registered for DAG: example_complex
[2024-09-29T05:31:28.929+0000] {logging_mixin.py:120} INFO - [2024-09-29T05:31:28.928+0000] {taskmixin.py:205} WARNING - Dependency <Task(BashOperator): delete_entry_group>, create_entry_group already registered for DAG: example_complex
[2024-09-29T05:31:28.936+0000] {logging_mixin.py:120} INFO - [2024-09-29T05:31:28.935+0000] {taskmixin.py:205} WARNING - Dependency <Task(BashOperator): create_entry_gcs>, delete_entry already registered for DAG: example_complex
[2024-09-29T05:31:28.937+0000] {logging_mixin.py:120} INFO - [2024-09-29T05:31:28.937+0000] {taskmixin.py:205} WARNING - Dependency <Task(BashOperator): delete_entry>, create_entry_gcs already registered for DAG: example_complex
[2024-09-29T05:31:28.948+0000] {logging_mixin.py:120} INFO - [2024-09-29T05:31:28.944+0000] {taskmixin.py:205} WARNING - Dependency <Task(BashOperator): create_tag>, delete_tag already registered for DAG: example_complex
[2024-09-29T05:31:28.950+0000] {logging_mixin.py:120} INFO - [2024-09-29T05:31:28.950+0000] {taskmixin.py:205} WARNING - Dependency <Task(BashOperator): delete_tag>, create_tag already registered for DAG: example_complex
[2024-09-29T05:31:29.042+0000] {processor.py:766} INFO - DAG(s) dict_keys(['example_complex']) retrieved from /home/airflow/.local/lib/python3.7/site-packages/airflow/example_dags/example_complex.py
[2024-09-29T05:31:29.762+0000] {logging_mixin.py:120} INFO - [2024-09-29T05:31:29.761+0000] {dag.py:2585} INFO - Sync 1 DAGs
[2024-09-29T05:31:29.941+0000] {logging_mixin.py:120} INFO - [2024-09-29T05:31:29.941+0000] {dag.py:3340} INFO - Setting next_dagrun for example_complex to None, run_after=None
[2024-09-29T05:31:30.065+0000] {processor.py:176} INFO - Processing /home/airflow/.local/lib/python3.7/site-packages/airflow/example_dags/example_complex.py took 1.282 seconds
[2024-09-29T05:32:19.366+0000] {processor.py:154} INFO - Started process (PID=54993) to work on /home/airflow/.local/lib/python3.7/site-packages/airflow/example_dags/example_complex.py
[2024-09-29T05:32:19.373+0000] {processor.py:756} INFO - Processing file /home/airflow/.local/lib/python3.7/site-packages/airflow/example_dags/example_complex.py for tasks to queue
[2024-09-29T05:32:19.376+0000] {logging_mixin.py:120} INFO - [2024-09-29T05:32:19.375+0000] {dagbag.py:537} INFO - Filling up the DagBag from /home/airflow/.local/lib/python3.7/site-packages/airflow/example_dags/example_complex.py
[2024-09-29T05:32:19.418+0000] {logging_mixin.py:120} INFO - [2024-09-29T05:32:19.418+0000] {taskmixin.py:205} WARNING - Dependency <Task(BashOperator): create_entry_group>, delete_entry_group already registered for DAG: example_complex
[2024-09-29T05:32:19.421+0000] {logging_mixin.py:120} INFO - [2024-09-29T05:32:19.421+0000] {taskmixin.py:205} WARNING - Dependency <Task(BashOperator): delete_entry_group>, create_entry_group already registered for DAG: example_complex
[2024-09-29T05:32:19.422+0000] {logging_mixin.py:120} INFO - [2024-09-29T05:32:19.422+0000] {taskmixin.py:205} WARNING - Dependency <Task(BashOperator): create_entry_gcs>, delete_entry already registered for DAG: example_complex
[2024-09-29T05:32:19.423+0000] {logging_mixin.py:120} INFO - [2024-09-29T05:32:19.423+0000] {taskmixin.py:205} WARNING - Dependency <Task(BashOperator): delete_entry>, create_entry_gcs already registered for DAG: example_complex
[2024-09-29T05:32:19.425+0000] {logging_mixin.py:120} INFO - [2024-09-29T05:32:19.424+0000] {taskmixin.py:205} WARNING - Dependency <Task(BashOperator): create_tag>, delete_tag already registered for DAG: example_complex
[2024-09-29T05:32:19.428+0000] {logging_mixin.py:120} INFO - [2024-09-29T05:32:19.428+0000] {taskmixin.py:205} WARNING - Dependency <Task(BashOperator): delete_tag>, create_tag already registered for DAG: example_complex
[2024-09-29T05:32:19.456+0000] {processor.py:766} INFO - DAG(s) dict_keys(['example_complex']) retrieved from /home/airflow/.local/lib/python3.7/site-packages/airflow/example_dags/example_complex.py
[2024-09-29T05:32:19.610+0000] {logging_mixin.py:120} INFO - [2024-09-29T05:32:19.610+0000] {dag.py:2585} INFO - Sync 1 DAGs
[2024-09-29T05:32:19.691+0000] {logging_mixin.py:120} INFO - [2024-09-29T05:32:19.691+0000] {dag.py:3340} INFO - Setting next_dagrun for example_complex to None, run_after=None
[2024-09-29T05:32:19.751+0000] {processor.py:176} INFO - Processing /home/airflow/.local/lib/python3.7/site-packages/airflow/example_dags/example_complex.py took 0.396 seconds
[2024-09-29T05:33:18.265+0000] {processor.py:154} INFO - Started process (PID=55056) to work on /home/airflow/.local/lib/python3.7/site-packages/airflow/example_dags/example_complex.py
[2024-09-29T05:33:18.277+0000] {processor.py:756} INFO - Processing file /home/airflow/.local/lib/python3.7/site-packages/airflow/example_dags/example_complex.py for tasks to queue
[2024-09-29T05:33:18.279+0000] {logging_mixin.py:120} INFO - [2024-09-29T05:33:18.279+0000] {dagbag.py:537} INFO - Filling up the DagBag from /home/airflow/.local/lib/python3.7/site-packages/airflow/example_dags/example_complex.py
[2024-09-29T05:33:18.343+0000] {logging_mixin.py:120} INFO - [2024-09-29T05:33:18.342+0000] {taskmixin.py:205} WARNING - Dependency <Task(BashOperator): create_entry_group>, delete_entry_group already registered for DAG: example_complex
[2024-09-29T05:33:18.345+0000] {logging_mixin.py:120} INFO - [2024-09-29T05:33:18.345+0000] {taskmixin.py:205} WARNING - Dependency <Task(BashOperator): delete_entry_group>, create_entry_group already registered for DAG: example_complex
[2024-09-29T05:33:18.347+0000] {logging_mixin.py:120} INFO - [2024-09-29T05:33:18.347+0000] {taskmixin.py:205} WARNING - Dependency <Task(BashOperator): create_entry_gcs>, delete_entry already registered for DAG: example_complex
[2024-09-29T05:33:18.349+0000] {logging_mixin.py:120} INFO - [2024-09-29T05:33:18.348+0000] {taskmixin.py:205} WARNING - Dependency <Task(BashOperator): delete_entry>, create_entry_gcs already registered for DAG: example_complex
[2024-09-29T05:33:18.351+0000] {logging_mixin.py:120} INFO - [2024-09-29T05:33:18.351+0000] {taskmixin.py:205} WARNING - Dependency <Task(BashOperator): create_tag>, delete_tag already registered for DAG: example_complex
[2024-09-29T05:33:18.352+0000] {logging_mixin.py:120} INFO - [2024-09-29T05:33:18.352+0000] {taskmixin.py:205} WARNING - Dependency <Task(BashOperator): delete_tag>, create_tag already registered for DAG: example_complex
[2024-09-29T05:33:18.388+0000] {processor.py:766} INFO - DAG(s) dict_keys(['example_complex']) retrieved from /home/airflow/.local/lib/python3.7/site-packages/airflow/example_dags/example_complex.py
[2024-09-29T05:33:18.742+0000] {logging_mixin.py:120} INFO - [2024-09-29T05:33:18.741+0000] {dag.py:2585} INFO - Sync 1 DAGs
[2024-09-29T05:33:18.846+0000] {logging_mixin.py:120} INFO - [2024-09-29T05:33:18.845+0000] {dag.py:3340} INFO - Setting next_dagrun for example_complex to None, run_after=None
[2024-09-29T05:33:18.921+0000] {processor.py:176} INFO - Processing /home/airflow/.local/lib/python3.7/site-packages/airflow/example_dags/example_complex.py took 0.667 seconds
[2024-09-29T05:34:41.233+0000] {processor.py:154} INFO - Started process (PID=55111) to work on /home/airflow/.local/lib/python3.7/site-packages/airflow/example_dags/example_complex.py
[2024-09-29T05:34:41.244+0000] {processor.py:756} INFO - Processing file /home/airflow/.local/lib/python3.7/site-packages/airflow/example_dags/example_complex.py for tasks to queue
[2024-09-29T05:34:41.247+0000] {logging_mixin.py:120} INFO - [2024-09-29T05:34:41.246+0000] {dagbag.py:537} INFO - Filling up the DagBag from /home/airflow/.local/lib/python3.7/site-packages/airflow/example_dags/example_complex.py
[2024-09-29T05:34:41.306+0000] {logging_mixin.py:120} INFO - [2024-09-29T05:34:41.306+0000] {taskmixin.py:205} WARNING - Dependency <Task(BashOperator): create_entry_group>, delete_entry_group already registered for DAG: example_complex
[2024-09-29T05:34:41.307+0000] {logging_mixin.py:120} INFO - [2024-09-29T05:34:41.307+0000] {taskmixin.py:205} WARNING - Dependency <Task(BashOperator): delete_entry_group>, create_entry_group already registered for DAG: example_complex
[2024-09-29T05:34:41.310+0000] {logging_mixin.py:120} INFO - [2024-09-29T05:34:41.309+0000] {taskmixin.py:205} WARNING - Dependency <Task(BashOperator): create_entry_gcs>, delete_entry already registered for DAG: example_complex
[2024-09-29T05:34:41.311+0000] {logging_mixin.py:120} INFO - [2024-09-29T05:34:41.310+0000] {taskmixin.py:205} WARNING - Dependency <Task(BashOperator): delete_entry>, create_entry_gcs already registered for DAG: example_complex
[2024-09-29T05:34:41.313+0000] {logging_mixin.py:120} INFO - [2024-09-29T05:34:41.313+0000] {taskmixin.py:205} WARNING - Dependency <Task(BashOperator): create_tag>, delete_tag already registered for DAG: example_complex
[2024-09-29T05:34:41.315+0000] {logging_mixin.py:120} INFO - [2024-09-29T05:34:41.314+0000] {taskmixin.py:205} WARNING - Dependency <Task(BashOperator): delete_tag>, create_tag already registered for DAG: example_complex
[2024-09-29T05:34:41.349+0000] {processor.py:766} INFO - DAG(s) dict_keys(['example_complex']) retrieved from /home/airflow/.local/lib/python3.7/site-packages/airflow/example_dags/example_complex.py
[2024-09-29T05:34:41.566+0000] {logging_mixin.py:120} INFO - [2024-09-29T05:34:41.565+0000] {dag.py:2585} INFO - Sync 1 DAGs
[2024-09-29T05:34:41.704+0000] {logging_mixin.py:120} INFO - [2024-09-29T05:34:41.704+0000] {dag.py:3340} INFO - Setting next_dagrun for example_complex to None, run_after=None
[2024-09-29T05:34:41.785+0000] {processor.py:176} INFO - Processing /home/airflow/.local/lib/python3.7/site-packages/airflow/example_dags/example_complex.py took 0.569 seconds
[2024-09-29T05:36:12.140+0000] {processor.py:154} INFO - Started process (PID=55198) to work on /home/airflow/.local/lib/python3.7/site-packages/airflow/example_dags/example_complex.py
[2024-09-29T05:36:12.160+0000] {processor.py:756} INFO - Processing file /home/airflow/.local/lib/python3.7/site-packages/airflow/example_dags/example_complex.py for tasks to queue
[2024-09-29T05:36:12.168+0000] {logging_mixin.py:120} INFO - [2024-09-29T05:36:12.168+0000] {dagbag.py:537} INFO - Filling up the DagBag from /home/airflow/.local/lib/python3.7/site-packages/airflow/example_dags/example_complex.py
[2024-09-29T05:36:25.482+0000] {logging_mixin.py:120} INFO - [2024-09-29T05:36:25.482+0000] {taskmixin.py:205} WARNING - Dependency <Task(BashOperator): create_entry_group>, delete_entry_group already registered for DAG: example_complex
[2024-09-29T05:36:25.485+0000] {logging_mixin.py:120} INFO - [2024-09-29T05:36:25.485+0000] {taskmixin.py:205} WARNING - Dependency <Task(BashOperator): delete_entry_group>, create_entry_group already registered for DAG: example_complex
[2024-09-29T05:36:25.488+0000] {logging_mixin.py:120} INFO - [2024-09-29T05:36:25.488+0000] {taskmixin.py:205} WARNING - Dependency <Task(BashOperator): create_entry_gcs>, delete_entry already registered for DAG: example_complex
[2024-09-29T05:36:25.489+0000] {logging_mixin.py:120} INFO - [2024-09-29T05:36:25.489+0000] {taskmixin.py:205} WARNING - Dependency <Task(BashOperator): delete_entry>, create_entry_gcs already registered for DAG: example_complex
[2024-09-29T05:36:25.491+0000] {logging_mixin.py:120} INFO - [2024-09-29T05:36:25.490+0000] {taskmixin.py:205} WARNING - Dependency <Task(BashOperator): create_tag>, delete_tag already registered for DAG: example_complex
[2024-09-29T05:36:25.495+0000] {logging_mixin.py:120} INFO - [2024-09-29T05:36:25.494+0000] {taskmixin.py:205} WARNING - Dependency <Task(BashOperator): delete_tag>, create_tag already registered for DAG: example_complex
[2024-09-29T05:36:25.533+0000] {processor.py:766} INFO - DAG(s) dict_keys(['example_complex']) retrieved from /home/airflow/.local/lib/python3.7/site-packages/airflow/example_dags/example_complex.py
[2024-09-29T05:36:25.764+0000] {logging_mixin.py:120} INFO - [2024-09-29T05:36:25.763+0000] {dag.py:2585} INFO - Sync 1 DAGs
[2024-09-29T05:36:25.889+0000] {logging_mixin.py:120} INFO - [2024-09-29T05:36:25.888+0000] {dag.py:3340} INFO - Setting next_dagrun for example_complex to None, run_after=None
[2024-09-29T05:36:25.977+0000] {processor.py:176} INFO - Processing /home/airflow/.local/lib/python3.7/site-packages/airflow/example_dags/example_complex.py took 0.622 seconds
[2024-09-29T05:38:08.967+0000] {processor.py:154} INFO - Started process (PID=55286) to work on /home/airflow/.local/lib/python3.7/site-packages/airflow/example_dags/example_complex.py
[2024-09-29T05:38:08.975+0000] {processor.py:756} INFO - Processing file /home/airflow/.local/lib/python3.7/site-packages/airflow/example_dags/example_complex.py for tasks to queue
[2024-09-29T05:38:08.977+0000] {logging_mixin.py:120} INFO - [2024-09-29T05:38:08.976+0000] {dagbag.py:537} INFO - Filling up the DagBag from /home/airflow/.local/lib/python3.7/site-packages/airflow/example_dags/example_complex.py
[2024-09-29T05:38:09.016+0000] {logging_mixin.py:120} INFO - [2024-09-29T05:38:09.015+0000] {taskmixin.py:205} WARNING - Dependency <Task(BashOperator): create_entry_group>, delete_entry_group already registered for DAG: example_complex
[2024-09-29T05:38:09.017+0000] {logging_mixin.py:120} INFO - [2024-09-29T05:38:09.016+0000] {taskmixin.py:205} WARNING - Dependency <Task(BashOperator): delete_entry_group>, create_entry_group already registered for DAG: example_complex
[2024-09-29T05:38:09.018+0000] {logging_mixin.py:120} INFO - [2024-09-29T05:38:09.018+0000] {taskmixin.py:205} WARNING - Dependency <Task(BashOperator): create_entry_gcs>, delete_entry already registered for DAG: example_complex
[2024-09-29T05:38:09.019+0000] {logging_mixin.py:120} INFO - [2024-09-29T05:38:09.019+0000] {taskmixin.py:205} WARNING - Dependency <Task(BashOperator): delete_entry>, create_entry_gcs already registered for DAG: example_complex
[2024-09-29T05:38:09.021+0000] {logging_mixin.py:120} INFO - [2024-09-29T05:38:09.020+0000] {taskmixin.py:205} WARNING - Dependency <Task(BashOperator): create_tag>, delete_tag already registered for DAG: example_complex
[2024-09-29T05:38:09.021+0000] {logging_mixin.py:120} INFO - [2024-09-29T05:38:09.021+0000] {taskmixin.py:205} WARNING - Dependency <Task(BashOperator): delete_tag>, create_tag already registered for DAG: example_complex
[2024-09-29T05:38:09.044+0000] {processor.py:766} INFO - DAG(s) dict_keys(['example_complex']) retrieved from /home/airflow/.local/lib/python3.7/site-packages/airflow/example_dags/example_complex.py
[2024-09-29T05:38:09.192+0000] {logging_mixin.py:120} INFO - [2024-09-29T05:38:09.191+0000] {dag.py:2585} INFO - Sync 1 DAGs
[2024-09-29T05:38:09.266+0000] {logging_mixin.py:120} INFO - [2024-09-29T05:38:09.265+0000] {dag.py:3340} INFO - Setting next_dagrun for example_complex to None, run_after=None
[2024-09-29T05:38:09.319+0000] {processor.py:176} INFO - Processing /home/airflow/.local/lib/python3.7/site-packages/airflow/example_dags/example_complex.py took 0.362 seconds
[2024-09-29T05:40:02.611+0000] {processor.py:154} INFO - Started process (PID=55370) to work on /home/airflow/.local/lib/python3.7/site-packages/airflow/example_dags/example_complex.py
[2024-09-29T05:40:02.622+0000] {processor.py:756} INFO - Processing file /home/airflow/.local/lib/python3.7/site-packages/airflow/example_dags/example_complex.py for tasks to queue
[2024-09-29T05:40:02.625+0000] {logging_mixin.py:120} INFO - [2024-09-29T05:40:02.624+0000] {dagbag.py:537} INFO - Filling up the DagBag from /home/airflow/.local/lib/python3.7/site-packages/airflow/example_dags/example_complex.py
[2024-09-29T05:40:02.683+0000] {logging_mixin.py:120} INFO - [2024-09-29T05:40:02.682+0000] {taskmixin.py:205} WARNING - Dependency <Task(BashOperator): create_entry_group>, delete_entry_group already registered for DAG: example_complex
[2024-09-29T05:40:02.685+0000] {logging_mixin.py:120} INFO - [2024-09-29T05:40:02.685+0000] {taskmixin.py:205} WARNING - Dependency <Task(BashOperator): delete_entry_group>, create_entry_group already registered for DAG: example_complex
[2024-09-29T05:40:02.687+0000] {logging_mixin.py:120} INFO - [2024-09-29T05:40:02.687+0000] {taskmixin.py:205} WARNING - Dependency <Task(BashOperator): create_entry_gcs>, delete_entry already registered for DAG: example_complex
[2024-09-29T05:40:02.692+0000] {logging_mixin.py:120} INFO - [2024-09-29T05:40:02.691+0000] {taskmixin.py:205} WARNING - Dependency <Task(BashOperator): delete_entry>, create_entry_gcs already registered for DAG: example_complex
[2024-09-29T05:40:02.694+0000] {logging_mixin.py:120} INFO - [2024-09-29T05:40:02.694+0000] {taskmixin.py:205} WARNING - Dependency <Task(BashOperator): create_tag>, delete_tag already registered for DAG: example_complex
[2024-09-29T05:40:02.697+0000] {logging_mixin.py:120} INFO - [2024-09-29T05:40:02.697+0000] {taskmixin.py:205} WARNING - Dependency <Task(BashOperator): delete_tag>, create_tag already registered for DAG: example_complex
[2024-09-29T05:40:02.731+0000] {processor.py:766} INFO - DAG(s) dict_keys(['example_complex']) retrieved from /home/airflow/.local/lib/python3.7/site-packages/airflow/example_dags/example_complex.py
[2024-09-29T05:40:02.914+0000] {logging_mixin.py:120} INFO - [2024-09-29T05:40:02.914+0000] {dag.py:2585} INFO - Sync 1 DAGs
[2024-09-29T05:40:03.003+0000] {logging_mixin.py:120} INFO - [2024-09-29T05:40:03.003+0000] {dag.py:3340} INFO - Setting next_dagrun for example_complex to None, run_after=None
[2024-09-29T05:40:03.064+0000] {processor.py:176} INFO - Processing /home/airflow/.local/lib/python3.7/site-packages/airflow/example_dags/example_complex.py took 0.470 seconds
[2024-09-29T05:40:46.090+0000] {processor.py:154} INFO - Started process (PID=55424) to work on /home/airflow/.local/lib/python3.7/site-packages/airflow/example_dags/example_complex.py
[2024-09-29T05:40:46.097+0000] {processor.py:756} INFO - Processing file /home/airflow/.local/lib/python3.7/site-packages/airflow/example_dags/example_complex.py for tasks to queue
[2024-09-29T05:40:46.099+0000] {logging_mixin.py:120} INFO - [2024-09-29T05:40:46.099+0000] {dagbag.py:537} INFO - Filling up the DagBag from /home/airflow/.local/lib/python3.7/site-packages/airflow/example_dags/example_complex.py
[2024-09-29T05:40:46.140+0000] {logging_mixin.py:120} INFO - [2024-09-29T05:40:46.139+0000] {taskmixin.py:205} WARNING - Dependency <Task(BashOperator): create_entry_group>, delete_entry_group already registered for DAG: example_complex
[2024-09-29T05:40:46.144+0000] {logging_mixin.py:120} INFO - [2024-09-29T05:40:46.143+0000] {taskmixin.py:205} WARNING - Dependency <Task(BashOperator): delete_entry_group>, create_entry_group already registered for DAG: example_complex
[2024-09-29T05:40:46.145+0000] {logging_mixin.py:120} INFO - [2024-09-29T05:40:46.145+0000] {taskmixin.py:205} WARNING - Dependency <Task(BashOperator): create_entry_gcs>, delete_entry already registered for DAG: example_complex
[2024-09-29T05:40:46.146+0000] {logging_mixin.py:120} INFO - [2024-09-29T05:40:46.145+0000] {taskmixin.py:205} WARNING - Dependency <Task(BashOperator): delete_entry>, create_entry_gcs already registered for DAG: example_complex
[2024-09-29T05:40:46.147+0000] {logging_mixin.py:120} INFO - [2024-09-29T05:40:46.147+0000] {taskmixin.py:205} WARNING - Dependency <Task(BashOperator): create_tag>, delete_tag already registered for DAG: example_complex
[2024-09-29T05:40:46.148+0000] {logging_mixin.py:120} INFO - [2024-09-29T05:40:46.148+0000] {taskmixin.py:205} WARNING - Dependency <Task(BashOperator): delete_tag>, create_tag already registered for DAG: example_complex
[2024-09-29T05:40:46.182+0000] {processor.py:766} INFO - DAG(s) dict_keys(['example_complex']) retrieved from /home/airflow/.local/lib/python3.7/site-packages/airflow/example_dags/example_complex.py
[2024-09-29T05:40:46.342+0000] {logging_mixin.py:120} INFO - [2024-09-29T05:40:46.341+0000] {dag.py:2585} INFO - Sync 1 DAGs
[2024-09-29T05:40:46.442+0000] {logging_mixin.py:120} INFO - [2024-09-29T05:40:46.442+0000] {dag.py:3340} INFO - Setting next_dagrun for example_complex to None, run_after=None
[2024-09-29T05:40:46.512+0000] {processor.py:176} INFO - Processing /home/airflow/.local/lib/python3.7/site-packages/airflow/example_dags/example_complex.py took 0.432 seconds
[2024-09-29T05:42:35.274+0000] {processor.py:154} INFO - Started process (PID=55514) to work on /home/airflow/.local/lib/python3.7/site-packages/airflow/example_dags/example_complex.py
[2024-09-29T05:42:35.285+0000] {processor.py:756} INFO - Processing file /home/airflow/.local/lib/python3.7/site-packages/airflow/example_dags/example_complex.py for tasks to queue
[2024-09-29T05:42:35.288+0000] {logging_mixin.py:120} INFO - [2024-09-29T05:42:35.288+0000] {dagbag.py:537} INFO - Filling up the DagBag from /home/airflow/.local/lib/python3.7/site-packages/airflow/example_dags/example_complex.py
[2024-09-29T05:42:35.341+0000] {logging_mixin.py:120} INFO - [2024-09-29T05:42:35.340+0000] {taskmixin.py:205} WARNING - Dependency <Task(BashOperator): create_entry_group>, delete_entry_group already registered for DAG: example_complex
[2024-09-29T05:42:35.342+0000] {logging_mixin.py:120} INFO - [2024-09-29T05:42:35.342+0000] {taskmixin.py:205} WARNING - Dependency <Task(BashOperator): delete_entry_group>, create_entry_group already registered for DAG: example_complex
[2024-09-29T05:42:35.344+0000] {logging_mixin.py:120} INFO - [2024-09-29T05:42:35.343+0000] {taskmixin.py:205} WARNING - Dependency <Task(BashOperator): create_entry_gcs>, delete_entry already registered for DAG: example_complex
[2024-09-29T05:42:35.345+0000] {logging_mixin.py:120} INFO - [2024-09-29T05:42:35.344+0000] {taskmixin.py:205} WARNING - Dependency <Task(BashOperator): delete_entry>, create_entry_gcs already registered for DAG: example_complex
[2024-09-29T05:42:35.347+0000] {logging_mixin.py:120} INFO - [2024-09-29T05:42:35.347+0000] {taskmixin.py:205} WARNING - Dependency <Task(BashOperator): create_tag>, delete_tag already registered for DAG: example_complex
[2024-09-29T05:42:35.348+0000] {logging_mixin.py:120} INFO - [2024-09-29T05:42:35.348+0000] {taskmixin.py:205} WARNING - Dependency <Task(BashOperator): delete_tag>, create_tag already registered for DAG: example_complex
[2024-09-29T05:42:35.383+0000] {processor.py:766} INFO - DAG(s) dict_keys(['example_complex']) retrieved from /home/airflow/.local/lib/python3.7/site-packages/airflow/example_dags/example_complex.py
[2024-09-29T05:42:35.665+0000] {logging_mixin.py:120} INFO - [2024-09-29T05:42:35.664+0000] {dag.py:2585} INFO - Sync 1 DAGs
[2024-09-29T05:42:35.785+0000] {logging_mixin.py:120} INFO - [2024-09-29T05:42:35.785+0000] {dag.py:3340} INFO - Setting next_dagrun for example_complex to None, run_after=None
[2024-09-29T05:42:35.896+0000] {processor.py:176} INFO - Processing /home/airflow/.local/lib/python3.7/site-packages/airflow/example_dags/example_complex.py took 0.638 seconds
[2024-09-29T05:43:33.493+0000] {processor.py:154} INFO - Started process (PID=55581) to work on /home/airflow/.local/lib/python3.7/site-packages/airflow/example_dags/example_complex.py
[2024-09-29T05:43:33.510+0000] {processor.py:756} INFO - Processing file /home/airflow/.local/lib/python3.7/site-packages/airflow/example_dags/example_complex.py for tasks to queue
[2024-09-29T05:43:33.543+0000] {logging_mixin.py:120} INFO - [2024-09-29T05:43:33.542+0000] {dagbag.py:537} INFO - Filling up the DagBag from /home/airflow/.local/lib/python3.7/site-packages/airflow/example_dags/example_complex.py
[2024-09-29T05:43:33.605+0000] {logging_mixin.py:120} INFO - [2024-09-29T05:43:33.605+0000] {taskmixin.py:205} WARNING - Dependency <Task(BashOperator): create_entry_group>, delete_entry_group already registered for DAG: example_complex
[2024-09-29T05:43:33.606+0000] {logging_mixin.py:120} INFO - [2024-09-29T05:43:33.606+0000] {taskmixin.py:205} WARNING - Dependency <Task(BashOperator): delete_entry_group>, create_entry_group already registered for DAG: example_complex
[2024-09-29T05:43:33.609+0000] {logging_mixin.py:120} INFO - [2024-09-29T05:43:33.608+0000] {taskmixin.py:205} WARNING - Dependency <Task(BashOperator): create_entry_gcs>, delete_entry already registered for DAG: example_complex
[2024-09-29T05:43:33.610+0000] {logging_mixin.py:120} INFO - [2024-09-29T05:43:33.610+0000] {taskmixin.py:205} WARNING - Dependency <Task(BashOperator): delete_entry>, create_entry_gcs already registered for DAG: example_complex
[2024-09-29T05:43:33.613+0000] {logging_mixin.py:120} INFO - [2024-09-29T05:43:33.613+0000] {taskmixin.py:205} WARNING - Dependency <Task(BashOperator): create_tag>, delete_tag already registered for DAG: example_complex
[2024-09-29T05:43:33.614+0000] {logging_mixin.py:120} INFO - [2024-09-29T05:43:33.614+0000] {taskmixin.py:205} WARNING - Dependency <Task(BashOperator): delete_tag>, create_tag already registered for DAG: example_complex
[2024-09-29T05:43:33.661+0000] {processor.py:766} INFO - DAG(s) dict_keys(['example_complex']) retrieved from /home/airflow/.local/lib/python3.7/site-packages/airflow/example_dags/example_complex.py
[2024-09-29T05:43:33.945+0000] {logging_mixin.py:120} INFO - [2024-09-29T05:43:33.944+0000] {dag.py:2585} INFO - Sync 1 DAGs
[2024-09-29T05:43:34.087+0000] {logging_mixin.py:120} INFO - [2024-09-29T05:43:34.086+0000] {dag.py:3340} INFO - Setting next_dagrun for example_complex to None, run_after=None
[2024-09-29T05:43:34.173+0000] {processor.py:176} INFO - Processing /home/airflow/.local/lib/python3.7/site-packages/airflow/example_dags/example_complex.py took 0.691 seconds
[2024-09-29T05:45:02.878+0000] {processor.py:154} INFO - Started process (PID=55648) to work on /home/airflow/.local/lib/python3.7/site-packages/airflow/example_dags/example_complex.py
[2024-09-29T05:45:02.888+0000] {processor.py:756} INFO - Processing file /home/airflow/.local/lib/python3.7/site-packages/airflow/example_dags/example_complex.py for tasks to queue
[2024-09-29T05:45:02.892+0000] {logging_mixin.py:120} INFO - [2024-09-29T05:45:02.892+0000] {dagbag.py:537} INFO - Filling up the DagBag from /home/airflow/.local/lib/python3.7/site-packages/airflow/example_dags/example_complex.py
[2024-09-29T05:45:02.936+0000] {logging_mixin.py:120} INFO - [2024-09-29T05:45:02.936+0000] {taskmixin.py:205} WARNING - Dependency <Task(BashOperator): create_entry_group>, delete_entry_group already registered for DAG: example_complex
[2024-09-29T05:45:02.938+0000] {logging_mixin.py:120} INFO - [2024-09-29T05:45:02.937+0000] {taskmixin.py:205} WARNING - Dependency <Task(BashOperator): delete_entry_group>, create_entry_group already registered for DAG: example_complex
[2024-09-29T05:45:02.940+0000] {logging_mixin.py:120} INFO - [2024-09-29T05:45:02.939+0000] {taskmixin.py:205} WARNING - Dependency <Task(BashOperator): create_entry_gcs>, delete_entry already registered for DAG: example_complex
[2024-09-29T05:45:02.944+0000] {logging_mixin.py:120} INFO - [2024-09-29T05:45:02.943+0000] {taskmixin.py:205} WARNING - Dependency <Task(BashOperator): delete_entry>, create_entry_gcs already registered for DAG: example_complex
[2024-09-29T05:45:02.945+0000] {logging_mixin.py:120} INFO - [2024-09-29T05:45:02.945+0000] {taskmixin.py:205} WARNING - Dependency <Task(BashOperator): create_tag>, delete_tag already registered for DAG: example_complex
[2024-09-29T05:45:02.946+0000] {logging_mixin.py:120} INFO - [2024-09-29T05:45:02.946+0000] {taskmixin.py:205} WARNING - Dependency <Task(BashOperator): delete_tag>, create_tag already registered for DAG: example_complex
[2024-09-29T05:45:02.974+0000] {processor.py:766} INFO - DAG(s) dict_keys(['example_complex']) retrieved from /home/airflow/.local/lib/python3.7/site-packages/airflow/example_dags/example_complex.py
[2024-09-29T05:45:03.141+0000] {logging_mixin.py:120} INFO - [2024-09-29T05:45:03.141+0000] {dag.py:2585} INFO - Sync 1 DAGs
[2024-09-29T05:45:03.234+0000] {logging_mixin.py:120} INFO - [2024-09-29T05:45:03.233+0000] {dag.py:3340} INFO - Setting next_dagrun for example_complex to None, run_after=None
[2024-09-29T05:45:03.299+0000] {processor.py:176} INFO - Processing /home/airflow/.local/lib/python3.7/site-packages/airflow/example_dags/example_complex.py took 0.433 seconds
[2024-09-29T05:46:07.734+0000] {processor.py:154} INFO - Started process (PID=55718) to work on /home/airflow/.local/lib/python3.7/site-packages/airflow/example_dags/example_complex.py
[2024-09-29T05:46:07.746+0000] {processor.py:756} INFO - Processing file /home/airflow/.local/lib/python3.7/site-packages/airflow/example_dags/example_complex.py for tasks to queue
[2024-09-29T05:46:07.754+0000] {logging_mixin.py:120} INFO - [2024-09-29T05:46:07.753+0000] {dagbag.py:537} INFO - Filling up the DagBag from /home/airflow/.local/lib/python3.7/site-packages/airflow/example_dags/example_complex.py
[2024-09-29T05:46:07.816+0000] {logging_mixin.py:120} INFO - [2024-09-29T05:46:07.815+0000] {taskmixin.py:205} WARNING - Dependency <Task(BashOperator): create_entry_group>, delete_entry_group already registered for DAG: example_complex
[2024-09-29T05:46:07.817+0000] {logging_mixin.py:120} INFO - [2024-09-29T05:46:07.817+0000] {taskmixin.py:205} WARNING - Dependency <Task(BashOperator): delete_entry_group>, create_entry_group already registered for DAG: example_complex
[2024-09-29T05:46:07.821+0000] {logging_mixin.py:120} INFO - [2024-09-29T05:46:07.820+0000] {taskmixin.py:205} WARNING - Dependency <Task(BashOperator): create_entry_gcs>, delete_entry already registered for DAG: example_complex
[2024-09-29T05:46:07.822+0000] {logging_mixin.py:120} INFO - [2024-09-29T05:46:07.821+0000] {taskmixin.py:205} WARNING - Dependency <Task(BashOperator): delete_entry>, create_entry_gcs already registered for DAG: example_complex
[2024-09-29T05:46:07.823+0000] {logging_mixin.py:120} INFO - [2024-09-29T05:46:07.823+0000] {taskmixin.py:205} WARNING - Dependency <Task(BashOperator): create_tag>, delete_tag already registered for DAG: example_complex
[2024-09-29T05:46:07.828+0000] {logging_mixin.py:120} INFO - [2024-09-29T05:46:07.828+0000] {taskmixin.py:205} WARNING - Dependency <Task(BashOperator): delete_tag>, create_tag already registered for DAG: example_complex
[2024-09-29T05:46:07.867+0000] {processor.py:766} INFO - DAG(s) dict_keys(['example_complex']) retrieved from /home/airflow/.local/lib/python3.7/site-packages/airflow/example_dags/example_complex.py
[2024-09-29T05:46:08.033+0000] {logging_mixin.py:120} INFO - [2024-09-29T05:46:08.032+0000] {dag.py:2585} INFO - Sync 1 DAGs
[2024-09-29T05:46:08.121+0000] {logging_mixin.py:120} INFO - [2024-09-29T05:46:08.120+0000] {dag.py:3340} INFO - Setting next_dagrun for example_complex to None, run_after=None
[2024-09-29T05:46:08.188+0000] {processor.py:176} INFO - Processing /home/airflow/.local/lib/python3.7/site-packages/airflow/example_dags/example_complex.py took 0.469 seconds
[2024-09-29T05:47:34.219+0000] {processor.py:154} INFO - Started process (PID=55786) to work on /home/airflow/.local/lib/python3.7/site-packages/airflow/example_dags/example_complex.py
[2024-09-29T05:47:34.228+0000] {processor.py:756} INFO - Processing file /home/airflow/.local/lib/python3.7/site-packages/airflow/example_dags/example_complex.py for tasks to queue
[2024-09-29T05:47:34.232+0000] {logging_mixin.py:120} INFO - [2024-09-29T05:47:34.231+0000] {dagbag.py:537} INFO - Filling up the DagBag from /home/airflow/.local/lib/python3.7/site-packages/airflow/example_dags/example_complex.py
[2024-09-29T05:47:34.274+0000] {logging_mixin.py:120} INFO - [2024-09-29T05:47:34.274+0000] {taskmixin.py:205} WARNING - Dependency <Task(BashOperator): create_entry_group>, delete_entry_group already registered for DAG: example_complex
[2024-09-29T05:47:34.277+0000] {logging_mixin.py:120} INFO - [2024-09-29T05:47:34.277+0000] {taskmixin.py:205} WARNING - Dependency <Task(BashOperator): delete_entry_group>, create_entry_group already registered for DAG: example_complex
[2024-09-29T05:47:34.280+0000] {logging_mixin.py:120} INFO - [2024-09-29T05:47:34.279+0000] {taskmixin.py:205} WARNING - Dependency <Task(BashOperator): create_entry_gcs>, delete_entry already registered for DAG: example_complex
[2024-09-29T05:47:34.281+0000] {logging_mixin.py:120} INFO - [2024-09-29T05:47:34.280+0000] {taskmixin.py:205} WARNING - Dependency <Task(BashOperator): delete_entry>, create_entry_gcs already registered for DAG: example_complex
[2024-09-29T05:47:34.283+0000] {logging_mixin.py:120} INFO - [2024-09-29T05:47:34.283+0000] {taskmixin.py:205} WARNING - Dependency <Task(BashOperator): create_tag>, delete_tag already registered for DAG: example_complex
[2024-09-29T05:47:34.287+0000] {logging_mixin.py:120} INFO - [2024-09-29T05:47:34.286+0000] {taskmixin.py:205} WARNING - Dependency <Task(BashOperator): delete_tag>, create_tag already registered for DAG: example_complex
[2024-09-29T05:47:34.324+0000] {processor.py:766} INFO - DAG(s) dict_keys(['example_complex']) retrieved from /home/airflow/.local/lib/python3.7/site-packages/airflow/example_dags/example_complex.py
[2024-09-29T05:47:34.486+0000] {logging_mixin.py:120} INFO - [2024-09-29T05:47:34.486+0000] {dag.py:2585} INFO - Sync 1 DAGs
[2024-09-29T05:47:34.600+0000] {logging_mixin.py:120} INFO - [2024-09-29T05:47:34.599+0000] {dag.py:3340} INFO - Setting next_dagrun for example_complex to None, run_after=None
[2024-09-29T05:47:34.681+0000] {processor.py:176} INFO - Processing /home/airflow/.local/lib/python3.7/site-packages/airflow/example_dags/example_complex.py took 0.475 seconds
[2024-09-29T05:48:31.899+0000] {processor.py:154} INFO - Started process (PID=55848) to work on /home/airflow/.local/lib/python3.7/site-packages/airflow/example_dags/example_complex.py
[2024-09-29T05:48:31.922+0000] {processor.py:756} INFO - Processing file /home/airflow/.local/lib/python3.7/site-packages/airflow/example_dags/example_complex.py for tasks to queue
[2024-09-29T05:48:31.929+0000] {logging_mixin.py:120} INFO - [2024-09-29T05:48:31.929+0000] {dagbag.py:537} INFO - Filling up the DagBag from /home/airflow/.local/lib/python3.7/site-packages/airflow/example_dags/example_complex.py
[2024-09-29T05:48:32.003+0000] {logging_mixin.py:120} INFO - [2024-09-29T05:48:32.002+0000] {taskmixin.py:205} WARNING - Dependency <Task(BashOperator): create_entry_group>, delete_entry_group already registered for DAG: example_complex
[2024-09-29T05:48:32.005+0000] {logging_mixin.py:120} INFO - [2024-09-29T05:48:32.004+0000] {taskmixin.py:205} WARNING - Dependency <Task(BashOperator): delete_entry_group>, create_entry_group already registered for DAG: example_complex
[2024-09-29T05:48:32.008+0000] {logging_mixin.py:120} INFO - [2024-09-29T05:48:32.007+0000] {taskmixin.py:205} WARNING - Dependency <Task(BashOperator): create_entry_gcs>, delete_entry already registered for DAG: example_complex
[2024-09-29T05:48:32.009+0000] {logging_mixin.py:120} INFO - [2024-09-29T05:48:32.009+0000] {taskmixin.py:205} WARNING - Dependency <Task(BashOperator): delete_entry>, create_entry_gcs already registered for DAG: example_complex
[2024-09-29T05:48:32.012+0000] {logging_mixin.py:120} INFO - [2024-09-29T05:48:32.012+0000] {taskmixin.py:205} WARNING - Dependency <Task(BashOperator): create_tag>, delete_tag already registered for DAG: example_complex
[2024-09-29T05:48:32.014+0000] {logging_mixin.py:120} INFO - [2024-09-29T05:48:32.013+0000] {taskmixin.py:205} WARNING - Dependency <Task(BashOperator): delete_tag>, create_tag already registered for DAG: example_complex
[2024-09-29T05:48:32.053+0000] {processor.py:766} INFO - DAG(s) dict_keys(['example_complex']) retrieved from /home/airflow/.local/lib/python3.7/site-packages/airflow/example_dags/example_complex.py
[2024-09-29T05:48:32.290+0000] {logging_mixin.py:120} INFO - [2024-09-29T05:48:32.289+0000] {dag.py:2585} INFO - Sync 1 DAGs
[2024-09-29T05:48:32.417+0000] {logging_mixin.py:120} INFO - [2024-09-29T05:48:32.416+0000] {dag.py:3340} INFO - Setting next_dagrun for example_complex to None, run_after=None
[2024-09-29T05:48:32.493+0000] {processor.py:176} INFO - Processing /home/airflow/.local/lib/python3.7/site-packages/airflow/example_dags/example_complex.py took 0.608 seconds
[2024-09-29T05:49:39.449+0000] {processor.py:154} INFO - Started process (PID=55906) to work on /home/airflow/.local/lib/python3.7/site-packages/airflow/example_dags/example_complex.py
[2024-09-29T05:49:39.536+0000] {processor.py:756} INFO - Processing file /home/airflow/.local/lib/python3.7/site-packages/airflow/example_dags/example_complex.py for tasks to queue
[2024-09-29T05:49:39.548+0000] {logging_mixin.py:120} INFO - [2024-09-29T05:49:39.546+0000] {dagbag.py:537} INFO - Filling up the DagBag from /home/airflow/.local/lib/python3.7/site-packages/airflow/example_dags/example_complex.py
[2024-09-29T05:49:39.708+0000] {logging_mixin.py:120} INFO - [2024-09-29T05:49:39.707+0000] {taskmixin.py:205} WARNING - Dependency <Task(BashOperator): create_entry_group>, delete_entry_group already registered for DAG: example_complex
[2024-09-29T05:49:39.710+0000] {logging_mixin.py:120} INFO - [2024-09-29T05:49:39.709+0000] {taskmixin.py:205} WARNING - Dependency <Task(BashOperator): delete_entry_group>, create_entry_group already registered for DAG: example_complex
[2024-09-29T05:49:39.712+0000] {logging_mixin.py:120} INFO - [2024-09-29T05:49:39.711+0000] {taskmixin.py:205} WARNING - Dependency <Task(BashOperator): create_entry_gcs>, delete_entry already registered for DAG: example_complex
[2024-09-29T05:49:39.714+0000] {logging_mixin.py:120} INFO - [2024-09-29T05:49:39.713+0000] {taskmixin.py:205} WARNING - Dependency <Task(BashOperator): delete_entry>, create_entry_gcs already registered for DAG: example_complex
[2024-09-29T05:49:39.717+0000] {logging_mixin.py:120} INFO - [2024-09-29T05:49:39.717+0000] {taskmixin.py:205} WARNING - Dependency <Task(BashOperator): create_tag>, delete_tag already registered for DAG: example_complex
[2024-09-29T05:49:39.719+0000] {logging_mixin.py:120} INFO - [2024-09-29T05:49:39.719+0000] {taskmixin.py:205} WARNING - Dependency <Task(BashOperator): delete_tag>, create_tag already registered for DAG: example_complex
[2024-09-29T05:49:39.770+0000] {processor.py:766} INFO - DAG(s) dict_keys(['example_complex']) retrieved from /home/airflow/.local/lib/python3.7/site-packages/airflow/example_dags/example_complex.py
[2024-09-29T05:49:40.278+0000] {logging_mixin.py:120} INFO - [2024-09-29T05:49:40.273+0000] {dag.py:2585} INFO - Sync 1 DAGs
[2024-09-29T05:49:40.450+0000] {logging_mixin.py:120} INFO - [2024-09-29T05:49:40.450+0000] {dag.py:3340} INFO - Setting next_dagrun for example_complex to None, run_after=None
[2024-09-29T05:49:40.590+0000] {processor.py:176} INFO - Processing /home/airflow/.local/lib/python3.7/site-packages/airflow/example_dags/example_complex.py took 1.186 seconds
[2024-09-29T05:51:27.748+0000] {processor.py:154} INFO - Started process (PID=56002) to work on /home/airflow/.local/lib/python3.7/site-packages/airflow/example_dags/example_complex.py
[2024-09-29T05:51:27.758+0000] {processor.py:756} INFO - Processing file /home/airflow/.local/lib/python3.7/site-packages/airflow/example_dags/example_complex.py for tasks to queue
[2024-09-29T05:51:27.761+0000] {logging_mixin.py:120} INFO - [2024-09-29T05:51:27.760+0000] {dagbag.py:537} INFO - Filling up the DagBag from /home/airflow/.local/lib/python3.7/site-packages/airflow/example_dags/example_complex.py
[2024-09-29T05:51:27.821+0000] {logging_mixin.py:120} INFO - [2024-09-29T05:51:27.821+0000] {taskmixin.py:205} WARNING - Dependency <Task(BashOperator): create_entry_group>, delete_entry_group already registered for DAG: example_complex
[2024-09-29T05:51:27.822+0000] {logging_mixin.py:120} INFO - [2024-09-29T05:51:27.822+0000] {taskmixin.py:205} WARNING - Dependency <Task(BashOperator): delete_entry_group>, create_entry_group already registered for DAG: example_complex
[2024-09-29T05:51:27.824+0000] {logging_mixin.py:120} INFO - [2024-09-29T05:51:27.824+0000] {taskmixin.py:205} WARNING - Dependency <Task(BashOperator): create_entry_gcs>, delete_entry already registered for DAG: example_complex
[2024-09-29T05:51:27.825+0000] {logging_mixin.py:120} INFO - [2024-09-29T05:51:27.825+0000] {taskmixin.py:205} WARNING - Dependency <Task(BashOperator): delete_entry>, create_entry_gcs already registered for DAG: example_complex
[2024-09-29T05:51:27.828+0000] {logging_mixin.py:120} INFO - [2024-09-29T05:51:27.827+0000] {taskmixin.py:205} WARNING - Dependency <Task(BashOperator): create_tag>, delete_tag already registered for DAG: example_complex
[2024-09-29T05:51:27.830+0000] {logging_mixin.py:120} INFO - [2024-09-29T05:51:27.830+0000] {taskmixin.py:205} WARNING - Dependency <Task(BashOperator): delete_tag>, create_tag already registered for DAG: example_complex
[2024-09-29T05:51:27.860+0000] {processor.py:766} INFO - DAG(s) dict_keys(['example_complex']) retrieved from /home/airflow/.local/lib/python3.7/site-packages/airflow/example_dags/example_complex.py
[2024-09-29T05:51:28.074+0000] {logging_mixin.py:120} INFO - [2024-09-29T05:51:28.074+0000] {dag.py:2585} INFO - Sync 1 DAGs
[2024-09-29T05:51:28.208+0000] {logging_mixin.py:120} INFO - [2024-09-29T05:51:28.207+0000] {dag.py:3340} INFO - Setting next_dagrun for example_complex to None, run_after=None
[2024-09-29T05:51:28.322+0000] {processor.py:176} INFO - Processing /home/airflow/.local/lib/python3.7/site-packages/airflow/example_dags/example_complex.py took 0.588 seconds
[2024-09-29T05:52:50.695+0000] {processor.py:154} INFO - Started process (PID=56058) to work on /home/airflow/.local/lib/python3.7/site-packages/airflow/example_dags/example_complex.py
[2024-09-29T05:52:50.707+0000] {processor.py:756} INFO - Processing file /home/airflow/.local/lib/python3.7/site-packages/airflow/example_dags/example_complex.py for tasks to queue
[2024-09-29T05:52:50.713+0000] {logging_mixin.py:120} INFO - [2024-09-29T05:52:50.713+0000] {dagbag.py:537} INFO - Filling up the DagBag from /home/airflow/.local/lib/python3.7/site-packages/airflow/example_dags/example_complex.py
[2024-09-29T05:52:50.790+0000] {logging_mixin.py:120} INFO - [2024-09-29T05:52:50.789+0000] {taskmixin.py:205} WARNING - Dependency <Task(BashOperator): create_entry_group>, delete_entry_group already registered for DAG: example_complex
[2024-09-29T05:52:50.793+0000] {logging_mixin.py:120} INFO - [2024-09-29T05:52:50.792+0000] {taskmixin.py:205} WARNING - Dependency <Task(BashOperator): delete_entry_group>, create_entry_group already registered for DAG: example_complex
[2024-09-29T05:52:50.794+0000] {logging_mixin.py:120} INFO - [2024-09-29T05:52:50.794+0000] {taskmixin.py:205} WARNING - Dependency <Task(BashOperator): create_entry_gcs>, delete_entry already registered for DAG: example_complex
[2024-09-29T05:52:50.798+0000] {logging_mixin.py:120} INFO - [2024-09-29T05:52:50.798+0000] {taskmixin.py:205} WARNING - Dependency <Task(BashOperator): delete_entry>, create_entry_gcs already registered for DAG: example_complex
[2024-09-29T05:52:50.801+0000] {logging_mixin.py:120} INFO - [2024-09-29T05:52:50.800+0000] {taskmixin.py:205} WARNING - Dependency <Task(BashOperator): create_tag>, delete_tag already registered for DAG: example_complex
[2024-09-29T05:52:50.805+0000] {logging_mixin.py:120} INFO - [2024-09-29T05:52:50.805+0000] {taskmixin.py:205} WARNING - Dependency <Task(BashOperator): delete_tag>, create_tag already registered for DAG: example_complex
[2024-09-29T05:52:50.845+0000] {processor.py:766} INFO - DAG(s) dict_keys(['example_complex']) retrieved from /home/airflow/.local/lib/python3.7/site-packages/airflow/example_dags/example_complex.py
[2024-09-29T05:52:51.197+0000] {logging_mixin.py:120} INFO - [2024-09-29T05:52:51.196+0000] {dag.py:2585} INFO - Sync 1 DAGs
[2024-09-29T05:52:51.317+0000] {logging_mixin.py:120} INFO - [2024-09-29T05:52:51.316+0000] {dag.py:3340} INFO - Setting next_dagrun for example_complex to None, run_after=None
[2024-09-29T05:52:51.410+0000] {processor.py:176} INFO - Processing /home/airflow/.local/lib/python3.7/site-packages/airflow/example_dags/example_complex.py took 0.729 seconds
