[2024-09-28T00:21:19.117+0000] {processor.py:154} INFO - Started process (PID=15503) to work on /opt/airflow/dags/producer.py
[2024-09-28T00:21:19.145+0000] {processor.py:756} INFO - Processing file /opt/airflow/dags/producer.py for tasks to queue
[2024-09-28T00:21:19.157+0000] {logging_mixin.py:120} INFO - [2024-09-28T00:21:19.155+0000] {dagbag.py:537} INFO - Filling up the DagBag from /opt/airflow/dags/producer.py
[2024-09-28T00:21:20.443+0000] {processor.py:766} INFO - DAG(s) dict_keys(['producer']) retrieved from /opt/airflow/dags/producer.py
[2024-09-28T00:21:21.671+0000] {logging_mixin.py:120} INFO - [2024-09-28T00:21:21.671+0000] {dag.py:2585} INFO - Sync 1 DAGs
[2024-09-28T00:21:22.268+0000] {logging_mixin.py:120} INFO - [2024-09-28T00:21:22.267+0000] {dag.py:3340} INFO - Setting next_dagrun for producer to 2024-09-28T00:00:00+00:00, run_after=2024-09-29T00:00:00+00:00
[2024-09-28T00:21:22.637+0000] {processor.py:176} INFO - Processing /opt/airflow/dags/producer.py took 3.583 seconds
[2024-09-28T00:22:16.557+0000] {processor.py:154} INFO - Started process (PID=15572) to work on /opt/airflow/dags/producer.py
[2024-09-28T00:22:16.566+0000] {processor.py:756} INFO - Processing file /opt/airflow/dags/producer.py for tasks to queue
[2024-09-28T00:22:16.577+0000] {logging_mixin.py:120} INFO - [2024-09-28T00:22:16.576+0000] {dagbag.py:537} INFO - Filling up the DagBag from /opt/airflow/dags/producer.py
[2024-09-28T00:22:16.915+0000] {processor.py:766} INFO - DAG(s) dict_keys(['producer']) retrieved from /opt/airflow/dags/producer.py
[2024-09-28T00:22:17.681+0000] {logging_mixin.py:120} INFO - [2024-09-28T00:22:17.680+0000] {dag.py:2585} INFO - Sync 1 DAGs
[2024-09-28T00:22:18.167+0000] {logging_mixin.py:120} INFO - [2024-09-28T00:22:18.166+0000] {dag.py:3340} INFO - Setting next_dagrun for producer to 2024-09-28T00:00:00+00:00, run_after=2024-09-29T00:00:00+00:00
[2024-09-28T00:22:18.400+0000] {processor.py:176} INFO - Processing /opt/airflow/dags/producer.py took 1.910 seconds
[2024-09-28T00:38:00.943+0000] {processor.py:154} INFO - Started process (PID=15635) to work on /opt/airflow/dags/producer.py
[2024-09-28T00:38:00.946+0000] {processor.py:756} INFO - Processing file /opt/airflow/dags/producer.py for tasks to queue
[2024-09-28T00:38:00.948+0000] {logging_mixin.py:120} INFO - [2024-09-28T00:38:00.948+0000] {dagbag.py:537} INFO - Filling up the DagBag from /opt/airflow/dags/producer.py
[2024-09-28T00:38:01.024+0000] {processor.py:766} INFO - DAG(s) dict_keys(['producer']) retrieved from /opt/airflow/dags/producer.py
[2024-09-28T00:38:01.123+0000] {logging_mixin.py:120} INFO - [2024-09-28T00:38:01.123+0000] {dag.py:2585} INFO - Sync 1 DAGs
[2024-09-28T00:38:01.211+0000] {logging_mixin.py:120} INFO - [2024-09-28T00:38:01.211+0000] {dag.py:3340} INFO - Setting next_dagrun for producer to 2024-09-28T00:00:00+00:00, run_after=2024-09-29T00:00:00+00:00
[2024-09-28T00:38:01.272+0000] {processor.py:176} INFO - Processing /opt/airflow/dags/producer.py took 0.336 seconds
[2024-09-28T00:38:33.525+0000] {processor.py:154} INFO - Started process (PID=15698) to work on /opt/airflow/dags/producer.py
[2024-09-28T00:38:33.530+0000] {processor.py:756} INFO - Processing file /opt/airflow/dags/producer.py for tasks to queue
[2024-09-28T00:38:33.535+0000] {logging_mixin.py:120} INFO - [2024-09-28T00:38:33.534+0000] {dagbag.py:537} INFO - Filling up the DagBag from /opt/airflow/dags/producer.py
[2024-09-28T00:38:33.724+0000] {processor.py:766} INFO - DAG(s) dict_keys(['producer']) retrieved from /opt/airflow/dags/producer.py
[2024-09-28T00:38:34.033+0000] {logging_mixin.py:120} INFO - [2024-09-28T00:38:34.033+0000] {dag.py:2585} INFO - Sync 1 DAGs
[2024-09-28T00:38:34.249+0000] {logging_mixin.py:120} INFO - [2024-09-28T00:38:34.248+0000] {dag.py:3340} INFO - Setting next_dagrun for producer to 2024-09-28T00:00:00+00:00, run_after=2024-09-29T00:00:00+00:00
[2024-09-28T00:38:34.410+0000] {processor.py:176} INFO - Processing /opt/airflow/dags/producer.py took 0.907 seconds
[2024-09-28T00:52:14.935+0000] {processor.py:154} INFO - Started process (PID=15748) to work on /opt/airflow/dags/producer.py
[2024-09-28T00:52:14.944+0000] {processor.py:756} INFO - Processing file /opt/airflow/dags/producer.py for tasks to queue
[2024-09-28T00:52:14.955+0000] {logging_mixin.py:120} INFO - [2024-09-28T00:52:14.953+0000] {dagbag.py:537} INFO - Filling up the DagBag from /opt/airflow/dags/producer.py
[2024-09-28T00:52:15.186+0000] {processor.py:766} INFO - DAG(s) dict_keys(['producer']) retrieved from /opt/airflow/dags/producer.py
[2024-09-28T00:52:15.661+0000] {logging_mixin.py:120} INFO - [2024-09-28T00:52:15.660+0000] {dag.py:2585} INFO - Sync 1 DAGs
[2024-09-28T00:52:16.008+0000] {logging_mixin.py:120} INFO - [2024-09-28T00:52:16.008+0000] {dag.py:3340} INFO - Setting next_dagrun for producer to 2024-09-28T00:00:00+00:00, run_after=2024-09-29T00:00:00+00:00
[2024-09-28T00:52:16.244+0000] {processor.py:176} INFO - Processing /opt/airflow/dags/producer.py took 1.344 seconds
[2024-09-28T00:52:51.821+0000] {processor.py:154} INFO - Started process (PID=15811) to work on /opt/airflow/dags/producer.py
[2024-09-28T00:52:51.831+0000] {processor.py:756} INFO - Processing file /opt/airflow/dags/producer.py for tasks to queue
[2024-09-28T00:52:51.838+0000] {logging_mixin.py:120} INFO - [2024-09-28T00:52:51.837+0000] {dagbag.py:537} INFO - Filling up the DagBag from /opt/airflow/dags/producer.py
[2024-09-28T00:52:52.092+0000] {processor.py:766} INFO - DAG(s) dict_keys(['producer']) retrieved from /opt/airflow/dags/producer.py
[2024-09-28T00:52:52.477+0000] {logging_mixin.py:120} INFO - [2024-09-28T00:52:52.475+0000] {dag.py:2585} INFO - Sync 1 DAGs
[2024-09-28T00:52:52.762+0000] {logging_mixin.py:120} INFO - [2024-09-28T00:52:52.760+0000] {dag.py:3340} INFO - Setting next_dagrun for producer to 2024-09-28T00:00:00+00:00, run_after=2024-09-29T00:00:00+00:00
[2024-09-28T00:52:53.002+0000] {processor.py:176} INFO - Processing /opt/airflow/dags/producer.py took 1.211 seconds
[2024-09-28T00:59:37.449+0000] {processor.py:154} INFO - Started process (PID=15852) to work on /opt/airflow/dags/producer.py
[2024-09-28T00:59:37.453+0000] {processor.py:756} INFO - Processing file /opt/airflow/dags/producer.py for tasks to queue
[2024-09-28T00:59:37.457+0000] {logging_mixin.py:120} INFO - [2024-09-28T00:59:37.457+0000] {dagbag.py:537} INFO - Filling up the DagBag from /opt/airflow/dags/producer.py
[2024-09-28T00:59:37.514+0000] {processor.py:766} INFO - DAG(s) dict_keys(['producer']) retrieved from /opt/airflow/dags/producer.py
[2024-09-28T00:59:37.602+0000] {logging_mixin.py:120} INFO - [2024-09-28T00:59:37.602+0000] {dag.py:2585} INFO - Sync 1 DAGs
[2024-09-28T00:59:37.686+0000] {logging_mixin.py:120} INFO - [2024-09-28T00:59:37.686+0000] {dag.py:3340} INFO - Setting next_dagrun for producer to 2024-09-28T00:00:00+00:00, run_after=2024-09-29T00:00:00+00:00
[2024-09-28T00:59:37.873+0000] {processor.py:176} INFO - Processing /opt/airflow/dags/producer.py took 0.431 seconds
[2024-09-28T01:00:11.304+0000] {processor.py:154} INFO - Started process (PID=15915) to work on /opt/airflow/dags/producer.py
[2024-09-28T01:00:11.312+0000] {processor.py:756} INFO - Processing file /opt/airflow/dags/producer.py for tasks to queue
[2024-09-28T01:00:11.324+0000] {logging_mixin.py:120} INFO - [2024-09-28T01:00:11.322+0000] {dagbag.py:537} INFO - Filling up the DagBag from /opt/airflow/dags/producer.py
[2024-09-28T01:00:11.557+0000] {processor.py:766} INFO - DAG(s) dict_keys(['producer']) retrieved from /opt/airflow/dags/producer.py
[2024-09-28T01:00:11.926+0000] {logging_mixin.py:120} INFO - [2024-09-28T01:00:11.926+0000] {dag.py:2585} INFO - Sync 1 DAGs
[2024-09-28T01:00:12.316+0000] {logging_mixin.py:120} INFO - [2024-09-28T01:00:12.314+0000] {dag.py:3340} INFO - Setting next_dagrun for producer to 2024-09-28T00:00:00+00:00, run_after=2024-09-29T00:00:00+00:00
[2024-09-28T01:00:12.527+0000] {processor.py:176} INFO - Processing /opt/airflow/dags/producer.py took 1.267 seconds
[2024-09-28T01:16:36.423+0000] {processor.py:154} INFO - Started process (PID=15973) to work on /opt/airflow/dags/producer.py
[2024-09-28T01:16:36.432+0000] {processor.py:756} INFO - Processing file /opt/airflow/dags/producer.py for tasks to queue
[2024-09-28T01:16:36.442+0000] {logging_mixin.py:120} INFO - [2024-09-28T01:16:36.440+0000] {dagbag.py:537} INFO - Filling up the DagBag from /opt/airflow/dags/producer.py
[2024-09-28T01:16:36.702+0000] {processor.py:766} INFO - DAG(s) dict_keys(['producer']) retrieved from /opt/airflow/dags/producer.py
[2024-09-28T01:16:37.122+0000] {logging_mixin.py:120} INFO - [2024-09-28T01:16:37.121+0000] {dag.py:2585} INFO - Sync 1 DAGs
[2024-09-28T01:16:37.530+0000] {logging_mixin.py:120} INFO - [2024-09-28T01:16:37.528+0000] {dag.py:3340} INFO - Setting next_dagrun for producer to 2024-09-28T00:00:00+00:00, run_after=2024-09-29T00:00:00+00:00
[2024-09-28T01:16:37.736+0000] {processor.py:176} INFO - Processing /opt/airflow/dags/producer.py took 1.340 seconds
[2024-09-28T01:17:09.959+0000] {processor.py:154} INFO - Started process (PID=16031) to work on /opt/airflow/dags/producer.py
[2024-09-28T01:17:09.975+0000] {processor.py:756} INFO - Processing file /opt/airflow/dags/producer.py for tasks to queue
[2024-09-28T01:17:09.990+0000] {logging_mixin.py:120} INFO - [2024-09-28T01:17:09.985+0000] {dagbag.py:537} INFO - Filling up the DagBag from /opt/airflow/dags/producer.py
[2024-09-28T01:17:10.278+0000] {processor.py:766} INFO - DAG(s) dict_keys(['producer']) retrieved from /opt/airflow/dags/producer.py
[2024-09-28T01:17:10.789+0000] {logging_mixin.py:120} INFO - [2024-09-28T01:17:10.788+0000] {dag.py:2585} INFO - Sync 1 DAGs
[2024-09-28T01:17:11.243+0000] {logging_mixin.py:120} INFO - [2024-09-28T01:17:11.243+0000] {dag.py:3340} INFO - Setting next_dagrun for producer to 2024-09-28T00:00:00+00:00, run_after=2024-09-29T00:00:00+00:00
[2024-09-28T01:17:11.508+0000] {processor.py:176} INFO - Processing /opt/airflow/dags/producer.py took 1.580 seconds
[2024-09-28T01:17:41.583+0000] {processor.py:154} INFO - Started process (PID=16087) to work on /opt/airflow/dags/producer.py
[2024-09-28T01:17:41.585+0000] {processor.py:756} INFO - Processing file /opt/airflow/dags/producer.py for tasks to queue
[2024-09-28T01:17:41.586+0000] {logging_mixin.py:120} INFO - [2024-09-28T01:17:41.586+0000] {dagbag.py:537} INFO - Filling up the DagBag from /opt/airflow/dags/producer.py
[2024-09-28T01:17:41.634+0000] {processor.py:766} INFO - DAG(s) dict_keys(['producer']) retrieved from /opt/airflow/dags/producer.py
[2024-09-28T01:17:41.708+0000] {logging_mixin.py:120} INFO - [2024-09-28T01:17:41.708+0000] {dag.py:2585} INFO - Sync 1 DAGs
[2024-09-28T01:17:41.759+0000] {logging_mixin.py:120} INFO - [2024-09-28T01:17:41.759+0000] {dag.py:3340} INFO - Setting next_dagrun for producer to 2024-09-28T00:00:00+00:00, run_after=2024-09-29T00:00:00+00:00
[2024-09-28T01:17:41.799+0000] {processor.py:176} INFO - Processing /opt/airflow/dags/producer.py took 0.225 seconds
[2024-09-28T01:35:41.712+0000] {processor.py:154} INFO - Started process (PID=16128) to work on /opt/airflow/dags/producer.py
[2024-09-28T01:35:41.718+0000] {processor.py:756} INFO - Processing file /opt/airflow/dags/producer.py for tasks to queue
[2024-09-28T01:35:41.722+0000] {logging_mixin.py:120} INFO - [2024-09-28T01:35:41.721+0000] {dagbag.py:537} INFO - Filling up the DagBag from /opt/airflow/dags/producer.py
[2024-09-28T01:35:41.926+0000] {processor.py:766} INFO - DAG(s) dict_keys(['producer']) retrieved from /opt/airflow/dags/producer.py
[2024-09-28T01:35:42.224+0000] {logging_mixin.py:120} INFO - [2024-09-28T01:35:42.223+0000] {dag.py:2585} INFO - Sync 1 DAGs
[2024-09-28T01:35:42.412+0000] {logging_mixin.py:120} INFO - [2024-09-28T01:35:42.411+0000] {dag.py:3340} INFO - Setting next_dagrun for producer to 2024-09-28T00:00:00+00:00, run_after=2024-09-29T00:00:00+00:00
[2024-09-28T01:35:42.555+0000] {processor.py:176} INFO - Processing /opt/airflow/dags/producer.py took 0.872 seconds
[2024-09-28T01:49:14.413+0000] {processor.py:154} INFO - Started process (PID=16190) to work on /opt/airflow/dags/producer.py
[2024-09-28T01:49:14.420+0000] {processor.py:756} INFO - Processing file /opt/airflow/dags/producer.py for tasks to queue
[2024-09-28T01:49:14.426+0000] {logging_mixin.py:120} INFO - [2024-09-28T01:49:14.425+0000] {dagbag.py:537} INFO - Filling up the DagBag from /opt/airflow/dags/producer.py
[2024-09-28T01:49:14.532+0000] {processor.py:766} INFO - DAG(s) dict_keys(['producer']) retrieved from /opt/airflow/dags/producer.py
[2024-09-28T01:49:14.639+0000] {logging_mixin.py:120} INFO - [2024-09-28T01:49:14.639+0000] {dag.py:2585} INFO - Sync 1 DAGs
[2024-09-28T01:49:14.706+0000] {logging_mixin.py:120} INFO - [2024-09-28T01:49:14.706+0000] {dag.py:3340} INFO - Setting next_dagrun for producer to 2024-09-28T00:00:00+00:00, run_after=2024-09-29T00:00:00+00:00
[2024-09-28T01:49:14.768+0000] {processor.py:176} INFO - Processing /opt/airflow/dags/producer.py took 0.363 seconds
[2024-09-28T01:49:46.512+0000] {processor.py:154} INFO - Started process (PID=16253) to work on /opt/airflow/dags/producer.py
[2024-09-28T01:49:46.525+0000] {processor.py:756} INFO - Processing file /opt/airflow/dags/producer.py for tasks to queue
[2024-09-28T01:49:46.532+0000] {logging_mixin.py:120} INFO - [2024-09-28T01:49:46.531+0000] {dagbag.py:537} INFO - Filling up the DagBag from /opt/airflow/dags/producer.py
[2024-09-28T01:49:46.742+0000] {processor.py:766} INFO - DAG(s) dict_keys(['producer']) retrieved from /opt/airflow/dags/producer.py
[2024-09-28T01:49:47.074+0000] {logging_mixin.py:120} INFO - [2024-09-28T01:49:47.072+0000] {dag.py:2585} INFO - Sync 1 DAGs
[2024-09-28T01:49:47.338+0000] {logging_mixin.py:120} INFO - [2024-09-28T01:49:47.337+0000] {dag.py:3340} INFO - Setting next_dagrun for producer to 2024-09-28T00:00:00+00:00, run_after=2024-09-29T00:00:00+00:00
[2024-09-28T01:49:47.514+0000] {processor.py:176} INFO - Processing /opt/airflow/dags/producer.py took 1.027 seconds
[2024-09-28T01:50:37.447+0000] {processor.py:154} INFO - Started process (PID=16307) to work on /opt/airflow/dags/producer.py
[2024-09-28T01:50:37.455+0000] {processor.py:756} INFO - Processing file /opt/airflow/dags/producer.py for tasks to queue
[2024-09-28T01:50:37.461+0000] {logging_mixin.py:120} INFO - [2024-09-28T01:50:37.460+0000] {dagbag.py:537} INFO - Filling up the DagBag from /opt/airflow/dags/producer.py
[2024-09-28T01:50:37.602+0000] {processor.py:766} INFO - DAG(s) dict_keys(['producer']) retrieved from /opt/airflow/dags/producer.py
[2024-09-28T01:50:37.829+0000] {logging_mixin.py:120} INFO - [2024-09-28T01:50:37.828+0000] {dag.py:2585} INFO - Sync 1 DAGs
[2024-09-28T01:50:38.002+0000] {logging_mixin.py:120} INFO - [2024-09-28T01:50:38.001+0000] {dag.py:3340} INFO - Setting next_dagrun for producer to 2024-09-28T00:00:00+00:00, run_after=2024-09-29T00:00:00+00:00
[2024-09-28T01:50:38.162+0000] {processor.py:176} INFO - Processing /opt/airflow/dags/producer.py took 0.734 seconds
[2024-09-28T01:51:09.142+0000] {processor.py:154} INFO - Started process (PID=16370) to work on /opt/airflow/dags/producer.py
[2024-09-28T01:51:09.152+0000] {processor.py:756} INFO - Processing file /opt/airflow/dags/producer.py for tasks to queue
[2024-09-28T01:51:09.160+0000] {logging_mixin.py:120} INFO - [2024-09-28T01:51:09.158+0000] {dagbag.py:537} INFO - Filling up the DagBag from /opt/airflow/dags/producer.py
[2024-09-28T01:51:09.384+0000] {processor.py:766} INFO - DAG(s) dict_keys(['producer']) retrieved from /opt/airflow/dags/producer.py
[2024-09-28T01:51:09.727+0000] {logging_mixin.py:120} INFO - [2024-09-28T01:51:09.726+0000] {dag.py:2585} INFO - Sync 1 DAGs
[2024-09-28T01:51:09.909+0000] {logging_mixin.py:120} INFO - [2024-09-28T01:51:09.908+0000] {dag.py:3340} INFO - Setting next_dagrun for producer to 2024-09-28T00:00:00+00:00, run_after=2024-09-29T00:00:00+00:00
[2024-09-28T01:51:10.057+0000] {processor.py:176} INFO - Processing /opt/airflow/dags/producer.py took 0.941 seconds
[2024-09-28T02:09:05.115+0000] {processor.py:154} INFO - Started process (PID=16433) to work on /opt/airflow/dags/producer.py
[2024-09-28T02:09:05.122+0000] {processor.py:756} INFO - Processing file /opt/airflow/dags/producer.py for tasks to queue
[2024-09-28T02:09:05.132+0000] {logging_mixin.py:120} INFO - [2024-09-28T02:09:05.130+0000] {dagbag.py:537} INFO - Filling up the DagBag from /opt/airflow/dags/producer.py
[2024-09-28T02:09:05.364+0000] {processor.py:766} INFO - DAG(s) dict_keys(['producer']) retrieved from /opt/airflow/dags/producer.py
[2024-09-28T02:09:05.782+0000] {logging_mixin.py:120} INFO - [2024-09-28T02:09:05.781+0000] {dag.py:2585} INFO - Sync 1 DAGs
[2024-09-28T02:09:06.117+0000] {logging_mixin.py:120} INFO - [2024-09-28T02:09:06.115+0000] {dag.py:3340} INFO - Setting next_dagrun for producer to 2024-09-28T00:00:00+00:00, run_after=2024-09-29T00:00:00+00:00
[2024-09-28T02:09:06.380+0000] {processor.py:176} INFO - Processing /opt/airflow/dags/producer.py took 1.303 seconds
[2024-09-28T02:09:44.554+0000] {processor.py:154} INFO - Started process (PID=16496) to work on /opt/airflow/dags/producer.py
[2024-09-28T02:09:44.565+0000] {processor.py:756} INFO - Processing file /opt/airflow/dags/producer.py for tasks to queue
[2024-09-28T02:09:44.572+0000] {logging_mixin.py:120} INFO - [2024-09-28T02:09:44.570+0000] {dagbag.py:537} INFO - Filling up the DagBag from /opt/airflow/dags/producer.py
[2024-09-28T02:09:44.846+0000] {processor.py:766} INFO - DAG(s) dict_keys(['producer']) retrieved from /opt/airflow/dags/producer.py
[2024-09-28T02:09:45.340+0000] {logging_mixin.py:120} INFO - [2024-09-28T02:09:45.337+0000] {dag.py:2585} INFO - Sync 1 DAGs
[2024-09-28T02:09:45.707+0000] {logging_mixin.py:120} INFO - [2024-09-28T02:09:45.704+0000] {dag.py:3340} INFO - Setting next_dagrun for producer to 2024-09-28T00:00:00+00:00, run_after=2024-09-29T00:00:00+00:00
[2024-09-28T02:09:46.004+0000] {processor.py:176} INFO - Processing /opt/airflow/dags/producer.py took 1.492 seconds
[2024-09-28T02:10:18.905+0000] {processor.py:154} INFO - Started process (PID=16557) to work on /opt/airflow/dags/producer.py
[2024-09-28T02:10:18.913+0000] {processor.py:756} INFO - Processing file /opt/airflow/dags/producer.py for tasks to queue
[2024-09-28T02:10:18.920+0000] {logging_mixin.py:120} INFO - [2024-09-28T02:10:18.918+0000] {dagbag.py:537} INFO - Filling up the DagBag from /opt/airflow/dags/producer.py
[2024-09-28T02:10:19.164+0000] {processor.py:766} INFO - DAG(s) dict_keys(['producer']) retrieved from /opt/airflow/dags/producer.py
[2024-09-28T02:10:19.513+0000] {logging_mixin.py:120} INFO - [2024-09-28T02:10:19.512+0000] {dag.py:2585} INFO - Sync 1 DAGs
[2024-09-28T02:10:19.842+0000] {logging_mixin.py:120} INFO - [2024-09-28T02:10:19.841+0000] {dag.py:3340} INFO - Setting next_dagrun for producer to 2024-09-28T00:00:00+00:00, run_after=2024-09-29T00:00:00+00:00
[2024-09-28T02:10:20.048+0000] {processor.py:176} INFO - Processing /opt/airflow/dags/producer.py took 1.166 seconds
[2024-09-28T02:10:52.728+0000] {processor.py:154} INFO - Started process (PID=16606) to work on /opt/airflow/dags/producer.py
[2024-09-28T02:10:52.740+0000] {processor.py:756} INFO - Processing file /opt/airflow/dags/producer.py for tasks to queue
[2024-09-28T02:10:52.746+0000] {logging_mixin.py:120} INFO - [2024-09-28T02:10:52.745+0000] {dagbag.py:537} INFO - Filling up the DagBag from /opt/airflow/dags/producer.py
[2024-09-28T02:10:52.994+0000] {processor.py:766} INFO - DAG(s) dict_keys(['producer']) retrieved from /opt/airflow/dags/producer.py
[2024-09-28T02:10:53.329+0000] {logging_mixin.py:120} INFO - [2024-09-28T02:10:53.327+0000] {dag.py:2585} INFO - Sync 1 DAGs
[2024-09-28T02:10:53.605+0000] {logging_mixin.py:120} INFO - [2024-09-28T02:10:53.604+0000] {dag.py:3340} INFO - Setting next_dagrun for producer to 2024-09-28T00:00:00+00:00, run_after=2024-09-29T00:00:00+00:00
[2024-09-28T02:10:53.789+0000] {processor.py:176} INFO - Processing /opt/airflow/dags/producer.py took 1.097 seconds
[2024-09-28T02:11:24.696+0000] {processor.py:154} INFO - Started process (PID=16669) to work on /opt/airflow/dags/producer.py
[2024-09-28T02:11:24.705+0000] {processor.py:756} INFO - Processing file /opt/airflow/dags/producer.py for tasks to queue
[2024-09-28T02:11:24.712+0000] {logging_mixin.py:120} INFO - [2024-09-28T02:11:24.710+0000] {dagbag.py:537} INFO - Filling up the DagBag from /opt/airflow/dags/producer.py
[2024-09-28T02:11:24.940+0000] {processor.py:766} INFO - DAG(s) dict_keys(['producer']) retrieved from /opt/airflow/dags/producer.py
[2024-09-28T02:11:25.292+0000] {logging_mixin.py:120} INFO - [2024-09-28T02:11:25.291+0000] {dag.py:2585} INFO - Sync 1 DAGs
[2024-09-28T02:11:25.589+0000] {logging_mixin.py:120} INFO - [2024-09-28T02:11:25.588+0000] {dag.py:3340} INFO - Setting next_dagrun for producer to 2024-09-28T00:00:00+00:00, run_after=2024-09-29T00:00:00+00:00
[2024-09-28T02:11:25.767+0000] {processor.py:176} INFO - Processing /opt/airflow/dags/producer.py took 1.101 seconds
[2024-09-28T02:11:57.005+0000] {processor.py:154} INFO - Started process (PID=16723) to work on /opt/airflow/dags/producer.py
[2024-09-28T02:11:57.007+0000] {processor.py:756} INFO - Processing file /opt/airflow/dags/producer.py for tasks to queue
[2024-09-28T02:11:57.011+0000] {logging_mixin.py:120} INFO - [2024-09-28T02:11:57.010+0000] {dagbag.py:537} INFO - Filling up the DagBag from /opt/airflow/dags/producer.py
[2024-09-28T02:11:57.113+0000] {processor.py:766} INFO - DAG(s) dict_keys(['producer']) retrieved from /opt/airflow/dags/producer.py
[2024-09-28T02:11:57.238+0000] {logging_mixin.py:120} INFO - [2024-09-28T02:11:57.237+0000] {dag.py:2585} INFO - Sync 1 DAGs
[2024-09-28T02:11:57.322+0000] {logging_mixin.py:120} INFO - [2024-09-28T02:11:57.322+0000] {dag.py:3340} INFO - Setting next_dagrun for producer to 2024-09-28T00:00:00+00:00, run_after=2024-09-29T00:00:00+00:00
[2024-09-28T02:11:57.372+0000] {processor.py:176} INFO - Processing /opt/airflow/dags/producer.py took 0.373 seconds
[2024-09-28T02:28:10.776+0000] {processor.py:154} INFO - Started process (PID=16748) to work on /opt/airflow/dags/producer.py
[2024-09-28T02:28:10.790+0000] {processor.py:756} INFO - Processing file /opt/airflow/dags/producer.py for tasks to queue
[2024-09-28T02:28:10.792+0000] {logging_mixin.py:120} INFO - [2024-09-28T02:28:10.792+0000] {dagbag.py:537} INFO - Filling up the DagBag from /opt/airflow/dags/producer.py
[2024-09-28T02:28:10.847+0000] {processor.py:766} INFO - DAG(s) dict_keys(['producer']) retrieved from /opt/airflow/dags/producer.py
[2024-09-28T02:28:10.928+0000] {logging_mixin.py:120} INFO - [2024-09-28T02:28:10.927+0000] {dag.py:2585} INFO - Sync 1 DAGs
[2024-09-28T02:28:10.987+0000] {logging_mixin.py:120} INFO - [2024-09-28T02:28:10.987+0000] {dag.py:3340} INFO - Setting next_dagrun for producer to 2024-09-28T00:00:00+00:00, run_after=2024-09-29T00:00:00+00:00
[2024-09-28T02:28:11.039+0000] {processor.py:176} INFO - Processing /opt/airflow/dags/producer.py took 0.270 seconds
[2024-09-28T02:28:42.676+0000] {processor.py:154} INFO - Started process (PID=16811) to work on /opt/airflow/dags/producer.py
[2024-09-28T02:28:42.683+0000] {processor.py:756} INFO - Processing file /opt/airflow/dags/producer.py for tasks to queue
[2024-09-28T02:28:42.691+0000] {logging_mixin.py:120} INFO - [2024-09-28T02:28:42.687+0000] {dagbag.py:537} INFO - Filling up the DagBag from /opt/airflow/dags/producer.py
[2024-09-28T02:28:42.853+0000] {processor.py:766} INFO - DAG(s) dict_keys(['producer']) retrieved from /opt/airflow/dags/producer.py
[2024-09-28T02:28:43.207+0000] {logging_mixin.py:120} INFO - [2024-09-28T02:28:43.205+0000] {dag.py:2585} INFO - Sync 1 DAGs
[2024-09-28T02:28:43.440+0000] {logging_mixin.py:120} INFO - [2024-09-28T02:28:43.439+0000] {dag.py:3340} INFO - Setting next_dagrun for producer to 2024-09-28T00:00:00+00:00, run_after=2024-09-29T00:00:00+00:00
[2024-09-28T02:28:43.605+0000] {processor.py:176} INFO - Processing /opt/airflow/dags/producer.py took 0.952 seconds
[2024-09-28T02:29:14.148+0000] {processor.py:154} INFO - Started process (PID=16865) to work on /opt/airflow/dags/producer.py
[2024-09-28T02:29:14.153+0000] {processor.py:756} INFO - Processing file /opt/airflow/dags/producer.py for tasks to queue
[2024-09-28T02:29:14.158+0000] {logging_mixin.py:120} INFO - [2024-09-28T02:29:14.157+0000] {dagbag.py:537} INFO - Filling up the DagBag from /opt/airflow/dags/producer.py
[2024-09-28T02:29:14.293+0000] {processor.py:766} INFO - DAG(s) dict_keys(['producer']) retrieved from /opt/airflow/dags/producer.py
[2024-09-28T02:29:14.524+0000] {logging_mixin.py:120} INFO - [2024-09-28T02:29:14.523+0000] {dag.py:2585} INFO - Sync 1 DAGs
[2024-09-28T02:29:14.690+0000] {logging_mixin.py:120} INFO - [2024-09-28T02:29:14.689+0000] {dag.py:3340} INFO - Setting next_dagrun for producer to 2024-09-28T00:00:00+00:00, run_after=2024-09-29T00:00:00+00:00
[2024-09-28T02:29:14.826+0000] {processor.py:176} INFO - Processing /opt/airflow/dags/producer.py took 0.697 seconds
[2024-09-28T02:29:45.189+0000] {processor.py:154} INFO - Started process (PID=16928) to work on /opt/airflow/dags/producer.py
[2024-09-28T02:29:45.196+0000] {processor.py:756} INFO - Processing file /opt/airflow/dags/producer.py for tasks to queue
[2024-09-28T02:29:45.201+0000] {logging_mixin.py:120} INFO - [2024-09-28T02:29:45.200+0000] {dagbag.py:537} INFO - Filling up the DagBag from /opt/airflow/dags/producer.py
[2024-09-28T02:29:45.351+0000] {processor.py:766} INFO - DAG(s) dict_keys(['producer']) retrieved from /opt/airflow/dags/producer.py
[2024-09-28T02:29:45.597+0000] {logging_mixin.py:120} INFO - [2024-09-28T02:29:45.596+0000] {dag.py:2585} INFO - Sync 1 DAGs
[2024-09-28T02:29:45.765+0000] {logging_mixin.py:120} INFO - [2024-09-28T02:29:45.764+0000] {dag.py:3340} INFO - Setting next_dagrun for producer to 2024-09-28T00:00:00+00:00, run_after=2024-09-29T00:00:00+00:00
[2024-09-28T02:29:45.886+0000] {processor.py:176} INFO - Processing /opt/airflow/dags/producer.py took 0.725 seconds
[2024-09-28T02:30:16.273+0000] {processor.py:154} INFO - Started process (PID=16991) to work on /opt/airflow/dags/producer.py
[2024-09-28T02:30:16.280+0000] {processor.py:756} INFO - Processing file /opt/airflow/dags/producer.py for tasks to queue
[2024-09-28T02:30:16.287+0000] {logging_mixin.py:120} INFO - [2024-09-28T02:30:16.285+0000] {dagbag.py:537} INFO - Filling up the DagBag from /opt/airflow/dags/producer.py
[2024-09-28T02:30:16.446+0000] {processor.py:766} INFO - DAG(s) dict_keys(['producer']) retrieved from /opt/airflow/dags/producer.py
[2024-09-28T02:30:16.714+0000] {logging_mixin.py:120} INFO - [2024-09-28T02:30:16.714+0000] {dag.py:2585} INFO - Sync 1 DAGs
[2024-09-28T02:30:16.907+0000] {logging_mixin.py:120} INFO - [2024-09-28T02:30:16.906+0000] {dag.py:3340} INFO - Setting next_dagrun for producer to 2024-09-28T00:00:00+00:00, run_after=2024-09-29T00:00:00+00:00
[2024-09-28T02:30:17.057+0000] {processor.py:176} INFO - Processing /opt/airflow/dags/producer.py took 0.810 seconds
[2024-09-28T02:30:47.238+0000] {processor.py:154} INFO - Started process (PID=17052) to work on /opt/airflow/dags/producer.py
[2024-09-28T02:30:47.243+0000] {processor.py:756} INFO - Processing file /opt/airflow/dags/producer.py for tasks to queue
[2024-09-28T02:30:47.247+0000] {logging_mixin.py:120} INFO - [2024-09-28T02:30:47.246+0000] {dagbag.py:537} INFO - Filling up the DagBag from /opt/airflow/dags/producer.py
[2024-09-28T02:30:47.386+0000] {processor.py:766} INFO - DAG(s) dict_keys(['producer']) retrieved from /opt/airflow/dags/producer.py
[2024-09-28T02:30:47.626+0000] {logging_mixin.py:120} INFO - [2024-09-28T02:30:47.625+0000] {dag.py:2585} INFO - Sync 1 DAGs
[2024-09-28T02:30:47.822+0000] {logging_mixin.py:120} INFO - [2024-09-28T02:30:47.821+0000] {dag.py:3340} INFO - Setting next_dagrun for producer to 2024-09-28T00:00:00+00:00, run_after=2024-09-29T00:00:00+00:00
[2024-09-28T02:30:47.955+0000] {processor.py:176} INFO - Processing /opt/airflow/dags/producer.py took 0.739 seconds
[2024-09-28T02:31:18.701+0000] {processor.py:154} INFO - Started process (PID=17108) to work on /opt/airflow/dags/producer.py
[2024-09-28T02:31:18.705+0000] {processor.py:756} INFO - Processing file /opt/airflow/dags/producer.py for tasks to queue
[2024-09-28T02:31:18.710+0000] {logging_mixin.py:120} INFO - [2024-09-28T02:31:18.710+0000] {dagbag.py:537} INFO - Filling up the DagBag from /opt/airflow/dags/producer.py
[2024-09-28T02:31:18.816+0000] {processor.py:766} INFO - DAG(s) dict_keys(['producer']) retrieved from /opt/airflow/dags/producer.py
[2024-09-28T02:31:19.000+0000] {logging_mixin.py:120} INFO - [2024-09-28T02:31:18.999+0000] {dag.py:2585} INFO - Sync 1 DAGs
[2024-09-28T02:31:19.129+0000] {logging_mixin.py:120} INFO - [2024-09-28T02:31:19.128+0000] {dag.py:3340} INFO - Setting next_dagrun for producer to 2024-09-28T00:00:00+00:00, run_after=2024-09-29T00:00:00+00:00
[2024-09-28T02:31:19.231+0000] {processor.py:176} INFO - Processing /opt/airflow/dags/producer.py took 0.553 seconds
[2024-09-28T02:31:49.636+0000] {processor.py:154} INFO - Started process (PID=17171) to work on /opt/airflow/dags/producer.py
[2024-09-28T02:31:49.642+0000] {processor.py:756} INFO - Processing file /opt/airflow/dags/producer.py for tasks to queue
[2024-09-28T02:31:49.645+0000] {logging_mixin.py:120} INFO - [2024-09-28T02:31:49.645+0000] {dagbag.py:537} INFO - Filling up the DagBag from /opt/airflow/dags/producer.py
[2024-09-28T02:31:49.756+0000] {processor.py:766} INFO - DAG(s) dict_keys(['producer']) retrieved from /opt/airflow/dags/producer.py
[2024-09-28T02:31:49.945+0000] {logging_mixin.py:120} INFO - [2024-09-28T02:31:49.944+0000] {dag.py:2585} INFO - Sync 1 DAGs
[2024-09-28T02:31:50.077+0000] {logging_mixin.py:120} INFO - [2024-09-28T02:31:50.076+0000] {dag.py:3340} INFO - Setting next_dagrun for producer to 2024-09-28T00:00:00+00:00, run_after=2024-09-29T00:00:00+00:00
[2024-09-28T02:31:50.168+0000] {processor.py:176} INFO - Processing /opt/airflow/dags/producer.py took 0.547 seconds
[2024-09-28T02:43:13.877+0000] {processor.py:154} INFO - Started process (PID=17212) to work on /opt/airflow/dags/producer.py
[2024-09-28T02:43:13.880+0000] {processor.py:756} INFO - Processing file /opt/airflow/dags/producer.py for tasks to queue
[2024-09-28T02:43:13.882+0000] {logging_mixin.py:120} INFO - [2024-09-28T02:43:13.882+0000] {dagbag.py:537} INFO - Filling up the DagBag from /opt/airflow/dags/producer.py
[2024-09-28T02:43:13.947+0000] {processor.py:766} INFO - DAG(s) dict_keys(['producer']) retrieved from /opt/airflow/dags/producer.py
[2024-09-28T02:43:14.061+0000] {logging_mixin.py:120} INFO - [2024-09-28T02:43:14.061+0000] {dag.py:2585} INFO - Sync 1 DAGs
[2024-09-28T02:43:14.130+0000] {logging_mixin.py:120} INFO - [2024-09-28T02:43:14.130+0000] {dag.py:3340} INFO - Setting next_dagrun for producer to 2024-09-28T00:00:00+00:00, run_after=2024-09-29T00:00:00+00:00
[2024-09-28T02:43:14.188+0000] {processor.py:176} INFO - Processing /opt/airflow/dags/producer.py took 0.319 seconds
[2024-09-28T02:43:46.613+0000] {processor.py:154} INFO - Started process (PID=17276) to work on /opt/airflow/dags/producer.py
[2024-09-28T02:43:46.623+0000] {processor.py:756} INFO - Processing file /opt/airflow/dags/producer.py for tasks to queue
[2024-09-28T02:43:46.630+0000] {logging_mixin.py:120} INFO - [2024-09-28T02:43:46.629+0000] {dagbag.py:537} INFO - Filling up the DagBag from /opt/airflow/dags/producer.py
[2024-09-28T02:43:46.887+0000] {processor.py:766} INFO - DAG(s) dict_keys(['producer']) retrieved from /opt/airflow/dags/producer.py
[2024-09-28T02:43:47.330+0000] {logging_mixin.py:120} INFO - [2024-09-28T02:43:47.329+0000] {dag.py:2585} INFO - Sync 1 DAGs
[2024-09-28T02:43:47.644+0000] {logging_mixin.py:120} INFO - [2024-09-28T02:43:47.643+0000] {dag.py:3340} INFO - Setting next_dagrun for producer to 2024-09-28T00:00:00+00:00, run_after=2024-09-29T00:00:00+00:00
[2024-09-28T02:43:47.878+0000] {processor.py:176} INFO - Processing /opt/airflow/dags/producer.py took 1.299 seconds
[2024-09-28T02:51:06.980+0000] {processor.py:154} INFO - Started process (PID=17332) to work on /opt/airflow/dags/producer.py
[2024-09-28T02:51:06.987+0000] {processor.py:756} INFO - Processing file /opt/airflow/dags/producer.py for tasks to queue
[2024-09-28T02:51:06.994+0000] {logging_mixin.py:120} INFO - [2024-09-28T02:51:06.993+0000] {dagbag.py:537} INFO - Filling up the DagBag from /opt/airflow/dags/producer.py
[2024-09-28T02:51:07.243+0000] {processor.py:766} INFO - DAG(s) dict_keys(['producer']) retrieved from /opt/airflow/dags/producer.py
[2024-09-28T02:51:07.660+0000] {logging_mixin.py:120} INFO - [2024-09-28T02:51:07.659+0000] {dag.py:2585} INFO - Sync 1 DAGs
[2024-09-28T02:51:07.990+0000] {logging_mixin.py:120} INFO - [2024-09-28T02:51:07.989+0000] {dag.py:3340} INFO - Setting next_dagrun for producer to 2024-09-28T00:00:00+00:00, run_after=2024-09-29T00:00:00+00:00
[2024-09-28T02:51:08.195+0000] {processor.py:176} INFO - Processing /opt/airflow/dags/producer.py took 1.247 seconds
[2024-09-28T02:51:42.256+0000] {processor.py:154} INFO - Started process (PID=17388) to work on /opt/airflow/dags/producer.py
[2024-09-28T02:51:42.266+0000] {processor.py:756} INFO - Processing file /opt/airflow/dags/producer.py for tasks to queue
[2024-09-28T02:51:42.275+0000] {logging_mixin.py:120} INFO - [2024-09-28T02:51:42.273+0000] {dagbag.py:537} INFO - Filling up the DagBag from /opt/airflow/dags/producer.py
[2024-09-28T02:51:42.522+0000] {processor.py:766} INFO - DAG(s) dict_keys(['producer']) retrieved from /opt/airflow/dags/producer.py
[2024-09-28T02:51:42.896+0000] {logging_mixin.py:120} INFO - [2024-09-28T02:51:42.895+0000] {dag.py:2585} INFO - Sync 1 DAGs
[2024-09-28T02:51:43.195+0000] {logging_mixin.py:120} INFO - [2024-09-28T02:51:43.194+0000] {dag.py:3340} INFO - Setting next_dagrun for producer to 2024-09-28T00:00:00+00:00, run_after=2024-09-29T00:00:00+00:00
[2024-09-28T02:51:43.402+0000] {processor.py:176} INFO - Processing /opt/airflow/dags/producer.py took 1.186 seconds
[2024-09-28T02:52:13.769+0000] {processor.py:154} INFO - Started process (PID=17451) to work on /opt/airflow/dags/producer.py
[2024-09-28T02:52:13.778+0000] {processor.py:756} INFO - Processing file /opt/airflow/dags/producer.py for tasks to queue
[2024-09-28T02:52:13.785+0000] {logging_mixin.py:120} INFO - [2024-09-28T02:52:13.784+0000] {dagbag.py:537} INFO - Filling up the DagBag from /opt/airflow/dags/producer.py
[2024-09-28T02:52:13.975+0000] {processor.py:766} INFO - DAG(s) dict_keys(['producer']) retrieved from /opt/airflow/dags/producer.py
[2024-09-28T02:52:14.253+0000] {logging_mixin.py:120} INFO - [2024-09-28T02:52:14.251+0000] {dag.py:2585} INFO - Sync 1 DAGs
[2024-09-28T02:52:14.438+0000] {logging_mixin.py:120} INFO - [2024-09-28T02:52:14.437+0000] {dag.py:3340} INFO - Setting next_dagrun for producer to 2024-09-28T00:00:00+00:00, run_after=2024-09-29T00:00:00+00:00
[2024-09-28T02:52:14.584+0000] {processor.py:176} INFO - Processing /opt/airflow/dags/producer.py took 0.844 seconds
[2024-09-28T02:52:44.822+0000] {processor.py:154} INFO - Started process (PID=17505) to work on /opt/airflow/dags/producer.py
[2024-09-28T02:52:44.827+0000] {processor.py:756} INFO - Processing file /opt/airflow/dags/producer.py for tasks to queue
[2024-09-28T02:52:44.833+0000] {logging_mixin.py:120} INFO - [2024-09-28T02:52:44.832+0000] {dagbag.py:537} INFO - Filling up the DagBag from /opt/airflow/dags/producer.py
[2024-09-28T02:52:44.999+0000] {processor.py:766} INFO - DAG(s) dict_keys(['producer']) retrieved from /opt/airflow/dags/producer.py
[2024-09-28T02:52:45.239+0000] {logging_mixin.py:120} INFO - [2024-09-28T02:52:45.238+0000] {dag.py:2585} INFO - Sync 1 DAGs
[2024-09-28T02:52:45.397+0000] {logging_mixin.py:120} INFO - [2024-09-28T02:52:45.396+0000] {dag.py:3340} INFO - Setting next_dagrun for producer to 2024-09-28T00:00:00+00:00, run_after=2024-09-29T00:00:00+00:00
[2024-09-28T02:52:45.515+0000] {processor.py:176} INFO - Processing /opt/airflow/dags/producer.py took 0.714 seconds
[2024-09-28T02:53:16.211+0000] {processor.py:154} INFO - Started process (PID=17568) to work on /opt/airflow/dags/producer.py
[2024-09-28T02:53:16.223+0000] {processor.py:756} INFO - Processing file /opt/airflow/dags/producer.py for tasks to queue
[2024-09-28T02:53:16.230+0000] {logging_mixin.py:120} INFO - [2024-09-28T02:53:16.229+0000] {dagbag.py:537} INFO - Filling up the DagBag from /opt/airflow/dags/producer.py
[2024-09-28T02:53:16.364+0000] {processor.py:766} INFO - DAG(s) dict_keys(['producer']) retrieved from /opt/airflow/dags/producer.py
[2024-09-28T02:53:16.622+0000] {logging_mixin.py:120} INFO - [2024-09-28T02:53:16.621+0000] {dag.py:2585} INFO - Sync 1 DAGs
[2024-09-28T02:53:16.817+0000] {logging_mixin.py:120} INFO - [2024-09-28T02:53:16.816+0000] {dag.py:3340} INFO - Setting next_dagrun for producer to 2024-09-28T00:00:00+00:00, run_after=2024-09-29T00:00:00+00:00
[2024-09-28T02:53:16.971+0000] {processor.py:176} INFO - Processing /opt/airflow/dags/producer.py took 0.787 seconds
[2024-09-28T02:53:47.391+0000] {processor.py:154} INFO - Started process (PID=17631) to work on /opt/airflow/dags/producer.py
[2024-09-28T02:53:47.399+0000] {processor.py:756} INFO - Processing file /opt/airflow/dags/producer.py for tasks to queue
[2024-09-28T02:53:47.403+0000] {logging_mixin.py:120} INFO - [2024-09-28T02:53:47.402+0000] {dagbag.py:537} INFO - Filling up the DagBag from /opt/airflow/dags/producer.py
[2024-09-28T02:53:47.527+0000] {processor.py:766} INFO - DAG(s) dict_keys(['producer']) retrieved from /opt/airflow/dags/producer.py
[2024-09-28T02:53:47.755+0000] {logging_mixin.py:120} INFO - [2024-09-28T02:53:47.754+0000] {dag.py:2585} INFO - Sync 1 DAGs
[2024-09-28T02:53:47.935+0000] {logging_mixin.py:120} INFO - [2024-09-28T02:53:47.934+0000] {dag.py:3340} INFO - Setting next_dagrun for producer to 2024-09-28T00:00:00+00:00, run_after=2024-09-29T00:00:00+00:00
[2024-09-28T02:53:48.039+0000] {processor.py:176} INFO - Processing /opt/airflow/dags/producer.py took 0.666 seconds
[2024-09-28T02:54:18.524+0000] {processor.py:154} INFO - Started process (PID=17694) to work on /opt/airflow/dags/producer.py
[2024-09-28T02:54:18.529+0000] {processor.py:756} INFO - Processing file /opt/airflow/dags/producer.py for tasks to queue
[2024-09-28T02:54:18.532+0000] {logging_mixin.py:120} INFO - [2024-09-28T02:54:18.532+0000] {dagbag.py:537} INFO - Filling up the DagBag from /opt/airflow/dags/producer.py
[2024-09-28T02:54:18.681+0000] {processor.py:766} INFO - DAG(s) dict_keys(['producer']) retrieved from /opt/airflow/dags/producer.py
[2024-09-28T02:54:18.996+0000] {logging_mixin.py:120} INFO - [2024-09-28T02:54:18.995+0000] {dag.py:2585} INFO - Sync 1 DAGs
[2024-09-28T02:54:19.181+0000] {logging_mixin.py:120} INFO - [2024-09-28T02:54:19.180+0000] {dag.py:3340} INFO - Setting next_dagrun for producer to 2024-09-28T00:00:00+00:00, run_after=2024-09-29T00:00:00+00:00
[2024-09-28T02:54:19.307+0000] {processor.py:176} INFO - Processing /opt/airflow/dags/producer.py took 0.803 seconds
[2024-09-28T02:54:49.673+0000] {processor.py:154} INFO - Started process (PID=17757) to work on /opt/airflow/dags/producer.py
[2024-09-28T02:54:49.680+0000] {processor.py:756} INFO - Processing file /opt/airflow/dags/producer.py for tasks to queue
[2024-09-28T02:54:49.685+0000] {logging_mixin.py:120} INFO - [2024-09-28T02:54:49.684+0000] {dagbag.py:537} INFO - Filling up the DagBag from /opt/airflow/dags/producer.py
[2024-09-28T02:54:49.780+0000] {processor.py:766} INFO - DAG(s) dict_keys(['producer']) retrieved from /opt/airflow/dags/producer.py
[2024-09-28T02:54:49.939+0000] {logging_mixin.py:120} INFO - [2024-09-28T02:54:49.939+0000] {dag.py:2585} INFO - Sync 1 DAGs
[2024-09-28T02:54:50.064+0000] {logging_mixin.py:120} INFO - [2024-09-28T02:54:50.063+0000] {dag.py:3340} INFO - Setting next_dagrun for producer to 2024-09-28T00:00:00+00:00, run_after=2024-09-29T00:00:00+00:00
[2024-09-28T02:54:50.156+0000] {processor.py:176} INFO - Processing /opt/airflow/dags/producer.py took 0.499 seconds
[2024-09-28T02:55:20.604+0000] {processor.py:154} INFO - Started process (PID=17820) to work on /opt/airflow/dags/producer.py
[2024-09-28T02:55:20.609+0000] {processor.py:756} INFO - Processing file /opt/airflow/dags/producer.py for tasks to queue
[2024-09-28T02:55:20.613+0000] {logging_mixin.py:120} INFO - [2024-09-28T02:55:20.612+0000] {dagbag.py:537} INFO - Filling up the DagBag from /opt/airflow/dags/producer.py
[2024-09-28T02:55:20.736+0000] {processor.py:766} INFO - DAG(s) dict_keys(['producer']) retrieved from /opt/airflow/dags/producer.py
[2024-09-28T02:55:20.931+0000] {logging_mixin.py:120} INFO - [2024-09-28T02:55:20.931+0000] {dag.py:2585} INFO - Sync 1 DAGs
[2024-09-28T02:55:21.090+0000] {logging_mixin.py:120} INFO - [2024-09-28T02:55:21.090+0000] {dag.py:3340} INFO - Setting next_dagrun for producer to 2024-09-28T00:00:00+00:00, run_after=2024-09-29T00:00:00+00:00
[2024-09-28T02:55:21.221+0000] {processor.py:176} INFO - Processing /opt/airflow/dags/producer.py took 0.631 seconds
[2024-09-28T02:55:51.780+0000] {processor.py:154} INFO - Started process (PID=17883) to work on /opt/airflow/dags/producer.py
[2024-09-28T02:55:51.786+0000] {processor.py:756} INFO - Processing file /opt/airflow/dags/producer.py for tasks to queue
[2024-09-28T02:55:51.790+0000] {logging_mixin.py:120} INFO - [2024-09-28T02:55:51.789+0000] {dagbag.py:537} INFO - Filling up the DagBag from /opt/airflow/dags/producer.py
[2024-09-28T02:55:51.958+0000] {processor.py:766} INFO - DAG(s) dict_keys(['producer']) retrieved from /opt/airflow/dags/producer.py
[2024-09-28T02:55:52.248+0000] {logging_mixin.py:120} INFO - [2024-09-28T02:55:52.247+0000] {dag.py:2585} INFO - Sync 1 DAGs
[2024-09-28T02:55:52.469+0000] {logging_mixin.py:120} INFO - [2024-09-28T02:55:52.468+0000] {dag.py:3340} INFO - Setting next_dagrun for producer to 2024-09-28T00:00:00+00:00, run_after=2024-09-29T00:00:00+00:00
[2024-09-28T02:55:52.638+0000] {processor.py:176} INFO - Processing /opt/airflow/dags/producer.py took 0.877 seconds
[2024-09-28T03:11:31.110+0000] {processor.py:154} INFO - Started process (PID=17912) to work on /opt/airflow/dags/producer.py
[2024-09-28T03:11:31.117+0000] {processor.py:756} INFO - Processing file /opt/airflow/dags/producer.py for tasks to queue
[2024-09-28T03:11:31.125+0000] {logging_mixin.py:120} INFO - [2024-09-28T03:11:31.123+0000] {dagbag.py:537} INFO - Filling up the DagBag from /opt/airflow/dags/producer.py
[2024-09-28T03:11:31.382+0000] {processor.py:766} INFO - DAG(s) dict_keys(['producer']) retrieved from /opt/airflow/dags/producer.py
[2024-09-28T03:11:31.758+0000] {logging_mixin.py:120} INFO - [2024-09-28T03:11:31.758+0000] {dag.py:2585} INFO - Sync 1 DAGs
[2024-09-28T03:11:32.097+0000] {logging_mixin.py:120} INFO - [2024-09-28T03:11:32.096+0000] {dag.py:3340} INFO - Setting next_dagrun for producer to 2024-09-28T00:00:00+00:00, run_after=2024-09-29T00:00:00+00:00
[2024-09-28T03:11:32.309+0000] {processor.py:176} INFO - Processing /opt/airflow/dags/producer.py took 1.231 seconds
[2024-09-28T03:12:04.478+0000] {processor.py:154} INFO - Started process (PID=17973) to work on /opt/airflow/dags/producer.py
[2024-09-28T03:12:04.487+0000] {processor.py:756} INFO - Processing file /opt/airflow/dags/producer.py for tasks to queue
[2024-09-28T03:12:04.493+0000] {logging_mixin.py:120} INFO - [2024-09-28T03:12:04.492+0000] {dagbag.py:537} INFO - Filling up the DagBag from /opt/airflow/dags/producer.py
[2024-09-28T03:12:04.752+0000] {processor.py:766} INFO - DAG(s) dict_keys(['producer']) retrieved from /opt/airflow/dags/producer.py
[2024-09-28T03:12:05.145+0000] {logging_mixin.py:120} INFO - [2024-09-28T03:12:05.145+0000] {dag.py:2585} INFO - Sync 1 DAGs
[2024-09-28T03:12:05.464+0000] {logging_mixin.py:120} INFO - [2024-09-28T03:12:05.463+0000] {dag.py:3340} INFO - Setting next_dagrun for producer to 2024-09-28T00:00:00+00:00, run_after=2024-09-29T00:00:00+00:00
[2024-09-28T03:12:05.662+0000] {processor.py:176} INFO - Processing /opt/airflow/dags/producer.py took 1.207 seconds
[2024-09-28T03:12:35.818+0000] {processor.py:154} INFO - Started process (PID=18027) to work on /opt/airflow/dags/producer.py
[2024-09-28T03:12:35.826+0000] {processor.py:756} INFO - Processing file /opt/airflow/dags/producer.py for tasks to queue
[2024-09-28T03:12:35.833+0000] {logging_mixin.py:120} INFO - [2024-09-28T03:12:35.832+0000] {dagbag.py:537} INFO - Filling up the DagBag from /opt/airflow/dags/producer.py
[2024-09-28T03:12:36.001+0000] {processor.py:766} INFO - DAG(s) dict_keys(['producer']) retrieved from /opt/airflow/dags/producer.py
[2024-09-28T03:12:36.270+0000] {logging_mixin.py:120} INFO - [2024-09-28T03:12:36.270+0000] {dag.py:2585} INFO - Sync 1 DAGs
[2024-09-28T03:12:36.470+0000] {logging_mixin.py:120} INFO - [2024-09-28T03:12:36.469+0000] {dag.py:3340} INFO - Setting next_dagrun for producer to 2024-09-28T00:00:00+00:00, run_after=2024-09-29T00:00:00+00:00
[2024-09-28T03:12:36.635+0000] {processor.py:176} INFO - Processing /opt/airflow/dags/producer.py took 0.836 seconds
[2024-09-28T03:13:06.799+0000] {processor.py:154} INFO - Started process (PID=18090) to work on /opt/airflow/dags/producer.py
[2024-09-28T03:13:06.806+0000] {processor.py:756} INFO - Processing file /opt/airflow/dags/producer.py for tasks to queue
[2024-09-28T03:13:06.812+0000] {logging_mixin.py:120} INFO - [2024-09-28T03:13:06.811+0000] {dagbag.py:537} INFO - Filling up the DagBag from /opt/airflow/dags/producer.py
[2024-09-28T03:13:07.015+0000] {processor.py:766} INFO - DAG(s) dict_keys(['producer']) retrieved from /opt/airflow/dags/producer.py
[2024-09-28T03:13:07.308+0000] {logging_mixin.py:120} INFO - [2024-09-28T03:13:07.307+0000] {dag.py:2585} INFO - Sync 1 DAGs
[2024-09-28T03:13:07.507+0000] {logging_mixin.py:120} INFO - [2024-09-28T03:13:07.506+0000] {dag.py:3340} INFO - Setting next_dagrun for producer to 2024-09-28T00:00:00+00:00, run_after=2024-09-29T00:00:00+00:00
[2024-09-28T03:13:07.645+0000] {processor.py:176} INFO - Processing /opt/airflow/dags/producer.py took 0.873 seconds
[2024-09-28T03:13:38.415+0000] {processor.py:154} INFO - Started process (PID=18153) to work on /opt/airflow/dags/producer.py
[2024-09-28T03:13:38.424+0000] {processor.py:756} INFO - Processing file /opt/airflow/dags/producer.py for tasks to queue
[2024-09-28T03:13:38.428+0000] {logging_mixin.py:120} INFO - [2024-09-28T03:13:38.428+0000] {dagbag.py:537} INFO - Filling up the DagBag from /opt/airflow/dags/producer.py
[2024-09-28T03:13:38.546+0000] {processor.py:766} INFO - DAG(s) dict_keys(['producer']) retrieved from /opt/airflow/dags/producer.py
[2024-09-28T03:13:38.750+0000] {logging_mixin.py:120} INFO - [2024-09-28T03:13:38.749+0000] {dag.py:2585} INFO - Sync 1 DAGs
[2024-09-28T03:13:38.905+0000] {logging_mixin.py:120} INFO - [2024-09-28T03:13:38.905+0000] {dag.py:3340} INFO - Setting next_dagrun for producer to 2024-09-28T00:00:00+00:00, run_after=2024-09-29T00:00:00+00:00
[2024-09-28T03:13:39.019+0000] {processor.py:176} INFO - Processing /opt/airflow/dags/producer.py took 0.631 seconds
[2024-09-28T03:14:09.605+0000] {processor.py:154} INFO - Started process (PID=18214) to work on /opt/airflow/dags/producer.py
[2024-09-28T03:14:09.610+0000] {processor.py:756} INFO - Processing file /opt/airflow/dags/producer.py for tasks to queue
[2024-09-28T03:14:09.614+0000] {logging_mixin.py:120} INFO - [2024-09-28T03:14:09.613+0000] {dagbag.py:537} INFO - Filling up the DagBag from /opt/airflow/dags/producer.py
[2024-09-28T03:14:09.734+0000] {processor.py:766} INFO - DAG(s) dict_keys(['producer']) retrieved from /opt/airflow/dags/producer.py
[2024-09-28T03:14:09.963+0000] {logging_mixin.py:120} INFO - [2024-09-28T03:14:09.962+0000] {dag.py:2585} INFO - Sync 1 DAGs
[2024-09-28T03:14:10.132+0000] {logging_mixin.py:120} INFO - [2024-09-28T03:14:10.132+0000] {dag.py:3340} INFO - Setting next_dagrun for producer to 2024-09-28T00:00:00+00:00, run_after=2024-09-29T00:00:00+00:00
[2024-09-28T03:14:10.236+0000] {processor.py:176} INFO - Processing /opt/airflow/dags/producer.py took 0.647 seconds
[2024-09-28T03:14:40.555+0000] {processor.py:154} INFO - Started process (PID=18279) to work on /opt/airflow/dags/producer.py
[2024-09-28T03:14:40.560+0000] {processor.py:756} INFO - Processing file /opt/airflow/dags/producer.py for tasks to queue
[2024-09-28T03:14:40.563+0000] {logging_mixin.py:120} INFO - [2024-09-28T03:14:40.562+0000] {dagbag.py:537} INFO - Filling up the DagBag from /opt/airflow/dags/producer.py
[2024-09-28T03:14:40.649+0000] {processor.py:766} INFO - DAG(s) dict_keys(['producer']) retrieved from /opt/airflow/dags/producer.py
[2024-09-28T03:14:40.798+0000] {logging_mixin.py:120} INFO - [2024-09-28T03:14:40.798+0000] {dag.py:2585} INFO - Sync 1 DAGs
[2024-09-28T03:14:40.897+0000] {logging_mixin.py:120} INFO - [2024-09-28T03:14:40.896+0000] {dag.py:3340} INFO - Setting next_dagrun for producer to 2024-09-28T00:00:00+00:00, run_after=2024-09-29T00:00:00+00:00
[2024-09-28T03:14:40.973+0000] {processor.py:176} INFO - Processing /opt/airflow/dags/producer.py took 0.430 seconds
[2024-09-28T03:30:27.763+0000] {processor.py:154} INFO - Started process (PID=18309) to work on /opt/airflow/dags/producer.py
[2024-09-28T03:30:27.772+0000] {processor.py:756} INFO - Processing file /opt/airflow/dags/producer.py for tasks to queue
[2024-09-28T03:30:27.781+0000] {logging_mixin.py:120} INFO - [2024-09-28T03:30:27.780+0000] {dagbag.py:537} INFO - Filling up the DagBag from /opt/airflow/dags/producer.py
[2024-09-28T03:30:27.998+0000] {processor.py:766} INFO - DAG(s) dict_keys(['producer']) retrieved from /opt/airflow/dags/producer.py
[2024-09-28T03:30:28.361+0000] {logging_mixin.py:120} INFO - [2024-09-28T03:30:28.360+0000] {dag.py:2585} INFO - Sync 1 DAGs
[2024-09-28T03:30:28.608+0000] {logging_mixin.py:120} INFO - [2024-09-28T03:30:28.607+0000] {dag.py:3340} INFO - Setting next_dagrun for producer to 2024-09-28T00:00:00+00:00, run_after=2024-09-29T00:00:00+00:00
[2024-09-28T03:30:28.801+0000] {processor.py:176} INFO - Processing /opt/airflow/dags/producer.py took 1.073 seconds
[2024-09-28T03:31:02.020+0000] {processor.py:154} INFO - Started process (PID=18372) to work on /opt/airflow/dags/producer.py
[2024-09-28T03:31:02.032+0000] {processor.py:756} INFO - Processing file /opt/airflow/dags/producer.py for tasks to queue
[2024-09-28T03:31:02.039+0000] {logging_mixin.py:120} INFO - [2024-09-28T03:31:02.038+0000] {dagbag.py:537} INFO - Filling up the DagBag from /opt/airflow/dags/producer.py
[2024-09-28T03:31:02.283+0000] {processor.py:766} INFO - DAG(s) dict_keys(['producer']) retrieved from /opt/airflow/dags/producer.py
[2024-09-28T03:31:02.657+0000] {logging_mixin.py:120} INFO - [2024-09-28T03:31:02.656+0000] {dag.py:2585} INFO - Sync 1 DAGs
[2024-09-28T03:31:02.990+0000] {logging_mixin.py:120} INFO - [2024-09-28T03:31:02.989+0000] {dag.py:3340} INFO - Setting next_dagrun for producer to 2024-09-28T00:00:00+00:00, run_after=2024-09-29T00:00:00+00:00
[2024-09-28T03:31:03.241+0000] {processor.py:176} INFO - Processing /opt/airflow/dags/producer.py took 1.255 seconds
[2024-09-28T03:31:33.683+0000] {processor.py:154} INFO - Started process (PID=18433) to work on /opt/airflow/dags/producer.py
[2024-09-28T03:31:33.690+0000] {processor.py:756} INFO - Processing file /opt/airflow/dags/producer.py for tasks to queue
[2024-09-28T03:31:33.696+0000] {logging_mixin.py:120} INFO - [2024-09-28T03:31:33.695+0000] {dagbag.py:537} INFO - Filling up the DagBag from /opt/airflow/dags/producer.py
[2024-09-28T03:31:33.836+0000] {processor.py:766} INFO - DAG(s) dict_keys(['producer']) retrieved from /opt/airflow/dags/producer.py
[2024-09-28T03:31:34.175+0000] {logging_mixin.py:120} INFO - [2024-09-28T03:31:34.173+0000] {dag.py:2585} INFO - Sync 1 DAGs
[2024-09-28T03:31:34.481+0000] {logging_mixin.py:120} INFO - [2024-09-28T03:31:34.479+0000] {dag.py:3340} INFO - Setting next_dagrun for producer to 2024-09-28T00:00:00+00:00, run_after=2024-09-29T00:00:00+00:00
[2024-09-28T03:31:34.693+0000] {processor.py:176} INFO - Processing /opt/airflow/dags/producer.py took 1.038 seconds
[2024-09-28T03:32:05.524+0000] {processor.py:154} INFO - Started process (PID=18489) to work on /opt/airflow/dags/producer.py
[2024-09-28T03:32:05.531+0000] {processor.py:756} INFO - Processing file /opt/airflow/dags/producer.py for tasks to queue
[2024-09-28T03:32:05.535+0000] {logging_mixin.py:120} INFO - [2024-09-28T03:32:05.535+0000] {dagbag.py:537} INFO - Filling up the DagBag from /opt/airflow/dags/producer.py
[2024-09-28T03:32:05.704+0000] {processor.py:766} INFO - DAG(s) dict_keys(['producer']) retrieved from /opt/airflow/dags/producer.py
[2024-09-28T03:32:05.977+0000] {logging_mixin.py:120} INFO - [2024-09-28T03:32:05.976+0000] {dag.py:2585} INFO - Sync 1 DAGs
[2024-09-28T03:32:06.164+0000] {logging_mixin.py:120} INFO - [2024-09-28T03:32:06.163+0000] {dag.py:3340} INFO - Setting next_dagrun for producer to 2024-09-28T00:00:00+00:00, run_after=2024-09-29T00:00:00+00:00
[2024-09-28T03:32:06.287+0000] {processor.py:176} INFO - Processing /opt/airflow/dags/producer.py took 0.788 seconds
[2024-09-28T03:32:36.457+0000] {processor.py:154} INFO - Started process (PID=18552) to work on /opt/airflow/dags/producer.py
[2024-09-28T03:32:36.464+0000] {processor.py:756} INFO - Processing file /opt/airflow/dags/producer.py for tasks to queue
[2024-09-28T03:32:36.468+0000] {logging_mixin.py:120} INFO - [2024-09-28T03:32:36.467+0000] {dagbag.py:537} INFO - Filling up the DagBag from /opt/airflow/dags/producer.py
[2024-09-28T03:32:36.621+0000] {processor.py:766} INFO - DAG(s) dict_keys(['producer']) retrieved from /opt/airflow/dags/producer.py
[2024-09-28T03:32:36.800+0000] {logging_mixin.py:120} INFO - [2024-09-28T03:32:36.799+0000] {dag.py:2585} INFO - Sync 1 DAGs
[2024-09-28T03:32:36.924+0000] {logging_mixin.py:120} INFO - [2024-09-28T03:32:36.924+0000] {dag.py:3340} INFO - Setting next_dagrun for producer to 2024-09-28T00:00:00+00:00, run_after=2024-09-29T00:00:00+00:00
[2024-09-28T03:32:37.024+0000] {processor.py:176} INFO - Processing /opt/airflow/dags/producer.py took 0.598 seconds
[2024-09-28T03:33:07.269+0000] {processor.py:154} INFO - Started process (PID=18615) to work on /opt/airflow/dags/producer.py
[2024-09-28T03:33:07.274+0000] {processor.py:756} INFO - Processing file /opt/airflow/dags/producer.py for tasks to queue
[2024-09-28T03:33:07.280+0000] {logging_mixin.py:120} INFO - [2024-09-28T03:33:07.279+0000] {dagbag.py:537} INFO - Filling up the DagBag from /opt/airflow/dags/producer.py
[2024-09-28T03:33:07.420+0000] {processor.py:766} INFO - DAG(s) dict_keys(['producer']) retrieved from /opt/airflow/dags/producer.py
[2024-09-28T03:33:07.678+0000] {logging_mixin.py:120} INFO - [2024-09-28T03:33:07.677+0000] {dag.py:2585} INFO - Sync 1 DAGs
[2024-09-28T03:33:07.883+0000] {logging_mixin.py:120} INFO - [2024-09-28T03:33:07.882+0000] {dag.py:3340} INFO - Setting next_dagrun for producer to 2024-09-28T00:00:00+00:00, run_after=2024-09-29T00:00:00+00:00
[2024-09-28T03:33:08.043+0000] {processor.py:176} INFO - Processing /opt/airflow/dags/producer.py took 0.798 seconds
[2024-09-28T03:33:38.664+0000] {processor.py:154} INFO - Started process (PID=18678) to work on /opt/airflow/dags/producer.py
[2024-09-28T03:33:38.669+0000] {processor.py:756} INFO - Processing file /opt/airflow/dags/producer.py for tasks to queue
[2024-09-28T03:33:38.674+0000] {logging_mixin.py:120} INFO - [2024-09-28T03:33:38.673+0000] {dagbag.py:537} INFO - Filling up the DagBag from /opt/airflow/dags/producer.py
[2024-09-28T03:33:38.788+0000] {processor.py:766} INFO - DAG(s) dict_keys(['producer']) retrieved from /opt/airflow/dags/producer.py
[2024-09-28T03:33:38.992+0000] {logging_mixin.py:120} INFO - [2024-09-28T03:33:38.992+0000] {dag.py:2585} INFO - Sync 1 DAGs
[2024-09-28T03:33:39.143+0000] {logging_mixin.py:120} INFO - [2024-09-28T03:33:39.142+0000] {dag.py:3340} INFO - Setting next_dagrun for producer to 2024-09-28T00:00:00+00:00, run_after=2024-09-29T00:00:00+00:00
[2024-09-28T03:33:39.257+0000] {processor.py:176} INFO - Processing /opt/airflow/dags/producer.py took 0.609 seconds
[2024-09-28T03:34:23.827+0000] {processor.py:154} INFO - Started process (PID=18707) to work on /opt/airflow/dags/producer.py
[2024-09-28T03:34:23.832+0000] {processor.py:756} INFO - Processing file /opt/airflow/dags/producer.py for tasks to queue
[2024-09-28T03:34:23.833+0000] {logging_mixin.py:120} INFO - [2024-09-28T03:34:23.832+0000] {dagbag.py:537} INFO - Filling up the DagBag from /opt/airflow/dags/producer.py
[2024-09-28T03:34:23.866+0000] {processor.py:766} INFO - DAG(s) dict_keys(['producer']) retrieved from /opt/airflow/dags/producer.py
[2024-09-28T03:34:23.927+0000] {logging_mixin.py:120} INFO - [2024-09-28T03:34:23.927+0000] {dag.py:2585} INFO - Sync 1 DAGs
[2024-09-28T03:34:23.979+0000] {logging_mixin.py:120} INFO - [2024-09-28T03:34:23.979+0000] {dag.py:3340} INFO - Setting next_dagrun for producer to 2024-09-28T00:00:00+00:00, run_after=2024-09-29T00:00:00+00:00
[2024-09-28T03:34:24.023+0000] {processor.py:176} INFO - Processing /opt/airflow/dags/producer.py took 0.200 seconds
[2024-09-28T03:34:55.333+0000] {processor.py:154} INFO - Started process (PID=18771) to work on /opt/airflow/dags/producer.py
[2024-09-28T03:34:55.342+0000] {processor.py:756} INFO - Processing file /opt/airflow/dags/producer.py for tasks to queue
[2024-09-28T03:34:55.348+0000] {logging_mixin.py:120} INFO - [2024-09-28T03:34:55.347+0000] {dagbag.py:537} INFO - Filling up the DagBag from /opt/airflow/dags/producer.py
[2024-09-28T03:34:55.507+0000] {processor.py:766} INFO - DAG(s) dict_keys(['producer']) retrieved from /opt/airflow/dags/producer.py
[2024-09-28T03:34:55.827+0000] {logging_mixin.py:120} INFO - [2024-09-28T03:34:55.826+0000] {dag.py:2585} INFO - Sync 1 DAGs
[2024-09-28T03:34:56.052+0000] {logging_mixin.py:120} INFO - [2024-09-28T03:34:56.051+0000] {dag.py:3340} INFO - Setting next_dagrun for producer to 2024-09-28T00:00:00+00:00, run_after=2024-09-29T00:00:00+00:00
[2024-09-28T03:34:56.214+0000] {processor.py:176} INFO - Processing /opt/airflow/dags/producer.py took 0.905 seconds
[2024-09-28T03:35:26.545+0000] {processor.py:154} INFO - Started process (PID=18825) to work on /opt/airflow/dags/producer.py
[2024-09-28T03:35:26.553+0000] {processor.py:756} INFO - Processing file /opt/airflow/dags/producer.py for tasks to queue
[2024-09-28T03:35:26.557+0000] {logging_mixin.py:120} INFO - [2024-09-28T03:35:26.556+0000] {dagbag.py:537} INFO - Filling up the DagBag from /opt/airflow/dags/producer.py
[2024-09-28T03:35:26.748+0000] {processor.py:766} INFO - DAG(s) dict_keys(['producer']) retrieved from /opt/airflow/dags/producer.py
[2024-09-28T03:35:27.059+0000] {logging_mixin.py:120} INFO - [2024-09-28T03:35:27.057+0000] {dag.py:2585} INFO - Sync 1 DAGs
[2024-09-28T03:35:27.235+0000] {logging_mixin.py:120} INFO - [2024-09-28T03:35:27.234+0000] {dag.py:3340} INFO - Setting next_dagrun for producer to 2024-09-28T00:00:00+00:00, run_after=2024-09-29T00:00:00+00:00
[2024-09-28T03:35:27.361+0000] {processor.py:176} INFO - Processing /opt/airflow/dags/producer.py took 0.845 seconds
[2024-09-28T03:35:58.037+0000] {processor.py:154} INFO - Started process (PID=18888) to work on /opt/airflow/dags/producer.py
[2024-09-28T03:35:58.043+0000] {processor.py:756} INFO - Processing file /opt/airflow/dags/producer.py for tasks to queue
[2024-09-28T03:35:58.048+0000] {logging_mixin.py:120} INFO - [2024-09-28T03:35:58.047+0000] {dagbag.py:537} INFO - Filling up the DagBag from /opt/airflow/dags/producer.py
[2024-09-28T03:35:58.180+0000] {processor.py:766} INFO - DAG(s) dict_keys(['producer']) retrieved from /opt/airflow/dags/producer.py
[2024-09-28T03:35:58.403+0000] {logging_mixin.py:120} INFO - [2024-09-28T03:35:58.403+0000] {dag.py:2585} INFO - Sync 1 DAGs
[2024-09-28T03:35:58.587+0000] {logging_mixin.py:120} INFO - [2024-09-28T03:35:58.587+0000] {dag.py:3340} INFO - Setting next_dagrun for producer to 2024-09-28T00:00:00+00:00, run_after=2024-09-29T00:00:00+00:00
[2024-09-28T03:35:58.754+0000] {processor.py:176} INFO - Processing /opt/airflow/dags/producer.py took 0.736 seconds
[2024-09-28T03:36:28.996+0000] {processor.py:154} INFO - Started process (PID=18951) to work on /opt/airflow/dags/producer.py
[2024-09-28T03:36:29.003+0000] {processor.py:756} INFO - Processing file /opt/airflow/dags/producer.py for tasks to queue
[2024-09-28T03:36:29.007+0000] {logging_mixin.py:120} INFO - [2024-09-28T03:36:29.007+0000] {dagbag.py:537} INFO - Filling up the DagBag from /opt/airflow/dags/producer.py
[2024-09-28T03:36:29.124+0000] {processor.py:766} INFO - DAG(s) dict_keys(['producer']) retrieved from /opt/airflow/dags/producer.py
[2024-09-28T03:36:29.372+0000] {logging_mixin.py:120} INFO - [2024-09-28T03:36:29.371+0000] {dag.py:2585} INFO - Sync 1 DAGs
[2024-09-28T03:36:29.598+0000] {logging_mixin.py:120} INFO - [2024-09-28T03:36:29.597+0000] {dag.py:3340} INFO - Setting next_dagrun for producer to 2024-09-28T00:00:00+00:00, run_after=2024-09-29T00:00:00+00:00
[2024-09-28T03:36:29.710+0000] {processor.py:176} INFO - Processing /opt/airflow/dags/producer.py took 0.737 seconds
[2024-09-28T03:51:16.904+0000] {processor.py:154} INFO - Started process (PID=19005) to work on /opt/airflow/dags/producer.py
[2024-09-28T03:51:16.906+0000] {processor.py:756} INFO - Processing file /opt/airflow/dags/producer.py for tasks to queue
[2024-09-28T03:51:16.907+0000] {logging_mixin.py:120} INFO - [2024-09-28T03:51:16.907+0000] {dagbag.py:537} INFO - Filling up the DagBag from /opt/airflow/dags/producer.py
[2024-09-28T03:51:16.964+0000] {processor.py:766} INFO - DAG(s) dict_keys(['producer']) retrieved from /opt/airflow/dags/producer.py
[2024-09-28T03:51:17.036+0000] {logging_mixin.py:120} INFO - [2024-09-28T03:51:17.036+0000] {dag.py:2585} INFO - Sync 1 DAGs
[2024-09-28T03:51:17.093+0000] {logging_mixin.py:120} INFO - [2024-09-28T03:51:17.093+0000] {dag.py:3340} INFO - Setting next_dagrun for producer to 2024-09-28T00:00:00+00:00, run_after=2024-09-29T00:00:00+00:00
[2024-09-28T03:51:17.150+0000] {processor.py:176} INFO - Processing /opt/airflow/dags/producer.py took 0.251 seconds
[2024-09-28T03:51:49.731+0000] {processor.py:154} INFO - Started process (PID=19067) to work on /opt/airflow/dags/producer.py
[2024-09-28T03:51:49.739+0000] {processor.py:756} INFO - Processing file /opt/airflow/dags/producer.py for tasks to queue
[2024-09-28T03:51:49.749+0000] {logging_mixin.py:120} INFO - [2024-09-28T03:51:49.747+0000] {dagbag.py:537} INFO - Filling up the DagBag from /opt/airflow/dags/producer.py
[2024-09-28T03:51:49.935+0000] {processor.py:766} INFO - DAG(s) dict_keys(['producer']) retrieved from /opt/airflow/dags/producer.py
[2024-09-28T03:51:50.248+0000] {logging_mixin.py:120} INFO - [2024-09-28T03:51:50.247+0000] {dag.py:2585} INFO - Sync 1 DAGs
[2024-09-28T03:51:50.433+0000] {logging_mixin.py:120} INFO - [2024-09-28T03:51:50.433+0000] {dag.py:3340} INFO - Setting next_dagrun for producer to 2024-09-28T00:00:00+00:00, run_after=2024-09-29T00:00:00+00:00
[2024-09-28T03:51:50.589+0000] {processor.py:176} INFO - Processing /opt/airflow/dags/producer.py took 0.885 seconds
[2024-09-28T03:52:21.361+0000] {processor.py:154} INFO - Started process (PID=19129) to work on /opt/airflow/dags/producer.py
[2024-09-28T03:52:21.370+0000] {processor.py:756} INFO - Processing file /opt/airflow/dags/producer.py for tasks to queue
[2024-09-28T03:52:21.377+0000] {logging_mixin.py:120} INFO - [2024-09-28T03:52:21.376+0000] {dagbag.py:537} INFO - Filling up the DagBag from /opt/airflow/dags/producer.py
[2024-09-28T03:52:21.574+0000] {processor.py:766} INFO - DAG(s) dict_keys(['producer']) retrieved from /opt/airflow/dags/producer.py
[2024-09-28T03:52:21.884+0000] {logging_mixin.py:120} INFO - [2024-09-28T03:52:21.883+0000] {dag.py:2585} INFO - Sync 1 DAGs
[2024-09-28T03:52:22.099+0000] {logging_mixin.py:120} INFO - [2024-09-28T03:52:22.097+0000] {dag.py:3340} INFO - Setting next_dagrun for producer to 2024-09-28T00:00:00+00:00, run_after=2024-09-29T00:00:00+00:00
[2024-09-28T03:52:22.269+0000] {processor.py:176} INFO - Processing /opt/airflow/dags/producer.py took 0.935 seconds
[2024-09-28T03:52:52.592+0000] {processor.py:154} INFO - Started process (PID=19190) to work on /opt/airflow/dags/producer.py
[2024-09-28T03:52:52.602+0000] {processor.py:756} INFO - Processing file /opt/airflow/dags/producer.py for tasks to queue
[2024-09-28T03:52:52.609+0000] {logging_mixin.py:120} INFO - [2024-09-28T03:52:52.608+0000] {dagbag.py:537} INFO - Filling up the DagBag from /opt/airflow/dags/producer.py
[2024-09-28T03:52:52.788+0000] {processor.py:766} INFO - DAG(s) dict_keys(['producer']) retrieved from /opt/airflow/dags/producer.py
[2024-09-28T03:52:53.052+0000] {logging_mixin.py:120} INFO - [2024-09-28T03:52:53.051+0000] {dag.py:2585} INFO - Sync 1 DAGs
[2024-09-28T03:52:53.280+0000] {logging_mixin.py:120} INFO - [2024-09-28T03:52:53.280+0000] {dag.py:3340} INFO - Setting next_dagrun for producer to 2024-09-28T00:00:00+00:00, run_after=2024-09-29T00:00:00+00:00
[2024-09-28T03:52:53.461+0000] {processor.py:176} INFO - Processing /opt/airflow/dags/producer.py took 0.890 seconds
[2024-09-28T03:53:23.735+0000] {processor.py:154} INFO - Started process (PID=19246) to work on /opt/airflow/dags/producer.py
[2024-09-28T03:53:23.743+0000] {processor.py:756} INFO - Processing file /opt/airflow/dags/producer.py for tasks to queue
[2024-09-28T03:53:23.748+0000] {logging_mixin.py:120} INFO - [2024-09-28T03:53:23.747+0000] {dagbag.py:537} INFO - Filling up the DagBag from /opt/airflow/dags/producer.py
[2024-09-28T03:53:23.888+0000] {processor.py:766} INFO - DAG(s) dict_keys(['producer']) retrieved from /opt/airflow/dags/producer.py
[2024-09-28T03:53:24.160+0000] {logging_mixin.py:120} INFO - [2024-09-28T03:53:24.159+0000] {dag.py:2585} INFO - Sync 1 DAGs
[2024-09-28T03:53:24.326+0000] {logging_mixin.py:120} INFO - [2024-09-28T03:53:24.325+0000] {dag.py:3340} INFO - Setting next_dagrun for producer to 2024-09-28T00:00:00+00:00, run_after=2024-09-29T00:00:00+00:00
[2024-09-28T03:53:24.470+0000] {processor.py:176} INFO - Processing /opt/airflow/dags/producer.py took 0.754 seconds
[2024-09-28T03:53:54.779+0000] {processor.py:154} INFO - Started process (PID=19309) to work on /opt/airflow/dags/producer.py
[2024-09-28T03:53:54.784+0000] {processor.py:756} INFO - Processing file /opt/airflow/dags/producer.py for tasks to queue
[2024-09-28T03:53:54.792+0000] {logging_mixin.py:120} INFO - [2024-09-28T03:53:54.791+0000] {dagbag.py:537} INFO - Filling up the DagBag from /opt/airflow/dags/producer.py
[2024-09-28T03:53:54.903+0000] {processor.py:766} INFO - DAG(s) dict_keys(['producer']) retrieved from /opt/airflow/dags/producer.py
[2024-09-28T03:53:55.120+0000] {logging_mixin.py:120} INFO - [2024-09-28T03:53:55.119+0000] {dag.py:2585} INFO - Sync 1 DAGs
[2024-09-28T03:53:55.262+0000] {logging_mixin.py:120} INFO - [2024-09-28T03:53:55.261+0000] {dag.py:3340} INFO - Setting next_dagrun for producer to 2024-09-28T00:00:00+00:00, run_after=2024-09-29T00:00:00+00:00
[2024-09-28T03:53:55.378+0000] {processor.py:176} INFO - Processing /opt/airflow/dags/producer.py took 0.617 seconds
[2024-09-28T03:54:26.079+0000] {processor.py:154} INFO - Started process (PID=19372) to work on /opt/airflow/dags/producer.py
[2024-09-28T03:54:26.088+0000] {processor.py:756} INFO - Processing file /opt/airflow/dags/producer.py for tasks to queue
[2024-09-28T03:54:26.094+0000] {logging_mixin.py:120} INFO - [2024-09-28T03:54:26.093+0000] {dagbag.py:537} INFO - Filling up the DagBag from /opt/airflow/dags/producer.py
[2024-09-28T03:54:26.297+0000] {processor.py:766} INFO - DAG(s) dict_keys(['producer']) retrieved from /opt/airflow/dags/producer.py
[2024-09-28T03:54:26.614+0000] {logging_mixin.py:120} INFO - [2024-09-28T03:54:26.612+0000] {dag.py:2585} INFO - Sync 1 DAGs
[2024-09-28T03:54:26.839+0000] {logging_mixin.py:120} INFO - [2024-09-28T03:54:26.838+0000] {dag.py:3340} INFO - Setting next_dagrun for producer to 2024-09-28T00:00:00+00:00, run_after=2024-09-29T00:00:00+00:00
[2024-09-28T03:54:26.969+0000] {processor.py:176} INFO - Processing /opt/airflow/dags/producer.py took 0.914 seconds
[2024-09-28T03:54:57.252+0000] {processor.py:154} INFO - Started process (PID=19433) to work on /opt/airflow/dags/producer.py
[2024-09-28T03:54:57.257+0000] {processor.py:756} INFO - Processing file /opt/airflow/dags/producer.py for tasks to queue
[2024-09-28T03:54:57.261+0000] {logging_mixin.py:120} INFO - [2024-09-28T03:54:57.261+0000] {dagbag.py:537} INFO - Filling up the DagBag from /opt/airflow/dags/producer.py
[2024-09-28T03:54:57.406+0000] {processor.py:766} INFO - DAG(s) dict_keys(['producer']) retrieved from /opt/airflow/dags/producer.py
[2024-09-28T03:54:57.647+0000] {logging_mixin.py:120} INFO - [2024-09-28T03:54:57.646+0000] {dag.py:2585} INFO - Sync 1 DAGs
[2024-09-28T03:54:57.849+0000] {logging_mixin.py:120} INFO - [2024-09-28T03:54:57.848+0000] {dag.py:3340} INFO - Setting next_dagrun for producer to 2024-09-28T00:00:00+00:00, run_after=2024-09-29T00:00:00+00:00
[2024-09-28T03:54:57.992+0000] {processor.py:176} INFO - Processing /opt/airflow/dags/producer.py took 0.764 seconds
[2024-09-28T03:55:28.279+0000] {processor.py:154} INFO - Started process (PID=19489) to work on /opt/airflow/dags/producer.py
[2024-09-28T03:55:28.288+0000] {processor.py:756} INFO - Processing file /opt/airflow/dags/producer.py for tasks to queue
[2024-09-28T03:55:28.298+0000] {logging_mixin.py:120} INFO - [2024-09-28T03:55:28.297+0000] {dagbag.py:537} INFO - Filling up the DagBag from /opt/airflow/dags/producer.py
[2024-09-28T03:55:28.503+0000] {processor.py:766} INFO - DAG(s) dict_keys(['producer']) retrieved from /opt/airflow/dags/producer.py
[2024-09-28T03:55:28.773+0000] {logging_mixin.py:120} INFO - [2024-09-28T03:55:28.772+0000] {dag.py:2585} INFO - Sync 1 DAGs
[2024-09-28T03:55:28.938+0000] {logging_mixin.py:120} INFO - [2024-09-28T03:55:28.937+0000] {dag.py:3340} INFO - Setting next_dagrun for producer to 2024-09-28T00:00:00+00:00, run_after=2024-09-29T00:00:00+00:00
[2024-09-28T03:55:29.059+0000] {processor.py:176} INFO - Processing /opt/airflow/dags/producer.py took 0.811 seconds
[2024-09-28T03:55:59.294+0000] {processor.py:154} INFO - Started process (PID=19553) to work on /opt/airflow/dags/producer.py
[2024-09-28T03:55:59.298+0000] {processor.py:756} INFO - Processing file /opt/airflow/dags/producer.py for tasks to queue
[2024-09-28T03:55:59.302+0000] {logging_mixin.py:120} INFO - [2024-09-28T03:55:59.301+0000] {dagbag.py:537} INFO - Filling up the DagBag from /opt/airflow/dags/producer.py
[2024-09-28T03:55:59.387+0000] {processor.py:766} INFO - DAG(s) dict_keys(['producer']) retrieved from /opt/airflow/dags/producer.py
[2024-09-28T03:55:59.543+0000] {logging_mixin.py:120} INFO - [2024-09-28T03:55:59.542+0000] {dag.py:2585} INFO - Sync 1 DAGs
[2024-09-28T03:55:59.645+0000] {logging_mixin.py:120} INFO - [2024-09-28T03:55:59.644+0000] {dag.py:3340} INFO - Setting next_dagrun for producer to 2024-09-28T00:00:00+00:00, run_after=2024-09-29T00:00:00+00:00
[2024-09-28T03:55:59.729+0000] {processor.py:176} INFO - Processing /opt/airflow/dags/producer.py took 0.448 seconds
[2024-09-28T03:56:30.919+0000] {processor.py:154} INFO - Started process (PID=19617) to work on /opt/airflow/dags/producer.py
[2024-09-28T03:56:30.925+0000] {processor.py:756} INFO - Processing file /opt/airflow/dags/producer.py for tasks to queue
[2024-09-28T03:56:30.929+0000] {logging_mixin.py:120} INFO - [2024-09-28T03:56:30.929+0000] {dagbag.py:537} INFO - Filling up the DagBag from /opt/airflow/dags/producer.py
[2024-09-28T03:56:31.059+0000] {processor.py:766} INFO - DAG(s) dict_keys(['producer']) retrieved from /opt/airflow/dags/producer.py
[2024-09-28T03:56:31.296+0000] {logging_mixin.py:120} INFO - [2024-09-28T03:56:31.295+0000] {dag.py:2585} INFO - Sync 1 DAGs
[2024-09-28T03:56:31.493+0000] {logging_mixin.py:120} INFO - [2024-09-28T03:56:31.492+0000] {dag.py:3340} INFO - Setting next_dagrun for producer to 2024-09-28T00:00:00+00:00, run_after=2024-09-29T00:00:00+00:00
[2024-09-28T03:56:31.630+0000] {processor.py:176} INFO - Processing /opt/airflow/dags/producer.py took 0.728 seconds
[2024-09-28T03:57:02.403+0000] {processor.py:154} INFO - Started process (PID=19680) to work on /opt/airflow/dags/producer.py
[2024-09-28T03:57:02.408+0000] {processor.py:756} INFO - Processing file /opt/airflow/dags/producer.py for tasks to queue
[2024-09-28T03:57:02.412+0000] {logging_mixin.py:120} INFO - [2024-09-28T03:57:02.412+0000] {dagbag.py:537} INFO - Filling up the DagBag from /opt/airflow/dags/producer.py
[2024-09-28T03:57:02.546+0000] {processor.py:766} INFO - DAG(s) dict_keys(['producer']) retrieved from /opt/airflow/dags/producer.py
[2024-09-28T03:57:02.742+0000] {logging_mixin.py:120} INFO - [2024-09-28T03:57:02.742+0000] {dag.py:2585} INFO - Sync 1 DAGs
[2024-09-28T03:57:02.898+0000] {logging_mixin.py:120} INFO - [2024-09-28T03:57:02.898+0000] {dag.py:3340} INFO - Setting next_dagrun for producer to 2024-09-28T00:00:00+00:00, run_after=2024-09-29T00:00:00+00:00
[2024-09-28T03:57:03.015+0000] {processor.py:176} INFO - Processing /opt/airflow/dags/producer.py took 0.628 seconds
[2024-09-28T03:57:34.937+0000] {processor.py:154} INFO - Started process (PID=19745) to work on /opt/airflow/dags/producer.py
[2024-09-28T03:57:34.941+0000] {processor.py:756} INFO - Processing file /opt/airflow/dags/producer.py for tasks to queue
[2024-09-28T03:57:34.945+0000] {logging_mixin.py:120} INFO - [2024-09-28T03:57:34.944+0000] {dagbag.py:537} INFO - Filling up the DagBag from /opt/airflow/dags/producer.py
[2024-09-28T03:57:35.053+0000] {processor.py:766} INFO - DAG(s) dict_keys(['producer']) retrieved from /opt/airflow/dags/producer.py
[2024-09-28T03:57:35.231+0000] {logging_mixin.py:120} INFO - [2024-09-28T03:57:35.230+0000] {dag.py:2585} INFO - Sync 1 DAGs
[2024-09-28T03:57:35.359+0000] {logging_mixin.py:120} INFO - [2024-09-28T03:57:35.358+0000] {dag.py:3340} INFO - Setting next_dagrun for producer to 2024-09-28T00:00:00+00:00, run_after=2024-09-29T00:00:00+00:00
[2024-09-28T03:57:35.454+0000] {processor.py:176} INFO - Processing /opt/airflow/dags/producer.py took 0.530 seconds
[2024-09-28T03:58:06.734+0000] {processor.py:154} INFO - Started process (PID=19805) to work on /opt/airflow/dags/producer.py
[2024-09-28T03:58:06.742+0000] {processor.py:756} INFO - Processing file /opt/airflow/dags/producer.py for tasks to queue
[2024-09-28T03:58:06.746+0000] {logging_mixin.py:120} INFO - [2024-09-28T03:58:06.745+0000] {dagbag.py:537} INFO - Filling up the DagBag from /opt/airflow/dags/producer.py
[2024-09-28T03:58:06.864+0000] {processor.py:766} INFO - DAG(s) dict_keys(['producer']) retrieved from /opt/airflow/dags/producer.py
[2024-09-28T03:58:07.067+0000] {logging_mixin.py:120} INFO - [2024-09-28T03:58:07.066+0000] {dag.py:2585} INFO - Sync 1 DAGs
[2024-09-28T03:58:07.235+0000] {logging_mixin.py:120} INFO - [2024-09-28T03:58:07.234+0000] {dag.py:3340} INFO - Setting next_dagrun for producer to 2024-09-28T00:00:00+00:00, run_after=2024-09-29T00:00:00+00:00
[2024-09-28T03:58:07.331+0000] {processor.py:176} INFO - Processing /opt/airflow/dags/producer.py took 0.617 seconds
[2024-09-28T03:58:37.497+0000] {processor.py:154} INFO - Started process (PID=19867) to work on /opt/airflow/dags/producer.py
[2024-09-28T03:58:37.501+0000] {processor.py:756} INFO - Processing file /opt/airflow/dags/producer.py for tasks to queue
[2024-09-28T03:58:37.506+0000] {logging_mixin.py:120} INFO - [2024-09-28T03:58:37.505+0000] {dagbag.py:537} INFO - Filling up the DagBag from /opt/airflow/dags/producer.py
[2024-09-28T03:58:37.643+0000] {processor.py:766} INFO - DAG(s) dict_keys(['producer']) retrieved from /opt/airflow/dags/producer.py
[2024-09-28T03:58:37.826+0000] {logging_mixin.py:120} INFO - [2024-09-28T03:58:37.826+0000] {dag.py:2585} INFO - Sync 1 DAGs
[2024-09-28T03:58:37.936+0000] {logging_mixin.py:120} INFO - [2024-09-28T03:58:37.936+0000] {dag.py:3340} INFO - Setting next_dagrun for producer to 2024-09-28T00:00:00+00:00, run_after=2024-09-29T00:00:00+00:00
[2024-09-28T03:58:38.020+0000] {processor.py:176} INFO - Processing /opt/airflow/dags/producer.py took 0.537 seconds
[2024-09-28T03:59:08.174+0000] {processor.py:154} INFO - Started process (PID=19929) to work on /opt/airflow/dags/producer.py
[2024-09-28T03:59:08.181+0000] {processor.py:756} INFO - Processing file /opt/airflow/dags/producer.py for tasks to queue
[2024-09-28T03:59:08.186+0000] {logging_mixin.py:120} INFO - [2024-09-28T03:59:08.185+0000] {dagbag.py:537} INFO - Filling up the DagBag from /opt/airflow/dags/producer.py
[2024-09-28T03:59:08.324+0000] {processor.py:766} INFO - DAG(s) dict_keys(['producer']) retrieved from /opt/airflow/dags/producer.py
[2024-09-28T03:59:08.526+0000] {logging_mixin.py:120} INFO - [2024-09-28T03:59:08.525+0000] {dag.py:2585} INFO - Sync 1 DAGs
[2024-09-28T03:59:08.641+0000] {logging_mixin.py:120} INFO - [2024-09-28T03:59:08.641+0000] {dag.py:3340} INFO - Setting next_dagrun for producer to 2024-09-28T00:00:00+00:00, run_after=2024-09-29T00:00:00+00:00
[2024-09-28T03:59:08.746+0000] {processor.py:176} INFO - Processing /opt/airflow/dags/producer.py took 0.593 seconds
[2024-09-28T03:59:39.039+0000] {processor.py:154} INFO - Started process (PID=19993) to work on /opt/airflow/dags/producer.py
[2024-09-28T03:59:39.046+0000] {processor.py:756} INFO - Processing file /opt/airflow/dags/producer.py for tasks to queue
[2024-09-28T03:59:39.050+0000] {logging_mixin.py:120} INFO - [2024-09-28T03:59:39.049+0000] {dagbag.py:537} INFO - Filling up the DagBag from /opt/airflow/dags/producer.py
[2024-09-28T03:59:39.178+0000] {processor.py:766} INFO - DAG(s) dict_keys(['producer']) retrieved from /opt/airflow/dags/producer.py
[2024-09-28T03:59:39.347+0000] {logging_mixin.py:120} INFO - [2024-09-28T03:59:39.346+0000] {dag.py:2585} INFO - Sync 1 DAGs
[2024-09-28T03:59:39.469+0000] {logging_mixin.py:120} INFO - [2024-09-28T03:59:39.468+0000] {dag.py:3340} INFO - Setting next_dagrun for producer to 2024-09-28T00:00:00+00:00, run_after=2024-09-29T00:00:00+00:00
[2024-09-28T03:59:39.557+0000] {processor.py:176} INFO - Processing /opt/airflow/dags/producer.py took 0.535 seconds
[2024-09-28T04:00:09.917+0000] {processor.py:154} INFO - Started process (PID=20056) to work on /opt/airflow/dags/producer.py
[2024-09-28T04:00:09.922+0000] {processor.py:756} INFO - Processing file /opt/airflow/dags/producer.py for tasks to queue
[2024-09-28T04:00:09.925+0000] {logging_mixin.py:120} INFO - [2024-09-28T04:00:09.924+0000] {dagbag.py:537} INFO - Filling up the DagBag from /opt/airflow/dags/producer.py
[2024-09-28T04:00:10.013+0000] {processor.py:766} INFO - DAG(s) dict_keys(['producer']) retrieved from /opt/airflow/dags/producer.py
[2024-09-28T04:00:10.165+0000] {logging_mixin.py:120} INFO - [2024-09-28T04:00:10.164+0000] {dag.py:2585} INFO - Sync 1 DAGs
[2024-09-28T04:00:10.269+0000] {logging_mixin.py:120} INFO - [2024-09-28T04:00:10.268+0000] {dag.py:3340} INFO - Setting next_dagrun for producer to 2024-09-28T00:00:00+00:00, run_after=2024-09-29T00:00:00+00:00
[2024-09-28T04:00:10.372+0000] {processor.py:176} INFO - Processing /opt/airflow/dags/producer.py took 0.467 seconds
[2024-09-28T04:00:40.478+0000] {processor.py:154} INFO - Started process (PID=20118) to work on /opt/airflow/dags/producer.py
[2024-09-28T04:00:40.482+0000] {processor.py:756} INFO - Processing file /opt/airflow/dags/producer.py for tasks to queue
[2024-09-28T04:00:40.486+0000] {logging_mixin.py:120} INFO - [2024-09-28T04:00:40.485+0000] {dagbag.py:537} INFO - Filling up the DagBag from /opt/airflow/dags/producer.py
[2024-09-28T04:00:40.588+0000] {processor.py:766} INFO - DAG(s) dict_keys(['producer']) retrieved from /opt/airflow/dags/producer.py
[2024-09-28T04:00:40.757+0000] {logging_mixin.py:120} INFO - [2024-09-28T04:00:40.757+0000] {dag.py:2585} INFO - Sync 1 DAGs
[2024-09-28T04:00:40.856+0000] {logging_mixin.py:120} INFO - [2024-09-28T04:00:40.856+0000] {dag.py:3340} INFO - Setting next_dagrun for producer to 2024-09-28T00:00:00+00:00, run_after=2024-09-29T00:00:00+00:00
[2024-09-28T04:00:40.937+0000] {processor.py:176} INFO - Processing /opt/airflow/dags/producer.py took 0.473 seconds
[2024-09-28T04:01:11.439+0000] {processor.py:154} INFO - Started process (PID=20181) to work on /opt/airflow/dags/producer.py
[2024-09-28T04:01:11.447+0000] {processor.py:756} INFO - Processing file /opt/airflow/dags/producer.py for tasks to queue
[2024-09-28T04:01:11.451+0000] {logging_mixin.py:120} INFO - [2024-09-28T04:01:11.450+0000] {dagbag.py:537} INFO - Filling up the DagBag from /opt/airflow/dags/producer.py
[2024-09-28T04:01:11.574+0000] {processor.py:766} INFO - DAG(s) dict_keys(['producer']) retrieved from /opt/airflow/dags/producer.py
[2024-09-28T04:01:11.845+0000] {logging_mixin.py:120} INFO - [2024-09-28T04:01:11.844+0000] {dag.py:2585} INFO - Sync 1 DAGs
[2024-09-28T04:01:12.057+0000] {logging_mixin.py:120} INFO - [2024-09-28T04:01:12.056+0000] {dag.py:3340} INFO - Setting next_dagrun for producer to 2024-09-28T00:00:00+00:00, run_after=2024-09-29T00:00:00+00:00
[2024-09-28T04:01:12.191+0000] {processor.py:176} INFO - Processing /opt/airflow/dags/producer.py took 0.771 seconds
[2024-09-28T04:01:42.557+0000] {processor.py:154} INFO - Started process (PID=20244) to work on /opt/airflow/dags/producer.py
[2024-09-28T04:01:42.561+0000] {processor.py:756} INFO - Processing file /opt/airflow/dags/producer.py for tasks to queue
[2024-09-28T04:01:42.564+0000] {logging_mixin.py:120} INFO - [2024-09-28T04:01:42.564+0000] {dagbag.py:537} INFO - Filling up the DagBag from /opt/airflow/dags/producer.py
[2024-09-28T04:01:42.667+0000] {processor.py:766} INFO - DAG(s) dict_keys(['producer']) retrieved from /opt/airflow/dags/producer.py
[2024-09-28T04:01:42.851+0000] {logging_mixin.py:120} INFO - [2024-09-28T04:01:42.850+0000] {dag.py:2585} INFO - Sync 1 DAGs
[2024-09-28T04:01:42.979+0000] {logging_mixin.py:120} INFO - [2024-09-28T04:01:42.978+0000] {dag.py:3340} INFO - Setting next_dagrun for producer to 2024-09-28T00:00:00+00:00, run_after=2024-09-29T00:00:00+00:00
[2024-09-28T04:01:43.070+0000] {processor.py:176} INFO - Processing /opt/airflow/dags/producer.py took 0.526 seconds
[2024-09-28T04:02:13.206+0000] {processor.py:154} INFO - Started process (PID=20307) to work on /opt/airflow/dags/producer.py
[2024-09-28T04:02:13.210+0000] {processor.py:756} INFO - Processing file /opt/airflow/dags/producer.py for tasks to queue
[2024-09-28T04:02:13.213+0000] {logging_mixin.py:120} INFO - [2024-09-28T04:02:13.213+0000] {dagbag.py:537} INFO - Filling up the DagBag from /opt/airflow/dags/producer.py
[2024-09-28T04:02:13.304+0000] {processor.py:766} INFO - DAG(s) dict_keys(['producer']) retrieved from /opt/airflow/dags/producer.py
[2024-09-28T04:02:13.478+0000] {logging_mixin.py:120} INFO - [2024-09-28T04:02:13.478+0000] {dag.py:2585} INFO - Sync 1 DAGs
[2024-09-28T04:02:13.606+0000] {logging_mixin.py:120} INFO - [2024-09-28T04:02:13.605+0000] {dag.py:3340} INFO - Setting next_dagrun for producer to 2024-09-28T00:00:00+00:00, run_after=2024-09-29T00:00:00+00:00
[2024-09-28T04:02:13.693+0000] {processor.py:176} INFO - Processing /opt/airflow/dags/producer.py took 0.503 seconds
[2024-09-28T04:17:17.090+0000] {processor.py:154} INFO - Started process (PID=20319) to work on /opt/airflow/dags/producer.py
[2024-09-28T04:17:17.093+0000] {processor.py:756} INFO - Processing file /opt/airflow/dags/producer.py for tasks to queue
[2024-09-28T04:17:17.094+0000] {logging_mixin.py:120} INFO - [2024-09-28T04:17:17.094+0000] {dagbag.py:537} INFO - Filling up the DagBag from /opt/airflow/dags/producer.py
[2024-09-28T04:17:17.164+0000] {processor.py:766} INFO - DAG(s) dict_keys(['producer']) retrieved from /opt/airflow/dags/producer.py
[2024-09-28T04:17:17.272+0000] {logging_mixin.py:120} INFO - [2024-09-28T04:17:17.271+0000] {dag.py:2585} INFO - Sync 1 DAGs
[2024-09-28T04:17:17.337+0000] {logging_mixin.py:120} INFO - [2024-09-28T04:17:17.337+0000] {dag.py:3340} INFO - Setting next_dagrun for producer to 2024-09-28T00:00:00+00:00, run_after=2024-09-29T00:00:00+00:00
[2024-09-28T04:17:17.404+0000] {processor.py:176} INFO - Processing /opt/airflow/dags/producer.py took 0.322 seconds
[2024-09-28T04:17:50.872+0000] {processor.py:154} INFO - Started process (PID=20383) to work on /opt/airflow/dags/producer.py
[2024-09-28T04:17:50.879+0000] {processor.py:756} INFO - Processing file /opt/airflow/dags/producer.py for tasks to queue
[2024-09-28T04:17:50.885+0000] {logging_mixin.py:120} INFO - [2024-09-28T04:17:50.885+0000] {dagbag.py:537} INFO - Filling up the DagBag from /opt/airflow/dags/producer.py
[2024-09-28T04:17:51.071+0000] {processor.py:766} INFO - DAG(s) dict_keys(['producer']) retrieved from /opt/airflow/dags/producer.py
[2024-09-28T04:17:51.397+0000] {logging_mixin.py:120} INFO - [2024-09-28T04:17:51.396+0000] {dag.py:2585} INFO - Sync 1 DAGs
[2024-09-28T04:17:51.642+0000] {logging_mixin.py:120} INFO - [2024-09-28T04:17:51.641+0000] {dag.py:3340} INFO - Setting next_dagrun for producer to 2024-09-28T00:00:00+00:00, run_after=2024-09-29T00:00:00+00:00
[2024-09-28T04:17:51.807+0000] {processor.py:176} INFO - Processing /opt/airflow/dags/producer.py took 0.959 seconds
[2024-09-28T04:18:22.016+0000] {processor.py:154} INFO - Started process (PID=20437) to work on /opt/airflow/dags/producer.py
[2024-09-28T04:18:22.022+0000] {processor.py:756} INFO - Processing file /opt/airflow/dags/producer.py for tasks to queue
[2024-09-28T04:18:22.026+0000] {logging_mixin.py:120} INFO - [2024-09-28T04:18:22.025+0000] {dagbag.py:537} INFO - Filling up the DagBag from /opt/airflow/dags/producer.py
[2024-09-28T04:18:22.156+0000] {processor.py:766} INFO - DAG(s) dict_keys(['producer']) retrieved from /opt/airflow/dags/producer.py
[2024-09-28T04:18:22.389+0000] {logging_mixin.py:120} INFO - [2024-09-28T04:18:22.389+0000] {dag.py:2585} INFO - Sync 1 DAGs
[2024-09-28T04:18:22.544+0000] {logging_mixin.py:120} INFO - [2024-09-28T04:18:22.543+0000] {dag.py:3340} INFO - Setting next_dagrun for producer to 2024-09-28T00:00:00+00:00, run_after=2024-09-29T00:00:00+00:00
[2024-09-28T04:18:22.695+0000] {processor.py:176} INFO - Processing /opt/airflow/dags/producer.py took 0.703 seconds
[2024-09-28T04:18:53.663+0000] {processor.py:154} INFO - Started process (PID=20499) to work on /opt/airflow/dags/producer.py
[2024-09-28T04:18:53.669+0000] {processor.py:756} INFO - Processing file /opt/airflow/dags/producer.py for tasks to queue
[2024-09-28T04:18:53.673+0000] {logging_mixin.py:120} INFO - [2024-09-28T04:18:53.672+0000] {dagbag.py:537} INFO - Filling up the DagBag from /opt/airflow/dags/producer.py
[2024-09-28T04:18:53.819+0000] {processor.py:766} INFO - DAG(s) dict_keys(['producer']) retrieved from /opt/airflow/dags/producer.py
[2024-09-28T04:18:54.035+0000] {logging_mixin.py:120} INFO - [2024-09-28T04:18:54.035+0000] {dag.py:2585} INFO - Sync 1 DAGs
[2024-09-28T04:18:54.196+0000] {logging_mixin.py:120} INFO - [2024-09-28T04:18:54.195+0000] {dag.py:3340} INFO - Setting next_dagrun for producer to 2024-09-28T00:00:00+00:00, run_after=2024-09-29T00:00:00+00:00
[2024-09-28T04:18:54.319+0000] {processor.py:176} INFO - Processing /opt/airflow/dags/producer.py took 0.675 seconds
[2024-09-28T04:19:24.528+0000] {processor.py:154} INFO - Started process (PID=20562) to work on /opt/airflow/dags/producer.py
[2024-09-28T04:19:24.534+0000] {processor.py:756} INFO - Processing file /opt/airflow/dags/producer.py for tasks to queue
[2024-09-28T04:19:24.538+0000] {logging_mixin.py:120} INFO - [2024-09-28T04:19:24.537+0000] {dagbag.py:537} INFO - Filling up the DagBag from /opt/airflow/dags/producer.py
[2024-09-28T04:19:24.684+0000] {processor.py:766} INFO - DAG(s) dict_keys(['producer']) retrieved from /opt/airflow/dags/producer.py
[2024-09-28T04:19:24.934+0000] {logging_mixin.py:120} INFO - [2024-09-28T04:19:24.933+0000] {dag.py:2585} INFO - Sync 1 DAGs
[2024-09-28T04:19:25.121+0000] {logging_mixin.py:120} INFO - [2024-09-28T04:19:25.120+0000] {dag.py:3340} INFO - Setting next_dagrun for producer to 2024-09-28T00:00:00+00:00, run_after=2024-09-29T00:00:00+00:00
[2024-09-28T04:19:25.256+0000] {processor.py:176} INFO - Processing /opt/airflow/dags/producer.py took 0.754 seconds
[2024-09-28T04:19:55.641+0000] {processor.py:154} INFO - Started process (PID=20616) to work on /opt/airflow/dags/producer.py
[2024-09-28T04:19:55.647+0000] {processor.py:756} INFO - Processing file /opt/airflow/dags/producer.py for tasks to queue
[2024-09-28T04:19:55.650+0000] {logging_mixin.py:120} INFO - [2024-09-28T04:19:55.649+0000] {dagbag.py:537} INFO - Filling up the DagBag from /opt/airflow/dags/producer.py
[2024-09-28T04:19:55.753+0000] {processor.py:766} INFO - DAG(s) dict_keys(['producer']) retrieved from /opt/airflow/dags/producer.py
[2024-09-28T04:19:55.929+0000] {logging_mixin.py:120} INFO - [2024-09-28T04:19:55.928+0000] {dag.py:2585} INFO - Sync 1 DAGs
[2024-09-28T04:19:56.051+0000] {logging_mixin.py:120} INFO - [2024-09-28T04:19:56.051+0000] {dag.py:3340} INFO - Setting next_dagrun for producer to 2024-09-28T00:00:00+00:00, run_after=2024-09-29T00:00:00+00:00
[2024-09-28T04:19:56.144+0000] {processor.py:176} INFO - Processing /opt/airflow/dags/producer.py took 0.518 seconds
[2024-09-28T04:20:26.327+0000] {processor.py:154} INFO - Started process (PID=20679) to work on /opt/airflow/dags/producer.py
[2024-09-28T04:20:26.332+0000] {processor.py:756} INFO - Processing file /opt/airflow/dags/producer.py for tasks to queue
[2024-09-28T04:20:26.336+0000] {logging_mixin.py:120} INFO - [2024-09-28T04:20:26.335+0000] {dagbag.py:537} INFO - Filling up the DagBag from /opt/airflow/dags/producer.py
[2024-09-28T04:20:26.431+0000] {processor.py:766} INFO - DAG(s) dict_keys(['producer']) retrieved from /opt/airflow/dags/producer.py
[2024-09-28T04:20:26.598+0000] {logging_mixin.py:120} INFO - [2024-09-28T04:20:26.598+0000] {dag.py:2585} INFO - Sync 1 DAGs
[2024-09-28T04:20:26.711+0000] {logging_mixin.py:120} INFO - [2024-09-28T04:20:26.711+0000] {dag.py:3340} INFO - Setting next_dagrun for producer to 2024-09-28T00:00:00+00:00, run_after=2024-09-29T00:00:00+00:00
[2024-09-28T04:20:26.796+0000] {processor.py:176} INFO - Processing /opt/airflow/dags/producer.py took 0.483 seconds
[2024-09-28T04:20:56.902+0000] {processor.py:154} INFO - Started process (PID=20742) to work on /opt/airflow/dags/producer.py
[2024-09-28T04:20:56.906+0000] {processor.py:756} INFO - Processing file /opt/airflow/dags/producer.py for tasks to queue
[2024-09-28T04:20:56.909+0000] {logging_mixin.py:120} INFO - [2024-09-28T04:20:56.908+0000] {dagbag.py:537} INFO - Filling up the DagBag from /opt/airflow/dags/producer.py
[2024-09-28T04:20:56.993+0000] {processor.py:766} INFO - DAG(s) dict_keys(['producer']) retrieved from /opt/airflow/dags/producer.py
[2024-09-28T04:20:57.126+0000] {logging_mixin.py:120} INFO - [2024-09-28T04:20:57.125+0000] {dag.py:2585} INFO - Sync 1 DAGs
[2024-09-28T04:20:57.218+0000] {logging_mixin.py:120} INFO - [2024-09-28T04:20:57.217+0000] {dag.py:3340} INFO - Setting next_dagrun for producer to 2024-09-28T00:00:00+00:00, run_after=2024-09-29T00:00:00+00:00
[2024-09-28T04:20:57.290+0000] {processor.py:176} INFO - Processing /opt/airflow/dags/producer.py took 0.400 seconds
[2024-09-28T04:25:13.707+0000] {processor.py:154} INFO - Started process (PID=20783) to work on /opt/airflow/dags/producer.py
[2024-09-28T04:25:13.715+0000] {processor.py:756} INFO - Processing file /opt/airflow/dags/producer.py for tasks to queue
[2024-09-28T04:25:13.723+0000] {logging_mixin.py:120} INFO - [2024-09-28T04:25:13.722+0000] {dagbag.py:537} INFO - Filling up the DagBag from /opt/airflow/dags/producer.py
[2024-09-28T04:25:13.924+0000] {processor.py:766} INFO - DAG(s) dict_keys(['producer']) retrieved from /opt/airflow/dags/producer.py
[2024-09-28T04:25:14.336+0000] {logging_mixin.py:120} INFO - [2024-09-28T04:25:14.335+0000] {dag.py:2585} INFO - Sync 1 DAGs
[2024-09-28T04:25:14.670+0000] {logging_mixin.py:120} INFO - [2024-09-28T04:25:14.669+0000] {dag.py:3340} INFO - Setting next_dagrun for producer to 2024-09-28T00:00:00+00:00, run_after=2024-09-29T00:00:00+00:00
[2024-09-28T04:25:14.902+0000] {processor.py:176} INFO - Processing /opt/airflow/dags/producer.py took 1.221 seconds
[2024-09-28T04:25:47.874+0000] {processor.py:154} INFO - Started process (PID=20837) to work on /opt/airflow/dags/producer.py
[2024-09-28T04:25:47.882+0000] {processor.py:756} INFO - Processing file /opt/airflow/dags/producer.py for tasks to queue
[2024-09-28T04:25:47.890+0000] {logging_mixin.py:120} INFO - [2024-09-28T04:25:47.889+0000] {dagbag.py:537} INFO - Filling up the DagBag from /opt/airflow/dags/producer.py
[2024-09-28T04:25:48.128+0000] {processor.py:766} INFO - DAG(s) dict_keys(['producer']) retrieved from /opt/airflow/dags/producer.py
[2024-09-28T04:25:48.497+0000] {logging_mixin.py:120} INFO - [2024-09-28T04:25:48.496+0000] {dag.py:2585} INFO - Sync 1 DAGs
[2024-09-28T04:25:48.797+0000] {logging_mixin.py:120} INFO - [2024-09-28T04:25:48.796+0000] {dag.py:3340} INFO - Setting next_dagrun for producer to 2024-09-28T00:00:00+00:00, run_after=2024-09-29T00:00:00+00:00
[2024-09-28T04:25:48.996+0000] {processor.py:176} INFO - Processing /opt/airflow/dags/producer.py took 1.153 seconds
[2024-09-28T04:27:29.600+0000] {processor.py:154} INFO - Started process (PID=20889) to work on /opt/airflow/dags/producer.py
[2024-09-28T04:27:29.609+0000] {processor.py:756} INFO - Processing file /opt/airflow/dags/producer.py for tasks to queue
[2024-09-28T04:27:29.615+0000] {logging_mixin.py:120} INFO - [2024-09-28T04:27:29.614+0000] {dagbag.py:537} INFO - Filling up the DagBag from /opt/airflow/dags/producer.py
[2024-09-28T04:27:29.811+0000] {processor.py:766} INFO - DAG(s) dict_keys(['producer']) retrieved from /opt/airflow/dags/producer.py
[2024-09-28T04:27:30.104+0000] {logging_mixin.py:120} INFO - [2024-09-28T04:27:30.104+0000] {dag.py:2585} INFO - Sync 1 DAGs
[2024-09-28T04:27:30.431+0000] {logging_mixin.py:120} INFO - [2024-09-28T04:27:30.430+0000] {dag.py:3340} INFO - Setting next_dagrun for producer to 2024-09-28T00:00:00+00:00, run_after=2024-09-29T00:00:00+00:00
[2024-09-28T04:27:30.657+0000] {processor.py:176} INFO - Processing /opt/airflow/dags/producer.py took 1.085 seconds
[2024-09-28T04:28:01.215+0000] {processor.py:154} INFO - Started process (PID=20943) to work on /opt/airflow/dags/producer.py
[2024-09-28T04:28:01.221+0000] {processor.py:756} INFO - Processing file /opt/airflow/dags/producer.py for tasks to queue
[2024-09-28T04:28:01.226+0000] {logging_mixin.py:120} INFO - [2024-09-28T04:28:01.225+0000] {dagbag.py:537} INFO - Filling up the DagBag from /opt/airflow/dags/producer.py
[2024-09-28T04:28:01.354+0000] {processor.py:766} INFO - DAG(s) dict_keys(['producer']) retrieved from /opt/airflow/dags/producer.py
[2024-09-28T04:28:01.713+0000] {logging_mixin.py:120} INFO - [2024-09-28T04:28:01.713+0000] {dag.py:2585} INFO - Sync 1 DAGs
[2024-09-28T04:28:01.909+0000] {logging_mixin.py:120} INFO - [2024-09-28T04:28:01.909+0000] {dag.py:3340} INFO - Setting next_dagrun for producer to 2024-09-28T00:00:00+00:00, run_after=2024-09-29T00:00:00+00:00
[2024-09-28T04:28:02.041+0000] {processor.py:176} INFO - Processing /opt/airflow/dags/producer.py took 0.844 seconds
[2024-09-28T04:44:35.363+0000] {processor.py:154} INFO - Started process (PID=21006) to work on /opt/airflow/dags/producer.py
[2024-09-28T04:44:35.372+0000] {processor.py:756} INFO - Processing file /opt/airflow/dags/producer.py for tasks to queue
[2024-09-28T04:44:35.379+0000] {logging_mixin.py:120} INFO - [2024-09-28T04:44:35.378+0000] {dagbag.py:537} INFO - Filling up the DagBag from /opt/airflow/dags/producer.py
[2024-09-28T04:44:35.604+0000] {processor.py:766} INFO - DAG(s) dict_keys(['producer']) retrieved from /opt/airflow/dags/producer.py
[2024-09-28T04:44:35.896+0000] {logging_mixin.py:120} INFO - [2024-09-28T04:44:35.894+0000] {dag.py:2585} INFO - Sync 1 DAGs
[2024-09-28T04:44:36.135+0000] {logging_mixin.py:120} INFO - [2024-09-28T04:44:36.134+0000] {dag.py:3340} INFO - Setting next_dagrun for producer to 2024-09-28T00:00:00+00:00, run_after=2024-09-29T00:00:00+00:00
[2024-09-28T04:44:36.327+0000] {processor.py:176} INFO - Processing /opt/airflow/dags/producer.py took 0.996 seconds
[2024-09-28T04:45:06.657+0000] {processor.py:154} INFO - Started process (PID=21069) to work on /opt/airflow/dags/producer.py
[2024-09-28T04:45:06.665+0000] {processor.py:756} INFO - Processing file /opt/airflow/dags/producer.py for tasks to queue
[2024-09-28T04:45:06.671+0000] {logging_mixin.py:120} INFO - [2024-09-28T04:45:06.670+0000] {dagbag.py:537} INFO - Filling up the DagBag from /opt/airflow/dags/producer.py
[2024-09-28T04:45:06.863+0000] {processor.py:766} INFO - DAG(s) dict_keys(['producer']) retrieved from /opt/airflow/dags/producer.py
[2024-09-28T04:45:07.207+0000] {logging_mixin.py:120} INFO - [2024-09-28T04:45:07.205+0000] {dag.py:2585} INFO - Sync 1 DAGs
[2024-09-28T04:45:07.527+0000] {logging_mixin.py:120} INFO - [2024-09-28T04:45:07.526+0000] {dag.py:3340} INFO - Setting next_dagrun for producer to 2024-09-28T00:00:00+00:00, run_after=2024-09-29T00:00:00+00:00
[2024-09-28T04:45:07.714+0000] {processor.py:176} INFO - Processing /opt/airflow/dags/producer.py took 1.094 seconds
[2024-09-28T04:45:38.174+0000] {processor.py:154} INFO - Started process (PID=21123) to work on /opt/airflow/dags/producer.py
[2024-09-28T04:45:38.181+0000] {processor.py:756} INFO - Processing file /opt/airflow/dags/producer.py for tasks to queue
[2024-09-28T04:45:38.186+0000] {logging_mixin.py:120} INFO - [2024-09-28T04:45:38.185+0000] {dagbag.py:537} INFO - Filling up the DagBag from /opt/airflow/dags/producer.py
[2024-09-28T04:45:38.322+0000] {processor.py:766} INFO - DAG(s) dict_keys(['producer']) retrieved from /opt/airflow/dags/producer.py
[2024-09-28T04:45:38.588+0000] {logging_mixin.py:120} INFO - [2024-09-28T04:45:38.587+0000] {dag.py:2585} INFO - Sync 1 DAGs
[2024-09-28T04:45:38.806+0000] {logging_mixin.py:120} INFO - [2024-09-28T04:45:38.805+0000] {dag.py:3340} INFO - Setting next_dagrun for producer to 2024-09-28T00:00:00+00:00, run_after=2024-09-29T00:00:00+00:00
[2024-09-28T04:45:38.975+0000] {processor.py:176} INFO - Processing /opt/airflow/dags/producer.py took 0.821 seconds
[2024-09-28T04:46:09.332+0000] {processor.py:154} INFO - Started process (PID=21186) to work on /opt/airflow/dags/producer.py
[2024-09-28T04:46:09.341+0000] {processor.py:756} INFO - Processing file /opt/airflow/dags/producer.py for tasks to queue
[2024-09-28T04:46:09.345+0000] {logging_mixin.py:120} INFO - [2024-09-28T04:46:09.344+0000] {dagbag.py:537} INFO - Filling up the DagBag from /opt/airflow/dags/producer.py
[2024-09-28T04:46:09.496+0000] {processor.py:766} INFO - DAG(s) dict_keys(['producer']) retrieved from /opt/airflow/dags/producer.py
[2024-09-28T04:46:09.802+0000] {logging_mixin.py:120} INFO - [2024-09-28T04:46:09.801+0000] {dag.py:2585} INFO - Sync 1 DAGs
[2024-09-28T04:46:10.074+0000] {logging_mixin.py:120} INFO - [2024-09-28T04:46:10.072+0000] {dag.py:3340} INFO - Setting next_dagrun for producer to 2024-09-28T00:00:00+00:00, run_after=2024-09-29T00:00:00+00:00
[2024-09-28T04:46:10.252+0000] {processor.py:176} INFO - Processing /opt/airflow/dags/producer.py took 0.946 seconds
[2024-09-28T04:46:40.914+0000] {processor.py:154} INFO - Started process (PID=21247) to work on /opt/airflow/dags/producer.py
[2024-09-28T04:46:40.923+0000] {processor.py:756} INFO - Processing file /opt/airflow/dags/producer.py for tasks to queue
[2024-09-28T04:46:40.929+0000] {logging_mixin.py:120} INFO - [2024-09-28T04:46:40.928+0000] {dagbag.py:537} INFO - Filling up the DagBag from /opt/airflow/dags/producer.py
[2024-09-28T04:46:41.096+0000] {processor.py:766} INFO - DAG(s) dict_keys(['producer']) retrieved from /opt/airflow/dags/producer.py
[2024-09-28T04:46:41.391+0000] {logging_mixin.py:120} INFO - [2024-09-28T04:46:41.390+0000] {dag.py:2585} INFO - Sync 1 DAGs
[2024-09-28T04:46:41.551+0000] {logging_mixin.py:120} INFO - [2024-09-28T04:46:41.550+0000] {dag.py:3340} INFO - Setting next_dagrun for producer to 2024-09-28T00:00:00+00:00, run_after=2024-09-29T00:00:00+00:00
[2024-09-28T04:46:41.685+0000] {processor.py:176} INFO - Processing /opt/airflow/dags/producer.py took 0.794 seconds
[2024-09-28T04:47:11.883+0000] {processor.py:154} INFO - Started process (PID=21303) to work on /opt/airflow/dags/producer.py
[2024-09-28T04:47:11.889+0000] {processor.py:756} INFO - Processing file /opt/airflow/dags/producer.py for tasks to queue
[2024-09-28T04:47:11.892+0000] {logging_mixin.py:120} INFO - [2024-09-28T04:47:11.892+0000] {dagbag.py:537} INFO - Filling up the DagBag from /opt/airflow/dags/producer.py
[2024-09-28T04:47:12.005+0000] {processor.py:766} INFO - DAG(s) dict_keys(['producer']) retrieved from /opt/airflow/dags/producer.py
[2024-09-28T04:47:12.237+0000] {logging_mixin.py:120} INFO - [2024-09-28T04:47:12.236+0000] {dag.py:2585} INFO - Sync 1 DAGs
[2024-09-28T04:47:12.370+0000] {logging_mixin.py:120} INFO - [2024-09-28T04:47:12.370+0000] {dag.py:3340} INFO - Setting next_dagrun for producer to 2024-09-28T00:00:00+00:00, run_after=2024-09-29T00:00:00+00:00
[2024-09-28T04:47:12.466+0000] {processor.py:176} INFO - Processing /opt/airflow/dags/producer.py took 0.599 seconds
[2024-09-28T04:47:42.605+0000] {processor.py:154} INFO - Started process (PID=21366) to work on /opt/airflow/dags/producer.py
[2024-09-28T04:47:42.610+0000] {processor.py:756} INFO - Processing file /opt/airflow/dags/producer.py for tasks to queue
[2024-09-28T04:47:42.616+0000] {logging_mixin.py:120} INFO - [2024-09-28T04:47:42.615+0000] {dagbag.py:537} INFO - Filling up the DagBag from /opt/airflow/dags/producer.py
[2024-09-28T04:47:42.709+0000] {processor.py:766} INFO - DAG(s) dict_keys(['producer']) retrieved from /opt/airflow/dags/producer.py
[2024-09-28T04:47:42.884+0000] {logging_mixin.py:120} INFO - [2024-09-28T04:47:42.884+0000] {dag.py:2585} INFO - Sync 1 DAGs
[2024-09-28T04:47:43.023+0000] {logging_mixin.py:120} INFO - [2024-09-28T04:47:43.022+0000] {dag.py:3340} INFO - Setting next_dagrun for producer to 2024-09-28T00:00:00+00:00, run_after=2024-09-29T00:00:00+00:00
[2024-09-28T04:47:43.141+0000] {processor.py:176} INFO - Processing /opt/airflow/dags/producer.py took 0.553 seconds
[2024-09-28T04:48:13.857+0000] {processor.py:154} INFO - Started process (PID=21436) to work on /opt/airflow/dags/producer.py
[2024-09-28T04:48:13.861+0000] {processor.py:756} INFO - Processing file /opt/airflow/dags/producer.py for tasks to queue
[2024-09-28T04:48:13.864+0000] {logging_mixin.py:120} INFO - [2024-09-28T04:48:13.863+0000] {dagbag.py:537} INFO - Filling up the DagBag from /opt/airflow/dags/producer.py
[2024-09-28T04:48:13.950+0000] {processor.py:766} INFO - DAG(s) dict_keys(['producer']) retrieved from /opt/airflow/dags/producer.py
[2024-09-28T04:48:14.105+0000] {logging_mixin.py:120} INFO - [2024-09-28T04:48:14.105+0000] {dag.py:2585} INFO - Sync 1 DAGs
[2024-09-28T04:48:14.227+0000] {logging_mixin.py:120} INFO - [2024-09-28T04:48:14.226+0000] {dag.py:3340} INFO - Setting next_dagrun for producer to 2024-09-28T00:00:00+00:00, run_after=2024-09-29T00:00:00+00:00
[2024-09-28T04:48:14.301+0000] {processor.py:176} INFO - Processing /opt/airflow/dags/producer.py took 0.455 seconds
[2024-09-28T04:48:44.653+0000] {processor.py:154} INFO - Started process (PID=21501) to work on /opt/airflow/dags/producer.py
[2024-09-28T04:48:44.657+0000] {processor.py:756} INFO - Processing file /opt/airflow/dags/producer.py for tasks to queue
[2024-09-28T04:48:44.659+0000] {logging_mixin.py:120} INFO - [2024-09-28T04:48:44.659+0000] {dagbag.py:537} INFO - Filling up the DagBag from /opt/airflow/dags/producer.py
[2024-09-28T04:48:44.736+0000] {processor.py:766} INFO - DAG(s) dict_keys(['producer']) retrieved from /opt/airflow/dags/producer.py
[2024-09-28T04:48:44.861+0000] {logging_mixin.py:120} INFO - [2024-09-28T04:48:44.861+0000] {dag.py:2585} INFO - Sync 1 DAGs
[2024-09-28T04:48:44.958+0000] {logging_mixin.py:120} INFO - [2024-09-28T04:48:44.958+0000] {dag.py:3340} INFO - Setting next_dagrun for producer to 2024-09-28T00:00:00+00:00, run_after=2024-09-29T00:00:00+00:00
[2024-09-28T04:48:45.021+0000] {processor.py:176} INFO - Processing /opt/airflow/dags/producer.py took 0.377 seconds
[2024-09-28T04:52:24.183+0000] {processor.py:154} INFO - Started process (PID=21529) to work on /opt/airflow/dags/producer.py
[2024-09-28T04:52:24.185+0000] {processor.py:756} INFO - Processing file /opt/airflow/dags/producer.py for tasks to queue
[2024-09-28T04:52:24.187+0000] {logging_mixin.py:120} INFO - [2024-09-28T04:52:24.187+0000] {dagbag.py:537} INFO - Filling up the DagBag from /opt/airflow/dags/producer.py
[2024-09-28T04:52:24.244+0000] {processor.py:766} INFO - DAG(s) dict_keys(['producer']) retrieved from /opt/airflow/dags/producer.py
[2024-09-28T04:52:24.344+0000] {logging_mixin.py:120} INFO - [2024-09-28T04:52:24.344+0000] {dag.py:2585} INFO - Sync 1 DAGs
[2024-09-28T04:52:24.407+0000] {logging_mixin.py:120} INFO - [2024-09-28T04:52:24.407+0000] {dag.py:3340} INFO - Setting next_dagrun for producer to 2024-09-28T00:00:00+00:00, run_after=2024-09-29T00:00:00+00:00
[2024-09-28T04:52:24.454+0000] {processor.py:176} INFO - Processing /opt/airflow/dags/producer.py took 0.279 seconds
[2024-09-28T04:52:56.745+0000] {processor.py:154} INFO - Started process (PID=21592) to work on /opt/airflow/dags/producer.py
[2024-09-28T04:52:56.755+0000] {processor.py:756} INFO - Processing file /opt/airflow/dags/producer.py for tasks to queue
[2024-09-28T04:52:56.761+0000] {logging_mixin.py:120} INFO - [2024-09-28T04:52:56.760+0000] {dagbag.py:537} INFO - Filling up the DagBag from /opt/airflow/dags/producer.py
[2024-09-28T04:52:57.062+0000] {processor.py:766} INFO - DAG(s) dict_keys(['producer']) retrieved from /opt/airflow/dags/producer.py
[2024-09-28T04:52:57.477+0000] {logging_mixin.py:120} INFO - [2024-09-28T04:52:57.476+0000] {dag.py:2585} INFO - Sync 1 DAGs
[2024-09-28T04:52:57.803+0000] {logging_mixin.py:120} INFO - [2024-09-28T04:52:57.802+0000] {dag.py:3340} INFO - Setting next_dagrun for producer to 2024-09-28T00:00:00+00:00, run_after=2024-09-29T00:00:00+00:00
[2024-09-28T04:52:58.038+0000] {processor.py:176} INFO - Processing /opt/airflow/dags/producer.py took 1.326 seconds
[2024-09-28T04:53:28.364+0000] {processor.py:154} INFO - Started process (PID=21646) to work on /opt/airflow/dags/producer.py
[2024-09-28T04:53:28.373+0000] {processor.py:756} INFO - Processing file /opt/airflow/dags/producer.py for tasks to queue
[2024-09-28T04:53:28.379+0000] {logging_mixin.py:120} INFO - [2024-09-28T04:53:28.378+0000] {dagbag.py:537} INFO - Filling up the DagBag from /opt/airflow/dags/producer.py
[2024-09-28T04:53:28.534+0000] {processor.py:766} INFO - DAG(s) dict_keys(['producer']) retrieved from /opt/airflow/dags/producer.py
[2024-09-28T04:53:28.809+0000] {logging_mixin.py:120} INFO - [2024-09-28T04:53:28.808+0000] {dag.py:2585} INFO - Sync 1 DAGs
[2024-09-28T04:53:29.026+0000] {logging_mixin.py:120} INFO - [2024-09-28T04:53:29.025+0000] {dag.py:3340} INFO - Setting next_dagrun for producer to 2024-09-28T00:00:00+00:00, run_after=2024-09-29T00:00:00+00:00
[2024-09-28T04:53:29.203+0000] {processor.py:176} INFO - Processing /opt/airflow/dags/producer.py took 0.867 seconds
[2024-09-28T04:53:59.416+0000] {processor.py:154} INFO - Started process (PID=21709) to work on /opt/airflow/dags/producer.py
[2024-09-28T04:53:59.428+0000] {processor.py:756} INFO - Processing file /opt/airflow/dags/producer.py for tasks to queue
[2024-09-28T04:53:59.438+0000] {logging_mixin.py:120} INFO - [2024-09-28T04:53:59.436+0000] {dagbag.py:537} INFO - Filling up the DagBag from /opt/airflow/dags/producer.py
[2024-09-28T04:53:59.591+0000] {processor.py:766} INFO - DAG(s) dict_keys(['producer']) retrieved from /opt/airflow/dags/producer.py
[2024-09-28T04:53:59.838+0000] {logging_mixin.py:120} INFO - [2024-09-28T04:53:59.837+0000] {dag.py:2585} INFO - Sync 1 DAGs
[2024-09-28T04:54:00.019+0000] {logging_mixin.py:120} INFO - [2024-09-28T04:54:00.018+0000] {dag.py:3340} INFO - Setting next_dagrun for producer to 2024-09-28T00:00:00+00:00, run_after=2024-09-29T00:00:00+00:00
[2024-09-28T04:54:00.139+0000] {processor.py:176} INFO - Processing /opt/airflow/dags/producer.py took 0.744 seconds
[2024-09-28T04:54:30.802+0000] {processor.py:154} INFO - Started process (PID=21770) to work on /opt/airflow/dags/producer.py
[2024-09-28T04:54:30.810+0000] {processor.py:756} INFO - Processing file /opt/airflow/dags/producer.py for tasks to queue
[2024-09-28T04:54:30.815+0000] {logging_mixin.py:120} INFO - [2024-09-28T04:54:30.814+0000] {dagbag.py:537} INFO - Filling up the DagBag from /opt/airflow/dags/producer.py
[2024-09-28T04:54:31.017+0000] {processor.py:766} INFO - DAG(s) dict_keys(['producer']) retrieved from /opt/airflow/dags/producer.py
[2024-09-28T04:54:31.395+0000] {logging_mixin.py:120} INFO - [2024-09-28T04:54:31.394+0000] {dag.py:2585} INFO - Sync 1 DAGs
[2024-09-28T04:54:31.715+0000] {logging_mixin.py:120} INFO - [2024-09-28T04:54:31.713+0000] {dag.py:3340} INFO - Setting next_dagrun for producer to 2024-09-28T00:00:00+00:00, run_after=2024-09-29T00:00:00+00:00
[2024-09-28T04:54:31.939+0000] {processor.py:176} INFO - Processing /opt/airflow/dags/producer.py took 1.169 seconds
[2024-09-28T04:55:02.464+0000] {processor.py:154} INFO - Started process (PID=21826) to work on /opt/airflow/dags/producer.py
[2024-09-28T04:55:02.471+0000] {processor.py:756} INFO - Processing file /opt/airflow/dags/producer.py for tasks to queue
[2024-09-28T04:55:02.477+0000] {logging_mixin.py:120} INFO - [2024-09-28T04:55:02.476+0000] {dagbag.py:537} INFO - Filling up the DagBag from /opt/airflow/dags/producer.py
[2024-09-28T04:55:02.616+0000] {processor.py:766} INFO - DAG(s) dict_keys(['producer']) retrieved from /opt/airflow/dags/producer.py
[2024-09-28T04:55:02.864+0000] {logging_mixin.py:120} INFO - [2024-09-28T04:55:02.864+0000] {dag.py:2585} INFO - Sync 1 DAGs
[2024-09-28T04:55:03.000+0000] {logging_mixin.py:120} INFO - [2024-09-28T04:55:03.000+0000] {dag.py:3340} INFO - Setting next_dagrun for producer to 2024-09-28T00:00:00+00:00, run_after=2024-09-29T00:00:00+00:00
[2024-09-28T04:55:03.100+0000] {processor.py:176} INFO - Processing /opt/airflow/dags/producer.py took 0.653 seconds
[2024-09-28T04:55:34.354+0000] {processor.py:154} INFO - Started process (PID=21889) to work on /opt/airflow/dags/producer.py
[2024-09-28T04:55:34.366+0000] {processor.py:756} INFO - Processing file /opt/airflow/dags/producer.py for tasks to queue
[2024-09-28T04:55:34.371+0000] {logging_mixin.py:120} INFO - [2024-09-28T04:55:34.370+0000] {dagbag.py:537} INFO - Filling up the DagBag from /opt/airflow/dags/producer.py
[2024-09-28T04:55:34.531+0000] {processor.py:766} INFO - DAG(s) dict_keys(['producer']) retrieved from /opt/airflow/dags/producer.py
[2024-09-28T04:55:34.843+0000] {logging_mixin.py:120} INFO - [2024-09-28T04:55:34.843+0000] {dag.py:2585} INFO - Sync 1 DAGs
[2024-09-28T04:55:34.999+0000] {logging_mixin.py:120} INFO - [2024-09-28T04:55:34.999+0000] {dag.py:3340} INFO - Setting next_dagrun for producer to 2024-09-28T00:00:00+00:00, run_after=2024-09-29T00:00:00+00:00
[2024-09-28T04:55:35.105+0000] {processor.py:176} INFO - Processing /opt/airflow/dags/producer.py took 0.768 seconds
[2024-09-28T05:12:16.003+0000] {processor.py:154} INFO - Started process (PID=21922) to work on /opt/airflow/dags/producer.py
[2024-09-28T05:12:16.008+0000] {processor.py:756} INFO - Processing file /opt/airflow/dags/producer.py for tasks to queue
[2024-09-28T05:12:16.011+0000] {logging_mixin.py:120} INFO - [2024-09-28T05:12:16.010+0000] {dagbag.py:537} INFO - Filling up the DagBag from /opt/airflow/dags/producer.py
[2024-09-28T05:12:16.074+0000] {processor.py:766} INFO - DAG(s) dict_keys(['producer']) retrieved from /opt/airflow/dags/producer.py
[2024-09-28T05:12:16.192+0000] {logging_mixin.py:120} INFO - [2024-09-28T05:12:16.191+0000] {dag.py:2585} INFO - Sync 1 DAGs
[2024-09-28T05:12:16.283+0000] {logging_mixin.py:120} INFO - [2024-09-28T05:12:16.283+0000] {dag.py:3340} INFO - Setting next_dagrun for producer to 2024-09-28T00:00:00+00:00, run_after=2024-09-29T00:00:00+00:00
[2024-09-28T05:12:16.358+0000] {processor.py:176} INFO - Processing /opt/airflow/dags/producer.py took 0.363 seconds
[2024-09-28T05:12:49.443+0000] {processor.py:154} INFO - Started process (PID=21985) to work on /opt/airflow/dags/producer.py
[2024-09-28T05:12:49.451+0000] {processor.py:756} INFO - Processing file /opt/airflow/dags/producer.py for tasks to queue
[2024-09-28T05:12:49.456+0000] {logging_mixin.py:120} INFO - [2024-09-28T05:12:49.455+0000] {dagbag.py:537} INFO - Filling up the DagBag from /opt/airflow/dags/producer.py
[2024-09-28T05:12:49.663+0000] {processor.py:766} INFO - DAG(s) dict_keys(['producer']) retrieved from /opt/airflow/dags/producer.py
[2024-09-28T05:12:49.963+0000] {logging_mixin.py:120} INFO - [2024-09-28T05:12:49.963+0000] {dag.py:2585} INFO - Sync 1 DAGs
[2024-09-28T05:12:50.185+0000] {logging_mixin.py:120} INFO - [2024-09-28T05:12:50.184+0000] {dag.py:3340} INFO - Setting next_dagrun for producer to 2024-09-28T00:00:00+00:00, run_after=2024-09-29T00:00:00+00:00
[2024-09-28T05:12:50.365+0000] {processor.py:176} INFO - Processing /opt/airflow/dags/producer.py took 0.947 seconds
[2024-09-28T05:13:21.354+0000] {processor.py:154} INFO - Started process (PID=22048) to work on /opt/airflow/dags/producer.py
[2024-09-28T05:13:21.360+0000] {processor.py:756} INFO - Processing file /opt/airflow/dags/producer.py for tasks to queue
[2024-09-28T05:13:21.364+0000] {logging_mixin.py:120} INFO - [2024-09-28T05:13:21.364+0000] {dagbag.py:537} INFO - Filling up the DagBag from /opt/airflow/dags/producer.py
[2024-09-28T05:13:21.527+0000] {processor.py:766} INFO - DAG(s) dict_keys(['producer']) retrieved from /opt/airflow/dags/producer.py
[2024-09-28T05:13:21.859+0000] {logging_mixin.py:120} INFO - [2024-09-28T05:13:21.857+0000] {dag.py:2585} INFO - Sync 1 DAGs
[2024-09-28T05:13:22.091+0000] {logging_mixin.py:120} INFO - [2024-09-28T05:13:22.089+0000] {dag.py:3340} INFO - Setting next_dagrun for producer to 2024-09-28T00:00:00+00:00, run_after=2024-09-29T00:00:00+00:00
[2024-09-28T05:13:22.263+0000] {processor.py:176} INFO - Processing /opt/airflow/dags/producer.py took 0.929 seconds
[2024-09-28T05:13:53.076+0000] {processor.py:154} INFO - Started process (PID=22111) to work on /opt/airflow/dags/producer.py
[2024-09-28T05:13:53.085+0000] {processor.py:756} INFO - Processing file /opt/airflow/dags/producer.py for tasks to queue
[2024-09-28T05:13:53.093+0000] {logging_mixin.py:120} INFO - [2024-09-28T05:13:53.092+0000] {dagbag.py:537} INFO - Filling up the DagBag from /opt/airflow/dags/producer.py
[2024-09-28T05:13:53.279+0000] {processor.py:766} INFO - DAG(s) dict_keys(['producer']) retrieved from /opt/airflow/dags/producer.py
[2024-09-28T05:13:53.554+0000] {logging_mixin.py:120} INFO - [2024-09-28T05:13:53.553+0000] {dag.py:2585} INFO - Sync 1 DAGs
[2024-09-28T05:13:53.718+0000] {logging_mixin.py:120} INFO - [2024-09-28T05:13:53.717+0000] {dag.py:3340} INFO - Setting next_dagrun for producer to 2024-09-28T00:00:00+00:00, run_after=2024-09-29T00:00:00+00:00
[2024-09-28T05:13:53.840+0000] {processor.py:176} INFO - Processing /opt/airflow/dags/producer.py took 0.784 seconds
[2024-09-28T05:14:24.533+0000] {processor.py:154} INFO - Started process (PID=22172) to work on /opt/airflow/dags/producer.py
[2024-09-28T05:14:24.545+0000] {processor.py:756} INFO - Processing file /opt/airflow/dags/producer.py for tasks to queue
[2024-09-28T05:14:24.553+0000] {logging_mixin.py:120} INFO - [2024-09-28T05:14:24.552+0000] {dagbag.py:537} INFO - Filling up the DagBag from /opt/airflow/dags/producer.py
[2024-09-28T05:14:24.768+0000] {processor.py:766} INFO - DAG(s) dict_keys(['producer']) retrieved from /opt/airflow/dags/producer.py
[2024-09-28T05:14:25.112+0000] {logging_mixin.py:120} INFO - [2024-09-28T05:14:25.112+0000] {dag.py:2585} INFO - Sync 1 DAGs
[2024-09-28T05:14:25.316+0000] {logging_mixin.py:120} INFO - [2024-09-28T05:14:25.315+0000] {dag.py:3340} INFO - Setting next_dagrun for producer to 2024-09-28T00:00:00+00:00, run_after=2024-09-29T00:00:00+00:00
[2024-09-28T05:14:25.457+0000] {processor.py:176} INFO - Processing /opt/airflow/dags/producer.py took 0.950 seconds
[2024-09-28T05:14:55.802+0000] {processor.py:154} INFO - Started process (PID=22227) to work on /opt/airflow/dags/producer.py
[2024-09-28T05:14:55.807+0000] {processor.py:756} INFO - Processing file /opt/airflow/dags/producer.py for tasks to queue
[2024-09-28T05:14:55.814+0000] {logging_mixin.py:120} INFO - [2024-09-28T05:14:55.813+0000] {dagbag.py:537} INFO - Filling up the DagBag from /opt/airflow/dags/producer.py
[2024-09-28T05:14:55.919+0000] {processor.py:766} INFO - DAG(s) dict_keys(['producer']) retrieved from /opt/airflow/dags/producer.py
[2024-09-28T05:14:56.110+0000] {logging_mixin.py:120} INFO - [2024-09-28T05:14:56.109+0000] {dag.py:2585} INFO - Sync 1 DAGs
[2024-09-28T05:14:56.233+0000] {logging_mixin.py:120} INFO - [2024-09-28T05:14:56.232+0000] {dag.py:3340} INFO - Setting next_dagrun for producer to 2024-09-28T00:00:00+00:00, run_after=2024-09-29T00:00:00+00:00
[2024-09-28T05:14:56.326+0000] {processor.py:176} INFO - Processing /opt/airflow/dags/producer.py took 0.540 seconds
[2024-09-28T05:15:26.451+0000] {processor.py:154} INFO - Started process (PID=22289) to work on /opt/airflow/dags/producer.py
[2024-09-28T05:15:26.456+0000] {processor.py:756} INFO - Processing file /opt/airflow/dags/producer.py for tasks to queue
[2024-09-28T05:15:26.458+0000] {logging_mixin.py:120} INFO - [2024-09-28T05:15:26.458+0000] {dagbag.py:537} INFO - Filling up the DagBag from /opt/airflow/dags/producer.py
[2024-09-28T05:15:26.553+0000] {processor.py:766} INFO - DAG(s) dict_keys(['producer']) retrieved from /opt/airflow/dags/producer.py
[2024-09-28T05:15:26.731+0000] {logging_mixin.py:120} INFO - [2024-09-28T05:15:26.730+0000] {dag.py:2585} INFO - Sync 1 DAGs
[2024-09-28T05:15:26.854+0000] {logging_mixin.py:120} INFO - [2024-09-28T05:15:26.853+0000] {dag.py:3340} INFO - Setting next_dagrun for producer to 2024-09-28T00:00:00+00:00, run_after=2024-09-29T00:00:00+00:00
[2024-09-28T05:15:26.937+0000] {processor.py:176} INFO - Processing /opt/airflow/dags/producer.py took 0.500 seconds
[2024-09-28T05:15:57.058+0000] {processor.py:154} INFO - Started process (PID=22353) to work on /opt/airflow/dags/producer.py
[2024-09-28T05:15:57.061+0000] {processor.py:756} INFO - Processing file /opt/airflow/dags/producer.py for tasks to queue
[2024-09-28T05:15:57.064+0000] {logging_mixin.py:120} INFO - [2024-09-28T05:15:57.063+0000] {dagbag.py:537} INFO - Filling up the DagBag from /opt/airflow/dags/producer.py
[2024-09-28T05:15:57.137+0000] {processor.py:766} INFO - DAG(s) dict_keys(['producer']) retrieved from /opt/airflow/dags/producer.py
[2024-09-28T05:15:57.258+0000] {logging_mixin.py:120} INFO - [2024-09-28T05:15:57.258+0000] {dag.py:2585} INFO - Sync 1 DAGs
[2024-09-28T05:15:57.362+0000] {logging_mixin.py:120} INFO - [2024-09-28T05:15:57.361+0000] {dag.py:3340} INFO - Setting next_dagrun for producer to 2024-09-28T00:00:00+00:00, run_after=2024-09-29T00:00:00+00:00
[2024-09-28T05:15:57.434+0000] {processor.py:176} INFO - Processing /opt/airflow/dags/producer.py took 0.386 seconds
[2024-09-28T05:33:50.017+0000] {processor.py:154} INFO - Started process (PID=22394) to work on /opt/airflow/dags/producer.py
[2024-09-28T05:33:50.021+0000] {processor.py:756} INFO - Processing file /opt/airflow/dags/producer.py for tasks to queue
[2024-09-28T05:33:50.023+0000] {logging_mixin.py:120} INFO - [2024-09-28T05:33:50.023+0000] {dagbag.py:537} INFO - Filling up the DagBag from /opt/airflow/dags/producer.py
[2024-09-28T05:33:50.083+0000] {processor.py:766} INFO - DAG(s) dict_keys(['producer']) retrieved from /opt/airflow/dags/producer.py
[2024-09-28T05:33:50.180+0000] {logging_mixin.py:120} INFO - [2024-09-28T05:33:50.180+0000] {dag.py:2585} INFO - Sync 1 DAGs
[2024-09-28T05:33:50.257+0000] {logging_mixin.py:120} INFO - [2024-09-28T05:33:50.257+0000] {dag.py:3340} INFO - Setting next_dagrun for producer to 2024-09-28T00:00:00+00:00, run_after=2024-09-29T00:00:00+00:00
[2024-09-28T05:33:50.320+0000] {processor.py:176} INFO - Processing /opt/airflow/dags/producer.py took 0.311 seconds
[2024-09-28T05:34:22.609+0000] {processor.py:154} INFO - Started process (PID=22455) to work on /opt/airflow/dags/producer.py
[2024-09-28T05:34:22.623+0000] {processor.py:756} INFO - Processing file /opt/airflow/dags/producer.py for tasks to queue
[2024-09-28T05:34:22.631+0000] {logging_mixin.py:120} INFO - [2024-09-28T05:34:22.629+0000] {dagbag.py:537} INFO - Filling up the DagBag from /opt/airflow/dags/producer.py
[2024-09-28T05:34:22.889+0000] {processor.py:766} INFO - DAG(s) dict_keys(['producer']) retrieved from /opt/airflow/dags/producer.py
[2024-09-28T05:34:23.263+0000] {logging_mixin.py:120} INFO - [2024-09-28T05:34:23.262+0000] {dag.py:2585} INFO - Sync 1 DAGs
[2024-09-28T05:34:23.590+0000] {logging_mixin.py:120} INFO - [2024-09-28T05:34:23.589+0000] {dag.py:3340} INFO - Setting next_dagrun for producer to 2024-09-28T00:00:00+00:00, run_after=2024-09-29T00:00:00+00:00
[2024-09-28T05:34:23.809+0000] {processor.py:176} INFO - Processing /opt/airflow/dags/producer.py took 1.231 seconds
[2024-09-28T05:34:54.069+0000] {processor.py:154} INFO - Started process (PID=22511) to work on /opt/airflow/dags/producer.py
[2024-09-28T05:34:54.076+0000] {processor.py:756} INFO - Processing file /opt/airflow/dags/producer.py for tasks to queue
[2024-09-28T05:34:54.082+0000] {logging_mixin.py:120} INFO - [2024-09-28T05:34:54.080+0000] {dagbag.py:537} INFO - Filling up the DagBag from /opt/airflow/dags/producer.py
[2024-09-28T05:34:54.231+0000] {processor.py:766} INFO - DAG(s) dict_keys(['producer']) retrieved from /opt/airflow/dags/producer.py
[2024-09-28T05:34:54.513+0000] {logging_mixin.py:120} INFO - [2024-09-28T05:34:54.512+0000] {dag.py:2585} INFO - Sync 1 DAGs
[2024-09-28T05:34:54.750+0000] {logging_mixin.py:120} INFO - [2024-09-28T05:34:54.749+0000] {dag.py:3340} INFO - Setting next_dagrun for producer to 2024-09-28T00:00:00+00:00, run_after=2024-09-29T00:00:00+00:00
[2024-09-28T05:34:54.924+0000] {processor.py:176} INFO - Processing /opt/airflow/dags/producer.py took 0.876 seconds
[2024-09-28T05:35:25.218+0000] {processor.py:154} INFO - Started process (PID=22573) to work on /opt/airflow/dags/producer.py
[2024-09-28T05:35:25.229+0000] {processor.py:756} INFO - Processing file /opt/airflow/dags/producer.py for tasks to queue
[2024-09-28T05:35:25.236+0000] {logging_mixin.py:120} INFO - [2024-09-28T05:35:25.235+0000] {dagbag.py:537} INFO - Filling up the DagBag from /opt/airflow/dags/producer.py
[2024-09-28T05:35:25.409+0000] {processor.py:766} INFO - DAG(s) dict_keys(['producer']) retrieved from /opt/airflow/dags/producer.py
[2024-09-28T05:35:25.669+0000] {logging_mixin.py:120} INFO - [2024-09-28T05:35:25.669+0000] {dag.py:2585} INFO - Sync 1 DAGs
[2024-09-28T05:35:25.930+0000] {logging_mixin.py:120} INFO - [2024-09-28T05:35:25.929+0000] {dag.py:3340} INFO - Setting next_dagrun for producer to 2024-09-28T00:00:00+00:00, run_after=2024-09-29T00:00:00+00:00
[2024-09-28T05:35:26.096+0000] {processor.py:176} INFO - Processing /opt/airflow/dags/producer.py took 0.902 seconds
[2024-09-28T05:35:56.385+0000] {processor.py:154} INFO - Started process (PID=22627) to work on /opt/airflow/dags/producer.py
[2024-09-28T05:35:56.391+0000] {processor.py:756} INFO - Processing file /opt/airflow/dags/producer.py for tasks to queue
[2024-09-28T05:35:56.396+0000] {logging_mixin.py:120} INFO - [2024-09-28T05:35:56.395+0000] {dagbag.py:537} INFO - Filling up the DagBag from /opt/airflow/dags/producer.py
[2024-09-28T05:35:56.549+0000] {processor.py:766} INFO - DAG(s) dict_keys(['producer']) retrieved from /opt/airflow/dags/producer.py
[2024-09-28T05:35:56.788+0000] {logging_mixin.py:120} INFO - [2024-09-28T05:35:56.787+0000] {dag.py:2585} INFO - Sync 1 DAGs
[2024-09-28T05:35:56.937+0000] {logging_mixin.py:120} INFO - [2024-09-28T05:35:56.936+0000] {dag.py:3340} INFO - Setting next_dagrun for producer to 2024-09-28T00:00:00+00:00, run_after=2024-09-29T00:00:00+00:00
[2024-09-28T05:35:57.049+0000] {processor.py:176} INFO - Processing /opt/airflow/dags/producer.py took 0.682 seconds
[2024-09-28T05:36:27.347+0000] {processor.py:154} INFO - Started process (PID=22690) to work on /opt/airflow/dags/producer.py
[2024-09-28T05:36:27.353+0000] {processor.py:756} INFO - Processing file /opt/airflow/dags/producer.py for tasks to queue
[2024-09-28T05:36:27.356+0000] {logging_mixin.py:120} INFO - [2024-09-28T05:36:27.356+0000] {dagbag.py:537} INFO - Filling up the DagBag from /opt/airflow/dags/producer.py
[2024-09-28T05:36:27.466+0000] {processor.py:766} INFO - DAG(s) dict_keys(['producer']) retrieved from /opt/airflow/dags/producer.py
[2024-09-28T05:36:27.652+0000] {logging_mixin.py:120} INFO - [2024-09-28T05:36:27.651+0000] {dag.py:2585} INFO - Sync 1 DAGs
[2024-09-28T05:36:27.795+0000] {logging_mixin.py:120} INFO - [2024-09-28T05:36:27.794+0000] {dag.py:3340} INFO - Setting next_dagrun for producer to 2024-09-28T00:00:00+00:00, run_after=2024-09-29T00:00:00+00:00
[2024-09-28T05:36:27.905+0000] {processor.py:176} INFO - Processing /opt/airflow/dags/producer.py took 0.573 seconds
[2024-09-28T05:36:58.514+0000] {processor.py:154} INFO - Started process (PID=22753) to work on /opt/airflow/dags/producer.py
[2024-09-28T05:36:58.519+0000] {processor.py:756} INFO - Processing file /opt/airflow/dags/producer.py for tasks to queue
[2024-09-28T05:36:58.522+0000] {logging_mixin.py:120} INFO - [2024-09-28T05:36:58.522+0000] {dagbag.py:537} INFO - Filling up the DagBag from /opt/airflow/dags/producer.py
[2024-09-28T05:36:58.620+0000] {processor.py:766} INFO - DAG(s) dict_keys(['producer']) retrieved from /opt/airflow/dags/producer.py
[2024-09-28T05:36:58.802+0000] {logging_mixin.py:120} INFO - [2024-09-28T05:36:58.801+0000] {dag.py:2585} INFO - Sync 1 DAGs
[2024-09-28T05:36:58.909+0000] {logging_mixin.py:120} INFO - [2024-09-28T05:36:58.909+0000] {dag.py:3340} INFO - Setting next_dagrun for producer to 2024-09-28T00:00:00+00:00, run_after=2024-09-29T00:00:00+00:00
[2024-09-28T05:36:58.994+0000] {processor.py:176} INFO - Processing /opt/airflow/dags/producer.py took 0.497 seconds
[2024-09-28T05:53:17.187+0000] {processor.py:154} INFO - Started process (PID=22794) to work on /opt/airflow/dags/producer.py
[2024-09-28T05:53:17.204+0000] {processor.py:756} INFO - Processing file /opt/airflow/dags/producer.py for tasks to queue
[2024-09-28T05:53:17.211+0000] {logging_mixin.py:120} INFO - [2024-09-28T05:53:17.209+0000] {dagbag.py:537} INFO - Filling up the DagBag from /opt/airflow/dags/producer.py
[2024-09-28T05:53:17.455+0000] {processor.py:766} INFO - DAG(s) dict_keys(['producer']) retrieved from /opt/airflow/dags/producer.py
[2024-09-28T05:53:17.872+0000] {logging_mixin.py:120} INFO - [2024-09-28T05:53:17.871+0000] {dag.py:2585} INFO - Sync 1 DAGs
[2024-09-28T05:53:18.187+0000] {logging_mixin.py:120} INFO - [2024-09-28T05:53:18.186+0000] {dag.py:3340} INFO - Setting next_dagrun for producer to 2024-09-28T00:00:00+00:00, run_after=2024-09-29T00:00:00+00:00
[2024-09-28T05:53:18.401+0000] {processor.py:176} INFO - Processing /opt/airflow/dags/producer.py took 1.244 seconds
[2024-09-28T05:53:51.681+0000] {processor.py:154} INFO - Started process (PID=22848) to work on /opt/airflow/dags/producer.py
[2024-09-28T05:53:51.690+0000] {processor.py:756} INFO - Processing file /opt/airflow/dags/producer.py for tasks to queue
[2024-09-28T05:53:51.699+0000] {logging_mixin.py:120} INFO - [2024-09-28T05:53:51.697+0000] {dagbag.py:537} INFO - Filling up the DagBag from /opt/airflow/dags/producer.py
[2024-09-28T05:53:51.933+0000] {processor.py:766} INFO - DAG(s) dict_keys(['producer']) retrieved from /opt/airflow/dags/producer.py
[2024-09-28T05:53:52.339+0000] {logging_mixin.py:120} INFO - [2024-09-28T05:53:52.338+0000] {dag.py:2585} INFO - Sync 1 DAGs
[2024-09-28T05:53:52.667+0000] {logging_mixin.py:120} INFO - [2024-09-28T05:53:52.665+0000] {dag.py:3340} INFO - Setting next_dagrun for producer to 2024-09-28T00:00:00+00:00, run_after=2024-09-29T00:00:00+00:00
[2024-09-28T05:53:52.924+0000] {processor.py:176} INFO - Processing /opt/airflow/dags/producer.py took 1.270 seconds
[2024-09-28T05:54:23.375+0000] {processor.py:154} INFO - Started process (PID=22910) to work on /opt/airflow/dags/producer.py
[2024-09-28T05:54:23.388+0000] {processor.py:756} INFO - Processing file /opt/airflow/dags/producer.py for tasks to queue
[2024-09-28T05:54:23.400+0000] {logging_mixin.py:120} INFO - [2024-09-28T05:54:23.393+0000] {dagbag.py:537} INFO - Filling up the DagBag from /opt/airflow/dags/producer.py
[2024-09-28T05:54:23.583+0000] {processor.py:766} INFO - DAG(s) dict_keys(['producer']) retrieved from /opt/airflow/dags/producer.py
[2024-09-28T05:54:23.835+0000] {logging_mixin.py:120} INFO - [2024-09-28T05:54:23.835+0000] {dag.py:2585} INFO - Sync 1 DAGs
[2024-09-28T05:54:24.025+0000] {logging_mixin.py:120} INFO - [2024-09-28T05:54:24.024+0000] {dag.py:3340} INFO - Setting next_dagrun for producer to 2024-09-28T00:00:00+00:00, run_after=2024-09-29T00:00:00+00:00
[2024-09-28T05:54:24.255+0000] {processor.py:176} INFO - Processing /opt/airflow/dags/producer.py took 0.907 seconds
[2024-09-28T05:54:55.306+0000] {processor.py:154} INFO - Started process (PID=22973) to work on /opt/airflow/dags/producer.py
[2024-09-28T05:54:55.316+0000] {processor.py:756} INFO - Processing file /opt/airflow/dags/producer.py for tasks to queue
[2024-09-28T05:54:55.322+0000] {logging_mixin.py:120} INFO - [2024-09-28T05:54:55.321+0000] {dagbag.py:537} INFO - Filling up the DagBag from /opt/airflow/dags/producer.py
[2024-09-28T05:54:55.504+0000] {processor.py:766} INFO - DAG(s) dict_keys(['producer']) retrieved from /opt/airflow/dags/producer.py
[2024-09-28T05:54:55.922+0000] {logging_mixin.py:120} INFO - [2024-09-28T05:54:55.919+0000] {dag.py:2585} INFO - Sync 1 DAGs
[2024-09-28T05:54:56.168+0000] {logging_mixin.py:120} INFO - [2024-09-28T05:54:56.167+0000] {dag.py:3340} INFO - Setting next_dagrun for producer to 2024-09-28T00:00:00+00:00, run_after=2024-09-29T00:00:00+00:00
[2024-09-28T05:54:56.346+0000] {processor.py:176} INFO - Processing /opt/airflow/dags/producer.py took 1.071 seconds
[2024-09-28T06:10:15.177+0000] {processor.py:154} INFO - Started process (PID=23011) to work on /opt/airflow/dags/producer.py
[2024-09-28T06:10:15.181+0000] {processor.py:756} INFO - Processing file /opt/airflow/dags/producer.py for tasks to queue
[2024-09-28T06:10:15.183+0000] {logging_mixin.py:120} INFO - [2024-09-28T06:10:15.182+0000] {dagbag.py:537} INFO - Filling up the DagBag from /opt/airflow/dags/producer.py
[2024-09-28T06:10:15.259+0000] {processor.py:766} INFO - DAG(s) dict_keys(['producer']) retrieved from /opt/airflow/dags/producer.py
[2024-09-28T06:10:15.381+0000] {logging_mixin.py:120} INFO - [2024-09-28T06:10:15.381+0000] {dag.py:2585} INFO - Sync 1 DAGs
[2024-09-28T06:10:15.457+0000] {logging_mixin.py:120} INFO - [2024-09-28T06:10:15.456+0000] {dag.py:3340} INFO - Setting next_dagrun for producer to 2024-09-28T00:00:00+00:00, run_after=2024-09-29T00:00:00+00:00
[2024-09-28T06:10:15.517+0000] {processor.py:176} INFO - Processing /opt/airflow/dags/producer.py took 0.348 seconds
[2024-09-28T06:10:47.713+0000] {processor.py:154} INFO - Started process (PID=23074) to work on /opt/airflow/dags/producer.py
[2024-09-28T06:10:47.721+0000] {processor.py:756} INFO - Processing file /opt/airflow/dags/producer.py for tasks to queue
[2024-09-28T06:10:47.725+0000] {logging_mixin.py:120} INFO - [2024-09-28T06:10:47.725+0000] {dagbag.py:537} INFO - Filling up the DagBag from /opt/airflow/dags/producer.py
[2024-09-28T06:10:47.904+0000] {processor.py:766} INFO - DAG(s) dict_keys(['producer']) retrieved from /opt/airflow/dags/producer.py
[2024-09-28T06:10:48.240+0000] {logging_mixin.py:120} INFO - [2024-09-28T06:10:48.239+0000] {dag.py:2585} INFO - Sync 1 DAGs
[2024-09-28T06:10:48.505+0000] {logging_mixin.py:120} INFO - [2024-09-28T06:10:48.505+0000] {dag.py:3340} INFO - Setting next_dagrun for producer to 2024-09-28T00:00:00+00:00, run_after=2024-09-29T00:00:00+00:00
[2024-09-28T06:10:48.694+0000] {processor.py:176} INFO - Processing /opt/airflow/dags/producer.py took 1.008 seconds
[2024-09-28T06:11:19.292+0000] {processor.py:154} INFO - Started process (PID=23128) to work on /opt/airflow/dags/producer.py
[2024-09-28T06:11:19.299+0000] {processor.py:756} INFO - Processing file /opt/airflow/dags/producer.py for tasks to queue
[2024-09-28T06:11:19.304+0000] {logging_mixin.py:120} INFO - [2024-09-28T06:11:19.303+0000] {dagbag.py:537} INFO - Filling up the DagBag from /opt/airflow/dags/producer.py
[2024-09-28T06:11:19.452+0000] {processor.py:766} INFO - DAG(s) dict_keys(['producer']) retrieved from /opt/airflow/dags/producer.py
[2024-09-28T06:11:19.714+0000] {logging_mixin.py:120} INFO - [2024-09-28T06:11:19.714+0000] {dag.py:2585} INFO - Sync 1 DAGs
[2024-09-28T06:11:19.897+0000] {logging_mixin.py:120} INFO - [2024-09-28T06:11:19.896+0000] {dag.py:3340} INFO - Setting next_dagrun for producer to 2024-09-28T00:00:00+00:00, run_after=2024-09-29T00:00:00+00:00
[2024-09-28T06:11:20.022+0000] {processor.py:176} INFO - Processing /opt/airflow/dags/producer.py took 0.750 seconds
[2024-09-28T06:11:50.796+0000] {processor.py:154} INFO - Started process (PID=23191) to work on /opt/airflow/dags/producer.py
[2024-09-28T06:11:50.804+0000] {processor.py:756} INFO - Processing file /opt/airflow/dags/producer.py for tasks to queue
[2024-09-28T06:11:50.809+0000] {logging_mixin.py:120} INFO - [2024-09-28T06:11:50.808+0000] {dagbag.py:537} INFO - Filling up the DagBag from /opt/airflow/dags/producer.py
[2024-09-28T06:11:51.026+0000] {processor.py:766} INFO - DAG(s) dict_keys(['producer']) retrieved from /opt/airflow/dags/producer.py
[2024-09-28T06:11:51.338+0000] {logging_mixin.py:120} INFO - [2024-09-28T06:11:51.337+0000] {dag.py:2585} INFO - Sync 1 DAGs
[2024-09-28T06:11:51.507+0000] {logging_mixin.py:120} INFO - [2024-09-28T06:11:51.506+0000] {dag.py:3340} INFO - Setting next_dagrun for producer to 2024-09-28T00:00:00+00:00, run_after=2024-09-29T00:00:00+00:00
[2024-09-28T06:11:51.669+0000] {processor.py:176} INFO - Processing /opt/airflow/dags/producer.py took 0.899 seconds
[2024-09-28T06:12:22.539+0000] {processor.py:154} INFO - Started process (PID=23252) to work on /opt/airflow/dags/producer.py
[2024-09-28T06:12:22.546+0000] {processor.py:756} INFO - Processing file /opt/airflow/dags/producer.py for tasks to queue
[2024-09-28T06:12:22.552+0000] {logging_mixin.py:120} INFO - [2024-09-28T06:12:22.551+0000] {dagbag.py:537} INFO - Filling up the DagBag from /opt/airflow/dags/producer.py
[2024-09-28T06:12:22.714+0000] {processor.py:766} INFO - DAG(s) dict_keys(['producer']) retrieved from /opt/airflow/dags/producer.py
[2024-09-28T06:12:22.990+0000] {logging_mixin.py:120} INFO - [2024-09-28T06:12:22.989+0000] {dag.py:2585} INFO - Sync 1 DAGs
[2024-09-28T06:12:23.181+0000] {logging_mixin.py:120} INFO - [2024-09-28T06:12:23.180+0000] {dag.py:3340} INFO - Setting next_dagrun for producer to 2024-09-28T00:00:00+00:00, run_after=2024-09-29T00:00:00+00:00
[2024-09-28T06:12:23.328+0000] {processor.py:176} INFO - Processing /opt/airflow/dags/producer.py took 0.809 seconds
[2024-09-28T06:12:53.962+0000] {processor.py:154} INFO - Started process (PID=23308) to work on /opt/airflow/dags/producer.py
[2024-09-28T06:12:53.973+0000] {processor.py:756} INFO - Processing file /opt/airflow/dags/producer.py for tasks to queue
[2024-09-28T06:12:53.983+0000] {logging_mixin.py:120} INFO - [2024-09-28T06:12:53.982+0000] {dagbag.py:537} INFO - Filling up the DagBag from /opt/airflow/dags/producer.py
[2024-09-28T06:12:54.142+0000] {processor.py:766} INFO - DAG(s) dict_keys(['producer']) retrieved from /opt/airflow/dags/producer.py
[2024-09-28T06:12:54.357+0000] {logging_mixin.py:120} INFO - [2024-09-28T06:12:54.356+0000] {dag.py:2585} INFO - Sync 1 DAGs
[2024-09-28T06:12:54.485+0000] {logging_mixin.py:120} INFO - [2024-09-28T06:12:54.484+0000] {dag.py:3340} INFO - Setting next_dagrun for producer to 2024-09-28T00:00:00+00:00, run_after=2024-09-29T00:00:00+00:00
[2024-09-28T06:12:54.578+0000] {processor.py:176} INFO - Processing /opt/airflow/dags/producer.py took 0.636 seconds
[2024-09-28T06:13:25.212+0000] {processor.py:154} INFO - Started process (PID=23372) to work on /opt/airflow/dags/producer.py
[2024-09-28T06:13:25.219+0000] {processor.py:756} INFO - Processing file /opt/airflow/dags/producer.py for tasks to queue
[2024-09-28T06:13:25.223+0000] {logging_mixin.py:120} INFO - [2024-09-28T06:13:25.222+0000] {dagbag.py:537} INFO - Filling up the DagBag from /opt/airflow/dags/producer.py
[2024-09-28T06:13:25.333+0000] {processor.py:766} INFO - DAG(s) dict_keys(['producer']) retrieved from /opt/airflow/dags/producer.py
[2024-09-28T06:13:25.516+0000] {logging_mixin.py:120} INFO - [2024-09-28T06:13:25.515+0000] {dag.py:2585} INFO - Sync 1 DAGs
[2024-09-28T06:13:25.646+0000] {logging_mixin.py:120} INFO - [2024-09-28T06:13:25.645+0000] {dag.py:3340} INFO - Setting next_dagrun for producer to 2024-09-28T00:00:00+00:00, run_after=2024-09-29T00:00:00+00:00
[2024-09-28T06:13:26.193+0000] {processor.py:176} INFO - Processing /opt/airflow/dags/producer.py took 0.996 seconds
[2024-09-28T06:13:56.442+0000] {processor.py:154} INFO - Started process (PID=23435) to work on /opt/airflow/dags/producer.py
[2024-09-28T06:13:56.449+0000] {processor.py:756} INFO - Processing file /opt/airflow/dags/producer.py for tasks to queue
[2024-09-28T06:13:56.455+0000] {logging_mixin.py:120} INFO - [2024-09-28T06:13:56.454+0000] {dagbag.py:537} INFO - Filling up the DagBag from /opt/airflow/dags/producer.py
[2024-09-28T06:13:56.627+0000] {processor.py:766} INFO - DAG(s) dict_keys(['producer']) retrieved from /opt/airflow/dags/producer.py
[2024-09-28T06:13:56.897+0000] {logging_mixin.py:120} INFO - [2024-09-28T06:13:56.896+0000] {dag.py:2585} INFO - Sync 1 DAGs
[2024-09-28T06:13:57.099+0000] {logging_mixin.py:120} INFO - [2024-09-28T06:13:57.098+0000] {dag.py:3340} INFO - Setting next_dagrun for producer to 2024-09-28T00:00:00+00:00, run_after=2024-09-29T00:00:00+00:00
[2024-09-28T06:13:57.230+0000] {processor.py:176} INFO - Processing /opt/airflow/dags/producer.py took 0.808 seconds
[2024-09-28T06:16:42.638+0000] {processor.py:154} INFO - Started process (PID=23466) to work on /opt/airflow/dags/producer.py
[2024-09-28T06:16:42.641+0000] {processor.py:756} INFO - Processing file /opt/airflow/dags/producer.py for tasks to queue
[2024-09-28T06:16:42.642+0000] {logging_mixin.py:120} INFO - [2024-09-28T06:16:42.642+0000] {dagbag.py:537} INFO - Filling up the DagBag from /opt/airflow/dags/producer.py
[2024-09-28T06:16:42.685+0000] {processor.py:766} INFO - DAG(s) dict_keys(['producer']) retrieved from /opt/airflow/dags/producer.py
[2024-09-28T06:16:42.767+0000] {logging_mixin.py:120} INFO - [2024-09-28T06:16:42.767+0000] {dag.py:2585} INFO - Sync 1 DAGs
[2024-09-28T06:16:42.848+0000] {logging_mixin.py:120} INFO - [2024-09-28T06:16:42.848+0000] {dag.py:3340} INFO - Setting next_dagrun for producer to 2024-09-28T00:00:00+00:00, run_after=2024-09-29T00:00:00+00:00
[2024-09-28T06:16:42.910+0000] {processor.py:176} INFO - Processing /opt/airflow/dags/producer.py took 0.277 seconds
[2024-09-28T06:17:14.101+0000] {processor.py:154} INFO - Started process (PID=23529) to work on /opt/airflow/dags/producer.py
[2024-09-28T06:17:14.111+0000] {processor.py:756} INFO - Processing file /opt/airflow/dags/producer.py for tasks to queue
[2024-09-28T06:17:14.116+0000] {logging_mixin.py:120} INFO - [2024-09-28T06:17:14.115+0000] {dagbag.py:537} INFO - Filling up the DagBag from /opt/airflow/dags/producer.py
[2024-09-28T06:17:14.254+0000] {processor.py:766} INFO - DAG(s) dict_keys(['producer']) retrieved from /opt/airflow/dags/producer.py
[2024-09-28T06:17:14.495+0000] {logging_mixin.py:120} INFO - [2024-09-28T06:17:14.494+0000] {dag.py:2585} INFO - Sync 1 DAGs
[2024-09-28T06:17:14.683+0000] {logging_mixin.py:120} INFO - [2024-09-28T06:17:14.682+0000] {dag.py:3340} INFO - Setting next_dagrun for producer to 2024-09-28T00:00:00+00:00, run_after=2024-09-29T00:00:00+00:00
[2024-09-28T06:17:14.830+0000] {processor.py:176} INFO - Processing /opt/airflow/dags/producer.py took 0.749 seconds
[2024-09-28T06:32:49.527+0000] {processor.py:154} INFO - Started process (PID=23591) to work on /opt/airflow/dags/producer.py
[2024-09-28T06:32:49.538+0000] {processor.py:756} INFO - Processing file /opt/airflow/dags/producer.py for tasks to queue
[2024-09-28T06:32:49.550+0000] {logging_mixin.py:120} INFO - [2024-09-28T06:32:49.546+0000] {dagbag.py:537} INFO - Filling up the DagBag from /opt/airflow/dags/producer.py
[2024-09-28T06:32:49.768+0000] {processor.py:766} INFO - DAG(s) dict_keys(['producer']) retrieved from /opt/airflow/dags/producer.py
[2024-09-28T06:32:50.078+0000] {logging_mixin.py:120} INFO - [2024-09-28T06:32:50.077+0000] {dag.py:2585} INFO - Sync 1 DAGs
[2024-09-28T06:32:50.430+0000] {logging_mixin.py:120} INFO - [2024-09-28T06:32:50.429+0000] {dag.py:3340} INFO - Setting next_dagrun for producer to 2024-09-28T00:00:00+00:00, run_after=2024-09-29T00:00:00+00:00
[2024-09-28T06:32:50.653+0000] {processor.py:176} INFO - Processing /opt/airflow/dags/producer.py took 1.156 seconds
[2024-09-28T06:33:27.974+0000] {processor.py:154} INFO - Started process (PID=23653) to work on /opt/airflow/dags/producer.py
[2024-09-28T06:33:27.986+0000] {processor.py:756} INFO - Processing file /opt/airflow/dags/producer.py for tasks to queue
[2024-09-28T06:33:27.995+0000] {logging_mixin.py:120} INFO - [2024-09-28T06:33:27.994+0000] {dagbag.py:537} INFO - Filling up the DagBag from /opt/airflow/dags/producer.py
[2024-09-28T06:33:28.260+0000] {processor.py:766} INFO - DAG(s) dict_keys(['producer']) retrieved from /opt/airflow/dags/producer.py
[2024-09-28T06:33:28.658+0000] {logging_mixin.py:120} INFO - [2024-09-28T06:33:28.657+0000] {dag.py:2585} INFO - Sync 1 DAGs
[2024-09-28T06:33:28.994+0000] {logging_mixin.py:120} INFO - [2024-09-28T06:33:28.992+0000] {dag.py:3340} INFO - Setting next_dagrun for producer to 2024-09-28T00:00:00+00:00, run_after=2024-09-29T00:00:00+00:00
[2024-09-28T06:33:29.252+0000] {processor.py:176} INFO - Processing /opt/airflow/dags/producer.py took 1.304 seconds
[2024-09-28T06:33:59.877+0000] {processor.py:154} INFO - Started process (PID=23717) to work on /opt/airflow/dags/producer.py
[2024-09-28T06:33:59.887+0000] {processor.py:756} INFO - Processing file /opt/airflow/dags/producer.py for tasks to queue
[2024-09-28T06:33:59.892+0000] {logging_mixin.py:120} INFO - [2024-09-28T06:33:59.891+0000] {dagbag.py:537} INFO - Filling up the DagBag from /opt/airflow/dags/producer.py
[2024-09-28T06:34:00.063+0000] {processor.py:766} INFO - DAG(s) dict_keys(['producer']) retrieved from /opt/airflow/dags/producer.py
[2024-09-28T06:34:00.395+0000] {logging_mixin.py:120} INFO - [2024-09-28T06:34:00.394+0000] {dag.py:2585} INFO - Sync 1 DAGs
[2024-09-28T06:34:00.653+0000] {logging_mixin.py:120} INFO - [2024-09-28T06:34:00.652+0000] {dag.py:3340} INFO - Setting next_dagrun for producer to 2024-09-28T00:00:00+00:00, run_after=2024-09-29T00:00:00+00:00
[2024-09-28T06:34:00.819+0000] {processor.py:176} INFO - Processing /opt/airflow/dags/producer.py took 0.971 seconds
[2024-09-28T06:34:31.332+0000] {processor.py:154} INFO - Started process (PID=23771) to work on /opt/airflow/dags/producer.py
[2024-09-28T06:34:31.339+0000] {processor.py:756} INFO - Processing file /opt/airflow/dags/producer.py for tasks to queue
[2024-09-28T06:34:31.345+0000] {logging_mixin.py:120} INFO - [2024-09-28T06:34:31.343+0000] {dagbag.py:537} INFO - Filling up the DagBag from /opt/airflow/dags/producer.py
[2024-09-28T06:34:31.565+0000] {processor.py:766} INFO - DAG(s) dict_keys(['producer']) retrieved from /opt/airflow/dags/producer.py
[2024-09-28T06:34:31.818+0000] {logging_mixin.py:120} INFO - [2024-09-28T06:34:31.817+0000] {dag.py:2585} INFO - Sync 1 DAGs
[2024-09-28T06:34:31.984+0000] {logging_mixin.py:120} INFO - [2024-09-28T06:34:31.983+0000] {dag.py:3340} INFO - Setting next_dagrun for producer to 2024-09-28T00:00:00+00:00, run_after=2024-09-29T00:00:00+00:00
[2024-09-28T06:34:32.109+0000] {processor.py:176} INFO - Processing /opt/airflow/dags/producer.py took 0.797 seconds
[2024-09-28T06:35:02.590+0000] {processor.py:154} INFO - Started process (PID=23834) to work on /opt/airflow/dags/producer.py
[2024-09-28T06:35:02.597+0000] {processor.py:756} INFO - Processing file /opt/airflow/dags/producer.py for tasks to queue
[2024-09-28T06:35:02.601+0000] {logging_mixin.py:120} INFO - [2024-09-28T06:35:02.601+0000] {dagbag.py:537} INFO - Filling up the DagBag from /opt/airflow/dags/producer.py
[2024-09-28T06:35:02.767+0000] {processor.py:766} INFO - DAG(s) dict_keys(['producer']) retrieved from /opt/airflow/dags/producer.py
[2024-09-28T06:35:03.104+0000] {logging_mixin.py:120} INFO - [2024-09-28T06:35:03.103+0000] {dag.py:2585} INFO - Sync 1 DAGs
[2024-09-28T06:35:03.306+0000] {logging_mixin.py:120} INFO - [2024-09-28T06:35:03.305+0000] {dag.py:3340} INFO - Setting next_dagrun for producer to 2024-09-28T00:00:00+00:00, run_after=2024-09-29T00:00:00+00:00
[2024-09-28T06:35:03.434+0000] {processor.py:176} INFO - Processing /opt/airflow/dags/producer.py took 0.863 seconds
[2024-09-28T06:38:41.896+0000] {processor.py:154} INFO - Started process (PID=23866) to work on /opt/airflow/dags/producer.py
[2024-09-28T06:38:41.905+0000] {processor.py:756} INFO - Processing file /opt/airflow/dags/producer.py for tasks to queue
[2024-09-28T06:38:41.915+0000] {logging_mixin.py:120} INFO - [2024-09-28T06:38:41.914+0000] {dagbag.py:537} INFO - Filling up the DagBag from /opt/airflow/dags/producer.py
[2024-09-28T06:38:42.123+0000] {processor.py:766} INFO - DAG(s) dict_keys(['producer']) retrieved from /opt/airflow/dags/producer.py
[2024-09-28T06:38:42.520+0000] {logging_mixin.py:120} INFO - [2024-09-28T06:38:42.519+0000] {dag.py:2585} INFO - Sync 1 DAGs
[2024-09-28T06:38:42.834+0000] {logging_mixin.py:120} INFO - [2024-09-28T06:38:42.833+0000] {dag.py:3340} INFO - Setting next_dagrun for producer to 2024-09-28T00:00:00+00:00, run_after=2024-09-29T00:00:00+00:00
[2024-09-28T06:38:43.038+0000] {processor.py:176} INFO - Processing /opt/airflow/dags/producer.py took 1.164 seconds
[2024-09-28T06:54:06.260+0000] {processor.py:154} INFO - Started process (PID=23928) to work on /opt/airflow/dags/producer.py
[2024-09-28T06:54:06.263+0000] {processor.py:756} INFO - Processing file /opt/airflow/dags/producer.py for tasks to queue
[2024-09-28T06:54:06.265+0000] {logging_mixin.py:120} INFO - [2024-09-28T06:54:06.264+0000] {dagbag.py:537} INFO - Filling up the DagBag from /opt/airflow/dags/producer.py
[2024-09-28T06:54:06.324+0000] {processor.py:766} INFO - DAG(s) dict_keys(['producer']) retrieved from /opt/airflow/dags/producer.py
[2024-09-28T06:54:06.419+0000] {logging_mixin.py:120} INFO - [2024-09-28T06:54:06.419+0000] {dag.py:2585} INFO - Sync 1 DAGs
[2024-09-28T06:54:06.497+0000] {logging_mixin.py:120} INFO - [2024-09-28T06:54:06.496+0000] {dag.py:3340} INFO - Setting next_dagrun for producer to 2024-09-28T00:00:00+00:00, run_after=2024-09-29T00:00:00+00:00
[2024-09-28T06:54:06.562+0000] {processor.py:176} INFO - Processing /opt/airflow/dags/producer.py took 0.309 seconds
[2024-09-28T06:54:37.916+0000] {processor.py:154} INFO - Started process (PID=23991) to work on /opt/airflow/dags/producer.py
[2024-09-28T06:54:37.922+0000] {processor.py:756} INFO - Processing file /opt/airflow/dags/producer.py for tasks to queue
[2024-09-28T06:54:37.928+0000] {logging_mixin.py:120} INFO - [2024-09-28T06:54:37.927+0000] {dagbag.py:537} INFO - Filling up the DagBag from /opt/airflow/dags/producer.py
[2024-09-28T06:54:38.093+0000] {processor.py:766} INFO - DAG(s) dict_keys(['producer']) retrieved from /opt/airflow/dags/producer.py
[2024-09-28T06:54:38.358+0000] {logging_mixin.py:120} INFO - [2024-09-28T06:54:38.357+0000] {dag.py:2585} INFO - Sync 1 DAGs
[2024-09-28T06:54:38.616+0000] {logging_mixin.py:120} INFO - [2024-09-28T06:54:38.615+0000] {dag.py:3340} INFO - Setting next_dagrun for producer to 2024-09-28T00:00:00+00:00, run_after=2024-09-29T00:00:00+00:00
[2024-09-28T06:54:38.810+0000] {processor.py:176} INFO - Processing /opt/airflow/dags/producer.py took 0.925 seconds
[2024-09-28T06:55:09.193+0000] {processor.py:154} INFO - Started process (PID=24045) to work on /opt/airflow/dags/producer.py
[2024-09-28T06:55:09.201+0000] {processor.py:756} INFO - Processing file /opt/airflow/dags/producer.py for tasks to queue
[2024-09-28T06:55:09.205+0000] {logging_mixin.py:120} INFO - [2024-09-28T06:55:09.204+0000] {dagbag.py:537} INFO - Filling up the DagBag from /opt/airflow/dags/producer.py
[2024-09-28T06:55:09.351+0000] {processor.py:766} INFO - DAG(s) dict_keys(['producer']) retrieved from /opt/airflow/dags/producer.py
[2024-09-28T06:55:09.656+0000] {logging_mixin.py:120} INFO - [2024-09-28T06:55:09.654+0000] {dag.py:2585} INFO - Sync 1 DAGs
[2024-09-28T06:55:09.944+0000] {logging_mixin.py:120} INFO - [2024-09-28T06:55:09.943+0000] {dag.py:3340} INFO - Setting next_dagrun for producer to 2024-09-28T00:00:00+00:00, run_after=2024-09-29T00:00:00+00:00
[2024-09-28T06:55:10.119+0000] {processor.py:176} INFO - Processing /opt/airflow/dags/producer.py took 0.951 seconds
[2024-09-28T06:55:40.615+0000] {processor.py:154} INFO - Started process (PID=24107) to work on /opt/airflow/dags/producer.py
[2024-09-28T06:55:40.624+0000] {processor.py:756} INFO - Processing file /opt/airflow/dags/producer.py for tasks to queue
[2024-09-28T06:55:40.629+0000] {logging_mixin.py:120} INFO - [2024-09-28T06:55:40.628+0000] {dagbag.py:537} INFO - Filling up the DagBag from /opt/airflow/dags/producer.py
[2024-09-28T06:55:40.844+0000] {processor.py:766} INFO - DAG(s) dict_keys(['producer']) retrieved from /opt/airflow/dags/producer.py
[2024-09-28T06:55:41.157+0000] {logging_mixin.py:120} INFO - [2024-09-28T06:55:41.156+0000] {dag.py:2585} INFO - Sync 1 DAGs
[2024-09-28T06:55:41.379+0000] {logging_mixin.py:120} INFO - [2024-09-28T06:55:41.378+0000] {dag.py:3340} INFO - Setting next_dagrun for producer to 2024-09-28T00:00:00+00:00, run_after=2024-09-29T00:00:00+00:00
[2024-09-28T06:55:41.550+0000] {processor.py:176} INFO - Processing /opt/airflow/dags/producer.py took 0.962 seconds
[2024-09-28T06:56:12.422+0000] {processor.py:154} INFO - Started process (PID=24168) to work on /opt/airflow/dags/producer.py
[2024-09-28T06:56:12.432+0000] {processor.py:756} INFO - Processing file /opt/airflow/dags/producer.py for tasks to queue
[2024-09-28T06:56:12.438+0000] {logging_mixin.py:120} INFO - [2024-09-28T06:56:12.437+0000] {dagbag.py:537} INFO - Filling up the DagBag from /opt/airflow/dags/producer.py
[2024-09-28T06:56:12.629+0000] {processor.py:766} INFO - DAG(s) dict_keys(['producer']) retrieved from /opt/airflow/dags/producer.py
[2024-09-28T06:56:12.915+0000] {logging_mixin.py:120} INFO - [2024-09-28T06:56:12.914+0000] {dag.py:2585} INFO - Sync 1 DAGs
[2024-09-28T06:56:13.144+0000] {logging_mixin.py:120} INFO - [2024-09-28T06:56:13.142+0000] {dag.py:3340} INFO - Setting next_dagrun for producer to 2024-09-28T00:00:00+00:00, run_after=2024-09-29T00:00:00+00:00
[2024-09-28T06:56:14.008+0000] {processor.py:176} INFO - Processing /opt/airflow/dags/producer.py took 1.618 seconds
[2024-09-28T06:56:44.269+0000] {processor.py:154} INFO - Started process (PID=24223) to work on /opt/airflow/dags/producer.py
[2024-09-28T06:56:44.275+0000] {processor.py:756} INFO - Processing file /opt/airflow/dags/producer.py for tasks to queue
[2024-09-28T06:56:44.279+0000] {logging_mixin.py:120} INFO - [2024-09-28T06:56:44.278+0000] {dagbag.py:537} INFO - Filling up the DagBag from /opt/airflow/dags/producer.py
[2024-09-28T06:56:44.383+0000] {processor.py:766} INFO - DAG(s) dict_keys(['producer']) retrieved from /opt/airflow/dags/producer.py
[2024-09-28T06:56:44.557+0000] {logging_mixin.py:120} INFO - [2024-09-28T06:56:44.557+0000] {dag.py:2585} INFO - Sync 1 DAGs
[2024-09-28T06:56:44.686+0000] {logging_mixin.py:120} INFO - [2024-09-28T06:56:44.685+0000] {dag.py:3340} INFO - Setting next_dagrun for producer to 2024-09-28T00:00:00+00:00, run_after=2024-09-29T00:00:00+00:00
[2024-09-28T06:56:44.784+0000] {processor.py:176} INFO - Processing /opt/airflow/dags/producer.py took 0.530 seconds
[2024-09-28T06:57:15.267+0000] {processor.py:154} INFO - Started process (PID=24286) to work on /opt/airflow/dags/producer.py
[2024-09-28T06:57:15.273+0000] {processor.py:756} INFO - Processing file /opt/airflow/dags/producer.py for tasks to queue
[2024-09-28T06:57:15.276+0000] {logging_mixin.py:120} INFO - [2024-09-28T06:57:15.276+0000] {dagbag.py:537} INFO - Filling up the DagBag from /opt/airflow/dags/producer.py
[2024-09-28T06:57:15.376+0000] {processor.py:766} INFO - DAG(s) dict_keys(['producer']) retrieved from /opt/airflow/dags/producer.py
[2024-09-28T06:57:15.536+0000] {logging_mixin.py:120} INFO - [2024-09-28T06:57:15.536+0000] {dag.py:2585} INFO - Sync 1 DAGs
[2024-09-28T06:57:15.650+0000] {logging_mixin.py:120} INFO - [2024-09-28T06:57:15.649+0000] {dag.py:3340} INFO - Setting next_dagrun for producer to 2024-09-28T00:00:00+00:00, run_after=2024-09-29T00:00:00+00:00
[2024-09-28T06:57:15.741+0000] {processor.py:176} INFO - Processing /opt/airflow/dags/producer.py took 0.488 seconds
[2024-09-28T06:57:45.998+0000] {processor.py:154} INFO - Started process (PID=24350) to work on /opt/airflow/dags/producer.py
[2024-09-28T06:57:46.002+0000] {processor.py:756} INFO - Processing file /opt/airflow/dags/producer.py for tasks to queue
[2024-09-28T06:57:46.008+0000] {logging_mixin.py:120} INFO - [2024-09-28T06:57:46.007+0000] {dagbag.py:537} INFO - Filling up the DagBag from /opt/airflow/dags/producer.py
[2024-09-28T06:57:46.089+0000] {processor.py:766} INFO - DAG(s) dict_keys(['producer']) retrieved from /opt/airflow/dags/producer.py
[2024-09-28T06:57:46.233+0000] {logging_mixin.py:120} INFO - [2024-09-28T06:57:46.232+0000] {dag.py:2585} INFO - Sync 1 DAGs
[2024-09-28T06:57:46.329+0000] {logging_mixin.py:120} INFO - [2024-09-28T06:57:46.328+0000] {dag.py:3340} INFO - Setting next_dagrun for producer to 2024-09-28T00:00:00+00:00, run_after=2024-09-29T00:00:00+00:00
[2024-09-28T06:57:46.407+0000] {processor.py:176} INFO - Processing /opt/airflow/dags/producer.py took 0.420 seconds
[2024-09-28T06:58:16.719+0000] {processor.py:154} INFO - Started process (PID=24413) to work on /opt/airflow/dags/producer.py
[2024-09-28T06:58:16.722+0000] {processor.py:756} INFO - Processing file /opt/airflow/dags/producer.py for tasks to queue
[2024-09-28T06:58:16.724+0000] {logging_mixin.py:120} INFO - [2024-09-28T06:58:16.724+0000] {dagbag.py:537} INFO - Filling up the DagBag from /opt/airflow/dags/producer.py
[2024-09-28T06:58:16.790+0000] {processor.py:766} INFO - DAG(s) dict_keys(['producer']) retrieved from /opt/airflow/dags/producer.py
[2024-09-28T06:58:16.901+0000] {logging_mixin.py:120} INFO - [2024-09-28T06:58:16.901+0000] {dag.py:2585} INFO - Sync 1 DAGs
[2024-09-28T06:58:16.980+0000] {logging_mixin.py:120} INFO - [2024-09-28T06:58:16.979+0000] {dag.py:3340} INFO - Setting next_dagrun for producer to 2024-09-28T00:00:00+00:00, run_after=2024-09-29T00:00:00+00:00
[2024-09-28T06:58:17.323+0000] {processor.py:176} INFO - Processing /opt/airflow/dags/producer.py took 0.618 seconds
[2024-09-28T07:14:53.796+0000] {processor.py:154} INFO - Started process (PID=24454) to work on /opt/airflow/dags/producer.py
[2024-09-28T07:14:53.806+0000] {processor.py:756} INFO - Processing file /opt/airflow/dags/producer.py for tasks to queue
[2024-09-28T07:14:53.810+0000] {logging_mixin.py:120} INFO - [2024-09-28T07:14:53.809+0000] {dagbag.py:537} INFO - Filling up the DagBag from /opt/airflow/dags/producer.py
[2024-09-28T07:14:53.983+0000] {processor.py:766} INFO - DAG(s) dict_keys(['producer']) retrieved from /opt/airflow/dags/producer.py
[2024-09-28T07:14:54.384+0000] {logging_mixin.py:120} INFO - [2024-09-28T07:14:54.383+0000] {dag.py:2585} INFO - Sync 1 DAGs
[2024-09-28T07:14:54.731+0000] {logging_mixin.py:120} INFO - [2024-09-28T07:14:54.730+0000] {dag.py:3340} INFO - Setting next_dagrun for producer to 2024-09-28T00:00:00+00:00, run_after=2024-09-29T00:00:00+00:00
[2024-09-28T07:14:54.923+0000] {processor.py:176} INFO - Processing /opt/airflow/dags/producer.py took 1.148 seconds
[2024-09-28T07:15:25.159+0000] {processor.py:154} INFO - Started process (PID=24517) to work on /opt/airflow/dags/producer.py
[2024-09-28T07:15:25.169+0000] {processor.py:756} INFO - Processing file /opt/airflow/dags/producer.py for tasks to queue
[2024-09-28T07:15:25.179+0000] {logging_mixin.py:120} INFO - [2024-09-28T07:15:25.178+0000] {dagbag.py:537} INFO - Filling up the DagBag from /opt/airflow/dags/producer.py
[2024-09-28T07:15:25.387+0000] {processor.py:766} INFO - DAG(s) dict_keys(['producer']) retrieved from /opt/airflow/dags/producer.py
[2024-09-28T07:15:25.695+0000] {logging_mixin.py:120} INFO - [2024-09-28T07:15:25.694+0000] {dag.py:2585} INFO - Sync 1 DAGs
[2024-09-28T07:15:25.906+0000] {logging_mixin.py:120} INFO - [2024-09-28T07:15:25.905+0000] {dag.py:3340} INFO - Setting next_dagrun for producer to 2024-09-28T00:00:00+00:00, run_after=2024-09-29T00:00:00+00:00
[2024-09-28T07:15:26.081+0000] {processor.py:176} INFO - Processing /opt/airflow/dags/producer.py took 0.967 seconds
[2024-09-28T07:15:56.257+0000] {processor.py:154} INFO - Started process (PID=24571) to work on /opt/airflow/dags/producer.py
[2024-09-28T07:15:56.266+0000] {processor.py:756} INFO - Processing file /opt/airflow/dags/producer.py for tasks to queue
[2024-09-28T07:15:56.274+0000] {logging_mixin.py:120} INFO - [2024-09-28T07:15:56.273+0000] {dagbag.py:537} INFO - Filling up the DagBag from /opt/airflow/dags/producer.py
[2024-09-28T07:15:56.443+0000] {processor.py:766} INFO - DAG(s) dict_keys(['producer']) retrieved from /opt/airflow/dags/producer.py
[2024-09-28T07:15:56.715+0000] {logging_mixin.py:120} INFO - [2024-09-28T07:15:56.714+0000] {dag.py:2585} INFO - Sync 1 DAGs
[2024-09-28T07:15:56.938+0000] {logging_mixin.py:120} INFO - [2024-09-28T07:15:56.938+0000] {dag.py:3340} INFO - Setting next_dagrun for producer to 2024-09-28T00:00:00+00:00, run_after=2024-09-29T00:00:00+00:00
[2024-09-28T07:15:57.080+0000] {processor.py:176} INFO - Processing /opt/airflow/dags/producer.py took 0.844 seconds
[2024-09-28T07:16:27.547+0000] {processor.py:154} INFO - Started process (PID=24635) to work on /opt/airflow/dags/producer.py
[2024-09-28T07:16:27.559+0000] {processor.py:756} INFO - Processing file /opt/airflow/dags/producer.py for tasks to queue
[2024-09-28T07:16:27.567+0000] {logging_mixin.py:120} INFO - [2024-09-28T07:16:27.566+0000] {dagbag.py:537} INFO - Filling up the DagBag from /opt/airflow/dags/producer.py
[2024-09-28T07:16:27.765+0000] {processor.py:766} INFO - DAG(s) dict_keys(['producer']) retrieved from /opt/airflow/dags/producer.py
[2024-09-28T07:16:28.044+0000] {logging_mixin.py:120} INFO - [2024-09-28T07:16:28.043+0000] {dag.py:2585} INFO - Sync 1 DAGs
[2024-09-28T07:16:28.229+0000] {logging_mixin.py:120} INFO - [2024-09-28T07:16:28.229+0000] {dag.py:3340} INFO - Setting next_dagrun for producer to 2024-09-28T00:00:00+00:00, run_after=2024-09-29T00:00:00+00:00
[2024-09-28T07:16:28.358+0000] {processor.py:176} INFO - Processing /opt/airflow/dags/producer.py took 0.842 seconds
[2024-09-28T07:17:01.147+0000] {processor.py:154} INFO - Started process (PID=24696) to work on /opt/airflow/dags/producer.py
[2024-09-28T07:17:01.163+0000] {processor.py:756} INFO - Processing file /opt/airflow/dags/producer.py for tasks to queue
[2024-09-28T07:17:01.174+0000] {logging_mixin.py:120} INFO - [2024-09-28T07:17:01.172+0000] {dagbag.py:537} INFO - Filling up the DagBag from /opt/airflow/dags/producer.py
[2024-09-28T07:17:01.410+0000] {processor.py:766} INFO - DAG(s) dict_keys(['producer']) retrieved from /opt/airflow/dags/producer.py
[2024-09-28T07:17:01.740+0000] {logging_mixin.py:120} INFO - [2024-09-28T07:17:01.739+0000] {dag.py:2585} INFO - Sync 1 DAGs
[2024-09-28T07:17:02.012+0000] {logging_mixin.py:120} INFO - [2024-09-28T07:17:02.010+0000] {dag.py:3340} INFO - Setting next_dagrun for producer to 2024-09-28T00:00:00+00:00, run_after=2024-09-29T00:00:00+00:00
[2024-09-28T07:17:02.987+0000] {processor.py:176} INFO - Processing /opt/airflow/dags/producer.py took 1.872 seconds
[2024-09-28T07:17:33.402+0000] {processor.py:154} INFO - Started process (PID=24750) to work on /opt/airflow/dags/producer.py
[2024-09-28T07:17:33.434+0000] {processor.py:756} INFO - Processing file /opt/airflow/dags/producer.py for tasks to queue
[2024-09-28T07:17:33.440+0000] {logging_mixin.py:120} INFO - [2024-09-28T07:17:33.439+0000] {dagbag.py:537} INFO - Filling up the DagBag from /opt/airflow/dags/producer.py
[2024-09-28T07:17:33.591+0000] {processor.py:766} INFO - DAG(s) dict_keys(['producer']) retrieved from /opt/airflow/dags/producer.py
[2024-09-28T07:17:33.887+0000] {logging_mixin.py:120} INFO - [2024-09-28T07:17:33.886+0000] {dag.py:2585} INFO - Sync 1 DAGs
[2024-09-28T07:17:34.070+0000] {logging_mixin.py:120} INFO - [2024-09-28T07:17:34.069+0000] {dag.py:3340} INFO - Setting next_dagrun for producer to 2024-09-28T00:00:00+00:00, run_after=2024-09-29T00:00:00+00:00
[2024-09-28T07:17:34.212+0000] {processor.py:176} INFO - Processing /opt/airflow/dags/producer.py took 0.834 seconds
[2024-09-28T07:18:04.490+0000] {processor.py:154} INFO - Started process (PID=24813) to work on /opt/airflow/dags/producer.py
[2024-09-28T07:18:04.497+0000] {processor.py:756} INFO - Processing file /opt/airflow/dags/producer.py for tasks to queue
[2024-09-28T07:18:04.500+0000] {logging_mixin.py:120} INFO - [2024-09-28T07:18:04.500+0000] {dagbag.py:537} INFO - Filling up the DagBag from /opt/airflow/dags/producer.py
[2024-09-28T07:18:04.606+0000] {processor.py:766} INFO - DAG(s) dict_keys(['producer']) retrieved from /opt/airflow/dags/producer.py
[2024-09-28T07:18:04.792+0000] {logging_mixin.py:120} INFO - [2024-09-28T07:18:04.791+0000] {dag.py:2585} INFO - Sync 1 DAGs
[2024-09-28T07:18:04.940+0000] {logging_mixin.py:120} INFO - [2024-09-28T07:18:04.939+0000] {dag.py:3340} INFO - Setting next_dagrun for producer to 2024-09-28T00:00:00+00:00, run_after=2024-09-29T00:00:00+00:00
[2024-09-28T07:18:05.033+0000] {processor.py:176} INFO - Processing /opt/airflow/dags/producer.py took 0.561 seconds
[2024-09-28T07:18:36.966+0000] {processor.py:154} INFO - Started process (PID=24876) to work on /opt/airflow/dags/producer.py
[2024-09-28T07:18:36.973+0000] {processor.py:756} INFO - Processing file /opt/airflow/dags/producer.py for tasks to queue
[2024-09-28T07:18:36.977+0000] {logging_mixin.py:120} INFO - [2024-09-28T07:18:36.976+0000] {dagbag.py:537} INFO - Filling up the DagBag from /opt/airflow/dags/producer.py
[2024-09-28T07:18:37.079+0000] {processor.py:766} INFO - DAG(s) dict_keys(['producer']) retrieved from /opt/airflow/dags/producer.py
[2024-09-28T07:18:37.273+0000] {logging_mixin.py:120} INFO - [2024-09-28T07:18:37.272+0000] {dag.py:2585} INFO - Sync 1 DAGs
[2024-09-28T07:18:37.391+0000] {logging_mixin.py:120} INFO - [2024-09-28T07:18:37.391+0000] {dag.py:3340} INFO - Setting next_dagrun for producer to 2024-09-28T00:00:00+00:00, run_after=2024-09-29T00:00:00+00:00
[2024-09-28T07:18:37.504+0000] {processor.py:176} INFO - Processing /opt/airflow/dags/producer.py took 0.553 seconds
[2024-09-28T07:19:07.744+0000] {processor.py:154} INFO - Started process (PID=24939) to work on /opt/airflow/dags/producer.py
[2024-09-28T07:19:07.748+0000] {processor.py:756} INFO - Processing file /opt/airflow/dags/producer.py for tasks to queue
[2024-09-28T07:19:07.755+0000] {logging_mixin.py:120} INFO - [2024-09-28T07:19:07.754+0000] {dagbag.py:537} INFO - Filling up the DagBag from /opt/airflow/dags/producer.py
[2024-09-28T07:19:07.830+0000] {processor.py:766} INFO - DAG(s) dict_keys(['producer']) retrieved from /opt/airflow/dags/producer.py
[2024-09-28T07:19:07.954+0000] {logging_mixin.py:120} INFO - [2024-09-28T07:19:07.954+0000] {dag.py:2585} INFO - Sync 1 DAGs
[2024-09-28T07:19:08.036+0000] {logging_mixin.py:120} INFO - [2024-09-28T07:19:08.036+0000] {dag.py:3340} INFO - Setting next_dagrun for producer to 2024-09-28T00:00:00+00:00, run_after=2024-09-29T00:00:00+00:00
[2024-09-28T07:19:08.107+0000] {processor.py:176} INFO - Processing /opt/airflow/dags/producer.py took 0.374 seconds
[2024-09-28T07:19:38.565+0000] {processor.py:154} INFO - Started process (PID=25002) to work on /opt/airflow/dags/producer.py
[2024-09-28T07:19:38.569+0000] {processor.py:756} INFO - Processing file /opt/airflow/dags/producer.py for tasks to queue
[2024-09-28T07:19:38.571+0000] {logging_mixin.py:120} INFO - [2024-09-28T07:19:38.571+0000] {dagbag.py:537} INFO - Filling up the DagBag from /opt/airflow/dags/producer.py
[2024-09-28T07:19:38.647+0000] {processor.py:766} INFO - DAG(s) dict_keys(['producer']) retrieved from /opt/airflow/dags/producer.py
[2024-09-28T07:19:38.775+0000] {logging_mixin.py:120} INFO - [2024-09-28T07:19:38.774+0000] {dag.py:2585} INFO - Sync 1 DAGs
[2024-09-28T07:19:38.869+0000] {logging_mixin.py:120} INFO - [2024-09-28T07:19:38.869+0000] {dag.py:3340} INFO - Setting next_dagrun for producer to 2024-09-28T00:00:00+00:00, run_after=2024-09-29T00:00:00+00:00
[2024-09-28T07:19:38.928+0000] {processor.py:176} INFO - Processing /opt/airflow/dags/producer.py took 0.373 seconds
[2024-09-28T07:35:36.866+0000] {processor.py:154} INFO - Started process (PID=25035) to work on /opt/airflow/dags/producer.py
[2024-09-28T07:35:36.870+0000] {processor.py:756} INFO - Processing file /opt/airflow/dags/producer.py for tasks to queue
[2024-09-28T07:35:36.872+0000] {logging_mixin.py:120} INFO - [2024-09-28T07:35:36.871+0000] {dagbag.py:537} INFO - Filling up the DagBag from /opt/airflow/dags/producer.py
[2024-09-28T07:35:36.921+0000] {processor.py:766} INFO - DAG(s) dict_keys(['producer']) retrieved from /opt/airflow/dags/producer.py
[2024-09-28T07:35:37.019+0000] {logging_mixin.py:120} INFO - [2024-09-28T07:35:37.018+0000] {dag.py:2585} INFO - Sync 1 DAGs
[2024-09-28T07:35:37.083+0000] {logging_mixin.py:120} INFO - [2024-09-28T07:35:37.082+0000] {dag.py:3340} INFO - Setting next_dagrun for producer to 2024-09-28T00:00:00+00:00, run_after=2024-09-29T00:00:00+00:00
[2024-09-28T07:35:37.135+0000] {processor.py:176} INFO - Processing /opt/airflow/dags/producer.py took 0.276 seconds
[2024-09-28T07:36:08.592+0000] {processor.py:154} INFO - Started process (PID=25098) to work on /opt/airflow/dags/producer.py
[2024-09-28T07:36:08.605+0000] {processor.py:756} INFO - Processing file /opt/airflow/dags/producer.py for tasks to queue
[2024-09-28T07:36:08.613+0000] {logging_mixin.py:120} INFO - [2024-09-28T07:36:08.612+0000] {dagbag.py:537} INFO - Filling up the DagBag from /opt/airflow/dags/producer.py
[2024-09-28T07:36:08.836+0000] {processor.py:766} INFO - DAG(s) dict_keys(['producer']) retrieved from /opt/airflow/dags/producer.py
[2024-09-28T07:36:09.114+0000] {logging_mixin.py:120} INFO - [2024-09-28T07:36:09.112+0000] {dag.py:2585} INFO - Sync 1 DAGs
[2024-09-28T07:36:09.308+0000] {logging_mixin.py:120} INFO - [2024-09-28T07:36:09.306+0000] {dag.py:3340} INFO - Setting next_dagrun for producer to 2024-09-28T00:00:00+00:00, run_after=2024-09-29T00:00:00+00:00
[2024-09-28T07:36:09.465+0000] {processor.py:176} INFO - Processing /opt/airflow/dags/producer.py took 0.905 seconds
[2024-09-28T07:36:40.000+0000] {processor.py:154} INFO - Started process (PID=25152) to work on /opt/airflow/dags/producer.py
[2024-09-28T07:36:40.009+0000] {processor.py:756} INFO - Processing file /opt/airflow/dags/producer.py for tasks to queue
[2024-09-28T07:36:40.014+0000] {logging_mixin.py:120} INFO - [2024-09-28T07:36:40.013+0000] {dagbag.py:537} INFO - Filling up the DagBag from /opt/airflow/dags/producer.py
[2024-09-28T07:36:40.246+0000] {processor.py:766} INFO - DAG(s) dict_keys(['producer']) retrieved from /opt/airflow/dags/producer.py
[2024-09-28T07:36:40.503+0000] {logging_mixin.py:120} INFO - [2024-09-28T07:36:40.502+0000] {dag.py:2585} INFO - Sync 1 DAGs
[2024-09-28T07:36:40.674+0000] {logging_mixin.py:120} INFO - [2024-09-28T07:36:40.673+0000] {dag.py:3340} INFO - Setting next_dagrun for producer to 2024-09-28T00:00:00+00:00, run_after=2024-09-29T00:00:00+00:00
[2024-09-28T07:36:40.813+0000] {processor.py:176} INFO - Processing /opt/airflow/dags/producer.py took 0.833 seconds
[2024-09-28T07:37:11.221+0000] {processor.py:154} INFO - Started process (PID=25215) to work on /opt/airflow/dags/producer.py
[2024-09-28T07:37:11.228+0000] {processor.py:756} INFO - Processing file /opt/airflow/dags/producer.py for tasks to queue
[2024-09-28T07:37:11.232+0000] {logging_mixin.py:120} INFO - [2024-09-28T07:37:11.231+0000] {dagbag.py:537} INFO - Filling up the DagBag from /opt/airflow/dags/producer.py
[2024-09-28T07:37:11.383+0000] {processor.py:766} INFO - DAG(s) dict_keys(['producer']) retrieved from /opt/airflow/dags/producer.py
[2024-09-28T07:37:11.641+0000] {logging_mixin.py:120} INFO - [2024-09-28T07:37:11.640+0000] {dag.py:2585} INFO - Sync 1 DAGs
[2024-09-28T07:37:11.841+0000] {logging_mixin.py:120} INFO - [2024-09-28T07:37:11.840+0000] {dag.py:3340} INFO - Setting next_dagrun for producer to 2024-09-28T00:00:00+00:00, run_after=2024-09-29T00:00:00+00:00
[2024-09-28T07:37:12.546+0000] {processor.py:176} INFO - Processing /opt/airflow/dags/producer.py took 1.349 seconds
[2024-09-28T07:37:48.326+0000] {processor.py:154} INFO - Started process (PID=25279) to work on /opt/airflow/dags/producer.py
[2024-09-28T07:37:48.339+0000] {processor.py:756} INFO - Processing file /opt/airflow/dags/producer.py for tasks to queue
[2024-09-28T07:37:48.349+0000] {logging_mixin.py:120} INFO - [2024-09-28T07:37:48.347+0000] {dagbag.py:537} INFO - Filling up the DagBag from /opt/airflow/dags/producer.py
[2024-09-28T07:37:48.600+0000] {processor.py:766} INFO - DAG(s) dict_keys(['producer']) retrieved from /opt/airflow/dags/producer.py
[2024-09-28T07:37:48.958+0000] {logging_mixin.py:120} INFO - [2024-09-28T07:37:48.957+0000] {dag.py:2585} INFO - Sync 1 DAGs
[2024-09-28T07:37:49.186+0000] {logging_mixin.py:120} INFO - [2024-09-28T07:37:49.185+0000] {dag.py:3340} INFO - Setting next_dagrun for producer to 2024-09-28T00:00:00+00:00, run_after=2024-09-29T00:00:00+00:00
[2024-09-28T07:37:49.336+0000] {processor.py:176} INFO - Processing /opt/airflow/dags/producer.py took 1.046 seconds
[2024-09-28T07:38:19.761+0000] {processor.py:154} INFO - Started process (PID=25342) to work on /opt/airflow/dags/producer.py
[2024-09-28T07:38:19.768+0000] {processor.py:756} INFO - Processing file /opt/airflow/dags/producer.py for tasks to queue
[2024-09-28T07:38:19.772+0000] {logging_mixin.py:120} INFO - [2024-09-28T07:38:19.771+0000] {dagbag.py:537} INFO - Filling up the DagBag from /opt/airflow/dags/producer.py
[2024-09-28T07:38:19.917+0000] {processor.py:766} INFO - DAG(s) dict_keys(['producer']) retrieved from /opt/airflow/dags/producer.py
[2024-09-28T07:38:20.142+0000] {logging_mixin.py:120} INFO - [2024-09-28T07:38:20.141+0000] {dag.py:2585} INFO - Sync 1 DAGs
[2024-09-28T07:38:20.282+0000] {logging_mixin.py:120} INFO - [2024-09-28T07:38:20.282+0000] {dag.py:3340} INFO - Setting next_dagrun for producer to 2024-09-28T00:00:00+00:00, run_after=2024-09-29T00:00:00+00:00
[2024-09-28T07:38:20.405+0000] {processor.py:176} INFO - Processing /opt/airflow/dags/producer.py took 0.666 seconds
[2024-09-28T07:38:51.027+0000] {processor.py:154} INFO - Started process (PID=25405) to work on /opt/airflow/dags/producer.py
[2024-09-28T07:38:51.033+0000] {processor.py:756} INFO - Processing file /opt/airflow/dags/producer.py for tasks to queue
[2024-09-28T07:38:51.037+0000] {logging_mixin.py:120} INFO - [2024-09-28T07:38:51.036+0000] {dagbag.py:537} INFO - Filling up the DagBag from /opt/airflow/dags/producer.py
[2024-09-28T07:38:51.156+0000] {processor.py:766} INFO - DAG(s) dict_keys(['producer']) retrieved from /opt/airflow/dags/producer.py
[2024-09-28T07:38:51.346+0000] {logging_mixin.py:120} INFO - [2024-09-28T07:38:51.345+0000] {dag.py:2585} INFO - Sync 1 DAGs
[2024-09-28T07:38:51.473+0000] {logging_mixin.py:120} INFO - [2024-09-28T07:38:51.472+0000] {dag.py:3340} INFO - Setting next_dagrun for producer to 2024-09-28T00:00:00+00:00, run_after=2024-09-29T00:00:00+00:00
[2024-09-28T07:38:51.579+0000] {processor.py:176} INFO - Processing /opt/airflow/dags/producer.py took 0.567 seconds
[2024-09-28T07:39:21.848+0000] {processor.py:154} INFO - Started process (PID=25468) to work on /opt/airflow/dags/producer.py
[2024-09-28T07:39:21.853+0000] {processor.py:756} INFO - Processing file /opt/airflow/dags/producer.py for tasks to queue
[2024-09-28T07:39:21.857+0000] {logging_mixin.py:120} INFO - [2024-09-28T07:39:21.856+0000] {dagbag.py:537} INFO - Filling up the DagBag from /opt/airflow/dags/producer.py
[2024-09-28T07:39:21.965+0000] {processor.py:766} INFO - DAG(s) dict_keys(['producer']) retrieved from /opt/airflow/dags/producer.py
[2024-09-28T07:39:22.148+0000] {logging_mixin.py:120} INFO - [2024-09-28T07:39:22.147+0000] {dag.py:2585} INFO - Sync 1 DAGs
[2024-09-28T07:39:22.291+0000] {logging_mixin.py:120} INFO - [2024-09-28T07:39:22.290+0000] {dag.py:3340} INFO - Setting next_dagrun for producer to 2024-09-28T00:00:00+00:00, run_after=2024-09-29T00:00:00+00:00
[2024-09-28T07:39:22.397+0000] {processor.py:176} INFO - Processing /opt/airflow/dags/producer.py took 0.574 seconds
[2024-09-28T07:39:52.627+0000] {processor.py:154} INFO - Started process (PID=25531) to work on /opt/airflow/dags/producer.py
[2024-09-28T07:39:52.632+0000] {processor.py:756} INFO - Processing file /opt/airflow/dags/producer.py for tasks to queue
[2024-09-28T07:39:52.636+0000] {logging_mixin.py:120} INFO - [2024-09-28T07:39:52.636+0000] {dagbag.py:537} INFO - Filling up the DagBag from /opt/airflow/dags/producer.py
[2024-09-28T07:39:52.747+0000] {processor.py:766} INFO - DAG(s) dict_keys(['producer']) retrieved from /opt/airflow/dags/producer.py
[2024-09-28T07:39:52.917+0000] {logging_mixin.py:120} INFO - [2024-09-28T07:39:52.917+0000] {dag.py:2585} INFO - Sync 1 DAGs
[2024-09-28T07:39:53.037+0000] {logging_mixin.py:120} INFO - [2024-09-28T07:39:53.036+0000] {dag.py:3340} INFO - Setting next_dagrun for producer to 2024-09-28T00:00:00+00:00, run_after=2024-09-29T00:00:00+00:00
[2024-09-28T07:39:53.549+0000] {processor.py:176} INFO - Processing /opt/airflow/dags/producer.py took 0.936 seconds
[2024-09-28T07:40:23.953+0000] {processor.py:154} INFO - Started process (PID=25594) to work on /opt/airflow/dags/producer.py
[2024-09-28T07:40:23.964+0000] {processor.py:756} INFO - Processing file /opt/airflow/dags/producer.py for tasks to queue
[2024-09-28T07:40:23.971+0000] {logging_mixin.py:120} INFO - [2024-09-28T07:40:23.971+0000] {dagbag.py:537} INFO - Filling up the DagBag from /opt/airflow/dags/producer.py
[2024-09-28T07:40:24.137+0000] {processor.py:766} INFO - DAG(s) dict_keys(['producer']) retrieved from /opt/airflow/dags/producer.py
[2024-09-28T07:40:24.401+0000] {logging_mixin.py:120} INFO - [2024-09-28T07:40:24.401+0000] {dag.py:2585} INFO - Sync 1 DAGs
[2024-09-28T07:40:24.601+0000] {logging_mixin.py:120} INFO - [2024-09-28T07:40:24.599+0000] {dag.py:3340} INFO - Setting next_dagrun for producer to 2024-09-28T00:00:00+00:00, run_after=2024-09-29T00:00:00+00:00
[2024-09-28T07:40:24.796+0000] {processor.py:176} INFO - Processing /opt/airflow/dags/producer.py took 0.863 seconds
[2024-09-28T07:55:32.265+0000] {processor.py:154} INFO - Started process (PID=25621) to work on /opt/airflow/dags/producer.py
[2024-09-28T07:55:32.277+0000] {processor.py:756} INFO - Processing file /opt/airflow/dags/producer.py for tasks to queue
[2024-09-28T07:55:32.283+0000] {logging_mixin.py:120} INFO - [2024-09-28T07:55:32.282+0000] {dagbag.py:537} INFO - Filling up the DagBag from /opt/airflow/dags/producer.py
[2024-09-28T07:55:32.514+0000] {processor.py:766} INFO - DAG(s) dict_keys(['producer']) retrieved from /opt/airflow/dags/producer.py
[2024-09-28T07:55:32.923+0000] {logging_mixin.py:120} INFO - [2024-09-28T07:55:32.921+0000] {dag.py:2585} INFO - Sync 1 DAGs
[2024-09-28T07:55:33.207+0000] {logging_mixin.py:120} INFO - [2024-09-28T07:55:33.207+0000] {dag.py:3340} INFO - Setting next_dagrun for producer to 2024-09-28T00:00:00+00:00, run_after=2024-09-29T00:00:00+00:00
[2024-09-28T07:55:33.419+0000] {processor.py:176} INFO - Processing /opt/airflow/dags/producer.py took 1.185 seconds
[2024-09-28T07:56:06.508+0000] {processor.py:154} INFO - Started process (PID=25676) to work on /opt/airflow/dags/producer.py
[2024-09-28T07:56:06.520+0000] {processor.py:756} INFO - Processing file /opt/airflow/dags/producer.py for tasks to queue
[2024-09-28T07:56:06.537+0000] {logging_mixin.py:120} INFO - [2024-09-28T07:56:06.529+0000] {dagbag.py:537} INFO - Filling up the DagBag from /opt/airflow/dags/producer.py
[2024-09-28T07:56:06.774+0000] {processor.py:766} INFO - DAG(s) dict_keys(['producer']) retrieved from /opt/airflow/dags/producer.py
[2024-09-28T07:56:07.193+0000] {logging_mixin.py:120} INFO - [2024-09-28T07:56:07.192+0000] {dag.py:2585} INFO - Sync 1 DAGs
[2024-09-28T07:56:07.515+0000] {logging_mixin.py:120} INFO - [2024-09-28T07:56:07.514+0000] {dag.py:3340} INFO - Setting next_dagrun for producer to 2024-09-28T00:00:00+00:00, run_after=2024-09-29T00:00:00+00:00
[2024-09-28T07:56:07.749+0000] {processor.py:176} INFO - Processing /opt/airflow/dags/producer.py took 1.272 seconds
[2024-09-28T07:56:38.362+0000] {processor.py:154} INFO - Started process (PID=25739) to work on /opt/airflow/dags/producer.py
[2024-09-28T07:56:38.373+0000] {processor.py:756} INFO - Processing file /opt/airflow/dags/producer.py for tasks to queue
[2024-09-28T07:56:38.379+0000] {logging_mixin.py:120} INFO - [2024-09-28T07:56:38.378+0000] {dagbag.py:537} INFO - Filling up the DagBag from /opt/airflow/dags/producer.py
[2024-09-28T07:56:38.544+0000] {processor.py:766} INFO - DAG(s) dict_keys(['producer']) retrieved from /opt/airflow/dags/producer.py
[2024-09-28T07:56:38.804+0000] {logging_mixin.py:120} INFO - [2024-09-28T07:56:38.804+0000] {dag.py:2585} INFO - Sync 1 DAGs
[2024-09-28T07:56:38.987+0000] {logging_mixin.py:120} INFO - [2024-09-28T07:56:38.986+0000] {dag.py:3340} INFO - Setting next_dagrun for producer to 2024-09-28T00:00:00+00:00, run_after=2024-09-29T00:00:00+00:00
[2024-09-28T07:56:39.799+0000] {processor.py:176} INFO - Processing /opt/airflow/dags/producer.py took 1.462 seconds
[2024-09-28T07:57:11.690+0000] {processor.py:154} INFO - Started process (PID=25800) to work on /opt/airflow/dags/producer.py
[2024-09-28T07:57:11.698+0000] {processor.py:756} INFO - Processing file /opt/airflow/dags/producer.py for tasks to queue
[2024-09-28T07:57:11.704+0000] {logging_mixin.py:120} INFO - [2024-09-28T07:57:11.703+0000] {dagbag.py:537} INFO - Filling up the DagBag from /opt/airflow/dags/producer.py
[2024-09-28T07:57:11.865+0000] {processor.py:766} INFO - DAG(s) dict_keys(['producer']) retrieved from /opt/airflow/dags/producer.py
[2024-09-28T07:57:12.108+0000] {logging_mixin.py:120} INFO - [2024-09-28T07:57:12.107+0000] {dag.py:2585} INFO - Sync 1 DAGs
[2024-09-28T07:57:12.928+0000] {logging_mixin.py:120} INFO - [2024-09-28T07:57:12.926+0000] {dag.py:3340} INFO - Setting next_dagrun for producer to 2024-09-28T00:00:00+00:00, run_after=2024-09-29T00:00:00+00:00
[2024-09-28T07:57:13.095+0000] {processor.py:176} INFO - Processing /opt/airflow/dags/producer.py took 1.425 seconds
[2024-09-28T07:57:43.433+0000] {processor.py:154} INFO - Started process (PID=25856) to work on /opt/airflow/dags/producer.py
[2024-09-28T07:57:43.439+0000] {processor.py:756} INFO - Processing file /opt/airflow/dags/producer.py for tasks to queue
[2024-09-28T07:57:43.444+0000] {logging_mixin.py:120} INFO - [2024-09-28T07:57:43.443+0000] {dagbag.py:537} INFO - Filling up the DagBag from /opt/airflow/dags/producer.py
[2024-09-28T07:57:43.568+0000] {processor.py:766} INFO - DAG(s) dict_keys(['producer']) retrieved from /opt/airflow/dags/producer.py
[2024-09-28T07:57:43.763+0000] {logging_mixin.py:120} INFO - [2024-09-28T07:57:43.762+0000] {dag.py:2585} INFO - Sync 1 DAGs
[2024-09-28T07:57:43.903+0000] {logging_mixin.py:120} INFO - [2024-09-28T07:57:43.902+0000] {dag.py:3340} INFO - Setting next_dagrun for producer to 2024-09-28T00:00:00+00:00, run_after=2024-09-29T00:00:00+00:00
[2024-09-28T07:57:44.008+0000] {processor.py:176} INFO - Processing /opt/airflow/dags/producer.py took 0.595 seconds
[2024-09-28T07:58:14.322+0000] {processor.py:154} INFO - Started process (PID=25919) to work on /opt/airflow/dags/producer.py
[2024-09-28T07:58:14.328+0000] {processor.py:756} INFO - Processing file /opt/airflow/dags/producer.py for tasks to queue
[2024-09-28T07:58:14.331+0000] {logging_mixin.py:120} INFO - [2024-09-28T07:58:14.330+0000] {dagbag.py:537} INFO - Filling up the DagBag from /opt/airflow/dags/producer.py
[2024-09-28T07:58:14.447+0000] {processor.py:766} INFO - DAG(s) dict_keys(['producer']) retrieved from /opt/airflow/dags/producer.py
[2024-09-28T07:58:14.659+0000] {logging_mixin.py:120} INFO - [2024-09-28T07:58:14.658+0000] {dag.py:2585} INFO - Sync 1 DAGs
[2024-09-28T07:58:14.797+0000] {logging_mixin.py:120} INFO - [2024-09-28T07:58:14.796+0000] {dag.py:3340} INFO - Setting next_dagrun for producer to 2024-09-28T00:00:00+00:00, run_after=2024-09-29T00:00:00+00:00
[2024-09-28T07:58:14.907+0000] {processor.py:176} INFO - Processing /opt/airflow/dags/producer.py took 0.601 seconds
[2024-09-28T07:58:45.233+0000] {processor.py:154} INFO - Started process (PID=25982) to work on /opt/airflow/dags/producer.py
[2024-09-28T07:58:45.238+0000] {processor.py:756} INFO - Processing file /opt/airflow/dags/producer.py for tasks to queue
[2024-09-28T07:58:45.241+0000] {logging_mixin.py:120} INFO - [2024-09-28T07:58:45.241+0000] {dagbag.py:537} INFO - Filling up the DagBag from /opt/airflow/dags/producer.py
[2024-09-28T07:58:45.349+0000] {processor.py:766} INFO - DAG(s) dict_keys(['producer']) retrieved from /opt/airflow/dags/producer.py
[2024-09-28T07:58:45.619+0000] {logging_mixin.py:120} INFO - [2024-09-28T07:58:45.618+0000] {dag.py:2585} INFO - Sync 1 DAGs
[2024-09-28T07:58:45.760+0000] {logging_mixin.py:120} INFO - [2024-09-28T07:58:45.759+0000] {dag.py:3340} INFO - Setting next_dagrun for producer to 2024-09-28T00:00:00+00:00, run_after=2024-09-29T00:00:00+00:00
[2024-09-28T07:58:45.856+0000] {processor.py:176} INFO - Processing /opt/airflow/dags/producer.py took 0.641 seconds
[2024-09-28T08:15:42.679+0000] {processor.py:154} INFO - Started process (PID=26012) to work on /opt/airflow/dags/producer.py
[2024-09-28T08:15:42.692+0000] {processor.py:756} INFO - Processing file /opt/airflow/dags/producer.py for tasks to queue
[2024-09-28T08:15:42.701+0000] {logging_mixin.py:120} INFO - [2024-09-28T08:15:42.700+0000] {dagbag.py:537} INFO - Filling up the DagBag from /opt/airflow/dags/producer.py
[2024-09-28T08:15:42.946+0000] {processor.py:766} INFO - DAG(s) dict_keys(['producer']) retrieved from /opt/airflow/dags/producer.py
[2024-09-28T08:15:43.352+0000] {logging_mixin.py:120} INFO - [2024-09-28T08:15:43.351+0000] {dag.py:2585} INFO - Sync 1 DAGs
[2024-09-28T08:15:43.693+0000] {logging_mixin.py:120} INFO - [2024-09-28T08:15:43.691+0000] {dag.py:3340} INFO - Setting next_dagrun for producer to 2024-09-28T00:00:00+00:00, run_after=2024-09-29T00:00:00+00:00
[2024-09-28T08:15:44.836+0000] {processor.py:176} INFO - Processing /opt/airflow/dags/producer.py took 2.192 seconds
[2024-09-28T08:16:27.939+0000] {processor.py:154} INFO - Started process (PID=26083) to work on /opt/airflow/dags/producer.py
[2024-09-28T08:16:27.949+0000] {processor.py:756} INFO - Processing file /opt/airflow/dags/producer.py for tasks to queue
[2024-09-28T08:16:27.955+0000] {logging_mixin.py:120} INFO - [2024-09-28T08:16:27.954+0000] {dagbag.py:537} INFO - Filling up the DagBag from /opt/airflow/dags/producer.py
[2024-09-28T08:16:28.145+0000] {processor.py:766} INFO - DAG(s) dict_keys(['producer']) retrieved from /opt/airflow/dags/producer.py
[2024-09-28T08:16:28.432+0000] {logging_mixin.py:120} INFO - [2024-09-28T08:16:28.431+0000] {dag.py:2585} INFO - Sync 1 DAGs
[2024-09-28T08:16:28.660+0000] {logging_mixin.py:120} INFO - [2024-09-28T08:16:28.658+0000] {dag.py:3340} INFO - Setting next_dagrun for producer to 2024-09-28T00:00:00+00:00, run_after=2024-09-29T00:00:00+00:00
[2024-09-28T08:16:28.838+0000] {processor.py:176} INFO - Processing /opt/airflow/dags/producer.py took 0.924 seconds
[2024-09-28T08:16:59.177+0000] {processor.py:154} INFO - Started process (PID=26137) to work on /opt/airflow/dags/producer.py
[2024-09-28T08:16:59.184+0000] {processor.py:756} INFO - Processing file /opt/airflow/dags/producer.py for tasks to queue
[2024-09-28T08:16:59.188+0000] {logging_mixin.py:120} INFO - [2024-09-28T08:16:59.187+0000] {dagbag.py:537} INFO - Filling up the DagBag from /opt/airflow/dags/producer.py
[2024-09-28T08:16:59.348+0000] {processor.py:766} INFO - DAG(s) dict_keys(['producer']) retrieved from /opt/airflow/dags/producer.py
[2024-09-28T08:16:59.594+0000] {logging_mixin.py:120} INFO - [2024-09-28T08:16:59.593+0000] {dag.py:2585} INFO - Sync 1 DAGs
[2024-09-28T08:16:59.760+0000] {logging_mixin.py:120} INFO - [2024-09-28T08:16:59.760+0000] {dag.py:3340} INFO - Setting next_dagrun for producer to 2024-09-28T00:00:00+00:00, run_after=2024-09-29T00:00:00+00:00
[2024-09-28T08:16:59.902+0000] {processor.py:176} INFO - Processing /opt/airflow/dags/producer.py took 0.744 seconds
[2024-09-28T08:17:30.786+0000] {processor.py:154} INFO - Started process (PID=26200) to work on /opt/airflow/dags/producer.py
[2024-09-28T08:17:30.795+0000] {processor.py:756} INFO - Processing file /opt/airflow/dags/producer.py for tasks to queue
[2024-09-28T08:17:30.800+0000] {logging_mixin.py:120} INFO - [2024-09-28T08:17:30.799+0000] {dagbag.py:537} INFO - Filling up the DagBag from /opt/airflow/dags/producer.py
[2024-09-28T08:17:30.938+0000] {processor.py:766} INFO - DAG(s) dict_keys(['producer']) retrieved from /opt/airflow/dags/producer.py
[2024-09-28T08:17:31.175+0000] {logging_mixin.py:120} INFO - [2024-09-28T08:17:31.174+0000] {dag.py:2585} INFO - Sync 1 DAGs
[2024-09-28T08:17:31.332+0000] {logging_mixin.py:120} INFO - [2024-09-28T08:17:31.331+0000] {dag.py:3340} INFO - Setting next_dagrun for producer to 2024-09-28T00:00:00+00:00, run_after=2024-09-29T00:00:00+00:00
[2024-09-28T08:17:31.456+0000] {processor.py:176} INFO - Processing /opt/airflow/dags/producer.py took 0.692 seconds
[2024-09-28T08:18:02.775+0000] {processor.py:154} INFO - Started process (PID=26263) to work on /opt/airflow/dags/producer.py
[2024-09-28T08:18:02.788+0000] {processor.py:756} INFO - Processing file /opt/airflow/dags/producer.py for tasks to queue
[2024-09-28T08:18:02.795+0000] {logging_mixin.py:120} INFO - [2024-09-28T08:18:02.794+0000] {dagbag.py:537} INFO - Filling up the DagBag from /opt/airflow/dags/producer.py
[2024-09-28T08:18:02.992+0000] {processor.py:766} INFO - DAG(s) dict_keys(['producer']) retrieved from /opt/airflow/dags/producer.py
[2024-09-28T08:18:03.304+0000] {logging_mixin.py:120} INFO - [2024-09-28T08:18:03.303+0000] {dag.py:2585} INFO - Sync 1 DAGs
[2024-09-28T08:18:03.551+0000] {logging_mixin.py:120} INFO - [2024-09-28T08:18:03.550+0000] {dag.py:3340} INFO - Setting next_dagrun for producer to 2024-09-28T00:00:00+00:00, run_after=2024-09-29T00:00:00+00:00
[2024-09-28T08:18:04.522+0000] {processor.py:176} INFO - Processing /opt/airflow/dags/producer.py took 1.772 seconds
[2024-09-28T08:34:46.673+0000] {processor.py:154} INFO - Started process (PID=26277) to work on /opt/airflow/dags/producer.py
[2024-09-28T08:34:46.687+0000] {processor.py:756} INFO - Processing file /opt/airflow/dags/producer.py for tasks to queue
[2024-09-28T08:34:46.694+0000] {logging_mixin.py:120} INFO - [2024-09-28T08:34:46.693+0000] {dagbag.py:537} INFO - Filling up the DagBag from /opt/airflow/dags/producer.py
[2024-09-28T08:34:46.941+0000] {processor.py:766} INFO - DAG(s) dict_keys(['producer']) retrieved from /opt/airflow/dags/producer.py
[2024-09-28T08:34:47.298+0000] {logging_mixin.py:120} INFO - [2024-09-28T08:34:47.296+0000] {dag.py:2585} INFO - Sync 1 DAGs
[2024-09-28T08:34:48.322+0000] {logging_mixin.py:120} INFO - [2024-09-28T08:34:48.321+0000] {dag.py:3340} INFO - Setting next_dagrun for producer to 2024-09-28T00:00:00+00:00, run_after=2024-09-29T00:00:00+00:00
[2024-09-28T08:34:48.533+0000] {processor.py:176} INFO - Processing /opt/airflow/dags/producer.py took 1.893 seconds
[2024-09-28T08:35:28.475+0000] {processor.py:154} INFO - Started process (PID=26339) to work on /opt/airflow/dags/producer.py
[2024-09-28T08:35:28.486+0000] {processor.py:756} INFO - Processing file /opt/airflow/dags/producer.py for tasks to queue
[2024-09-28T08:35:28.491+0000] {logging_mixin.py:120} INFO - [2024-09-28T08:35:28.490+0000] {dagbag.py:537} INFO - Filling up the DagBag from /opt/airflow/dags/producer.py
[2024-09-28T08:35:28.657+0000] {processor.py:766} INFO - DAG(s) dict_keys(['producer']) retrieved from /opt/airflow/dags/producer.py
[2024-09-28T08:35:28.911+0000] {logging_mixin.py:120} INFO - [2024-09-28T08:35:28.910+0000] {dag.py:2585} INFO - Sync 1 DAGs
[2024-09-28T08:35:29.128+0000] {logging_mixin.py:120} INFO - [2024-09-28T08:35:29.128+0000] {dag.py:3340} INFO - Setting next_dagrun for producer to 2024-09-28T00:00:00+00:00, run_after=2024-09-29T00:00:00+00:00
[2024-09-28T08:35:29.265+0000] {processor.py:176} INFO - Processing /opt/airflow/dags/producer.py took 0.823 seconds
[2024-09-28T08:36:00.064+0000] {processor.py:154} INFO - Started process (PID=26402) to work on /opt/airflow/dags/producer.py
[2024-09-28T08:36:00.071+0000] {processor.py:756} INFO - Processing file /opt/airflow/dags/producer.py for tasks to queue
[2024-09-28T08:36:00.077+0000] {logging_mixin.py:120} INFO - [2024-09-28T08:36:00.076+0000] {dagbag.py:537} INFO - Filling up the DagBag from /opt/airflow/dags/producer.py
[2024-09-28T08:36:00.219+0000] {processor.py:766} INFO - DAG(s) dict_keys(['producer']) retrieved from /opt/airflow/dags/producer.py
[2024-09-28T08:36:00.526+0000] {logging_mixin.py:120} INFO - [2024-09-28T08:36:00.525+0000] {dag.py:2585} INFO - Sync 1 DAGs
[2024-09-28T08:36:00.774+0000] {logging_mixin.py:120} INFO - [2024-09-28T08:36:00.773+0000] {dag.py:3340} INFO - Setting next_dagrun for producer to 2024-09-28T00:00:00+00:00, run_after=2024-09-29T00:00:00+00:00
[2024-09-28T08:36:00.921+0000] {processor.py:176} INFO - Processing /opt/airflow/dags/producer.py took 0.881 seconds
[2024-09-28T08:36:31.533+0000] {processor.py:154} INFO - Started process (PID=26463) to work on /opt/airflow/dags/producer.py
[2024-09-28T08:36:31.542+0000] {processor.py:756} INFO - Processing file /opt/airflow/dags/producer.py for tasks to queue
[2024-09-28T08:36:31.548+0000] {logging_mixin.py:120} INFO - [2024-09-28T08:36:31.547+0000] {dagbag.py:537} INFO - Filling up the DagBag from /opt/airflow/dags/producer.py
[2024-09-28T08:36:31.719+0000] {processor.py:766} INFO - DAG(s) dict_keys(['producer']) retrieved from /opt/airflow/dags/producer.py
[2024-09-28T08:36:32.026+0000] {logging_mixin.py:120} INFO - [2024-09-28T08:36:32.024+0000] {dag.py:2585} INFO - Sync 1 DAGs
[2024-09-28T08:36:32.281+0000] {logging_mixin.py:120} INFO - [2024-09-28T08:36:32.280+0000] {dag.py:3340} INFO - Setting next_dagrun for producer to 2024-09-28T00:00:00+00:00, run_after=2024-09-29T00:00:00+00:00
[2024-09-28T08:36:32.447+0000] {processor.py:176} INFO - Processing /opt/airflow/dags/producer.py took 0.938 seconds
[2024-09-28T08:37:02.537+0000] {processor.py:154} INFO - Started process (PID=26519) to work on /opt/airflow/dags/producer.py
[2024-09-28T08:37:02.544+0000] {processor.py:756} INFO - Processing file /opt/airflow/dags/producer.py for tasks to queue
[2024-09-28T08:37:02.548+0000] {logging_mixin.py:120} INFO - [2024-09-28T08:37:02.547+0000] {dagbag.py:537} INFO - Filling up the DagBag from /opt/airflow/dags/producer.py
[2024-09-28T08:37:02.660+0000] {processor.py:766} INFO - DAG(s) dict_keys(['producer']) retrieved from /opt/airflow/dags/producer.py
[2024-09-28T08:37:02.843+0000] {logging_mixin.py:120} INFO - [2024-09-28T08:37:02.843+0000] {dag.py:2585} INFO - Sync 1 DAGs
[2024-09-28T08:37:02.975+0000] {logging_mixin.py:120} INFO - [2024-09-28T08:37:02.975+0000] {dag.py:3340} INFO - Setting next_dagrun for producer to 2024-09-28T00:00:00+00:00, run_after=2024-09-29T00:00:00+00:00
[2024-09-28T08:37:03.475+0000] {processor.py:176} INFO - Processing /opt/airflow/dags/producer.py took 0.954 seconds
[2024-09-28T08:37:34.639+0000] {processor.py:154} INFO - Started process (PID=26582) to work on /opt/airflow/dags/producer.py
[2024-09-28T08:37:34.648+0000] {processor.py:756} INFO - Processing file /opt/airflow/dags/producer.py for tasks to queue
[2024-09-28T08:37:34.652+0000] {logging_mixin.py:120} INFO - [2024-09-28T08:37:34.652+0000] {dagbag.py:537} INFO - Filling up the DagBag from /opt/airflow/dags/producer.py
[2024-09-28T08:37:34.759+0000] {processor.py:766} INFO - DAG(s) dict_keys(['producer']) retrieved from /opt/airflow/dags/producer.py
[2024-09-28T08:37:34.940+0000] {logging_mixin.py:120} INFO - [2024-09-28T08:37:34.940+0000] {dag.py:2585} INFO - Sync 1 DAGs
[2024-09-28T08:37:35.486+0000] {logging_mixin.py:120} INFO - [2024-09-28T08:37:35.485+0000] {dag.py:3340} INFO - Setting next_dagrun for producer to 2024-09-28T00:00:00+00:00, run_after=2024-09-29T00:00:00+00:00
[2024-09-28T08:37:35.570+0000] {processor.py:176} INFO - Processing /opt/airflow/dags/producer.py took 0.952 seconds
[2024-09-28T08:38:05.969+0000] {processor.py:154} INFO - Started process (PID=26645) to work on /opt/airflow/dags/producer.py
[2024-09-28T08:38:05.975+0000] {processor.py:756} INFO - Processing file /opt/airflow/dags/producer.py for tasks to queue
[2024-09-28T08:38:05.978+0000] {logging_mixin.py:120} INFO - [2024-09-28T08:38:05.978+0000] {dagbag.py:537} INFO - Filling up the DagBag from /opt/airflow/dags/producer.py
[2024-09-28T08:38:06.083+0000] {processor.py:766} INFO - DAG(s) dict_keys(['producer']) retrieved from /opt/airflow/dags/producer.py
[2024-09-28T08:38:06.248+0000] {logging_mixin.py:120} INFO - [2024-09-28T08:38:06.248+0000] {dag.py:2585} INFO - Sync 1 DAGs
[2024-09-28T08:38:06.358+0000] {logging_mixin.py:120} INFO - [2024-09-28T08:38:06.357+0000] {dag.py:3340} INFO - Setting next_dagrun for producer to 2024-09-28T00:00:00+00:00, run_after=2024-09-29T00:00:00+00:00
[2024-09-28T08:38:06.443+0000] {processor.py:176} INFO - Processing /opt/airflow/dags/producer.py took 0.491 seconds
[2024-09-28T08:38:37.086+0000] {processor.py:154} INFO - Started process (PID=26709) to work on /opt/airflow/dags/producer.py
[2024-09-28T08:38:37.090+0000] {processor.py:756} INFO - Processing file /opt/airflow/dags/producer.py for tasks to queue
[2024-09-28T08:38:37.093+0000] {logging_mixin.py:120} INFO - [2024-09-28T08:38:37.092+0000] {dagbag.py:537} INFO - Filling up the DagBag from /opt/airflow/dags/producer.py
[2024-09-28T08:38:37.171+0000] {processor.py:766} INFO - DAG(s) dict_keys(['producer']) retrieved from /opt/airflow/dags/producer.py
[2024-09-28T08:38:37.300+0000] {logging_mixin.py:120} INFO - [2024-09-28T08:38:37.299+0000] {dag.py:2585} INFO - Sync 1 DAGs
[2024-09-28T08:38:37.385+0000] {logging_mixin.py:120} INFO - [2024-09-28T08:38:37.384+0000] {dag.py:3340} INFO - Setting next_dagrun for producer to 2024-09-28T00:00:00+00:00, run_after=2024-09-29T00:00:00+00:00
[2024-09-28T08:38:37.451+0000] {processor.py:176} INFO - Processing /opt/airflow/dags/producer.py took 0.375 seconds
[2024-09-28T08:39:08.194+0000] {processor.py:154} INFO - Started process (PID=26781) to work on /opt/airflow/dags/producer.py
[2024-09-28T08:39:08.202+0000] {processor.py:756} INFO - Processing file /opt/airflow/dags/producer.py for tasks to queue
[2024-09-28T08:39:08.204+0000] {logging_mixin.py:120} INFO - [2024-09-28T08:39:08.204+0000] {dagbag.py:537} INFO - Filling up the DagBag from /opt/airflow/dags/producer.py
[2024-09-28T08:39:08.286+0000] {processor.py:766} INFO - DAG(s) dict_keys(['producer']) retrieved from /opt/airflow/dags/producer.py
[2024-09-28T08:39:08.412+0000] {logging_mixin.py:120} INFO - [2024-09-28T08:39:08.412+0000] {dag.py:2585} INFO - Sync 1 DAGs
[2024-09-28T08:39:08.495+0000] {logging_mixin.py:120} INFO - [2024-09-28T08:39:08.495+0000] {dag.py:3340} INFO - Setting next_dagrun for producer to 2024-09-28T00:00:00+00:00, run_after=2024-09-29T00:00:00+00:00
[2024-09-28T08:39:08.893+0000] {processor.py:176} INFO - Processing /opt/airflow/dags/producer.py took 0.713 seconds
[2024-09-28T08:39:40.516+0000] {processor.py:154} INFO - Started process (PID=26843) to work on /opt/airflow/dags/producer.py
[2024-09-28T08:39:40.526+0000] {processor.py:756} INFO - Processing file /opt/airflow/dags/producer.py for tasks to queue
[2024-09-28T08:39:40.533+0000] {logging_mixin.py:120} INFO - [2024-09-28T08:39:40.532+0000] {dagbag.py:537} INFO - Filling up the DagBag from /opt/airflow/dags/producer.py
[2024-09-28T08:39:40.675+0000] {processor.py:766} INFO - DAG(s) dict_keys(['producer']) retrieved from /opt/airflow/dags/producer.py
[2024-09-28T08:39:40.942+0000] {logging_mixin.py:120} INFO - [2024-09-28T08:39:40.941+0000] {dag.py:2585} INFO - Sync 1 DAGs
[2024-09-28T08:39:41.681+0000] {logging_mixin.py:120} INFO - [2024-09-28T08:39:41.681+0000] {dag.py:3340} INFO - Setting next_dagrun for producer to 2024-09-28T00:00:00+00:00, run_after=2024-09-29T00:00:00+00:00
[2024-09-28T08:39:41.795+0000] {processor.py:176} INFO - Processing /opt/airflow/dags/producer.py took 1.308 seconds
[2024-09-28T08:56:24.617+0000] {processor.py:154} INFO - Started process (PID=26863) to work on /opt/airflow/dags/producer.py
[2024-09-28T08:56:24.630+0000] {processor.py:756} INFO - Processing file /opt/airflow/dags/producer.py for tasks to queue
[2024-09-28T08:56:24.637+0000] {logging_mixin.py:120} INFO - [2024-09-28T08:56:24.636+0000] {dagbag.py:537} INFO - Filling up the DagBag from /opt/airflow/dags/producer.py
[2024-09-28T08:56:24.895+0000] {processor.py:766} INFO - DAG(s) dict_keys(['producer']) retrieved from /opt/airflow/dags/producer.py
[2024-09-28T08:56:25.276+0000] {logging_mixin.py:120} INFO - [2024-09-28T08:56:25.275+0000] {dag.py:2585} INFO - Sync 1 DAGs
[2024-09-28T08:56:26.559+0000] {logging_mixin.py:120} INFO - [2024-09-28T08:56:26.557+0000] {dag.py:3340} INFO - Setting next_dagrun for producer to 2024-09-28T00:00:00+00:00, run_after=2024-09-29T00:00:00+00:00
[2024-09-28T08:56:26.797+0000] {processor.py:176} INFO - Processing /opt/airflow/dags/producer.py took 2.214 seconds
[2024-09-28T08:56:59.885+0000] {processor.py:154} INFO - Started process (PID=26917) to work on /opt/airflow/dags/producer.py
[2024-09-28T08:56:59.898+0000] {processor.py:756} INFO - Processing file /opt/airflow/dags/producer.py for tasks to queue
[2024-09-28T08:56:59.906+0000] {logging_mixin.py:120} INFO - [2024-09-28T08:56:59.904+0000] {dagbag.py:537} INFO - Filling up the DagBag from /opt/airflow/dags/producer.py
[2024-09-28T08:57:00.145+0000] {processor.py:766} INFO - DAG(s) dict_keys(['producer']) retrieved from /opt/airflow/dags/producer.py
[2024-09-28T08:57:00.523+0000] {logging_mixin.py:120} INFO - [2024-09-28T08:57:00.523+0000] {dag.py:2585} INFO - Sync 1 DAGs
[2024-09-28T08:57:00.857+0000] {logging_mixin.py:120} INFO - [2024-09-28T08:57:00.856+0000] {dag.py:3340} INFO - Setting next_dagrun for producer to 2024-09-28T00:00:00+00:00, run_after=2024-09-29T00:00:00+00:00
[2024-09-28T08:57:01.097+0000] {processor.py:176} INFO - Processing /opt/airflow/dags/producer.py took 1.249 seconds
[2024-09-28T08:57:31.620+0000] {processor.py:154} INFO - Started process (PID=26980) to work on /opt/airflow/dags/producer.py
[2024-09-28T08:57:31.632+0000] {processor.py:756} INFO - Processing file /opt/airflow/dags/producer.py for tasks to queue
[2024-09-28T08:57:31.636+0000] {logging_mixin.py:120} INFO - [2024-09-28T08:57:31.635+0000] {dagbag.py:537} INFO - Filling up the DagBag from /opt/airflow/dags/producer.py
[2024-09-28T08:57:31.786+0000] {processor.py:766} INFO - DAG(s) dict_keys(['producer']) retrieved from /opt/airflow/dags/producer.py
[2024-09-28T08:57:32.045+0000] {logging_mixin.py:120} INFO - [2024-09-28T08:57:32.044+0000] {dag.py:2585} INFO - Sync 1 DAGs
[2024-09-28T08:57:32.227+0000] {logging_mixin.py:120} INFO - [2024-09-28T08:57:32.226+0000] {dag.py:3340} INFO - Setting next_dagrun for producer to 2024-09-28T00:00:00+00:00, run_after=2024-09-29T00:00:00+00:00
[2024-09-28T08:57:32.344+0000] {processor.py:176} INFO - Processing /opt/airflow/dags/producer.py took 0.744 seconds
[2024-09-28T08:58:02.986+0000] {processor.py:154} INFO - Started process (PID=27043) to work on /opt/airflow/dags/producer.py
[2024-09-28T08:58:02.998+0000] {processor.py:756} INFO - Processing file /opt/airflow/dags/producer.py for tasks to queue
[2024-09-28T08:58:03.006+0000] {logging_mixin.py:120} INFO - [2024-09-28T08:58:03.004+0000] {dagbag.py:537} INFO - Filling up the DagBag from /opt/airflow/dags/producer.py
[2024-09-28T08:58:03.239+0000] {processor.py:766} INFO - DAG(s) dict_keys(['producer']) retrieved from /opt/airflow/dags/producer.py
[2024-09-28T08:58:03.534+0000] {logging_mixin.py:120} INFO - [2024-09-28T08:58:03.534+0000] {dag.py:2585} INFO - Sync 1 DAGs
[2024-09-28T08:58:03.726+0000] {logging_mixin.py:120} INFO - [2024-09-28T08:58:03.725+0000] {dag.py:3340} INFO - Setting next_dagrun for producer to 2024-09-28T00:00:00+00:00, run_after=2024-09-29T00:00:00+00:00
[2024-09-28T08:58:04.499+0000] {processor.py:176} INFO - Processing /opt/airflow/dags/producer.py took 1.547 seconds
[2024-09-28T09:13:36.396+0000] {processor.py:154} INFO - Started process (PID=27077) to work on /opt/airflow/dags/producer.py
[2024-09-28T09:13:36.398+0000] {processor.py:756} INFO - Processing file /opt/airflow/dags/producer.py for tasks to queue
[2024-09-28T09:13:36.399+0000] {logging_mixin.py:120} INFO - [2024-09-28T09:13:36.399+0000] {dagbag.py:537} INFO - Filling up the DagBag from /opt/airflow/dags/producer.py
[2024-09-28T09:13:36.428+0000] {processor.py:766} INFO - DAG(s) dict_keys(['producer']) retrieved from /opt/airflow/dags/producer.py
[2024-09-28T09:13:36.480+0000] {logging_mixin.py:120} INFO - [2024-09-28T09:13:36.480+0000] {dag.py:2585} INFO - Sync 1 DAGs
[2024-09-28T09:13:36.727+0000] {logging_mixin.py:120} INFO - [2024-09-28T09:13:36.727+0000] {dag.py:3340} INFO - Setting next_dagrun for producer to 2024-09-28T00:00:00+00:00, run_after=2024-09-29T00:00:00+00:00
[2024-09-28T09:13:36.786+0000] {processor.py:176} INFO - Processing /opt/airflow/dags/producer.py took 0.394 seconds
[2024-09-28T09:14:10.795+0000] {processor.py:154} INFO - Started process (PID=27140) to work on /opt/airflow/dags/producer.py
[2024-09-28T09:14:10.804+0000] {processor.py:756} INFO - Processing file /opt/airflow/dags/producer.py for tasks to queue
[2024-09-28T09:14:10.810+0000] {logging_mixin.py:120} INFO - [2024-09-28T09:14:10.809+0000] {dagbag.py:537} INFO - Filling up the DagBag from /opt/airflow/dags/producer.py
[2024-09-28T09:14:11.006+0000] {processor.py:766} INFO - DAG(s) dict_keys(['producer']) retrieved from /opt/airflow/dags/producer.py
[2024-09-28T09:14:11.291+0000] {logging_mixin.py:120} INFO - [2024-09-28T09:14:11.290+0000] {dag.py:2585} INFO - Sync 1 DAGs
[2024-09-28T09:14:11.501+0000] {logging_mixin.py:120} INFO - [2024-09-28T09:14:11.500+0000] {dag.py:3340} INFO - Setting next_dagrun for producer to 2024-09-28T00:00:00+00:00, run_after=2024-09-29T00:00:00+00:00
[2024-09-28T09:14:11.672+0000] {processor.py:176} INFO - Processing /opt/airflow/dags/producer.py took 0.903 seconds
[2024-09-28T09:14:42.340+0000] {processor.py:154} INFO - Started process (PID=27194) to work on /opt/airflow/dags/producer.py
[2024-09-28T09:14:42.349+0000] {processor.py:756} INFO - Processing file /opt/airflow/dags/producer.py for tasks to queue
[2024-09-28T09:14:42.353+0000] {logging_mixin.py:120} INFO - [2024-09-28T09:14:42.352+0000] {dagbag.py:537} INFO - Filling up the DagBag from /opt/airflow/dags/producer.py
[2024-09-28T09:14:42.558+0000] {processor.py:766} INFO - DAG(s) dict_keys(['producer']) retrieved from /opt/airflow/dags/producer.py
[2024-09-28T09:14:42.831+0000] {logging_mixin.py:120} INFO - [2024-09-28T09:14:42.831+0000] {dag.py:2585} INFO - Sync 1 DAGs
[2024-09-28T09:14:42.989+0000] {logging_mixin.py:120} INFO - [2024-09-28T09:14:42.988+0000] {dag.py:3340} INFO - Setting next_dagrun for producer to 2024-09-28T00:00:00+00:00, run_after=2024-09-29T00:00:00+00:00
[2024-09-28T09:14:43.111+0000] {processor.py:176} INFO - Processing /opt/airflow/dags/producer.py took 0.789 seconds
[2024-09-28T09:15:13.626+0000] {processor.py:154} INFO - Started process (PID=27258) to work on /opt/airflow/dags/producer.py
[2024-09-28T09:15:13.634+0000] {processor.py:756} INFO - Processing file /opt/airflow/dags/producer.py for tasks to queue
[2024-09-28T09:15:13.638+0000] {logging_mixin.py:120} INFO - [2024-09-28T09:15:13.638+0000] {dagbag.py:537} INFO - Filling up the DagBag from /opt/airflow/dags/producer.py
[2024-09-28T09:15:13.777+0000] {processor.py:766} INFO - DAG(s) dict_keys(['producer']) retrieved from /opt/airflow/dags/producer.py
[2024-09-28T09:15:14.014+0000] {logging_mixin.py:120} INFO - [2024-09-28T09:15:14.013+0000] {dag.py:2585} INFO - Sync 1 DAGs
[2024-09-28T09:15:14.178+0000] {logging_mixin.py:120} INFO - [2024-09-28T09:15:14.177+0000] {dag.py:3340} INFO - Setting next_dagrun for producer to 2024-09-28T00:00:00+00:00, run_after=2024-09-29T00:00:00+00:00
[2024-09-28T09:15:14.301+0000] {processor.py:176} INFO - Processing /opt/airflow/dags/producer.py took 0.694 seconds
[2024-09-28T09:15:44.835+0000] {processor.py:154} INFO - Started process (PID=27320) to work on /opt/airflow/dags/producer.py
[2024-09-28T09:15:44.844+0000] {processor.py:756} INFO - Processing file /opt/airflow/dags/producer.py for tasks to queue
[2024-09-28T09:15:44.849+0000] {logging_mixin.py:120} INFO - [2024-09-28T09:15:44.848+0000] {dagbag.py:537} INFO - Filling up the DagBag from /opt/airflow/dags/producer.py
[2024-09-28T09:15:45.064+0000] {processor.py:766} INFO - DAG(s) dict_keys(['producer']) retrieved from /opt/airflow/dags/producer.py
[2024-09-28T09:15:45.451+0000] {logging_mixin.py:120} INFO - [2024-09-28T09:15:45.449+0000] {dag.py:2585} INFO - Sync 1 DAGs
[2024-09-28T09:15:45.650+0000] {logging_mixin.py:120} INFO - [2024-09-28T09:15:45.649+0000] {dag.py:3340} INFO - Setting next_dagrun for producer to 2024-09-28T00:00:00+00:00, run_after=2024-09-29T00:00:00+00:00
[2024-09-28T09:15:46.370+0000] {processor.py:176} INFO - Processing /opt/airflow/dags/producer.py took 1.568 seconds
[2024-09-28T09:16:17.015+0000] {processor.py:154} INFO - Started process (PID=27374) to work on /opt/airflow/dags/producer.py
[2024-09-28T09:16:17.023+0000] {processor.py:756} INFO - Processing file /opt/airflow/dags/producer.py for tasks to queue
[2024-09-28T09:16:17.027+0000] {logging_mixin.py:120} INFO - [2024-09-28T09:16:17.026+0000] {dagbag.py:537} INFO - Filling up the DagBag from /opt/airflow/dags/producer.py
[2024-09-28T09:16:17.151+0000] {processor.py:766} INFO - DAG(s) dict_keys(['producer']) retrieved from /opt/airflow/dags/producer.py
[2024-09-28T09:16:17.331+0000] {logging_mixin.py:120} INFO - [2024-09-28T09:16:17.330+0000] {dag.py:2585} INFO - Sync 1 DAGs
[2024-09-28T09:16:17.987+0000] {logging_mixin.py:120} INFO - [2024-09-28T09:16:17.986+0000] {dag.py:3340} INFO - Setting next_dagrun for producer to 2024-09-28T00:00:00+00:00, run_after=2024-09-29T00:00:00+00:00
[2024-09-28T09:16:18.100+0000] {processor.py:176} INFO - Processing /opt/airflow/dags/producer.py took 1.101 seconds
[2024-09-28T09:16:48.819+0000] {processor.py:154} INFO - Started process (PID=27437) to work on /opt/airflow/dags/producer.py
[2024-09-28T09:16:48.826+0000] {processor.py:756} INFO - Processing file /opt/airflow/dags/producer.py for tasks to queue
[2024-09-28T09:16:48.831+0000] {logging_mixin.py:120} INFO - [2024-09-28T09:16:48.830+0000] {dagbag.py:537} INFO - Filling up the DagBag from /opt/airflow/dags/producer.py
[2024-09-28T09:16:48.967+0000] {processor.py:766} INFO - DAG(s) dict_keys(['producer']) retrieved from /opt/airflow/dags/producer.py
[2024-09-28T09:16:49.154+0000] {logging_mixin.py:120} INFO - [2024-09-28T09:16:49.154+0000] {dag.py:2585} INFO - Sync 1 DAGs
[2024-09-28T09:16:49.278+0000] {logging_mixin.py:120} INFO - [2024-09-28T09:16:49.278+0000] {dag.py:3340} INFO - Setting next_dagrun for producer to 2024-09-28T00:00:00+00:00, run_after=2024-09-29T00:00:00+00:00
[2024-09-28T09:16:49.368+0000] {processor.py:176} INFO - Processing /opt/airflow/dags/producer.py took 0.569 seconds
[2024-09-28T09:33:23.592+0000] {processor.py:154} INFO - Started process (PID=27470) to work on /opt/airflow/dags/producer.py
[2024-09-28T09:33:23.596+0000] {processor.py:756} INFO - Processing file /opt/airflow/dags/producer.py for tasks to queue
[2024-09-28T09:33:23.598+0000] {logging_mixin.py:120} INFO - [2024-09-28T09:33:23.598+0000] {dagbag.py:537} INFO - Filling up the DagBag from /opt/airflow/dags/producer.py
[2024-09-28T09:33:23.663+0000] {processor.py:766} INFO - DAG(s) dict_keys(['producer']) retrieved from /opt/airflow/dags/producer.py
[2024-09-28T09:33:23.767+0000] {logging_mixin.py:120} INFO - [2024-09-28T09:33:23.767+0000] {dag.py:2585} INFO - Sync 1 DAGs
[2024-09-28T09:33:23.846+0000] {logging_mixin.py:120} INFO - [2024-09-28T09:33:23.846+0000] {dag.py:3340} INFO - Setting next_dagrun for producer to 2024-09-28T00:00:00+00:00, run_after=2024-09-29T00:00:00+00:00
[2024-09-28T09:33:23.902+0000] {processor.py:176} INFO - Processing /opt/airflow/dags/producer.py took 0.319 seconds
[2024-09-28T09:33:55.680+0000] {processor.py:154} INFO - Started process (PID=27533) to work on /opt/airflow/dags/producer.py
[2024-09-28T09:33:55.691+0000] {processor.py:756} INFO - Processing file /opt/airflow/dags/producer.py for tasks to queue
[2024-09-28T09:33:55.698+0000] {logging_mixin.py:120} INFO - [2024-09-28T09:33:55.697+0000] {dagbag.py:537} INFO - Filling up the DagBag from /opt/airflow/dags/producer.py
[2024-09-28T09:33:55.871+0000] {processor.py:766} INFO - DAG(s) dict_keys(['producer']) retrieved from /opt/airflow/dags/producer.py
[2024-09-28T09:33:56.189+0000] {logging_mixin.py:120} INFO - [2024-09-28T09:33:56.189+0000] {dag.py:2585} INFO - Sync 1 DAGs
[2024-09-28T09:33:56.426+0000] {logging_mixin.py:120} INFO - [2024-09-28T09:33:56.425+0000] {dag.py:3340} INFO - Setting next_dagrun for producer to 2024-09-28T00:00:00+00:00, run_after=2024-09-29T00:00:00+00:00
[2024-09-28T09:33:56.592+0000] {processor.py:176} INFO - Processing /opt/airflow/dags/producer.py took 0.942 seconds
[2024-09-28T09:34:28.273+0000] {processor.py:154} INFO - Started process (PID=27596) to work on /opt/airflow/dags/producer.py
[2024-09-28T09:34:28.280+0000] {processor.py:756} INFO - Processing file /opt/airflow/dags/producer.py for tasks to queue
[2024-09-28T09:34:28.285+0000] {logging_mixin.py:120} INFO - [2024-09-28T09:34:28.284+0000] {dagbag.py:537} INFO - Filling up the DagBag from /opt/airflow/dags/producer.py
[2024-09-28T09:34:28.431+0000] {processor.py:766} INFO - DAG(s) dict_keys(['producer']) retrieved from /opt/airflow/dags/producer.py
[2024-09-28T09:34:28.687+0000] {logging_mixin.py:120} INFO - [2024-09-28T09:34:28.686+0000] {dag.py:2585} INFO - Sync 1 DAGs
[2024-09-28T09:34:29.387+0000] {logging_mixin.py:120} INFO - [2024-09-28T09:34:29.386+0000] {dag.py:3340} INFO - Setting next_dagrun for producer to 2024-09-28T00:00:00+00:00, run_after=2024-09-29T00:00:00+00:00
[2024-09-28T09:34:29.504+0000] {processor.py:176} INFO - Processing /opt/airflow/dags/producer.py took 1.253 seconds
[2024-09-28T09:35:02.182+0000] {processor.py:154} INFO - Started process (PID=27659) to work on /opt/airflow/dags/producer.py
[2024-09-28T09:35:02.191+0000] {processor.py:756} INFO - Processing file /opt/airflow/dags/producer.py for tasks to queue
[2024-09-28T09:35:02.196+0000] {logging_mixin.py:120} INFO - [2024-09-28T09:35:02.195+0000] {dagbag.py:537} INFO - Filling up the DagBag from /opt/airflow/dags/producer.py
[2024-09-28T09:35:02.354+0000] {processor.py:766} INFO - DAG(s) dict_keys(['producer']) retrieved from /opt/airflow/dags/producer.py
[2024-09-28T09:35:02.614+0000] {logging_mixin.py:120} INFO - [2024-09-28T09:35:02.613+0000] {dag.py:2585} INFO - Sync 1 DAGs
[2024-09-28T09:35:03.451+0000] {logging_mixin.py:120} INFO - [2024-09-28T09:35:03.450+0000] {dag.py:3340} INFO - Setting next_dagrun for producer to 2024-09-28T00:00:00+00:00, run_after=2024-09-29T00:00:00+00:00
[2024-09-28T09:35:03.576+0000] {processor.py:176} INFO - Processing /opt/airflow/dags/producer.py took 1.416 seconds
[2024-09-28T09:35:34.165+0000] {processor.py:154} INFO - Started process (PID=27719) to work on /opt/airflow/dags/producer.py
[2024-09-28T09:35:34.176+0000] {processor.py:756} INFO - Processing file /opt/airflow/dags/producer.py for tasks to queue
[2024-09-28T09:35:34.181+0000] {logging_mixin.py:120} INFO - [2024-09-28T09:35:34.181+0000] {dagbag.py:537} INFO - Filling up the DagBag from /opt/airflow/dags/producer.py
[2024-09-28T09:35:34.370+0000] {processor.py:766} INFO - DAG(s) dict_keys(['producer']) retrieved from /opt/airflow/dags/producer.py
[2024-09-28T09:35:34.689+0000] {logging_mixin.py:120} INFO - [2024-09-28T09:35:34.689+0000] {dag.py:2585} INFO - Sync 1 DAGs
[2024-09-28T09:35:34.902+0000] {logging_mixin.py:120} INFO - [2024-09-28T09:35:34.901+0000] {dag.py:3340} INFO - Setting next_dagrun for producer to 2024-09-28T00:00:00+00:00, run_after=2024-09-29T00:00:00+00:00
[2024-09-28T09:35:35.060+0000] {processor.py:176} INFO - Processing /opt/airflow/dags/producer.py took 0.917 seconds
[2024-09-28T09:36:05.171+0000] {processor.py:154} INFO - Started process (PID=27776) to work on /opt/airflow/dags/producer.py
[2024-09-28T09:36:05.178+0000] {processor.py:756} INFO - Processing file /opt/airflow/dags/producer.py for tasks to queue
[2024-09-28T09:36:05.183+0000] {logging_mixin.py:120} INFO - [2024-09-28T09:36:05.183+0000] {dagbag.py:537} INFO - Filling up the DagBag from /opt/airflow/dags/producer.py
[2024-09-28T09:36:05.294+0000] {processor.py:766} INFO - DAG(s) dict_keys(['producer']) retrieved from /opt/airflow/dags/producer.py
[2024-09-28T09:36:05.481+0000] {logging_mixin.py:120} INFO - [2024-09-28T09:36:05.480+0000] {dag.py:2585} INFO - Sync 1 DAGs
[2024-09-28T09:36:05.603+0000] {logging_mixin.py:120} INFO - [2024-09-28T09:36:05.602+0000] {dag.py:3340} INFO - Setting next_dagrun for producer to 2024-09-28T00:00:00+00:00, run_after=2024-09-29T00:00:00+00:00
[2024-09-28T09:36:05.697+0000] {processor.py:176} INFO - Processing /opt/airflow/dags/producer.py took 0.545 seconds
[2024-09-28T09:36:36.007+0000] {processor.py:154} INFO - Started process (PID=27839) to work on /opt/airflow/dags/producer.py
[2024-09-28T09:36:36.012+0000] {processor.py:756} INFO - Processing file /opt/airflow/dags/producer.py for tasks to queue
[2024-09-28T09:36:36.018+0000] {logging_mixin.py:120} INFO - [2024-09-28T09:36:36.017+0000] {dagbag.py:537} INFO - Filling up the DagBag from /opt/airflow/dags/producer.py
[2024-09-28T09:36:36.116+0000] {processor.py:766} INFO - DAG(s) dict_keys(['producer']) retrieved from /opt/airflow/dags/producer.py
[2024-09-28T09:36:36.289+0000] {logging_mixin.py:120} INFO - [2024-09-28T09:36:36.288+0000] {dag.py:2585} INFO - Sync 1 DAGs
[2024-09-28T09:36:36.404+0000] {logging_mixin.py:120} INFO - [2024-09-28T09:36:36.403+0000] {dag.py:3340} INFO - Setting next_dagrun for producer to 2024-09-28T00:00:00+00:00, run_after=2024-09-29T00:00:00+00:00
[2024-09-28T09:36:36.869+0000] {processor.py:176} INFO - Processing /opt/airflow/dags/producer.py took 0.876 seconds
[2024-09-28T09:53:41.168+0000] {processor.py:154} INFO - Started process (PID=27877) to work on /opt/airflow/dags/producer.py
[2024-09-28T09:53:41.171+0000] {processor.py:756} INFO - Processing file /opt/airflow/dags/producer.py for tasks to queue
[2024-09-28T09:53:41.172+0000] {logging_mixin.py:120} INFO - [2024-09-28T09:53:41.172+0000] {dagbag.py:537} INFO - Filling up the DagBag from /opt/airflow/dags/producer.py
[2024-09-28T09:53:41.215+0000] {processor.py:766} INFO - DAG(s) dict_keys(['producer']) retrieved from /opt/airflow/dags/producer.py
[2024-09-28T09:53:41.286+0000] {logging_mixin.py:120} INFO - [2024-09-28T09:53:41.286+0000] {dag.py:2585} INFO - Sync 1 DAGs
[2024-09-28T09:53:41.529+0000] {logging_mixin.py:120} INFO - [2024-09-28T09:53:41.529+0000] {dag.py:3340} INFO - Setting next_dagrun for producer to 2024-09-28T00:00:00+00:00, run_after=2024-09-29T00:00:00+00:00
[2024-09-28T09:53:41.570+0000] {processor.py:176} INFO - Processing /opt/airflow/dags/producer.py took 0.407 seconds
[2024-09-28T09:54:15.211+0000] {processor.py:154} INFO - Started process (PID=27948) to work on /opt/airflow/dags/producer.py
[2024-09-28T09:54:15.220+0000] {processor.py:756} INFO - Processing file /opt/airflow/dags/producer.py for tasks to queue
[2024-09-28T09:54:15.224+0000] {logging_mixin.py:120} INFO - [2024-09-28T09:54:15.223+0000] {dagbag.py:537} INFO - Filling up the DagBag from /opt/airflow/dags/producer.py
[2024-09-28T09:54:15.380+0000] {processor.py:766} INFO - DAG(s) dict_keys(['producer']) retrieved from /opt/airflow/dags/producer.py
[2024-09-28T09:54:16.236+0000] {logging_mixin.py:120} INFO - [2024-09-28T09:54:16.235+0000] {dag.py:2585} INFO - Sync 1 DAGs
[2024-09-28T09:54:16.527+0000] {logging_mixin.py:120} INFO - [2024-09-28T09:54:16.526+0000] {dag.py:3340} INFO - Setting next_dagrun for producer to 2024-09-28T00:00:00+00:00, run_after=2024-09-29T00:00:00+00:00
[2024-09-28T09:54:16.689+0000] {processor.py:176} INFO - Processing /opt/airflow/dags/producer.py took 1.501 seconds
[2024-09-28T09:54:46.840+0000] {processor.py:154} INFO - Started process (PID=28002) to work on /opt/airflow/dags/producer.py
[2024-09-28T09:54:46.848+0000] {processor.py:756} INFO - Processing file /opt/airflow/dags/producer.py for tasks to queue
[2024-09-28T09:54:46.852+0000] {logging_mixin.py:120} INFO - [2024-09-28T09:54:46.852+0000] {dagbag.py:537} INFO - Filling up the DagBag from /opt/airflow/dags/producer.py
[2024-09-28T09:54:46.999+0000] {processor.py:766} INFO - DAG(s) dict_keys(['producer']) retrieved from /opt/airflow/dags/producer.py
[2024-09-28T09:54:47.231+0000] {logging_mixin.py:120} INFO - [2024-09-28T09:54:47.230+0000] {dag.py:2585} INFO - Sync 1 DAGs
[2024-09-28T09:54:47.385+0000] {logging_mixin.py:120} INFO - [2024-09-28T09:54:47.384+0000] {dag.py:3340} INFO - Setting next_dagrun for producer to 2024-09-28T00:00:00+00:00, run_after=2024-09-29T00:00:00+00:00
[2024-09-28T09:54:47.503+0000] {processor.py:176} INFO - Processing /opt/airflow/dags/producer.py took 0.682 seconds
[2024-09-28T09:55:18.368+0000] {processor.py:154} INFO - Started process (PID=28065) to work on /opt/airflow/dags/producer.py
[2024-09-28T09:55:18.378+0000] {processor.py:756} INFO - Processing file /opt/airflow/dags/producer.py for tasks to queue
[2024-09-28T09:55:18.384+0000] {logging_mixin.py:120} INFO - [2024-09-28T09:55:18.383+0000] {dagbag.py:537} INFO - Filling up the DagBag from /opt/airflow/dags/producer.py
[2024-09-28T09:55:18.575+0000] {processor.py:766} INFO - DAG(s) dict_keys(['producer']) retrieved from /opt/airflow/dags/producer.py
[2024-09-28T09:55:18.833+0000] {logging_mixin.py:120} INFO - [2024-09-28T09:55:18.832+0000] {dag.py:2585} INFO - Sync 1 DAGs
[2024-09-28T09:55:19.108+0000] {logging_mixin.py:120} INFO - [2024-09-28T09:55:19.107+0000] {dag.py:3340} INFO - Setting next_dagrun for producer to 2024-09-28T00:00:00+00:00, run_after=2024-09-29T00:00:00+00:00
[2024-09-28T09:55:19.243+0000] {processor.py:176} INFO - Processing /opt/airflow/dags/producer.py took 0.898 seconds
[2024-09-28T09:55:52.816+0000] {processor.py:154} INFO - Started process (PID=28128) to work on /opt/airflow/dags/producer.py
[2024-09-28T09:55:52.826+0000] {processor.py:756} INFO - Processing file /opt/airflow/dags/producer.py for tasks to queue
[2024-09-28T09:55:52.836+0000] {logging_mixin.py:120} INFO - [2024-09-28T09:55:52.834+0000] {dagbag.py:537} INFO - Filling up the DagBag from /opt/airflow/dags/producer.py
[2024-09-28T09:55:53.021+0000] {processor.py:766} INFO - DAG(s) dict_keys(['producer']) retrieved from /opt/airflow/dags/producer.py
[2024-09-28T09:55:53.339+0000] {logging_mixin.py:120} INFO - [2024-09-28T09:55:53.338+0000] {dag.py:2585} INFO - Sync 1 DAGs
[2024-09-28T09:55:54.176+0000] {logging_mixin.py:120} INFO - [2024-09-28T09:55:54.175+0000] {dag.py:3340} INFO - Setting next_dagrun for producer to 2024-09-28T00:00:00+00:00, run_after=2024-09-29T00:00:00+00:00
[2024-09-28T09:55:54.340+0000] {processor.py:176} INFO - Processing /opt/airflow/dags/producer.py took 1.549 seconds
[2024-09-28T09:56:24.708+0000] {processor.py:154} INFO - Started process (PID=28181) to work on /opt/airflow/dags/producer.py
[2024-09-28T09:56:24.715+0000] {processor.py:756} INFO - Processing file /opt/airflow/dags/producer.py for tasks to queue
[2024-09-28T09:56:24.718+0000] {logging_mixin.py:120} INFO - [2024-09-28T09:56:24.718+0000] {dagbag.py:537} INFO - Filling up the DagBag from /opt/airflow/dags/producer.py
[2024-09-28T09:56:24.821+0000] {processor.py:766} INFO - DAG(s) dict_keys(['producer']) retrieved from /opt/airflow/dags/producer.py
[2024-09-28T09:56:25.001+0000] {logging_mixin.py:120} INFO - [2024-09-28T09:56:25.001+0000] {dag.py:2585} INFO - Sync 1 DAGs
[2024-09-28T09:56:25.528+0000] {logging_mixin.py:120} INFO - [2024-09-28T09:56:25.528+0000] {dag.py:3340} INFO - Setting next_dagrun for producer to 2024-09-28T00:00:00+00:00, run_after=2024-09-29T00:00:00+00:00
[2024-09-28T09:56:25.611+0000] {processor.py:176} INFO - Processing /opt/airflow/dags/producer.py took 0.922 seconds
[2024-09-28T09:56:56.160+0000] {processor.py:154} INFO - Started process (PID=28244) to work on /opt/airflow/dags/producer.py
[2024-09-28T09:56:56.168+0000] {processor.py:756} INFO - Processing file /opt/airflow/dags/producer.py for tasks to queue
[2024-09-28T09:56:56.173+0000] {logging_mixin.py:120} INFO - [2024-09-28T09:56:56.172+0000] {dagbag.py:537} INFO - Filling up the DagBag from /opt/airflow/dags/producer.py
[2024-09-28T09:56:56.305+0000] {processor.py:766} INFO - DAG(s) dict_keys(['producer']) retrieved from /opt/airflow/dags/producer.py
[2024-09-28T09:56:56.483+0000] {logging_mixin.py:120} INFO - [2024-09-28T09:56:56.483+0000] {dag.py:2585} INFO - Sync 1 DAGs
[2024-09-28T09:56:56.608+0000] {logging_mixin.py:120} INFO - [2024-09-28T09:56:56.607+0000] {dag.py:3340} INFO - Setting next_dagrun for producer to 2024-09-28T00:00:00+00:00, run_after=2024-09-29T00:00:00+00:00
[2024-09-28T09:56:56.703+0000] {processor.py:176} INFO - Processing /opt/airflow/dags/producer.py took 0.564 seconds
[2024-09-28T09:57:27.133+0000] {processor.py:154} INFO - Started process (PID=28308) to work on /opt/airflow/dags/producer.py
[2024-09-28T09:57:27.140+0000] {processor.py:756} INFO - Processing file /opt/airflow/dags/producer.py for tasks to queue
[2024-09-28T09:57:27.144+0000] {logging_mixin.py:120} INFO - [2024-09-28T09:57:27.143+0000] {dagbag.py:537} INFO - Filling up the DagBag from /opt/airflow/dags/producer.py
[2024-09-28T09:57:27.276+0000] {processor.py:766} INFO - DAG(s) dict_keys(['producer']) retrieved from /opt/airflow/dags/producer.py
[2024-09-28T09:57:27.465+0000] {logging_mixin.py:120} INFO - [2024-09-28T09:57:27.464+0000] {dag.py:2585} INFO - Sync 1 DAGs
[2024-09-28T09:57:27.590+0000] {logging_mixin.py:120} INFO - [2024-09-28T09:57:27.589+0000] {dag.py:3340} INFO - Setting next_dagrun for producer to 2024-09-28T00:00:00+00:00, run_after=2024-09-29T00:00:00+00:00
[2024-09-28T09:57:27.683+0000] {processor.py:176} INFO - Processing /opt/airflow/dags/producer.py took 0.566 seconds
[2024-09-28T09:57:58.025+0000] {processor.py:154} INFO - Started process (PID=28371) to work on /opt/airflow/dags/producer.py
[2024-09-28T09:57:58.031+0000] {processor.py:756} INFO - Processing file /opt/airflow/dags/producer.py for tasks to queue
[2024-09-28T09:57:58.035+0000] {logging_mixin.py:120} INFO - [2024-09-28T09:57:58.034+0000] {dagbag.py:537} INFO - Filling up the DagBag from /opt/airflow/dags/producer.py
[2024-09-28T09:57:58.136+0000] {processor.py:766} INFO - DAG(s) dict_keys(['producer']) retrieved from /opt/airflow/dags/producer.py
[2024-09-28T09:57:58.297+0000] {logging_mixin.py:120} INFO - [2024-09-28T09:57:58.297+0000] {dag.py:2585} INFO - Sync 1 DAGs
[2024-09-28T09:57:58.412+0000] {logging_mixin.py:120} INFO - [2024-09-28T09:57:58.412+0000] {dag.py:3340} INFO - Setting next_dagrun for producer to 2024-09-28T00:00:00+00:00, run_after=2024-09-29T00:00:00+00:00
[2024-09-28T09:57:58.890+0000] {processor.py:176} INFO - Processing /opt/airflow/dags/producer.py took 0.878 seconds
[2024-09-28T09:58:30.757+0000] {processor.py:154} INFO - Started process (PID=28434) to work on /opt/airflow/dags/producer.py
[2024-09-28T09:58:30.760+0000] {processor.py:756} INFO - Processing file /opt/airflow/dags/producer.py for tasks to queue
[2024-09-28T09:58:30.762+0000] {logging_mixin.py:120} INFO - [2024-09-28T09:58:30.761+0000] {dagbag.py:537} INFO - Filling up the DagBag from /opt/airflow/dags/producer.py
[2024-09-28T09:58:30.810+0000] {processor.py:766} INFO - DAG(s) dict_keys(['producer']) retrieved from /opt/airflow/dags/producer.py
[2024-09-28T09:58:30.896+0000] {logging_mixin.py:120} INFO - [2024-09-28T09:58:30.896+0000] {dag.py:2585} INFO - Sync 1 DAGs
[2024-09-28T09:58:31.121+0000] {logging_mixin.py:120} INFO - [2024-09-28T09:58:31.120+0000] {dag.py:3340} INFO - Setting next_dagrun for producer to 2024-09-28T00:00:00+00:00, run_after=2024-09-29T00:00:00+00:00
[2024-09-28T09:58:31.156+0000] {processor.py:176} INFO - Processing /opt/airflow/dags/producer.py took 0.406 seconds
[2024-09-28T10:16:33.942+0000] {processor.py:154} INFO - Started process (PID=28458) to work on /opt/airflow/dags/producer.py
[2024-09-28T10:16:33.956+0000] {processor.py:756} INFO - Processing file /opt/airflow/dags/producer.py for tasks to queue
[2024-09-28T10:16:33.964+0000] {logging_mixin.py:120} INFO - [2024-09-28T10:16:33.962+0000] {dagbag.py:537} INFO - Filling up the DagBag from /opt/airflow/dags/producer.py
[2024-09-28T10:16:34.216+0000] {processor.py:766} INFO - DAG(s) dict_keys(['producer']) retrieved from /opt/airflow/dags/producer.py
[2024-09-28T10:16:34.586+0000] {logging_mixin.py:120} INFO - [2024-09-28T10:16:34.585+0000] {dag.py:2585} INFO - Sync 1 DAGs
[2024-09-28T10:16:35.694+0000] {logging_mixin.py:120} INFO - [2024-09-28T10:16:35.692+0000] {dag.py:3340} INFO - Setting next_dagrun for producer to 2024-09-28T00:00:00+00:00, run_after=2024-09-29T00:00:00+00:00
[2024-09-28T10:16:35.877+0000] {processor.py:176} INFO - Processing /opt/airflow/dags/producer.py took 1.965 seconds
[2024-09-28T10:17:17.280+0000] {processor.py:154} INFO - Started process (PID=28523) to work on /opt/airflow/dags/producer.py
[2024-09-28T10:17:17.291+0000] {processor.py:756} INFO - Processing file /opt/airflow/dags/producer.py for tasks to queue
[2024-09-28T10:17:17.297+0000] {logging_mixin.py:120} INFO - [2024-09-28T10:17:17.296+0000] {dagbag.py:537} INFO - Filling up the DagBag from /opt/airflow/dags/producer.py
[2024-09-28T10:17:17.550+0000] {processor.py:766} INFO - DAG(s) dict_keys(['producer']) retrieved from /opt/airflow/dags/producer.py
[2024-09-28T10:17:17.931+0000] {logging_mixin.py:120} INFO - [2024-09-28T10:17:17.930+0000] {dag.py:2585} INFO - Sync 1 DAGs
[2024-09-28T10:17:18.167+0000] {logging_mixin.py:120} INFO - [2024-09-28T10:17:18.166+0000] {dag.py:3340} INFO - Setting next_dagrun for producer to 2024-09-28T00:00:00+00:00, run_after=2024-09-29T00:00:00+00:00
[2024-09-28T10:17:18.329+0000] {processor.py:176} INFO - Processing /opt/airflow/dags/producer.py took 1.073 seconds
[2024-09-28T10:17:48.938+0000] {processor.py:154} INFO - Started process (PID=28577) to work on /opt/airflow/dags/producer.py
[2024-09-28T10:17:48.946+0000] {processor.py:756} INFO - Processing file /opt/airflow/dags/producer.py for tasks to queue
[2024-09-28T10:17:48.951+0000] {logging_mixin.py:120} INFO - [2024-09-28T10:17:48.950+0000] {dagbag.py:537} INFO - Filling up the DagBag from /opt/airflow/dags/producer.py
[2024-09-28T10:17:49.093+0000] {processor.py:766} INFO - DAG(s) dict_keys(['producer']) retrieved from /opt/airflow/dags/producer.py
[2024-09-28T10:17:49.332+0000] {logging_mixin.py:120} INFO - [2024-09-28T10:17:49.332+0000] {dag.py:2585} INFO - Sync 1 DAGs
[2024-09-28T10:17:49.502+0000] {logging_mixin.py:120} INFO - [2024-09-28T10:17:49.501+0000] {dag.py:3340} INFO - Setting next_dagrun for producer to 2024-09-28T00:00:00+00:00, run_after=2024-09-29T00:00:00+00:00
[2024-09-28T10:17:49.634+0000] {processor.py:176} INFO - Processing /opt/airflow/dags/producer.py took 0.713 seconds
[2024-09-28T10:18:22.154+0000] {processor.py:154} INFO - Started process (PID=28640) to work on /opt/airflow/dags/producer.py
[2024-09-28T10:18:22.163+0000] {processor.py:756} INFO - Processing file /opt/airflow/dags/producer.py for tasks to queue
[2024-09-28T10:18:22.167+0000] {logging_mixin.py:120} INFO - [2024-09-28T10:18:22.166+0000] {dagbag.py:537} INFO - Filling up the DagBag from /opt/airflow/dags/producer.py
[2024-09-28T10:18:22.321+0000] {processor.py:766} INFO - DAG(s) dict_keys(['producer']) retrieved from /opt/airflow/dags/producer.py
[2024-09-28T10:18:22.554+0000] {logging_mixin.py:120} INFO - [2024-09-28T10:18:22.553+0000] {dag.py:2585} INFO - Sync 1 DAGs
[2024-09-28T10:18:22.723+0000] {logging_mixin.py:120} INFO - [2024-09-28T10:18:22.722+0000] {dag.py:3340} INFO - Setting next_dagrun for producer to 2024-09-28T00:00:00+00:00, run_after=2024-09-29T00:00:00+00:00
[2024-09-28T10:18:23.521+0000] {processor.py:176} INFO - Processing /opt/airflow/dags/producer.py took 1.394 seconds
[2024-09-28T10:18:56.773+0000] {processor.py:154} INFO - Started process (PID=28701) to work on /opt/airflow/dags/producer.py
[2024-09-28T10:18:56.785+0000] {processor.py:756} INFO - Processing file /opt/airflow/dags/producer.py for tasks to queue
[2024-09-28T10:18:56.793+0000] {logging_mixin.py:120} INFO - [2024-09-28T10:18:56.792+0000] {dagbag.py:537} INFO - Filling up the DagBag from /opt/airflow/dags/producer.py
[2024-09-28T10:18:57.019+0000] {processor.py:766} INFO - DAG(s) dict_keys(['producer']) retrieved from /opt/airflow/dags/producer.py
[2024-09-28T10:18:57.379+0000] {logging_mixin.py:120} INFO - [2024-09-28T10:18:57.378+0000] {dag.py:2585} INFO - Sync 1 DAGs
[2024-09-28T10:18:58.181+0000] {logging_mixin.py:120} INFO - [2024-09-28T10:18:58.180+0000] {dag.py:3340} INFO - Setting next_dagrun for producer to 2024-09-28T00:00:00+00:00, run_after=2024-09-29T00:00:00+00:00
[2024-09-28T10:18:58.393+0000] {processor.py:176} INFO - Processing /opt/airflow/dags/producer.py took 1.649 seconds
[2024-09-28T10:19:30.629+0000] {processor.py:154} INFO - Started process (PID=28762) to work on /opt/airflow/dags/producer.py
[2024-09-28T10:19:30.641+0000] {processor.py:756} INFO - Processing file /opt/airflow/dags/producer.py for tasks to queue
[2024-09-28T10:19:30.647+0000] {logging_mixin.py:120} INFO - [2024-09-28T10:19:30.646+0000] {dagbag.py:537} INFO - Filling up the DagBag from /opt/airflow/dags/producer.py
[2024-09-28T10:19:30.814+0000] {processor.py:766} INFO - DAG(s) dict_keys(['producer']) retrieved from /opt/airflow/dags/producer.py
[2024-09-28T10:19:31.065+0000] {logging_mixin.py:120} INFO - [2024-09-28T10:19:31.065+0000] {dag.py:2585} INFO - Sync 1 DAGs
[2024-09-28T10:19:31.303+0000] {logging_mixin.py:120} INFO - [2024-09-28T10:19:31.302+0000] {dag.py:3340} INFO - Setting next_dagrun for producer to 2024-09-28T00:00:00+00:00, run_after=2024-09-29T00:00:00+00:00
[2024-09-28T10:19:31.475+0000] {processor.py:176} INFO - Processing /opt/airflow/dags/producer.py took 0.871 seconds
[2024-09-28T10:20:01.650+0000] {processor.py:154} INFO - Started process (PID=28817) to work on /opt/airflow/dags/producer.py
[2024-09-28T10:20:01.655+0000] {processor.py:756} INFO - Processing file /opt/airflow/dags/producer.py for tasks to queue
[2024-09-28T10:20:01.659+0000] {logging_mixin.py:120} INFO - [2024-09-28T10:20:01.658+0000] {dagbag.py:537} INFO - Filling up the DagBag from /opt/airflow/dags/producer.py
[2024-09-28T10:20:01.769+0000] {processor.py:766} INFO - DAG(s) dict_keys(['producer']) retrieved from /opt/airflow/dags/producer.py
[2024-09-28T10:20:02.028+0000] {logging_mixin.py:120} INFO - [2024-09-28T10:20:02.027+0000] {dag.py:2585} INFO - Sync 1 DAGs
[2024-09-28T10:20:02.179+0000] {logging_mixin.py:120} INFO - [2024-09-28T10:20:02.179+0000] {dag.py:3340} INFO - Setting next_dagrun for producer to 2024-09-28T00:00:00+00:00, run_after=2024-09-29T00:00:00+00:00
[2024-09-28T10:20:02.283+0000] {processor.py:176} INFO - Processing /opt/airflow/dags/producer.py took 0.649 seconds
[2024-09-28T10:20:33.280+0000] {processor.py:154} INFO - Started process (PID=28880) to work on /opt/airflow/dags/producer.py
[2024-09-28T10:20:33.287+0000] {processor.py:756} INFO - Processing file /opt/airflow/dags/producer.py for tasks to queue
[2024-09-28T10:20:33.291+0000] {logging_mixin.py:120} INFO - [2024-09-28T10:20:33.290+0000] {dagbag.py:537} INFO - Filling up the DagBag from /opt/airflow/dags/producer.py
[2024-09-28T10:20:33.404+0000] {processor.py:766} INFO - DAG(s) dict_keys(['producer']) retrieved from /opt/airflow/dags/producer.py
[2024-09-28T10:20:33.607+0000] {logging_mixin.py:120} INFO - [2024-09-28T10:20:33.606+0000] {dag.py:2585} INFO - Sync 1 DAGs
[2024-09-28T10:20:33.746+0000] {logging_mixin.py:120} INFO - [2024-09-28T10:20:33.745+0000] {dag.py:3340} INFO - Setting next_dagrun for producer to 2024-09-28T00:00:00+00:00, run_after=2024-09-29T00:00:00+00:00
[2024-09-28T10:20:34.255+0000] {processor.py:176} INFO - Processing /opt/airflow/dags/producer.py took 0.991 seconds
[2024-09-28T10:21:05.020+0000] {processor.py:154} INFO - Started process (PID=28942) to work on /opt/airflow/dags/producer.py
[2024-09-28T10:21:05.027+0000] {processor.py:756} INFO - Processing file /opt/airflow/dags/producer.py for tasks to queue
[2024-09-28T10:21:05.033+0000] {logging_mixin.py:120} INFO - [2024-09-28T10:21:05.032+0000] {dagbag.py:537} INFO - Filling up the DagBag from /opt/airflow/dags/producer.py
[2024-09-28T10:21:05.154+0000] {processor.py:766} INFO - DAG(s) dict_keys(['producer']) retrieved from /opt/airflow/dags/producer.py
[2024-09-28T10:21:05.337+0000] {logging_mixin.py:120} INFO - [2024-09-28T10:21:05.337+0000] {dag.py:2585} INFO - Sync 1 DAGs
[2024-09-28T10:21:05.859+0000] {logging_mixin.py:120} INFO - [2024-09-28T10:21:05.859+0000] {dag.py:3340} INFO - Setting next_dagrun for producer to 2024-09-28T00:00:00+00:00, run_after=2024-09-29T00:00:00+00:00
[2024-09-28T10:21:05.943+0000] {processor.py:176} INFO - Processing /opt/airflow/dags/producer.py took 0.940 seconds
[2024-09-28T10:21:36.054+0000] {processor.py:154} INFO - Started process (PID=29005) to work on /opt/airflow/dags/producer.py
[2024-09-28T10:21:36.062+0000] {processor.py:756} INFO - Processing file /opt/airflow/dags/producer.py for tasks to queue
[2024-09-28T10:21:36.099+0000] {logging_mixin.py:120} INFO - [2024-09-28T10:21:36.099+0000] {dagbag.py:537} INFO - Filling up the DagBag from /opt/airflow/dags/producer.py
[2024-09-28T10:21:36.177+0000] {processor.py:766} INFO - DAG(s) dict_keys(['producer']) retrieved from /opt/airflow/dags/producer.py
[2024-09-28T10:21:36.625+0000] {logging_mixin.py:120} INFO - [2024-09-28T10:21:36.625+0000] {dag.py:2585} INFO - Sync 1 DAGs
[2024-09-28T10:21:36.714+0000] {logging_mixin.py:120} INFO - [2024-09-28T10:21:36.714+0000] {dag.py:3340} INFO - Setting next_dagrun for producer to 2024-09-28T00:00:00+00:00, run_after=2024-09-29T00:00:00+00:00
[2024-09-28T10:21:36.792+0000] {processor.py:176} INFO - Processing /opt/airflow/dags/producer.py took 0.749 seconds
[2024-09-28T10:22:06.910+0000] {processor.py:154} INFO - Started process (PID=29068) to work on /opt/airflow/dags/producer.py
[2024-09-28T10:22:06.915+0000] {processor.py:756} INFO - Processing file /opt/airflow/dags/producer.py for tasks to queue
[2024-09-28T10:22:06.918+0000] {logging_mixin.py:120} INFO - [2024-09-28T10:22:06.918+0000] {dagbag.py:537} INFO - Filling up the DagBag from /opt/airflow/dags/producer.py
[2024-09-28T10:22:07.019+0000] {processor.py:766} INFO - DAG(s) dict_keys(['producer']) retrieved from /opt/airflow/dags/producer.py
[2024-09-28T10:22:07.165+0000] {logging_mixin.py:120} INFO - [2024-09-28T10:22:07.164+0000] {dag.py:2585} INFO - Sync 1 DAGs
[2024-09-28T10:22:07.256+0000] {logging_mixin.py:120} INFO - [2024-09-28T10:22:07.256+0000] {dag.py:3340} INFO - Setting next_dagrun for producer to 2024-09-28T00:00:00+00:00, run_after=2024-09-29T00:00:00+00:00
[2024-09-28T10:22:07.328+0000] {processor.py:176} INFO - Processing /opt/airflow/dags/producer.py took 0.432 seconds
[2024-09-28T10:22:38.531+0000] {processor.py:154} INFO - Started process (PID=29131) to work on /opt/airflow/dags/producer.py
[2024-09-28T10:22:38.537+0000] {processor.py:756} INFO - Processing file /opt/airflow/dags/producer.py for tasks to queue
[2024-09-28T10:22:38.540+0000] {logging_mixin.py:120} INFO - [2024-09-28T10:22:38.540+0000] {dagbag.py:537} INFO - Filling up the DagBag from /opt/airflow/dags/producer.py
[2024-09-28T10:22:38.645+0000] {processor.py:766} INFO - DAG(s) dict_keys(['producer']) retrieved from /opt/airflow/dags/producer.py
[2024-09-28T10:22:38.818+0000] {logging_mixin.py:120} INFO - [2024-09-28T10:22:38.817+0000] {dag.py:2585} INFO - Sync 1 DAGs
[2024-09-28T10:22:38.943+0000] {logging_mixin.py:120} INFO - [2024-09-28T10:22:38.943+0000] {dag.py:3340} INFO - Setting next_dagrun for producer to 2024-09-28T00:00:00+00:00, run_after=2024-09-29T00:00:00+00:00
[2024-09-28T10:22:39.409+0000] {processor.py:176} INFO - Processing /opt/airflow/dags/producer.py took 0.892 seconds
[2024-09-28T10:23:12.383+0000] {processor.py:154} INFO - Started process (PID=29203) to work on /opt/airflow/dags/producer.py
[2024-09-28T10:23:12.389+0000] {processor.py:756} INFO - Processing file /opt/airflow/dags/producer.py for tasks to queue
[2024-09-28T10:23:12.392+0000] {logging_mixin.py:120} INFO - [2024-09-28T10:23:12.392+0000] {dagbag.py:537} INFO - Filling up the DagBag from /opt/airflow/dags/producer.py
[2024-09-28T10:23:12.495+0000] {processor.py:766} INFO - DAG(s) dict_keys(['producer']) retrieved from /opt/airflow/dags/producer.py
[2024-09-28T10:23:12.659+0000] {logging_mixin.py:120} INFO - [2024-09-28T10:23:12.659+0000] {dag.py:2585} INFO - Sync 1 DAGs
[2024-09-28T10:23:13.168+0000] {logging_mixin.py:120} INFO - [2024-09-28T10:23:13.167+0000] {dag.py:3340} INFO - Setting next_dagrun for producer to 2024-09-28T00:00:00+00:00, run_after=2024-09-29T00:00:00+00:00
[2024-09-28T10:23:13.246+0000] {processor.py:176} INFO - Processing /opt/airflow/dags/producer.py took 0.881 seconds
[2024-09-28T10:23:43.660+0000] {processor.py:154} INFO - Started process (PID=29266) to work on /opt/airflow/dags/producer.py
[2024-09-28T10:23:43.666+0000] {processor.py:756} INFO - Processing file /opt/airflow/dags/producer.py for tasks to queue
[2024-09-28T10:23:43.669+0000] {logging_mixin.py:120} INFO - [2024-09-28T10:23:43.669+0000] {dagbag.py:537} INFO - Filling up the DagBag from /opt/airflow/dags/producer.py
[2024-09-28T10:23:43.769+0000] {processor.py:766} INFO - DAG(s) dict_keys(['producer']) retrieved from /opt/airflow/dags/producer.py
[2024-09-28T10:23:44.276+0000] {logging_mixin.py:120} INFO - [2024-09-28T10:23:44.276+0000] {dag.py:2585} INFO - Sync 1 DAGs
[2024-09-28T10:23:44.367+0000] {logging_mixin.py:120} INFO - [2024-09-28T10:23:44.366+0000] {dag.py:3340} INFO - Setting next_dagrun for producer to 2024-09-28T00:00:00+00:00, run_after=2024-09-29T00:00:00+00:00
[2024-09-28T10:23:44.439+0000] {processor.py:176} INFO - Processing /opt/airflow/dags/producer.py took 0.795 seconds
[2024-09-28T10:24:14.595+0000] {processor.py:154} INFO - Started process (PID=29327) to work on /opt/airflow/dags/producer.py
[2024-09-28T10:24:14.600+0000] {processor.py:756} INFO - Processing file /opt/airflow/dags/producer.py for tasks to queue
[2024-09-28T10:24:14.603+0000] {logging_mixin.py:120} INFO - [2024-09-28T10:24:14.602+0000] {dagbag.py:537} INFO - Filling up the DagBag from /opt/airflow/dags/producer.py
[2024-09-28T10:24:14.691+0000] {processor.py:766} INFO - DAG(s) dict_keys(['producer']) retrieved from /opt/airflow/dags/producer.py
[2024-09-28T10:24:14.828+0000] {logging_mixin.py:120} INFO - [2024-09-28T10:24:14.827+0000] {dag.py:2585} INFO - Sync 1 DAGs
[2024-09-28T10:24:14.920+0000] {logging_mixin.py:120} INFO - [2024-09-28T10:24:14.919+0000] {dag.py:3340} INFO - Setting next_dagrun for producer to 2024-09-28T00:00:00+00:00, run_after=2024-09-29T00:00:00+00:00
[2024-09-28T10:24:14.988+0000] {processor.py:176} INFO - Processing /opt/airflow/dags/producer.py took 0.404 seconds
[2024-09-28T10:24:45.098+0000] {processor.py:154} INFO - Started process (PID=29390) to work on /opt/airflow/dags/producer.py
[2024-09-28T10:24:45.100+0000] {processor.py:756} INFO - Processing file /opt/airflow/dags/producer.py for tasks to queue
[2024-09-28T10:24:45.101+0000] {logging_mixin.py:120} INFO - [2024-09-28T10:24:45.101+0000] {dagbag.py:537} INFO - Filling up the DagBag from /opt/airflow/dags/producer.py
[2024-09-28T10:24:45.136+0000] {processor.py:766} INFO - DAG(s) dict_keys(['producer']) retrieved from /opt/airflow/dags/producer.py
[2024-09-28T10:24:45.191+0000] {logging_mixin.py:120} INFO - [2024-09-28T10:24:45.191+0000] {dag.py:2585} INFO - Sync 1 DAGs
[2024-09-28T10:24:45.225+0000] {logging_mixin.py:120} INFO - [2024-09-28T10:24:45.225+0000] {dag.py:3340} INFO - Setting next_dagrun for producer to 2024-09-28T00:00:00+00:00, run_after=2024-09-29T00:00:00+00:00
[2024-09-28T10:24:45.382+0000] {processor.py:176} INFO - Processing /opt/airflow/dags/producer.py took 0.289 seconds
[2024-09-28T10:42:03.732+0000] {processor.py:154} INFO - Started process (PID=29422) to work on /opt/airflow/dags/producer.py
[2024-09-28T10:42:03.745+0000] {processor.py:756} INFO - Processing file /opt/airflow/dags/producer.py for tasks to queue
[2024-09-28T10:42:03.752+0000] {logging_mixin.py:120} INFO - [2024-09-28T10:42:03.751+0000] {dagbag.py:537} INFO - Filling up the DagBag from /opt/airflow/dags/producer.py
[2024-09-28T10:42:03.961+0000] {processor.py:766} INFO - DAG(s) dict_keys(['producer']) retrieved from /opt/airflow/dags/producer.py
[2024-09-28T10:42:04.354+0000] {logging_mixin.py:120} INFO - [2024-09-28T10:42:04.353+0000] {dag.py:2585} INFO - Sync 1 DAGs
[2024-09-28T10:42:05.457+0000] {logging_mixin.py:120} INFO - [2024-09-28T10:42:05.455+0000] {dag.py:3340} INFO - Setting next_dagrun for producer to 2024-09-28T00:00:00+00:00, run_after=2024-09-29T00:00:00+00:00
[2024-09-28T10:42:05.695+0000] {processor.py:176} INFO - Processing /opt/airflow/dags/producer.py took 1.993 seconds
[2024-09-28T10:42:50.777+0000] {processor.py:154} INFO - Started process (PID=29484) to work on /opt/airflow/dags/producer.py
[2024-09-28T10:42:50.786+0000] {processor.py:756} INFO - Processing file /opt/airflow/dags/producer.py for tasks to queue
[2024-09-28T10:42:50.793+0000] {logging_mixin.py:120} INFO - [2024-09-28T10:42:50.792+0000] {dagbag.py:537} INFO - Filling up the DagBag from /opt/airflow/dags/producer.py
[2024-09-28T10:42:50.984+0000] {processor.py:766} INFO - DAG(s) dict_keys(['producer']) retrieved from /opt/airflow/dags/producer.py
[2024-09-28T10:42:51.336+0000] {logging_mixin.py:120} INFO - [2024-09-28T10:42:51.335+0000] {dag.py:2585} INFO - Sync 1 DAGs
[2024-09-28T10:42:52.329+0000] {logging_mixin.py:120} INFO - [2024-09-28T10:42:52.328+0000] {dag.py:3340} INFO - Setting next_dagrun for producer to 2024-09-28T00:00:00+00:00, run_after=2024-09-29T00:00:00+00:00
[2024-09-28T10:42:52.492+0000] {processor.py:176} INFO - Processing /opt/airflow/dags/producer.py took 1.741 seconds
[2024-09-28T10:43:25.802+0000] {processor.py:154} INFO - Started process (PID=29547) to work on /opt/airflow/dags/producer.py
[2024-09-28T10:43:25.811+0000] {processor.py:756} INFO - Processing file /opt/airflow/dags/producer.py for tasks to queue
[2024-09-28T10:43:25.815+0000] {logging_mixin.py:120} INFO - [2024-09-28T10:43:25.814+0000] {dagbag.py:537} INFO - Filling up the DagBag from /opt/airflow/dags/producer.py
[2024-09-28T10:43:25.984+0000] {processor.py:766} INFO - DAG(s) dict_keys(['producer']) retrieved from /opt/airflow/dags/producer.py
[2024-09-28T10:43:26.220+0000] {logging_mixin.py:120} INFO - [2024-09-28T10:43:26.219+0000] {dag.py:2585} INFO - Sync 1 DAGs
[2024-09-28T10:43:26.378+0000] {logging_mixin.py:120} INFO - [2024-09-28T10:43:26.377+0000] {dag.py:3340} INFO - Setting next_dagrun for producer to 2024-09-28T00:00:00+00:00, run_after=2024-09-29T00:00:00+00:00
[2024-09-28T10:43:26.500+0000] {processor.py:176} INFO - Processing /opt/airflow/dags/producer.py took 0.725 seconds
[2024-09-28T10:43:57.931+0000] {processor.py:154} INFO - Started process (PID=29610) to work on /opt/airflow/dags/producer.py
[2024-09-28T10:43:57.941+0000] {processor.py:756} INFO - Processing file /opt/airflow/dags/producer.py for tasks to queue
[2024-09-28T10:43:57.946+0000] {logging_mixin.py:120} INFO - [2024-09-28T10:43:57.945+0000] {dagbag.py:537} INFO - Filling up the DagBag from /opt/airflow/dags/producer.py
[2024-09-28T10:43:58.140+0000] {processor.py:766} INFO - DAG(s) dict_keys(['producer']) retrieved from /opt/airflow/dags/producer.py
[2024-09-28T10:43:58.451+0000] {logging_mixin.py:120} INFO - [2024-09-28T10:43:58.450+0000] {dag.py:2585} INFO - Sync 1 DAGs
[2024-09-28T10:43:58.677+0000] {logging_mixin.py:120} INFO - [2024-09-28T10:43:58.675+0000] {dag.py:3340} INFO - Setting next_dagrun for producer to 2024-09-28T00:00:00+00:00, run_after=2024-09-29T00:00:00+00:00
[2024-09-28T10:43:58.877+0000] {processor.py:176} INFO - Processing /opt/airflow/dags/producer.py took 0.971 seconds
[2024-09-28T10:44:29.661+0000] {processor.py:154} INFO - Started process (PID=29671) to work on /opt/airflow/dags/producer.py
[2024-09-28T10:44:29.672+0000] {processor.py:756} INFO - Processing file /opt/airflow/dags/producer.py for tasks to queue
[2024-09-28T10:44:29.677+0000] {logging_mixin.py:120} INFO - [2024-09-28T10:44:29.676+0000] {dagbag.py:537} INFO - Filling up the DagBag from /opt/airflow/dags/producer.py
[2024-09-28T10:44:29.855+0000] {processor.py:766} INFO - DAG(s) dict_keys(['producer']) retrieved from /opt/airflow/dags/producer.py
[2024-09-28T10:44:30.183+0000] {logging_mixin.py:120} INFO - [2024-09-28T10:44:30.182+0000] {dag.py:2585} INFO - Sync 1 DAGs
[2024-09-28T10:44:31.078+0000] {logging_mixin.py:120} INFO - [2024-09-28T10:44:31.077+0000] {dag.py:3340} INFO - Setting next_dagrun for producer to 2024-09-28T00:00:00+00:00, run_after=2024-09-29T00:00:00+00:00
[2024-09-28T10:44:31.210+0000] {processor.py:176} INFO - Processing /opt/airflow/dags/producer.py took 1.577 seconds
[2024-09-28T10:45:01.402+0000] {processor.py:154} INFO - Started process (PID=29728) to work on /opt/airflow/dags/producer.py
[2024-09-28T10:45:01.409+0000] {processor.py:756} INFO - Processing file /opt/airflow/dags/producer.py for tasks to queue
[2024-09-28T10:45:01.412+0000] {logging_mixin.py:120} INFO - [2024-09-28T10:45:01.412+0000] {dagbag.py:537} INFO - Filling up the DagBag from /opt/airflow/dags/producer.py
[2024-09-28T10:45:01.537+0000] {processor.py:766} INFO - DAG(s) dict_keys(['producer']) retrieved from /opt/airflow/dags/producer.py
[2024-09-28T10:45:01.738+0000] {logging_mixin.py:120} INFO - [2024-09-28T10:45:01.738+0000] {dag.py:2585} INFO - Sync 1 DAGs
[2024-09-28T10:45:02.307+0000] {logging_mixin.py:120} INFO - [2024-09-28T10:45:02.306+0000] {dag.py:3340} INFO - Setting next_dagrun for producer to 2024-09-28T00:00:00+00:00, run_after=2024-09-29T00:00:00+00:00
[2024-09-28T10:45:02.397+0000] {processor.py:176} INFO - Processing /opt/airflow/dags/producer.py took 1.010 seconds
[2024-09-28T10:45:34.159+0000] {processor.py:154} INFO - Started process (PID=29790) to work on /opt/airflow/dags/producer.py
[2024-09-28T10:45:34.169+0000] {processor.py:756} INFO - Processing file /opt/airflow/dags/producer.py for tasks to queue
[2024-09-28T10:45:34.176+0000] {logging_mixin.py:120} INFO - [2024-09-28T10:45:34.175+0000] {dagbag.py:537} INFO - Filling up the DagBag from /opt/airflow/dags/producer.py
[2024-09-28T10:45:34.351+0000] {processor.py:766} INFO - DAG(s) dict_keys(['producer']) retrieved from /opt/airflow/dags/producer.py
[2024-09-28T10:45:35.039+0000] {logging_mixin.py:120} INFO - [2024-09-28T10:45:35.039+0000] {dag.py:2585} INFO - Sync 1 DAGs
[2024-09-28T10:45:35.150+0000] {logging_mixin.py:120} INFO - [2024-09-28T10:45:35.149+0000] {dag.py:3340} INFO - Setting next_dagrun for producer to 2024-09-28T00:00:00+00:00, run_after=2024-09-29T00:00:00+00:00
[2024-09-28T10:45:35.240+0000] {processor.py:176} INFO - Processing /opt/airflow/dags/producer.py took 1.105 seconds
[2024-09-28T10:46:05.833+0000] {processor.py:154} INFO - Started process (PID=29853) to work on /opt/airflow/dags/producer.py
[2024-09-28T10:46:05.841+0000] {processor.py:756} INFO - Processing file /opt/airflow/dags/producer.py for tasks to queue
[2024-09-28T10:46:05.845+0000] {logging_mixin.py:120} INFO - [2024-09-28T10:46:05.844+0000] {dagbag.py:537} INFO - Filling up the DagBag from /opt/airflow/dags/producer.py
[2024-09-28T10:46:05.989+0000] {processor.py:766} INFO - DAG(s) dict_keys(['producer']) retrieved from /opt/airflow/dags/producer.py
[2024-09-28T10:46:06.298+0000] {logging_mixin.py:120} INFO - [2024-09-28T10:46:06.297+0000] {dag.py:2585} INFO - Sync 1 DAGs
[2024-09-28T10:46:06.493+0000] {logging_mixin.py:120} INFO - [2024-09-28T10:46:06.493+0000] {dag.py:3340} INFO - Setting next_dagrun for producer to 2024-09-28T00:00:00+00:00, run_after=2024-09-29T00:00:00+00:00
[2024-09-28T10:46:06.660+0000] {processor.py:176} INFO - Processing /opt/airflow/dags/producer.py took 0.847 seconds
[2024-09-28T10:46:36.924+0000] {processor.py:154} INFO - Started process (PID=29916) to work on /opt/airflow/dags/producer.py
[2024-09-28T10:46:36.930+0000] {processor.py:756} INFO - Processing file /opt/airflow/dags/producer.py for tasks to queue
[2024-09-28T10:46:36.935+0000] {logging_mixin.py:120} INFO - [2024-09-28T10:46:36.934+0000] {dagbag.py:537} INFO - Filling up the DagBag from /opt/airflow/dags/producer.py
[2024-09-28T10:46:37.070+0000] {processor.py:766} INFO - DAG(s) dict_keys(['producer']) retrieved from /opt/airflow/dags/producer.py
[2024-09-28T10:46:37.324+0000] {logging_mixin.py:120} INFO - [2024-09-28T10:46:37.323+0000] {dag.py:2585} INFO - Sync 1 DAGs
[2024-09-28T10:46:37.504+0000] {logging_mixin.py:120} INFO - [2024-09-28T10:46:37.504+0000] {dag.py:3340} INFO - Setting next_dagrun for producer to 2024-09-28T00:00:00+00:00, run_after=2024-09-29T00:00:00+00:00
[2024-09-28T10:46:38.094+0000] {processor.py:176} INFO - Processing /opt/airflow/dags/producer.py took 1.187 seconds
[2024-09-28T10:47:10.133+0000] {processor.py:154} INFO - Started process (PID=29978) to work on /opt/airflow/dags/producer.py
[2024-09-28T10:47:10.142+0000] {processor.py:756} INFO - Processing file /opt/airflow/dags/producer.py for tasks to queue
[2024-09-28T10:47:10.147+0000] {logging_mixin.py:120} INFO - [2024-09-28T10:47:10.146+0000] {dagbag.py:537} INFO - Filling up the DagBag from /opt/airflow/dags/producer.py
[2024-09-28T10:47:10.289+0000] {processor.py:766} INFO - DAG(s) dict_keys(['producer']) retrieved from /opt/airflow/dags/producer.py
[2024-09-28T10:47:10.607+0000] {logging_mixin.py:120} INFO - [2024-09-28T10:47:10.606+0000] {dag.py:2585} INFO - Sync 1 DAGs
[2024-09-28T10:47:11.442+0000] {logging_mixin.py:120} INFO - [2024-09-28T10:47:11.441+0000] {dag.py:3340} INFO - Setting next_dagrun for producer to 2024-09-28T00:00:00+00:00, run_after=2024-09-29T00:00:00+00:00
[2024-09-28T10:47:11.575+0000] {processor.py:176} INFO - Processing /opt/airflow/dags/producer.py took 1.458 seconds
[2024-09-28T10:47:42.248+0000] {processor.py:154} INFO - Started process (PID=30041) to work on /opt/airflow/dags/producer.py
[2024-09-28T10:47:42.255+0000] {processor.py:756} INFO - Processing file /opt/airflow/dags/producer.py for tasks to queue
[2024-09-28T10:47:42.259+0000] {logging_mixin.py:120} INFO - [2024-09-28T10:47:42.259+0000] {dagbag.py:537} INFO - Filling up the DagBag from /opt/airflow/dags/producer.py
[2024-09-28T10:47:42.417+0000] {processor.py:766} INFO - DAG(s) dict_keys(['producer']) retrieved from /opt/airflow/dags/producer.py
[2024-09-28T10:47:43.045+0000] {logging_mixin.py:120} INFO - [2024-09-28T10:47:43.044+0000] {dag.py:2585} INFO - Sync 1 DAGs
[2024-09-28T10:47:43.153+0000] {logging_mixin.py:120} INFO - [2024-09-28T10:47:43.152+0000] {dag.py:3340} INFO - Setting next_dagrun for producer to 2024-09-28T00:00:00+00:00, run_after=2024-09-29T00:00:00+00:00
[2024-09-28T10:47:43.237+0000] {processor.py:176} INFO - Processing /opt/airflow/dags/producer.py took 1.003 seconds
[2024-09-28T10:48:13.595+0000] {processor.py:154} INFO - Started process (PID=30104) to work on /opt/airflow/dags/producer.py
[2024-09-28T10:48:13.601+0000] {processor.py:756} INFO - Processing file /opt/airflow/dags/producer.py for tasks to queue
[2024-09-28T10:48:13.605+0000] {logging_mixin.py:120} INFO - [2024-09-28T10:48:13.604+0000] {dagbag.py:537} INFO - Filling up the DagBag from /opt/airflow/dags/producer.py
[2024-09-28T10:48:13.710+0000] {processor.py:766} INFO - DAG(s) dict_keys(['producer']) retrieved from /opt/airflow/dags/producer.py
[2024-09-28T10:48:13.864+0000] {logging_mixin.py:120} INFO - [2024-09-28T10:48:13.864+0000] {dag.py:2585} INFO - Sync 1 DAGs
[2024-09-28T10:48:13.972+0000] {logging_mixin.py:120} INFO - [2024-09-28T10:48:13.971+0000] {dag.py:3340} INFO - Setting next_dagrun for producer to 2024-09-28T00:00:00+00:00, run_after=2024-09-29T00:00:00+00:00
[2024-09-28T10:48:14.048+0000] {processor.py:176} INFO - Processing /opt/airflow/dags/producer.py took 0.464 seconds
[2024-09-28T10:48:44.582+0000] {processor.py:154} INFO - Started process (PID=30167) to work on /opt/airflow/dags/producer.py
[2024-09-28T10:48:44.588+0000] {processor.py:756} INFO - Processing file /opt/airflow/dags/producer.py for tasks to queue
[2024-09-28T10:48:44.591+0000] {logging_mixin.py:120} INFO - [2024-09-28T10:48:44.590+0000] {dagbag.py:537} INFO - Filling up the DagBag from /opt/airflow/dags/producer.py
[2024-09-28T10:48:44.668+0000] {processor.py:766} INFO - DAG(s) dict_keys(['producer']) retrieved from /opt/airflow/dags/producer.py
[2024-09-28T10:48:44.805+0000] {logging_mixin.py:120} INFO - [2024-09-28T10:48:44.805+0000] {dag.py:2585} INFO - Sync 1 DAGs
[2024-09-28T10:48:44.902+0000] {logging_mixin.py:120} INFO - [2024-09-28T10:48:44.902+0000] {dag.py:3340} INFO - Setting next_dagrun for producer to 2024-09-28T00:00:00+00:00, run_after=2024-09-29T00:00:00+00:00
[2024-09-28T10:48:45.293+0000] {processor.py:176} INFO - Processing /opt/airflow/dags/producer.py took 0.726 seconds
[2024-09-28T11:04:34.834+0000] {processor.py:154} INFO - Started process (PID=30207) to work on /opt/airflow/dags/producer.py
[2024-09-28T11:04:34.846+0000] {processor.py:756} INFO - Processing file /opt/airflow/dags/producer.py for tasks to queue
[2024-09-28T11:04:34.854+0000] {logging_mixin.py:120} INFO - [2024-09-28T11:04:34.853+0000] {dagbag.py:537} INFO - Filling up the DagBag from /opt/airflow/dags/producer.py
[2024-09-28T11:04:35.090+0000] {processor.py:766} INFO - DAG(s) dict_keys(['producer']) retrieved from /opt/airflow/dags/producer.py
[2024-09-28T11:04:35.515+0000] {logging_mixin.py:120} INFO - [2024-09-28T11:04:35.513+0000] {dag.py:2585} INFO - Sync 1 DAGs
[2024-09-28T11:04:36.565+0000] {logging_mixin.py:120} INFO - [2024-09-28T11:04:36.564+0000] {dag.py:3340} INFO - Setting next_dagrun for producer to 2024-09-28T00:00:00+00:00, run_after=2024-09-29T00:00:00+00:00
[2024-09-28T11:04:36.790+0000] {processor.py:176} INFO - Processing /opt/airflow/dags/producer.py took 1.983 seconds
[2024-09-28T11:05:23.310+0000] {processor.py:154} INFO - Started process (PID=30272) to work on /opt/airflow/dags/producer.py
[2024-09-28T11:05:23.321+0000] {processor.py:756} INFO - Processing file /opt/airflow/dags/producer.py for tasks to queue
[2024-09-28T11:05:23.325+0000] {logging_mixin.py:120} INFO - [2024-09-28T11:05:23.325+0000] {dagbag.py:537} INFO - Filling up the DagBag from /opt/airflow/dags/producer.py
[2024-09-28T11:05:23.467+0000] {processor.py:766} INFO - DAG(s) dict_keys(['producer']) retrieved from /opt/airflow/dags/producer.py
[2024-09-28T11:05:23.763+0000] {logging_mixin.py:120} INFO - [2024-09-28T11:05:23.762+0000] {dag.py:2585} INFO - Sync 1 DAGs
[2024-09-28T11:05:24.587+0000] {logging_mixin.py:120} INFO - [2024-09-28T11:05:24.587+0000] {dag.py:3340} INFO - Setting next_dagrun for producer to 2024-09-28T00:00:00+00:00, run_after=2024-09-29T00:00:00+00:00
[2024-09-28T11:05:24.712+0000] {processor.py:176} INFO - Processing /opt/airflow/dags/producer.py took 1.433 seconds
[2024-09-28T11:05:58.297+0000] {processor.py:154} INFO - Started process (PID=30335) to work on /opt/airflow/dags/producer.py
[2024-09-28T11:05:58.307+0000] {processor.py:756} INFO - Processing file /opt/airflow/dags/producer.py for tasks to queue
[2024-09-28T11:05:58.313+0000] {logging_mixin.py:120} INFO - [2024-09-28T11:05:58.312+0000] {dagbag.py:537} INFO - Filling up the DagBag from /opt/airflow/dags/producer.py
[2024-09-28T11:05:58.502+0000] {processor.py:766} INFO - DAG(s) dict_keys(['producer']) retrieved from /opt/airflow/dags/producer.py
[2024-09-28T11:05:59.611+0000] {logging_mixin.py:120} INFO - [2024-09-28T11:05:59.610+0000] {dag.py:2585} INFO - Sync 1 DAGs
[2024-09-28T11:05:59.780+0000] {logging_mixin.py:120} INFO - [2024-09-28T11:05:59.779+0000] {dag.py:3340} INFO - Setting next_dagrun for producer to 2024-09-28T00:00:00+00:00, run_after=2024-09-29T00:00:00+00:00
[2024-09-28T11:05:59.915+0000] {processor.py:176} INFO - Processing /opt/airflow/dags/producer.py took 1.636 seconds
[2024-09-28T11:06:30.469+0000] {processor.py:154} INFO - Started process (PID=30389) to work on /opt/airflow/dags/producer.py
[2024-09-28T11:06:30.478+0000] {processor.py:756} INFO - Processing file /opt/airflow/dags/producer.py for tasks to queue
[2024-09-28T11:06:30.484+0000] {logging_mixin.py:120} INFO - [2024-09-28T11:06:30.483+0000] {dagbag.py:537} INFO - Filling up the DagBag from /opt/airflow/dags/producer.py
[2024-09-28T11:06:30.667+0000] {processor.py:766} INFO - DAG(s) dict_keys(['producer']) retrieved from /opt/airflow/dags/producer.py
[2024-09-28T11:06:30.944+0000] {logging_mixin.py:120} INFO - [2024-09-28T11:06:30.943+0000] {dag.py:2585} INFO - Sync 1 DAGs
[2024-09-28T11:21:56.572+0000] {logging_mixin.py:120} INFO - [2024-09-28T11:21:56.571+0000] {dag.py:3340} INFO - Setting next_dagrun for producer to 2024-09-28T00:00:00+00:00, run_after=2024-09-29T00:00:00+00:00
[2024-09-28T11:21:56.661+0000] {processor.py:176} INFO - Processing /opt/airflow/dags/producer.py took 2.171 seconds
[2024-09-28T11:21:57.213+0000] {processor.py:154} INFO - Started process (PID=30396) to work on /opt/airflow/dags/producer.py
[2024-09-28T11:21:57.215+0000] {processor.py:756} INFO - Processing file /opt/airflow/dags/producer.py for tasks to queue
[2024-09-28T11:21:57.216+0000] {logging_mixin.py:120} INFO - [2024-09-28T11:21:57.216+0000] {dagbag.py:537} INFO - Filling up the DagBag from /opt/airflow/dags/producer.py
[2024-09-28T11:21:57.258+0000] {processor.py:766} INFO - DAG(s) dict_keys(['producer']) retrieved from /opt/airflow/dags/producer.py
[2024-09-28T11:21:57.337+0000] {logging_mixin.py:120} INFO - [2024-09-28T11:21:57.337+0000] {dag.py:2585} INFO - Sync 1 DAGs
[2024-09-28T11:21:57.399+0000] {logging_mixin.py:120} INFO - [2024-09-28T11:21:57.398+0000] {dag.py:3340} INFO - Setting next_dagrun for producer to 2024-09-28T00:00:00+00:00, run_after=2024-09-29T00:00:00+00:00
[2024-09-28T11:21:57.706+0000] {processor.py:176} INFO - Processing /opt/airflow/dags/producer.py took 0.500 seconds
[2024-09-28T11:22:30.072+0000] {processor.py:154} INFO - Started process (PID=30466) to work on /opt/airflow/dags/producer.py
[2024-09-28T11:22:30.082+0000] {processor.py:756} INFO - Processing file /opt/airflow/dags/producer.py for tasks to queue
[2024-09-28T11:22:30.087+0000] {logging_mixin.py:120} INFO - [2024-09-28T11:22:30.086+0000] {dagbag.py:537} INFO - Filling up the DagBag from /opt/airflow/dags/producer.py
[2024-09-28T11:22:30.282+0000] {processor.py:766} INFO - DAG(s) dict_keys(['producer']) retrieved from /opt/airflow/dags/producer.py
[2024-09-28T11:22:30.710+0000] {logging_mixin.py:120} INFO - [2024-09-28T11:22:30.709+0000] {dag.py:2585} INFO - Sync 1 DAGs
[2024-09-28T11:22:31.570+0000] {logging_mixin.py:120} INFO - [2024-09-28T11:22:31.569+0000] {dag.py:3340} INFO - Setting next_dagrun for producer to 2024-09-28T00:00:00+00:00, run_after=2024-09-29T00:00:00+00:00
[2024-09-28T11:22:31.785+0000] {processor.py:176} INFO - Processing /opt/airflow/dags/producer.py took 1.740 seconds
[2024-09-28T11:23:05.406+0000] {processor.py:154} INFO - Started process (PID=30518) to work on /opt/airflow/dags/producer.py
[2024-09-28T11:23:05.419+0000] {processor.py:756} INFO - Processing file /opt/airflow/dags/producer.py for tasks to queue
[2024-09-28T11:23:05.423+0000] {logging_mixin.py:120} INFO - [2024-09-28T11:23:05.422+0000] {dagbag.py:537} INFO - Filling up the DagBag from /opt/airflow/dags/producer.py
[2024-09-28T11:23:05.583+0000] {processor.py:766} INFO - DAG(s) dict_keys(['producer']) retrieved from /opt/airflow/dags/producer.py
[2024-09-28T11:23:05.874+0000] {logging_mixin.py:120} INFO - [2024-09-28T11:23:05.873+0000] {dag.py:2585} INFO - Sync 1 DAGs
[2024-09-28T11:23:06.578+0000] {logging_mixin.py:120} INFO - [2024-09-28T11:23:06.577+0000] {dag.py:3340} INFO - Setting next_dagrun for producer to 2024-09-28T00:00:00+00:00, run_after=2024-09-29T00:00:00+00:00
[2024-09-28T11:23:06.709+0000] {processor.py:176} INFO - Processing /opt/airflow/dags/producer.py took 1.326 seconds
[2024-09-28T11:23:41.606+0000] {processor.py:154} INFO - Started process (PID=30581) to work on /opt/airflow/dags/producer.py
[2024-09-28T11:23:41.615+0000] {processor.py:756} INFO - Processing file /opt/airflow/dags/producer.py for tasks to queue
[2024-09-28T11:23:41.620+0000] {logging_mixin.py:120} INFO - [2024-09-28T11:23:41.619+0000] {dagbag.py:537} INFO - Filling up the DagBag from /opt/airflow/dags/producer.py
[2024-09-28T11:23:41.770+0000] {processor.py:766} INFO - DAG(s) dict_keys(['producer']) retrieved from /opt/airflow/dags/producer.py
[2024-09-28T11:23:42.556+0000] {logging_mixin.py:120} INFO - [2024-09-28T11:23:42.555+0000] {dag.py:2585} INFO - Sync 1 DAGs
[2024-09-28T11:23:42.697+0000] {logging_mixin.py:120} INFO - [2024-09-28T11:23:42.696+0000] {dag.py:3340} INFO - Setting next_dagrun for producer to 2024-09-28T00:00:00+00:00, run_after=2024-09-29T00:00:00+00:00
[2024-09-28T11:23:42.825+0000] {processor.py:176} INFO - Processing /opt/airflow/dags/producer.py took 1.242 seconds
[2024-09-28T11:24:13.045+0000] {processor.py:154} INFO - Started process (PID=30644) to work on /opt/airflow/dags/producer.py
[2024-09-28T11:24:13.056+0000] {processor.py:756} INFO - Processing file /opt/airflow/dags/producer.py for tasks to queue
[2024-09-28T11:24:13.062+0000] {logging_mixin.py:120} INFO - [2024-09-28T11:24:13.061+0000] {dagbag.py:537} INFO - Filling up the DagBag from /opt/airflow/dags/producer.py
[2024-09-28T11:24:13.264+0000] {processor.py:766} INFO - DAG(s) dict_keys(['producer']) retrieved from /opt/airflow/dags/producer.py
[2024-09-28T11:24:13.628+0000] {logging_mixin.py:120} INFO - [2024-09-28T11:24:13.627+0000] {dag.py:2585} INFO - Sync 1 DAGs
[2024-09-28T11:24:13.813+0000] {logging_mixin.py:120} INFO - [2024-09-28T11:24:13.812+0000] {dag.py:3340} INFO - Setting next_dagrun for producer to 2024-09-28T00:00:00+00:00, run_after=2024-09-29T00:00:00+00:00
[2024-09-28T11:24:13.952+0000] {processor.py:176} INFO - Processing /opt/airflow/dags/producer.py took 0.945 seconds
[2024-09-28T11:24:45.031+0000] {processor.py:154} INFO - Started process (PID=30707) to work on /opt/airflow/dags/producer.py
[2024-09-28T11:24:45.040+0000] {processor.py:756} INFO - Processing file /opt/airflow/dags/producer.py for tasks to queue
[2024-09-28T11:24:45.046+0000] {logging_mixin.py:120} INFO - [2024-09-28T11:24:45.045+0000] {dagbag.py:537} INFO - Filling up the DagBag from /opt/airflow/dags/producer.py
[2024-09-28T11:24:45.217+0000] {processor.py:766} INFO - DAG(s) dict_keys(['producer']) retrieved from /opt/airflow/dags/producer.py
[2024-09-28T11:24:45.556+0000] {logging_mixin.py:120} INFO - [2024-09-28T11:24:45.555+0000] {dag.py:2585} INFO - Sync 1 DAGs
[2024-09-28T11:24:46.344+0000] {logging_mixin.py:120} INFO - [2024-09-28T11:24:46.343+0000] {dag.py:3340} INFO - Setting next_dagrun for producer to 2024-09-28T00:00:00+00:00, run_after=2024-09-29T00:00:00+00:00
[2024-09-28T11:24:46.446+0000] {processor.py:176} INFO - Processing /opt/airflow/dags/producer.py took 1.439 seconds
[2024-09-28T11:25:17.185+0000] {processor.py:154} INFO - Started process (PID=30767) to work on /opt/airflow/dags/producer.py
[2024-09-28T11:25:17.201+0000] {processor.py:756} INFO - Processing file /opt/airflow/dags/producer.py for tasks to queue
[2024-09-28T11:25:17.208+0000] {logging_mixin.py:120} INFO - [2024-09-28T11:25:17.207+0000] {dagbag.py:537} INFO - Filling up the DagBag from /opt/airflow/dags/producer.py
[2024-09-28T11:25:17.372+0000] {processor.py:766} INFO - DAG(s) dict_keys(['producer']) retrieved from /opt/airflow/dags/producer.py
[2024-09-28T11:25:17.647+0000] {logging_mixin.py:120} INFO - [2024-09-28T11:25:17.646+0000] {dag.py:2585} INFO - Sync 1 DAGs
[2024-09-28T11:25:18.297+0000] {logging_mixin.py:120} INFO - [2024-09-28T11:25:18.296+0000] {dag.py:3340} INFO - Setting next_dagrun for producer to 2024-09-28T00:00:00+00:00, run_after=2024-09-29T00:00:00+00:00
[2024-09-28T11:25:18.401+0000] {processor.py:176} INFO - Processing /opt/airflow/dags/producer.py took 1.245 seconds
[2024-09-28T11:25:49.035+0000] {processor.py:154} INFO - Started process (PID=30823) to work on /opt/airflow/dags/producer.py
[2024-09-28T11:25:49.044+0000] {processor.py:756} INFO - Processing file /opt/airflow/dags/producer.py for tasks to queue
[2024-09-28T11:25:49.046+0000] {logging_mixin.py:120} INFO - [2024-09-28T11:25:49.046+0000] {dagbag.py:537} INFO - Filling up the DagBag from /opt/airflow/dags/producer.py
[2024-09-28T11:25:49.079+0000] {processor.py:766} INFO - DAG(s) dict_keys(['producer']) retrieved from /opt/airflow/dags/producer.py
[2024-09-28T11:25:49.302+0000] {logging_mixin.py:120} INFO - [2024-09-28T11:25:49.302+0000] {dag.py:2585} INFO - Sync 1 DAGs
[2024-09-28T11:25:49.347+0000] {logging_mixin.py:120} INFO - [2024-09-28T11:25:49.347+0000] {dag.py:3340} INFO - Setting next_dagrun for producer to 2024-09-28T00:00:00+00:00, run_after=2024-09-29T00:00:00+00:00
[2024-09-28T11:25:49.392+0000] {processor.py:176} INFO - Processing /opt/airflow/dags/producer.py took 0.362 seconds
[2024-09-28T11:43:27.997+0000] {processor.py:154} INFO - Started process (PID=30850) to work on /opt/airflow/dags/producer.py
[2024-09-28T11:43:28.009+0000] {processor.py:756} INFO - Processing file /opt/airflow/dags/producer.py for tasks to queue
[2024-09-28T11:43:28.014+0000] {logging_mixin.py:120} INFO - [2024-09-28T11:43:28.013+0000] {dagbag.py:537} INFO - Filling up the DagBag from /opt/airflow/dags/producer.py
[2024-09-28T11:43:28.277+0000] {processor.py:766} INFO - DAG(s) dict_keys(['producer']) retrieved from /opt/airflow/dags/producer.py
[2024-09-28T11:43:29.605+0000] {logging_mixin.py:120} INFO - [2024-09-28T11:43:29.604+0000] {dag.py:2585} INFO - Sync 1 DAGs
[2024-09-28T11:43:29.865+0000] {logging_mixin.py:120} INFO - [2024-09-28T11:43:29.864+0000] {dag.py:3340} INFO - Setting next_dagrun for producer to 2024-09-28T00:00:00+00:00, run_after=2024-09-29T00:00:00+00:00
[2024-09-28T11:43:30.084+0000] {processor.py:176} INFO - Processing /opt/airflow/dags/producer.py took 2.149 seconds
[2024-09-28T11:44:11.879+0000] {processor.py:154} INFO - Started process (PID=30919) to work on /opt/airflow/dags/producer.py
[2024-09-28T11:44:11.893+0000] {processor.py:756} INFO - Processing file /opt/airflow/dags/producer.py for tasks to queue
[2024-09-28T11:44:11.900+0000] {logging_mixin.py:120} INFO - [2024-09-28T11:44:11.899+0000] {dagbag.py:537} INFO - Filling up the DagBag from /opt/airflow/dags/producer.py
[2024-09-28T11:44:12.188+0000] {processor.py:766} INFO - DAG(s) dict_keys(['producer']) retrieved from /opt/airflow/dags/producer.py
[2024-09-28T11:44:12.582+0000] {logging_mixin.py:120} INFO - [2024-09-28T11:44:12.581+0000] {dag.py:2585} INFO - Sync 1 DAGs
[2024-09-28T11:44:12.924+0000] {logging_mixin.py:120} INFO - [2024-09-28T11:44:12.923+0000] {dag.py:3340} INFO - Setting next_dagrun for producer to 2024-09-28T00:00:00+00:00, run_after=2024-09-29T00:00:00+00:00
[2024-09-28T11:44:13.854+0000] {processor.py:176} INFO - Processing /opt/airflow/dags/producer.py took 2.002 seconds
[2024-09-28T11:44:45.741+0000] {processor.py:154} INFO - Started process (PID=30975) to work on /opt/airflow/dags/producer.py
[2024-09-28T11:44:45.754+0000] {processor.py:756} INFO - Processing file /opt/airflow/dags/producer.py for tasks to queue
[2024-09-28T11:44:45.760+0000] {logging_mixin.py:120} INFO - [2024-09-28T11:44:45.759+0000] {dagbag.py:537} INFO - Filling up the DagBag from /opt/airflow/dags/producer.py
[2024-09-28T11:44:45.997+0000] {processor.py:766} INFO - DAG(s) dict_keys(['producer']) retrieved from /opt/airflow/dags/producer.py
[2024-09-28T11:44:46.271+0000] {logging_mixin.py:120} INFO - [2024-09-28T11:44:46.270+0000] {dag.py:2585} INFO - Sync 1 DAGs
[2024-09-28T11:44:46.996+0000] {logging_mixin.py:120} INFO - [2024-09-28T11:44:46.996+0000] {dag.py:3340} INFO - Setting next_dagrun for producer to 2024-09-28T00:00:00+00:00, run_after=2024-09-29T00:00:00+00:00
[2024-09-28T11:44:47.152+0000] {processor.py:176} INFO - Processing /opt/airflow/dags/producer.py took 1.445 seconds
[2024-09-28T11:45:21.316+0000] {processor.py:154} INFO - Started process (PID=31038) to work on /opt/airflow/dags/producer.py
[2024-09-28T11:45:21.329+0000] {processor.py:756} INFO - Processing file /opt/airflow/dags/producer.py for tasks to queue
[2024-09-28T11:45:21.334+0000] {logging_mixin.py:120} INFO - [2024-09-28T11:45:21.333+0000] {dagbag.py:537} INFO - Filling up the DagBag from /opt/airflow/dags/producer.py
[2024-09-28T11:45:21.481+0000] {processor.py:766} INFO - DAG(s) dict_keys(['producer']) retrieved from /opt/airflow/dags/producer.py
[2024-09-28T11:45:22.283+0000] {logging_mixin.py:120} INFO - [2024-09-28T11:45:22.283+0000] {dag.py:2585} INFO - Sync 1 DAGs
[2024-09-28T11:45:22.445+0000] {logging_mixin.py:120} INFO - [2024-09-28T11:45:22.443+0000] {dag.py:3340} INFO - Setting next_dagrun for producer to 2024-09-28T00:00:00+00:00, run_after=2024-09-29T00:00:00+00:00
[2024-09-28T11:45:22.561+0000] {processor.py:176} INFO - Processing /opt/airflow/dags/producer.py took 1.268 seconds
[2024-09-28T11:47:45.393+0000] {processor.py:154} INFO - Started process (PID=31104) to work on /opt/airflow/dags/producer.py
[2024-09-28T11:47:45.411+0000] {processor.py:756} INFO - Processing file /opt/airflow/dags/producer.py for tasks to queue
[2024-09-28T11:47:45.418+0000] {logging_mixin.py:120} INFO - [2024-09-28T11:47:45.416+0000] {dagbag.py:537} INFO - Filling up the DagBag from /opt/airflow/dags/producer.py
[2024-09-28T11:47:45.601+0000] {processor.py:766} INFO - DAG(s) dict_keys(['producer']) retrieved from /opt/airflow/dags/producer.py
[2024-09-28T11:47:46.601+0000] {logging_mixin.py:120} INFO - [2024-09-28T11:47:46.601+0000] {dag.py:2585} INFO - Sync 1 DAGs
[2024-09-28T11:47:46.784+0000] {logging_mixin.py:120} INFO - [2024-09-28T11:47:46.783+0000] {dag.py:3340} INFO - Setting next_dagrun for producer to 2024-09-28T00:00:00+00:00, run_after=2024-09-29T00:00:00+00:00
[2024-09-28T11:47:46.929+0000] {processor.py:176} INFO - Processing /opt/airflow/dags/producer.py took 1.562 seconds
[2024-09-28T11:48:24.815+0000] {processor.py:154} INFO - Started process (PID=31168) to work on /opt/airflow/dags/producer.py
[2024-09-28T11:48:24.830+0000] {processor.py:756} INFO - Processing file /opt/airflow/dags/producer.py for tasks to queue
[2024-09-28T11:48:24.838+0000] {logging_mixin.py:120} INFO - [2024-09-28T11:48:24.836+0000] {dagbag.py:537} INFO - Filling up the DagBag from /opt/airflow/dags/producer.py
[2024-09-28T11:48:25.007+0000] {processor.py:766} INFO - DAG(s) dict_keys(['producer']) retrieved from /opt/airflow/dags/producer.py
[2024-09-28T11:48:25.281+0000] {logging_mixin.py:120} INFO - [2024-09-28T11:48:25.281+0000] {dag.py:2585} INFO - Sync 1 DAGs
[2024-09-28T11:48:25.459+0000] {logging_mixin.py:120} INFO - [2024-09-28T11:48:25.458+0000] {dag.py:3340} INFO - Setting next_dagrun for producer to 2024-09-28T00:00:00+00:00, run_after=2024-09-29T00:00:00+00:00
[2024-09-28T11:48:26.181+0000] {processor.py:176} INFO - Processing /opt/airflow/dags/producer.py took 1.391 seconds
[2024-09-28T11:48:59.685+0000] {processor.py:154} INFO - Started process (PID=31231) to work on /opt/airflow/dags/producer.py
[2024-09-28T11:48:59.699+0000] {processor.py:756} INFO - Processing file /opt/airflow/dags/producer.py for tasks to queue
[2024-09-28T11:48:59.707+0000] {logging_mixin.py:120} INFO - [2024-09-28T11:48:59.706+0000] {dagbag.py:537} INFO - Filling up the DagBag from /opt/airflow/dags/producer.py
[2024-09-28T11:48:59.930+0000] {processor.py:766} INFO - DAG(s) dict_keys(['producer']) retrieved from /opt/airflow/dags/producer.py
[2024-09-28T11:49:00.280+0000] {logging_mixin.py:120} INFO - [2024-09-28T11:49:00.279+0000] {dag.py:2585} INFO - Sync 1 DAGs
[2024-09-28T11:49:01.183+0000] {logging_mixin.py:120} INFO - [2024-09-28T11:49:01.182+0000] {dag.py:3340} INFO - Setting next_dagrun for producer to 2024-09-28T00:00:00+00:00, run_after=2024-09-29T00:00:00+00:00
[2024-09-28T11:49:01.334+0000] {processor.py:176} INFO - Processing /opt/airflow/dags/producer.py took 1.684 seconds
[2024-09-28T11:49:31.879+0000] {processor.py:154} INFO - Started process (PID=31294) to work on /opt/airflow/dags/producer.py
[2024-09-28T11:49:31.883+0000] {processor.py:756} INFO - Processing file /opt/airflow/dags/producer.py for tasks to queue
[2024-09-28T11:49:31.885+0000] {logging_mixin.py:120} INFO - [2024-09-28T11:49:31.884+0000] {dagbag.py:537} INFO - Filling up the DagBag from /opt/airflow/dags/producer.py
[2024-09-28T11:49:31.918+0000] {processor.py:766} INFO - DAG(s) dict_keys(['producer']) retrieved from /opt/airflow/dags/producer.py
[2024-09-28T11:49:32.118+0000] {logging_mixin.py:120} INFO - [2024-09-28T11:49:32.118+0000] {dag.py:2585} INFO - Sync 1 DAGs
[2024-09-28T11:49:32.147+0000] {logging_mixin.py:120} INFO - [2024-09-28T11:49:32.146+0000] {dag.py:3340} INFO - Setting next_dagrun for producer to 2024-09-28T00:00:00+00:00, run_after=2024-09-29T00:00:00+00:00
[2024-09-28T11:49:32.170+0000] {processor.py:176} INFO - Processing /opt/airflow/dags/producer.py took 0.296 seconds
[2024-09-28T12:00:41.471+0000] {processor.py:154} INFO - Started process (PID=31321) to work on /opt/airflow/dags/producer.py
[2024-09-28T12:00:41.485+0000] {processor.py:756} INFO - Processing file /opt/airflow/dags/producer.py for tasks to queue
[2024-09-28T12:00:41.489+0000] {logging_mixin.py:120} INFO - [2024-09-28T12:00:41.489+0000] {dagbag.py:537} INFO - Filling up the DagBag from /opt/airflow/dags/producer.py
[2024-09-28T12:00:41.766+0000] {processor.py:766} INFO - DAG(s) dict_keys(['producer']) retrieved from /opt/airflow/dags/producer.py
[2024-09-28T12:00:42.975+0000] {logging_mixin.py:120} INFO - [2024-09-28T12:00:42.974+0000] {dag.py:2585} INFO - Sync 1 DAGs
[2024-09-28T12:00:43.257+0000] {logging_mixin.py:120} INFO - [2024-09-28T12:00:43.255+0000] {dag.py:3340} INFO - Setting next_dagrun for producer to 2024-09-28T00:00:00+00:00, run_after=2024-09-29T00:00:00+00:00
[2024-09-28T12:00:43.471+0000] {processor.py:176} INFO - Processing /opt/airflow/dags/producer.py took 2.030 seconds
[2024-09-28T12:01:19.759+0000] {processor.py:154} INFO - Started process (PID=31383) to work on /opt/airflow/dags/producer.py
[2024-09-28T12:01:19.763+0000] {processor.py:756} INFO - Processing file /opt/airflow/dags/producer.py for tasks to queue
[2024-09-28T12:01:19.764+0000] {logging_mixin.py:120} INFO - [2024-09-28T12:01:19.764+0000] {dagbag.py:537} INFO - Filling up the DagBag from /opt/airflow/dags/producer.py
[2024-09-28T12:01:19.806+0000] {processor.py:766} INFO - DAG(s) dict_keys(['producer']) retrieved from /opt/airflow/dags/producer.py
[2024-09-28T12:01:19.886+0000] {logging_mixin.py:120} INFO - [2024-09-28T12:01:19.886+0000] {dag.py:2585} INFO - Sync 1 DAGs
[2024-09-28T12:01:19.932+0000] {logging_mixin.py:120} INFO - [2024-09-28T12:01:19.932+0000] {dag.py:3340} INFO - Setting next_dagrun for producer to 2024-09-28T00:00:00+00:00, run_after=2024-09-29T00:00:00+00:00
[2024-09-28T12:01:19.976+0000] {processor.py:176} INFO - Processing /opt/airflow/dags/producer.py took 0.221 seconds
[2024-09-28T12:19:16.217+0000] {processor.py:154} INFO - Started process (PID=31414) to work on /opt/airflow/dags/producer.py
[2024-09-28T12:19:16.234+0000] {processor.py:756} INFO - Processing file /opt/airflow/dags/producer.py for tasks to queue
[2024-09-28T12:19:16.243+0000] {logging_mixin.py:120} INFO - [2024-09-28T12:19:16.240+0000] {dagbag.py:537} INFO - Filling up the DagBag from /opt/airflow/dags/producer.py
[2024-09-28T12:19:16.550+0000] {processor.py:766} INFO - DAG(s) dict_keys(['producer']) retrieved from /opt/airflow/dags/producer.py
[2024-09-28T12:19:17.043+0000] {logging_mixin.py:120} INFO - [2024-09-28T12:19:17.041+0000] {dag.py:2585} INFO - Sync 1 DAGs
[2024-09-28T12:19:17.473+0000] {logging_mixin.py:120} INFO - [2024-09-28T12:19:17.470+0000] {dag.py:3340} INFO - Setting next_dagrun for producer to 2024-09-28T00:00:00+00:00, run_after=2024-09-29T00:00:00+00:00
[2024-09-28T12:19:18.565+0000] {processor.py:176} INFO - Processing /opt/airflow/dags/producer.py took 2.386 seconds
[2024-09-28T12:20:05.423+0000] {processor.py:154} INFO - Started process (PID=31485) to work on /opt/airflow/dags/producer.py
[2024-09-28T12:20:05.436+0000] {processor.py:756} INFO - Processing file /opt/airflow/dags/producer.py for tasks to queue
[2024-09-28T12:20:05.449+0000] {logging_mixin.py:120} INFO - [2024-09-28T12:20:05.447+0000] {dagbag.py:537} INFO - Filling up the DagBag from /opt/airflow/dags/producer.py
[2024-09-28T12:20:05.664+0000] {processor.py:766} INFO - DAG(s) dict_keys(['producer']) retrieved from /opt/airflow/dags/producer.py
[2024-09-28T12:20:06.052+0000] {logging_mixin.py:120} INFO - [2024-09-28T12:20:06.050+0000] {dag.py:2585} INFO - Sync 1 DAGs
[2024-09-28T12:20:07.070+0000] {logging_mixin.py:120} INFO - [2024-09-28T12:20:07.068+0000] {dag.py:3340} INFO - Setting next_dagrun for producer to 2024-09-28T00:00:00+00:00, run_after=2024-09-29T00:00:00+00:00
[2024-09-28T12:20:07.302+0000] {processor.py:176} INFO - Processing /opt/airflow/dags/producer.py took 1.908 seconds
[2024-09-28T12:20:45.462+0000] {processor.py:154} INFO - Started process (PID=31546) to work on /opt/airflow/dags/producer.py
[2024-09-28T12:20:45.499+0000] {processor.py:756} INFO - Processing file /opt/airflow/dags/producer.py for tasks to queue
[2024-09-28T12:20:45.520+0000] {logging_mixin.py:120} INFO - [2024-09-28T12:20:45.519+0000] {dagbag.py:537} INFO - Filling up the DagBag from /opt/airflow/dags/producer.py
[2024-09-28T12:20:45.736+0000] {processor.py:766} INFO - DAG(s) dict_keys(['producer']) retrieved from /opt/airflow/dags/producer.py
[2024-09-28T12:20:46.926+0000] {logging_mixin.py:120} INFO - [2024-09-28T12:20:46.925+0000] {dag.py:2585} INFO - Sync 1 DAGs
[2024-09-28T12:20:47.197+0000] {logging_mixin.py:120} INFO - [2024-09-28T12:20:47.196+0000] {dag.py:3340} INFO - Setting next_dagrun for producer to 2024-09-28T00:00:00+00:00, run_after=2024-09-29T00:00:00+00:00
[2024-09-28T12:20:47.381+0000] {processor.py:176} INFO - Processing /opt/airflow/dags/producer.py took 1.952 seconds
[2024-09-28T12:21:21.623+0000] {processor.py:154} INFO - Started process (PID=31598) to work on /opt/airflow/dags/producer.py
[2024-09-28T12:21:21.641+0000] {processor.py:756} INFO - Processing file /opt/airflow/dags/producer.py for tasks to queue
[2024-09-28T12:21:21.651+0000] {logging_mixin.py:120} INFO - [2024-09-28T12:21:21.649+0000] {dagbag.py:537} INFO - Filling up the DagBag from /opt/airflow/dags/producer.py
[2024-09-28T12:21:21.888+0000] {processor.py:766} INFO - DAG(s) dict_keys(['producer']) retrieved from /opt/airflow/dags/producer.py
[2024-09-28T12:21:22.849+0000] {logging_mixin.py:120} INFO - [2024-09-28T12:21:22.848+0000] {dag.py:2585} INFO - Sync 1 DAGs
[2024-09-28T12:21:23.078+0000] {logging_mixin.py:120} INFO - [2024-09-28T12:21:23.077+0000] {dag.py:3340} INFO - Setting next_dagrun for producer to 2024-09-28T00:00:00+00:00, run_after=2024-09-29T00:00:00+00:00
[2024-09-28T12:21:23.235+0000] {processor.py:176} INFO - Processing /opt/airflow/dags/producer.py took 1.633 seconds
[2024-09-28T12:21:54.097+0000] {processor.py:154} INFO - Started process (PID=31661) to work on /opt/airflow/dags/producer.py
[2024-09-28T12:21:54.104+0000] {processor.py:756} INFO - Processing file /opt/airflow/dags/producer.py for tasks to queue
[2024-09-28T12:21:54.110+0000] {logging_mixin.py:120} INFO - [2024-09-28T12:21:54.110+0000] {dagbag.py:537} INFO - Filling up the DagBag from /opt/airflow/dags/producer.py
[2024-09-28T12:21:54.227+0000] {processor.py:766} INFO - DAG(s) dict_keys(['producer']) retrieved from /opt/airflow/dags/producer.py
[2024-09-28T12:21:54.412+0000] {logging_mixin.py:120} INFO - [2024-09-28T12:21:54.412+0000] {dag.py:2585} INFO - Sync 1 DAGs
[2024-09-28T12:21:54.958+0000] {logging_mixin.py:120} INFO - [2024-09-28T12:21:54.957+0000] {dag.py:3340} INFO - Setting next_dagrun for producer to 2024-09-28T00:00:00+00:00, run_after=2024-09-29T00:00:00+00:00
[2024-09-28T12:21:55.050+0000] {processor.py:176} INFO - Processing /opt/airflow/dags/producer.py took 0.968 seconds
[2024-09-28T12:22:26.046+0000] {processor.py:154} INFO - Started process (PID=31725) to work on /opt/airflow/dags/producer.py
[2024-09-28T12:22:26.062+0000] {processor.py:756} INFO - Processing file /opt/airflow/dags/producer.py for tasks to queue
[2024-09-28T12:22:26.069+0000] {logging_mixin.py:120} INFO - [2024-09-28T12:22:26.068+0000] {dagbag.py:537} INFO - Filling up the DagBag from /opt/airflow/dags/producer.py
[2024-09-28T12:22:26.264+0000] {processor.py:766} INFO - DAG(s) dict_keys(['producer']) retrieved from /opt/airflow/dags/producer.py
[2024-09-28T12:22:26.524+0000] {logging_mixin.py:120} INFO - [2024-09-28T12:22:26.523+0000] {dag.py:2585} INFO - Sync 1 DAGs
[2024-09-28T12:22:27.290+0000] {logging_mixin.py:120} INFO - [2024-09-28T12:22:27.288+0000] {dag.py:3340} INFO - Setting next_dagrun for producer to 2024-09-28T00:00:00+00:00, run_after=2024-09-29T00:00:00+00:00
[2024-09-28T12:22:27.442+0000] {processor.py:176} INFO - Processing /opt/airflow/dags/producer.py took 1.425 seconds
[2024-09-28T12:22:58.611+0000] {processor.py:154} INFO - Started process (PID=31788) to work on /opt/airflow/dags/producer.py
[2024-09-28T12:22:58.624+0000] {processor.py:756} INFO - Processing file /opt/airflow/dags/producer.py for tasks to queue
[2024-09-28T12:22:58.628+0000] {logging_mixin.py:120} INFO - [2024-09-28T12:22:58.628+0000] {dagbag.py:537} INFO - Filling up the DagBag from /opt/airflow/dags/producer.py
[2024-09-28T12:22:58.747+0000] {processor.py:766} INFO - DAG(s) dict_keys(['producer']) retrieved from /opt/airflow/dags/producer.py
[2024-09-28T12:22:59.512+0000] {logging_mixin.py:120} INFO - [2024-09-28T12:22:59.511+0000] {dag.py:2585} INFO - Sync 1 DAGs
[2024-09-28T12:22:59.656+0000] {logging_mixin.py:120} INFO - [2024-09-28T12:22:59.656+0000] {dag.py:3340} INFO - Setting next_dagrun for producer to 2024-09-28T00:00:00+00:00, run_after=2024-09-29T00:00:00+00:00
[2024-09-28T12:22:59.792+0000] {processor.py:176} INFO - Processing /opt/airflow/dags/producer.py took 1.200 seconds
[2024-09-28T12:23:31.221+0000] {processor.py:154} INFO - Started process (PID=31850) to work on /opt/airflow/dags/producer.py
[2024-09-28T12:23:31.230+0000] {processor.py:756} INFO - Processing file /opt/airflow/dags/producer.py for tasks to queue
[2024-09-28T12:23:31.234+0000] {logging_mixin.py:120} INFO - [2024-09-28T12:23:31.233+0000] {dagbag.py:537} INFO - Filling up the DagBag from /opt/airflow/dags/producer.py
[2024-09-28T12:23:31.356+0000] {processor.py:766} INFO - DAG(s) dict_keys(['producer']) retrieved from /opt/airflow/dags/producer.py
[2024-09-28T12:23:31.927+0000] {logging_mixin.py:120} INFO - [2024-09-28T12:23:31.926+0000] {dag.py:2585} INFO - Sync 1 DAGs
[2024-09-28T12:23:32.061+0000] {logging_mixin.py:120} INFO - [2024-09-28T12:23:32.059+0000] {dag.py:3340} INFO - Setting next_dagrun for producer to 2024-09-28T00:00:00+00:00, run_after=2024-09-29T00:00:00+00:00
[2024-09-28T12:23:32.178+0000] {processor.py:176} INFO - Processing /opt/airflow/dags/producer.py took 0.975 seconds
[2024-09-28T12:41:22.919+0000] {processor.py:154} INFO - Started process (PID=31870) to work on /opt/airflow/dags/producer.py
[2024-09-28T12:41:22.923+0000] {processor.py:756} INFO - Processing file /opt/airflow/dags/producer.py for tasks to queue
[2024-09-28T12:41:22.925+0000] {logging_mixin.py:120} INFO - [2024-09-28T12:41:22.925+0000] {dagbag.py:537} INFO - Filling up the DagBag from /opt/airflow/dags/producer.py
[2024-09-28T12:41:22.993+0000] {processor.py:766} INFO - DAG(s) dict_keys(['producer']) retrieved from /opt/airflow/dags/producer.py
[2024-09-28T12:41:23.099+0000] {logging_mixin.py:120} INFO - [2024-09-28T12:41:23.099+0000] {dag.py:2585} INFO - Sync 1 DAGs
[2024-09-28T12:41:23.177+0000] {logging_mixin.py:120} INFO - [2024-09-28T12:41:23.177+0000] {dag.py:3340} INFO - Setting next_dagrun for producer to 2024-09-28T00:00:00+00:00, run_after=2024-09-29T00:00:00+00:00
[2024-09-28T12:41:23.517+0000] {processor.py:176} INFO - Processing /opt/airflow/dags/producer.py took 0.608 seconds
[2024-09-28T12:41:55.551+0000] {processor.py:154} INFO - Started process (PID=31932) to work on /opt/airflow/dags/producer.py
[2024-09-28T12:41:55.594+0000] {processor.py:756} INFO - Processing file /opt/airflow/dags/producer.py for tasks to queue
[2024-09-28T12:41:55.598+0000] {logging_mixin.py:120} INFO - [2024-09-28T12:41:55.598+0000] {dagbag.py:537} INFO - Filling up the DagBag from /opt/airflow/dags/producer.py
[2024-09-28T12:41:55.771+0000] {processor.py:766} INFO - DAG(s) dict_keys(['producer']) retrieved from /opt/airflow/dags/producer.py
[2024-09-28T12:41:56.092+0000] {logging_mixin.py:120} INFO - [2024-09-28T12:41:56.091+0000] {dag.py:2585} INFO - Sync 1 DAGs
[2024-09-28T12:41:56.820+0000] {logging_mixin.py:120} INFO - [2024-09-28T12:41:56.818+0000] {dag.py:3340} INFO - Setting next_dagrun for producer to 2024-09-28T00:00:00+00:00, run_after=2024-09-29T00:00:00+00:00
[2024-09-28T12:41:56.945+0000] {processor.py:176} INFO - Processing /opt/airflow/dags/producer.py took 1.416 seconds
[2024-09-28T12:42:34.866+0000] {processor.py:154} INFO - Started process (PID=31994) to work on /opt/airflow/dags/producer.py
[2024-09-28T12:42:34.882+0000] {processor.py:756} INFO - Processing file /opt/airflow/dags/producer.py for tasks to queue
[2024-09-28T12:42:34.889+0000] {logging_mixin.py:120} INFO - [2024-09-28T12:42:34.887+0000] {dagbag.py:537} INFO - Filling up the DagBag from /opt/airflow/dags/producer.py
[2024-09-28T12:42:35.079+0000] {processor.py:766} INFO - DAG(s) dict_keys(['producer']) retrieved from /opt/airflow/dags/producer.py
[2024-09-28T12:42:36.121+0000] {logging_mixin.py:120} INFO - [2024-09-28T12:42:36.120+0000] {dag.py:2585} INFO - Sync 1 DAGs
[2024-09-28T12:42:36.412+0000] {logging_mixin.py:120} INFO - [2024-09-28T12:42:36.411+0000] {dag.py:3340} INFO - Setting next_dagrun for producer to 2024-09-28T00:00:00+00:00, run_after=2024-09-29T00:00:00+00:00
[2024-09-28T12:42:36.568+0000] {processor.py:176} INFO - Processing /opt/airflow/dags/producer.py took 1.736 seconds
[2024-09-28T12:43:15.328+0000] {processor.py:154} INFO - Started process (PID=32053) to work on /opt/airflow/dags/producer.py
[2024-09-28T12:43:15.338+0000] {processor.py:756} INFO - Processing file /opt/airflow/dags/producer.py for tasks to queue
[2024-09-28T12:43:15.345+0000] {logging_mixin.py:120} INFO - [2024-09-28T12:43:15.344+0000] {dagbag.py:537} INFO - Filling up the DagBag from /opt/airflow/dags/producer.py
[2024-09-28T12:43:15.539+0000] {processor.py:766} INFO - DAG(s) dict_keys(['producer']) retrieved from /opt/airflow/dags/producer.py
[2024-09-28T12:43:16.542+0000] {logging_mixin.py:120} INFO - [2024-09-28T12:43:16.540+0000] {dag.py:2585} INFO - Sync 1 DAGs
[2024-09-28T12:43:16.799+0000] {logging_mixin.py:120} INFO - [2024-09-28T12:43:16.797+0000] {dag.py:3340} INFO - Setting next_dagrun for producer to 2024-09-28T00:00:00+00:00, run_after=2024-09-29T00:00:00+00:00
[2024-09-28T12:43:16.983+0000] {processor.py:176} INFO - Processing /opt/airflow/dags/producer.py took 1.678 seconds
[2024-09-28T12:43:54.176+0000] {processor.py:154} INFO - Started process (PID=32115) to work on /opt/airflow/dags/producer.py
[2024-09-28T12:43:54.186+0000] {processor.py:756} INFO - Processing file /opt/airflow/dags/producer.py for tasks to queue
[2024-09-28T12:43:54.192+0000] {logging_mixin.py:120} INFO - [2024-09-28T12:43:54.190+0000] {dagbag.py:537} INFO - Filling up the DagBag from /opt/airflow/dags/producer.py
[2024-09-28T12:43:54.415+0000] {processor.py:766} INFO - DAG(s) dict_keys(['producer']) retrieved from /opt/airflow/dags/producer.py
[2024-09-28T12:43:55.365+0000] {logging_mixin.py:120} INFO - [2024-09-28T12:43:55.364+0000] {dag.py:2585} INFO - Sync 1 DAGs
[2024-09-28T12:43:55.585+0000] {logging_mixin.py:120} INFO - [2024-09-28T12:43:55.584+0000] {dag.py:3340} INFO - Setting next_dagrun for producer to 2024-09-28T00:00:00+00:00, run_after=2024-09-29T00:00:00+00:00
[2024-09-28T12:43:55.732+0000] {processor.py:176} INFO - Processing /opt/airflow/dags/producer.py took 1.575 seconds
[2024-09-28T12:44:26.361+0000] {processor.py:154} INFO - Started process (PID=32178) to work on /opt/airflow/dags/producer.py
[2024-09-28T12:44:26.370+0000] {processor.py:756} INFO - Processing file /opt/airflow/dags/producer.py for tasks to queue
[2024-09-28T12:44:26.374+0000] {logging_mixin.py:120} INFO - [2024-09-28T12:44:26.373+0000] {dagbag.py:537} INFO - Filling up the DagBag from /opt/airflow/dags/producer.py
[2024-09-28T12:44:26.535+0000] {processor.py:766} INFO - DAG(s) dict_keys(['producer']) retrieved from /opt/airflow/dags/producer.py
[2024-09-28T12:44:26.800+0000] {logging_mixin.py:120} INFO - [2024-09-28T12:44:26.799+0000] {dag.py:2585} INFO - Sync 1 DAGs
[2024-09-28T12:44:27.586+0000] {logging_mixin.py:120} INFO - [2024-09-28T12:44:27.585+0000] {dag.py:3340} INFO - Setting next_dagrun for producer to 2024-09-28T00:00:00+00:00, run_after=2024-09-29T00:00:00+00:00
[2024-09-28T12:44:27.718+0000] {processor.py:176} INFO - Processing /opt/airflow/dags/producer.py took 1.380 seconds
[2024-09-28T12:44:57.895+0000] {processor.py:154} INFO - Started process (PID=32242) to work on /opt/airflow/dags/producer.py
[2024-09-28T12:44:57.907+0000] {processor.py:756} INFO - Processing file /opt/airflow/dags/producer.py for tasks to queue
[2024-09-28T12:44:57.914+0000] {logging_mixin.py:120} INFO - [2024-09-28T12:44:57.913+0000] {dagbag.py:537} INFO - Filling up the DagBag from /opt/airflow/dags/producer.py
[2024-09-28T12:44:58.085+0000] {processor.py:766} INFO - DAG(s) dict_keys(['producer']) retrieved from /opt/airflow/dags/producer.py
[2024-09-28T12:44:58.394+0000] {logging_mixin.py:120} INFO - [2024-09-28T12:44:58.393+0000] {dag.py:2585} INFO - Sync 1 DAGs
[2024-09-28T12:44:59.064+0000] {logging_mixin.py:120} INFO - [2024-09-28T12:44:59.063+0000] {dag.py:3340} INFO - Setting next_dagrun for producer to 2024-09-28T00:00:00+00:00, run_after=2024-09-29T00:00:00+00:00
[2024-09-28T12:44:59.172+0000] {processor.py:176} INFO - Processing /opt/airflow/dags/producer.py took 1.306 seconds
[2024-09-28T12:45:29.900+0000] {processor.py:154} INFO - Started process (PID=32302) to work on /opt/airflow/dags/producer.py
[2024-09-28T12:45:29.911+0000] {processor.py:756} INFO - Processing file /opt/airflow/dags/producer.py for tasks to queue
[2024-09-28T12:45:29.917+0000] {logging_mixin.py:120} INFO - [2024-09-28T12:45:29.916+0000] {dagbag.py:537} INFO - Filling up the DagBag from /opt/airflow/dags/producer.py
[2024-09-28T12:45:30.103+0000] {processor.py:766} INFO - DAG(s) dict_keys(['producer']) retrieved from /opt/airflow/dags/producer.py
[2024-09-28T12:45:31.084+0000] {logging_mixin.py:120} INFO - [2024-09-28T12:45:31.083+0000] {dag.py:2585} INFO - Sync 1 DAGs
[2024-09-28T12:45:31.285+0000] {logging_mixin.py:120} INFO - [2024-09-28T12:45:31.285+0000] {dag.py:3340} INFO - Setting next_dagrun for producer to 2024-09-28T00:00:00+00:00, run_after=2024-09-29T00:00:00+00:00
[2024-09-28T12:45:31.434+0000] {processor.py:176} INFO - Processing /opt/airflow/dags/producer.py took 1.555 seconds
[2024-09-28T12:46:02.415+0000] {processor.py:154} INFO - Started process (PID=32357) to work on /opt/airflow/dags/producer.py
[2024-09-28T12:46:02.422+0000] {processor.py:756} INFO - Processing file /opt/airflow/dags/producer.py for tasks to queue
[2024-09-28T12:46:02.426+0000] {logging_mixin.py:120} INFO - [2024-09-28T12:46:02.426+0000] {dagbag.py:537} INFO - Filling up the DagBag from /opt/airflow/dags/producer.py
[2024-09-28T12:46:02.543+0000] {processor.py:766} INFO - DAG(s) dict_keys(['producer']) retrieved from /opt/airflow/dags/producer.py
[2024-09-28T12:46:03.124+0000] {logging_mixin.py:120} INFO - [2024-09-28T12:46:03.123+0000] {dag.py:2585} INFO - Sync 1 DAGs
[2024-09-28T12:46:03.237+0000] {logging_mixin.py:120} INFO - [2024-09-28T12:46:03.236+0000] {dag.py:3340} INFO - Setting next_dagrun for producer to 2024-09-28T00:00:00+00:00, run_after=2024-09-29T00:00:00+00:00
[2024-09-28T12:46:03.325+0000] {processor.py:176} INFO - Processing /opt/airflow/dags/producer.py took 0.925 seconds
[2024-09-28T12:46:33.731+0000] {processor.py:154} INFO - Started process (PID=32420) to work on /opt/airflow/dags/producer.py
[2024-09-28T12:46:33.735+0000] {processor.py:756} INFO - Processing file /opt/airflow/dags/producer.py for tasks to queue
[2024-09-28T12:46:33.736+0000] {logging_mixin.py:120} INFO - [2024-09-28T12:46:33.736+0000] {dagbag.py:537} INFO - Filling up the DagBag from /opt/airflow/dags/producer.py
[2024-09-28T12:46:33.772+0000] {processor.py:766} INFO - DAG(s) dict_keys(['producer']) retrieved from /opt/airflow/dags/producer.py
[2024-09-28T12:46:33.818+0000] {logging_mixin.py:120} INFO - [2024-09-28T12:46:33.818+0000] {dag.py:2585} INFO - Sync 1 DAGs
[2024-09-28T12:46:33.981+0000] {logging_mixin.py:120} INFO - [2024-09-28T12:46:33.980+0000] {dag.py:3340} INFO - Setting next_dagrun for producer to 2024-09-28T00:00:00+00:00, run_after=2024-09-29T00:00:00+00:00
[2024-09-28T12:46:34.004+0000] {processor.py:176} INFO - Processing /opt/airflow/dags/producer.py took 0.276 seconds
[2024-09-28T13:01:28.397+0000] {processor.py:154} INFO - Started process (PID=32457) to work on /opt/airflow/dags/producer.py
[2024-09-28T13:01:28.408+0000] {processor.py:756} INFO - Processing file /opt/airflow/dags/producer.py for tasks to queue
[2024-09-28T13:01:28.413+0000] {logging_mixin.py:120} INFO - [2024-09-28T13:01:28.412+0000] {dagbag.py:537} INFO - Filling up the DagBag from /opt/airflow/dags/producer.py
[2024-09-28T13:01:28.614+0000] {processor.py:766} INFO - DAG(s) dict_keys(['producer']) retrieved from /opt/airflow/dags/producer.py
[2024-09-28T13:01:28.905+0000] {logging_mixin.py:120} INFO - [2024-09-28T13:01:28.904+0000] {dag.py:2585} INFO - Sync 1 DAGs
[2024-09-28T13:01:29.806+0000] {logging_mixin.py:120} INFO - [2024-09-28T13:01:29.806+0000] {dag.py:3340} INFO - Setting next_dagrun for producer to 2024-09-28T00:00:00+00:00, run_after=2024-09-29T00:00:00+00:00
[2024-09-28T13:01:29.991+0000] {processor.py:176} INFO - Processing /opt/airflow/dags/producer.py took 1.617 seconds
[2024-09-28T13:02:07.333+0000] {processor.py:154} INFO - Started process (PID=32519) to work on /opt/airflow/dags/producer.py
[2024-09-28T13:02:07.342+0000] {processor.py:756} INFO - Processing file /opt/airflow/dags/producer.py for tasks to queue
[2024-09-28T13:02:07.346+0000] {logging_mixin.py:120} INFO - [2024-09-28T13:02:07.346+0000] {dagbag.py:537} INFO - Filling up the DagBag from /opt/airflow/dags/producer.py
[2024-09-28T13:02:07.514+0000] {processor.py:766} INFO - DAG(s) dict_keys(['producer']) retrieved from /opt/airflow/dags/producer.py
[2024-09-28T13:02:08.277+0000] {logging_mixin.py:120} INFO - [2024-09-28T13:02:08.276+0000] {dag.py:2585} INFO - Sync 1 DAGs
[2024-09-28T13:02:08.441+0000] {logging_mixin.py:120} INFO - [2024-09-28T13:02:08.439+0000] {dag.py:3340} INFO - Setting next_dagrun for producer to 2024-09-28T00:00:00+00:00, run_after=2024-09-29T00:00:00+00:00
[2024-09-28T13:02:08.590+0000] {processor.py:176} INFO - Processing /opt/airflow/dags/producer.py took 1.278 seconds
[2024-09-28T13:02:42.373+0000] {processor.py:154} INFO - Started process (PID=32583) to work on /opt/airflow/dags/producer.py
[2024-09-28T13:02:42.387+0000] {processor.py:756} INFO - Processing file /opt/airflow/dags/producer.py for tasks to queue
[2024-09-28T13:02:42.396+0000] {logging_mixin.py:120} INFO - [2024-09-28T13:02:42.395+0000] {dagbag.py:537} INFO - Filling up the DagBag from /opt/airflow/dags/producer.py
[2024-09-28T13:02:42.684+0000] {processor.py:766} INFO - DAG(s) dict_keys(['producer']) retrieved from /opt/airflow/dags/producer.py
[2024-09-28T13:02:43.559+0000] {logging_mixin.py:120} INFO - [2024-09-28T13:02:43.558+0000] {dag.py:2585} INFO - Sync 1 DAGs
[2024-09-28T13:02:43.737+0000] {logging_mixin.py:120} INFO - [2024-09-28T13:02:43.736+0000] {dag.py:3340} INFO - Setting next_dagrun for producer to 2024-09-28T00:00:00+00:00, run_after=2024-09-29T00:00:00+00:00
[2024-09-28T13:02:43.863+0000] {processor.py:176} INFO - Processing /opt/airflow/dags/producer.py took 1.522 seconds
[2024-09-28T13:03:17.105+0000] {processor.py:154} INFO - Started process (PID=32646) to work on /opt/airflow/dags/producer.py
[2024-09-28T13:03:17.119+0000] {processor.py:756} INFO - Processing file /opt/airflow/dags/producer.py for tasks to queue
[2024-09-28T13:03:17.124+0000] {logging_mixin.py:120} INFO - [2024-09-28T13:03:17.124+0000] {dagbag.py:537} INFO - Filling up the DagBag from /opt/airflow/dags/producer.py
[2024-09-28T13:03:17.976+0000] {processor.py:766} INFO - DAG(s) dict_keys(['producer']) retrieved from /opt/airflow/dags/producer.py
[2024-09-28T13:03:18.306+0000] {logging_mixin.py:120} INFO - [2024-09-28T13:03:18.305+0000] {dag.py:2585} INFO - Sync 1 DAGs
[2024-09-28T13:03:18.490+0000] {logging_mixin.py:120} INFO - [2024-09-28T13:03:18.490+0000] {dag.py:3340} INFO - Setting next_dagrun for producer to 2024-09-28T00:00:00+00:00, run_after=2024-09-29T00:00:00+00:00
[2024-09-28T13:03:18.629+0000] {processor.py:176} INFO - Processing /opt/airflow/dags/producer.py took 1.553 seconds
[2024-09-28T13:03:48.989+0000] {processor.py:154} INFO - Started process (PID=32700) to work on /opt/airflow/dags/producer.py
[2024-09-28T13:03:48.991+0000] {processor.py:756} INFO - Processing file /opt/airflow/dags/producer.py for tasks to queue
[2024-09-28T13:03:48.992+0000] {logging_mixin.py:120} INFO - [2024-09-28T13:03:48.992+0000] {dagbag.py:537} INFO - Filling up the DagBag from /opt/airflow/dags/producer.py
[2024-09-28T13:03:49.026+0000] {processor.py:766} INFO - DAG(s) dict_keys(['producer']) retrieved from /opt/airflow/dags/producer.py
[2024-09-28T13:03:49.082+0000] {logging_mixin.py:120} INFO - [2024-09-28T13:03:49.081+0000] {dag.py:2585} INFO - Sync 1 DAGs
[2024-09-28T13:03:49.344+0000] {logging_mixin.py:120} INFO - [2024-09-28T13:03:49.344+0000] {dag.py:3340} INFO - Setting next_dagrun for producer to 2024-09-28T00:00:00+00:00, run_after=2024-09-29T00:00:00+00:00
[2024-09-28T13:03:49.383+0000] {processor.py:176} INFO - Processing /opt/airflow/dags/producer.py took 0.398 seconds
[2024-09-28T13:18:56.071+0000] {processor.py:154} INFO - Started process (PID=32721) to work on /opt/airflow/dags/producer.py
[2024-09-28T13:18:56.073+0000] {processor.py:756} INFO - Processing file /opt/airflow/dags/producer.py for tasks to queue
[2024-09-28T13:18:56.074+0000] {logging_mixin.py:120} INFO - [2024-09-28T13:18:56.073+0000] {dagbag.py:537} INFO - Filling up the DagBag from /opt/airflow/dags/producer.py
[2024-09-28T13:18:56.107+0000] {processor.py:766} INFO - DAG(s) dict_keys(['producer']) retrieved from /opt/airflow/dags/producer.py
[2024-09-28T13:18:56.163+0000] {logging_mixin.py:120} INFO - [2024-09-28T13:18:56.163+0000] {dag.py:2585} INFO - Sync 1 DAGs
[2024-09-28T13:18:56.359+0000] {logging_mixin.py:120} INFO - [2024-09-28T13:18:56.359+0000] {dag.py:3340} INFO - Setting next_dagrun for producer to 2024-09-28T00:00:00+00:00, run_after=2024-09-29T00:00:00+00:00
[2024-09-28T13:18:56.389+0000] {processor.py:176} INFO - Processing /opt/airflow/dags/producer.py took 0.323 seconds
[2024-09-28T13:19:36.153+0000] {processor.py:154} INFO - Started process (PID=32784) to work on /opt/airflow/dags/producer.py
[2024-09-28T13:19:36.168+0000] {processor.py:756} INFO - Processing file /opt/airflow/dags/producer.py for tasks to queue
[2024-09-28T13:19:36.179+0000] {logging_mixin.py:120} INFO - [2024-09-28T13:19:36.177+0000] {dagbag.py:537} INFO - Filling up the DagBag from /opt/airflow/dags/producer.py
[2024-09-28T13:19:36.474+0000] {processor.py:766} INFO - DAG(s) dict_keys(['producer']) retrieved from /opt/airflow/dags/producer.py
[2024-09-28T13:19:37.490+0000] {logging_mixin.py:120} INFO - [2024-09-28T13:19:37.489+0000] {dag.py:2585} INFO - Sync 1 DAGs
[2024-09-28T13:19:37.739+0000] {logging_mixin.py:120} INFO - [2024-09-28T13:19:37.738+0000] {dag.py:3340} INFO - Setting next_dagrun for producer to 2024-09-28T00:00:00+00:00, run_after=2024-09-29T00:00:00+00:00
[2024-09-28T13:19:37.942+0000] {processor.py:176} INFO - Processing /opt/airflow/dags/producer.py took 1.822 seconds
[2024-09-28T13:20:13.823+0000] {processor.py:154} INFO - Started process (PID=32847) to work on /opt/airflow/dags/producer.py
[2024-09-28T13:20:13.838+0000] {processor.py:756} INFO - Processing file /opt/airflow/dags/producer.py for tasks to queue
[2024-09-28T13:20:13.844+0000] {logging_mixin.py:120} INFO - [2024-09-28T13:20:13.843+0000] {dagbag.py:537} INFO - Filling up the DagBag from /opt/airflow/dags/producer.py
[2024-09-28T13:20:14.040+0000] {processor.py:766} INFO - DAG(s) dict_keys(['producer']) retrieved from /opt/airflow/dags/producer.py
[2024-09-28T13:20:15.068+0000] {logging_mixin.py:120} INFO - [2024-09-28T13:20:15.068+0000] {dag.py:2585} INFO - Sync 1 DAGs
[2024-09-28T13:20:15.230+0000] {logging_mixin.py:120} INFO - [2024-09-28T13:20:15.229+0000] {dag.py:3340} INFO - Setting next_dagrun for producer to 2024-09-28T00:00:00+00:00, run_after=2024-09-29T00:00:00+00:00
[2024-09-28T13:20:15.373+0000] {processor.py:176} INFO - Processing /opt/airflow/dags/producer.py took 1.577 seconds
[2024-09-28T13:20:52.101+0000] {processor.py:154} INFO - Started process (PID=32910) to work on /opt/airflow/dags/producer.py
[2024-09-28T13:20:52.109+0000] {processor.py:756} INFO - Processing file /opt/airflow/dags/producer.py for tasks to queue
[2024-09-28T13:20:52.115+0000] {logging_mixin.py:120} INFO - [2024-09-28T13:20:52.114+0000] {dagbag.py:537} INFO - Filling up the DagBag from /opt/airflow/dags/producer.py
[2024-09-28T13:20:52.321+0000] {processor.py:766} INFO - DAG(s) dict_keys(['producer']) retrieved from /opt/airflow/dags/producer.py
[2024-09-28T13:20:52.699+0000] {logging_mixin.py:120} INFO - [2024-09-28T13:20:52.698+0000] {dag.py:2585} INFO - Sync 1 DAGs
[2024-09-28T13:20:53.532+0000] {logging_mixin.py:120} INFO - [2024-09-28T13:20:53.531+0000] {dag.py:3340} INFO - Setting next_dagrun for producer to 2024-09-28T00:00:00+00:00, run_after=2024-09-29T00:00:00+00:00
[2024-09-28T13:20:53.662+0000] {processor.py:176} INFO - Processing /opt/airflow/dags/producer.py took 1.584 seconds
[2024-09-28T13:21:28.135+0000] {processor.py:154} INFO - Started process (PID=32969) to work on /opt/airflow/dags/producer.py
[2024-09-28T13:21:28.152+0000] {processor.py:756} INFO - Processing file /opt/airflow/dags/producer.py for tasks to queue
[2024-09-28T13:21:28.158+0000] {logging_mixin.py:120} INFO - [2024-09-28T13:21:28.157+0000] {dagbag.py:537} INFO - Filling up the DagBag from /opt/airflow/dags/producer.py
[2024-09-28T13:21:28.349+0000] {processor.py:766} INFO - DAG(s) dict_keys(['producer']) retrieved from /opt/airflow/dags/producer.py
[2024-09-28T13:21:28.715+0000] {logging_mixin.py:120} INFO - [2024-09-28T13:21:28.714+0000] {dag.py:2585} INFO - Sync 1 DAGs
[2024-09-28T13:21:29.647+0000] {logging_mixin.py:120} INFO - [2024-09-28T13:21:29.645+0000] {dag.py:3340} INFO - Setting next_dagrun for producer to 2024-09-28T00:00:00+00:00, run_after=2024-09-29T00:00:00+00:00
[2024-09-28T13:21:29.816+0000] {processor.py:176} INFO - Processing /opt/airflow/dags/producer.py took 1.705 seconds
[2024-09-28T13:22:00.451+0000] {processor.py:154} INFO - Started process (PID=33030) to work on /opt/airflow/dags/producer.py
[2024-09-28T13:22:00.463+0000] {processor.py:756} INFO - Processing file /opt/airflow/dags/producer.py for tasks to queue
[2024-09-28T13:22:00.467+0000] {logging_mixin.py:120} INFO - [2024-09-28T13:22:00.467+0000] {dagbag.py:537} INFO - Filling up the DagBag from /opt/airflow/dags/producer.py
[2024-09-28T13:22:00.643+0000] {processor.py:766} INFO - DAG(s) dict_keys(['producer']) retrieved from /opt/airflow/dags/producer.py
[2024-09-28T13:22:01.531+0000] {logging_mixin.py:120} INFO - [2024-09-28T13:22:01.530+0000] {dag.py:2585} INFO - Sync 1 DAGs
[2024-09-28T13:22:01.694+0000] {logging_mixin.py:120} INFO - [2024-09-28T13:22:01.693+0000] {dag.py:3340} INFO - Setting next_dagrun for producer to 2024-09-28T00:00:00+00:00, run_after=2024-09-29T00:00:00+00:00
[2024-09-28T13:22:01.815+0000] {processor.py:176} INFO - Processing /opt/airflow/dags/producer.py took 1.384 seconds
[2024-09-28T13:22:32.699+0000] {processor.py:154} INFO - Started process (PID=33086) to work on /opt/airflow/dags/producer.py
[2024-09-28T13:22:32.707+0000] {processor.py:756} INFO - Processing file /opt/airflow/dags/producer.py for tasks to queue
[2024-09-28T13:22:32.711+0000] {logging_mixin.py:120} INFO - [2024-09-28T13:22:32.710+0000] {dagbag.py:537} INFO - Filling up the DagBag from /opt/airflow/dags/producer.py
[2024-09-28T13:22:32.835+0000] {processor.py:766} INFO - DAG(s) dict_keys(['producer']) retrieved from /opt/airflow/dags/producer.py
[2024-09-28T13:22:33.497+0000] {logging_mixin.py:120} INFO - [2024-09-28T13:22:33.497+0000] {dag.py:2585} INFO - Sync 1 DAGs
[2024-09-28T13:22:33.681+0000] {logging_mixin.py:120} INFO - [2024-09-28T13:22:33.680+0000] {dag.py:3340} INFO - Setting next_dagrun for producer to 2024-09-28T00:00:00+00:00, run_after=2024-09-29T00:00:00+00:00
[2024-09-28T13:22:33.802+0000] {processor.py:176} INFO - Processing /opt/airflow/dags/producer.py took 1.117 seconds
[2024-09-28T13:40:27.177+0000] {processor.py:154} INFO - Started process (PID=33144) to work on /opt/airflow/dags/producer.py
[2024-09-28T13:40:27.190+0000] {processor.py:756} INFO - Processing file /opt/airflow/dags/producer.py for tasks to queue
[2024-09-28T13:40:27.198+0000] {logging_mixin.py:120} INFO - [2024-09-28T13:40:27.197+0000] {dagbag.py:537} INFO - Filling up the DagBag from /opt/airflow/dags/producer.py
[2024-09-28T13:40:27.448+0000] {processor.py:766} INFO - DAG(s) dict_keys(['producer']) retrieved from /opt/airflow/dags/producer.py
[2024-09-28T13:40:27.905+0000] {logging_mixin.py:120} INFO - [2024-09-28T13:40:27.904+0000] {dag.py:2585} INFO - Sync 1 DAGs
[2024-09-28T13:40:29.292+0000] {logging_mixin.py:120} INFO - [2024-09-28T13:40:29.291+0000] {dag.py:3340} INFO - Setting next_dagrun for producer to 2024-09-28T00:00:00+00:00, run_after=2024-09-29T00:00:00+00:00
[2024-09-28T13:40:29.523+0000] {processor.py:176} INFO - Processing /opt/airflow/dags/producer.py took 2.379 seconds
[2024-09-28T13:41:14.424+0000] {processor.py:154} INFO - Started process (PID=33205) to work on /opt/airflow/dags/producer.py
[2024-09-28T13:41:14.435+0000] {processor.py:756} INFO - Processing file /opt/airflow/dags/producer.py for tasks to queue
[2024-09-28T13:41:14.443+0000] {logging_mixin.py:120} INFO - [2024-09-28T13:41:14.442+0000] {dagbag.py:537} INFO - Filling up the DagBag from /opt/airflow/dags/producer.py
[2024-09-28T13:41:14.608+0000] {processor.py:766} INFO - DAG(s) dict_keys(['producer']) retrieved from /opt/airflow/dags/producer.py
[2024-09-28T13:41:14.867+0000] {logging_mixin.py:120} INFO - [2024-09-28T13:41:14.866+0000] {dag.py:2585} INFO - Sync 1 DAGs
[2024-09-28T13:41:15.650+0000] {logging_mixin.py:120} INFO - [2024-09-28T13:41:15.649+0000] {dag.py:3340} INFO - Setting next_dagrun for producer to 2024-09-28T00:00:00+00:00, run_after=2024-09-29T00:00:00+00:00
[2024-09-28T13:41:15.770+0000] {processor.py:176} INFO - Processing /opt/airflow/dags/producer.py took 1.375 seconds
[2024-09-28T13:41:50.870+0000] {processor.py:154} INFO - Started process (PID=33268) to work on /opt/airflow/dags/producer.py
[2024-09-28T13:41:50.884+0000] {processor.py:756} INFO - Processing file /opt/airflow/dags/producer.py for tasks to queue
[2024-09-28T13:41:50.890+0000] {logging_mixin.py:120} INFO - [2024-09-28T13:41:50.889+0000] {dagbag.py:537} INFO - Filling up the DagBag from /opt/airflow/dags/producer.py
[2024-09-28T13:41:51.079+0000] {processor.py:766} INFO - DAG(s) dict_keys(['producer']) retrieved from /opt/airflow/dags/producer.py
[2024-09-28T13:41:51.913+0000] {logging_mixin.py:120} INFO - [2024-09-28T13:41:51.913+0000] {dag.py:2585} INFO - Sync 1 DAGs
[2024-09-28T13:41:52.052+0000] {logging_mixin.py:120} INFO - [2024-09-28T13:41:52.051+0000] {dag.py:3340} INFO - Setting next_dagrun for producer to 2024-09-28T00:00:00+00:00, run_after=2024-09-29T00:00:00+00:00
[2024-09-28T13:41:52.168+0000] {processor.py:176} INFO - Processing /opt/airflow/dags/producer.py took 1.320 seconds
[2024-09-28T13:42:26.210+0000] {processor.py:154} INFO - Started process (PID=33331) to work on /opt/airflow/dags/producer.py
[2024-09-28T13:42:26.225+0000] {processor.py:756} INFO - Processing file /opt/airflow/dags/producer.py for tasks to queue
[2024-09-28T13:42:26.233+0000] {logging_mixin.py:120} INFO - [2024-09-28T13:42:26.232+0000] {dagbag.py:537} INFO - Filling up the DagBag from /opt/airflow/dags/producer.py
[2024-09-28T13:42:26.480+0000] {processor.py:766} INFO - DAG(s) dict_keys(['producer']) retrieved from /opt/airflow/dags/producer.py
[2024-09-28T13:42:27.466+0000] {logging_mixin.py:120} INFO - [2024-09-28T13:42:27.465+0000] {dag.py:2585} INFO - Sync 1 DAGs
[2024-09-28T13:42:27.610+0000] {logging_mixin.py:120} INFO - [2024-09-28T13:42:27.609+0000] {dag.py:3340} INFO - Setting next_dagrun for producer to 2024-09-28T00:00:00+00:00, run_after=2024-09-29T00:00:00+00:00
[2024-09-28T13:42:27.729+0000] {processor.py:176} INFO - Processing /opt/airflow/dags/producer.py took 1.545 seconds
[2024-09-28T13:42:58.491+0000] {processor.py:154} INFO - Started process (PID=33394) to work on /opt/airflow/dags/producer.py
[2024-09-28T13:42:58.501+0000] {processor.py:756} INFO - Processing file /opt/airflow/dags/producer.py for tasks to queue
[2024-09-28T13:42:58.505+0000] {logging_mixin.py:120} INFO - [2024-09-28T13:42:58.504+0000] {dagbag.py:537} INFO - Filling up the DagBag from /opt/airflow/dags/producer.py
[2024-09-28T13:42:59.211+0000] {processor.py:766} INFO - DAG(s) dict_keys(['producer']) retrieved from /opt/airflow/dags/producer.py
[2024-09-28T13:42:59.454+0000] {logging_mixin.py:120} INFO - [2024-09-28T13:42:59.453+0000] {dag.py:2585} INFO - Sync 1 DAGs
[2024-09-28T13:42:59.643+0000] {logging_mixin.py:120} INFO - [2024-09-28T13:42:59.642+0000] {dag.py:3340} INFO - Setting next_dagrun for producer to 2024-09-28T00:00:00+00:00, run_after=2024-09-29T00:00:00+00:00
[2024-09-28T13:42:59.763+0000] {processor.py:176} INFO - Processing /opt/airflow/dags/producer.py took 1.289 seconds
[2024-09-28T13:43:30.314+0000] {processor.py:154} INFO - Started process (PID=33455) to work on /opt/airflow/dags/producer.py
[2024-09-28T13:43:30.325+0000] {processor.py:756} INFO - Processing file /opt/airflow/dags/producer.py for tasks to queue
[2024-09-28T13:43:30.329+0000] {logging_mixin.py:120} INFO - [2024-09-28T13:43:30.328+0000] {dagbag.py:537} INFO - Filling up the DagBag from /opt/airflow/dags/producer.py
[2024-09-28T13:43:30.460+0000] {processor.py:766} INFO - DAG(s) dict_keys(['producer']) retrieved from /opt/airflow/dags/producer.py
[2024-09-28T13:43:30.668+0000] {logging_mixin.py:120} INFO - [2024-09-28T13:43:30.667+0000] {dag.py:2585} INFO - Sync 1 DAGs
[2024-09-28T13:43:31.239+0000] {logging_mixin.py:120} INFO - [2024-09-28T13:43:31.238+0000] {dag.py:3340} INFO - Setting next_dagrun for producer to 2024-09-28T00:00:00+00:00, run_after=2024-09-29T00:00:00+00:00
[2024-09-28T13:43:31.344+0000] {processor.py:176} INFO - Processing /opt/airflow/dags/producer.py took 1.048 seconds
[2024-09-28T13:59:30.384+0000] {processor.py:154} INFO - Started process (PID=33508) to work on /opt/airflow/dags/producer.py
[2024-09-28T13:59:30.392+0000] {processor.py:756} INFO - Processing file /opt/airflow/dags/producer.py for tasks to queue
[2024-09-28T13:59:30.400+0000] {logging_mixin.py:120} INFO - [2024-09-28T13:59:30.398+0000] {dagbag.py:537} INFO - Filling up the DagBag from /opt/airflow/dags/producer.py
[2024-09-28T13:59:30.662+0000] {processor.py:766} INFO - DAG(s) dict_keys(['producer']) retrieved from /opt/airflow/dags/producer.py
[2024-09-28T13:59:31.968+0000] {logging_mixin.py:120} INFO - [2024-09-28T13:59:31.967+0000] {dag.py:2585} INFO - Sync 1 DAGs
[2024-09-28T13:59:32.308+0000] {logging_mixin.py:120} INFO - [2024-09-28T13:59:32.304+0000] {dag.py:3340} INFO - Setting next_dagrun for producer to 2024-09-28T00:00:00+00:00, run_after=2024-09-29T00:00:00+00:00
[2024-09-28T13:59:32.512+0000] {processor.py:176} INFO - Processing /opt/airflow/dags/producer.py took 2.160 seconds
[2024-09-28T14:00:16.457+0000] {processor.py:154} INFO - Started process (PID=33570) to work on /opt/airflow/dags/producer.py
[2024-09-28T14:00:16.472+0000] {processor.py:756} INFO - Processing file /opt/airflow/dags/producer.py for tasks to queue
[2024-09-28T14:00:16.480+0000] {logging_mixin.py:120} INFO - [2024-09-28T14:00:16.479+0000] {dagbag.py:537} INFO - Filling up the DagBag from /opt/airflow/dags/producer.py
[2024-09-28T14:00:16.688+0000] {processor.py:766} INFO - DAG(s) dict_keys(['producer']) retrieved from /opt/airflow/dags/producer.py
[2024-09-28T14:00:17.548+0000] {logging_mixin.py:120} INFO - [2024-09-28T14:00:17.548+0000] {dag.py:2585} INFO - Sync 1 DAGs
[2024-09-28T14:00:17.786+0000] {logging_mixin.py:120} INFO - [2024-09-28T14:00:17.784+0000] {dag.py:3340} INFO - Setting next_dagrun for producer to 2024-09-28T00:00:00+00:00, run_after=2024-09-29T00:00:00+00:00
[2024-09-28T14:00:17.973+0000] {processor.py:176} INFO - Processing /opt/airflow/dags/producer.py took 1.541 seconds
[2024-09-28T14:00:52.793+0000] {processor.py:154} INFO - Started process (PID=33634) to work on /opt/airflow/dags/producer.py
[2024-09-28T14:00:52.802+0000] {processor.py:756} INFO - Processing file /opt/airflow/dags/producer.py for tasks to queue
[2024-09-28T14:00:52.808+0000] {logging_mixin.py:120} INFO - [2024-09-28T14:00:52.807+0000] {dagbag.py:537} INFO - Filling up the DagBag from /opt/airflow/dags/producer.py
[2024-09-28T14:00:53.684+0000] {processor.py:766} INFO - DAG(s) dict_keys(['producer']) retrieved from /opt/airflow/dags/producer.py
[2024-09-28T14:00:53.921+0000] {logging_mixin.py:120} INFO - [2024-09-28T14:00:53.921+0000] {dag.py:2585} INFO - Sync 1 DAGs
[2024-09-28T14:00:54.125+0000] {logging_mixin.py:120} INFO - [2024-09-28T14:00:54.124+0000] {dag.py:3340} INFO - Setting next_dagrun for producer to 2024-09-28T00:00:00+00:00, run_after=2024-09-29T00:00:00+00:00
[2024-09-28T14:00:54.275+0000] {processor.py:176} INFO - Processing /opt/airflow/dags/producer.py took 1.512 seconds
[2024-09-28T14:01:28.022+0000] {processor.py:154} INFO - Started process (PID=33688) to work on /opt/airflow/dags/producer.py
[2024-09-28T14:01:28.037+0000] {processor.py:756} INFO - Processing file /opt/airflow/dags/producer.py for tasks to queue
[2024-09-28T14:01:28.045+0000] {logging_mixin.py:120} INFO - [2024-09-28T14:01:28.044+0000] {dagbag.py:537} INFO - Filling up the DagBag from /opt/airflow/dags/producer.py
[2024-09-28T14:01:28.350+0000] {processor.py:766} INFO - DAG(s) dict_keys(['producer']) retrieved from /opt/airflow/dags/producer.py
[2024-09-28T14:01:28.701+0000] {logging_mixin.py:120} INFO - [2024-09-28T14:01:28.700+0000] {dag.py:2585} INFO - Sync 1 DAGs
[2024-09-28T14:01:29.646+0000] {logging_mixin.py:120} INFO - [2024-09-28T14:01:29.646+0000] {dag.py:3340} INFO - Setting next_dagrun for producer to 2024-09-28T00:00:00+00:00, run_after=2024-09-29T00:00:00+00:00
[2024-09-28T14:01:29.818+0000] {processor.py:176} INFO - Processing /opt/airflow/dags/producer.py took 1.819 seconds
[2024-09-28T14:17:55.159+0000] {processor.py:154} INFO - Started process (PID=33744) to work on /opt/airflow/dags/producer.py
[2024-09-28T14:17:55.179+0000] {processor.py:756} INFO - Processing file /opt/airflow/dags/producer.py for tasks to queue
[2024-09-28T14:17:55.187+0000] {logging_mixin.py:120} INFO - [2024-09-28T14:17:55.186+0000] {dagbag.py:537} INFO - Filling up the DagBag from /opt/airflow/dags/producer.py
[2024-09-28T14:17:55.447+0000] {processor.py:766} INFO - DAG(s) dict_keys(['producer']) retrieved from /opt/airflow/dags/producer.py
[2024-09-28T14:17:56.666+0000] {logging_mixin.py:120} INFO - [2024-09-28T14:17:56.665+0000] {dag.py:2585} INFO - Sync 1 DAGs
[2024-09-28T14:17:56.887+0000] {logging_mixin.py:120} INFO - [2024-09-28T14:17:56.887+0000] {dag.py:3340} INFO - Setting next_dagrun for producer to 2024-09-28T00:00:00+00:00, run_after=2024-09-29T00:00:00+00:00
[2024-09-28T14:17:57.052+0000] {processor.py:176} INFO - Processing /opt/airflow/dags/producer.py took 1.930 seconds
[2024-09-28T14:18:39.098+0000] {processor.py:154} INFO - Started process (PID=33805) to work on /opt/airflow/dags/producer.py
[2024-09-28T14:18:39.107+0000] {processor.py:756} INFO - Processing file /opt/airflow/dags/producer.py for tasks to queue
[2024-09-28T14:18:39.117+0000] {logging_mixin.py:120} INFO - [2024-09-28T14:18:39.116+0000] {dagbag.py:537} INFO - Filling up the DagBag from /opt/airflow/dags/producer.py
[2024-09-28T14:18:39.253+0000] {processor.py:766} INFO - DAG(s) dict_keys(['producer']) retrieved from /opt/airflow/dags/producer.py
[2024-09-28T14:18:40.123+0000] {logging_mixin.py:120} INFO - [2024-09-28T14:18:40.122+0000] {dag.py:2585} INFO - Sync 1 DAGs
[2024-09-28T14:18:40.306+0000] {logging_mixin.py:120} INFO - [2024-09-28T14:18:40.305+0000] {dag.py:3340} INFO - Setting next_dagrun for producer to 2024-09-28T00:00:00+00:00, run_after=2024-09-29T00:00:00+00:00
[2024-09-28T14:18:40.427+0000] {processor.py:176} INFO - Processing /opt/airflow/dags/producer.py took 1.349 seconds
[2024-09-28T14:19:14.828+0000] {processor.py:154} INFO - Started process (PID=33868) to work on /opt/airflow/dags/producer.py
[2024-09-28T14:19:14.837+0000] {processor.py:756} INFO - Processing file /opt/airflow/dags/producer.py for tasks to queue
[2024-09-28T14:19:14.843+0000] {logging_mixin.py:120} INFO - [2024-09-28T14:19:14.842+0000] {dagbag.py:537} INFO - Filling up the DagBag from /opt/airflow/dags/producer.py
[2024-09-28T14:19:14.982+0000] {processor.py:766} INFO - DAG(s) dict_keys(['producer']) retrieved from /opt/airflow/dags/producer.py
[2024-09-28T14:19:15.223+0000] {logging_mixin.py:120} INFO - [2024-09-28T14:19:15.222+0000] {dag.py:2585} INFO - Sync 1 DAGs
[2024-09-28T14:19:15.925+0000] {logging_mixin.py:120} INFO - [2024-09-28T14:19:15.924+0000] {dag.py:3340} INFO - Setting next_dagrun for producer to 2024-09-28T00:00:00+00:00, run_after=2024-09-29T00:00:00+00:00
[2024-09-28T14:19:16.031+0000] {processor.py:176} INFO - Processing /opt/airflow/dags/producer.py took 1.224 seconds
[2024-09-28T14:19:49.078+0000] {processor.py:154} INFO - Started process (PID=33929) to work on /opt/airflow/dags/producer.py
[2024-09-28T14:19:49.088+0000] {processor.py:756} INFO - Processing file /opt/airflow/dags/producer.py for tasks to queue
[2024-09-28T14:19:49.093+0000] {logging_mixin.py:120} INFO - [2024-09-28T14:19:49.092+0000] {dagbag.py:537} INFO - Filling up the DagBag from /opt/airflow/dags/producer.py
[2024-09-28T14:19:49.296+0000] {processor.py:766} INFO - DAG(s) dict_keys(['producer']) retrieved from /opt/airflow/dags/producer.py
[2024-09-28T14:19:50.267+0000] {logging_mixin.py:120} INFO - [2024-09-28T14:19:50.266+0000] {dag.py:2585} INFO - Sync 1 DAGs
[2024-09-28T14:19:50.434+0000] {logging_mixin.py:120} INFO - [2024-09-28T14:19:50.434+0000] {dag.py:3340} INFO - Setting next_dagrun for producer to 2024-09-28T00:00:00+00:00, run_after=2024-09-29T00:00:00+00:00
[2024-09-28T14:19:50.602+0000] {processor.py:176} INFO - Processing /opt/airflow/dags/producer.py took 1.547 seconds
[2024-09-28T14:20:20.938+0000] {processor.py:154} INFO - Started process (PID=33992) to work on /opt/airflow/dags/producer.py
[2024-09-28T14:20:20.950+0000] {processor.py:756} INFO - Processing file /opt/airflow/dags/producer.py for tasks to queue
[2024-09-28T14:20:20.958+0000] {logging_mixin.py:120} INFO - [2024-09-28T14:20:20.957+0000] {dagbag.py:537} INFO - Filling up the DagBag from /opt/airflow/dags/producer.py
[2024-09-28T14:20:21.139+0000] {processor.py:766} INFO - DAG(s) dict_keys(['producer']) retrieved from /opt/airflow/dags/producer.py
[2024-09-28T14:20:22.062+0000] {logging_mixin.py:120} INFO - [2024-09-28T14:20:22.061+0000] {dag.py:2585} INFO - Sync 1 DAGs
[2024-09-28T14:20:22.237+0000] {logging_mixin.py:120} INFO - [2024-09-28T14:20:22.235+0000] {dag.py:3340} INFO - Setting next_dagrun for producer to 2024-09-28T00:00:00+00:00, run_after=2024-09-29T00:00:00+00:00
[2024-09-28T14:20:22.359+0000] {processor.py:176} INFO - Processing /opt/airflow/dags/producer.py took 1.441 seconds
[2024-09-28T14:35:52.793+0000] {processor.py:154} INFO - Started process (PID=34052) to work on /opt/airflow/dags/producer.py
[2024-09-28T14:35:52.811+0000] {processor.py:756} INFO - Processing file /opt/airflow/dags/producer.py for tasks to queue
[2024-09-28T14:35:52.818+0000] {logging_mixin.py:120} INFO - [2024-09-28T14:35:52.817+0000] {dagbag.py:537} INFO - Filling up the DagBag from /opt/airflow/dags/producer.py
[2024-09-28T14:35:53.063+0000] {processor.py:766} INFO - DAG(s) dict_keys(['producer']) retrieved from /opt/airflow/dags/producer.py
[2024-09-28T14:35:54.293+0000] {logging_mixin.py:120} INFO - [2024-09-28T14:35:54.292+0000] {dag.py:2585} INFO - Sync 1 DAGs
[2024-09-28T14:35:54.587+0000] {logging_mixin.py:120} INFO - [2024-09-28T14:35:54.586+0000] {dag.py:3340} INFO - Setting next_dagrun for producer to 2024-09-28T00:00:00+00:00, run_after=2024-09-29T00:00:00+00:00
[2024-09-28T14:35:54.800+0000] {processor.py:176} INFO - Processing /opt/airflow/dags/producer.py took 2.048 seconds
[2024-09-28T14:36:42.755+0000] {processor.py:154} INFO - Started process (PID=34117) to work on /opt/airflow/dags/producer.py
[2024-09-28T14:36:42.769+0000] {processor.py:756} INFO - Processing file /opt/airflow/dags/producer.py for tasks to queue
[2024-09-28T14:36:42.775+0000] {logging_mixin.py:120} INFO - [2024-09-28T14:36:42.774+0000] {dagbag.py:537} INFO - Filling up the DagBag from /opt/airflow/dags/producer.py
[2024-09-28T14:36:42.959+0000] {processor.py:766} INFO - DAG(s) dict_keys(['producer']) retrieved from /opt/airflow/dags/producer.py
[2024-09-28T14:36:43.280+0000] {logging_mixin.py:120} INFO - [2024-09-28T14:36:43.278+0000] {dag.py:2585} INFO - Sync 1 DAGs
[2024-09-28T14:36:44.311+0000] {logging_mixin.py:120} INFO - [2024-09-28T14:36:44.309+0000] {dag.py:3340} INFO - Setting next_dagrun for producer to 2024-09-28T00:00:00+00:00, run_after=2024-09-29T00:00:00+00:00
[2024-09-28T14:36:44.483+0000] {processor.py:176} INFO - Processing /opt/airflow/dags/producer.py took 1.753 seconds
[2024-09-28T14:37:18.234+0000] {processor.py:154} INFO - Started process (PID=34180) to work on /opt/airflow/dags/producer.py
[2024-09-28T14:37:18.247+0000] {processor.py:756} INFO - Processing file /opt/airflow/dags/producer.py for tasks to queue
[2024-09-28T14:37:18.252+0000] {logging_mixin.py:120} INFO - [2024-09-28T14:37:18.251+0000] {dagbag.py:537} INFO - Filling up the DagBag from /opt/airflow/dags/producer.py
[2024-09-28T14:37:18.428+0000] {processor.py:766} INFO - DAG(s) dict_keys(['producer']) retrieved from /opt/airflow/dags/producer.py
[2024-09-28T14:37:19.468+0000] {logging_mixin.py:120} INFO - [2024-09-28T14:37:19.467+0000] {dag.py:2585} INFO - Sync 1 DAGs
[2024-09-28T14:37:19.655+0000] {logging_mixin.py:120} INFO - [2024-09-28T14:37:19.654+0000] {dag.py:3340} INFO - Setting next_dagrun for producer to 2024-09-28T00:00:00+00:00, run_after=2024-09-29T00:00:00+00:00
[2024-09-28T14:37:19.806+0000] {processor.py:176} INFO - Processing /opt/airflow/dags/producer.py took 1.603 seconds
[2024-09-28T14:37:52.453+0000] {processor.py:154} INFO - Started process (PID=34243) to work on /opt/airflow/dags/producer.py
[2024-09-28T14:37:52.466+0000] {processor.py:756} INFO - Processing file /opt/airflow/dags/producer.py for tasks to queue
[2024-09-28T14:37:52.471+0000] {logging_mixin.py:120} INFO - [2024-09-28T14:37:52.470+0000] {dagbag.py:537} INFO - Filling up the DagBag from /opt/airflow/dags/producer.py
[2024-09-28T14:37:52.643+0000] {processor.py:766} INFO - DAG(s) dict_keys(['producer']) retrieved from /opt/airflow/dags/producer.py
[2024-09-28T14:37:53.528+0000] {logging_mixin.py:120} INFO - [2024-09-28T14:37:53.527+0000] {dag.py:2585} INFO - Sync 1 DAGs
[2024-09-28T14:37:53.717+0000] {logging_mixin.py:120} INFO - [2024-09-28T14:37:53.717+0000] {dag.py:3340} INFO - Setting next_dagrun for producer to 2024-09-28T00:00:00+00:00, run_after=2024-09-29T00:00:00+00:00
[2024-09-28T14:37:53.853+0000] {processor.py:176} INFO - Processing /opt/airflow/dags/producer.py took 1.434 seconds
[2024-09-28T14:38:24.114+0000] {processor.py:154} INFO - Started process (PID=34297) to work on /opt/airflow/dags/producer.py
[2024-09-28T14:38:24.125+0000] {processor.py:756} INFO - Processing file /opt/airflow/dags/producer.py for tasks to queue
[2024-09-28T14:38:24.130+0000] {logging_mixin.py:120} INFO - [2024-09-28T14:38:24.129+0000] {dagbag.py:537} INFO - Filling up the DagBag from /opt/airflow/dags/producer.py
[2024-09-28T14:38:24.271+0000] {processor.py:766} INFO - DAG(s) dict_keys(['producer']) retrieved from /opt/airflow/dags/producer.py
[2024-09-28T14:38:24.861+0000] {logging_mixin.py:120} INFO - [2024-09-28T14:38:24.860+0000] {dag.py:2585} INFO - Sync 1 DAGs
[2024-09-28T14:38:25.007+0000] {logging_mixin.py:120} INFO - [2024-09-28T14:38:25.006+0000] {dag.py:3340} INFO - Setting next_dagrun for producer to 2024-09-28T00:00:00+00:00, run_after=2024-09-29T00:00:00+00:00
[2024-09-28T14:38:25.109+0000] {processor.py:176} INFO - Processing /opt/airflow/dags/producer.py took 1.019 seconds
[2024-09-28T14:38:55.191+0000] {processor.py:154} INFO - Started process (PID=34360) to work on /opt/airflow/dags/producer.py
[2024-09-28T14:38:55.195+0000] {processor.py:756} INFO - Processing file /opt/airflow/dags/producer.py for tasks to queue
[2024-09-28T14:38:55.197+0000] {logging_mixin.py:120} INFO - [2024-09-28T14:38:55.196+0000] {dagbag.py:537} INFO - Filling up the DagBag from /opt/airflow/dags/producer.py
[2024-09-28T14:38:55.422+0000] {processor.py:766} INFO - DAG(s) dict_keys(['producer']) retrieved from /opt/airflow/dags/producer.py
[2024-09-28T14:38:55.465+0000] {logging_mixin.py:120} INFO - [2024-09-28T14:38:55.465+0000] {dag.py:2585} INFO - Sync 1 DAGs
[2024-09-28T14:38:55.498+0000] {logging_mixin.py:120} INFO - [2024-09-28T14:38:55.498+0000] {dag.py:3340} INFO - Setting next_dagrun for producer to 2024-09-28T00:00:00+00:00, run_after=2024-09-29T00:00:00+00:00
[2024-09-28T14:38:55.524+0000] {processor.py:176} INFO - Processing /opt/airflow/dags/producer.py took 0.337 seconds
[2024-09-28T14:57:03.975+0000] {processor.py:154} INFO - Started process (PID=34409) to work on /opt/airflow/dags/producer.py
[2024-09-28T14:57:03.989+0000] {processor.py:756} INFO - Processing file /opt/airflow/dags/producer.py for tasks to queue
[2024-09-28T14:57:03.999+0000] {logging_mixin.py:120} INFO - [2024-09-28T14:57:03.997+0000] {dagbag.py:537} INFO - Filling up the DagBag from /opt/airflow/dags/producer.py
[2024-09-28T14:57:04.287+0000] {processor.py:766} INFO - DAG(s) dict_keys(['producer']) retrieved from /opt/airflow/dags/producer.py
[2024-09-28T14:57:04.727+0000] {logging_mixin.py:120} INFO - [2024-09-28T14:57:04.726+0000] {dag.py:2585} INFO - Sync 1 DAGs
[2024-09-28T14:57:05.035+0000] {logging_mixin.py:120} INFO - [2024-09-28T14:57:05.035+0000] {dag.py:3340} INFO - Setting next_dagrun for producer to 2024-09-28T00:00:00+00:00, run_after=2024-09-29T00:00:00+00:00
[2024-09-28T14:57:05.290+0000] {processor.py:176} INFO - Processing /opt/airflow/dags/producer.py took 1.360 seconds
[2024-09-28T14:57:38.970+0000] {processor.py:154} INFO - Started process (PID=34472) to work on /opt/airflow/dags/producer.py
[2024-09-28T14:57:38.984+0000] {processor.py:756} INFO - Processing file /opt/airflow/dags/producer.py for tasks to queue
[2024-09-28T14:57:38.990+0000] {logging_mixin.py:120} INFO - [2024-09-28T14:57:38.990+0000] {dagbag.py:537} INFO - Filling up the DagBag from /opt/airflow/dags/producer.py
[2024-09-28T14:57:39.268+0000] {processor.py:766} INFO - DAG(s) dict_keys(['producer']) retrieved from /opt/airflow/dags/producer.py
[2024-09-28T14:57:39.696+0000] {logging_mixin.py:120} INFO - [2024-09-28T14:57:39.694+0000] {dag.py:2585} INFO - Sync 1 DAGs
[2024-09-28T14:57:40.032+0000] {logging_mixin.py:120} INFO - [2024-09-28T14:57:40.031+0000] {dag.py:3340} INFO - Setting next_dagrun for producer to 2024-09-28T00:00:00+00:00, run_after=2024-09-29T00:00:00+00:00
[2024-09-28T14:57:40.245+0000] {processor.py:176} INFO - Processing /opt/airflow/dags/producer.py took 1.309 seconds
[2024-09-28T14:58:10.872+0000] {processor.py:154} INFO - Started process (PID=34533) to work on /opt/airflow/dags/producer.py
[2024-09-28T14:58:10.886+0000] {processor.py:756} INFO - Processing file /opt/airflow/dags/producer.py for tasks to queue
[2024-09-28T14:58:10.892+0000] {logging_mixin.py:120} INFO - [2024-09-28T14:58:10.891+0000] {dagbag.py:537} INFO - Filling up the DagBag from /opt/airflow/dags/producer.py
[2024-09-28T14:58:11.073+0000] {processor.py:766} INFO - DAG(s) dict_keys(['producer']) retrieved from /opt/airflow/dags/producer.py
[2024-09-28T14:58:11.365+0000] {logging_mixin.py:120} INFO - [2024-09-28T14:58:11.364+0000] {dag.py:2585} INFO - Sync 1 DAGs
[2024-09-28T14:58:11.598+0000] {logging_mixin.py:120} INFO - [2024-09-28T14:58:11.597+0000] {dag.py:3340} INFO - Setting next_dagrun for producer to 2024-09-28T00:00:00+00:00, run_after=2024-09-29T00:00:00+00:00
[2024-09-28T14:58:11.829+0000] {processor.py:176} INFO - Processing /opt/airflow/dags/producer.py took 0.983 seconds
[2024-09-28T14:58:41.946+0000] {processor.py:154} INFO - Started process (PID=34590) to work on /opt/airflow/dags/producer.py
[2024-09-28T14:58:41.958+0000] {processor.py:756} INFO - Processing file /opt/airflow/dags/producer.py for tasks to queue
[2024-09-28T14:58:41.962+0000] {logging_mixin.py:120} INFO - [2024-09-28T14:58:41.962+0000] {dagbag.py:537} INFO - Filling up the DagBag from /opt/airflow/dags/producer.py
[2024-09-28T14:58:42.102+0000] {processor.py:766} INFO - DAG(s) dict_keys(['producer']) retrieved from /opt/airflow/dags/producer.py
[2024-09-28T14:58:42.327+0000] {logging_mixin.py:120} INFO - [2024-09-28T14:58:42.326+0000] {dag.py:2585} INFO - Sync 1 DAGs
[2024-09-28T14:58:42.484+0000] {logging_mixin.py:120} INFO - [2024-09-28T14:58:42.483+0000] {dag.py:3340} INFO - Setting next_dagrun for producer to 2024-09-28T00:00:00+00:00, run_after=2024-09-29T00:00:00+00:00
[2024-09-28T14:58:42.638+0000] {processor.py:176} INFO - Processing /opt/airflow/dags/producer.py took 0.718 seconds
[2024-09-28T14:59:12.995+0000] {processor.py:154} INFO - Started process (PID=34653) to work on /opt/airflow/dags/producer.py
[2024-09-28T14:59:13.010+0000] {processor.py:756} INFO - Processing file /opt/airflow/dags/producer.py for tasks to queue
[2024-09-28T14:59:13.018+0000] {logging_mixin.py:120} INFO - [2024-09-28T14:59:13.017+0000] {dagbag.py:537} INFO - Filling up the DagBag from /opt/airflow/dags/producer.py
[2024-09-28T14:59:13.225+0000] {processor.py:766} INFO - DAG(s) dict_keys(['producer']) retrieved from /opt/airflow/dags/producer.py
[2024-09-28T14:59:13.672+0000] {logging_mixin.py:120} INFO - [2024-09-28T14:59:13.671+0000] {dag.py:2585} INFO - Sync 1 DAGs
[2024-09-28T14:59:13.938+0000] {logging_mixin.py:120} INFO - [2024-09-28T14:59:13.936+0000] {dag.py:3340} INFO - Setting next_dagrun for producer to 2024-09-28T00:00:00+00:00, run_after=2024-09-29T00:00:00+00:00
[2024-09-28T14:59:14.130+0000] {processor.py:176} INFO - Processing /opt/airflow/dags/producer.py took 1.168 seconds
[2024-09-28T14:59:46.374+0000] {processor.py:154} INFO - Started process (PID=34707) to work on /opt/airflow/dags/producer.py
[2024-09-28T14:59:46.384+0000] {processor.py:756} INFO - Processing file /opt/airflow/dags/producer.py for tasks to queue
[2024-09-28T14:59:46.388+0000] {logging_mixin.py:120} INFO - [2024-09-28T14:59:46.388+0000] {dagbag.py:537} INFO - Filling up the DagBag from /opt/airflow/dags/producer.py
[2024-09-28T14:59:46.542+0000] {processor.py:766} INFO - DAG(s) dict_keys(['producer']) retrieved from /opt/airflow/dags/producer.py
[2024-09-28T14:59:46.789+0000] {logging_mixin.py:120} INFO - [2024-09-28T14:59:46.789+0000] {dag.py:2585} INFO - Sync 1 DAGs
[2024-09-28T14:59:46.984+0000] {logging_mixin.py:120} INFO - [2024-09-28T14:59:46.983+0000] {dag.py:3340} INFO - Setting next_dagrun for producer to 2024-09-28T00:00:00+00:00, run_after=2024-09-29T00:00:00+00:00
[2024-09-28T14:59:47.125+0000] {processor.py:176} INFO - Processing /opt/airflow/dags/producer.py took 0.775 seconds
[2024-09-28T15:00:18.012+0000] {processor.py:154} INFO - Started process (PID=34771) to work on /opt/airflow/dags/producer.py
[2024-09-28T15:00:18.019+0000] {processor.py:756} INFO - Processing file /opt/airflow/dags/producer.py for tasks to queue
[2024-09-28T15:00:18.022+0000] {logging_mixin.py:120} INFO - [2024-09-28T15:00:18.021+0000] {dagbag.py:537} INFO - Filling up the DagBag from /opt/airflow/dags/producer.py
[2024-09-28T15:00:18.147+0000] {processor.py:766} INFO - DAG(s) dict_keys(['producer']) retrieved from /opt/airflow/dags/producer.py
[2024-09-28T15:00:18.362+0000] {logging_mixin.py:120} INFO - [2024-09-28T15:00:18.361+0000] {dag.py:2585} INFO - Sync 1 DAGs
[2024-09-28T15:00:18.492+0000] {logging_mixin.py:120} INFO - [2024-09-28T15:00:18.492+0000] {dag.py:3340} INFO - Setting next_dagrun for producer to 2024-09-28T00:00:00+00:00, run_after=2024-09-29T00:00:00+00:00
[2024-09-28T15:00:18.592+0000] {processor.py:176} INFO - Processing /opt/airflow/dags/producer.py took 0.596 seconds
[2024-09-28T15:00:50.039+0000] {processor.py:154} INFO - Started process (PID=34834) to work on /opt/airflow/dags/producer.py
[2024-09-28T15:00:50.055+0000] {processor.py:756} INFO - Processing file /opt/airflow/dags/producer.py for tasks to queue
[2024-09-28T15:00:50.060+0000] {logging_mixin.py:120} INFO - [2024-09-28T15:00:50.060+0000] {dagbag.py:537} INFO - Filling up the DagBag from /opt/airflow/dags/producer.py
[2024-09-28T15:00:50.272+0000] {processor.py:766} INFO - DAG(s) dict_keys(['producer']) retrieved from /opt/airflow/dags/producer.py
[2024-09-28T15:00:50.590+0000] {logging_mixin.py:120} INFO - [2024-09-28T15:00:50.589+0000] {dag.py:2585} INFO - Sync 1 DAGs
[2024-09-28T15:00:50.807+0000] {logging_mixin.py:120} INFO - [2024-09-28T15:00:50.807+0000] {dag.py:3340} INFO - Setting next_dagrun for producer to 2024-09-28T00:00:00+00:00, run_after=2024-09-29T00:00:00+00:00
[2024-09-28T15:00:50.964+0000] {processor.py:176} INFO - Processing /opt/airflow/dags/producer.py took 0.947 seconds
[2024-09-28T15:01:21.997+0000] {processor.py:154} INFO - Started process (PID=34897) to work on /opt/airflow/dags/producer.py
[2024-09-28T15:01:22.005+0000] {processor.py:756} INFO - Processing file /opt/airflow/dags/producer.py for tasks to queue
[2024-09-28T15:01:22.008+0000] {logging_mixin.py:120} INFO - [2024-09-28T15:01:22.007+0000] {dagbag.py:537} INFO - Filling up the DagBag from /opt/airflow/dags/producer.py
[2024-09-28T15:01:22.097+0000] {processor.py:766} INFO - DAG(s) dict_keys(['producer']) retrieved from /opt/airflow/dags/producer.py
[2024-09-28T15:01:22.280+0000] {logging_mixin.py:120} INFO - [2024-09-28T15:01:22.279+0000] {dag.py:2585} INFO - Sync 1 DAGs
[2024-09-28T15:01:22.411+0000] {logging_mixin.py:120} INFO - [2024-09-28T15:01:22.411+0000] {dag.py:3340} INFO - Setting next_dagrun for producer to 2024-09-28T00:00:00+00:00, run_after=2024-09-29T00:00:00+00:00
[2024-09-28T15:01:22.494+0000] {processor.py:176} INFO - Processing /opt/airflow/dags/producer.py took 0.508 seconds
[2024-09-28T15:01:53.288+0000] {processor.py:154} INFO - Started process (PID=34960) to work on /opt/airflow/dags/producer.py
[2024-09-28T15:01:53.296+0000] {processor.py:756} INFO - Processing file /opt/airflow/dags/producer.py for tasks to queue
[2024-09-28T15:01:53.299+0000] {logging_mixin.py:120} INFO - [2024-09-28T15:01:53.298+0000] {dagbag.py:537} INFO - Filling up the DagBag from /opt/airflow/dags/producer.py
[2024-09-28T15:01:53.380+0000] {processor.py:766} INFO - DAG(s) dict_keys(['producer']) retrieved from /opt/airflow/dags/producer.py
[2024-09-28T15:01:53.531+0000] {logging_mixin.py:120} INFO - [2024-09-28T15:01:53.530+0000] {dag.py:2585} INFO - Sync 1 DAGs
[2024-09-28T15:01:53.617+0000] {logging_mixin.py:120} INFO - [2024-09-28T15:01:53.616+0000] {dag.py:3340} INFO - Setting next_dagrun for producer to 2024-09-28T00:00:00+00:00, run_after=2024-09-29T00:00:00+00:00
[2024-09-28T15:01:53.688+0000] {processor.py:176} INFO - Processing /opt/airflow/dags/producer.py took 0.411 seconds
[2024-09-28T15:02:23.862+0000] {processor.py:154} INFO - Started process (PID=35023) to work on /opt/airflow/dags/producer.py
[2024-09-28T15:02:23.868+0000] {processor.py:756} INFO - Processing file /opt/airflow/dags/producer.py for tasks to queue
[2024-09-28T15:02:23.871+0000] {logging_mixin.py:120} INFO - [2024-09-28T15:02:23.870+0000] {dagbag.py:537} INFO - Filling up the DagBag from /opt/airflow/dags/producer.py
[2024-09-28T15:02:23.971+0000] {processor.py:766} INFO - DAG(s) dict_keys(['producer']) retrieved from /opt/airflow/dags/producer.py
[2024-09-28T15:02:24.129+0000] {logging_mixin.py:120} INFO - [2024-09-28T15:02:24.128+0000] {dag.py:2585} INFO - Sync 1 DAGs
[2024-09-28T15:02:24.230+0000] {logging_mixin.py:120} INFO - [2024-09-28T15:02:24.229+0000] {dag.py:3340} INFO - Setting next_dagrun for producer to 2024-09-28T00:00:00+00:00, run_after=2024-09-29T00:00:00+00:00
[2024-09-28T15:02:24.305+0000] {processor.py:176} INFO - Processing /opt/airflow/dags/producer.py took 0.455 seconds
[2024-09-28T15:02:54.846+0000] {processor.py:154} INFO - Started process (PID=35085) to work on /opt/airflow/dags/producer.py
[2024-09-28T15:02:54.856+0000] {processor.py:756} INFO - Processing file /opt/airflow/dags/producer.py for tasks to queue
[2024-09-28T15:02:54.861+0000] {logging_mixin.py:120} INFO - [2024-09-28T15:02:54.860+0000] {dagbag.py:537} INFO - Filling up the DagBag from /opt/airflow/dags/producer.py
[2024-09-28T15:02:54.987+0000] {processor.py:766} INFO - DAG(s) dict_keys(['producer']) retrieved from /opt/airflow/dags/producer.py
[2024-09-28T15:02:55.159+0000] {logging_mixin.py:120} INFO - [2024-09-28T15:02:55.158+0000] {dag.py:2585} INFO - Sync 1 DAGs
[2024-09-28T15:02:55.276+0000] {logging_mixin.py:120} INFO - [2024-09-28T15:02:55.276+0000] {dag.py:3340} INFO - Setting next_dagrun for producer to 2024-09-28T00:00:00+00:00, run_after=2024-09-29T00:00:00+00:00
[2024-09-28T15:02:55.363+0000] {processor.py:176} INFO - Processing /opt/airflow/dags/producer.py took 0.544 seconds
[2024-09-28T15:03:26.020+0000] {processor.py:154} INFO - Started process (PID=35148) to work on /opt/airflow/dags/producer.py
[2024-09-28T15:03:26.029+0000] {processor.py:756} INFO - Processing file /opt/airflow/dags/producer.py for tasks to queue
[2024-09-28T15:03:26.032+0000] {logging_mixin.py:120} INFO - [2024-09-28T15:03:26.031+0000] {dagbag.py:537} INFO - Filling up the DagBag from /opt/airflow/dags/producer.py
[2024-09-28T15:03:26.138+0000] {processor.py:766} INFO - DAG(s) dict_keys(['producer']) retrieved from /opt/airflow/dags/producer.py
[2024-09-28T15:03:26.298+0000] {logging_mixin.py:120} INFO - [2024-09-28T15:03:26.297+0000] {dag.py:2585} INFO - Sync 1 DAGs
[2024-09-28T15:03:26.416+0000] {logging_mixin.py:120} INFO - [2024-09-28T15:03:26.416+0000] {dag.py:3340} INFO - Setting next_dagrun for producer to 2024-09-28T00:00:00+00:00, run_after=2024-09-29T00:00:00+00:00
[2024-09-28T15:03:26.495+0000] {processor.py:176} INFO - Processing /opt/airflow/dags/producer.py took 0.489 seconds
[2024-09-28T15:03:57.324+0000] {processor.py:154} INFO - Started process (PID=35210) to work on /opt/airflow/dags/producer.py
[2024-09-28T15:03:57.329+0000] {processor.py:756} INFO - Processing file /opt/airflow/dags/producer.py for tasks to queue
[2024-09-28T15:03:57.332+0000] {logging_mixin.py:120} INFO - [2024-09-28T15:03:57.332+0000] {dagbag.py:537} INFO - Filling up the DagBag from /opt/airflow/dags/producer.py
[2024-09-28T15:03:57.451+0000] {processor.py:766} INFO - DAG(s) dict_keys(['producer']) retrieved from /opt/airflow/dags/producer.py
[2024-09-28T15:03:57.616+0000] {logging_mixin.py:120} INFO - [2024-09-28T15:03:57.616+0000] {dag.py:2585} INFO - Sync 1 DAGs
[2024-09-28T15:03:57.705+0000] {logging_mixin.py:120} INFO - [2024-09-28T15:03:57.705+0000] {dag.py:3340} INFO - Setting next_dagrun for producer to 2024-09-28T00:00:00+00:00, run_after=2024-09-29T00:00:00+00:00
[2024-09-28T15:03:57.773+0000] {processor.py:176} INFO - Processing /opt/airflow/dags/producer.py took 0.459 seconds
[2024-09-28T15:04:28.291+0000] {processor.py:154} INFO - Started process (PID=35279) to work on /opt/airflow/dags/producer.py
[2024-09-28T15:04:28.297+0000] {processor.py:756} INFO - Processing file /opt/airflow/dags/producer.py for tasks to queue
[2024-09-28T15:04:28.303+0000] {logging_mixin.py:120} INFO - [2024-09-28T15:04:28.302+0000] {dagbag.py:537} INFO - Filling up the DagBag from /opt/airflow/dags/producer.py
[2024-09-28T15:04:28.394+0000] {processor.py:766} INFO - DAG(s) dict_keys(['producer']) retrieved from /opt/airflow/dags/producer.py
[2024-09-28T15:04:28.536+0000] {logging_mixin.py:120} INFO - [2024-09-28T15:04:28.535+0000] {dag.py:2585} INFO - Sync 1 DAGs
[2024-09-28T15:04:28.655+0000] {logging_mixin.py:120} INFO - [2024-09-28T15:04:28.654+0000] {dag.py:3340} INFO - Setting next_dagrun for producer to 2024-09-28T00:00:00+00:00, run_after=2024-09-29T00:00:00+00:00
[2024-09-28T15:04:28.750+0000] {processor.py:176} INFO - Processing /opt/airflow/dags/producer.py took 0.471 seconds
[2024-09-28T15:12:57.765+0000] {processor.py:154} INFO - Started process (PID=35338) to work on /opt/airflow/dags/producer.py
[2024-09-28T15:12:57.773+0000] {processor.py:756} INFO - Processing file /opt/airflow/dags/producer.py for tasks to queue
[2024-09-28T15:12:57.776+0000] {logging_mixin.py:120} INFO - [2024-09-28T15:12:57.776+0000] {dagbag.py:537} INFO - Filling up the DagBag from /opt/airflow/dags/producer.py
[2024-09-28T15:12:58.025+0000] {processor.py:766} INFO - DAG(s) dict_keys(['producer']) retrieved from /opt/airflow/dags/producer.py
[2024-09-28T15:12:58.446+0000] {logging_mixin.py:120} INFO - [2024-09-28T15:12:58.445+0000] {dag.py:2585} INFO - Sync 1 DAGs
[2024-09-28T15:12:58.535+0000] {logging_mixin.py:120} INFO - [2024-09-28T15:12:58.534+0000] {dag.py:3340} INFO - Setting next_dagrun for producer to 2024-09-28T00:00:00+00:00, run_after=2024-09-29T00:00:00+00:00
[2024-09-28T15:12:58.591+0000] {processor.py:176} INFO - Processing /opt/airflow/dags/producer.py took 0.843 seconds
[2024-09-28T15:13:28.899+0000] {processor.py:154} INFO - Started process (PID=35400) to work on /opt/airflow/dags/producer.py
[2024-09-28T15:13:28.914+0000] {processor.py:756} INFO - Processing file /opt/airflow/dags/producer.py for tasks to queue
[2024-09-28T15:13:28.919+0000] {logging_mixin.py:120} INFO - [2024-09-28T15:13:28.918+0000] {dagbag.py:537} INFO - Filling up the DagBag from /opt/airflow/dags/producer.py
[2024-09-28T15:13:28.959+0000] {processor.py:766} INFO - DAG(s) dict_keys(['producer']) retrieved from /opt/airflow/dags/producer.py
[2024-09-28T15:13:29.055+0000] {logging_mixin.py:120} INFO - [2024-09-28T15:13:29.055+0000] {dag.py:2585} INFO - Sync 1 DAGs
[2024-09-28T15:13:29.128+0000] {logging_mixin.py:120} INFO - [2024-09-28T15:13:29.127+0000] {dag.py:3340} INFO - Setting next_dagrun for producer to 2024-09-28T00:00:00+00:00, run_after=2024-09-29T00:00:00+00:00
[2024-09-28T15:13:29.189+0000] {processor.py:176} INFO - Processing /opt/airflow/dags/producer.py took 0.295 seconds
[2024-09-28T15:13:59.502+0000] {processor.py:154} INFO - Started process (PID=35463) to work on /opt/airflow/dags/producer.py
[2024-09-28T15:13:59.504+0000] {processor.py:756} INFO - Processing file /opt/airflow/dags/producer.py for tasks to queue
[2024-09-28T15:13:59.505+0000] {logging_mixin.py:120} INFO - [2024-09-28T15:13:59.505+0000] {dagbag.py:537} INFO - Filling up the DagBag from /opt/airflow/dags/producer.py
[2024-09-28T15:13:59.537+0000] {processor.py:766} INFO - DAG(s) dict_keys(['producer']) retrieved from /opt/airflow/dags/producer.py
[2024-09-28T15:13:59.588+0000] {logging_mixin.py:120} INFO - [2024-09-28T15:13:59.588+0000] {dag.py:2585} INFO - Sync 1 DAGs
[2024-09-28T15:13:59.617+0000] {logging_mixin.py:120} INFO - [2024-09-28T15:13:59.616+0000] {dag.py:3340} INFO - Setting next_dagrun for producer to 2024-09-28T00:00:00+00:00, run_after=2024-09-29T00:00:00+00:00
[2024-09-28T15:13:59.650+0000] {processor.py:176} INFO - Processing /opt/airflow/dags/producer.py took 0.151 seconds
[2024-09-28T15:14:30.350+0000] {processor.py:154} INFO - Started process (PID=35533) to work on /opt/airflow/dags/producer.py
[2024-09-28T15:14:30.352+0000] {processor.py:756} INFO - Processing file /opt/airflow/dags/producer.py for tasks to queue
[2024-09-28T15:14:30.354+0000] {logging_mixin.py:120} INFO - [2024-09-28T15:14:30.354+0000] {dagbag.py:537} INFO - Filling up the DagBag from /opt/airflow/dags/producer.py
[2024-09-28T15:14:30.386+0000] {processor.py:766} INFO - DAG(s) dict_keys(['producer']) retrieved from /opt/airflow/dags/producer.py
[2024-09-28T15:14:30.429+0000] {logging_mixin.py:120} INFO - [2024-09-28T15:14:30.429+0000] {dag.py:2585} INFO - Sync 1 DAGs
[2024-09-28T15:14:30.456+0000] {logging_mixin.py:120} INFO - [2024-09-28T15:14:30.456+0000] {dag.py:3340} INFO - Setting next_dagrun for producer to 2024-09-28T00:00:00+00:00, run_after=2024-09-29T00:00:00+00:00
[2024-09-28T15:14:30.479+0000] {processor.py:176} INFO - Processing /opt/airflow/dags/producer.py took 0.133 seconds
[2024-09-28T15:15:01.000+0000] {processor.py:154} INFO - Started process (PID=35605) to work on /opt/airflow/dags/producer.py
[2024-09-28T15:15:01.003+0000] {processor.py:756} INFO - Processing file /opt/airflow/dags/producer.py for tasks to queue
[2024-09-28T15:15:01.004+0000] {logging_mixin.py:120} INFO - [2024-09-28T15:15:01.004+0000] {dagbag.py:537} INFO - Filling up the DagBag from /opt/airflow/dags/producer.py
[2024-09-28T15:15:01.035+0000] {processor.py:766} INFO - DAG(s) dict_keys(['producer']) retrieved from /opt/airflow/dags/producer.py
[2024-09-28T15:15:01.082+0000] {logging_mixin.py:120} INFO - [2024-09-28T15:15:01.081+0000] {dag.py:2585} INFO - Sync 1 DAGs
[2024-09-28T15:15:01.116+0000] {logging_mixin.py:120} INFO - [2024-09-28T15:15:01.116+0000] {dag.py:3340} INFO - Setting next_dagrun for producer to 2024-09-28T00:00:00+00:00, run_after=2024-09-29T00:00:00+00:00
[2024-09-28T15:15:01.147+0000] {processor.py:176} INFO - Processing /opt/airflow/dags/producer.py took 0.151 seconds
[2024-09-28T15:15:31.391+0000] {processor.py:154} INFO - Started process (PID=35676) to work on /opt/airflow/dags/producer.py
[2024-09-28T15:15:31.410+0000] {processor.py:756} INFO - Processing file /opt/airflow/dags/producer.py for tasks to queue
[2024-09-28T15:15:31.412+0000] {logging_mixin.py:120} INFO - [2024-09-28T15:15:31.412+0000] {dagbag.py:537} INFO - Filling up the DagBag from /opt/airflow/dags/producer.py
[2024-09-28T15:15:31.439+0000] {processor.py:766} INFO - DAG(s) dict_keys(['producer']) retrieved from /opt/airflow/dags/producer.py
[2024-09-28T15:15:31.494+0000] {logging_mixin.py:120} INFO - [2024-09-28T15:15:31.494+0000] {dag.py:2585} INFO - Sync 1 DAGs
[2024-09-28T15:15:31.527+0000] {logging_mixin.py:120} INFO - [2024-09-28T15:15:31.527+0000] {dag.py:3340} INFO - Setting next_dagrun for producer to 2024-09-28T00:00:00+00:00, run_after=2024-09-29T00:00:00+00:00
[2024-09-28T15:15:31.558+0000] {processor.py:176} INFO - Processing /opt/airflow/dags/producer.py took 0.171 seconds
[2024-09-28T15:16:01.823+0000] {processor.py:154} INFO - Started process (PID=35739) to work on /opt/airflow/dags/producer.py
[2024-09-28T15:16:01.825+0000] {processor.py:756} INFO - Processing file /opt/airflow/dags/producer.py for tasks to queue
[2024-09-28T15:16:01.826+0000] {logging_mixin.py:120} INFO - [2024-09-28T15:16:01.826+0000] {dagbag.py:537} INFO - Filling up the DagBag from /opt/airflow/dags/producer.py
[2024-09-28T15:16:01.852+0000] {processor.py:766} INFO - DAG(s) dict_keys(['producer']) retrieved from /opt/airflow/dags/producer.py
[2024-09-28T15:16:01.898+0000] {logging_mixin.py:120} INFO - [2024-09-28T15:16:01.898+0000] {dag.py:2585} INFO - Sync 1 DAGs
[2024-09-28T15:16:01.928+0000] {logging_mixin.py:120} INFO - [2024-09-28T15:16:01.928+0000] {dag.py:3340} INFO - Setting next_dagrun for producer to 2024-09-28T00:00:00+00:00, run_after=2024-09-29T00:00:00+00:00
[2024-09-28T15:16:01.965+0000] {processor.py:176} INFO - Processing /opt/airflow/dags/producer.py took 0.146 seconds
[2024-09-28T15:16:32.116+0000] {processor.py:154} INFO - Started process (PID=35811) to work on /opt/airflow/dags/producer.py
[2024-09-28T15:16:32.119+0000] {processor.py:756} INFO - Processing file /opt/airflow/dags/producer.py for tasks to queue
[2024-09-28T15:16:32.120+0000] {logging_mixin.py:120} INFO - [2024-09-28T15:16:32.120+0000] {dagbag.py:537} INFO - Filling up the DagBag from /opt/airflow/dags/producer.py
[2024-09-28T15:16:32.154+0000] {processor.py:766} INFO - DAG(s) dict_keys(['producer']) retrieved from /opt/airflow/dags/producer.py
[2024-09-28T15:16:32.201+0000] {logging_mixin.py:120} INFO - [2024-09-28T15:16:32.201+0000] {dag.py:2585} INFO - Sync 1 DAGs
[2024-09-28T15:16:32.231+0000] {logging_mixin.py:120} INFO - [2024-09-28T15:16:32.230+0000] {dag.py:3340} INFO - Setting next_dagrun for producer to 2024-09-28T00:00:00+00:00, run_after=2024-09-29T00:00:00+00:00
[2024-09-28T15:16:32.262+0000] {processor.py:176} INFO - Processing /opt/airflow/dags/producer.py took 0.149 seconds
[2024-09-28T15:17:02.600+0000] {processor.py:154} INFO - Started process (PID=35883) to work on /opt/airflow/dags/producer.py
[2024-09-28T15:17:02.603+0000] {processor.py:756} INFO - Processing file /opt/airflow/dags/producer.py for tasks to queue
[2024-09-28T15:17:02.604+0000] {logging_mixin.py:120} INFO - [2024-09-28T15:17:02.604+0000] {dagbag.py:537} INFO - Filling up the DagBag from /opt/airflow/dags/producer.py
[2024-09-28T15:17:02.634+0000] {processor.py:766} INFO - DAG(s) dict_keys(['producer']) retrieved from /opt/airflow/dags/producer.py
[2024-09-28T15:17:02.684+0000] {logging_mixin.py:120} INFO - [2024-09-28T15:17:02.683+0000] {dag.py:2585} INFO - Sync 1 DAGs
[2024-09-28T15:17:02.721+0000] {logging_mixin.py:120} INFO - [2024-09-28T15:17:02.721+0000] {dag.py:3340} INFO - Setting next_dagrun for producer to 2024-09-28T00:00:00+00:00, run_after=2024-09-29T00:00:00+00:00
[2024-09-28T15:17:02.748+0000] {processor.py:176} INFO - Processing /opt/airflow/dags/producer.py took 0.152 seconds
[2024-09-28T15:17:32.973+0000] {processor.py:154} INFO - Started process (PID=35946) to work on /opt/airflow/dags/producer.py
[2024-09-28T15:17:32.975+0000] {processor.py:756} INFO - Processing file /opt/airflow/dags/producer.py for tasks to queue
[2024-09-28T15:17:32.976+0000] {logging_mixin.py:120} INFO - [2024-09-28T15:17:32.975+0000] {dagbag.py:537} INFO - Filling up the DagBag from /opt/airflow/dags/producer.py
[2024-09-28T15:17:33.002+0000] {processor.py:766} INFO - DAG(s) dict_keys(['producer']) retrieved from /opt/airflow/dags/producer.py
[2024-09-28T15:17:33.047+0000] {logging_mixin.py:120} INFO - [2024-09-28T15:17:33.047+0000] {dag.py:2585} INFO - Sync 1 DAGs
[2024-09-28T15:17:33.079+0000] {logging_mixin.py:120} INFO - [2024-09-28T15:17:33.079+0000] {dag.py:3340} INFO - Setting next_dagrun for producer to 2024-09-28T00:00:00+00:00, run_after=2024-09-29T00:00:00+00:00
[2024-09-28T15:17:33.107+0000] {processor.py:176} INFO - Processing /opt/airflow/dags/producer.py took 0.138 seconds
[2024-09-28T15:18:04.016+0000] {processor.py:154} INFO - Started process (PID=36018) to work on /opt/airflow/dags/producer.py
[2024-09-28T15:18:04.018+0000] {processor.py:756} INFO - Processing file /opt/airflow/dags/producer.py for tasks to queue
[2024-09-28T15:18:04.020+0000] {logging_mixin.py:120} INFO - [2024-09-28T15:18:04.019+0000] {dagbag.py:537} INFO - Filling up the DagBag from /opt/airflow/dags/producer.py
[2024-09-28T15:18:04.047+0000] {processor.py:766} INFO - DAG(s) dict_keys(['producer']) retrieved from /opt/airflow/dags/producer.py
[2024-09-28T15:18:04.090+0000] {logging_mixin.py:120} INFO - [2024-09-28T15:18:04.090+0000] {dag.py:2585} INFO - Sync 1 DAGs
[2024-09-28T15:18:04.132+0000] {logging_mixin.py:120} INFO - [2024-09-28T15:18:04.131+0000] {dag.py:3340} INFO - Setting next_dagrun for producer to 2024-09-28T00:00:00+00:00, run_after=2024-09-29T00:00:00+00:00
[2024-09-28T15:18:04.167+0000] {processor.py:176} INFO - Processing /opt/airflow/dags/producer.py took 0.156 seconds
[2024-09-28T15:18:34.582+0000] {processor.py:154} INFO - Started process (PID=36090) to work on /opt/airflow/dags/producer.py
[2024-09-28T15:18:34.586+0000] {processor.py:756} INFO - Processing file /opt/airflow/dags/producer.py for tasks to queue
[2024-09-28T15:18:34.587+0000] {logging_mixin.py:120} INFO - [2024-09-28T15:18:34.586+0000] {dagbag.py:537} INFO - Filling up the DagBag from /opt/airflow/dags/producer.py
[2024-09-28T15:18:34.613+0000] {processor.py:766} INFO - DAG(s) dict_keys(['producer']) retrieved from /opt/airflow/dags/producer.py
[2024-09-28T15:18:34.657+0000] {logging_mixin.py:120} INFO - [2024-09-28T15:18:34.657+0000] {dag.py:2585} INFO - Sync 1 DAGs
[2024-09-28T15:18:34.687+0000] {logging_mixin.py:120} INFO - [2024-09-28T15:18:34.687+0000] {dag.py:3340} INFO - Setting next_dagrun for producer to 2024-09-28T00:00:00+00:00, run_after=2024-09-29T00:00:00+00:00
[2024-09-28T15:18:34.713+0000] {processor.py:176} INFO - Processing /opt/airflow/dags/producer.py took 0.135 seconds
[2024-09-28T15:19:05.247+0000] {processor.py:154} INFO - Started process (PID=36153) to work on /opt/airflow/dags/producer.py
[2024-09-28T15:19:05.249+0000] {processor.py:756} INFO - Processing file /opt/airflow/dags/producer.py for tasks to queue
[2024-09-28T15:19:05.250+0000] {logging_mixin.py:120} INFO - [2024-09-28T15:19:05.249+0000] {dagbag.py:537} INFO - Filling up the DagBag from /opt/airflow/dags/producer.py
[2024-09-28T15:19:05.278+0000] {processor.py:766} INFO - DAG(s) dict_keys(['producer']) retrieved from /opt/airflow/dags/producer.py
[2024-09-28T15:19:05.324+0000] {logging_mixin.py:120} INFO - [2024-09-28T15:19:05.324+0000] {dag.py:2585} INFO - Sync 1 DAGs
[2024-09-28T15:19:05.352+0000] {logging_mixin.py:120} INFO - [2024-09-28T15:19:05.352+0000] {dag.py:3340} INFO - Setting next_dagrun for producer to 2024-09-28T00:00:00+00:00, run_after=2024-09-29T00:00:00+00:00
[2024-09-28T15:19:05.379+0000] {processor.py:176} INFO - Processing /opt/airflow/dags/producer.py took 0.138 seconds
[2024-09-28T15:19:35.822+0000] {processor.py:154} INFO - Started process (PID=36225) to work on /opt/airflow/dags/producer.py
[2024-09-28T15:19:35.826+0000] {processor.py:756} INFO - Processing file /opt/airflow/dags/producer.py for tasks to queue
[2024-09-28T15:19:35.827+0000] {logging_mixin.py:120} INFO - [2024-09-28T15:19:35.827+0000] {dagbag.py:537} INFO - Filling up the DagBag from /opt/airflow/dags/producer.py
[2024-09-28T15:19:35.853+0000] {processor.py:766} INFO - DAG(s) dict_keys(['producer']) retrieved from /opt/airflow/dags/producer.py
[2024-09-28T15:19:35.898+0000] {logging_mixin.py:120} INFO - [2024-09-28T15:19:35.898+0000] {dag.py:2585} INFO - Sync 1 DAGs
[2024-09-28T15:19:35.926+0000] {logging_mixin.py:120} INFO - [2024-09-28T15:19:35.926+0000] {dag.py:3340} INFO - Setting next_dagrun for producer to 2024-09-28T00:00:00+00:00, run_after=2024-09-29T00:00:00+00:00
[2024-09-28T15:19:35.948+0000] {processor.py:176} INFO - Processing /opt/airflow/dags/producer.py took 0.130 seconds
[2024-09-28T15:20:06.290+0000] {processor.py:154} INFO - Started process (PID=36297) to work on /opt/airflow/dags/producer.py
[2024-09-28T15:20:06.292+0000] {processor.py:756} INFO - Processing file /opt/airflow/dags/producer.py for tasks to queue
[2024-09-28T15:20:06.293+0000] {logging_mixin.py:120} INFO - [2024-09-28T15:20:06.293+0000] {dagbag.py:537} INFO - Filling up the DagBag from /opt/airflow/dags/producer.py
[2024-09-28T15:20:06.318+0000] {processor.py:766} INFO - DAG(s) dict_keys(['producer']) retrieved from /opt/airflow/dags/producer.py
[2024-09-28T15:20:06.367+0000] {logging_mixin.py:120} INFO - [2024-09-28T15:20:06.367+0000] {dag.py:2585} INFO - Sync 1 DAGs
[2024-09-28T15:20:06.397+0000] {logging_mixin.py:120} INFO - [2024-09-28T15:20:06.396+0000] {dag.py:3340} INFO - Setting next_dagrun for producer to 2024-09-28T00:00:00+00:00, run_after=2024-09-29T00:00:00+00:00
[2024-09-28T15:20:06.421+0000] {processor.py:176} INFO - Processing /opt/airflow/dags/producer.py took 0.135 seconds
[2024-09-28T15:20:37.152+0000] {processor.py:154} INFO - Started process (PID=36360) to work on /opt/airflow/dags/producer.py
[2024-09-28T15:20:37.154+0000] {processor.py:756} INFO - Processing file /opt/airflow/dags/producer.py for tasks to queue
[2024-09-28T15:20:37.155+0000] {logging_mixin.py:120} INFO - [2024-09-28T15:20:37.155+0000] {dagbag.py:537} INFO - Filling up the DagBag from /opt/airflow/dags/producer.py
[2024-09-28T15:20:37.185+0000] {processor.py:766} INFO - DAG(s) dict_keys(['producer']) retrieved from /opt/airflow/dags/producer.py
[2024-09-28T15:20:37.231+0000] {logging_mixin.py:120} INFO - [2024-09-28T15:20:37.231+0000] {dag.py:2585} INFO - Sync 1 DAGs
[2024-09-28T15:20:37.260+0000] {logging_mixin.py:120} INFO - [2024-09-28T15:20:37.260+0000] {dag.py:3340} INFO - Setting next_dagrun for producer to 2024-09-28T00:00:00+00:00, run_after=2024-09-29T00:00:00+00:00
[2024-09-28T15:20:37.285+0000] {processor.py:176} INFO - Processing /opt/airflow/dags/producer.py took 0.137 seconds
[2024-09-28T15:21:07.605+0000] {processor.py:154} INFO - Started process (PID=36432) to work on /opt/airflow/dags/producer.py
[2024-09-28T15:21:07.607+0000] {processor.py:756} INFO - Processing file /opt/airflow/dags/producer.py for tasks to queue
[2024-09-28T15:21:07.608+0000] {logging_mixin.py:120} INFO - [2024-09-28T15:21:07.608+0000] {dagbag.py:537} INFO - Filling up the DagBag from /opt/airflow/dags/producer.py
[2024-09-28T15:21:07.634+0000] {processor.py:766} INFO - DAG(s) dict_keys(['producer']) retrieved from /opt/airflow/dags/producer.py
[2024-09-28T15:21:07.680+0000] {logging_mixin.py:120} INFO - [2024-09-28T15:21:07.680+0000] {dag.py:2585} INFO - Sync 1 DAGs
[2024-09-28T15:21:07.710+0000] {logging_mixin.py:120} INFO - [2024-09-28T15:21:07.710+0000] {dag.py:3340} INFO - Setting next_dagrun for producer to 2024-09-28T00:00:00+00:00, run_after=2024-09-29T00:00:00+00:00
[2024-09-28T15:21:07.736+0000] {processor.py:176} INFO - Processing /opt/airflow/dags/producer.py took 0.134 seconds
[2024-09-28T15:21:38.379+0000] {processor.py:154} INFO - Started process (PID=36504) to work on /opt/airflow/dags/producer.py
[2024-09-28T15:21:38.381+0000] {processor.py:756} INFO - Processing file /opt/airflow/dags/producer.py for tasks to queue
[2024-09-28T15:21:38.383+0000] {logging_mixin.py:120} INFO - [2024-09-28T15:21:38.382+0000] {dagbag.py:537} INFO - Filling up the DagBag from /opt/airflow/dags/producer.py
[2024-09-28T15:21:38.408+0000] {processor.py:766} INFO - DAG(s) dict_keys(['producer']) retrieved from /opt/airflow/dags/producer.py
[2024-09-28T15:21:38.456+0000] {logging_mixin.py:120} INFO - [2024-09-28T15:21:38.456+0000] {dag.py:2585} INFO - Sync 1 DAGs
[2024-09-28T15:21:38.485+0000] {logging_mixin.py:120} INFO - [2024-09-28T15:21:38.485+0000] {dag.py:3340} INFO - Setting next_dagrun for producer to 2024-09-28T00:00:00+00:00, run_after=2024-09-29T00:00:00+00:00
[2024-09-28T15:21:38.509+0000] {processor.py:176} INFO - Processing /opt/airflow/dags/producer.py took 0.134 seconds
[2024-09-28T15:22:08.588+0000] {processor.py:154} INFO - Started process (PID=36576) to work on /opt/airflow/dags/producer.py
[2024-09-28T15:22:08.590+0000] {processor.py:756} INFO - Processing file /opt/airflow/dags/producer.py for tasks to queue
[2024-09-28T15:22:08.592+0000] {logging_mixin.py:120} INFO - [2024-09-28T15:22:08.592+0000] {dagbag.py:537} INFO - Filling up the DagBag from /opt/airflow/dags/producer.py
[2024-09-28T15:22:08.628+0000] {processor.py:766} INFO - DAG(s) dict_keys(['producer']) retrieved from /opt/airflow/dags/producer.py
[2024-09-28T15:22:08.679+0000] {logging_mixin.py:120} INFO - [2024-09-28T15:22:08.679+0000] {dag.py:2585} INFO - Sync 1 DAGs
[2024-09-28T15:22:08.713+0000] {logging_mixin.py:120} INFO - [2024-09-28T15:22:08.713+0000] {dag.py:3340} INFO - Setting next_dagrun for producer to 2024-09-28T00:00:00+00:00, run_after=2024-09-29T00:00:00+00:00
[2024-09-28T15:22:08.740+0000] {processor.py:176} INFO - Processing /opt/airflow/dags/producer.py took 0.157 seconds
[2024-09-28T15:22:39.097+0000] {processor.py:154} INFO - Started process (PID=36640) to work on /opt/airflow/dags/producer.py
[2024-09-28T15:22:39.101+0000] {processor.py:756} INFO - Processing file /opt/airflow/dags/producer.py for tasks to queue
[2024-09-28T15:22:39.102+0000] {logging_mixin.py:120} INFO - [2024-09-28T15:22:39.102+0000] {dagbag.py:537} INFO - Filling up the DagBag from /opt/airflow/dags/producer.py
[2024-09-28T15:22:39.133+0000] {processor.py:766} INFO - DAG(s) dict_keys(['producer']) retrieved from /opt/airflow/dags/producer.py
[2024-09-28T15:22:39.181+0000] {logging_mixin.py:120} INFO - [2024-09-28T15:22:39.181+0000] {dag.py:2585} INFO - Sync 1 DAGs
[2024-09-28T15:22:39.210+0000] {logging_mixin.py:120} INFO - [2024-09-28T15:22:39.210+0000] {dag.py:3340} INFO - Setting next_dagrun for producer to 2024-09-28T00:00:00+00:00, run_after=2024-09-29T00:00:00+00:00
[2024-09-28T15:22:39.232+0000] {processor.py:176} INFO - Processing /opt/airflow/dags/producer.py took 0.140 seconds
[2024-09-28T15:23:09.479+0000] {processor.py:154} INFO - Started process (PID=36712) to work on /opt/airflow/dags/producer.py
[2024-09-28T15:23:09.481+0000] {processor.py:756} INFO - Processing file /opt/airflow/dags/producer.py for tasks to queue
[2024-09-28T15:23:09.482+0000] {logging_mixin.py:120} INFO - [2024-09-28T15:23:09.482+0000] {dagbag.py:537} INFO - Filling up the DagBag from /opt/airflow/dags/producer.py
[2024-09-28T15:23:09.511+0000] {processor.py:766} INFO - DAG(s) dict_keys(['producer']) retrieved from /opt/airflow/dags/producer.py
[2024-09-28T15:23:09.560+0000] {logging_mixin.py:120} INFO - [2024-09-28T15:23:09.560+0000] {dag.py:2585} INFO - Sync 1 DAGs
[2024-09-28T15:23:09.590+0000] {logging_mixin.py:120} INFO - [2024-09-28T15:23:09.590+0000] {dag.py:3340} INFO - Setting next_dagrun for producer to 2024-09-28T00:00:00+00:00, run_after=2024-09-29T00:00:00+00:00
[2024-09-28T15:23:09.614+0000] {processor.py:176} INFO - Processing /opt/airflow/dags/producer.py took 0.139 seconds
[2024-09-28T15:23:40.130+0000] {processor.py:154} INFO - Started process (PID=36784) to work on /opt/airflow/dags/producer.py
[2024-09-28T15:23:40.133+0000] {processor.py:756} INFO - Processing file /opt/airflow/dags/producer.py for tasks to queue
[2024-09-28T15:23:40.134+0000] {logging_mixin.py:120} INFO - [2024-09-28T15:23:40.134+0000] {dagbag.py:537} INFO - Filling up the DagBag from /opt/airflow/dags/producer.py
[2024-09-28T15:23:40.172+0000] {processor.py:766} INFO - DAG(s) dict_keys(['producer']) retrieved from /opt/airflow/dags/producer.py
[2024-09-28T15:23:40.223+0000] {logging_mixin.py:120} INFO - [2024-09-28T15:23:40.223+0000] {dag.py:2585} INFO - Sync 1 DAGs
[2024-09-28T15:23:40.255+0000] {logging_mixin.py:120} INFO - [2024-09-28T15:23:40.254+0000] {dag.py:3340} INFO - Setting next_dagrun for producer to 2024-09-28T00:00:00+00:00, run_after=2024-09-29T00:00:00+00:00
[2024-09-28T15:23:40.286+0000] {processor.py:176} INFO - Processing /opt/airflow/dags/producer.py took 0.162 seconds
[2024-09-28T15:24:10.434+0000] {processor.py:154} INFO - Started process (PID=36847) to work on /opt/airflow/dags/producer.py
[2024-09-28T15:24:10.437+0000] {processor.py:756} INFO - Processing file /opt/airflow/dags/producer.py for tasks to queue
[2024-09-28T15:24:10.438+0000] {logging_mixin.py:120} INFO - [2024-09-28T15:24:10.438+0000] {dagbag.py:537} INFO - Filling up the DagBag from /opt/airflow/dags/producer.py
[2024-09-28T15:24:10.467+0000] {processor.py:766} INFO - DAG(s) dict_keys(['producer']) retrieved from /opt/airflow/dags/producer.py
[2024-09-28T15:24:10.512+0000] {logging_mixin.py:120} INFO - [2024-09-28T15:24:10.512+0000] {dag.py:2585} INFO - Sync 1 DAGs
[2024-09-28T15:24:10.542+0000] {logging_mixin.py:120} INFO - [2024-09-28T15:24:10.542+0000] {dag.py:3340} INFO - Setting next_dagrun for producer to 2024-09-28T00:00:00+00:00, run_after=2024-09-29T00:00:00+00:00
[2024-09-28T15:24:10.566+0000] {processor.py:176} INFO - Processing /opt/airflow/dags/producer.py took 0.137 seconds
[2024-09-28T15:24:41.221+0000] {processor.py:154} INFO - Started process (PID=36918) to work on /opt/airflow/dags/producer.py
[2024-09-28T15:24:41.224+0000] {processor.py:756} INFO - Processing file /opt/airflow/dags/producer.py for tasks to queue
[2024-09-28T15:24:41.225+0000] {logging_mixin.py:120} INFO - [2024-09-28T15:24:41.224+0000] {dagbag.py:537} INFO - Filling up the DagBag from /opt/airflow/dags/producer.py
[2024-09-28T15:24:41.254+0000] {processor.py:766} INFO - DAG(s) dict_keys(['producer']) retrieved from /opt/airflow/dags/producer.py
[2024-09-28T15:24:41.301+0000] {logging_mixin.py:120} INFO - [2024-09-28T15:24:41.300+0000] {dag.py:2585} INFO - Sync 1 DAGs
[2024-09-28T15:24:41.332+0000] {logging_mixin.py:120} INFO - [2024-09-28T15:24:41.332+0000] {dag.py:3340} INFO - Setting next_dagrun for producer to 2024-09-28T00:00:00+00:00, run_after=2024-09-29T00:00:00+00:00
[2024-09-28T15:24:41.361+0000] {processor.py:176} INFO - Processing /opt/airflow/dags/producer.py took 0.144 seconds
[2024-09-28T15:25:12.303+0000] {processor.py:154} INFO - Started process (PID=36990) to work on /opt/airflow/dags/producer.py
[2024-09-28T15:25:12.305+0000] {processor.py:756} INFO - Processing file /opt/airflow/dags/producer.py for tasks to queue
[2024-09-28T15:25:12.306+0000] {logging_mixin.py:120} INFO - [2024-09-28T15:25:12.306+0000] {dagbag.py:537} INFO - Filling up the DagBag from /opt/airflow/dags/producer.py
[2024-09-28T15:25:12.335+0000] {processor.py:766} INFO - DAG(s) dict_keys(['producer']) retrieved from /opt/airflow/dags/producer.py
[2024-09-28T15:25:12.388+0000] {logging_mixin.py:120} INFO - [2024-09-28T15:25:12.388+0000] {dag.py:2585} INFO - Sync 1 DAGs
[2024-09-28T15:25:12.419+0000] {logging_mixin.py:120} INFO - [2024-09-28T15:25:12.419+0000] {dag.py:3340} INFO - Setting next_dagrun for producer to 2024-09-28T00:00:00+00:00, run_after=2024-09-29T00:00:00+00:00
[2024-09-28T15:25:12.445+0000] {processor.py:176} INFO - Processing /opt/airflow/dags/producer.py took 0.146 seconds
[2024-09-28T15:25:42.515+0000] {processor.py:154} INFO - Started process (PID=37053) to work on /opt/airflow/dags/producer.py
[2024-09-28T15:25:42.517+0000] {processor.py:756} INFO - Processing file /opt/airflow/dags/producer.py for tasks to queue
[2024-09-28T15:25:42.518+0000] {logging_mixin.py:120} INFO - [2024-09-28T15:25:42.518+0000] {dagbag.py:537} INFO - Filling up the DagBag from /opt/airflow/dags/producer.py
[2024-09-28T15:25:42.546+0000] {processor.py:766} INFO - DAG(s) dict_keys(['producer']) retrieved from /opt/airflow/dags/producer.py
[2024-09-28T15:25:42.591+0000] {logging_mixin.py:120} INFO - [2024-09-28T15:25:42.591+0000] {dag.py:2585} INFO - Sync 1 DAGs
[2024-09-28T15:25:42.617+0000] {logging_mixin.py:120} INFO - [2024-09-28T15:25:42.617+0000] {dag.py:3340} INFO - Setting next_dagrun for producer to 2024-09-28T00:00:00+00:00, run_after=2024-09-29T00:00:00+00:00
[2024-09-28T15:25:42.641+0000] {processor.py:176} INFO - Processing /opt/airflow/dags/producer.py took 0.129 seconds
[2024-09-28T15:26:12.813+0000] {processor.py:154} INFO - Started process (PID=37126) to work on /opt/airflow/dags/producer.py
[2024-09-28T15:26:12.815+0000] {processor.py:756} INFO - Processing file /opt/airflow/dags/producer.py for tasks to queue
[2024-09-28T15:26:12.816+0000] {logging_mixin.py:120} INFO - [2024-09-28T15:26:12.816+0000] {dagbag.py:537} INFO - Filling up the DagBag from /opt/airflow/dags/producer.py
[2024-09-28T15:26:12.849+0000] {processor.py:766} INFO - DAG(s) dict_keys(['producer']) retrieved from /opt/airflow/dags/producer.py
[2024-09-28T15:26:12.897+0000] {logging_mixin.py:120} INFO - [2024-09-28T15:26:12.897+0000] {dag.py:2585} INFO - Sync 1 DAGs
[2024-09-28T15:26:12.933+0000] {logging_mixin.py:120} INFO - [2024-09-28T15:26:12.933+0000] {dag.py:3340} INFO - Setting next_dagrun for producer to 2024-09-28T00:00:00+00:00, run_after=2024-09-29T00:00:00+00:00
[2024-09-28T15:26:12.958+0000] {processor.py:176} INFO - Processing /opt/airflow/dags/producer.py took 0.150 seconds
[2024-09-28T15:26:43.232+0000] {processor.py:154} INFO - Started process (PID=37197) to work on /opt/airflow/dags/producer.py
[2024-09-28T15:26:43.234+0000] {processor.py:756} INFO - Processing file /opt/airflow/dags/producer.py for tasks to queue
[2024-09-28T15:26:43.235+0000] {logging_mixin.py:120} INFO - [2024-09-28T15:26:43.235+0000] {dagbag.py:537} INFO - Filling up the DagBag from /opt/airflow/dags/producer.py
[2024-09-28T15:26:43.262+0000] {processor.py:766} INFO - DAG(s) dict_keys(['producer']) retrieved from /opt/airflow/dags/producer.py
[2024-09-28T15:26:43.310+0000] {logging_mixin.py:120} INFO - [2024-09-28T15:26:43.310+0000] {dag.py:2585} INFO - Sync 1 DAGs
[2024-09-28T15:26:43.343+0000] {logging_mixin.py:120} INFO - [2024-09-28T15:26:43.343+0000] {dag.py:3340} INFO - Setting next_dagrun for producer to 2024-09-28T00:00:00+00:00, run_after=2024-09-29T00:00:00+00:00
[2024-09-28T15:26:43.374+0000] {processor.py:176} INFO - Processing /opt/airflow/dags/producer.py took 0.147 seconds
[2024-09-28T15:27:14.026+0000] {processor.py:154} INFO - Started process (PID=37260) to work on /opt/airflow/dags/producer.py
[2024-09-28T15:27:14.028+0000] {processor.py:756} INFO - Processing file /opt/airflow/dags/producer.py for tasks to queue
[2024-09-28T15:27:14.030+0000] {logging_mixin.py:120} INFO - [2024-09-28T15:27:14.030+0000] {dagbag.py:537} INFO - Filling up the DagBag from /opt/airflow/dags/producer.py
[2024-09-28T15:27:14.061+0000] {processor.py:766} INFO - DAG(s) dict_keys(['producer']) retrieved from /opt/airflow/dags/producer.py
[2024-09-28T15:27:14.113+0000] {logging_mixin.py:120} INFO - [2024-09-28T15:27:14.113+0000] {dag.py:2585} INFO - Sync 1 DAGs
[2024-09-28T15:27:14.146+0000] {logging_mixin.py:120} INFO - [2024-09-28T15:27:14.146+0000] {dag.py:3340} INFO - Setting next_dagrun for producer to 2024-09-28T00:00:00+00:00, run_after=2024-09-29T00:00:00+00:00
[2024-09-28T15:27:14.177+0000] {processor.py:176} INFO - Processing /opt/airflow/dags/producer.py took 0.156 seconds
[2024-09-28T15:27:45.030+0000] {processor.py:154} INFO - Started process (PID=37331) to work on /opt/airflow/dags/producer.py
[2024-09-28T15:27:45.032+0000] {processor.py:756} INFO - Processing file /opt/airflow/dags/producer.py for tasks to queue
[2024-09-28T15:27:45.033+0000] {logging_mixin.py:120} INFO - [2024-09-28T15:27:45.033+0000] {dagbag.py:537} INFO - Filling up the DagBag from /opt/airflow/dags/producer.py
[2024-09-28T15:27:45.061+0000] {processor.py:766} INFO - DAG(s) dict_keys(['producer']) retrieved from /opt/airflow/dags/producer.py
[2024-09-28T15:27:45.113+0000] {logging_mixin.py:120} INFO - [2024-09-28T15:27:45.112+0000] {dag.py:2585} INFO - Sync 1 DAGs
[2024-09-28T15:27:45.142+0000] {logging_mixin.py:120} INFO - [2024-09-28T15:27:45.142+0000] {dag.py:3340} INFO - Setting next_dagrun for producer to 2024-09-28T00:00:00+00:00, run_after=2024-09-29T00:00:00+00:00
[2024-09-28T15:27:45.168+0000] {processor.py:176} INFO - Processing /opt/airflow/dags/producer.py took 0.143 seconds
[2024-09-28T15:28:16.161+0000] {processor.py:154} INFO - Started process (PID=37403) to work on /opt/airflow/dags/producer.py
[2024-09-28T15:28:16.163+0000] {processor.py:756} INFO - Processing file /opt/airflow/dags/producer.py for tasks to queue
[2024-09-28T15:28:16.165+0000] {logging_mixin.py:120} INFO - [2024-09-28T15:28:16.164+0000] {dagbag.py:537} INFO - Filling up the DagBag from /opt/airflow/dags/producer.py
[2024-09-28T15:28:16.191+0000] {processor.py:766} INFO - DAG(s) dict_keys(['producer']) retrieved from /opt/airflow/dags/producer.py
[2024-09-28T15:28:16.235+0000] {logging_mixin.py:120} INFO - [2024-09-28T15:28:16.235+0000] {dag.py:2585} INFO - Sync 1 DAGs
[2024-09-28T15:28:16.267+0000] {logging_mixin.py:120} INFO - [2024-09-28T15:28:16.267+0000] {dag.py:3340} INFO - Setting next_dagrun for producer to 2024-09-28T00:00:00+00:00, run_after=2024-09-29T00:00:00+00:00
[2024-09-28T15:28:16.293+0000] {processor.py:176} INFO - Processing /opt/airflow/dags/producer.py took 0.136 seconds
[2024-09-28T15:28:47.066+0000] {processor.py:154} INFO - Started process (PID=37466) to work on /opt/airflow/dags/producer.py
[2024-09-28T15:28:47.069+0000] {processor.py:756} INFO - Processing file /opt/airflow/dags/producer.py for tasks to queue
[2024-09-28T15:28:47.069+0000] {logging_mixin.py:120} INFO - [2024-09-28T15:28:47.069+0000] {dagbag.py:537} INFO - Filling up the DagBag from /opt/airflow/dags/producer.py
[2024-09-28T15:28:47.098+0000] {processor.py:766} INFO - DAG(s) dict_keys(['producer']) retrieved from /opt/airflow/dags/producer.py
[2024-09-28T15:28:47.153+0000] {logging_mixin.py:120} INFO - [2024-09-28T15:28:47.152+0000] {dag.py:2585} INFO - Sync 1 DAGs
[2024-09-28T15:28:47.186+0000] {logging_mixin.py:120} INFO - [2024-09-28T15:28:47.186+0000] {dag.py:3340} INFO - Setting next_dagrun for producer to 2024-09-28T00:00:00+00:00, run_after=2024-09-29T00:00:00+00:00
[2024-09-28T15:28:47.213+0000] {processor.py:176} INFO - Processing /opt/airflow/dags/producer.py took 0.150 seconds
[2024-09-28T15:29:17.597+0000] {processor.py:154} INFO - Started process (PID=37536) to work on /opt/airflow/dags/producer.py
[2024-09-28T15:29:17.599+0000] {processor.py:756} INFO - Processing file /opt/airflow/dags/producer.py for tasks to queue
[2024-09-28T15:29:17.600+0000] {logging_mixin.py:120} INFO - [2024-09-28T15:29:17.600+0000] {dagbag.py:537} INFO - Filling up the DagBag from /opt/airflow/dags/producer.py
[2024-09-28T15:29:17.626+0000] {processor.py:766} INFO - DAG(s) dict_keys(['producer']) retrieved from /opt/airflow/dags/producer.py
[2024-09-28T15:29:17.674+0000] {logging_mixin.py:120} INFO - [2024-09-28T15:29:17.674+0000] {dag.py:2585} INFO - Sync 1 DAGs
[2024-09-28T15:29:17.702+0000] {logging_mixin.py:120} INFO - [2024-09-28T15:29:17.701+0000] {dag.py:3340} INFO - Setting next_dagrun for producer to 2024-09-28T00:00:00+00:00, run_after=2024-09-29T00:00:00+00:00
[2024-09-28T15:29:17.726+0000] {processor.py:176} INFO - Processing /opt/airflow/dags/producer.py took 0.133 seconds
[2024-09-28T15:29:47.825+0000] {processor.py:154} INFO - Started process (PID=37607) to work on /opt/airflow/dags/producer.py
[2024-09-28T15:29:47.828+0000] {processor.py:756} INFO - Processing file /opt/airflow/dags/producer.py for tasks to queue
[2024-09-28T15:29:47.830+0000] {logging_mixin.py:120} INFO - [2024-09-28T15:29:47.830+0000] {dagbag.py:537} INFO - Filling up the DagBag from /opt/airflow/dags/producer.py
[2024-09-28T15:29:47.860+0000] {processor.py:766} INFO - DAG(s) dict_keys(['producer']) retrieved from /opt/airflow/dags/producer.py
[2024-09-28T15:29:47.908+0000] {logging_mixin.py:120} INFO - [2024-09-28T15:29:47.908+0000] {dag.py:2585} INFO - Sync 1 DAGs
[2024-09-28T15:29:47.936+0000] {logging_mixin.py:120} INFO - [2024-09-28T15:29:47.936+0000] {dag.py:3340} INFO - Setting next_dagrun for producer to 2024-09-28T00:00:00+00:00, run_after=2024-09-29T00:00:00+00:00
[2024-09-28T15:29:47.963+0000] {processor.py:176} INFO - Processing /opt/airflow/dags/producer.py took 0.142 seconds
[2024-09-28T15:30:18.343+0000] {processor.py:154} INFO - Started process (PID=37677) to work on /opt/airflow/dags/producer.py
[2024-09-28T15:30:18.346+0000] {processor.py:756} INFO - Processing file /opt/airflow/dags/producer.py for tasks to queue
[2024-09-28T15:30:18.347+0000] {logging_mixin.py:120} INFO - [2024-09-28T15:30:18.347+0000] {dagbag.py:537} INFO - Filling up the DagBag from /opt/airflow/dags/producer.py
[2024-09-28T15:30:18.377+0000] {processor.py:766} INFO - DAG(s) dict_keys(['producer']) retrieved from /opt/airflow/dags/producer.py
[2024-09-28T15:30:18.428+0000] {logging_mixin.py:120} INFO - [2024-09-28T15:30:18.427+0000] {dag.py:2585} INFO - Sync 1 DAGs
[2024-09-28T15:30:18.465+0000] {logging_mixin.py:120} INFO - [2024-09-28T15:30:18.465+0000] {dag.py:3340} INFO - Setting next_dagrun for producer to 2024-09-28T00:00:00+00:00, run_after=2024-09-29T00:00:00+00:00
[2024-09-28T15:30:18.496+0000] {processor.py:176} INFO - Processing /opt/airflow/dags/producer.py took 0.158 seconds
[2024-09-28T15:30:48.869+0000] {processor.py:154} INFO - Started process (PID=37740) to work on /opt/airflow/dags/producer.py
[2024-09-28T15:30:48.871+0000] {processor.py:756} INFO - Processing file /opt/airflow/dags/producer.py for tasks to queue
[2024-09-28T15:30:48.872+0000] {logging_mixin.py:120} INFO - [2024-09-28T15:30:48.871+0000] {dagbag.py:537} INFO - Filling up the DagBag from /opt/airflow/dags/producer.py
[2024-09-28T15:30:48.897+0000] {processor.py:766} INFO - DAG(s) dict_keys(['producer']) retrieved from /opt/airflow/dags/producer.py
[2024-09-28T15:30:48.946+0000] {logging_mixin.py:120} INFO - [2024-09-28T15:30:48.946+0000] {dag.py:2585} INFO - Sync 1 DAGs
[2024-09-28T15:30:48.976+0000] {logging_mixin.py:120} INFO - [2024-09-28T15:30:48.976+0000] {dag.py:3340} INFO - Setting next_dagrun for producer to 2024-09-28T00:00:00+00:00, run_after=2024-09-29T00:00:00+00:00
[2024-09-28T15:30:49.001+0000] {processor.py:176} INFO - Processing /opt/airflow/dags/producer.py took 0.136 seconds
[2024-09-28T15:31:19.432+0000] {processor.py:154} INFO - Started process (PID=37812) to work on /opt/airflow/dags/producer.py
[2024-09-28T15:31:19.435+0000] {processor.py:756} INFO - Processing file /opt/airflow/dags/producer.py for tasks to queue
[2024-09-28T15:31:19.436+0000] {logging_mixin.py:120} INFO - [2024-09-28T15:31:19.436+0000] {dagbag.py:537} INFO - Filling up the DagBag from /opt/airflow/dags/producer.py
[2024-09-28T15:31:19.466+0000] {processor.py:766} INFO - DAG(s) dict_keys(['producer']) retrieved from /opt/airflow/dags/producer.py
[2024-09-28T15:31:19.516+0000] {logging_mixin.py:120} INFO - [2024-09-28T15:31:19.516+0000] {dag.py:2585} INFO - Sync 1 DAGs
[2024-09-28T15:31:19.549+0000] {logging_mixin.py:120} INFO - [2024-09-28T15:31:19.549+0000] {dag.py:3340} INFO - Setting next_dagrun for producer to 2024-09-28T00:00:00+00:00, run_after=2024-09-29T00:00:00+00:00
[2024-09-28T15:31:19.580+0000] {processor.py:176} INFO - Processing /opt/airflow/dags/producer.py took 0.152 seconds
[2024-09-28T15:31:50.027+0000] {processor.py:154} INFO - Started process (PID=37883) to work on /opt/airflow/dags/producer.py
[2024-09-28T15:31:50.030+0000] {processor.py:756} INFO - Processing file /opt/airflow/dags/producer.py for tasks to queue
[2024-09-28T15:31:50.031+0000] {logging_mixin.py:120} INFO - [2024-09-28T15:31:50.031+0000] {dagbag.py:537} INFO - Filling up the DagBag from /opt/airflow/dags/producer.py
[2024-09-28T15:31:50.078+0000] {processor.py:766} INFO - DAG(s) dict_keys(['producer']) retrieved from /opt/airflow/dags/producer.py
[2024-09-28T15:31:50.155+0000] {logging_mixin.py:120} INFO - [2024-09-28T15:31:50.154+0000] {dag.py:2585} INFO - Sync 1 DAGs
[2024-09-28T15:31:50.213+0000] {logging_mixin.py:120} INFO - [2024-09-28T15:31:50.213+0000] {dag.py:3340} INFO - Setting next_dagrun for producer to 2024-09-28T00:00:00+00:00, run_after=2024-09-29T00:00:00+00:00
[2024-09-28T15:31:50.248+0000] {processor.py:176} INFO - Processing /opt/airflow/dags/producer.py took 0.228 seconds
[2024-09-28T15:32:20.993+0000] {processor.py:154} INFO - Started process (PID=37946) to work on /opt/airflow/dags/producer.py
[2024-09-28T15:32:20.999+0000] {processor.py:756} INFO - Processing file /opt/airflow/dags/producer.py for tasks to queue
[2024-09-28T15:32:21.000+0000] {logging_mixin.py:120} INFO - [2024-09-28T15:32:21.000+0000] {dagbag.py:537} INFO - Filling up the DagBag from /opt/airflow/dags/producer.py
[2024-09-28T15:32:21.034+0000] {processor.py:766} INFO - DAG(s) dict_keys(['producer']) retrieved from /opt/airflow/dags/producer.py
[2024-09-28T15:32:21.086+0000] {logging_mixin.py:120} INFO - [2024-09-28T15:32:21.085+0000] {dag.py:2585} INFO - Sync 1 DAGs
[2024-09-28T15:32:21.124+0000] {logging_mixin.py:120} INFO - [2024-09-28T15:32:21.124+0000] {dag.py:3340} INFO - Setting next_dagrun for producer to 2024-09-28T00:00:00+00:00, run_after=2024-09-29T00:00:00+00:00
[2024-09-28T15:32:21.156+0000] {processor.py:176} INFO - Processing /opt/airflow/dags/producer.py took 0.167 seconds
[2024-09-28T15:32:51.386+0000] {processor.py:154} INFO - Started process (PID=38018) to work on /opt/airflow/dags/producer.py
[2024-09-28T15:32:51.389+0000] {processor.py:756} INFO - Processing file /opt/airflow/dags/producer.py for tasks to queue
[2024-09-28T15:32:51.390+0000] {logging_mixin.py:120} INFO - [2024-09-28T15:32:51.390+0000] {dagbag.py:537} INFO - Filling up the DagBag from /opt/airflow/dags/producer.py
[2024-09-28T15:32:51.422+0000] {processor.py:766} INFO - DAG(s) dict_keys(['producer']) retrieved from /opt/airflow/dags/producer.py
[2024-09-28T15:32:51.478+0000] {logging_mixin.py:120} INFO - [2024-09-28T15:32:51.477+0000] {dag.py:2585} INFO - Sync 1 DAGs
[2024-09-28T15:32:51.508+0000] {logging_mixin.py:120} INFO - [2024-09-28T15:32:51.508+0000] {dag.py:3340} INFO - Setting next_dagrun for producer to 2024-09-28T00:00:00+00:00, run_after=2024-09-29T00:00:00+00:00
[2024-09-28T15:32:51.535+0000] {processor.py:176} INFO - Processing /opt/airflow/dags/producer.py took 0.154 seconds
[2024-09-28T15:33:22.052+0000] {processor.py:154} INFO - Started process (PID=38088) to work on /opt/airflow/dags/producer.py
[2024-09-28T15:33:22.054+0000] {processor.py:756} INFO - Processing file /opt/airflow/dags/producer.py for tasks to queue
[2024-09-28T15:33:22.054+0000] {logging_mixin.py:120} INFO - [2024-09-28T15:33:22.054+0000] {dagbag.py:537} INFO - Filling up the DagBag from /opt/airflow/dags/producer.py
[2024-09-28T15:33:22.080+0000] {processor.py:766} INFO - DAG(s) dict_keys(['producer']) retrieved from /opt/airflow/dags/producer.py
[2024-09-28T15:33:22.124+0000] {logging_mixin.py:120} INFO - [2024-09-28T15:33:22.124+0000] {dag.py:2585} INFO - Sync 1 DAGs
[2024-09-28T15:33:22.153+0000] {logging_mixin.py:120} INFO - [2024-09-28T15:33:22.152+0000] {dag.py:3340} INFO - Setting next_dagrun for producer to 2024-09-28T00:00:00+00:00, run_after=2024-09-29T00:00:00+00:00
[2024-09-28T15:33:22.177+0000] {processor.py:176} INFO - Processing /opt/airflow/dags/producer.py took 0.129 seconds
[2024-09-28T15:33:52.608+0000] {processor.py:154} INFO - Started process (PID=38151) to work on /opt/airflow/dags/producer.py
[2024-09-28T15:33:52.610+0000] {processor.py:756} INFO - Processing file /opt/airflow/dags/producer.py for tasks to queue
[2024-09-28T15:33:52.611+0000] {logging_mixin.py:120} INFO - [2024-09-28T15:33:52.611+0000] {dagbag.py:537} INFO - Filling up the DagBag from /opt/airflow/dags/producer.py
[2024-09-28T15:33:52.641+0000] {processor.py:766} INFO - DAG(s) dict_keys(['producer']) retrieved from /opt/airflow/dags/producer.py
[2024-09-28T15:33:52.690+0000] {logging_mixin.py:120} INFO - [2024-09-28T15:33:52.690+0000] {dag.py:2585} INFO - Sync 1 DAGs
[2024-09-28T15:33:52.722+0000] {logging_mixin.py:120} INFO - [2024-09-28T15:33:52.721+0000] {dag.py:3340} INFO - Setting next_dagrun for producer to 2024-09-28T00:00:00+00:00, run_after=2024-09-29T00:00:00+00:00
[2024-09-28T15:33:52.751+0000] {processor.py:176} INFO - Processing /opt/airflow/dags/producer.py took 0.147 seconds
[2024-09-28T15:34:23.303+0000] {processor.py:154} INFO - Started process (PID=38223) to work on /opt/airflow/dags/producer.py
[2024-09-28T15:34:23.306+0000] {processor.py:756} INFO - Processing file /opt/airflow/dags/producer.py for tasks to queue
[2024-09-28T15:34:23.307+0000] {logging_mixin.py:120} INFO - [2024-09-28T15:34:23.307+0000] {dagbag.py:537} INFO - Filling up the DagBag from /opt/airflow/dags/producer.py
[2024-09-28T15:34:23.338+0000] {processor.py:766} INFO - DAG(s) dict_keys(['producer']) retrieved from /opt/airflow/dags/producer.py
[2024-09-28T15:34:23.387+0000] {logging_mixin.py:120} INFO - [2024-09-28T15:34:23.387+0000] {dag.py:2585} INFO - Sync 1 DAGs
[2024-09-28T15:34:23.422+0000] {logging_mixin.py:120} INFO - [2024-09-28T15:34:23.422+0000] {dag.py:3340} INFO - Setting next_dagrun for producer to 2024-09-28T00:00:00+00:00, run_after=2024-09-29T00:00:00+00:00
[2024-09-28T15:34:23.450+0000] {processor.py:176} INFO - Processing /opt/airflow/dags/producer.py took 0.150 seconds
[2024-09-28T15:34:53.985+0000] {processor.py:154} INFO - Started process (PID=38294) to work on /opt/airflow/dags/producer.py
[2024-09-28T15:34:53.988+0000] {processor.py:756} INFO - Processing file /opt/airflow/dags/producer.py for tasks to queue
[2024-09-28T15:34:53.989+0000] {logging_mixin.py:120} INFO - [2024-09-28T15:34:53.989+0000] {dagbag.py:537} INFO - Filling up the DagBag from /opt/airflow/dags/producer.py
[2024-09-28T15:34:54.018+0000] {processor.py:766} INFO - DAG(s) dict_keys(['producer']) retrieved from /opt/airflow/dags/producer.py
[2024-09-28T15:34:54.076+0000] {logging_mixin.py:120} INFO - [2024-09-28T15:34:54.076+0000] {dag.py:2585} INFO - Sync 1 DAGs
[2024-09-28T15:34:54.111+0000] {logging_mixin.py:120} INFO - [2024-09-28T15:34:54.111+0000] {dag.py:3340} INFO - Setting next_dagrun for producer to 2024-09-28T00:00:00+00:00, run_after=2024-09-29T00:00:00+00:00
[2024-09-28T15:34:54.138+0000] {processor.py:176} INFO - Processing /opt/airflow/dags/producer.py took 0.156 seconds
[2024-09-28T15:35:24.779+0000] {processor.py:154} INFO - Started process (PID=38357) to work on /opt/airflow/dags/producer.py
[2024-09-28T15:35:24.781+0000] {processor.py:756} INFO - Processing file /opt/airflow/dags/producer.py for tasks to queue
[2024-09-28T15:35:24.782+0000] {logging_mixin.py:120} INFO - [2024-09-28T15:35:24.782+0000] {dagbag.py:537} INFO - Filling up the DagBag from /opt/airflow/dags/producer.py
[2024-09-28T15:35:24.812+0000] {processor.py:766} INFO - DAG(s) dict_keys(['producer']) retrieved from /opt/airflow/dags/producer.py
[2024-09-28T15:35:24.862+0000] {logging_mixin.py:120} INFO - [2024-09-28T15:35:24.862+0000] {dag.py:2585} INFO - Sync 1 DAGs
[2024-09-28T15:35:24.893+0000] {logging_mixin.py:120} INFO - [2024-09-28T15:35:24.893+0000] {dag.py:3340} INFO - Setting next_dagrun for producer to 2024-09-28T00:00:00+00:00, run_after=2024-09-29T00:00:00+00:00
[2024-09-28T15:35:24.919+0000] {processor.py:176} INFO - Processing /opt/airflow/dags/producer.py took 0.143 seconds
[2024-09-28T15:35:55.590+0000] {processor.py:154} INFO - Started process (PID=38429) to work on /opt/airflow/dags/producer.py
[2024-09-28T15:35:55.593+0000] {processor.py:756} INFO - Processing file /opt/airflow/dags/producer.py for tasks to queue
[2024-09-28T15:35:55.594+0000] {logging_mixin.py:120} INFO - [2024-09-28T15:35:55.594+0000] {dagbag.py:537} INFO - Filling up the DagBag from /opt/airflow/dags/producer.py
[2024-09-28T15:35:55.629+0000] {processor.py:766} INFO - DAG(s) dict_keys(['producer']) retrieved from /opt/airflow/dags/producer.py
[2024-09-28T15:35:55.676+0000] {logging_mixin.py:120} INFO - [2024-09-28T15:35:55.676+0000] {dag.py:2585} INFO - Sync 1 DAGs
[2024-09-28T15:35:55.709+0000] {logging_mixin.py:120} INFO - [2024-09-28T15:35:55.709+0000] {dag.py:3340} INFO - Setting next_dagrun for producer to 2024-09-28T00:00:00+00:00, run_after=2024-09-29T00:00:00+00:00
[2024-09-28T15:35:55.738+0000] {processor.py:176} INFO - Processing /opt/airflow/dags/producer.py took 0.151 seconds
[2024-09-28T15:36:26.153+0000] {processor.py:154} INFO - Started process (PID=38501) to work on /opt/airflow/dags/producer.py
[2024-09-28T15:36:26.155+0000] {processor.py:756} INFO - Processing file /opt/airflow/dags/producer.py for tasks to queue
[2024-09-28T15:36:26.156+0000] {logging_mixin.py:120} INFO - [2024-09-28T15:36:26.156+0000] {dagbag.py:537} INFO - Filling up the DagBag from /opt/airflow/dags/producer.py
[2024-09-28T15:36:26.180+0000] {processor.py:766} INFO - DAG(s) dict_keys(['producer']) retrieved from /opt/airflow/dags/producer.py
[2024-09-28T15:36:26.223+0000] {logging_mixin.py:120} INFO - [2024-09-28T15:36:26.223+0000] {dag.py:2585} INFO - Sync 1 DAGs
[2024-09-28T15:36:26.256+0000] {logging_mixin.py:120} INFO - [2024-09-28T15:36:26.256+0000] {dag.py:3340} INFO - Setting next_dagrun for producer to 2024-09-28T00:00:00+00:00, run_after=2024-09-29T00:00:00+00:00
[2024-09-28T15:36:26.283+0000] {processor.py:176} INFO - Processing /opt/airflow/dags/producer.py took 0.134 seconds
[2024-09-28T15:36:56.994+0000] {processor.py:154} INFO - Started process (PID=38564) to work on /opt/airflow/dags/producer.py
[2024-09-28T15:36:56.996+0000] {processor.py:756} INFO - Processing file /opt/airflow/dags/producer.py for tasks to queue
[2024-09-28T15:36:56.997+0000] {logging_mixin.py:120} INFO - [2024-09-28T15:36:56.997+0000] {dagbag.py:537} INFO - Filling up the DagBag from /opt/airflow/dags/producer.py
[2024-09-28T15:36:57.025+0000] {processor.py:766} INFO - DAG(s) dict_keys(['producer']) retrieved from /opt/airflow/dags/producer.py
[2024-09-28T15:36:57.069+0000] {logging_mixin.py:120} INFO - [2024-09-28T15:36:57.068+0000] {dag.py:2585} INFO - Sync 1 DAGs
[2024-09-28T15:36:57.095+0000] {logging_mixin.py:120} INFO - [2024-09-28T15:36:57.095+0000] {dag.py:3340} INFO - Setting next_dagrun for producer to 2024-09-28T00:00:00+00:00, run_after=2024-09-29T00:00:00+00:00
[2024-09-28T15:36:57.118+0000] {processor.py:176} INFO - Processing /opt/airflow/dags/producer.py took 0.127 seconds
[2024-09-28T15:37:27.769+0000] {processor.py:154} INFO - Started process (PID=38636) to work on /opt/airflow/dags/producer.py
[2024-09-28T15:37:27.772+0000] {processor.py:756} INFO - Processing file /opt/airflow/dags/producer.py for tasks to queue
[2024-09-28T15:37:27.772+0000] {logging_mixin.py:120} INFO - [2024-09-28T15:37:27.772+0000] {dagbag.py:537} INFO - Filling up the DagBag from /opt/airflow/dags/producer.py
[2024-09-28T15:37:27.802+0000] {processor.py:766} INFO - DAG(s) dict_keys(['producer']) retrieved from /opt/airflow/dags/producer.py
[2024-09-28T15:37:27.853+0000] {logging_mixin.py:120} INFO - [2024-09-28T15:37:27.853+0000] {dag.py:2585} INFO - Sync 1 DAGs
[2024-09-28T15:37:27.887+0000] {logging_mixin.py:120} INFO - [2024-09-28T15:37:27.887+0000] {dag.py:3340} INFO - Setting next_dagrun for producer to 2024-09-28T00:00:00+00:00, run_after=2024-09-29T00:00:00+00:00
[2024-09-28T15:37:27.917+0000] {processor.py:176} INFO - Processing /opt/airflow/dags/producer.py took 0.152 seconds
[2024-09-28T15:37:58.738+0000] {processor.py:154} INFO - Started process (PID=38708) to work on /opt/airflow/dags/producer.py
[2024-09-28T15:37:58.741+0000] {processor.py:756} INFO - Processing file /opt/airflow/dags/producer.py for tasks to queue
[2024-09-28T15:37:58.741+0000] {logging_mixin.py:120} INFO - [2024-09-28T15:37:58.741+0000] {dagbag.py:537} INFO - Filling up the DagBag from /opt/airflow/dags/producer.py
[2024-09-28T15:37:58.776+0000] {processor.py:766} INFO - DAG(s) dict_keys(['producer']) retrieved from /opt/airflow/dags/producer.py
[2024-09-28T15:37:58.826+0000] {logging_mixin.py:120} INFO - [2024-09-28T15:37:58.825+0000] {dag.py:2585} INFO - Sync 1 DAGs
[2024-09-28T15:37:58.859+0000] {logging_mixin.py:120} INFO - [2024-09-28T15:37:58.858+0000] {dag.py:3340} INFO - Setting next_dagrun for producer to 2024-09-28T00:00:00+00:00, run_after=2024-09-29T00:00:00+00:00
[2024-09-28T15:37:58.888+0000] {processor.py:176} INFO - Processing /opt/airflow/dags/producer.py took 0.154 seconds
[2024-09-28T15:38:29.167+0000] {processor.py:154} INFO - Started process (PID=38776) to work on /opt/airflow/dags/producer.py
[2024-09-28T15:38:29.170+0000] {processor.py:756} INFO - Processing file /opt/airflow/dags/producer.py for tasks to queue
[2024-09-28T15:38:29.171+0000] {logging_mixin.py:120} INFO - [2024-09-28T15:38:29.171+0000] {dagbag.py:537} INFO - Filling up the DagBag from /opt/airflow/dags/producer.py
[2024-09-28T15:38:29.207+0000] {processor.py:766} INFO - DAG(s) dict_keys(['producer']) retrieved from /opt/airflow/dags/producer.py
[2024-09-28T15:38:29.353+0000] {logging_mixin.py:120} INFO - [2024-09-28T15:38:29.352+0000] {dag.py:2585} INFO - Sync 1 DAGs
[2024-09-28T15:38:29.396+0000] {logging_mixin.py:120} INFO - [2024-09-28T15:38:29.396+0000] {dag.py:3340} INFO - Setting next_dagrun for producer to 2024-09-28T00:00:00+00:00, run_after=2024-09-29T00:00:00+00:00
[2024-09-28T15:38:29.435+0000] {processor.py:176} INFO - Processing /opt/airflow/dags/producer.py took 0.272 seconds
[2024-09-28T15:38:59.631+0000] {processor.py:154} INFO - Started process (PID=38842) to work on /opt/airflow/dags/producer.py
[2024-09-28T15:38:59.634+0000] {processor.py:756} INFO - Processing file /opt/airflow/dags/producer.py for tasks to queue
[2024-09-28T15:38:59.636+0000] {logging_mixin.py:120} INFO - [2024-09-28T15:38:59.635+0000] {dagbag.py:537} INFO - Filling up the DagBag from /opt/airflow/dags/producer.py
[2024-09-28T15:38:59.672+0000] {processor.py:766} INFO - DAG(s) dict_keys(['producer']) retrieved from /opt/airflow/dags/producer.py
[2024-09-28T15:38:59.739+0000] {logging_mixin.py:120} INFO - [2024-09-28T15:38:59.739+0000] {dag.py:2585} INFO - Sync 1 DAGs
[2024-09-28T15:38:59.780+0000] {logging_mixin.py:120} INFO - [2024-09-28T15:38:59.779+0000] {dag.py:3340} INFO - Setting next_dagrun for producer to 2024-09-28T00:00:00+00:00, run_after=2024-09-29T00:00:00+00:00
[2024-09-28T15:38:59.816+0000] {processor.py:176} INFO - Processing /opt/airflow/dags/producer.py took 0.191 seconds
[2024-09-28T15:39:30.783+0000] {processor.py:154} INFO - Started process (PID=38913) to work on /opt/airflow/dags/producer.py
[2024-09-28T15:39:30.787+0000] {processor.py:756} INFO - Processing file /opt/airflow/dags/producer.py for tasks to queue
[2024-09-28T15:39:30.788+0000] {logging_mixin.py:120} INFO - [2024-09-28T15:39:30.788+0000] {dagbag.py:537} INFO - Filling up the DagBag from /opt/airflow/dags/producer.py
[2024-09-28T15:39:30.812+0000] {processor.py:766} INFO - DAG(s) dict_keys(['producer']) retrieved from /opt/airflow/dags/producer.py
[2024-09-28T15:39:30.860+0000] {logging_mixin.py:120} INFO - [2024-09-28T15:39:30.859+0000] {dag.py:2585} INFO - Sync 1 DAGs
[2024-09-28T15:39:30.889+0000] {logging_mixin.py:120} INFO - [2024-09-28T15:39:30.889+0000] {dag.py:3340} INFO - Setting next_dagrun for producer to 2024-09-28T00:00:00+00:00, run_after=2024-09-29T00:00:00+00:00
[2024-09-28T15:39:30.916+0000] {processor.py:176} INFO - Processing /opt/airflow/dags/producer.py took 0.136 seconds
[2024-09-28T15:40:01.667+0000] {processor.py:154} INFO - Started process (PID=38976) to work on /opt/airflow/dags/producer.py
[2024-09-28T15:40:01.671+0000] {processor.py:756} INFO - Processing file /opt/airflow/dags/producer.py for tasks to queue
[2024-09-28T15:40:01.672+0000] {logging_mixin.py:120} INFO - [2024-09-28T15:40:01.672+0000] {dagbag.py:537} INFO - Filling up the DagBag from /opt/airflow/dags/producer.py
[2024-09-28T15:40:01.706+0000] {processor.py:766} INFO - DAG(s) dict_keys(['producer']) retrieved from /opt/airflow/dags/producer.py
[2024-09-28T15:40:01.758+0000] {logging_mixin.py:120} INFO - [2024-09-28T15:40:01.758+0000] {dag.py:2585} INFO - Sync 1 DAGs
[2024-09-28T15:40:01.794+0000] {logging_mixin.py:120} INFO - [2024-09-28T15:40:01.794+0000] {dag.py:3340} INFO - Setting next_dagrun for producer to 2024-09-28T00:00:00+00:00, run_after=2024-09-29T00:00:00+00:00
[2024-09-28T15:40:01.825+0000] {processor.py:176} INFO - Processing /opt/airflow/dags/producer.py took 0.162 seconds
[2024-09-28T15:40:32.244+0000] {processor.py:154} INFO - Started process (PID=39048) to work on /opt/airflow/dags/producer.py
[2024-09-28T15:40:32.251+0000] {processor.py:756} INFO - Processing file /opt/airflow/dags/producer.py for tasks to queue
[2024-09-28T15:40:32.256+0000] {logging_mixin.py:120} INFO - [2024-09-28T15:40:32.255+0000] {dagbag.py:537} INFO - Filling up the DagBag from /opt/airflow/dags/producer.py
[2024-09-28T15:40:32.340+0000] {processor.py:766} INFO - DAG(s) dict_keys(['producer']) retrieved from /opt/airflow/dags/producer.py
[2024-09-28T15:40:32.450+0000] {logging_mixin.py:120} INFO - [2024-09-28T15:40:32.449+0000] {dag.py:2585} INFO - Sync 1 DAGs
[2024-09-28T15:40:32.514+0000] {logging_mixin.py:120} INFO - [2024-09-28T15:40:32.514+0000] {dag.py:3340} INFO - Setting next_dagrun for producer to 2024-09-28T00:00:00+00:00, run_after=2024-09-29T00:00:00+00:00
[2024-09-28T15:40:32.566+0000] {processor.py:176} INFO - Processing /opt/airflow/dags/producer.py took 0.331 seconds
[2024-09-28T15:41:03.148+0000] {processor.py:154} INFO - Started process (PID=39120) to work on /opt/airflow/dags/producer.py
[2024-09-28T15:41:03.151+0000] {processor.py:756} INFO - Processing file /opt/airflow/dags/producer.py for tasks to queue
[2024-09-28T15:41:03.153+0000] {logging_mixin.py:120} INFO - [2024-09-28T15:41:03.153+0000] {dagbag.py:537} INFO - Filling up the DagBag from /opt/airflow/dags/producer.py
[2024-09-28T15:41:03.193+0000] {processor.py:766} INFO - DAG(s) dict_keys(['producer']) retrieved from /opt/airflow/dags/producer.py
[2024-09-28T15:41:03.262+0000] {logging_mixin.py:120} INFO - [2024-09-28T15:41:03.261+0000] {dag.py:2585} INFO - Sync 1 DAGs
[2024-09-28T15:41:03.304+0000] {logging_mixin.py:120} INFO - [2024-09-28T15:41:03.304+0000] {dag.py:3340} INFO - Setting next_dagrun for producer to 2024-09-28T00:00:00+00:00, run_after=2024-09-29T00:00:00+00:00
[2024-09-28T15:41:03.344+0000] {processor.py:176} INFO - Processing /opt/airflow/dags/producer.py took 0.201 seconds
[2024-09-28T15:41:33.748+0000] {processor.py:154} INFO - Started process (PID=39183) to work on /opt/airflow/dags/producer.py
[2024-09-28T15:41:33.751+0000] {processor.py:756} INFO - Processing file /opt/airflow/dags/producer.py for tasks to queue
[2024-09-28T15:41:33.753+0000] {logging_mixin.py:120} INFO - [2024-09-28T15:41:33.753+0000] {dagbag.py:537} INFO - Filling up the DagBag from /opt/airflow/dags/producer.py
[2024-09-28T15:41:33.802+0000] {processor.py:766} INFO - DAG(s) dict_keys(['producer']) retrieved from /opt/airflow/dags/producer.py
[2024-09-28T15:41:33.863+0000] {logging_mixin.py:120} INFO - [2024-09-28T15:41:33.863+0000] {dag.py:2585} INFO - Sync 1 DAGs
[2024-09-28T15:41:33.902+0000] {logging_mixin.py:120} INFO - [2024-09-28T15:41:33.902+0000] {dag.py:3340} INFO - Setting next_dagrun for producer to 2024-09-28T00:00:00+00:00, run_after=2024-09-29T00:00:00+00:00
[2024-09-28T15:41:33.940+0000] {processor.py:176} INFO - Processing /opt/airflow/dags/producer.py took 0.197 seconds
[2024-09-28T15:42:04.247+0000] {processor.py:154} INFO - Started process (PID=39255) to work on /opt/airflow/dags/producer.py
[2024-09-28T15:42:04.249+0000] {processor.py:756} INFO - Processing file /opt/airflow/dags/producer.py for tasks to queue
[2024-09-28T15:42:04.250+0000] {logging_mixin.py:120} INFO - [2024-09-28T15:42:04.250+0000] {dagbag.py:537} INFO - Filling up the DagBag from /opt/airflow/dags/producer.py
[2024-09-28T15:42:04.290+0000] {processor.py:766} INFO - DAG(s) dict_keys(['producer']) retrieved from /opt/airflow/dags/producer.py
[2024-09-28T15:42:04.350+0000] {logging_mixin.py:120} INFO - [2024-09-28T15:42:04.350+0000] {dag.py:2585} INFO - Sync 1 DAGs
[2024-09-28T15:42:04.393+0000] {logging_mixin.py:120} INFO - [2024-09-28T15:42:04.393+0000] {dag.py:3340} INFO - Setting next_dagrun for producer to 2024-09-28T00:00:00+00:00, run_after=2024-09-29T00:00:00+00:00
[2024-09-28T15:42:04.425+0000] {processor.py:176} INFO - Processing /opt/airflow/dags/producer.py took 0.183 seconds
[2024-09-28T15:42:34.623+0000] {processor.py:154} INFO - Started process (PID=39318) to work on /opt/airflow/dags/producer.py
[2024-09-28T15:42:34.626+0000] {processor.py:756} INFO - Processing file /opt/airflow/dags/producer.py for tasks to queue
[2024-09-28T15:42:34.628+0000] {logging_mixin.py:120} INFO - [2024-09-28T15:42:34.628+0000] {dagbag.py:537} INFO - Filling up the DagBag from /opt/airflow/dags/producer.py
[2024-09-28T15:42:34.662+0000] {processor.py:766} INFO - DAG(s) dict_keys(['producer']) retrieved from /opt/airflow/dags/producer.py
[2024-09-28T15:42:34.723+0000] {logging_mixin.py:120} INFO - [2024-09-28T15:42:34.723+0000] {dag.py:2585} INFO - Sync 1 DAGs
[2024-09-28T15:42:34.763+0000] {logging_mixin.py:120} INFO - [2024-09-28T15:42:34.763+0000] {dag.py:3340} INFO - Setting next_dagrun for producer to 2024-09-28T00:00:00+00:00, run_after=2024-09-29T00:00:00+00:00
[2024-09-28T15:42:34.796+0000] {processor.py:176} INFO - Processing /opt/airflow/dags/producer.py took 0.178 seconds
[2024-09-28T15:43:05.074+0000] {processor.py:154} INFO - Started process (PID=39390) to work on /opt/airflow/dags/producer.py
[2024-09-28T15:43:05.077+0000] {processor.py:756} INFO - Processing file /opt/airflow/dags/producer.py for tasks to queue
[2024-09-28T15:43:05.078+0000] {logging_mixin.py:120} INFO - [2024-09-28T15:43:05.078+0000] {dagbag.py:537} INFO - Filling up the DagBag from /opt/airflow/dags/producer.py
[2024-09-28T15:43:05.114+0000] {processor.py:766} INFO - DAG(s) dict_keys(['producer']) retrieved from /opt/airflow/dags/producer.py
[2024-09-28T15:43:05.175+0000] {logging_mixin.py:120} INFO - [2024-09-28T15:43:05.174+0000] {dag.py:2585} INFO - Sync 1 DAGs
[2024-09-28T15:43:05.212+0000] {logging_mixin.py:120} INFO - [2024-09-28T15:43:05.212+0000] {dag.py:3340} INFO - Setting next_dagrun for producer to 2024-09-28T00:00:00+00:00, run_after=2024-09-29T00:00:00+00:00
[2024-09-28T15:43:05.245+0000] {processor.py:176} INFO - Processing /opt/airflow/dags/producer.py took 0.175 seconds
[2024-09-28T15:43:36.221+0000] {processor.py:154} INFO - Started process (PID=39462) to work on /opt/airflow/dags/producer.py
[2024-09-28T15:43:36.224+0000] {processor.py:756} INFO - Processing file /opt/airflow/dags/producer.py for tasks to queue
[2024-09-28T15:43:36.225+0000] {logging_mixin.py:120} INFO - [2024-09-28T15:43:36.225+0000] {dagbag.py:537} INFO - Filling up the DagBag from /opt/airflow/dags/producer.py
[2024-09-28T15:43:36.265+0000] {processor.py:766} INFO - DAG(s) dict_keys(['producer']) retrieved from /opt/airflow/dags/producer.py
[2024-09-28T15:43:36.328+0000] {logging_mixin.py:120} INFO - [2024-09-28T15:43:36.328+0000] {dag.py:2585} INFO - Sync 1 DAGs
[2024-09-28T15:43:36.371+0000] {logging_mixin.py:120} INFO - [2024-09-28T15:43:36.371+0000] {dag.py:3340} INFO - Setting next_dagrun for producer to 2024-09-28T00:00:00+00:00, run_after=2024-09-29T00:00:00+00:00
[2024-09-28T15:43:36.412+0000] {processor.py:176} INFO - Processing /opt/airflow/dags/producer.py took 0.197 seconds
[2024-09-28T15:44:06.840+0000] {processor.py:154} INFO - Started process (PID=39525) to work on /opt/airflow/dags/producer.py
[2024-09-28T15:44:06.847+0000] {processor.py:756} INFO - Processing file /opt/airflow/dags/producer.py for tasks to queue
[2024-09-28T15:44:06.848+0000] {logging_mixin.py:120} INFO - [2024-09-28T15:44:06.848+0000] {dagbag.py:537} INFO - Filling up the DagBag from /opt/airflow/dags/producer.py
[2024-09-28T15:44:06.919+0000] {processor.py:766} INFO - DAG(s) dict_keys(['producer']) retrieved from /opt/airflow/dags/producer.py
[2024-09-28T15:44:07.015+0000] {logging_mixin.py:120} INFO - [2024-09-28T15:44:07.014+0000] {dag.py:2585} INFO - Sync 1 DAGs
[2024-09-28T15:44:07.097+0000] {logging_mixin.py:120} INFO - [2024-09-28T15:44:07.097+0000] {dag.py:3340} INFO - Setting next_dagrun for producer to 2024-09-28T00:00:00+00:00, run_after=2024-09-29T00:00:00+00:00
[2024-09-28T15:44:07.172+0000] {processor.py:176} INFO - Processing /opt/airflow/dags/producer.py took 0.343 seconds
[2024-09-28T15:44:37.680+0000] {processor.py:154} INFO - Started process (PID=39588) to work on /opt/airflow/dags/producer.py
[2024-09-28T15:44:37.695+0000] {processor.py:756} INFO - Processing file /opt/airflow/dags/producer.py for tasks to queue
[2024-09-28T15:44:37.697+0000] {logging_mixin.py:120} INFO - [2024-09-28T15:44:37.697+0000] {dagbag.py:537} INFO - Filling up the DagBag from /opt/airflow/dags/producer.py
[2024-09-28T15:44:37.737+0000] {processor.py:766} INFO - DAG(s) dict_keys(['producer']) retrieved from /opt/airflow/dags/producer.py
[2024-09-28T15:44:37.805+0000] {logging_mixin.py:120} INFO - [2024-09-28T15:44:37.805+0000] {dag.py:2585} INFO - Sync 1 DAGs
[2024-09-28T15:44:37.855+0000] {logging_mixin.py:120} INFO - [2024-09-28T15:44:37.855+0000] {dag.py:3340} INFO - Setting next_dagrun for producer to 2024-09-28T00:00:00+00:00, run_after=2024-09-29T00:00:00+00:00
[2024-09-28T15:44:37.892+0000] {processor.py:176} INFO - Processing /opt/airflow/dags/producer.py took 0.218 seconds
[2024-09-28T15:45:08.148+0000] {processor.py:154} INFO - Started process (PID=39658) to work on /opt/airflow/dags/producer.py
[2024-09-28T15:45:08.152+0000] {processor.py:756} INFO - Processing file /opt/airflow/dags/producer.py for tasks to queue
[2024-09-28T15:45:08.153+0000] {logging_mixin.py:120} INFO - [2024-09-28T15:45:08.153+0000] {dagbag.py:537} INFO - Filling up the DagBag from /opt/airflow/dags/producer.py
[2024-09-28T15:45:08.189+0000] {processor.py:766} INFO - DAG(s) dict_keys(['producer']) retrieved from /opt/airflow/dags/producer.py
[2024-09-28T15:45:08.247+0000] {logging_mixin.py:120} INFO - [2024-09-28T15:45:08.247+0000] {dag.py:2585} INFO - Sync 1 DAGs
[2024-09-28T15:45:08.286+0000] {logging_mixin.py:120} INFO - [2024-09-28T15:45:08.285+0000] {dag.py:3340} INFO - Setting next_dagrun for producer to 2024-09-28T00:00:00+00:00, run_after=2024-09-29T00:00:00+00:00
[2024-09-28T15:45:08.317+0000] {processor.py:176} INFO - Processing /opt/airflow/dags/producer.py took 0.174 seconds
[2024-09-28T15:45:39.034+0000] {processor.py:154} INFO - Started process (PID=39728) to work on /opt/airflow/dags/producer.py
[2024-09-28T15:45:39.037+0000] {processor.py:756} INFO - Processing file /opt/airflow/dags/producer.py for tasks to queue
[2024-09-28T15:45:39.038+0000] {logging_mixin.py:120} INFO - [2024-09-28T15:45:39.038+0000] {dagbag.py:537} INFO - Filling up the DagBag from /opt/airflow/dags/producer.py
[2024-09-28T15:45:39.075+0000] {processor.py:766} INFO - DAG(s) dict_keys(['producer']) retrieved from /opt/airflow/dags/producer.py
[2024-09-28T15:45:39.134+0000] {logging_mixin.py:120} INFO - [2024-09-28T15:45:39.134+0000] {dag.py:2585} INFO - Sync 1 DAGs
[2024-09-28T15:45:39.174+0000] {logging_mixin.py:120} INFO - [2024-09-28T15:45:39.174+0000] {dag.py:3340} INFO - Setting next_dagrun for producer to 2024-09-28T00:00:00+00:00, run_after=2024-09-29T00:00:00+00:00
[2024-09-28T15:45:39.221+0000] {processor.py:176} INFO - Processing /opt/airflow/dags/producer.py took 0.192 seconds
[2024-09-28T15:46:09.663+0000] {processor.py:154} INFO - Started process (PID=39793) to work on /opt/airflow/dags/producer.py
[2024-09-28T15:46:09.666+0000] {processor.py:756} INFO - Processing file /opt/airflow/dags/producer.py for tasks to queue
[2024-09-28T15:46:09.667+0000] {logging_mixin.py:120} INFO - [2024-09-28T15:46:09.667+0000] {dagbag.py:537} INFO - Filling up the DagBag from /opt/airflow/dags/producer.py
[2024-09-28T15:46:09.704+0000] {processor.py:766} INFO - DAG(s) dict_keys(['producer']) retrieved from /opt/airflow/dags/producer.py
[2024-09-28T15:46:09.775+0000] {logging_mixin.py:120} INFO - [2024-09-28T15:46:09.775+0000] {dag.py:2585} INFO - Sync 1 DAGs
[2024-09-28T15:46:09.822+0000] {logging_mixin.py:120} INFO - [2024-09-28T15:46:09.822+0000] {dag.py:3340} INFO - Setting next_dagrun for producer to 2024-09-28T00:00:00+00:00, run_after=2024-09-29T00:00:00+00:00
[2024-09-28T15:46:09.870+0000] {processor.py:176} INFO - Processing /opt/airflow/dags/producer.py took 0.210 seconds
[2024-09-28T15:46:39.976+0000] {processor.py:154} INFO - Started process (PID=39865) to work on /opt/airflow/dags/producer.py
[2024-09-28T15:46:39.979+0000] {processor.py:756} INFO - Processing file /opt/airflow/dags/producer.py for tasks to queue
[2024-09-28T15:46:39.981+0000] {logging_mixin.py:120} INFO - [2024-09-28T15:46:39.981+0000] {dagbag.py:537} INFO - Filling up the DagBag from /opt/airflow/dags/producer.py
[2024-09-28T15:46:40.007+0000] {processor.py:766} INFO - DAG(s) dict_keys(['producer']) retrieved from /opt/airflow/dags/producer.py
[2024-09-28T15:46:40.054+0000] {logging_mixin.py:120} INFO - [2024-09-28T15:46:40.054+0000] {dag.py:2585} INFO - Sync 1 DAGs
[2024-09-28T15:46:40.086+0000] {logging_mixin.py:120} INFO - [2024-09-28T15:46:40.086+0000] {dag.py:3340} INFO - Setting next_dagrun for producer to 2024-09-28T00:00:00+00:00, run_after=2024-09-29T00:00:00+00:00
[2024-09-28T15:46:40.115+0000] {processor.py:176} INFO - Processing /opt/airflow/dags/producer.py took 0.142 seconds
[2024-09-28T15:47:10.402+0000] {processor.py:154} INFO - Started process (PID=39933) to work on /opt/airflow/dags/producer.py
[2024-09-28T15:47:10.404+0000] {processor.py:756} INFO - Processing file /opt/airflow/dags/producer.py for tasks to queue
[2024-09-28T15:47:10.405+0000] {logging_mixin.py:120} INFO - [2024-09-28T15:47:10.405+0000] {dagbag.py:537} INFO - Filling up the DagBag from /opt/airflow/dags/producer.py
[2024-09-28T15:47:10.436+0000] {processor.py:766} INFO - DAG(s) dict_keys(['producer']) retrieved from /opt/airflow/dags/producer.py
[2024-09-28T15:47:10.484+0000] {logging_mixin.py:120} INFO - [2024-09-28T15:47:10.484+0000] {dag.py:2585} INFO - Sync 1 DAGs
[2024-09-28T15:47:10.514+0000] {logging_mixin.py:120} INFO - [2024-09-28T15:47:10.514+0000] {dag.py:3340} INFO - Setting next_dagrun for producer to 2024-09-28T00:00:00+00:00, run_after=2024-09-29T00:00:00+00:00
[2024-09-28T15:47:10.544+0000] {processor.py:176} INFO - Processing /opt/airflow/dags/producer.py took 0.147 seconds
[2024-09-28T15:47:40.857+0000] {processor.py:154} INFO - Started process (PID=39999) to work on /opt/airflow/dags/producer.py
[2024-09-28T15:47:40.859+0000] {processor.py:756} INFO - Processing file /opt/airflow/dags/producer.py for tasks to queue
[2024-09-28T15:47:40.860+0000] {logging_mixin.py:120} INFO - [2024-09-28T15:47:40.860+0000] {dagbag.py:537} INFO - Filling up the DagBag from /opt/airflow/dags/producer.py
[2024-09-28T15:47:40.890+0000] {processor.py:766} INFO - DAG(s) dict_keys(['producer']) retrieved from /opt/airflow/dags/producer.py
[2024-09-28T15:47:40.940+0000] {logging_mixin.py:120} INFO - [2024-09-28T15:47:40.940+0000] {dag.py:2585} INFO - Sync 1 DAGs
[2024-09-28T15:47:40.975+0000] {logging_mixin.py:120} INFO - [2024-09-28T15:47:40.975+0000] {dag.py:3340} INFO - Setting next_dagrun for producer to 2024-09-28T00:00:00+00:00, run_after=2024-09-29T00:00:00+00:00
[2024-09-28T15:47:41.001+0000] {processor.py:176} INFO - Processing /opt/airflow/dags/producer.py took 0.148 seconds
[2024-09-28T15:48:11.433+0000] {processor.py:154} INFO - Started process (PID=40071) to work on /opt/airflow/dags/producer.py
[2024-09-28T15:48:11.436+0000] {processor.py:756} INFO - Processing file /opt/airflow/dags/producer.py for tasks to queue
[2024-09-28T15:48:11.437+0000] {logging_mixin.py:120} INFO - [2024-09-28T15:48:11.436+0000] {dagbag.py:537} INFO - Filling up the DagBag from /opt/airflow/dags/producer.py
[2024-09-28T15:48:11.463+0000] {processor.py:766} INFO - DAG(s) dict_keys(['producer']) retrieved from /opt/airflow/dags/producer.py
[2024-09-28T15:48:11.508+0000] {logging_mixin.py:120} INFO - [2024-09-28T15:48:11.508+0000] {dag.py:2585} INFO - Sync 1 DAGs
[2024-09-28T15:48:11.537+0000] {logging_mixin.py:120} INFO - [2024-09-28T15:48:11.537+0000] {dag.py:3340} INFO - Setting next_dagrun for producer to 2024-09-28T00:00:00+00:00, run_after=2024-09-29T00:00:00+00:00
[2024-09-28T15:48:11.560+0000] {processor.py:176} INFO - Processing /opt/airflow/dags/producer.py took 0.130 seconds
[2024-09-28T15:48:41.754+0000] {processor.py:154} INFO - Started process (PID=40143) to work on /opt/airflow/dags/producer.py
[2024-09-28T15:48:41.757+0000] {processor.py:756} INFO - Processing file /opt/airflow/dags/producer.py for tasks to queue
[2024-09-28T15:48:41.758+0000] {logging_mixin.py:120} INFO - [2024-09-28T15:48:41.758+0000] {dagbag.py:537} INFO - Filling up the DagBag from /opt/airflow/dags/producer.py
[2024-09-28T15:48:41.792+0000] {processor.py:766} INFO - DAG(s) dict_keys(['producer']) retrieved from /opt/airflow/dags/producer.py
[2024-09-28T15:48:41.847+0000] {logging_mixin.py:120} INFO - [2024-09-28T15:48:41.847+0000] {dag.py:2585} INFO - Sync 1 DAGs
[2024-09-28T15:48:41.880+0000] {logging_mixin.py:120} INFO - [2024-09-28T15:48:41.880+0000] {dag.py:3340} INFO - Setting next_dagrun for producer to 2024-09-28T00:00:00+00:00, run_after=2024-09-29T00:00:00+00:00
[2024-09-28T15:48:41.909+0000] {processor.py:176} INFO - Processing /opt/airflow/dags/producer.py took 0.160 seconds
[2024-09-28T15:49:12.312+0000] {processor.py:154} INFO - Started process (PID=40206) to work on /opt/airflow/dags/producer.py
[2024-09-28T15:49:12.316+0000] {processor.py:756} INFO - Processing file /opt/airflow/dags/producer.py for tasks to queue
[2024-09-28T15:49:12.317+0000] {logging_mixin.py:120} INFO - [2024-09-28T15:49:12.317+0000] {dagbag.py:537} INFO - Filling up the DagBag from /opt/airflow/dags/producer.py
[2024-09-28T15:49:12.347+0000] {processor.py:766} INFO - DAG(s) dict_keys(['producer']) retrieved from /opt/airflow/dags/producer.py
[2024-09-28T15:49:12.399+0000] {logging_mixin.py:120} INFO - [2024-09-28T15:49:12.398+0000] {dag.py:2585} INFO - Sync 1 DAGs
[2024-09-28T15:49:12.428+0000] {logging_mixin.py:120} INFO - [2024-09-28T15:49:12.428+0000] {dag.py:3340} INFO - Setting next_dagrun for producer to 2024-09-28T00:00:00+00:00, run_after=2024-09-29T00:00:00+00:00
[2024-09-28T15:49:12.458+0000] {processor.py:176} INFO - Processing /opt/airflow/dags/producer.py took 0.150 seconds
[2024-09-28T15:49:42.823+0000] {processor.py:154} INFO - Started process (PID=40278) to work on /opt/airflow/dags/producer.py
[2024-09-28T15:49:42.826+0000] {processor.py:756} INFO - Processing file /opt/airflow/dags/producer.py for tasks to queue
[2024-09-28T15:49:42.827+0000] {logging_mixin.py:120} INFO - [2024-09-28T15:49:42.826+0000] {dagbag.py:537} INFO - Filling up the DagBag from /opt/airflow/dags/producer.py
[2024-09-28T15:49:42.856+0000] {processor.py:766} INFO - DAG(s) dict_keys(['producer']) retrieved from /opt/airflow/dags/producer.py
[2024-09-28T15:49:42.903+0000] {logging_mixin.py:120} INFO - [2024-09-28T15:49:42.903+0000] {dag.py:2585} INFO - Sync 1 DAGs
[2024-09-28T15:49:42.934+0000] {logging_mixin.py:120} INFO - [2024-09-28T15:49:42.934+0000] {dag.py:3340} INFO - Setting next_dagrun for producer to 2024-09-28T00:00:00+00:00, run_after=2024-09-29T00:00:00+00:00
[2024-09-28T15:49:42.963+0000] {processor.py:176} INFO - Processing /opt/airflow/dags/producer.py took 0.143 seconds
[2024-09-28T15:50:13.315+0000] {processor.py:154} INFO - Started process (PID=40350) to work on /opt/airflow/dags/producer.py
[2024-09-28T15:50:13.318+0000] {processor.py:756} INFO - Processing file /opt/airflow/dags/producer.py for tasks to queue
[2024-09-28T15:50:13.318+0000] {logging_mixin.py:120} INFO - [2024-09-28T15:50:13.318+0000] {dagbag.py:537} INFO - Filling up the DagBag from /opt/airflow/dags/producer.py
[2024-09-28T15:50:13.350+0000] {processor.py:766} INFO - DAG(s) dict_keys(['producer']) retrieved from /opt/airflow/dags/producer.py
[2024-09-28T15:50:13.397+0000] {logging_mixin.py:120} INFO - [2024-09-28T15:50:13.397+0000] {dag.py:2585} INFO - Sync 1 DAGs
[2024-09-28T15:50:13.429+0000] {logging_mixin.py:120} INFO - [2024-09-28T15:50:13.429+0000] {dag.py:3340} INFO - Setting next_dagrun for producer to 2024-09-28T00:00:00+00:00, run_after=2024-09-29T00:00:00+00:00
[2024-09-28T15:50:13.456+0000] {processor.py:176} INFO - Processing /opt/airflow/dags/producer.py took 0.145 seconds
[2024-09-28T15:56:17.063+0000] {processor.py:154} INFO - Started process (PID=40394) to work on /opt/airflow/dags/producer.py
[2024-09-28T15:56:17.066+0000] {processor.py:756} INFO - Processing file /opt/airflow/dags/producer.py for tasks to queue
[2024-09-28T15:56:17.068+0000] {logging_mixin.py:120} INFO - [2024-09-28T15:56:17.067+0000] {dagbag.py:537} INFO - Filling up the DagBag from /opt/airflow/dags/producer.py
[2024-09-28T15:56:17.108+0000] {processor.py:766} INFO - DAG(s) dict_keys(['producer']) retrieved from /opt/airflow/dags/producer.py
[2024-09-28T15:56:17.150+0000] {logging_mixin.py:120} INFO - [2024-09-28T15:56:17.150+0000] {dag.py:2585} INFO - Sync 1 DAGs
[2024-09-28T15:56:17.178+0000] {logging_mixin.py:120} INFO - [2024-09-28T15:56:17.178+0000] {dag.py:3340} INFO - Setting next_dagrun for producer to 2024-09-28T00:00:00+00:00, run_after=2024-09-29T00:00:00+00:00
[2024-09-28T15:56:17.206+0000] {processor.py:176} INFO - Processing /opt/airflow/dags/producer.py took 0.147 seconds
[2024-09-28T15:56:47.498+0000] {processor.py:154} INFO - Started process (PID=40457) to work on /opt/airflow/dags/producer.py
[2024-09-28T15:56:47.502+0000] {processor.py:756} INFO - Processing file /opt/airflow/dags/producer.py for tasks to queue
[2024-09-28T15:56:47.504+0000] {logging_mixin.py:120} INFO - [2024-09-28T15:56:47.504+0000] {dagbag.py:537} INFO - Filling up the DagBag from /opt/airflow/dags/producer.py
[2024-09-28T15:56:47.550+0000] {processor.py:766} INFO - DAG(s) dict_keys(['producer']) retrieved from /opt/airflow/dags/producer.py
[2024-09-28T15:56:47.629+0000] {logging_mixin.py:120} INFO - [2024-09-28T15:56:47.629+0000] {dag.py:2585} INFO - Sync 1 DAGs
[2024-09-28T15:56:47.691+0000] {logging_mixin.py:120} INFO - [2024-09-28T15:56:47.690+0000] {dag.py:3340} INFO - Setting next_dagrun for producer to 2024-09-28T00:00:00+00:00, run_after=2024-09-29T00:00:00+00:00
[2024-09-28T15:56:47.729+0000] {processor.py:176} INFO - Processing /opt/airflow/dags/producer.py took 0.236 seconds
[2024-09-28T15:57:18.143+0000] {processor.py:154} INFO - Started process (PID=40519) to work on /opt/airflow/dags/producer.py
[2024-09-28T15:57:18.146+0000] {processor.py:756} INFO - Processing file /opt/airflow/dags/producer.py for tasks to queue
[2024-09-28T15:57:18.147+0000] {logging_mixin.py:120} INFO - [2024-09-28T15:57:18.147+0000] {dagbag.py:537} INFO - Filling up the DagBag from /opt/airflow/dags/producer.py
[2024-09-28T15:57:18.177+0000] {processor.py:766} INFO - DAG(s) dict_keys(['producer']) retrieved from /opt/airflow/dags/producer.py
[2024-09-28T15:57:18.226+0000] {logging_mixin.py:120} INFO - [2024-09-28T15:57:18.226+0000] {dag.py:2585} INFO - Sync 1 DAGs
[2024-09-28T15:57:18.264+0000] {logging_mixin.py:120} INFO - [2024-09-28T15:57:18.264+0000] {dag.py:3340} INFO - Setting next_dagrun for producer to 2024-09-28T00:00:00+00:00, run_after=2024-09-29T00:00:00+00:00
[2024-09-28T15:57:18.290+0000] {processor.py:176} INFO - Processing /opt/airflow/dags/producer.py took 0.150 seconds
[2024-09-28T15:57:48.957+0000] {processor.py:154} INFO - Started process (PID=40591) to work on /opt/airflow/dags/producer.py
[2024-09-28T15:57:48.960+0000] {processor.py:756} INFO - Processing file /opt/airflow/dags/producer.py for tasks to queue
[2024-09-28T15:57:48.961+0000] {logging_mixin.py:120} INFO - [2024-09-28T15:57:48.960+0000] {dagbag.py:537} INFO - Filling up the DagBag from /opt/airflow/dags/producer.py
[2024-09-28T15:57:49.027+0000] {processor.py:766} INFO - DAG(s) dict_keys(['producer']) retrieved from /opt/airflow/dags/producer.py
[2024-09-28T15:57:49.120+0000] {logging_mixin.py:120} INFO - [2024-09-28T15:57:49.120+0000] {dag.py:2585} INFO - Sync 1 DAGs
[2024-09-28T15:57:49.161+0000] {logging_mixin.py:120} INFO - [2024-09-28T15:57:49.160+0000] {dag.py:3340} INFO - Setting next_dagrun for producer to 2024-09-28T00:00:00+00:00, run_after=2024-09-29T00:00:00+00:00
[2024-09-28T15:57:49.194+0000] {processor.py:176} INFO - Processing /opt/airflow/dags/producer.py took 0.241 seconds
[2024-09-28T16:03:55.651+0000] {processor.py:154} INFO - Started process (PID=40653) to work on /opt/airflow/dags/producer.py
[2024-09-28T16:03:55.656+0000] {processor.py:756} INFO - Processing file /opt/airflow/dags/producer.py for tasks to queue
[2024-09-28T16:03:55.658+0000] {logging_mixin.py:120} INFO - [2024-09-28T16:03:55.657+0000] {dagbag.py:537} INFO - Filling up the DagBag from /opt/airflow/dags/producer.py
[2024-09-28T16:03:55.729+0000] {processor.py:766} INFO - DAG(s) dict_keys(['producer']) retrieved from /opt/airflow/dags/producer.py
[2024-09-28T16:03:55.829+0000] {logging_mixin.py:120} INFO - [2024-09-28T16:03:55.828+0000] {dag.py:2585} INFO - Sync 1 DAGs
[2024-09-28T16:03:55.886+0000] {logging_mixin.py:120} INFO - [2024-09-28T16:03:55.885+0000] {dag.py:3340} INFO - Setting next_dagrun for producer to 2024-09-28T00:00:00+00:00, run_after=2024-09-29T00:00:00+00:00
[2024-09-28T16:03:55.929+0000] {processor.py:176} INFO - Processing /opt/airflow/dags/producer.py took 0.285 seconds
[2024-09-28T16:04:26.789+0000] {processor.py:154} INFO - Started process (PID=40716) to work on /opt/airflow/dags/producer.py
[2024-09-28T16:04:26.792+0000] {processor.py:756} INFO - Processing file /opt/airflow/dags/producer.py for tasks to queue
[2024-09-28T16:04:26.792+0000] {logging_mixin.py:120} INFO - [2024-09-28T16:04:26.792+0000] {dagbag.py:537} INFO - Filling up the DagBag from /opt/airflow/dags/producer.py
[2024-09-28T16:04:26.821+0000] {processor.py:766} INFO - DAG(s) dict_keys(['producer']) retrieved from /opt/airflow/dags/producer.py
[2024-09-28T16:04:26.864+0000] {logging_mixin.py:120} INFO - [2024-09-28T16:04:26.864+0000] {dag.py:2585} INFO - Sync 1 DAGs
[2024-09-28T16:04:26.894+0000] {logging_mixin.py:120} INFO - [2024-09-28T16:04:26.894+0000] {dag.py:3340} INFO - Setting next_dagrun for producer to 2024-09-28T00:00:00+00:00, run_after=2024-09-29T00:00:00+00:00
[2024-09-28T16:04:26.920+0000] {processor.py:176} INFO - Processing /opt/airflow/dags/producer.py took 0.134 seconds
[2024-09-28T16:04:57.547+0000] {processor.py:154} INFO - Started process (PID=40788) to work on /opt/airflow/dags/producer.py
[2024-09-28T16:04:57.549+0000] {processor.py:756} INFO - Processing file /opt/airflow/dags/producer.py for tasks to queue
[2024-09-28T16:04:57.549+0000] {logging_mixin.py:120} INFO - [2024-09-28T16:04:57.549+0000] {dagbag.py:537} INFO - Filling up the DagBag from /opt/airflow/dags/producer.py
[2024-09-28T16:04:57.578+0000] {processor.py:766} INFO - DAG(s) dict_keys(['producer']) retrieved from /opt/airflow/dags/producer.py
[2024-09-28T16:04:57.621+0000] {logging_mixin.py:120} INFO - [2024-09-28T16:04:57.621+0000] {dag.py:2585} INFO - Sync 1 DAGs
[2024-09-28T16:04:57.655+0000] {logging_mixin.py:120} INFO - [2024-09-28T16:04:57.655+0000] {dag.py:3340} INFO - Setting next_dagrun for producer to 2024-09-28T00:00:00+00:00, run_after=2024-09-29T00:00:00+00:00
[2024-09-28T16:04:57.678+0000] {processor.py:176} INFO - Processing /opt/airflow/dags/producer.py took 0.135 seconds
[2024-09-28T16:05:29.021+0000] {processor.py:154} INFO - Started process (PID=40860) to work on /opt/airflow/dags/producer.py
[2024-09-28T16:05:29.023+0000] {processor.py:756} INFO - Processing file /opt/airflow/dags/producer.py for tasks to queue
[2024-09-28T16:05:29.024+0000] {logging_mixin.py:120} INFO - [2024-09-28T16:05:29.024+0000] {dagbag.py:537} INFO - Filling up the DagBag from /opt/airflow/dags/producer.py
[2024-09-28T16:05:29.076+0000] {processor.py:766} INFO - DAG(s) dict_keys(['producer']) retrieved from /opt/airflow/dags/producer.py
[2024-09-28T16:05:29.168+0000] {logging_mixin.py:120} INFO - [2024-09-28T16:05:29.168+0000] {dag.py:2585} INFO - Sync 1 DAGs
[2024-09-28T16:05:29.225+0000] {logging_mixin.py:120} INFO - [2024-09-28T16:05:29.225+0000] {dag.py:3340} INFO - Setting next_dagrun for producer to 2024-09-28T00:00:00+00:00, run_after=2024-09-29T00:00:00+00:00
[2024-09-28T16:05:29.298+0000] {processor.py:176} INFO - Processing /opt/airflow/dags/producer.py took 0.282 seconds
[2024-09-28T16:07:15.287+0000] {processor.py:154} INFO - Started process (PID=40923) to work on /opt/airflow/dags/producer.py
[2024-09-28T16:07:15.290+0000] {processor.py:756} INFO - Processing file /opt/airflow/dags/producer.py for tasks to queue
[2024-09-28T16:07:15.292+0000] {logging_mixin.py:120} INFO - [2024-09-28T16:07:15.291+0000] {dagbag.py:537} INFO - Filling up the DagBag from /opt/airflow/dags/producer.py
[2024-09-28T16:07:15.334+0000] {processor.py:766} INFO - DAG(s) dict_keys(['producer']) retrieved from /opt/airflow/dags/producer.py
[2024-09-28T16:07:15.407+0000] {logging_mixin.py:120} INFO - [2024-09-28T16:07:15.406+0000] {dag.py:2585} INFO - Sync 1 DAGs
[2024-09-28T16:07:15.450+0000] {logging_mixin.py:120} INFO - [2024-09-28T16:07:15.450+0000] {dag.py:3340} INFO - Setting next_dagrun for producer to 2024-09-28T00:00:00+00:00, run_after=2024-09-29T00:00:00+00:00
[2024-09-28T16:07:15.490+0000] {processor.py:176} INFO - Processing /opt/airflow/dags/producer.py took 0.208 seconds
[2024-09-28T16:07:45.615+0000] {processor.py:154} INFO - Started process (PID=40995) to work on /opt/airflow/dags/producer.py
[2024-09-28T16:07:45.618+0000] {processor.py:756} INFO - Processing file /opt/airflow/dags/producer.py for tasks to queue
[2024-09-28T16:07:45.619+0000] {logging_mixin.py:120} INFO - [2024-09-28T16:07:45.619+0000] {dagbag.py:537} INFO - Filling up the DagBag from /opt/airflow/dags/producer.py
[2024-09-28T16:07:45.655+0000] {processor.py:766} INFO - DAG(s) dict_keys(['producer']) retrieved from /opt/airflow/dags/producer.py
[2024-09-28T16:07:45.718+0000] {logging_mixin.py:120} INFO - [2024-09-28T16:07:45.718+0000] {dag.py:2585} INFO - Sync 1 DAGs
[2024-09-28T16:07:45.758+0000] {logging_mixin.py:120} INFO - [2024-09-28T16:07:45.758+0000] {dag.py:3340} INFO - Setting next_dagrun for producer to 2024-09-28T00:00:00+00:00, run_after=2024-09-29T00:00:00+00:00
[2024-09-28T16:07:45.794+0000] {processor.py:176} INFO - Processing /opt/airflow/dags/producer.py took 0.184 seconds
[2024-09-28T16:08:16.759+0000] {processor.py:154} INFO - Started process (PID=41057) to work on /opt/airflow/dags/producer.py
[2024-09-28T16:08:16.761+0000] {processor.py:756} INFO - Processing file /opt/airflow/dags/producer.py for tasks to queue
[2024-09-28T16:08:16.763+0000] {logging_mixin.py:120} INFO - [2024-09-28T16:08:16.763+0000] {dagbag.py:537} INFO - Filling up the DagBag from /opt/airflow/dags/producer.py
[2024-09-28T16:08:16.794+0000] {processor.py:766} INFO - DAG(s) dict_keys(['producer']) retrieved from /opt/airflow/dags/producer.py
[2024-09-28T16:08:16.843+0000] {logging_mixin.py:120} INFO - [2024-09-28T16:08:16.843+0000] {dag.py:2585} INFO - Sync 1 DAGs
[2024-09-28T16:08:16.873+0000] {logging_mixin.py:120} INFO - [2024-09-28T16:08:16.873+0000] {dag.py:3340} INFO - Setting next_dagrun for producer to 2024-09-28T00:00:00+00:00, run_after=2024-09-29T00:00:00+00:00
[2024-09-28T16:08:16.898+0000] {processor.py:176} INFO - Processing /opt/airflow/dags/producer.py took 0.144 seconds
[2024-09-28T17:17:38.525+0000] {processor.py:154} INFO - Started process (PID=41127) to work on /opt/airflow/dags/producer.py
[2024-09-28T17:17:38.541+0000] {processor.py:756} INFO - Processing file /opt/airflow/dags/producer.py for tasks to queue
[2024-09-28T17:17:38.549+0000] {logging_mixin.py:120} INFO - [2024-09-28T17:17:38.548+0000] {dagbag.py:537} INFO - Filling up the DagBag from /opt/airflow/dags/producer.py
[2024-09-28T17:17:38.673+0000] {processor.py:766} INFO - DAG(s) dict_keys(['producer']) retrieved from /opt/airflow/dags/producer.py
[2024-09-28T17:17:38.865+0000] {logging_mixin.py:120} INFO - [2024-09-28T17:17:38.865+0000] {dag.py:2585} INFO - Sync 1 DAGs
[2024-09-28T17:17:38.977+0000] {logging_mixin.py:120} INFO - [2024-09-28T17:17:38.977+0000] {dag.py:3340} INFO - Setting next_dagrun for producer to 2024-09-28T00:00:00+00:00, run_after=2024-09-29T00:00:00+00:00
[2024-09-28T17:17:39.082+0000] {processor.py:176} INFO - Processing /opt/airflow/dags/producer.py took 0.564 seconds
[2024-09-28T17:18:09.757+0000] {processor.py:154} INFO - Started process (PID=41192) to work on /opt/airflow/dags/producer.py
[2024-09-28T17:18:09.760+0000] {processor.py:756} INFO - Processing file /opt/airflow/dags/producer.py for tasks to queue
[2024-09-28T17:18:09.761+0000] {logging_mixin.py:120} INFO - [2024-09-28T17:18:09.761+0000] {dagbag.py:537} INFO - Filling up the DagBag from /opt/airflow/dags/producer.py
[2024-09-28T17:18:09.789+0000] {processor.py:766} INFO - DAG(s) dict_keys(['producer']) retrieved from /opt/airflow/dags/producer.py
[2024-09-28T17:18:09.830+0000] {logging_mixin.py:120} INFO - [2024-09-28T17:18:09.829+0000] {dag.py:2585} INFO - Sync 1 DAGs
[2024-09-28T17:18:09.860+0000] {logging_mixin.py:120} INFO - [2024-09-28T17:18:09.860+0000] {dag.py:3340} INFO - Setting next_dagrun for producer to 2024-09-28T00:00:00+00:00, run_after=2024-09-29T00:00:00+00:00
[2024-09-28T17:18:09.884+0000] {processor.py:176} INFO - Processing /opt/airflow/dags/producer.py took 0.130 seconds
[2024-09-28T17:18:40.234+0000] {processor.py:154} INFO - Started process (PID=41263) to work on /opt/airflow/dags/producer.py
[2024-09-28T17:18:40.236+0000] {processor.py:756} INFO - Processing file /opt/airflow/dags/producer.py for tasks to queue
[2024-09-28T17:18:40.237+0000] {logging_mixin.py:120} INFO - [2024-09-28T17:18:40.237+0000] {dagbag.py:537} INFO - Filling up the DagBag from /opt/airflow/dags/producer.py
[2024-09-28T17:18:40.274+0000] {processor.py:766} INFO - DAG(s) dict_keys(['producer']) retrieved from /opt/airflow/dags/producer.py
[2024-09-28T17:18:40.328+0000] {logging_mixin.py:120} INFO - [2024-09-28T17:18:40.328+0000] {dag.py:2585} INFO - Sync 1 DAGs
[2024-09-28T17:18:40.363+0000] {logging_mixin.py:120} INFO - [2024-09-28T17:18:40.363+0000] {dag.py:3340} INFO - Setting next_dagrun for producer to 2024-09-28T00:00:00+00:00, run_after=2024-09-29T00:00:00+00:00
[2024-09-28T17:18:40.394+0000] {processor.py:176} INFO - Processing /opt/airflow/dags/producer.py took 0.164 seconds
[2024-09-28T17:19:10.853+0000] {processor.py:154} INFO - Started process (PID=41326) to work on /opt/airflow/dags/producer.py
[2024-09-28T17:19:10.857+0000] {processor.py:756} INFO - Processing file /opt/airflow/dags/producer.py for tasks to queue
[2024-09-28T17:19:10.858+0000] {logging_mixin.py:120} INFO - [2024-09-28T17:19:10.858+0000] {dagbag.py:537} INFO - Filling up the DagBag from /opt/airflow/dags/producer.py
[2024-09-28T17:19:10.892+0000] {processor.py:766} INFO - DAG(s) dict_keys(['producer']) retrieved from /opt/airflow/dags/producer.py
[2024-09-28T17:19:10.942+0000] {logging_mixin.py:120} INFO - [2024-09-28T17:19:10.942+0000] {dag.py:2585} INFO - Sync 1 DAGs
[2024-09-28T17:19:10.973+0000] {logging_mixin.py:120} INFO - [2024-09-28T17:19:10.972+0000] {dag.py:3340} INFO - Setting next_dagrun for producer to 2024-09-28T00:00:00+00:00, run_after=2024-09-29T00:00:00+00:00
[2024-09-28T17:19:10.999+0000] {processor.py:176} INFO - Processing /opt/airflow/dags/producer.py took 0.150 seconds
[2024-09-28T17:29:40.913+0000] {processor.py:154} INFO - Started process (PID=41389) to work on /opt/airflow/dags/producer.py
[2024-09-28T17:29:40.919+0000] {processor.py:756} INFO - Processing file /opt/airflow/dags/producer.py for tasks to queue
[2024-09-28T17:29:40.925+0000] {logging_mixin.py:120} INFO - [2024-09-28T17:29:40.925+0000] {dagbag.py:537} INFO - Filling up the DagBag from /opt/airflow/dags/producer.py
[2024-09-28T17:29:40.992+0000] {processor.py:766} INFO - DAG(s) dict_keys(['producer']) retrieved from /opt/airflow/dags/producer.py
[2024-09-28T17:29:41.130+0000] {logging_mixin.py:120} INFO - [2024-09-28T17:29:41.129+0000] {dag.py:2585} INFO - Sync 1 DAGs
[2024-09-28T17:29:41.207+0000] {logging_mixin.py:120} INFO - [2024-09-28T17:29:41.206+0000] {dag.py:3340} INFO - Setting next_dagrun for producer to 2024-09-28T00:00:00+00:00, run_after=2024-09-29T00:00:00+00:00
[2024-09-28T17:29:41.269+0000] {processor.py:176} INFO - Processing /opt/airflow/dags/producer.py took 0.368 seconds
[2024-09-28T17:30:11.305+0000] {processor.py:154} INFO - Started process (PID=41452) to work on /opt/airflow/dags/producer.py
[2024-09-28T17:30:11.307+0000] {processor.py:756} INFO - Processing file /opt/airflow/dags/producer.py for tasks to queue
[2024-09-28T17:30:11.308+0000] {logging_mixin.py:120} INFO - [2024-09-28T17:30:11.307+0000] {dagbag.py:537} INFO - Filling up the DagBag from /opt/airflow/dags/producer.py
[2024-09-28T17:30:11.332+0000] {processor.py:766} INFO - DAG(s) dict_keys(['producer']) retrieved from /opt/airflow/dags/producer.py
[2024-09-28T17:30:11.373+0000] {logging_mixin.py:120} INFO - [2024-09-28T17:30:11.372+0000] {dag.py:2585} INFO - Sync 1 DAGs
[2024-09-28T17:30:11.399+0000] {logging_mixin.py:120} INFO - [2024-09-28T17:30:11.399+0000] {dag.py:3340} INFO - Setting next_dagrun for producer to 2024-09-28T00:00:00+00:00, run_after=2024-09-29T00:00:00+00:00
[2024-09-28T17:30:11.421+0000] {processor.py:176} INFO - Processing /opt/airflow/dags/producer.py took 0.121 seconds
[2024-09-28T17:30:42.349+0000] {processor.py:154} INFO - Started process (PID=41524) to work on /opt/airflow/dags/producer.py
[2024-09-28T17:30:42.352+0000] {processor.py:756} INFO - Processing file /opt/airflow/dags/producer.py for tasks to queue
[2024-09-28T17:30:42.356+0000] {logging_mixin.py:120} INFO - [2024-09-28T17:30:42.356+0000] {dagbag.py:537} INFO - Filling up the DagBag from /opt/airflow/dags/producer.py
[2024-09-28T17:30:42.388+0000] {processor.py:766} INFO - DAG(s) dict_keys(['producer']) retrieved from /opt/airflow/dags/producer.py
[2024-09-28T17:30:42.443+0000] {logging_mixin.py:120} INFO - [2024-09-28T17:30:42.443+0000] {dag.py:2585} INFO - Sync 1 DAGs
[2024-09-28T17:30:42.474+0000] {logging_mixin.py:120} INFO - [2024-09-28T17:30:42.474+0000] {dag.py:3340} INFO - Setting next_dagrun for producer to 2024-09-28T00:00:00+00:00, run_after=2024-09-29T00:00:00+00:00
[2024-09-28T17:30:42.495+0000] {processor.py:176} INFO - Processing /opt/airflow/dags/producer.py took 0.151 seconds
[2024-09-28T18:41:23.307+0000] {processor.py:154} INFO - Started process (PID=41594) to work on /opt/airflow/dags/producer.py
[2024-09-28T18:41:23.312+0000] {processor.py:756} INFO - Processing file /opt/airflow/dags/producer.py for tasks to queue
[2024-09-28T18:41:23.318+0000] {logging_mixin.py:120} INFO - [2024-09-28T18:41:23.317+0000] {dagbag.py:537} INFO - Filling up the DagBag from /opt/airflow/dags/producer.py
[2024-09-28T18:41:23.495+0000] {processor.py:766} INFO - DAG(s) dict_keys(['producer']) retrieved from /opt/airflow/dags/producer.py
[2024-09-28T18:41:23.813+0000] {logging_mixin.py:120} INFO - [2024-09-28T18:41:23.812+0000] {dag.py:2585} INFO - Sync 1 DAGs
[2024-09-28T18:41:23.978+0000] {logging_mixin.py:120} INFO - [2024-09-28T18:41:23.977+0000] {dag.py:3340} INFO - Setting next_dagrun for producer to 2024-09-28T00:00:00+00:00, run_after=2024-09-29T00:00:00+00:00
[2024-09-28T18:41:24.051+0000] {processor.py:176} INFO - Processing /opt/airflow/dags/producer.py took 0.751 seconds
[2024-09-28T18:41:54.528+0000] {processor.py:154} INFO - Started process (PID=41659) to work on /opt/airflow/dags/producer.py
[2024-09-28T18:41:54.531+0000] {processor.py:756} INFO - Processing file /opt/airflow/dags/producer.py for tasks to queue
[2024-09-28T18:41:54.532+0000] {logging_mixin.py:120} INFO - [2024-09-28T18:41:54.532+0000] {dagbag.py:537} INFO - Filling up the DagBag from /opt/airflow/dags/producer.py
[2024-09-28T18:41:54.566+0000] {processor.py:766} INFO - DAG(s) dict_keys(['producer']) retrieved from /opt/airflow/dags/producer.py
[2024-09-28T18:41:54.626+0000] {logging_mixin.py:120} INFO - [2024-09-28T18:41:54.626+0000] {dag.py:2585} INFO - Sync 1 DAGs
[2024-09-28T18:41:54.660+0000] {logging_mixin.py:120} INFO - [2024-09-28T18:41:54.660+0000] {dag.py:3340} INFO - Setting next_dagrun for producer to 2024-09-28T00:00:00+00:00, run_after=2024-09-29T00:00:00+00:00
[2024-09-28T18:41:54.690+0000] {processor.py:176} INFO - Processing /opt/airflow/dags/producer.py took 0.167 seconds
[2024-09-28T19:03:29.348+0000] {processor.py:154} INFO - Started process (PID=41722) to work on /opt/airflow/dags/producer.py
[2024-09-28T19:03:29.355+0000] {processor.py:756} INFO - Processing file /opt/airflow/dags/producer.py for tasks to queue
[2024-09-28T19:03:29.356+0000] {logging_mixin.py:120} INFO - [2024-09-28T19:03:29.356+0000] {dagbag.py:537} INFO - Filling up the DagBag from /opt/airflow/dags/producer.py
[2024-09-28T19:03:29.421+0000] {processor.py:766} INFO - DAG(s) dict_keys(['producer']) retrieved from /opt/airflow/dags/producer.py
[2024-09-28T19:03:29.525+0000] {logging_mixin.py:120} INFO - [2024-09-28T19:03:29.524+0000] {dag.py:2585} INFO - Sync 1 DAGs
[2024-09-28T19:03:29.594+0000] {logging_mixin.py:120} INFO - [2024-09-28T19:03:29.594+0000] {dag.py:3340} INFO - Setting next_dagrun for producer to 2024-09-28T00:00:00+00:00, run_after=2024-09-29T00:00:00+00:00
[2024-09-28T19:03:29.651+0000] {processor.py:176} INFO - Processing /opt/airflow/dags/producer.py took 0.311 seconds
[2024-09-28T19:55:43.192+0000] {processor.py:154} INFO - Started process (PID=41785) to work on /opt/airflow/dags/producer.py
[2024-09-28T19:55:43.198+0000] {processor.py:756} INFO - Processing file /opt/airflow/dags/producer.py for tasks to queue
[2024-09-28T19:55:43.202+0000] {logging_mixin.py:120} INFO - [2024-09-28T19:55:43.202+0000] {dagbag.py:537} INFO - Filling up the DagBag from /opt/airflow/dags/producer.py
[2024-09-28T19:55:43.271+0000] {processor.py:766} INFO - DAG(s) dict_keys(['producer']) retrieved from /opt/airflow/dags/producer.py
[2024-09-28T19:55:43.373+0000] {logging_mixin.py:120} INFO - [2024-09-28T19:55:43.373+0000] {dag.py:2585} INFO - Sync 1 DAGs
[2024-09-28T19:55:43.433+0000] {logging_mixin.py:120} INFO - [2024-09-28T19:55:43.432+0000] {dag.py:3340} INFO - Setting next_dagrun for producer to 2024-09-28T00:00:00+00:00, run_after=2024-09-29T00:00:00+00:00
[2024-09-28T19:55:43.487+0000] {processor.py:176} INFO - Processing /opt/airflow/dags/producer.py took 0.304 seconds
[2024-09-28T20:42:48.302+0000] {processor.py:154} INFO - Started process (PID=41857) to work on /opt/airflow/dags/producer.py
[2024-09-28T20:42:48.304+0000] {processor.py:756} INFO - Processing file /opt/airflow/dags/producer.py for tasks to queue
[2024-09-28T20:42:48.305+0000] {logging_mixin.py:120} INFO - [2024-09-28T20:42:48.305+0000] {dagbag.py:537} INFO - Filling up the DagBag from /opt/airflow/dags/producer.py
[2024-09-28T20:42:48.337+0000] {processor.py:766} INFO - DAG(s) dict_keys(['producer']) retrieved from /opt/airflow/dags/producer.py
[2024-09-28T20:42:48.386+0000] {logging_mixin.py:120} INFO - [2024-09-28T20:42:48.386+0000] {dag.py:2585} INFO - Sync 1 DAGs
[2024-09-28T20:42:48.418+0000] {logging_mixin.py:120} INFO - [2024-09-28T20:42:48.418+0000] {dag.py:3340} INFO - Setting next_dagrun for producer to 2024-09-28T00:00:00+00:00, run_after=2024-09-29T00:00:00+00:00
[2024-09-28T20:42:48.442+0000] {processor.py:176} INFO - Processing /opt/airflow/dags/producer.py took 0.144 seconds
[2024-09-28T20:52:06.165+0000] {processor.py:154} INFO - Started process (PID=41919) to work on /opt/airflow/dags/producer.py
[2024-09-28T20:52:06.171+0000] {processor.py:756} INFO - Processing file /opt/airflow/dags/producer.py for tasks to queue
[2024-09-28T20:52:06.175+0000] {logging_mixin.py:120} INFO - [2024-09-28T20:52:06.174+0000] {dagbag.py:537} INFO - Filling up the DagBag from /opt/airflow/dags/producer.py
[2024-09-28T20:52:06.252+0000] {processor.py:766} INFO - DAG(s) dict_keys(['producer']) retrieved from /opt/airflow/dags/producer.py
[2024-09-28T20:52:06.362+0000] {logging_mixin.py:120} INFO - [2024-09-28T20:52:06.361+0000] {dag.py:2585} INFO - Sync 1 DAGs
[2024-09-28T20:52:06.418+0000] {logging_mixin.py:120} INFO - [2024-09-28T20:52:06.417+0000] {dag.py:3340} INFO - Setting next_dagrun for producer to 2024-09-28T00:00:00+00:00, run_after=2024-09-29T00:00:00+00:00
[2024-09-28T20:52:06.465+0000] {processor.py:176} INFO - Processing /opt/airflow/dags/producer.py took 0.309 seconds
[2024-09-28T20:54:55.021+0000] {processor.py:154} INFO - Started process (PID=41991) to work on /opt/airflow/dags/producer.py
[2024-09-28T20:54:55.027+0000] {processor.py:756} INFO - Processing file /opt/airflow/dags/producer.py for tasks to queue
[2024-09-28T20:54:55.029+0000] {logging_mixin.py:120} INFO - [2024-09-28T20:54:55.028+0000] {dagbag.py:537} INFO - Filling up the DagBag from /opt/airflow/dags/producer.py
[2024-09-28T20:54:55.086+0000] {processor.py:766} INFO - DAG(s) dict_keys(['producer']) retrieved from /opt/airflow/dags/producer.py
[2024-09-28T20:54:55.185+0000] {logging_mixin.py:120} INFO - [2024-09-28T20:54:55.185+0000] {dag.py:2585} INFO - Sync 1 DAGs
[2024-09-28T20:54:55.250+0000] {logging_mixin.py:120} INFO - [2024-09-28T20:54:55.250+0000] {dag.py:3340} INFO - Setting next_dagrun for producer to 2024-09-28T00:00:00+00:00, run_after=2024-09-29T00:00:00+00:00
[2024-09-28T20:54:55.300+0000] {processor.py:176} INFO - Processing /opt/airflow/dags/producer.py took 0.286 seconds
[2024-09-28T21:56:09.841+0000] {processor.py:154} INFO - Started process (PID=42054) to work on /opt/airflow/dags/producer.py
[2024-09-28T21:56:09.845+0000] {processor.py:756} INFO - Processing file /opt/airflow/dags/producer.py for tasks to queue
[2024-09-28T21:56:09.846+0000] {logging_mixin.py:120} INFO - [2024-09-28T21:56:09.846+0000] {dagbag.py:537} INFO - Filling up the DagBag from /opt/airflow/dags/producer.py
[2024-09-28T21:56:09.899+0000] {processor.py:766} INFO - DAG(s) dict_keys(['producer']) retrieved from /opt/airflow/dags/producer.py
[2024-09-28T21:56:09.993+0000] {logging_mixin.py:120} INFO - [2024-09-28T21:56:09.992+0000] {dag.py:2585} INFO - Sync 1 DAGs
[2024-09-28T21:56:10.058+0000] {logging_mixin.py:120} INFO - [2024-09-28T21:56:10.058+0000] {dag.py:3340} INFO - Setting next_dagrun for producer to 2024-09-28T00:00:00+00:00, run_after=2024-09-29T00:00:00+00:00
[2024-09-28T21:56:10.113+0000] {processor.py:176} INFO - Processing /opt/airflow/dags/producer.py took 0.280 seconds
[2024-09-28T23:27:39.992+0000] {processor.py:154} INFO - Started process (PID=42123) to work on /opt/airflow/dags/producer.py
[2024-09-28T23:27:40.013+0000] {processor.py:756} INFO - Processing file /opt/airflow/dags/producer.py for tasks to queue
[2024-09-28T23:27:40.037+0000] {logging_mixin.py:120} INFO - [2024-09-28T23:27:40.036+0000] {dagbag.py:537} INFO - Filling up the DagBag from /opt/airflow/dags/producer.py
[2024-09-28T23:27:40.204+0000] {processor.py:766} INFO - DAG(s) dict_keys(['producer']) retrieved from /opt/airflow/dags/producer.py
[2024-09-28T23:27:40.385+0000] {logging_mixin.py:120} INFO - [2024-09-28T23:27:40.385+0000] {dag.py:2585} INFO - Sync 1 DAGs
[2024-09-28T23:27:40.539+0000] {logging_mixin.py:120} INFO - [2024-09-28T23:27:40.539+0000] {dag.py:3340} INFO - Setting next_dagrun for producer to 2024-09-28T00:00:00+00:00, run_after=2024-09-29T00:00:00+00:00
[2024-09-28T23:27:40.915+0000] {processor.py:176} INFO - Processing /opt/airflow/dags/producer.py took 0.933 seconds
[2024-09-28T23:28:11.143+0000] {processor.py:154} INFO - Started process (PID=42187) to work on /opt/airflow/dags/producer.py
[2024-09-28T23:28:11.146+0000] {processor.py:756} INFO - Processing file /opt/airflow/dags/producer.py for tasks to queue
[2024-09-28T23:28:11.147+0000] {logging_mixin.py:120} INFO - [2024-09-28T23:28:11.147+0000] {dagbag.py:537} INFO - Filling up the DagBag from /opt/airflow/dags/producer.py
[2024-09-28T23:28:11.183+0000] {processor.py:766} INFO - DAG(s) dict_keys(['producer']) retrieved from /opt/airflow/dags/producer.py
[2024-09-28T23:28:11.238+0000] {logging_mixin.py:120} INFO - [2024-09-28T23:28:11.238+0000] {dag.py:2585} INFO - Sync 1 DAGs
[2024-09-28T23:28:11.285+0000] {logging_mixin.py:120} INFO - [2024-09-28T23:28:11.284+0000] {dag.py:3340} INFO - Setting next_dagrun for producer to 2024-09-28T00:00:00+00:00, run_after=2024-09-29T00:00:00+00:00
[2024-09-28T23:28:11.330+0000] {processor.py:176} INFO - Processing /opt/airflow/dags/producer.py took 0.190 seconds
[2024-09-28T23:28:41.473+0000] {processor.py:154} INFO - Started process (PID=42250) to work on /opt/airflow/dags/producer.py
[2024-09-28T23:28:41.476+0000] {processor.py:756} INFO - Processing file /opt/airflow/dags/producer.py for tasks to queue
[2024-09-28T23:28:41.477+0000] {logging_mixin.py:120} INFO - [2024-09-28T23:28:41.476+0000] {dagbag.py:537} INFO - Filling up the DagBag from /opt/airflow/dags/producer.py
[2024-09-28T23:28:41.508+0000] {processor.py:766} INFO - DAG(s) dict_keys(['producer']) retrieved from /opt/airflow/dags/producer.py
[2024-09-28T23:28:41.551+0000] {logging_mixin.py:120} INFO - [2024-09-28T23:28:41.551+0000] {dag.py:2585} INFO - Sync 1 DAGs
[2024-09-28T23:28:41.581+0000] {logging_mixin.py:120} INFO - [2024-09-28T23:28:41.581+0000] {dag.py:3340} INFO - Setting next_dagrun for producer to 2024-09-28T00:00:00+00:00, run_after=2024-09-29T00:00:00+00:00
[2024-09-28T23:28:41.608+0000] {processor.py:176} INFO - Processing /opt/airflow/dags/producer.py took 0.139 seconds
[2024-09-28T23:29:12.438+0000] {processor.py:154} INFO - Started process (PID=42322) to work on /opt/airflow/dags/producer.py
[2024-09-28T23:29:12.441+0000] {processor.py:756} INFO - Processing file /opt/airflow/dags/producer.py for tasks to queue
[2024-09-28T23:29:12.442+0000] {logging_mixin.py:120} INFO - [2024-09-28T23:29:12.442+0000] {dagbag.py:537} INFO - Filling up the DagBag from /opt/airflow/dags/producer.py
[2024-09-28T23:29:12.470+0000] {processor.py:766} INFO - DAG(s) dict_keys(['producer']) retrieved from /opt/airflow/dags/producer.py
[2024-09-28T23:29:12.515+0000] {logging_mixin.py:120} INFO - [2024-09-28T23:29:12.514+0000] {dag.py:2585} INFO - Sync 1 DAGs
[2024-09-28T23:29:12.545+0000] {logging_mixin.py:120} INFO - [2024-09-28T23:29:12.545+0000] {dag.py:3340} INFO - Setting next_dagrun for producer to 2024-09-28T00:00:00+00:00, run_after=2024-09-29T00:00:00+00:00
[2024-09-28T23:29:12.569+0000] {processor.py:176} INFO - Processing /opt/airflow/dags/producer.py took 0.135 seconds
[2024-09-28T23:29:43.433+0000] {processor.py:154} INFO - Started process (PID=42394) to work on /opt/airflow/dags/producer.py
[2024-09-28T23:29:43.435+0000] {processor.py:756} INFO - Processing file /opt/airflow/dags/producer.py for tasks to queue
[2024-09-28T23:29:43.436+0000] {logging_mixin.py:120} INFO - [2024-09-28T23:29:43.435+0000] {dagbag.py:537} INFO - Filling up the DagBag from /opt/airflow/dags/producer.py
[2024-09-28T23:29:43.464+0000] {processor.py:766} INFO - DAG(s) dict_keys(['producer']) retrieved from /opt/airflow/dags/producer.py
[2024-09-28T23:29:43.510+0000] {logging_mixin.py:120} INFO - [2024-09-28T23:29:43.510+0000] {dag.py:2585} INFO - Sync 1 DAGs
[2024-09-28T23:29:43.539+0000] {logging_mixin.py:120} INFO - [2024-09-28T23:29:43.539+0000] {dag.py:3340} INFO - Setting next_dagrun for producer to 2024-09-28T00:00:00+00:00, run_after=2024-09-29T00:00:00+00:00
[2024-09-28T23:29:43.569+0000] {processor.py:176} INFO - Processing /opt/airflow/dags/producer.py took 0.140 seconds
[2024-09-28T23:30:13.815+0000] {processor.py:154} INFO - Started process (PID=42457) to work on /opt/airflow/dags/producer.py
[2024-09-28T23:30:13.817+0000] {processor.py:756} INFO - Processing file /opt/airflow/dags/producer.py for tasks to queue
[2024-09-28T23:30:13.818+0000] {logging_mixin.py:120} INFO - [2024-09-28T23:30:13.817+0000] {dagbag.py:537} INFO - Filling up the DagBag from /opt/airflow/dags/producer.py
[2024-09-28T23:30:13.846+0000] {processor.py:766} INFO - DAG(s) dict_keys(['producer']) retrieved from /opt/airflow/dags/producer.py
[2024-09-28T23:30:13.892+0000] {logging_mixin.py:120} INFO - [2024-09-28T23:30:13.892+0000] {dag.py:2585} INFO - Sync 1 DAGs
[2024-09-28T23:30:13.920+0000] {logging_mixin.py:120} INFO - [2024-09-28T23:30:13.920+0000] {dag.py:3340} INFO - Setting next_dagrun for producer to 2024-09-28T00:00:00+00:00, run_after=2024-09-29T00:00:00+00:00
[2024-09-28T23:30:13.947+0000] {processor.py:176} INFO - Processing /opt/airflow/dags/producer.py took 0.135 seconds
[2024-09-28T23:30:44.182+0000] {processor.py:154} INFO - Started process (PID=42529) to work on /opt/airflow/dags/producer.py
[2024-09-28T23:30:44.185+0000] {processor.py:756} INFO - Processing file /opt/airflow/dags/producer.py for tasks to queue
[2024-09-28T23:30:44.186+0000] {logging_mixin.py:120} INFO - [2024-09-28T23:30:44.186+0000] {dagbag.py:537} INFO - Filling up the DagBag from /opt/airflow/dags/producer.py
[2024-09-28T23:30:44.225+0000] {processor.py:766} INFO - DAG(s) dict_keys(['producer']) retrieved from /opt/airflow/dags/producer.py
[2024-09-28T23:30:44.273+0000] {logging_mixin.py:120} INFO - [2024-09-28T23:30:44.273+0000] {dag.py:2585} INFO - Sync 1 DAGs
[2024-09-28T23:30:44.311+0000] {logging_mixin.py:120} INFO - [2024-09-28T23:30:44.310+0000] {dag.py:3340} INFO - Setting next_dagrun for producer to 2024-09-28T00:00:00+00:00, run_after=2024-09-29T00:00:00+00:00
[2024-09-28T23:30:44.346+0000] {processor.py:176} INFO - Processing /opt/airflow/dags/producer.py took 0.167 seconds
[2024-09-28T23:31:14.434+0000] {processor.py:154} INFO - Started process (PID=42601) to work on /opt/airflow/dags/producer.py
[2024-09-28T23:31:14.438+0000] {processor.py:756} INFO - Processing file /opt/airflow/dags/producer.py for tasks to queue
[2024-09-28T23:31:14.440+0000] {logging_mixin.py:120} INFO - [2024-09-28T23:31:14.439+0000] {dagbag.py:537} INFO - Filling up the DagBag from /opt/airflow/dags/producer.py
[2024-09-28T23:31:14.509+0000] {processor.py:766} INFO - DAG(s) dict_keys(['producer']) retrieved from /opt/airflow/dags/producer.py
[2024-09-28T23:31:14.638+0000] {logging_mixin.py:120} INFO - [2024-09-28T23:31:14.638+0000] {dag.py:2585} INFO - Sync 1 DAGs
[2024-09-28T23:31:14.716+0000] {logging_mixin.py:120} INFO - [2024-09-28T23:31:14.715+0000] {dag.py:3340} INFO - Setting next_dagrun for producer to 2024-09-28T00:00:00+00:00, run_after=2024-09-29T00:00:00+00:00
[2024-09-28T23:31:14.760+0000] {processor.py:176} INFO - Processing /opt/airflow/dags/producer.py took 0.337 seconds
[2024-09-28T23:31:46.148+0000] {processor.py:154} INFO - Started process (PID=42664) to work on /opt/airflow/dags/producer.py
[2024-09-28T23:31:46.153+0000] {processor.py:756} INFO - Processing file /opt/airflow/dags/producer.py for tasks to queue
[2024-09-28T23:31:46.157+0000] {logging_mixin.py:120} INFO - [2024-09-28T23:31:46.156+0000] {dagbag.py:537} INFO - Filling up the DagBag from /opt/airflow/dags/producer.py
[2024-09-28T23:31:46.222+0000] {processor.py:766} INFO - DAG(s) dict_keys(['producer']) retrieved from /opt/airflow/dags/producer.py
[2024-09-28T23:31:46.343+0000] {logging_mixin.py:120} INFO - [2024-09-28T23:31:46.342+0000] {dag.py:2585} INFO - Sync 1 DAGs
[2024-09-28T23:31:46.394+0000] {logging_mixin.py:120} INFO - [2024-09-28T23:31:46.393+0000] {dag.py:3340} INFO - Setting next_dagrun for producer to 2024-09-28T00:00:00+00:00, run_after=2024-09-29T00:00:00+00:00
[2024-09-28T23:31:46.445+0000] {processor.py:176} INFO - Processing /opt/airflow/dags/producer.py took 0.306 seconds
[2024-09-28T23:32:17.207+0000] {processor.py:154} INFO - Started process (PID=42736) to work on /opt/airflow/dags/producer.py
[2024-09-28T23:32:17.209+0000] {processor.py:756} INFO - Processing file /opt/airflow/dags/producer.py for tasks to queue
[2024-09-28T23:32:17.210+0000] {logging_mixin.py:120} INFO - [2024-09-28T23:32:17.210+0000] {dagbag.py:537} INFO - Filling up the DagBag from /opt/airflow/dags/producer.py
[2024-09-28T23:32:17.237+0000] {processor.py:766} INFO - DAG(s) dict_keys(['producer']) retrieved from /opt/airflow/dags/producer.py
[2024-09-28T23:32:17.280+0000] {logging_mixin.py:120} INFO - [2024-09-28T23:32:17.280+0000] {dag.py:2585} INFO - Sync 1 DAGs
[2024-09-28T23:32:17.318+0000] {logging_mixin.py:120} INFO - [2024-09-28T23:32:17.317+0000] {dag.py:3340} INFO - Setting next_dagrun for producer to 2024-09-28T00:00:00+00:00, run_after=2024-09-29T00:00:00+00:00
[2024-09-28T23:32:17.354+0000] {processor.py:176} INFO - Processing /opt/airflow/dags/producer.py took 0.151 seconds
[2024-09-28T23:32:47.415+0000] {processor.py:154} INFO - Started process (PID=42799) to work on /opt/airflow/dags/producer.py
[2024-09-28T23:32:47.418+0000] {processor.py:756} INFO - Processing file /opt/airflow/dags/producer.py for tasks to queue
[2024-09-28T23:32:47.421+0000] {logging_mixin.py:120} INFO - [2024-09-28T23:32:47.421+0000] {dagbag.py:537} INFO - Filling up the DagBag from /opt/airflow/dags/producer.py
[2024-09-28T23:32:47.447+0000] {processor.py:766} INFO - DAG(s) dict_keys(['producer']) retrieved from /opt/airflow/dags/producer.py
[2024-09-28T23:32:47.495+0000] {logging_mixin.py:120} INFO - [2024-09-28T23:32:47.495+0000] {dag.py:2585} INFO - Sync 1 DAGs
[2024-09-28T23:32:47.533+0000] {logging_mixin.py:120} INFO - [2024-09-28T23:32:47.533+0000] {dag.py:3340} INFO - Setting next_dagrun for producer to 2024-09-28T00:00:00+00:00, run_after=2024-09-29T00:00:00+00:00
[2024-09-28T23:32:47.563+0000] {processor.py:176} INFO - Processing /opt/airflow/dags/producer.py took 0.152 seconds
[2024-09-28T23:33:17.805+0000] {processor.py:154} INFO - Started process (PID=42871) to work on /opt/airflow/dags/producer.py
[2024-09-28T23:33:17.808+0000] {processor.py:756} INFO - Processing file /opt/airflow/dags/producer.py for tasks to queue
[2024-09-28T23:33:17.809+0000] {logging_mixin.py:120} INFO - [2024-09-28T23:33:17.809+0000] {dagbag.py:537} INFO - Filling up the DagBag from /opt/airflow/dags/producer.py
[2024-09-28T23:33:17.843+0000] {processor.py:766} INFO - DAG(s) dict_keys(['producer']) retrieved from /opt/airflow/dags/producer.py
[2024-09-28T23:33:17.898+0000] {logging_mixin.py:120} INFO - [2024-09-28T23:33:17.898+0000] {dag.py:2585} INFO - Sync 1 DAGs
[2024-09-28T23:33:17.935+0000] {logging_mixin.py:120} INFO - [2024-09-28T23:33:17.935+0000] {dag.py:3340} INFO - Setting next_dagrun for producer to 2024-09-28T00:00:00+00:00, run_after=2024-09-29T00:00:00+00:00
[2024-09-28T23:33:17.966+0000] {processor.py:176} INFO - Processing /opt/airflow/dags/producer.py took 0.165 seconds
[2024-09-28T23:33:48.303+0000] {processor.py:154} INFO - Started process (PID=42943) to work on /opt/airflow/dags/producer.py
[2024-09-28T23:33:48.308+0000] {processor.py:756} INFO - Processing file /opt/airflow/dags/producer.py for tasks to queue
[2024-09-28T23:33:48.311+0000] {logging_mixin.py:120} INFO - [2024-09-28T23:33:48.310+0000] {dagbag.py:537} INFO - Filling up the DagBag from /opt/airflow/dags/producer.py
[2024-09-28T23:33:48.369+0000] {processor.py:766} INFO - DAG(s) dict_keys(['producer']) retrieved from /opt/airflow/dags/producer.py
[2024-09-28T23:33:48.517+0000] {logging_mixin.py:120} INFO - [2024-09-28T23:33:48.517+0000] {dag.py:2585} INFO - Sync 1 DAGs
[2024-09-28T23:33:48.650+0000] {logging_mixin.py:120} INFO - [2024-09-28T23:33:48.650+0000] {dag.py:3340} INFO - Setting next_dagrun for producer to 2024-09-28T00:00:00+00:00, run_after=2024-09-29T00:00:00+00:00
[2024-09-28T23:33:48.726+0000] {processor.py:176} INFO - Processing /opt/airflow/dags/producer.py took 0.436 seconds
[2024-09-28T23:34:19.225+0000] {processor.py:154} INFO - Started process (PID=43006) to work on /opt/airflow/dags/producer.py
[2024-09-28T23:34:19.230+0000] {processor.py:756} INFO - Processing file /opt/airflow/dags/producer.py for tasks to queue
[2024-09-28T23:34:19.236+0000] {logging_mixin.py:120} INFO - [2024-09-28T23:34:19.235+0000] {dagbag.py:537} INFO - Filling up the DagBag from /opt/airflow/dags/producer.py
[2024-09-28T23:34:19.273+0000] {processor.py:766} INFO - DAG(s) dict_keys(['producer']) retrieved from /opt/airflow/dags/producer.py
[2024-09-28T23:34:19.342+0000] {logging_mixin.py:120} INFO - [2024-09-28T23:34:19.342+0000] {dag.py:2585} INFO - Sync 1 DAGs
[2024-09-28T23:34:19.378+0000] {logging_mixin.py:120} INFO - [2024-09-28T23:34:19.378+0000] {dag.py:3340} INFO - Setting next_dagrun for producer to 2024-09-28T00:00:00+00:00, run_after=2024-09-29T00:00:00+00:00
[2024-09-28T23:34:19.418+0000] {processor.py:176} INFO - Processing /opt/airflow/dags/producer.py took 0.200 seconds
[2024-09-28T23:34:50.145+0000] {processor.py:154} INFO - Started process (PID=43078) to work on /opt/airflow/dags/producer.py
[2024-09-28T23:34:50.151+0000] {processor.py:756} INFO - Processing file /opt/airflow/dags/producer.py for tasks to queue
[2024-09-28T23:34:50.152+0000] {logging_mixin.py:120} INFO - [2024-09-28T23:34:50.152+0000] {dagbag.py:537} INFO - Filling up the DagBag from /opt/airflow/dags/producer.py
[2024-09-28T23:34:50.194+0000] {processor.py:766} INFO - DAG(s) dict_keys(['producer']) retrieved from /opt/airflow/dags/producer.py
[2024-09-28T23:34:50.252+0000] {logging_mixin.py:120} INFO - [2024-09-28T23:34:50.251+0000] {dag.py:2585} INFO - Sync 1 DAGs
[2024-09-28T23:34:50.286+0000] {logging_mixin.py:120} INFO - [2024-09-28T23:34:50.286+0000] {dag.py:3340} INFO - Setting next_dagrun for producer to 2024-09-28T00:00:00+00:00, run_after=2024-09-29T00:00:00+00:00
[2024-09-28T23:34:50.312+0000] {processor.py:176} INFO - Processing /opt/airflow/dags/producer.py took 0.171 seconds
[2024-09-28T23:35:20.585+0000] {processor.py:154} INFO - Started process (PID=43149) to work on /opt/airflow/dags/producer.py
[2024-09-28T23:35:20.588+0000] {processor.py:756} INFO - Processing file /opt/airflow/dags/producer.py for tasks to queue
[2024-09-28T23:35:20.592+0000] {logging_mixin.py:120} INFO - [2024-09-28T23:35:20.592+0000] {dagbag.py:537} INFO - Filling up the DagBag from /opt/airflow/dags/producer.py
[2024-09-28T23:35:20.643+0000] {processor.py:766} INFO - DAG(s) dict_keys(['producer']) retrieved from /opt/airflow/dags/producer.py
[2024-09-28T23:35:20.729+0000] {logging_mixin.py:120} INFO - [2024-09-28T23:35:20.729+0000] {dag.py:2585} INFO - Sync 1 DAGs
[2024-09-28T23:35:20.784+0000] {logging_mixin.py:120} INFO - [2024-09-28T23:35:20.784+0000] {dag.py:3340} INFO - Setting next_dagrun for producer to 2024-09-28T00:00:00+00:00, run_after=2024-09-29T00:00:00+00:00
[2024-09-28T23:35:20.833+0000] {processor.py:176} INFO - Processing /opt/airflow/dags/producer.py took 0.254 seconds
[2024-09-28T23:35:51.107+0000] {processor.py:154} INFO - Started process (PID=43212) to work on /opt/airflow/dags/producer.py
[2024-09-28T23:35:51.109+0000] {processor.py:756} INFO - Processing file /opt/airflow/dags/producer.py for tasks to queue
[2024-09-28T23:35:51.111+0000] {logging_mixin.py:120} INFO - [2024-09-28T23:35:51.110+0000] {dagbag.py:537} INFO - Filling up the DagBag from /opt/airflow/dags/producer.py
[2024-09-28T23:35:51.142+0000] {processor.py:766} INFO - DAG(s) dict_keys(['producer']) retrieved from /opt/airflow/dags/producer.py
[2024-09-28T23:35:51.191+0000] {logging_mixin.py:120} INFO - [2024-09-28T23:35:51.191+0000] {dag.py:2585} INFO - Sync 1 DAGs
[2024-09-28T23:35:51.228+0000] {logging_mixin.py:120} INFO - [2024-09-28T23:35:51.228+0000] {dag.py:3340} INFO - Setting next_dagrun for producer to 2024-09-28T00:00:00+00:00, run_after=2024-09-29T00:00:00+00:00
[2024-09-28T23:35:51.257+0000] {processor.py:176} INFO - Processing /opt/airflow/dags/producer.py took 0.154 seconds
[2024-09-28T23:36:21.742+0000] {processor.py:154} INFO - Started process (PID=43284) to work on /opt/airflow/dags/producer.py
[2024-09-28T23:36:21.745+0000] {processor.py:756} INFO - Processing file /opt/airflow/dags/producer.py for tasks to queue
[2024-09-28T23:36:21.746+0000] {logging_mixin.py:120} INFO - [2024-09-28T23:36:21.746+0000] {dagbag.py:537} INFO - Filling up the DagBag from /opt/airflow/dags/producer.py
[2024-09-28T23:36:21.782+0000] {processor.py:766} INFO - DAG(s) dict_keys(['producer']) retrieved from /opt/airflow/dags/producer.py
[2024-09-28T23:36:21.834+0000] {logging_mixin.py:120} INFO - [2024-09-28T23:36:21.834+0000] {dag.py:2585} INFO - Sync 1 DAGs
[2024-09-28T23:36:21.869+0000] {logging_mixin.py:120} INFO - [2024-09-28T23:36:21.869+0000] {dag.py:3340} INFO - Setting next_dagrun for producer to 2024-09-28T00:00:00+00:00, run_after=2024-09-29T00:00:00+00:00
[2024-09-28T23:36:21.899+0000] {processor.py:176} INFO - Processing /opt/airflow/dags/producer.py took 0.161 seconds
[2024-09-28T23:36:52.161+0000] {processor.py:154} INFO - Started process (PID=43356) to work on /opt/airflow/dags/producer.py
[2024-09-28T23:36:52.165+0000] {processor.py:756} INFO - Processing file /opt/airflow/dags/producer.py for tasks to queue
[2024-09-28T23:36:52.166+0000] {logging_mixin.py:120} INFO - [2024-09-28T23:36:52.166+0000] {dagbag.py:537} INFO - Filling up the DagBag from /opt/airflow/dags/producer.py
[2024-09-28T23:36:52.208+0000] {processor.py:766} INFO - DAG(s) dict_keys(['producer']) retrieved from /opt/airflow/dags/producer.py
[2024-09-28T23:36:52.274+0000] {logging_mixin.py:120} INFO - [2024-09-28T23:36:52.274+0000] {dag.py:2585} INFO - Sync 1 DAGs
[2024-09-28T23:36:52.320+0000] {logging_mixin.py:120} INFO - [2024-09-28T23:36:52.319+0000] {dag.py:3340} INFO - Setting next_dagrun for producer to 2024-09-28T00:00:00+00:00, run_after=2024-09-29T00:00:00+00:00
[2024-09-28T23:36:52.357+0000] {processor.py:176} INFO - Processing /opt/airflow/dags/producer.py took 0.200 seconds
[2024-09-28T23:37:22.628+0000] {processor.py:154} INFO - Started process (PID=43419) to work on /opt/airflow/dags/producer.py
[2024-09-28T23:37:22.631+0000] {processor.py:756} INFO - Processing file /opt/airflow/dags/producer.py for tasks to queue
[2024-09-28T23:37:22.632+0000] {logging_mixin.py:120} INFO - [2024-09-28T23:37:22.632+0000] {dagbag.py:537} INFO - Filling up the DagBag from /opt/airflow/dags/producer.py
[2024-09-28T23:37:22.671+0000] {processor.py:766} INFO - DAG(s) dict_keys(['producer']) retrieved from /opt/airflow/dags/producer.py
[2024-09-28T23:37:22.728+0000] {logging_mixin.py:120} INFO - [2024-09-28T23:37:22.728+0000] {dag.py:2585} INFO - Sync 1 DAGs
[2024-09-28T23:37:22.761+0000] {logging_mixin.py:120} INFO - [2024-09-28T23:37:22.760+0000] {dag.py:3340} INFO - Setting next_dagrun for producer to 2024-09-28T00:00:00+00:00, run_after=2024-09-29T00:00:00+00:00
[2024-09-28T23:37:22.818+0000] {processor.py:176} INFO - Processing /opt/airflow/dags/producer.py took 0.195 seconds
[2024-09-28T23:37:53.237+0000] {processor.py:154} INFO - Started process (PID=43491) to work on /opt/airflow/dags/producer.py
[2024-09-28T23:37:53.239+0000] {processor.py:756} INFO - Processing file /opt/airflow/dags/producer.py for tasks to queue
[2024-09-28T23:37:53.241+0000] {logging_mixin.py:120} INFO - [2024-09-28T23:37:53.241+0000] {dagbag.py:537} INFO - Filling up the DagBag from /opt/airflow/dags/producer.py
[2024-09-28T23:37:53.292+0000] {processor.py:766} INFO - DAG(s) dict_keys(['producer']) retrieved from /opt/airflow/dags/producer.py
[2024-09-28T23:37:53.365+0000] {logging_mixin.py:120} INFO - [2024-09-28T23:37:53.365+0000] {dag.py:2585} INFO - Sync 1 DAGs
[2024-09-28T23:37:53.423+0000] {logging_mixin.py:120} INFO - [2024-09-28T23:37:53.423+0000] {dag.py:3340} INFO - Setting next_dagrun for producer to 2024-09-28T00:00:00+00:00, run_after=2024-09-29T00:00:00+00:00
[2024-09-28T23:37:53.455+0000] {processor.py:176} INFO - Processing /opt/airflow/dags/producer.py took 0.224 seconds
[2024-09-28T23:38:24.166+0000] {processor.py:154} INFO - Started process (PID=43563) to work on /opt/airflow/dags/producer.py
[2024-09-28T23:38:24.168+0000] {processor.py:756} INFO - Processing file /opt/airflow/dags/producer.py for tasks to queue
[2024-09-28T23:38:24.169+0000] {logging_mixin.py:120} INFO - [2024-09-28T23:38:24.169+0000] {dagbag.py:537} INFO - Filling up the DagBag from /opt/airflow/dags/producer.py
[2024-09-28T23:38:24.198+0000] {processor.py:766} INFO - DAG(s) dict_keys(['producer']) retrieved from /opt/airflow/dags/producer.py
[2024-09-28T23:38:24.248+0000] {logging_mixin.py:120} INFO - [2024-09-28T23:38:24.248+0000] {dag.py:2585} INFO - Sync 1 DAGs
[2024-09-28T23:38:24.281+0000] {logging_mixin.py:120} INFO - [2024-09-28T23:38:24.281+0000] {dag.py:3340} INFO - Setting next_dagrun for producer to 2024-09-28T00:00:00+00:00, run_after=2024-09-29T00:00:00+00:00
[2024-09-28T23:38:24.307+0000] {processor.py:176} INFO - Processing /opt/airflow/dags/producer.py took 0.146 seconds
[2024-09-28T23:38:54.427+0000] {processor.py:154} INFO - Started process (PID=43626) to work on /opt/airflow/dags/producer.py
[2024-09-28T23:38:54.430+0000] {processor.py:756} INFO - Processing file /opt/airflow/dags/producer.py for tasks to queue
[2024-09-28T23:38:54.431+0000] {logging_mixin.py:120} INFO - [2024-09-28T23:38:54.431+0000] {dagbag.py:537} INFO - Filling up the DagBag from /opt/airflow/dags/producer.py
[2024-09-28T23:38:54.456+0000] {processor.py:766} INFO - DAG(s) dict_keys(['producer']) retrieved from /opt/airflow/dags/producer.py
[2024-09-28T23:38:54.502+0000] {logging_mixin.py:120} INFO - [2024-09-28T23:38:54.502+0000] {dag.py:2585} INFO - Sync 1 DAGs
[2024-09-28T23:38:54.531+0000] {logging_mixin.py:120} INFO - [2024-09-28T23:38:54.531+0000] {dag.py:3340} INFO - Setting next_dagrun for producer to 2024-09-28T00:00:00+00:00, run_after=2024-09-29T00:00:00+00:00
[2024-09-28T23:38:54.556+0000] {processor.py:176} INFO - Processing /opt/airflow/dags/producer.py took 0.133 seconds
[2024-09-28T23:39:25.024+0000] {processor.py:154} INFO - Started process (PID=43698) to work on /opt/airflow/dags/producer.py
[2024-09-28T23:39:25.027+0000] {processor.py:756} INFO - Processing file /opt/airflow/dags/producer.py for tasks to queue
[2024-09-28T23:39:25.028+0000] {logging_mixin.py:120} INFO - [2024-09-28T23:39:25.028+0000] {dagbag.py:537} INFO - Filling up the DagBag from /opt/airflow/dags/producer.py
[2024-09-28T23:39:25.057+0000] {processor.py:766} INFO - DAG(s) dict_keys(['producer']) retrieved from /opt/airflow/dags/producer.py
[2024-09-28T23:39:25.110+0000] {logging_mixin.py:120} INFO - [2024-09-28T23:39:25.110+0000] {dag.py:2585} INFO - Sync 1 DAGs
[2024-09-28T23:39:25.144+0000] {logging_mixin.py:120} INFO - [2024-09-28T23:39:25.144+0000] {dag.py:3340} INFO - Setting next_dagrun for producer to 2024-09-28T00:00:00+00:00, run_after=2024-09-29T00:00:00+00:00
[2024-09-28T23:39:25.176+0000] {processor.py:176} INFO - Processing /opt/airflow/dags/producer.py took 0.155 seconds
[2024-09-28T23:39:55.248+0000] {processor.py:154} INFO - Started process (PID=43770) to work on /opt/airflow/dags/producer.py
[2024-09-28T23:39:55.251+0000] {processor.py:756} INFO - Processing file /opt/airflow/dags/producer.py for tasks to queue
[2024-09-28T23:39:55.252+0000] {logging_mixin.py:120} INFO - [2024-09-28T23:39:55.252+0000] {dagbag.py:537} INFO - Filling up the DagBag from /opt/airflow/dags/producer.py
[2024-09-28T23:39:55.285+0000] {processor.py:766} INFO - DAG(s) dict_keys(['producer']) retrieved from /opt/airflow/dags/producer.py
[2024-09-28T23:39:55.341+0000] {logging_mixin.py:120} INFO - [2024-09-28T23:39:55.341+0000] {dag.py:2585} INFO - Sync 1 DAGs
[2024-09-28T23:39:55.381+0000] {logging_mixin.py:120} INFO - [2024-09-28T23:39:55.381+0000] {dag.py:3340} INFO - Setting next_dagrun for producer to 2024-09-28T00:00:00+00:00, run_after=2024-09-29T00:00:00+00:00
[2024-09-28T23:39:55.416+0000] {processor.py:176} INFO - Processing /opt/airflow/dags/producer.py took 0.173 seconds
[2024-09-28T23:40:25.638+0000] {processor.py:154} INFO - Started process (PID=43833) to work on /opt/airflow/dags/producer.py
[2024-09-28T23:40:25.641+0000] {processor.py:756} INFO - Processing file /opt/airflow/dags/producer.py for tasks to queue
[2024-09-28T23:40:25.642+0000] {logging_mixin.py:120} INFO - [2024-09-28T23:40:25.641+0000] {dagbag.py:537} INFO - Filling up the DagBag from /opt/airflow/dags/producer.py
[2024-09-28T23:40:25.671+0000] {processor.py:766} INFO - DAG(s) dict_keys(['producer']) retrieved from /opt/airflow/dags/producer.py
[2024-09-28T23:40:25.724+0000] {logging_mixin.py:120} INFO - [2024-09-28T23:40:25.723+0000] {dag.py:2585} INFO - Sync 1 DAGs
[2024-09-28T23:40:25.758+0000] {logging_mixin.py:120} INFO - [2024-09-28T23:40:25.758+0000] {dag.py:3340} INFO - Setting next_dagrun for producer to 2024-09-28T00:00:00+00:00, run_after=2024-09-29T00:00:00+00:00
[2024-09-28T23:40:25.788+0000] {processor.py:176} INFO - Processing /opt/airflow/dags/producer.py took 0.154 seconds
[2024-09-28T23:40:56.234+0000] {processor.py:154} INFO - Started process (PID=43905) to work on /opt/airflow/dags/producer.py
[2024-09-28T23:40:56.239+0000] {processor.py:756} INFO - Processing file /opt/airflow/dags/producer.py for tasks to queue
[2024-09-28T23:40:56.241+0000] {logging_mixin.py:120} INFO - [2024-09-28T23:40:56.241+0000] {dagbag.py:537} INFO - Filling up the DagBag from /opt/airflow/dags/producer.py
[2024-09-28T23:40:56.289+0000] {processor.py:766} INFO - DAG(s) dict_keys(['producer']) retrieved from /opt/airflow/dags/producer.py
[2024-09-28T23:40:56.386+0000] {logging_mixin.py:120} INFO - [2024-09-28T23:40:56.386+0000] {dag.py:2585} INFO - Sync 1 DAGs
[2024-09-28T23:40:56.474+0000] {logging_mixin.py:120} INFO - [2024-09-28T23:40:56.473+0000] {dag.py:3340} INFO - Setting next_dagrun for producer to 2024-09-28T00:00:00+00:00, run_after=2024-09-29T00:00:00+00:00
[2024-09-28T23:40:56.522+0000] {processor.py:176} INFO - Processing /opt/airflow/dags/producer.py took 0.294 seconds
[2024-09-28T23:41:27.451+0000] {processor.py:154} INFO - Started process (PID=43968) to work on /opt/airflow/dags/producer.py
[2024-09-28T23:41:27.461+0000] {processor.py:756} INFO - Processing file /opt/airflow/dags/producer.py for tasks to queue
[2024-09-28T23:41:27.463+0000] {logging_mixin.py:120} INFO - [2024-09-28T23:41:27.462+0000] {dagbag.py:537} INFO - Filling up the DagBag from /opt/airflow/dags/producer.py
[2024-09-28T23:41:27.512+0000] {processor.py:766} INFO - DAG(s) dict_keys(['producer']) retrieved from /opt/airflow/dags/producer.py
[2024-09-28T23:41:27.590+0000] {logging_mixin.py:120} INFO - [2024-09-28T23:41:27.590+0000] {dag.py:2585} INFO - Sync 1 DAGs
[2024-09-28T23:41:27.641+0000] {logging_mixin.py:120} INFO - [2024-09-28T23:41:27.640+0000] {dag.py:3340} INFO - Setting next_dagrun for producer to 2024-09-28T00:00:00+00:00, run_after=2024-09-29T00:00:00+00:00
[2024-09-28T23:41:27.699+0000] {processor.py:176} INFO - Processing /opt/airflow/dags/producer.py took 0.253 seconds
[2024-09-28T23:41:57.797+0000] {processor.py:154} INFO - Started process (PID=44039) to work on /opt/airflow/dags/producer.py
[2024-09-28T23:41:57.801+0000] {processor.py:756} INFO - Processing file /opt/airflow/dags/producer.py for tasks to queue
[2024-09-28T23:41:57.803+0000] {logging_mixin.py:120} INFO - [2024-09-28T23:41:57.803+0000] {dagbag.py:537} INFO - Filling up the DagBag from /opt/airflow/dags/producer.py
[2024-09-28T23:41:57.844+0000] {processor.py:766} INFO - DAG(s) dict_keys(['producer']) retrieved from /opt/airflow/dags/producer.py
[2024-09-28T23:41:57.900+0000] {logging_mixin.py:120} INFO - [2024-09-28T23:41:57.900+0000] {dag.py:2585} INFO - Sync 1 DAGs
[2024-09-28T23:41:57.945+0000] {logging_mixin.py:120} INFO - [2024-09-28T23:41:57.945+0000] {dag.py:3340} INFO - Setting next_dagrun for producer to 2024-09-28T00:00:00+00:00, run_after=2024-09-29T00:00:00+00:00
[2024-09-28T23:41:57.976+0000] {processor.py:176} INFO - Processing /opt/airflow/dags/producer.py took 0.185 seconds
[2024-09-28T23:42:28.192+0000] {processor.py:154} INFO - Started process (PID=44102) to work on /opt/airflow/dags/producer.py
[2024-09-28T23:42:28.195+0000] {processor.py:756} INFO - Processing file /opt/airflow/dags/producer.py for tasks to queue
[2024-09-28T23:42:28.197+0000] {logging_mixin.py:120} INFO - [2024-09-28T23:42:28.196+0000] {dagbag.py:537} INFO - Filling up the DagBag from /opt/airflow/dags/producer.py
[2024-09-28T23:42:28.228+0000] {processor.py:766} INFO - DAG(s) dict_keys(['producer']) retrieved from /opt/airflow/dags/producer.py
[2024-09-28T23:42:28.276+0000] {logging_mixin.py:120} INFO - [2024-09-28T23:42:28.276+0000] {dag.py:2585} INFO - Sync 1 DAGs
[2024-09-28T23:42:28.308+0000] {logging_mixin.py:120} INFO - [2024-09-28T23:42:28.308+0000] {dag.py:3340} INFO - Setting next_dagrun for producer to 2024-09-28T00:00:00+00:00, run_after=2024-09-29T00:00:00+00:00
[2024-09-28T23:42:28.336+0000] {processor.py:176} INFO - Processing /opt/airflow/dags/producer.py took 0.148 seconds
[2024-09-28T23:42:58.603+0000] {processor.py:154} INFO - Started process (PID=44174) to work on /opt/airflow/dags/producer.py
[2024-09-28T23:42:58.605+0000] {processor.py:756} INFO - Processing file /opt/airflow/dags/producer.py for tasks to queue
[2024-09-28T23:42:58.606+0000] {logging_mixin.py:120} INFO - [2024-09-28T23:42:58.606+0000] {dagbag.py:537} INFO - Filling up the DagBag from /opt/airflow/dags/producer.py
[2024-09-28T23:42:58.642+0000] {processor.py:766} INFO - DAG(s) dict_keys(['producer']) retrieved from /opt/airflow/dags/producer.py
[2024-09-28T23:42:58.704+0000] {logging_mixin.py:120} INFO - [2024-09-28T23:42:58.703+0000] {dag.py:2585} INFO - Sync 1 DAGs
[2024-09-28T23:42:58.742+0000] {logging_mixin.py:120} INFO - [2024-09-28T23:42:58.742+0000] {dag.py:3340} INFO - Setting next_dagrun for producer to 2024-09-28T00:00:00+00:00, run_after=2024-09-29T00:00:00+00:00
[2024-09-28T23:42:58.777+0000] {processor.py:176} INFO - Processing /opt/airflow/dags/producer.py took 0.179 seconds
[2024-09-28T23:43:29.425+0000] {processor.py:154} INFO - Started process (PID=44246) to work on /opt/airflow/dags/producer.py
[2024-09-28T23:43:29.428+0000] {processor.py:756} INFO - Processing file /opt/airflow/dags/producer.py for tasks to queue
[2024-09-28T23:43:29.429+0000] {logging_mixin.py:120} INFO - [2024-09-28T23:43:29.429+0000] {dagbag.py:537} INFO - Filling up the DagBag from /opt/airflow/dags/producer.py
[2024-09-28T23:43:29.461+0000] {processor.py:766} INFO - DAG(s) dict_keys(['producer']) retrieved from /opt/airflow/dags/producer.py
[2024-09-28T23:43:29.521+0000] {logging_mixin.py:120} INFO - [2024-09-28T23:43:29.520+0000] {dag.py:2585} INFO - Sync 1 DAGs
[2024-09-28T23:43:29.557+0000] {logging_mixin.py:120} INFO - [2024-09-28T23:43:29.556+0000] {dag.py:3340} INFO - Setting next_dagrun for producer to 2024-09-28T00:00:00+00:00, run_after=2024-09-29T00:00:00+00:00
[2024-09-28T23:43:29.588+0000] {processor.py:176} INFO - Processing /opt/airflow/dags/producer.py took 0.167 seconds
[2024-09-28T23:43:59.666+0000] {processor.py:154} INFO - Started process (PID=44309) to work on /opt/airflow/dags/producer.py
[2024-09-28T23:43:59.669+0000] {processor.py:756} INFO - Processing file /opt/airflow/dags/producer.py for tasks to queue
[2024-09-28T23:43:59.671+0000] {logging_mixin.py:120} INFO - [2024-09-28T23:43:59.670+0000] {dagbag.py:537} INFO - Filling up the DagBag from /opt/airflow/dags/producer.py
[2024-09-28T23:43:59.707+0000] {processor.py:766} INFO - DAG(s) dict_keys(['producer']) retrieved from /opt/airflow/dags/producer.py
[2024-09-28T23:43:59.764+0000] {logging_mixin.py:120} INFO - [2024-09-28T23:43:59.764+0000] {dag.py:2585} INFO - Sync 1 DAGs
[2024-09-28T23:43:59.805+0000] {logging_mixin.py:120} INFO - [2024-09-28T23:43:59.805+0000] {dag.py:3340} INFO - Setting next_dagrun for producer to 2024-09-28T00:00:00+00:00, run_after=2024-09-29T00:00:00+00:00
[2024-09-28T23:43:59.841+0000] {processor.py:176} INFO - Processing /opt/airflow/dags/producer.py took 0.179 seconds
[2024-09-28T23:44:30.220+0000] {processor.py:154} INFO - Started process (PID=44381) to work on /opt/airflow/dags/producer.py
[2024-09-28T23:44:30.223+0000] {processor.py:756} INFO - Processing file /opt/airflow/dags/producer.py for tasks to queue
[2024-09-28T23:44:30.224+0000] {logging_mixin.py:120} INFO - [2024-09-28T23:44:30.224+0000] {dagbag.py:537} INFO - Filling up the DagBag from /opt/airflow/dags/producer.py
[2024-09-28T23:44:30.255+0000] {processor.py:766} INFO - DAG(s) dict_keys(['producer']) retrieved from /opt/airflow/dags/producer.py
[2024-09-28T23:44:30.316+0000] {logging_mixin.py:120} INFO - [2024-09-28T23:44:30.315+0000] {dag.py:2585} INFO - Sync 1 DAGs
[2024-09-28T23:44:30.351+0000] {logging_mixin.py:120} INFO - [2024-09-28T23:44:30.351+0000] {dag.py:3340} INFO - Setting next_dagrun for producer to 2024-09-28T00:00:00+00:00, run_after=2024-09-29T00:00:00+00:00
[2024-09-28T23:44:30.386+0000] {processor.py:176} INFO - Processing /opt/airflow/dags/producer.py took 0.170 seconds
[2024-09-28T23:45:00.938+0000] {processor.py:154} INFO - Started process (PID=44453) to work on /opt/airflow/dags/producer.py
[2024-09-28T23:45:00.941+0000] {processor.py:756} INFO - Processing file /opt/airflow/dags/producer.py for tasks to queue
[2024-09-28T23:45:00.942+0000] {logging_mixin.py:120} INFO - [2024-09-28T23:45:00.942+0000] {dagbag.py:537} INFO - Filling up the DagBag from /opt/airflow/dags/producer.py
[2024-09-28T23:45:00.975+0000] {processor.py:766} INFO - DAG(s) dict_keys(['producer']) retrieved from /opt/airflow/dags/producer.py
[2024-09-28T23:45:01.033+0000] {logging_mixin.py:120} INFO - [2024-09-28T23:45:01.033+0000] {dag.py:2585} INFO - Sync 1 DAGs
[2024-09-28T23:45:01.075+0000] {logging_mixin.py:120} INFO - [2024-09-28T23:45:01.075+0000] {dag.py:3340} INFO - Setting next_dagrun for producer to 2024-09-28T00:00:00+00:00, run_after=2024-09-29T00:00:00+00:00
[2024-09-28T23:45:01.107+0000] {processor.py:176} INFO - Processing /opt/airflow/dags/producer.py took 0.172 seconds
[2024-09-28T23:45:31.729+0000] {processor.py:154} INFO - Started process (PID=44516) to work on /opt/airflow/dags/producer.py
[2024-09-28T23:45:31.733+0000] {processor.py:756} INFO - Processing file /opt/airflow/dags/producer.py for tasks to queue
[2024-09-28T23:45:31.734+0000] {logging_mixin.py:120} INFO - [2024-09-28T23:45:31.734+0000] {dagbag.py:537} INFO - Filling up the DagBag from /opt/airflow/dags/producer.py
[2024-09-28T23:45:31.777+0000] {processor.py:766} INFO - DAG(s) dict_keys(['producer']) retrieved from /opt/airflow/dags/producer.py
[2024-09-28T23:45:31.834+0000] {logging_mixin.py:120} INFO - [2024-09-28T23:45:31.834+0000] {dag.py:2585} INFO - Sync 1 DAGs
[2024-09-28T23:45:31.874+0000] {logging_mixin.py:120} INFO - [2024-09-28T23:45:31.874+0000] {dag.py:3340} INFO - Setting next_dagrun for producer to 2024-09-28T00:00:00+00:00, run_after=2024-09-29T00:00:00+00:00
[2024-09-28T23:45:31.906+0000] {processor.py:176} INFO - Processing /opt/airflow/dags/producer.py took 0.182 seconds
[2024-09-28T23:46:02.239+0000] {processor.py:154} INFO - Started process (PID=44588) to work on /opt/airflow/dags/producer.py
[2024-09-28T23:46:02.242+0000] {processor.py:756} INFO - Processing file /opt/airflow/dags/producer.py for tasks to queue
[2024-09-28T23:46:02.243+0000] {logging_mixin.py:120} INFO - [2024-09-28T23:46:02.243+0000] {dagbag.py:537} INFO - Filling up the DagBag from /opt/airflow/dags/producer.py
[2024-09-28T23:46:02.279+0000] {processor.py:766} INFO - DAG(s) dict_keys(['producer']) retrieved from /opt/airflow/dags/producer.py
[2024-09-28T23:46:02.334+0000] {logging_mixin.py:120} INFO - [2024-09-28T23:46:02.334+0000] {dag.py:2585} INFO - Sync 1 DAGs
[2024-09-28T23:46:02.368+0000] {logging_mixin.py:120} INFO - [2024-09-28T23:46:02.368+0000] {dag.py:3340} INFO - Setting next_dagrun for producer to 2024-09-28T00:00:00+00:00, run_after=2024-09-29T00:00:00+00:00
[2024-09-28T23:46:02.395+0000] {processor.py:176} INFO - Processing /opt/airflow/dags/producer.py took 0.160 seconds
[2024-09-28T23:46:32.745+0000] {processor.py:154} INFO - Started process (PID=44660) to work on /opt/airflow/dags/producer.py
[2024-09-28T23:46:32.748+0000] {processor.py:756} INFO - Processing file /opt/airflow/dags/producer.py for tasks to queue
[2024-09-28T23:46:32.750+0000] {logging_mixin.py:120} INFO - [2024-09-28T23:46:32.750+0000] {dagbag.py:537} INFO - Filling up the DagBag from /opt/airflow/dags/producer.py
[2024-09-28T23:46:32.782+0000] {processor.py:766} INFO - DAG(s) dict_keys(['producer']) retrieved from /opt/airflow/dags/producer.py
[2024-09-28T23:46:32.834+0000] {logging_mixin.py:120} INFO - [2024-09-28T23:46:32.834+0000] {dag.py:2585} INFO - Sync 1 DAGs
[2024-09-28T23:46:32.868+0000] {logging_mixin.py:120} INFO - [2024-09-28T23:46:32.868+0000] {dag.py:3340} INFO - Setting next_dagrun for producer to 2024-09-28T00:00:00+00:00, run_after=2024-09-29T00:00:00+00:00
[2024-09-28T23:46:32.896+0000] {processor.py:176} INFO - Processing /opt/airflow/dags/producer.py took 0.155 seconds
[2024-09-28T23:47:03.089+0000] {processor.py:154} INFO - Started process (PID=44723) to work on /opt/airflow/dags/producer.py
[2024-09-28T23:47:03.091+0000] {processor.py:756} INFO - Processing file /opt/airflow/dags/producer.py for tasks to queue
[2024-09-28T23:47:03.093+0000] {logging_mixin.py:120} INFO - [2024-09-28T23:47:03.093+0000] {dagbag.py:537} INFO - Filling up the DagBag from /opt/airflow/dags/producer.py
[2024-09-28T23:47:03.121+0000] {processor.py:766} INFO - DAG(s) dict_keys(['producer']) retrieved from /opt/airflow/dags/producer.py
[2024-09-28T23:47:03.171+0000] {logging_mixin.py:120} INFO - [2024-09-28T23:47:03.171+0000] {dag.py:2585} INFO - Sync 1 DAGs
[2024-09-28T23:47:03.205+0000] {logging_mixin.py:120} INFO - [2024-09-28T23:47:03.205+0000] {dag.py:3340} INFO - Setting next_dagrun for producer to 2024-09-28T00:00:00+00:00, run_after=2024-09-29T00:00:00+00:00
[2024-09-28T23:47:03.233+0000] {processor.py:176} INFO - Processing /opt/airflow/dags/producer.py took 0.148 seconds
[2024-09-28T23:47:33.946+0000] {processor.py:154} INFO - Started process (PID=44795) to work on /opt/airflow/dags/producer.py
[2024-09-28T23:47:33.954+0000] {processor.py:756} INFO - Processing file /opt/airflow/dags/producer.py for tasks to queue
[2024-09-28T23:47:33.958+0000] {logging_mixin.py:120} INFO - [2024-09-28T23:47:33.958+0000] {dagbag.py:537} INFO - Filling up the DagBag from /opt/airflow/dags/producer.py
[2024-09-28T23:47:34.039+0000] {processor.py:766} INFO - DAG(s) dict_keys(['producer']) retrieved from /opt/airflow/dags/producer.py
[2024-09-28T23:47:34.109+0000] {logging_mixin.py:120} INFO - [2024-09-28T23:47:34.109+0000] {dag.py:2585} INFO - Sync 1 DAGs
[2024-09-28T23:47:34.166+0000] {logging_mixin.py:120} INFO - [2024-09-28T23:47:34.165+0000] {dag.py:3340} INFO - Setting next_dagrun for producer to 2024-09-28T00:00:00+00:00, run_after=2024-09-29T00:00:00+00:00
[2024-09-28T23:47:34.206+0000] {processor.py:176} INFO - Processing /opt/airflow/dags/producer.py took 0.266 seconds
[2024-09-28T23:48:04.242+0000] {processor.py:154} INFO - Started process (PID=44858) to work on /opt/airflow/dags/producer.py
[2024-09-28T23:48:04.245+0000] {processor.py:756} INFO - Processing file /opt/airflow/dags/producer.py for tasks to queue
[2024-09-28T23:48:04.246+0000] {logging_mixin.py:120} INFO - [2024-09-28T23:48:04.246+0000] {dagbag.py:537} INFO - Filling up the DagBag from /opt/airflow/dags/producer.py
[2024-09-28T23:48:04.284+0000] {processor.py:766} INFO - DAG(s) dict_keys(['producer']) retrieved from /opt/airflow/dags/producer.py
[2024-09-28T23:48:04.347+0000] {logging_mixin.py:120} INFO - [2024-09-28T23:48:04.347+0000] {dag.py:2585} INFO - Sync 1 DAGs
[2024-09-28T23:48:04.388+0000] {logging_mixin.py:120} INFO - [2024-09-28T23:48:04.387+0000] {dag.py:3340} INFO - Setting next_dagrun for producer to 2024-09-28T00:00:00+00:00, run_after=2024-09-29T00:00:00+00:00
[2024-09-28T23:48:04.421+0000] {processor.py:176} INFO - Processing /opt/airflow/dags/producer.py took 0.184 seconds
[2024-09-28T23:48:34.610+0000] {processor.py:154} INFO - Started process (PID=44930) to work on /opt/airflow/dags/producer.py
[2024-09-28T23:48:34.613+0000] {processor.py:756} INFO - Processing file /opt/airflow/dags/producer.py for tasks to queue
[2024-09-28T23:48:34.615+0000] {logging_mixin.py:120} INFO - [2024-09-28T23:48:34.615+0000] {dagbag.py:537} INFO - Filling up the DagBag from /opt/airflow/dags/producer.py
[2024-09-28T23:48:34.648+0000] {processor.py:766} INFO - DAG(s) dict_keys(['producer']) retrieved from /opt/airflow/dags/producer.py
[2024-09-28T23:48:34.707+0000] {logging_mixin.py:120} INFO - [2024-09-28T23:48:34.707+0000] {dag.py:2585} INFO - Sync 1 DAGs
[2024-09-28T23:48:34.745+0000] {logging_mixin.py:120} INFO - [2024-09-28T23:48:34.745+0000] {dag.py:3340} INFO - Setting next_dagrun for producer to 2024-09-28T00:00:00+00:00, run_after=2024-09-29T00:00:00+00:00
[2024-09-28T23:48:34.780+0000] {processor.py:176} INFO - Processing /opt/airflow/dags/producer.py took 0.174 seconds
[2024-09-28T23:49:04.932+0000] {processor.py:154} INFO - Started process (PID=45002) to work on /opt/airflow/dags/producer.py
[2024-09-28T23:49:04.936+0000] {processor.py:756} INFO - Processing file /opt/airflow/dags/producer.py for tasks to queue
[2024-09-28T23:49:04.939+0000] {logging_mixin.py:120} INFO - [2024-09-28T23:49:04.939+0000] {dagbag.py:537} INFO - Filling up the DagBag from /opt/airflow/dags/producer.py
[2024-09-28T23:49:04.983+0000] {processor.py:766} INFO - DAG(s) dict_keys(['producer']) retrieved from /opt/airflow/dags/producer.py
[2024-09-28T23:49:05.047+0000] {logging_mixin.py:120} INFO - [2024-09-28T23:49:05.047+0000] {dag.py:2585} INFO - Sync 1 DAGs
[2024-09-28T23:49:05.089+0000] {logging_mixin.py:120} INFO - [2024-09-28T23:49:05.089+0000] {dag.py:3340} INFO - Setting next_dagrun for producer to 2024-09-28T00:00:00+00:00, run_after=2024-09-29T00:00:00+00:00
[2024-09-28T23:49:05.137+0000] {processor.py:176} INFO - Processing /opt/airflow/dags/producer.py took 0.209 seconds
[2024-09-28T23:49:35.288+0000] {processor.py:154} INFO - Started process (PID=45064) to work on /opt/airflow/dags/producer.py
[2024-09-28T23:49:35.291+0000] {processor.py:756} INFO - Processing file /opt/airflow/dags/producer.py for tasks to queue
[2024-09-28T23:49:35.291+0000] {logging_mixin.py:120} INFO - [2024-09-28T23:49:35.291+0000] {dagbag.py:537} INFO - Filling up the DagBag from /opt/airflow/dags/producer.py
[2024-09-28T23:49:35.315+0000] {processor.py:766} INFO - DAG(s) dict_keys(['producer']) retrieved from /opt/airflow/dags/producer.py
[2024-09-28T23:49:35.356+0000] {logging_mixin.py:120} INFO - [2024-09-28T23:49:35.356+0000] {dag.py:2585} INFO - Sync 1 DAGs
[2024-09-28T23:49:35.385+0000] {logging_mixin.py:120} INFO - [2024-09-28T23:49:35.385+0000] {dag.py:3340} INFO - Setting next_dagrun for producer to 2024-09-28T00:00:00+00:00, run_after=2024-09-29T00:00:00+00:00
[2024-09-28T23:49:35.407+0000] {processor.py:176} INFO - Processing /opt/airflow/dags/producer.py took 0.122 seconds
[2024-09-28T23:50:05.557+0000] {processor.py:154} INFO - Started process (PID=45136) to work on /opt/airflow/dags/producer.py
[2024-09-28T23:50:05.559+0000] {processor.py:756} INFO - Processing file /opt/airflow/dags/producer.py for tasks to queue
[2024-09-28T23:50:05.561+0000] {logging_mixin.py:120} INFO - [2024-09-28T23:50:05.560+0000] {dagbag.py:537} INFO - Filling up the DagBag from /opt/airflow/dags/producer.py
[2024-09-28T23:50:05.590+0000] {processor.py:766} INFO - DAG(s) dict_keys(['producer']) retrieved from /opt/airflow/dags/producer.py
[2024-09-28T23:50:05.644+0000] {logging_mixin.py:120} INFO - [2024-09-28T23:50:05.643+0000] {dag.py:2585} INFO - Sync 1 DAGs
[2024-09-28T23:50:05.680+0000] {logging_mixin.py:120} INFO - [2024-09-28T23:50:05.680+0000] {dag.py:3340} INFO - Setting next_dagrun for producer to 2024-09-28T00:00:00+00:00, run_after=2024-09-29T00:00:00+00:00
[2024-09-28T23:50:05.713+0000] {processor.py:176} INFO - Processing /opt/airflow/dags/producer.py took 0.160 seconds
[2024-09-28T23:50:36.438+0000] {processor.py:154} INFO - Started process (PID=45206) to work on /opt/airflow/dags/producer.py
[2024-09-28T23:50:36.440+0000] {processor.py:756} INFO - Processing file /opt/airflow/dags/producer.py for tasks to queue
[2024-09-28T23:50:36.441+0000] {logging_mixin.py:120} INFO - [2024-09-28T23:50:36.441+0000] {dagbag.py:537} INFO - Filling up the DagBag from /opt/airflow/dags/producer.py
[2024-09-28T23:50:36.479+0000] {processor.py:766} INFO - DAG(s) dict_keys(['producer']) retrieved from /opt/airflow/dags/producer.py
[2024-09-28T23:50:36.534+0000] {logging_mixin.py:120} INFO - [2024-09-28T23:50:36.534+0000] {dag.py:2585} INFO - Sync 1 DAGs
[2024-09-28T23:50:36.570+0000] {logging_mixin.py:120} INFO - [2024-09-28T23:50:36.569+0000] {dag.py:3340} INFO - Setting next_dagrun for producer to 2024-09-28T00:00:00+00:00, run_after=2024-09-29T00:00:00+00:00
[2024-09-28T23:50:36.601+0000] {processor.py:176} INFO - Processing /opt/airflow/dags/producer.py took 0.167 seconds
[2024-09-28T23:51:06.994+0000] {processor.py:154} INFO - Started process (PID=45268) to work on /opt/airflow/dags/producer.py
[2024-09-28T23:51:06.998+0000] {processor.py:756} INFO - Processing file /opt/airflow/dags/producer.py for tasks to queue
[2024-09-28T23:51:07.000+0000] {logging_mixin.py:120} INFO - [2024-09-28T23:51:06.999+0000] {dagbag.py:537} INFO - Filling up the DagBag from /opt/airflow/dags/producer.py
[2024-09-28T23:51:07.036+0000] {processor.py:766} INFO - DAG(s) dict_keys(['producer']) retrieved from /opt/airflow/dags/producer.py
[2024-09-28T23:51:07.087+0000] {logging_mixin.py:120} INFO - [2024-09-28T23:51:07.087+0000] {dag.py:2585} INFO - Sync 1 DAGs
[2024-09-28T23:51:07.122+0000] {logging_mixin.py:120} INFO - [2024-09-28T23:51:07.122+0000] {dag.py:3340} INFO - Setting next_dagrun for producer to 2024-09-28T00:00:00+00:00, run_after=2024-09-29T00:00:00+00:00
[2024-09-28T23:51:07.154+0000] {processor.py:176} INFO - Processing /opt/airflow/dags/producer.py took 0.165 seconds
[2024-09-28T23:51:37.580+0000] {processor.py:154} INFO - Started process (PID=45339) to work on /opt/airflow/dags/producer.py
[2024-09-28T23:51:37.583+0000] {processor.py:756} INFO - Processing file /opt/airflow/dags/producer.py for tasks to queue
[2024-09-28T23:51:37.585+0000] {logging_mixin.py:120} INFO - [2024-09-28T23:51:37.585+0000] {dagbag.py:537} INFO - Filling up the DagBag from /opt/airflow/dags/producer.py
[2024-09-28T23:51:37.629+0000] {processor.py:766} INFO - DAG(s) dict_keys(['producer']) retrieved from /opt/airflow/dags/producer.py
[2024-09-28T23:51:37.692+0000] {logging_mixin.py:120} INFO - [2024-09-28T23:51:37.692+0000] {dag.py:2585} INFO - Sync 1 DAGs
[2024-09-28T23:51:37.730+0000] {logging_mixin.py:120} INFO - [2024-09-28T23:51:37.730+0000] {dag.py:3340} INFO - Setting next_dagrun for producer to 2024-09-28T00:00:00+00:00, run_after=2024-09-29T00:00:00+00:00
[2024-09-28T23:51:37.757+0000] {processor.py:176} INFO - Processing /opt/airflow/dags/producer.py took 0.183 seconds
[2024-09-28T23:52:08.037+0000] {processor.py:154} INFO - Started process (PID=45411) to work on /opt/airflow/dags/producer.py
[2024-09-28T23:52:08.039+0000] {processor.py:756} INFO - Processing file /opt/airflow/dags/producer.py for tasks to queue
[2024-09-28T23:52:08.040+0000] {logging_mixin.py:120} INFO - [2024-09-28T23:52:08.040+0000] {dagbag.py:537} INFO - Filling up the DagBag from /opt/airflow/dags/producer.py
[2024-09-28T23:52:08.077+0000] {processor.py:766} INFO - DAG(s) dict_keys(['producer']) retrieved from /opt/airflow/dags/producer.py
[2024-09-28T23:52:08.130+0000] {logging_mixin.py:120} INFO - [2024-09-28T23:52:08.130+0000] {dag.py:2585} INFO - Sync 1 DAGs
[2024-09-28T23:52:08.168+0000] {logging_mixin.py:120} INFO - [2024-09-28T23:52:08.168+0000] {dag.py:3340} INFO - Setting next_dagrun for producer to 2024-09-28T00:00:00+00:00, run_after=2024-09-29T00:00:00+00:00
[2024-09-28T23:52:08.197+0000] {processor.py:176} INFO - Processing /opt/airflow/dags/producer.py took 0.165 seconds
[2024-09-28T23:52:38.480+0000] {processor.py:154} INFO - Started process (PID=45474) to work on /opt/airflow/dags/producer.py
[2024-09-28T23:52:38.483+0000] {processor.py:756} INFO - Processing file /opt/airflow/dags/producer.py for tasks to queue
[2024-09-28T23:52:38.484+0000] {logging_mixin.py:120} INFO - [2024-09-28T23:52:38.484+0000] {dagbag.py:537} INFO - Filling up the DagBag from /opt/airflow/dags/producer.py
[2024-09-28T23:52:38.521+0000] {processor.py:766} INFO - DAG(s) dict_keys(['producer']) retrieved from /opt/airflow/dags/producer.py
[2024-09-28T23:52:38.581+0000] {logging_mixin.py:120} INFO - [2024-09-28T23:52:38.580+0000] {dag.py:2585} INFO - Sync 1 DAGs
[2024-09-28T23:52:38.620+0000] {logging_mixin.py:120} INFO - [2024-09-28T23:52:38.620+0000] {dag.py:3340} INFO - Setting next_dagrun for producer to 2024-09-28T00:00:00+00:00, run_after=2024-09-29T00:00:00+00:00
[2024-09-28T23:52:38.651+0000] {processor.py:176} INFO - Processing /opt/airflow/dags/producer.py took 0.175 seconds
[2024-09-28T23:53:09.088+0000] {processor.py:154} INFO - Started process (PID=45545) to work on /opt/airflow/dags/producer.py
[2024-09-28T23:53:09.091+0000] {processor.py:756} INFO - Processing file /opt/airflow/dags/producer.py for tasks to queue
[2024-09-28T23:53:09.092+0000] {logging_mixin.py:120} INFO - [2024-09-28T23:53:09.092+0000] {dagbag.py:537} INFO - Filling up the DagBag from /opt/airflow/dags/producer.py
[2024-09-28T23:53:09.129+0000] {processor.py:766} INFO - DAG(s) dict_keys(['producer']) retrieved from /opt/airflow/dags/producer.py
[2024-09-28T23:53:09.185+0000] {logging_mixin.py:120} INFO - [2024-09-28T23:53:09.185+0000] {dag.py:2585} INFO - Sync 1 DAGs
[2024-09-28T23:53:09.222+0000] {logging_mixin.py:120} INFO - [2024-09-28T23:53:09.221+0000] {dag.py:3340} INFO - Setting next_dagrun for producer to 2024-09-28T00:00:00+00:00, run_after=2024-09-29T00:00:00+00:00
[2024-09-28T23:53:09.251+0000] {processor.py:176} INFO - Processing /opt/airflow/dags/producer.py took 0.168 seconds
[2024-09-28T23:53:39.577+0000] {processor.py:154} INFO - Started process (PID=45608) to work on /opt/airflow/dags/producer.py
[2024-09-28T23:53:39.580+0000] {processor.py:756} INFO - Processing file /opt/airflow/dags/producer.py for tasks to queue
[2024-09-28T23:53:39.583+0000] {logging_mixin.py:120} INFO - [2024-09-28T23:53:39.582+0000] {dagbag.py:537} INFO - Filling up the DagBag from /opt/airflow/dags/producer.py
[2024-09-28T23:53:39.616+0000] {processor.py:766} INFO - DAG(s) dict_keys(['producer']) retrieved from /opt/airflow/dags/producer.py
[2024-09-28T23:53:39.670+0000] {logging_mixin.py:120} INFO - [2024-09-28T23:53:39.670+0000] {dag.py:2585} INFO - Sync 1 DAGs
[2024-09-28T23:53:39.705+0000] {logging_mixin.py:120} INFO - [2024-09-28T23:53:39.705+0000] {dag.py:3340} INFO - Setting next_dagrun for producer to 2024-09-28T00:00:00+00:00, run_after=2024-09-29T00:00:00+00:00
[2024-09-28T23:53:39.737+0000] {processor.py:176} INFO - Processing /opt/airflow/dags/producer.py took 0.164 seconds
[2024-09-28T23:54:10.207+0000] {processor.py:154} INFO - Started process (PID=45680) to work on /opt/airflow/dags/producer.py
[2024-09-28T23:54:10.211+0000] {processor.py:756} INFO - Processing file /opt/airflow/dags/producer.py for tasks to queue
[2024-09-28T23:54:10.213+0000] {logging_mixin.py:120} INFO - [2024-09-28T23:54:10.212+0000] {dagbag.py:537} INFO - Filling up the DagBag from /opt/airflow/dags/producer.py
[2024-09-28T23:54:10.252+0000] {processor.py:766} INFO - DAG(s) dict_keys(['producer']) retrieved from /opt/airflow/dags/producer.py
[2024-09-28T23:54:10.313+0000] {logging_mixin.py:120} INFO - [2024-09-28T23:54:10.313+0000] {dag.py:2585} INFO - Sync 1 DAGs
[2024-09-28T23:54:10.353+0000] {logging_mixin.py:120} INFO - [2024-09-28T23:54:10.353+0000] {dag.py:3340} INFO - Setting next_dagrun for producer to 2024-09-28T00:00:00+00:00, run_after=2024-09-29T00:00:00+00:00
[2024-09-28T23:54:10.386+0000] {processor.py:176} INFO - Processing /opt/airflow/dags/producer.py took 0.183 seconds
[2024-09-28T23:54:40.810+0000] {processor.py:154} INFO - Started process (PID=45751) to work on /opt/airflow/dags/producer.py
[2024-09-28T23:54:40.814+0000] {processor.py:756} INFO - Processing file /opt/airflow/dags/producer.py for tasks to queue
[2024-09-28T23:54:40.816+0000] {logging_mixin.py:120} INFO - [2024-09-28T23:54:40.816+0000] {dagbag.py:537} INFO - Filling up the DagBag from /opt/airflow/dags/producer.py
[2024-09-28T23:54:40.869+0000] {processor.py:766} INFO - DAG(s) dict_keys(['producer']) retrieved from /opt/airflow/dags/producer.py
[2024-09-28T23:54:40.942+0000] {logging_mixin.py:120} INFO - [2024-09-28T23:54:40.941+0000] {dag.py:2585} INFO - Sync 1 DAGs
[2024-09-28T23:54:40.999+0000] {logging_mixin.py:120} INFO - [2024-09-28T23:54:40.998+0000] {dag.py:3340} INFO - Setting next_dagrun for producer to 2024-09-28T00:00:00+00:00, run_after=2024-09-29T00:00:00+00:00
[2024-09-28T23:54:41.044+0000] {processor.py:176} INFO - Processing /opt/airflow/dags/producer.py took 0.240 seconds
[2024-09-28T23:55:11.187+0000] {processor.py:154} INFO - Started process (PID=45814) to work on /opt/airflow/dags/producer.py
[2024-09-28T23:55:11.190+0000] {processor.py:756} INFO - Processing file /opt/airflow/dags/producer.py for tasks to queue
[2024-09-28T23:55:11.191+0000] {logging_mixin.py:120} INFO - [2024-09-28T23:55:11.191+0000] {dagbag.py:537} INFO - Filling up the DagBag from /opt/airflow/dags/producer.py
[2024-09-28T23:55:11.231+0000] {processor.py:766} INFO - DAG(s) dict_keys(['producer']) retrieved from /opt/airflow/dags/producer.py
[2024-09-28T23:55:11.295+0000] {logging_mixin.py:120} INFO - [2024-09-28T23:55:11.295+0000] {dag.py:2585} INFO - Sync 1 DAGs
[2024-09-28T23:55:11.341+0000] {logging_mixin.py:120} INFO - [2024-09-28T23:55:11.341+0000] {dag.py:3340} INFO - Setting next_dagrun for producer to 2024-09-28T00:00:00+00:00, run_after=2024-09-29T00:00:00+00:00
[2024-09-28T23:55:11.383+0000] {processor.py:176} INFO - Processing /opt/airflow/dags/producer.py took 0.201 seconds
[2024-09-28T23:55:41.553+0000] {processor.py:154} INFO - Started process (PID=45885) to work on /opt/airflow/dags/producer.py
[2024-09-28T23:55:41.556+0000] {processor.py:756} INFO - Processing file /opt/airflow/dags/producer.py for tasks to queue
[2024-09-28T23:55:41.557+0000] {logging_mixin.py:120} INFO - [2024-09-28T23:55:41.557+0000] {dagbag.py:537} INFO - Filling up the DagBag from /opt/airflow/dags/producer.py
[2024-09-28T23:55:41.586+0000] {processor.py:766} INFO - DAG(s) dict_keys(['producer']) retrieved from /opt/airflow/dags/producer.py
[2024-09-28T23:55:41.637+0000] {logging_mixin.py:120} INFO - [2024-09-28T23:55:41.637+0000] {dag.py:2585} INFO - Sync 1 DAGs
[2024-09-28T23:55:41.672+0000] {logging_mixin.py:120} INFO - [2024-09-28T23:55:41.672+0000] {dag.py:3340} INFO - Setting next_dagrun for producer to 2024-09-28T00:00:00+00:00, run_after=2024-09-29T00:00:00+00:00
[2024-09-28T23:55:41.700+0000] {processor.py:176} INFO - Processing /opt/airflow/dags/producer.py took 0.151 seconds
[2024-09-28T23:56:11.769+0000] {processor.py:154} INFO - Started process (PID=45948) to work on /opt/airflow/dags/producer.py
[2024-09-28T23:56:11.772+0000] {processor.py:756} INFO - Processing file /opt/airflow/dags/producer.py for tasks to queue
[2024-09-28T23:56:11.773+0000] {logging_mixin.py:120} INFO - [2024-09-28T23:56:11.773+0000] {dagbag.py:537} INFO - Filling up the DagBag from /opt/airflow/dags/producer.py
[2024-09-28T23:56:11.806+0000] {processor.py:766} INFO - DAG(s) dict_keys(['producer']) retrieved from /opt/airflow/dags/producer.py
[2024-09-28T23:56:11.853+0000] {logging_mixin.py:120} INFO - [2024-09-28T23:56:11.853+0000] {dag.py:2585} INFO - Sync 1 DAGs
[2024-09-28T23:56:11.884+0000] {logging_mixin.py:120} INFO - [2024-09-28T23:56:11.883+0000] {dag.py:3340} INFO - Setting next_dagrun for producer to 2024-09-28T00:00:00+00:00, run_after=2024-09-29T00:00:00+00:00
[2024-09-28T23:56:11.907+0000] {processor.py:176} INFO - Processing /opt/airflow/dags/producer.py took 0.142 seconds
[2024-09-28T23:56:42.559+0000] {processor.py:154} INFO - Started process (PID=46020) to work on /opt/airflow/dags/producer.py
[2024-09-28T23:56:42.562+0000] {processor.py:756} INFO - Processing file /opt/airflow/dags/producer.py for tasks to queue
[2024-09-28T23:56:42.562+0000] {logging_mixin.py:120} INFO - [2024-09-28T23:56:42.562+0000] {dagbag.py:537} INFO - Filling up the DagBag from /opt/airflow/dags/producer.py
[2024-09-28T23:56:42.595+0000] {processor.py:766} INFO - DAG(s) dict_keys(['producer']) retrieved from /opt/airflow/dags/producer.py
[2024-09-28T23:56:42.640+0000] {logging_mixin.py:120} INFO - [2024-09-28T23:56:42.640+0000] {dag.py:2585} INFO - Sync 1 DAGs
[2024-09-28T23:56:42.676+0000] {logging_mixin.py:120} INFO - [2024-09-28T23:56:42.676+0000] {dag.py:3340} INFO - Setting next_dagrun for producer to 2024-09-28T00:00:00+00:00, run_after=2024-09-29T00:00:00+00:00
[2024-09-28T23:56:42.710+0000] {processor.py:176} INFO - Processing /opt/airflow/dags/producer.py took 0.154 seconds
[2024-09-28T23:57:13.371+0000] {processor.py:154} INFO - Started process (PID=46092) to work on /opt/airflow/dags/producer.py
[2024-09-28T23:57:13.374+0000] {processor.py:756} INFO - Processing file /opt/airflow/dags/producer.py for tasks to queue
[2024-09-28T23:57:13.375+0000] {logging_mixin.py:120} INFO - [2024-09-28T23:57:13.374+0000] {dagbag.py:537} INFO - Filling up the DagBag from /opt/airflow/dags/producer.py
[2024-09-28T23:57:13.417+0000] {processor.py:766} INFO - DAG(s) dict_keys(['producer']) retrieved from /opt/airflow/dags/producer.py
[2024-09-28T23:57:13.473+0000] {logging_mixin.py:120} INFO - [2024-09-28T23:57:13.473+0000] {dag.py:2585} INFO - Sync 1 DAGs
[2024-09-28T23:57:13.516+0000] {logging_mixin.py:120} INFO - [2024-09-28T23:57:13.515+0000] {dag.py:3340} INFO - Setting next_dagrun for producer to 2024-09-28T00:00:00+00:00, run_after=2024-09-29T00:00:00+00:00
[2024-09-28T23:57:13.551+0000] {processor.py:176} INFO - Processing /opt/airflow/dags/producer.py took 0.185 seconds
[2024-09-28T23:57:44.111+0000] {processor.py:154} INFO - Started process (PID=46155) to work on /opt/airflow/dags/producer.py
[2024-09-28T23:57:44.114+0000] {processor.py:756} INFO - Processing file /opt/airflow/dags/producer.py for tasks to queue
[2024-09-28T23:57:44.116+0000] {logging_mixin.py:120} INFO - [2024-09-28T23:57:44.116+0000] {dagbag.py:537} INFO - Filling up the DagBag from /opt/airflow/dags/producer.py
[2024-09-28T23:57:44.152+0000] {processor.py:766} INFO - DAG(s) dict_keys(['producer']) retrieved from /opt/airflow/dags/producer.py
[2024-09-28T23:57:44.220+0000] {logging_mixin.py:120} INFO - [2024-09-28T23:57:44.219+0000] {dag.py:2585} INFO - Sync 1 DAGs
[2024-09-28T23:57:44.259+0000] {logging_mixin.py:120} INFO - [2024-09-28T23:57:44.258+0000] {dag.py:3340} INFO - Setting next_dagrun for producer to 2024-09-28T00:00:00+00:00, run_after=2024-09-29T00:00:00+00:00
[2024-09-28T23:57:44.286+0000] {processor.py:176} INFO - Processing /opt/airflow/dags/producer.py took 0.181 seconds
[2024-09-28T23:58:14.458+0000] {processor.py:154} INFO - Started process (PID=46227) to work on /opt/airflow/dags/producer.py
[2024-09-28T23:58:14.461+0000] {processor.py:756} INFO - Processing file /opt/airflow/dags/producer.py for tasks to queue
[2024-09-28T23:58:14.462+0000] {logging_mixin.py:120} INFO - [2024-09-28T23:58:14.462+0000] {dagbag.py:537} INFO - Filling up the DagBag from /opt/airflow/dags/producer.py
[2024-09-28T23:58:14.492+0000] {processor.py:766} INFO - DAG(s) dict_keys(['producer']) retrieved from /opt/airflow/dags/producer.py
[2024-09-28T23:58:14.538+0000] {logging_mixin.py:120} INFO - [2024-09-28T23:58:14.538+0000] {dag.py:2585} INFO - Sync 1 DAGs
[2024-09-28T23:58:14.569+0000] {logging_mixin.py:120} INFO - [2024-09-28T23:58:14.569+0000] {dag.py:3340} INFO - Setting next_dagrun for producer to 2024-09-28T00:00:00+00:00, run_after=2024-09-29T00:00:00+00:00
[2024-09-28T23:58:14.595+0000] {processor.py:176} INFO - Processing /opt/airflow/dags/producer.py took 0.141 seconds
[2024-09-28T23:58:45.191+0000] {processor.py:154} INFO - Started process (PID=46299) to work on /opt/airflow/dags/producer.py
[2024-09-28T23:58:45.195+0000] {processor.py:756} INFO - Processing file /opt/airflow/dags/producer.py for tasks to queue
[2024-09-28T23:58:45.196+0000] {logging_mixin.py:120} INFO - [2024-09-28T23:58:45.195+0000] {dagbag.py:537} INFO - Filling up the DagBag from /opt/airflow/dags/producer.py
[2024-09-28T23:58:45.225+0000] {processor.py:766} INFO - DAG(s) dict_keys(['producer']) retrieved from /opt/airflow/dags/producer.py
[2024-09-28T23:58:45.274+0000] {logging_mixin.py:120} INFO - [2024-09-28T23:58:45.274+0000] {dag.py:2585} INFO - Sync 1 DAGs
[2024-09-28T23:58:45.308+0000] {logging_mixin.py:120} INFO - [2024-09-28T23:58:45.308+0000] {dag.py:3340} INFO - Setting next_dagrun for producer to 2024-09-28T00:00:00+00:00, run_after=2024-09-29T00:00:00+00:00
[2024-09-28T23:58:45.338+0000] {processor.py:176} INFO - Processing /opt/airflow/dags/producer.py took 0.151 seconds
[2024-09-28T23:59:15.729+0000] {processor.py:154} INFO - Started process (PID=46362) to work on /opt/airflow/dags/producer.py
[2024-09-28T23:59:15.732+0000] {processor.py:756} INFO - Processing file /opt/airflow/dags/producer.py for tasks to queue
[2024-09-28T23:59:15.733+0000] {logging_mixin.py:120} INFO - [2024-09-28T23:59:15.733+0000] {dagbag.py:537} INFO - Filling up the DagBag from /opt/airflow/dags/producer.py
[2024-09-28T23:59:15.767+0000] {processor.py:766} INFO - DAG(s) dict_keys(['producer']) retrieved from /opt/airflow/dags/producer.py
[2024-09-28T23:59:15.824+0000] {logging_mixin.py:120} INFO - [2024-09-28T23:59:15.823+0000] {dag.py:2585} INFO - Sync 1 DAGs
[2024-09-28T23:59:15.862+0000] {logging_mixin.py:120} INFO - [2024-09-28T23:59:15.862+0000] {dag.py:3340} INFO - Setting next_dagrun for producer to 2024-09-28T00:00:00+00:00, run_after=2024-09-29T00:00:00+00:00
[2024-09-28T23:59:15.897+0000] {processor.py:176} INFO - Processing /opt/airflow/dags/producer.py took 0.173 seconds
[2024-09-28T23:59:46.309+0000] {processor.py:154} INFO - Started process (PID=46433) to work on /opt/airflow/dags/producer.py
[2024-09-28T23:59:46.311+0000] {processor.py:756} INFO - Processing file /opt/airflow/dags/producer.py for tasks to queue
[2024-09-28T23:59:46.312+0000] {logging_mixin.py:120} INFO - [2024-09-28T23:59:46.312+0000] {dagbag.py:537} INFO - Filling up the DagBag from /opt/airflow/dags/producer.py
[2024-09-28T23:59:46.342+0000] {processor.py:766} INFO - DAG(s) dict_keys(['producer']) retrieved from /opt/airflow/dags/producer.py
[2024-09-28T23:59:46.393+0000] {logging_mixin.py:120} INFO - [2024-09-28T23:59:46.393+0000] {dag.py:2585} INFO - Sync 1 DAGs
[2024-09-28T23:59:46.429+0000] {logging_mixin.py:120} INFO - [2024-09-28T23:59:46.429+0000] {dag.py:3340} INFO - Setting next_dagrun for producer to 2024-09-28T00:00:00+00:00, run_after=2024-09-29T00:00:00+00:00
[2024-09-28T23:59:46.456+0000] {processor.py:176} INFO - Processing /opt/airflow/dags/producer.py took 0.151 seconds
